ts_code,trade_date,close,amount
801010.SI,20221010,3399.91,1822534.0
801010.SI,20221011,3412.57,1342946.0
801010.SI,20221012,3479.6,1696370.0
801010.SI,20221013,3530.54,2015920.0
801010.SI,20221014,3525.73,1796741.0
801010.SI,20221017,3547.54,1619070.0
801010.SI,20221018,3548.2,1518506.0
801010.SI,20221019,3432.34,1539939.0
801010.SI,20221020,3402.5,1211715.0
801010.SI,20221021,3401.43,1132238.0
801010.SI,20221024,3315.52,1668697.0
801010.SI,20221025,3274.25,1554871.0
801010.SI,20221026,3192.75,2080957.0
801010.SI,20221027,3200.28,1740660.0
801010.SI,20221028,3058.86,1760318.0
801010.SI,20221031,3083.89,1547822.0
801010.SI,20221101,3190.91,1749339.0
801010.SI,20221102,3206.62,1651563.0
801010.SI,20221103,3203.34,1574265.0
801010.SI,20221104,3245.14,1687140.0
801010.SI,20221107,3285.81,1658220.0
801010.SI,20221108,3257.29,1646317.0
801010.SI,20221109,3222.51,1417435.0
801010.SI,20221110,3249.3,1535396.0
801010.SI,20221111,3271.18,1948154.0
801010.SI,20221114,3270.58,1793736.0
801010.SI,20221115,3281.29,1756721.0
801010.SI,20221116,3265.37,1523082.0
801010.SI,20221117,3287.37,1698733.0
801010.SI,20221118,3237.28,1654293.0
801010.SI,20221121,3232.42,1288711.0
801010.SI,20221122,3194.86,1184959.0
801010.SI,20221123,3166.86,1197545.0
801010.SI,20221124,3170.9,981084.0
801010.SI,20221125,3190.84,1158550.0
801010.SI,20221128,3181.3,1319307.0
801010.SI,20221129,3215.88,1332915.0
801010.SI,20221130,3248.26,1823560.0
801010.SI,20221201,3289.32,1955424.0
801010.SI,20221202,3332.74,2072450.0
801010.SI,20221205,3355.04,2086101.0
801010.SI,20221206,3373.45,2342876.0
801010.SI,20221207,3401.64,2428306.0
801010.SI,20221208,3313.47,2089878.0
801010.SI,20221209,3305.43,1734639.0
801010.SI,20221212,3276.75,1587994.0
801010.SI,20221213,3358.47,2406353.0
801010.SI,20221214,3363.84,1860663.0
801010.SI,20221215,3333.32,1815858.0
801010.SI,20221216,3331.75,1496664.0
801010.SI,20221219,3248.9,1891613.0
801010.SI,20221220,3181.76,1508101.0
801010.SI,20221221,3222.37,1574730.0
801010.SI,20221222,3261.43,1884712.0
801010.SI,20221223,3227.4,1600211.0
801010.SI,20221226,3254.09,1847396.0
801010.SI,20221227,3328.59,2305033.0
801010.SI,20221228,3270.94,1934304.0
801010.SI,20221229,3245.19,1385040.0
801010.SI,20221230,3294.77,1483474.0
801010.SI,20230103,3265.29,1613527.0
801010.SI,20230104,3272.87,1509589.0
801010.SI,20230105,3274.73,1786319.0
801010.SI,20230106,3254.63,1537026.0
801010.SI,20230109,3307.71,1643592.0
801010.SI,20230110,3298.99,1429089.0
801010.SI,20230111,3291.24,1389292.0
801010.SI,20230112,3270.95,1131898.0
801010.SI,20230113,3346.18,1631772.0
801010.SI,20230116,3409.78,2004127.0
801010.SI,20230117,3384.32,1323228.0
801010.SI,20230118,3358.56,1114797.0
801010.SI,20230119,3347.32,1081836.0
801010.SI,20230120,3366.5,1300663.0
801010.SI,20230130,3374.13,1902860.0
801010.SI,20230131,3402.91,2140094.0
801010.SI,20230201,3454.92,2063238.0
801010.SI,20230202,3473.98,2056327.0
801010.SI,20230203,3449.79,1773260.0
801010.SI,20230206,3459.14,1533076.0
801010.SI,20230207,3439.11,1483913.0
801010.SI,20230208,3401.49,1263342.0
801010.SI,20230209,3418.1,1113996.0
801010.SI,20230210,3427.14,1652633.0
801010.SI,20230213,3423.0,2001833.0
801010.SI,20230214,3406.79,2200960.0
801010.SI,20230215,3370.51,1415425.0
801010.SI,20230216,3329.57,1920794.0
801010.SI,20230217,3333.94,1405910.0
801010.SI,20230220,3371.73,1502296.0
801010.SI,20230221,3402.82,1481471.0
801010.SI,20230222,3432.42,1760132.0
801010.SI,20230223,3429.61,1589066.0
801010.SI,20230224,3422.49,1351772.0
801010.SI,20230227,3404.76,1284375.0
801010.SI,20230228,3422.68,1183051.0
801010.SI,20230301,3427.02,1199888.0
801010.SI,20230302,3404.21,1071829.0
801010.SI,20230303,3404.76,1105830.0
801010.SI,20230306,3423.08,1756730.0
801010.SI,20230307,3347.02,1643633.0
801010.SI,20230308,3337.72,1099661.0
801010.SI,20230309,3308.89,1062338.0
801010.SI,20230310,3276.61,1151622.0
801010.SI,20230313,3306.68,1207979.0
801010.SI,20230314,3370.27,2147985.0
801010.SI,20230315,3379.72,1486972.0
801010.SI,20230316,3293.89,1589969.0
801010.SI,20230317,3288.72,1433716.0
801010.SI,20230320,3248.11,1391836.0
801010.SI,20230321,3266.11,1007265.0
801010.SI,20230322,3269.81,991631.0
801010.SI,20230323,3270.26,1058080.0
801010.SI,20230324,3277.16,1030397.0
801010.SI,20230327,3306.7,1433889.0
801010.SI,20230328,3328.49,1485665.0
801010.SI,20230329,3274.64,1217015.0
801010.SI,20230330,3299.58,1181209.0
801010.SI,20230331,3355.93,2167542.0
801010.SI,20230403,3397.63,2189814.0
801010.SI,20230404,3446.78,2341169.0
801010.SI,20230406,3428.73,1742753.0
801010.SI,20230407,3405.24,1333289.0
801010.SI,20230410,3375.48,1412263.0
801010.SI,20230411,3375.99,1437544.0
801010.SI,20230412,3336.67,1379240.0
801010.SI,20230413,3318.92,1284777.0
801010.SI,20230414,3297.5,1097406.0
801010.SI,20230417,3320.97,1335867.0
801010.SI,20230418,3314.11,1303116.0
801010.SI,20230419,3308.49,1351375.0
801010.SI,20230420,3286.96,1353647.0
801010.SI,20230421,3260.92,1506386.0
801010.SI,20230424,3204.88,1326498.0
801010.SI,20230425,3207.99,1305280.0
801010.SI,20230426,3212.67,1161761.0
801010.SI,20230427,3199.74,1133394.0
801010.SI,20230428,3214.63,1276990.0
801010.SI,20230504,3202.87,1317970.0
801010.SI,20230505,3168.81,1114790.0
801010.SI,20230508,3149.78,1037631.0
801010.SI,20230509,3151.26,1094031.0
801010.SI,20230510,3131.3,819152.0
801010.SI,20230511,3141.29,798063.0
801010.SI,20230512,3127.01,829121.0
801010.SI,20230515,3115.22,922758.0
801010.SI,20230516,3102.01,758684.0
801010.SI,20230517,3104.05,681464.0
801010.SI,20230518,3039.34,1097559.0
801010.SI,20230519,3045.13,954727.0
801010.SI,20230522,3068.92,1048294.0
801010.SI,20230523,3040.16,969747.0
801010.SI,20230524,3017.86,852706.0
801010.SI,20230525,2975.78,966284.0
801010.SI,20230526,2969.25,679051.0
801010.SI,20230529,2940.76,816607.0
801010.SI,20230530,2929.53,749608.0
801010.SI,20230531,2891.47,968562.0
801010.SI,20230601,2908.7,982070.0
801010.SI,20230602,2928.22,771277.0
801010.SI,20230605,2901.58,775821.0
801010.SI,20230606,2867.49,803574.0
801010.SI,20230607,2872.16,720035.0
801010.SI,20230608,2940.2,1384658.0
801010.SI,20230609,2938.9,1218214.0
801010.SI,20230612,2950.4,1194845.0
801010.SI,20230613,2943.8,1010437.0
801010.SI,20230614,2943.43,1248338.0
801010.SI,20230615,2949.94,1206860.0
801010.SI,20230616,2989.33,1142583.0
801010.SI,20230619,2976.44,1099831.0
801010.SI,20230620,2963.55,907960.0
801010.SI,20230621,2930.75,839159.0
801010.SI,20230626,2907.07,863848.0
801010.SI,20230627,2936.78,755185.0
801010.SI,20230628,2931.09,662589.0
801010.SI,20230629,2948.73,879036.0
801010.SI,20230630,2977.75,965519.0
801010.SI,20230703,2989.56,1000687.0
801010.SI,20230704,2991.55,815995.0
801010.SI,20230705,2946.6,762446.0
801010.SI,20230706,2962.93,971393.0
801010.SI,20230707,3005.3,1493015.0
801010.SI,20230710,3008.38,1341411.0
801010.SI,20230711,3007.38,974483.0
801010.SI,20230712,3009.15,1082238.0
801010.SI,20230713,3022.13,947267.0
801010.SI,20230714,3012.6,985544.0
801010.SI,20230717,3038.45,1068692.0
801010.SI,20230718,3046.39,1227131.0
801010.SI,20230719,3053.34,924142.0
801010.SI,20230720,3038.48,953343.0
801010.SI,20230721,3078.73,1310380.0
801010.SI,20230724,3034.44,1089796.0
801010.SI,20230725,3024.5,1119786.0
801010.SI,20230726,3039.37,919192.0
801010.SI,20230727,3044.97,969445.0
801010.SI,20230728,3066.41,932832.0
801010.SI,20230731,3144.54,2041973.0
801010.SI,20230801,3106.57,1495479.0
801010.SI,20230802,3060.31,1092411.0
801010.SI,20230803,3083.03,1054297.0
801010.SI,20230804,3065.81,1154092.0
801010.SI,20230807,3089.86,1592665.0
801010.SI,20230808,3077.12,1462108.0
801010.SI,20230809,3044.03,1080789.0
801010.SI,20230810,3064.64,1192283.0
801010.SI,20230811,2987.34,1242591.0
801010.SI,20230814,2965.05,1036543.0
801010.SI,20230815,2952.64,830759.0
801010.SI,20230816,2937.38,701475.0
801010.SI,20230817,2957.94,722448.0
801010.SI,20230818,2904.37,749117.0
801010.SI,20230821,2861.38,763335.0
801010.SI,20230822,2858.31,949808.0
801010.SI,20230823,2843.57,1024726.0
801010.SI,20230824,2897.88,1556146.0
801010.SI,20230825,2903.4,2017333.0
801010.SI,20230828,2907.55,2164966.0
801010.SI,20230829,2931.31,1762833.0
801010.SI,20230830,2902.58,1335332.0
801010.SI,20230831,2887.39,1278535.0
801010.SI,20230901,2908.44,1138253.0
801010.SI,20230904,2928.24,1360109.0
801010.SI,20230905,2906.41,1068576.0
801010.SI,20230906,2891.16,855812.0
801010.SI,20230907,2857.51,924659.0
801010.SI,20230908,2846.04,730038.0
801010.SI,20230911,2873.27,791327.0
801010.SI,20230912,2911.05,977065.0
801010.SI,20230913,2887.38,916627.0
801010.SI,20230914,2862.82,897800.0
801010.SI,20230915,2863.04,859492.0
801010.SI,20230918,2871.46,764073.0
801010.SI,20230919,2873.42,794542.0
801010.SI,20230920,2891.41,921560.0
801010.SI,20230921,2840.46,882860.0
801010.SI,20230922,2867.21,808651.0
801010.SI,20230925,2867.11,806500.0
801010.SI,20230926,2852.93,647650.0
801010.SI,20230927,2851.32,698256.0
801010.SI,20230928,2813.69,906074.0
801010.SI,20231009,2764.31,1037677.0
801010.SI,20231010,2781.5,797060.0
801010.SI,20231011,2763.57,730938.0
801010.SI,20231012,2781.15,672822.0
801010.SI,20231013,2752.18,692145.0
801010.SI,20231016,2748.62,713476.0
801010.SI,20231017,2745.17,623911.0
801010.SI,20231018,2743.3,1265724.0
801010.SI,20231019,2658.21,1539716.0
801010.SI,20231020,2635.22,1012435.0
801010.SI,20231023,2605.67,961729.0
801010.SI,20231024,2643.68,902866.0
801010.SI,20231025,2688.68,1105085.0
801010.SI,20231026,2706.24,1008865.0
801010.SI,20231027,2770.25,1139773.0
801010.SI,20231030,2829.2,1352708.0
801010.SI,20231031,2825.14,1050429.0
801010.SI,20231101,2835.1,1004449.0
801010.SI,20231102,2812.62,1005716.0
801010.SI,20231103,2824.11,925405.0
801010.SI,20231106,2813.44,1082162.0
801010.SI,20231107,2820.42,905555.0
801010.SI,20231108,2811.39,805159.0
801010.SI,20231109,2809.43,732991.0
801010.SI,20231110,2818.47,728403.0
801010.SI,20231113,2822.07,757863.0
801010.SI,20231114,2832.23,751977.0
801010.SI,20231115,2830.04,753541.0
801010.SI,20231116,2807.67,723131.0
801010.SI,20231117,2810.78,638251.0
801010.SI,20231120,2868.4,1126859.0
801010.SI,20231121,2859.3,992891.0
801010.SI,20231122,2869.31,972749.0
801010.SI,20231123,2877.86,777293.0
801010.SI,20231124,2902.86,1374980.0
801010.SI,20231127,2914.74,1518346.0
801010.SI,20231128,2900.67,1172057.0
801010.SI,20231129,2890.81,1138102.0
801010.SI,20231130,2901.79,1140062.0
801010.SI,20231201,2869.46,1212200.0
801010.SI,20231204,2893.98,1564919.0
801010.SI,20231205,2866.05,1389229.0
801010.SI,20231206,2934.46,1685561.0
801010.SI,20231207,2937.23,1399941.0
801010.SI,20231208,2874.5,1496258.0
801010.SI,20231211,2903.25,1168058.0
801010.SI,20231212,2896.01,862117.0
801010.SI,20231213,2854.31,941020.0
801010.SI,20231214,2837.08,1014200.0
801010.SI,20231215,2839.6,845817.0
801010.SI,20231218,2829.15,918528.0
801010.SI,20231219,2814.73,756242.0
801010.SI,20231220,2781.8,679783.0
801010.SI,20231221,2788.55,909683.0
801010.SI,20231222,2782.56,844444.0
801010.SI,20231225,2780.09,736891.0
801010.SI,20231226,2763.76,648138.0
801010.SI,20231227,2832.3,994265.0
801010.SI,20231228,2838.46,1009644.0
801010.SI,20231229,2862.23,994859.0
801010.SI,20240102,2876.23,989268.0
801010.SI,20240103,2851.25,848990.0
801010.SI,20240104,2830.11,663095.0
801010.SI,20240105,2795.17,747269.0
801010.SI,20240108,2723.63,852816.0
801010.SI,20240109,2726.5,731373.0
801010.SI,20240110,2700.9,994502.0
801010.SI,20240111,2743.82,993154.0
801010.SI,20240112,2765.26,878602.0
801010.SI,20240115,2729.47,777392.0
801010.SI,20240116,2742.07,765021.0
801010.SI,20240117,2680.59,816953.0
801010.SI,20240118,2669.06,1156797.0
801010.SI,20240119,2640.74,739138.0
801010.SI,20240122,2530.42,1006408.0
801010.SI,20240123,2532.91,794976.0
801010.SI,20240124,2555.49,875167.0
801010.SI,20240125,2605.48,993141.0
801010.SI,20240126,2618.38,1044798.0
801010.SI,20240129,2587.88,945648.0
801010.SI,20240130,2546.9,860614.0
801010.SI,20240131,2483.72,1046392.0
801010.SI,20240201,2478.6,928582.0
801010.SI,20240202,2451.46,1138545.0
801010.SI,20240205,2386.54,1297091.0
801010.SI,20240206,2443.59,1402034.0
801010.SI,20240207,2484.36,1454188.0
801010.SI,20240208,2540.04,1450528.0
801010.SI,20240219,2522.15,1255998.0
801010.SI,20240220,2557.49,864464.0
801010.SI,20240221,2570.64,1055977.0
801010.SI,20240222,2587.62,833866.0
801010.SI,20240223,2598.23,884543.0
801010.SI,20240226,2607.05,1018713.0
801010.SI,20240227,2653.15,1044096.0
801010.SI,20240228,2595.86,1583740.0
801010.SI,20240229,2622.16,1402613.0
801010.SI,20240301,2592.91,1159659.0
801010.SI,20240304,2582.31,984717.0
801010.SI,20240305,2598.31,1072962.0
801010.SI,20240306,2591.81,787571.0
801010.SI,20240307,2596.35,959174.0
801010.SI,20240308,2583.11,822371.0
801010.SI,20240311,2615.49,872308.0
801010.SI,20240312,2644.19,1007131.0
801010.SI,20240313,2597.1,1020354.0
801010.SI,20240314,2568.03,810716.0
801010.SI,20240315,2581.28,851548.0
801010.SI,20240318,2601.12,1240860.0
801010.SI,20240319,2658.54,1600894.0
801010.SI,20240320,2680.13,1446307.0
801010.SI,20240321,2754.6,1838404.0
801010.SI,20240322,2697.11,1746831.0
801010.SI,20240325,2655.39,1224997.0
801010.SI,20240326,2671.09,1212215.0
801010.SI,20240327,2638.55,1313805.0
801010.SI,20240328,2632.28,1143922.0
801010.SI,20240329,2691.47,1243183.0
801010.SI,20240401,2755.61,1477640.0
801010.SI,20240402,2733.27,1223989.0
801010.SI,20240403,2783.29,1478541.0
801010.SI,20240408,2761.08,1628809.0
801010.SI,20240409,2753.88,1303481.0
801010.SI,20240410,2698.19,1236107.0
801010.SI,20240411,2665.04,1204740.0
801010.SI,20240412,2615.02,1195594.0
801010.SI,20240415,2587.48,1257188.0
801010.SI,20240416,2530.0,1228349.0
801010.SI,20240417,2577.88,1058550.0
801010.SI,20240418,2594.66,1023044.0
801010.SI,20240419,2592.53,1008447.0
801010.SI,20240422,2656.81,1261086.0
801010.SI,20240423,2651.38,1001942.0
801010.SI,20240424,2640.53,820317.0
801010.SI,20240425,2641.18,719576.0
801010.SI,20240426,2649.24,1007010.0
801010.SI,20240429,2672.13,1247682.0
801010.SI,20240430,2671.15,1124253.0
801010.SI,20240506,2702.76,1234918.0
801010.SI,20240507,2720.17,1223620.0
801010.SI,20240508,2779.03,1692326.0
801010.SI,20240509,2805.63,1460519.0
801010.SI,20240510,2823.41,1496053.0
801010.SI,20240513,2841.11,1627810.0
801010.SI,20240514,2853.68,1512933.0
801010.SI,20240515,2811.93,1211250.0
801010.SI,20240516,2824.82,1255989.0
801010.SI,20240517,2859.8,1302375.0
801010.SI,20240520,2927.53,1755416.0
801010.SI,20240521,2925.83,1467580.0
801010.SI,20240522,2910.48,1270301.0
801010.SI,20240523,2861.35,1348417.0
801010.SI,20240524,2875.96,1489436.0
801010.SI,20240527,2881.99,1445577.0
801010.SI,20240528,2839.14,1273288.0
801010.SI,20240529,2839.2,1027824.0
801010.SI,20240530,2808.52,1133769.0
801010.SI,20240531,2786.77,1045480.0
801010.SI,20240603,2790.55,1390953.0
801010.SI,20240604,2798.42,1220937.0
801010.SI,20240605,2752.82,1028875.0
801010.SI,20240606,2699.28,1244870.0
801010.SI,20240607,2725.35,1051147.0
801010.SI,20240611,2704.83,1003897.0
801010.SI,20240612,2701.7,1015827.0
801010.SI,20240613,2623.83,1361880.0
801010.SI,20240614,2643.85,1206355.0
801010.SI,20240617,2619.41,828691.0
801010.SI,20240618,2608.27,876651.0
801010.SI,20240619,2571.73,709650.0
801010.SI,20240620,2550.18,772048.0
801010.SI,20240621,2555.77,807588.0
801010.SI,20240624,2494.64,912459.0
801010.SI,20240625,2488.15,688202.0
801010.SI,20240626,2503.12,742304.0
801010.SI,20240627,2485.24,684127.0
801010.SI,20240628,2479.85,760005.0
801010.SI,20240701,2543.16,896533.0
801010.SI,20240702,2526.6,791477.0
801010.SI,20240703,2520.18,724848.0
801010.SI,20240704,2468.9,775740.0
801010.SI,20240705,2485.95,604553.0
801010.SI,20240708,2466.25,686108.0
801010.SI,20240709,2415.91,962152.0
801010.SI,20240710,2429.89,837612.0
801010.SI,20240711,2460.73,879497.0
801010.SI,20240712,2435.7,795580.0
801010.SI,20240715,2480.95,902442.0
801010.SI,20240716,2495.11,865559.0
801010.SI,20240717,2515.14,804730.0
801010.SI,20240718,2517.39,747261.0
801010.SI,20240719,2525.92,795915.0
801010.SI,20240722,2501.18,720339.0
801010.SI,20240723,2436.69,723082.0
801010.SI,20240724,2396.35,737935.0
801010.SI,20240725,2406.05,596315.0
801010.SI,20240726,2413.7,628529.0
801010.SI,20240729,2382.75,606702.0
801010.SI,20240730,2412.54,655249.0
801010.SI,20240731,2473.11,856005.0
801010.SI,20240801,2454.22,701092.0
801010.SI,20240802,2480.14,887402.0
801010.SI,20240805,2469.83,997590.0
801010.SI,20240806,2489.71,793141.0
801010.SI,20240807,2446.06,695101.0
801010.SI,20240808,2485.24,911530.0
801010.SI,20240809,2455.85,834678.0
801010.SI,20240812,2468.29,816719.0
801010.SI,20240813,2479.95,706926.0
801010.SI,20240814,2443.98,586427.0
801010.SI,20240815,2450.32,693409.0
801010.SI,20240816,2405.7,729057.0
801010.SI,20240819,2381.35,741233.0
801010.SI,20240820,2321.67,752384.0
801010.SI,20240821,2275.19,693844.0
801010.SI,20240822,2246.8,654101.0
801010.SI,20240823,2233.48,536480.0
801010.SI,20240826,2259.26,618343.0
801010.SI,20240827,2213.59,643169.0
801010.SI,20240828,2231.52,567276.0
801010.SI,20240829,2233.2,543760.0
801010.SI,20240830,2266.38,891920.0
801010.SI,20240902,2244.65,753114.0
801010.SI,20240903,2266.32,644788.0
801010.SI,20240904,2233.13,634029.0
801010.SI,20240905,2249.08,528028.0
801010.SI,20240906,2225.5,483640.0
801010.SI,20240909,2229.56,540722.0
801010.SI,20240910,2214.85,572198.0
801010.SI,20240911,2195.5,448031.0
801010.SI,20240912,2173.75,532348.0
801010.SI,20240913,2161.0,540007.0
801010.SI,20240918,2110.64,645480.0
801010.SI,20240919,2169.43,882171.0
801010.SI,20240920,2152.93,734240.0
801010.SI,20240923,2137.41,601924.0
801010.SI,20240924,2242.07,1045745.0
801010.SI,20240925,2254.59,1128906.0
801010.SI,20240926,2356.94,1249367.0
801010.SI,20240927,2482.31,1743231.0
801010.SI,20240930,2707.96,3329399.0
801010.SI,20241008,2787.46,4901594.0
801010.SI,20241009,2534.04,2902919.0
801010.SI,20241010,2595.3,2547040.0
801010.SI,20241011,2502.4,1680738.0
801010.SI,20241014,2549.84,1543209.0
801010.SI,20241015,2494.6,1503395.0
801010.SI,20241016,2485.5,1293969.0
801010.SI,20241017,2446.47,1198386.0
801010.SI,20241018,2506.15,1666530.0
801010.SI,20241021,2551.0,1828451.0
801010.SI,20241022,2610.89,2038750.0
801010.SI,20241023,2611.62,2068823.0
801010.SI,20241024,2580.01,1380502.0
801010.SI,20241025,2605.78,1665318.0
801010.SI,20241028,2672.62,2297975.0
801010.SI,20241029,2628.44,2351001.0
801010.SI,20241030,2655.97,2262076.0
801010.SI,20241031,2645.86,2373342.0
801010.SI,20241101,2638.76,2330470.0
801010.SI,20241104,2662.74,1782343.0
801010.SI,20241105,2708.42,2210276.0
801010.SI,20241106,2754.95,3056379.0
801010.SI,20241107,2838.04,3815565.0
801010.SI,20241108,2798.25,3390209.0
801010.SI,20241111,2784.54,2391700.0
801010.SI,20241112,2763.22,2405002.0
801010.SI,20241113,2746.84,1697550.0
801010.SI,20241114,2680.24,1576716.0
801010.SI,20241115,2628.59,1456758.0
801010.SI,20241118,2596.89,1445705.0
801010.SI,20241119,2621.36,1128903.0
801010.SI,20241120,2644.84,1258161.0
801010.SI,20241121,2650.06,1226725.0
801010.SI,20241122,2556.07,1449730.0
801010.SI,20241125,2572.81,1258655.0
801010.SI,20241126,2586.55,1320465.0
801010.SI,20241127,2606.13,1319156.0
801010.SI,20241128,2611.19,1614071.0
801010.SI,20241129,2638.89,1803571.0
801010.SI,20241202,2686.1,2290020.0
801010.SI,20241203,2691.77,2434155.0
801010.SI,20241204,2646.01,2020617.0
801010.SI,20241205,2639.37,1469618.0
801010.SI,20241206,2656.57,1603716.0
801010.SI,20241209,2625.09,1653931.0
801010.SI,20241210,2652.1,2209711.0
801010.SI,20241211,2704.43,2267304.0
801010.SI,20241212,2758.3,2656909.0
801010.SI,20241213,2709.28,2583913.0
801010.SI,20241216,2693.69,1991598.0
801010.SI,20241217,2648.05,2081525.0
801010.SI,20241218,2631.79,1732546.0
801010.SI,20241219,2617.96,1548526.0
801010.SI,20241220,2610.43,1360625.0
801010.SI,20241223,2558.04,1517656.0
801010.SI,20241224,2572.1,1105716.0
801010.SI,20241225,2540.73,1025825.0
801010.SI,20241226,2537.53,919341.0
801010.SI,20241227,2602.01,1909469.0
801010.SI,20241230,2561.53,1553881.0
801010.SI,20241231,2530.84,1368705.0
801010.SI,20250102,2485.97,1548064.0
801010.SI,20250103,2426.53,1430632.0
801010.SI,20250106,2427.01,1140162.0
801010.SI,20250107,2447.32,1046307.0
801010.SI,20250108,2428.66,1238378.0
801010.SI,20250109,2416.43,1170154.0
801010.SI,20250110,2367.56,1104778.0
801010.SI,20250113,2376.91,866038.0
801010.SI,20250114,2443.72,1201847.0
801010.SI,20250115,2426.88,1042993.0
801010.SI,20250116,2436.96,1152132.0
801010.SI,20250117,2459.7,1184273.0
801010.SI,20250120,2459.5,1172093.0
801010.SI,20250121,2439.02,953715.0
801010.SI,20250122,2420.53,827860.0
801010.SI,20250123,2428.32,1154212.0
801010.SI,20250124,2438.53,926425.0
801010.SI,20250127,2455.32,1093261.0
801010.SI,20250205,2450.16,1035373.0
801010.SI,20250206,2456.32,1097531.0
801010.SI,20250207,2466.61,1442493.0
801010.SI,20250210,2470.45,1164365.0
801010.SI,20250211,2448.98,1056029.0
801010.SI,20250212,2456.05,989094.0
801010.SI,20250213,2501.02,1929778.0
801010.SI,20250214,2492.73,1492966.0
801010.SI,20250217,2512.28,1691230.0
801010.SI,20250218,2460.86,1504104.0
801010.SI,20250219,2488.2,1378851.0
801010.SI,20250220,2479.58,1254084.0
801010.SI,20250221,2482.52,1500583.0
801010.SI,20250224,2515.63,2600781.0
801010.SI,20250225,2464.15,1693555.0
801010.SI,20250226,2477.72,1285111.0
801010.SI,20250227,2479.69,1376200.0
801010.SI,20250228,2460.33,1466201.0
801010.SI,20250303,2482.04,1367960.0
801010.SI,20250304,2505.47,1211908.0
801010.SI,20250305,2478.53,1077374.0
801010.SI,20250306,2486.34,1145321.0
801010.SI,20250307,2485.9,1156045.0
801010.SI,20250310,2498.43,1286004.0
801010.SI,20250311,2541.68,1706514.0
801010.SI,20250312,2522.6,1366715.0
801010.SI,20250313,2522.38,1345775.0
801010.SI,20250314,2556.61,1753695.0
801010.SI,20250317,2579.56,1940832.0
801010.SI,20250318,2562.48,1425740.0
801010.SI,20250319,2556.2,1167326.0
801010.SI,20250320,2547.26,1256691.0
801010.SI,20250321,2532.67,1582815.0
801010.SI,20250324,2516.03,1406992.0
801010.SI,20250325,2534.92,1210508.0
801010.SI,20250326,2576.5,1951366.0
801010.SI,20250327,2571.91,1350926.0
801010.SI,20250328,2546.76,1194867.0
801010.SI,20250331,2508.8,1277544.0
801010.SI,20250401,2538.02,1274445.0
801010.SI,20250402,2539.33,1138853.0
801010.SI,20250403,2585.26,1915803.0
801010.SI,20250407,2530.01,5012308.0
801010.SI,20250408,2727.6,6265985.0
801010.SI,20250409,2743.49,7230475.0
801010.SI,20250410,2757.86,6274560.0
801010.SI,20250411,2670.03,4357491.0
801010.SI,20250414,2691.2,3702992.0
801010.SI,20250415,2674.69,3047800.0
801010.SI,20250416,2654.93,2852930.0
801010.SI,20250417,2653.62,2171872.0
801010.SI,20250418,2612.71,1915333.0
801010.SI,20250421,2626.38,1627496.0
801010.SI,20250422,2644.39,2087547.0
801010.SI,20250423,2607.73,2166534.0
801010.SI,20250424,2621.45,2016518.0
801010.SI,20250425,2608.46,1664628.0
801010.SI,20250428,2577.04,1620702.0
801010.SI,20250429,2591.62,1450871.0
801010.SI,20250430,2593.74,1514920.0
801010.SI,20250506,2614.49,1706384.0
801010.SI,20250507,2633.18,2433685.0
801010.SI,20250508,2629.74,1839368.0
801010.SI,20250509,2619.3,1724923.0
801010.SI,20250512,2606.49,1617932.0
801010.SI,20250513,2608.33,1387790.0
801010.SI,20250514,2637.16,1557891.0
801010.SI,20250515,2640.05,2061918.0
801010.SI,20250516,2620.55,1730120.0
801010.SI,20250519,2642.2,1681848.0
801010.SI,20250520,2677.87,2344134.0
801010.SI,20250521,2670.09,2004640.0
801010.SI,20250522,2645.2,1716386.0
801010.SI,20250523,2611.24,1479035.0
801010.SI,20250526,2623.92,1234840.0
801010.SI,20250527,2636.79,1598195.0
801010.SI,20250528,2616.19,1584332.0
801010.SI,20250529,2626.45,1378945.0
801010.SI,20250530,2658.0,2140162.0
801010.SI,20250603,2705.92,1982741.0
801010.SI,20250604,2726.42,1863785.0
801010.SI,20250605,2677.7,1841771.0
801010.SI,20250606,2682.22,1667435.0
801010.SI,20250609,2728.31,1815920.0
801010.SI,20250610,2725.96,2280545.0
801010.SI,20250611,2780.9,2376236.0
801010.SI,20250612,2749.95,1777615.0
801010.SI,20250613,2725.63,2019633.0
801010.SI,20250616,2704.99,1537659.0
801010.SI,20250617,2702.75,1541226.0
801010.SI,20250618,2678.69,1408632.0
801010.SI,20250619,2647.97,1426938.0
801010.SI,20250620,2640.23,1192651.0
801010.SI,20250623,2648.11,1228795.0
801010.SI,20250624,2670.97,1270932.0
801010.SI,20250625,2678.98,1345909.0
801010.SI,20250626,2666.56,1192418.0
801010.SI,20250627,2661.46,1034037.0
801010.SI,20250630,2671.66,1177762.0
801010.SI,20250701,2685.72,1246508.0
801010.SI,20250702,2708.19,1849959.0
801010.SI,20250703,2724.77,1906829.0
801010.SI,20250704,2729.26,1847038.0
801010.SI,20250707,2719.84,1590511.0
801010.SI,20250708,2729.16,1594458.0
801010.SI,20250709,2747.01,2055557.0
801010.SI,20250710,2746.05,1948392.0
801010.SI,20250711,2759.14,1934090.0
801010.SI,20250714,2757.91,1668571.0
801010.SI,20250715,2713.29,1915518.0
801010.SI,20250716,2736.23,1501111.0
801010.SI,20250717,2745.0,1524199.0
801010.SI,20250718,2755.32,1501875.0
801010.SI,20250721,2814.61,2229916.0
801010.SI,20250722,2867.91,2537906.0
801010.SI,20250723,2856.98,2706073.0
801010.SI,20250724,2860.7,2562807.0
801010.SI,20250725,2855.04,2389448.0
801010.SI,20250728,2844.2,1935786.0
801010.SI,20250729,2805.41,1918273.0
801010.SI,20250730,2821.16,2277532.0
801010.SI,20250731,2774.22,2053777.0
801010.SI,20250801,2770.21,1549918.0
801010.SI,20250804,2783.98,1405574.0
801010.SI,20250805,2807.95,1563557.0
801010.SI,20250806,2813.32,1519109.0
801010.SI,20250807,2820.67,1757302.0
801010.SI,20250808,2839.92,1813951.0
801010.SI,20250811,2842.93,1915542.0
801010.SI,20250812,2842.31,1895326.0
801010.SI,20250813,2840.28,1994538.0
801010.SI,20250814,2810.89,1914745.0
801010.SI,20250815,2835.81,2022899.0
801010.SI,20250818,2859.79,2300313.0
801010.SI,20250819,2878.12,2424982.0
801010.SI,20250820,2900.14,2421776.0
801010.SI,20250821,2943.56,3109743.0
801010.SI,20250822,2941.27,2387489.0
801010.SI,20250825,2978.87,2824913.0
801010.SI,20250826,3056.77,3601776.0
801010.SI,20250827,3006.8,3229089.0
801010.SI,20250828,2984.74,3082403.0
801010.SI,20250829,3000.65,2416857.0
801010.SI,20250901,3002.9,2406286.0
801010.SI,20250902,2984.06,2464774.0
801010.SI,20250903,2923.21,1953794.0
801010.SI,20250904,2931.89,2284023.0
801010.SI,20250905,2960.93,1789177.0
801010.SI,20250908,3040.19,2595061.0
801010.SI,20250909,3021.41,2169952.0
801010.SI,20250910,3026.03,1874352.0
801010.SI,20250911,3109.05,3086708.0
801010.SI,20250912,3103.24,2565853.0
801010.SI,20250915,3158.8,2841024.0
801010.SI,20250916,3117.94,2484775.0
801010.SI,20250917,3086.07,2100889.0
801010.SI,20250918,3021.05,2504888.0
801010.SI,20250919,3019.39,1818768.0
801010.SI,20250922,2990.97,1728269.0
801010.SI,20250923,2972.06,1812433.0
801010.SI,20250924,2987.88,1500448.0
801010.SI,20250925,2951.34,1551244.0
801010.SI,20250926,2959.8,1724578.0
801010.SI,20250929,2965.6,1675996.0
801010.SI,20250930,2964.24,1378992.0
801010.SI,20251009,2966.81,1818093.0
801010.SI,20251010,2994.84,2028477.0
801010.SI,20251013,2992.07,2467146.0
801010.SI,20251014,2997.31,2428592.0
801010.SI,20251015,2997.66,1866525.0
801010.SI,20251016,2950.79,1687355.0
801010.SI,20251017,2928.93,1809997.0
801010.SI,20251020,2903.25,1724629.0
801010.SI,20251021,2925.21,1725909.0
801010.SI,20251022,2890.42,1598676.0
801010.SI,20251023,2893.17,1677382.0
801010.SI,20251024,2889.08,1685143.0
801010.SI,20251027,2936.06,2073435.0
801010.SI,20251028,2924.44,1612783.0
801010.SI,20251029,2941.72,1647151.0
801010.SI,20251030,2918.29,2302333.0
801010.SI,20251031,2946.64,2024781.0
801010.SI,20251103,2981.8,1988181.0
801010.SI,20251104,2952.14,2157174.0
801010.SI,20251105,2972.13,2354915.0
801010.SI,20251106,2961.45,2306261.0
801010.SI,20251107,2969.92,2456952.0
801010.SI,20251110,3030.88,2835615.0
801010.SI,20251111,3048.91,2712382.0
801010.SI,20251112,3038.75,2472916.0
801010.SI,20251113,3060.52,2699358.0
801010.SI,20251114,3050.01,2437660.0
801010.SI,20251117,3032.68,2479151.0
801010.SI,20251118,3011.58,2218241.0
801010.SI,20251119,3016.8,2314940.0
801010.SI,20251120,2993.46,2768225.0
801010.SI,20251121,2944.88,4435678.0
801010.SI,20251124,2962.28,3322299.0
801010.SI,20251125,2966.09,3178806.0
801010.SI,20251126,2946.92,2714888.0
801010.SI,20251127,2944.53,2329775.0
801010.SI,20251128,2991.22,2491662.0
801010.SI,20251201,2978.43,2727687.0
801010.SI,20251202,2968.37,2403799.0
801010.SI,20251203,2943.78,3002244.0
801010.SI,20251204,2918.04,2466248.0
801010.SI,20251205,2946.58,2391107.0
801010.SI,20251208,2953.47,2549127.0
801010.SI,20251209,2915.66,2506993.0
801010.SI,20251210,2941.95,2721485.0
801010.SI,20251211,2917.52,3285727.0
801010.SI,20251212,2944.1,3184543.0
801010.SI,20251215,2980.62,2866404.0
801010.SI,20251216,2964.86,2901723.0
801010.SI,20251217,2948.75,3032973.0
801010.SI,20251218,2943.67,2362698.0
801010.SI,20251219,2969.78,2807690.0
801010.SI,20251222,2988.55,2866839.0
801010.SI,20251223,2970.67,3058797.0
801010.SI,20251224,2945.55,2793721.0
801010.SI,20251225,2962.84,2426816.0
801010.SI,20251226,2977.31,2832591.0
801010.SI,20251229,2998.53,3122275.0
801010.SI,20251230,3014.39,2898628.0
801010.SI,20251231,2981.2,2579817.0
801030.SI,20221010,3987.44,3226074.0
801030.SI,20221011,4064.4,3311557.0
801030.SI,20221012,4141.81,4308415.0
801030.SI,20221013,4132.16,3920902.0
801030.SI,20221014,4220.23,4602719.0
801030.SI,20221017,4247.84,4111492.0
801030.SI,20221018,4249.64,4304380.0
801030.SI,20221019,4183.67,4009037.0
801030.SI,20221020,4157.81,3654140.0
801030.SI,20221021,4138.97,3424959.0
801030.SI,20221024,4093.57,4153219.0
801030.SI,20221025,4053.53,4172067.0
801030.SI,20221026,4105.63,4276388.0
801030.SI,20221027,4085.82,3797374.0
801030.SI,20221028,3915.21,4298659.0
801030.SI,20221031,3878.7,3623347.0
801030.SI,20221101,3994.82,4040415.0
801030.SI,20221102,4034.61,3975131.0
801030.SI,20221103,4074.32,3875287.0
801030.SI,20221104,4183.68,5534306.0
801030.SI,20221107,4226.65,5353777.0
801030.SI,20221108,4215.38,3980622.0
801030.SI,20221109,4218.19,3846885.0
801030.SI,20221110,4156.46,4118271.0
801030.SI,20221111,4216.41,5079816.0
801030.SI,20221114,4188.6,4661851.0
801030.SI,20221115,4275.55,4380358.0
801030.SI,20221116,4242.14,3842862.0
801030.SI,20221117,4223.05,3814399.0
801030.SI,20221118,4184.32,4082603.0
801030.SI,20221121,4211.11,3781880.0
801030.SI,20221122,4175.01,4023204.0
801030.SI,20221123,4178.35,3813579.0
801030.SI,20221124,4239.92,4446491.0
801030.SI,20221125,4192.46,3940550.0
801030.SI,20221128,4165.22,3590174.0
801030.SI,20221129,4236.76,4012699.0
801030.SI,20221130,4235.88,4033875.0
801030.SI,20221201,4277.24,4163941.0
801030.SI,20221202,4290.87,3851990.0
801030.SI,20221205,4315.44,4325477.0
801030.SI,20221206,4351.75,4790841.0
801030.SI,20221207,4328.9,4485102.0
801030.SI,20221208,4340.14,4610273.0
801030.SI,20221209,4370.62,5031024.0
801030.SI,20221212,4302.1,4355041.0
801030.SI,20221213,4270.41,3546768.0
801030.SI,20221214,4264.63,3217995.0
801030.SI,20221215,4264.83,2995668.0
801030.SI,20221216,4224.07,3659538.0
801030.SI,20221219,4154.28,3369325.0
801030.SI,20221220,4125.91,2519900.0
801030.SI,20221221,4128.37,2770287.0
801030.SI,20221222,4034.55,3305385.0
801030.SI,20221223,3985.71,2624153.0
801030.SI,20221226,4065.11,2531174.0
801030.SI,20221227,4106.5,2905306.0
801030.SI,20221228,4058.5,2579829.0
801030.SI,20221229,4050.19,2405267.0
801030.SI,20221230,4051.36,2543892.0
801030.SI,20230103,4109.2,3181932.0
801030.SI,20230104,4103.0,3027988.0
801030.SI,20230105,4133.23,3103019.0
801030.SI,20230106,4182.69,4226539.0
801030.SI,20230109,4206.23,3943819.0
801030.SI,20230110,4174.92,3128331.0
801030.SI,20230111,4153.83,2978306.0
801030.SI,20230112,4158.07,2646536.0
801030.SI,20230113,4174.66,2602717.0
801030.SI,20230116,4218.8,3321205.0
801030.SI,20230117,4235.03,2781527.0
801030.SI,20230118,4242.59,2635863.0
801030.SI,20230119,4271.15,2743476.0
801030.SI,20230120,4309.91,3093420.0
801030.SI,20230130,4347.4,4411820.0
801030.SI,20230131,4375.48,3849300.0
801030.SI,20230201,4434.93,4425365.0
801030.SI,20230202,4464.3,4191294.0
801030.SI,20230203,4442.64,4418181.0
801030.SI,20230206,4396.66,3461217.0
801030.SI,20230207,4407.96,3327982.0
801030.SI,20230208,4406.12,3622556.0
801030.SI,20230209,4458.3,4208597.0
801030.SI,20230210,4455.46,4217415.0
801030.SI,20230213,4496.65,4626548.0
801030.SI,20230214,4530.93,4931716.0
801030.SI,20230215,4501.33,4475607.0
801030.SI,20230216,4406.44,5423668.0
801030.SI,20230217,4421.52,4061025.0
801030.SI,20230220,4473.13,4389722.0
801030.SI,20230221,4523.99,4844792.0
801030.SI,20230222,4486.02,3597872.0
801030.SI,20230223,4475.47,3674395.0
801030.SI,20230224,4456.64,3120291.0
801030.SI,20230227,4473.79,4506893.0
801030.SI,20230228,4491.05,3478002.0
801030.SI,20230301,4499.7,3377579.0
801030.SI,20230302,4492.88,3756004.0
801030.SI,20230303,4476.9,3187166.0
801030.SI,20230306,4459.14,3663425.0
801030.SI,20230307,4379.73,3578554.0
801030.SI,20230308,4384.99,2670431.0
801030.SI,20230309,4373.07,2866816.0
801030.SI,20230310,4303.46,3187012.0
801030.SI,20230313,4291.26,3008217.0
801030.SI,20230314,4232.01,3313736.0
801030.SI,20230315,4261.01,2773715.0
801030.SI,20230316,4175.76,2985149.0
801030.SI,20230317,4191.83,2816944.0
801030.SI,20230320,4175.91,3041908.0
801030.SI,20230321,4225.69,2675206.0
801030.SI,20230322,4217.98,2746342.0
801030.SI,20230323,4204.95,2760388.0
801030.SI,20230324,4183.3,3185567.0
801030.SI,20230327,4160.94,3240053.0
801030.SI,20230328,4158.88,3168469.0
801030.SI,20230329,4130.82,3034526.0
801030.SI,20230330,4143.17,2828387.0
801030.SI,20230331,4167.81,2844573.0
801030.SI,20230403,4179.86,3424749.0
801030.SI,20230404,4115.24,3606063.0
801030.SI,20230406,4103.28,2972322.0
801030.SI,20230407,4122.34,2576440.0
801030.SI,20230410,4105.69,3128755.0
801030.SI,20230411,4090.72,2825597.0
801030.SI,20230412,4072.65,3012217.0
801030.SI,20230413,4042.85,2860404.0
801030.SI,20230414,4065.39,3010591.0
801030.SI,20230417,4126.86,3507361.0
801030.SI,20230418,4119.32,3052489.0
801030.SI,20230419,4082.34,2940873.0
801030.SI,20230420,4019.7,3162656.0
801030.SI,20230421,3917.17,3500394.0
801030.SI,20230424,3881.41,2884436.0
801030.SI,20230425,3799.28,3427821.0
801030.SI,20230426,3833.15,2731707.0
801030.SI,20230427,3844.18,2603953.0
801030.SI,20230428,3845.13,2889694.0
801030.SI,20230504,3828.16,2804367.0
801030.SI,20230505,3786.25,2473195.0
801030.SI,20230508,3800.58,2472844.0
801030.SI,20230509,3769.65,2735391.0
801030.SI,20230510,3793.77,2297534.0
801030.SI,20230511,3800.37,2040460.0
801030.SI,20230512,3743.94,2118127.0
801030.SI,20230515,3801.03,2390556.0
801030.SI,20230516,3782.22,2160325.0
801030.SI,20230517,3785.13,2138615.0
801030.SI,20230518,3761.28,2166596.0
801030.SI,20230519,3761.73,2059796.0
801030.SI,20230522,3795.43,2353036.0
801030.SI,20230523,3778.3,2300794.0
801030.SI,20230524,3770.95,2321250.0
801030.SI,20230525,3734.65,2644549.0
801030.SI,20230526,3721.97,2149766.0
801030.SI,20230529,3682.64,2390948.0
801030.SI,20230530,3662.84,2253898.0
801030.SI,20230531,3633.33,2157142.0
801030.SI,20230601,3647.74,2288420.0
801030.SI,20230602,3736.04,2857428.0
801030.SI,20230605,3731.51,2197862.0
801030.SI,20230606,3678.44,2307800.0
801030.SI,20230607,3645.84,1924375.0
801030.SI,20230608,3653.58,1950207.0
801030.SI,20230609,3636.35,2315672.0
801030.SI,20230612,3664.71,2224039.0
801030.SI,20230613,3661.5,2016811.0
801030.SI,20230614,3671.71,2334086.0
801030.SI,20230615,3720.03,2636697.0
801030.SI,20230616,3719.32,2727336.0
801030.SI,20230619,3696.5,2624398.0
801030.SI,20230620,3671.18,2718820.0
801030.SI,20230621,3631.82,2503607.0
801030.SI,20230626,3603.49,2693520.0
801030.SI,20230627,3674.38,2759162.0
801030.SI,20230628,3671.85,2511899.0
801030.SI,20230629,3658.72,2628400.0
801030.SI,20230630,3726.06,3514716.0
801030.SI,20230703,3746.26,3460511.0
801030.SI,20230704,3744.83,2811664.0
801030.SI,20230705,3739.08,2716742.0
801030.SI,20230706,3723.57,2686230.0
801030.SI,20230707,3704.78,2431674.0
801030.SI,20230710,3745.59,2851001.0
801030.SI,20230711,3775.79,2653442.0
801030.SI,20230712,3785.67,3351684.0
801030.SI,20230713,3811.82,2977759.0
801030.SI,20230714,3811.01,2986640.0
801030.SI,20230717,3793.58,2878984.0
801030.SI,20230718,3826.94,3082857.0
801030.SI,20230719,3816.97,2546474.0
801030.SI,20230720,3821.18,3441871.0
801030.SI,20230721,3820.29,2941272.0
801030.SI,20230724,3778.52,2624764.0
801030.SI,20230725,3834.48,2941631.0
801030.SI,20230726,3856.59,3047057.0
801030.SI,20230727,3820.54,2801276.0
801030.SI,20230728,3849.05,2837357.0
801030.SI,20230731,3871.88,3111375.0
801030.SI,20230801,3859.94,2796026.0
801030.SI,20230802,3840.02,2462185.0
801030.SI,20230803,3836.42,2332148.0
801030.SI,20230804,3821.47,2631210.0
801030.SI,20230807,3794.73,2575692.0
801030.SI,20230808,3813.37,2591702.0
801030.SI,20230809,3798.94,2264313.0
801030.SI,20230810,3811.29,2286054.0
801030.SI,20230811,3746.77,2422644.0
801030.SI,20230814,3738.76,2319408.0
801030.SI,20230815,3717.59,2169566.0
801030.SI,20230816,3685.04,2049176.0
801030.SI,20230817,3699.47,2252938.0
801030.SI,20230818,3657.57,2203637.0
801030.SI,20230821,3622.46,2194576.0
801030.SI,20230822,3616.71,2754774.0
801030.SI,20230823,3561.73,2356471.0
801030.SI,20230824,3583.43,2672633.0
801030.SI,20230825,3558.05,2887776.0
801030.SI,20230828,3587.6,3985087.0
801030.SI,20230829,3648.99,3309840.0
801030.SI,20230830,3651.49,2718767.0
801030.SI,20230831,3634.37,2360772.0
801030.SI,20230901,3666.21,2424055.0
801030.SI,20230904,3745.11,3267192.0
801030.SI,20230905,3732.07,2548733.0
801030.SI,20230906,3749.69,2768968.0
801030.SI,20230907,3693.16,2659213.0
801030.SI,20230908,3683.23,2240199.0
801030.SI,20230911,3713.03,2835936.0
801030.SI,20230912,3719.95,2521160.0
801030.SI,20230913,3694.43,2573886.0
801030.SI,20230914,3678.82,2345381.0
801030.SI,20230915,3663.1,2380992.0
801030.SI,20230918,3673.23,2386569.0
801030.SI,20230919,3648.77,2221419.0
801030.SI,20230920,3624.63,2096127.0
801030.SI,20230921,3594.3,1990562.0
801030.SI,20230922,3636.1,2356341.0
801030.SI,20230925,3614.71,2366078.0
801030.SI,20230926,3577.03,2231666.0
801030.SI,20230927,3587.45,2413341.0
801030.SI,20230928,3599.13,2298191.0
801030.SI,20231009,3580.89,2445974.0
801030.SI,20231010,3568.36,2339663.0
801030.SI,20231011,3563.64,2356427.0
801030.SI,20231012,3601.32,2481480.0
801030.SI,20231013,3567.37,2243959.0
801030.SI,20231016,3536.52,2453591.0
801030.SI,20231017,3543.74,2049045.0
801030.SI,20231018,3479.29,2254821.0
801030.SI,20231019,3440.32,2360333.0
801030.SI,20231020,3429.52,2186706.0
801030.SI,20231023,3342.74,2443386.0
801030.SI,20231024,3406.69,2776971.0
801030.SI,20231025,3451.67,3061196.0
801030.SI,20231026,3445.68,2747962.0
801030.SI,20231027,3525.48,3571782.0
801030.SI,20231030,3568.23,3471659.0
801030.SI,20231031,3563.96,2899288.0
801030.SI,20231101,3550.53,2616962.0
801030.SI,20231102,3516.16,2458830.0
801030.SI,20231103,3544.86,2497805.0
801030.SI,20231106,3584.26,3179851.0
801030.SI,20231107,3589.91,2945471.0
801030.SI,20231108,3556.05,3232939.0
801030.SI,20231109,3566.46,3212761.0
801030.SI,20231110,3557.02,2743375.0
801030.SI,20231113,3573.07,2914408.0
801030.SI,20231114,3565.57,2892923.0
801030.SI,20231115,3605.06,3412311.0
801030.SI,20231116,3569.96,3037162.0
801030.SI,20231117,3584.43,3050204.0
801030.SI,20231120,3607.91,3484898.0
801030.SI,20231121,3600.75,3541724.0
801030.SI,20231122,3559.87,3003625.0
801030.SI,20231123,3587.21,2699540.0
801030.SI,20231124,3555.9,2752063.0
801030.SI,20231127,3541.47,2753826.0
801030.SI,20231128,3560.24,2597256.0
801030.SI,20231129,3538.49,2428772.0
801030.SI,20231130,3509.29,2461252.0
801030.SI,20231201,3499.36,2347249.0
801030.SI,20231204,3500.19,2401873.0
801030.SI,20231205,3447.63,2347116.0
801030.SI,20231206,3473.22,2635461.0
801030.SI,20231207,3441.74,2584359.0
801030.SI,20231208,3418.07,2777417.0
801030.SI,20231211,3448.85,2862690.0
801030.SI,20231212,3455.42,2290875.0
801030.SI,20231213,3413.51,2242400.0
801030.SI,20231214,3410.95,2306240.0
801030.SI,20231215,3399.35,2246921.0
801030.SI,20231218,3348.08,2403458.0
801030.SI,20231219,3357.14,2405701.0
801030.SI,20231220,3337.81,2675137.0
801030.SI,20231221,3355.22,3044359.0
801030.SI,20231222,3363.14,3257503.0
801030.SI,20231225,3355.99,2685728.0
801030.SI,20231226,3347.43,3184766.0
801030.SI,20231227,3348.48,3260990.0
801030.SI,20231228,3432.02,4264059.0
801030.SI,20231229,3456.27,3976061.0
801030.SI,20240102,3455.32,3986392.0
801030.SI,20240103,3463.52,3873830.0
801030.SI,20240104,3438.22,3611835.0
801030.SI,20240105,3390.54,3706868.0
801030.SI,20240108,3327.92,3176375.0
801030.SI,20240109,3322.95,3191757.0
801030.SI,20240110,3312.38,2896694.0
801030.SI,20240111,3339.45,3105230.0
801030.SI,20240112,3333.51,3191760.0
801030.SI,20240115,3309.31,2729837.0
801030.SI,20240116,3299.95,2916161.0
801030.SI,20240117,3214.84,2723897.0
801030.SI,20240118,3204.19,3792684.0
801030.SI,20240119,3183.25,2854687.0
801030.SI,20240122,3023.24,3537763.0
801030.SI,20240123,3046.63,3017873.0
801030.SI,20240124,3073.37,3217049.0
801030.SI,20240125,3167.12,3364669.0
801030.SI,20240126,3155.0,2886081.0
801030.SI,20240129,3086.3,2697309.0
801030.SI,20240130,3000.77,2369911.0
801030.SI,20240131,2898.95,2751720.0
801030.SI,20240201,2871.09,2557254.0
801030.SI,20240202,2771.8,3109393.0
801030.SI,20240205,2655.01,3609666.0
801030.SI,20240206,2780.97,3770320.0
801030.SI,20240207,2850.22,4269975.0
801030.SI,20240208,2959.88,4448091.0
801030.SI,20240219,2990.64,3829099.0
801030.SI,20240220,3009.95,2753548.0
801030.SI,20240221,3041.71,3527254.0
801030.SI,20240222,3076.65,2847115.0
801030.SI,20240223,3110.93,3217387.0
801030.SI,20240226,3120.49,3411264.0
801030.SI,20240227,3180.45,3162398.0
801030.SI,20240228,3074.34,4917480.0
801030.SI,20240229,3166.76,3865217.0
801030.SI,20240301,3185.24,3634957.0
801030.SI,20240304,3163.3,3568854.0
801030.SI,20240305,3133.88,3084488.0
801030.SI,20240306,3145.13,3028691.0
801030.SI,20240307,3140.37,3275712.0
801030.SI,20240308,3159.4,2713222.0
801030.SI,20240311,3206.12,3391585.0
801030.SI,20240312,3224.53,3799084.0
801030.SI,20240313,3213.06,3218938.0
801030.SI,20240314,3192.13,3089335.0
801030.SI,20240315,3246.24,3356542.0
801030.SI,20240318,3284.51,3920684.0
801030.SI,20240319,3272.78,3640662.0
801030.SI,20240320,3284.74,3411380.0
801030.SI,20240321,3272.96,3817859.0
801030.SI,20240322,3230.61,4042242.0
801030.SI,20240325,3187.33,3988466.0
801030.SI,20240326,3216.74,3862252.0
801030.SI,20240327,3150.09,3781065.0
801030.SI,20240328,3187.58,3783047.0
801030.SI,20240329,3240.86,3818969.0
801030.SI,20240401,3321.47,4631078.0
801030.SI,20240402,3367.08,5480951.0
801030.SI,20240403,3373.36,5411631.0
801030.SI,20240408,3311.31,5164756.0
801030.SI,20240409,3364.15,4681472.0
801030.SI,20240410,3327.52,4531616.0
801030.SI,20240411,3330.08,4067542.0
801030.SI,20240412,3309.24,4010542.0
801030.SI,20240415,3268.87,5165517.0
801030.SI,20240416,3129.84,4671588.0
801030.SI,20240417,3241.57,4289023.0
801030.SI,20240418,3243.2,4441001.0
801030.SI,20240419,3279.8,4909411.0
801030.SI,20240422,3238.46,4676058.0
801030.SI,20240423,3200.16,4008579.0
801030.SI,20240424,3224.2,3859310.0
801030.SI,20240425,3261.3,4593619.0
801030.SI,20240426,3306.14,5229614.0
801030.SI,20240429,3400.08,5834595.0
801030.SI,20240430,3387.0,5377076.0
801030.SI,20240506,3515.16,7102302.0
801030.SI,20240507,3571.77,7383987.0
801030.SI,20240508,3533.99,6571765.0
801030.SI,20240509,3555.68,6290988.0
801030.SI,20240510,3523.04,6241206.0
801030.SI,20240513,3480.1,5313848.0
801030.SI,20240514,3466.01,5258614.0
801030.SI,20240515,3456.62,4897060.0
801030.SI,20240516,3450.21,5402837.0
801030.SI,20240517,3503.65,5644262.0
801030.SI,20240520,3522.29,6248094.0
801030.SI,20240521,3467.97,5326082.0
801030.SI,20240522,3466.09,4728806.0
801030.SI,20240523,3387.32,5182754.0
801030.SI,20240524,3370.8,4453222.0
801030.SI,20240527,3402.62,4508247.0
801030.SI,20240528,3360.15,4455786.0
801030.SI,20240529,3374.07,4083956.0
801030.SI,20240530,3361.64,4771154.0
801030.SI,20240531,3337.67,4149797.0
801030.SI,20240603,3283.5,4239527.0
801030.SI,20240604,3294.27,3630633.0
801030.SI,20240605,3243.74,3143139.0
801030.SI,20240606,3188.51,3934581.0
801030.SI,20240607,3211.31,3309619.0
801030.SI,20240611,3220.97,3099409.0
801030.SI,20240612,3234.66,3368432.0
801030.SI,20240613,3190.05,3809202.0
801030.SI,20240614,3176.17,3623190.0
801030.SI,20240617,3159.39,3068607.0
801030.SI,20240618,3192.92,3415176.0
801030.SI,20240619,3164.14,3468926.0
801030.SI,20240620,3111.82,3355890.0
801030.SI,20240621,3109.2,2806685.0
801030.SI,20240624,3042.19,3189894.0
801030.SI,20240625,3070.18,3012125.0
801030.SI,20240626,3113.77,2823025.0
801030.SI,20240627,3036.11,2765585.0
801030.SI,20240628,3035.18,2680945.0
801030.SI,20240701,3094.29,2846149.0
801030.SI,20240702,3053.59,2777973.0
801030.SI,20240703,3036.32,2276821.0
801030.SI,20240704,2988.76,2506199.0
801030.SI,20240705,3009.0,2226404.0
801030.SI,20240708,2942.37,2497771.0
801030.SI,20240709,2979.11,3104523.0
801030.SI,20240710,2955.63,2979241.0
801030.SI,20240711,3043.11,3269320.0
801030.SI,20240712,3040.99,2873033.0
801030.SI,20240715,3007.76,2404817.0
801030.SI,20240716,2982.4,2398663.0
801030.SI,20240717,2955.22,2329210.0
801030.SI,20240718,2960.14,2425620.0
801030.SI,20240719,2964.9,2390146.0
801030.SI,20240722,2940.33,2508371.0
801030.SI,20240723,2853.34,2593389.0
801030.SI,20240724,2814.19,2339372.0
801030.SI,20240725,2819.4,2040828.0
801030.SI,20240726,2861.48,1942770.0
801030.SI,20240729,2840.23,1874284.0
801030.SI,20240730,2830.51,2141936.0
801030.SI,20240731,2936.74,3218233.0
801030.SI,20240801,2902.38,2739084.0
801030.SI,20240802,2878.34,2622775.0
801030.SI,20240805,2815.46,2795010.0
801030.SI,20240806,2849.31,2377490.0
801030.SI,20240807,2857.25,2230477.0
801030.SI,20240808,2880.11,2463151.0
801030.SI,20240809,2849.5,2369188.0
801030.SI,20240812,2836.56,1913058.0
801030.SI,20240813,2844.61,2110468.0
801030.SI,20240814,2792.88,2227299.0
801030.SI,20240815,2803.2,2462655.0
801030.SI,20240816,2783.82,2192187.0
801030.SI,20240819,2784.93,2112855.0
801030.SI,20240820,2747.0,2420996.0
801030.SI,20240821,2744.26,1942099.0
801030.SI,20240822,2713.95,2051315.0
801030.SI,20240823,2716.05,2094594.0
801030.SI,20240826,2742.18,2181882.0
801030.SI,20240827,2725.96,2094388.0
801030.SI,20240828,2741.04,2118325.0
801030.SI,20240829,2774.31,2478612.0
801030.SI,20240830,2818.26,3550304.0
801030.SI,20240902,2784.88,2973294.0
801030.SI,20240903,2819.88,2623707.0
801030.SI,20240904,2800.43,2705398.0
801030.SI,20240905,2789.36,2409192.0
801030.SI,20240906,2744.46,2562313.0
801030.SI,20240909,2729.8,2412066.0
801030.SI,20240910,2720.62,2374025.0
801030.SI,20240911,2729.16,2242747.0
801030.SI,20240912,2716.98,2114513.0
801030.SI,20240913,2687.54,2019667.0
801030.SI,20240918,2690.54,2059804.0
801030.SI,20240919,2743.91,2507185.0
801030.SI,20240920,2722.69,2119644.0
801030.SI,20240923,2721.92,1831634.0
801030.SI,20240924,2847.7,3725728.0
801030.SI,20240925,2861.46,4416314.0
801030.SI,20240926,2968.03,4106439.0
801030.SI,20240927,3112.72,5473324.0
801030.SI,20240930,3397.01,10655153.0
801030.SI,20241008,3562.25,13842561.0
801030.SI,20241009,3278.41,9922665.0
801030.SI,20241010,3288.13,6990323.0
801030.SI,20241011,3179.48,5345688.0
801030.SI,20241014,3237.67,5363769.0
801030.SI,20241015,3176.88,5804734.0
801030.SI,20241016,3179.06,5253059.0
801030.SI,20241017,3126.62,5171630.0
801030.SI,20241018,3210.53,6778076.0
801030.SI,20241021,3237.44,7117486.0
801030.SI,20241022,3275.86,6241486.0
801030.SI,20241023,3309.68,6671571.0
801030.SI,20241024,3281.91,6086029.0
801030.SI,20241025,3363.06,7802073.0
801030.SI,20241028,3415.71,8119211.0
801030.SI,20241029,3338.98,7976133.0
801030.SI,20241030,3340.61,6480444.0
801030.SI,20241031,3362.31,7342779.0
801030.SI,20241101,3331.4,8381043.0
801030.SI,20241104,3383.64,6333404.0
801030.SI,20241105,3460.48,8781283.0
801030.SI,20241106,3467.19,9187216.0
801030.SI,20241107,3524.12,8300630.0
801030.SI,20241108,3516.55,9162283.0
801030.SI,20241111,3559.99,8279468.0
801030.SI,20241112,3542.4,9319946.0
801030.SI,20241113,3540.31,7315885.0
801030.SI,20241114,3451.38,6847242.0
801030.SI,20241115,3391.12,6292219.0
801030.SI,20241118,3341.35,6365299.0
801030.SI,20241119,3416.56,5556650.0
801030.SI,20241120,3489.81,7430275.0
801030.SI,20241121,3502.87,7831740.0
801030.SI,20241122,3369.75,8228311.0
801030.SI,20241125,3389.92,6457110.0
801030.SI,20241126,3355.25,5824077.0
801030.SI,20241127,3394.84,6138336.0
801030.SI,20241128,3377.5,6526781.0
801030.SI,20241129,3420.03,6537878.0
801030.SI,20241202,3483.66,7271445.0
801030.SI,20241203,3486.23,7586272.0
801030.SI,20241204,3432.56,6966933.0
801030.SI,20241205,3449.78,6090708.0
801030.SI,20241206,3486.24,6717753.0
801030.SI,20241209,3491.95,7002655.0
801030.SI,20241210,3511.42,8508683.0
801030.SI,20241211,3534.29,6861805.0
801030.SI,20241212,3564.08,6999667.0
801030.SI,20241213,3483.06,7273088.0
801030.SI,20241216,3459.37,5884299.0
801030.SI,20241217,3408.38,6250770.0
801030.SI,20241218,3412.17,5214219.0
801030.SI,20241219,3401.35,5237996.0
801030.SI,20241220,3404.05,5175378.0
801030.SI,20241223,3338.45,5939591.0
801030.SI,20241224,3377.8,5051748.0
801030.SI,20241225,3323.51,4920738.0
801030.SI,20241226,3340.01,4478691.0
801030.SI,20241227,3360.21,5033912.0
801030.SI,20241230,3347.0,4526877.0
801030.SI,20241231,3280.48,4819181.0
801030.SI,20250102,3212.5,5051547.0
801030.SI,20250103,3148.79,4871475.0
801030.SI,20250106,3165.08,4251361.0
801030.SI,20250107,3192.04,4036664.0
801030.SI,20250108,3155.69,4641407.0
801030.SI,20250109,3163.76,3986808.0
801030.SI,20250110,3109.91,4374258.0
801030.SI,20250113,3126.6,3860532.0
801030.SI,20250114,3224.21,5015513.0
801030.SI,20250115,3202.92,4235982.0
801030.SI,20250116,3220.27,4729510.0
801030.SI,20250117,3262.45,4959015.0
801030.SI,20250120,3273.62,5113300.0
801030.SI,20250121,3261.63,4649954.0
801030.SI,20250122,3244.26,4233999.0
801030.SI,20250123,3231.16,4837973.0
801030.SI,20250124,3253.56,4147393.0
801030.SI,20250127,3261.94,4015781.0
801030.SI,20250205,3245.54,3949936.0
801030.SI,20250206,3277.55,4572878.0
801030.SI,20250207,3314.11,6244019.0
801030.SI,20250210,3341.03,5275032.0
801030.SI,20250211,3353.08,5236709.0
801030.SI,20250212,3386.82,6036429.0
801030.SI,20250213,3370.01,6022632.0
801030.SI,20250214,3362.32,5965198.0
801030.SI,20250217,3373.04,6245793.0
801030.SI,20250218,3330.6,6289340.0
801030.SI,20250219,3368.48,6272385.0
801030.SI,20250220,3403.53,6722857.0
801030.SI,20250221,3402.32,8405640.0
801030.SI,20250224,3416.11,7558783.0
801030.SI,20250225,3382.15,7320186.0
801030.SI,20250226,3422.57,7519316.0
801030.SI,20250227,3423.51,7086818.0
801030.SI,20250228,3370.21,6846039.0
801030.SI,20250303,3412.24,7426320.0
801030.SI,20250304,3415.85,5858971.0
801030.SI,20250305,3409.55,5855565.0
801030.SI,20250306,3437.27,6684674.0
801030.SI,20250307,3446.62,6721476.0
801030.SI,20250310,3462.71,6183711.0
801030.SI,20250311,3490.41,6074084.0
801030.SI,20250312,3485.76,7022718.0
801030.SI,20250313,3462.45,6327062.0
801030.SI,20250314,3501.08,6309895.0
801030.SI,20250317,3513.44,5571337.0
801030.SI,20250318,3522.98,5722941.0
801030.SI,20250319,3511.76,5313524.0
801030.SI,20250320,3495.6,5306635.0
801030.SI,20250321,3454.53,5735768.0
801030.SI,20250324,3456.05,6683152.0
801030.SI,20250325,3498.94,7514553.0
801030.SI,20250326,3515.54,7706825.0
801030.SI,20250327,3541.88,8972276.0
801030.SI,20250328,3454.06,8403049.0
801030.SI,20250331,3409.61,6274629.0
801030.SI,20250401,3442.95,6081245.0
801030.SI,20250402,3444.79,5522814.0
801030.SI,20250403,3412.84,6134360.0
801030.SI,20250407,3081.91,7895314.0
801030.SI,20250408,3123.05,8319058.0
801030.SI,20250409,3152.89,8427197.0
801030.SI,20250410,3215.83,8038314.0
801030.SI,20250411,3237.45,6624111.0
801030.SI,20250414,3276.1,6616003.0
801030.SI,20250415,3274.34,6664519.0
801030.SI,20250416,3233.48,6587969.0
801030.SI,20250417,3250.76,6050091.0
801030.SI,20250418,3247.48,5880569.0
801030.SI,20250421,3296.46,6454561.0
801030.SI,20250422,3311.81,7147053.0
801030.SI,20250423,3334.12,7123755.0
801030.SI,20250424,3327.44,7353661.0
801030.SI,20250425,3335.36,7542725.0
801030.SI,20250428,3299.57,6721224.0
801030.SI,20250429,3328.22,6862189.0
801030.SI,20250430,3318.52,6860908.0
801030.SI,20250506,3390.73,7699439.0
801030.SI,20250507,3429.84,8814620.0
801030.SI,20250508,3422.67,7749578.0
801030.SI,20250509,3387.35,6498627.0
801030.SI,20250512,3426.84,6786117.0
801030.SI,20250513,3436.53,7455946.0
801030.SI,20250514,3457.36,7865968.0
801030.SI,20250515,3428.23,7511351.0
801030.SI,20250516,3448.92,7800595.0
801030.SI,20250519,3462.34,7790185.0
801030.SI,20250520,3467.14,7815700.0
801030.SI,20250521,3463.72,7786164.0
801030.SI,20250522,3404.78,6716682.0
801030.SI,20250523,3406.53,7110625.0
801030.SI,20250526,3413.83,6467114.0
801030.SI,20250527,3431.43,7583707.0
801030.SI,20250528,3404.24,8017662.0
801030.SI,20250529,3429.57,7352600.0
801030.SI,20250530,3383.91,6554536.0
801030.SI,20250603,3406.79,6042864.0
801030.SI,20250604,3438.39,6616118.0
801030.SI,20250605,3446.47,7105522.0
801030.SI,20250606,3472.09,7796157.0
801030.SI,20250609,3509.63,7643949.0
801030.SI,20250610,3484.57,8742813.0
801030.SI,20250611,3492.47,7350636.0
801030.SI,20250612,3495.54,7102912.0
801030.SI,20250613,3471.86,8207493.0
801030.SI,20250616,3483.82,7252439.0
801030.SI,20250617,3475.63,7368739.0
801030.SI,20250618,3449.78,6892585.0
801030.SI,20250619,3403.45,7010402.0
801030.SI,20250620,3385.44,6198493.0
801030.SI,20250623,3416.36,6576574.0
801030.SI,20250624,3469.14,7892289.0
801030.SI,20250625,3482.36,8429964.0
801030.SI,20250626,3472.28,8373509.0
801030.SI,20250627,3490.59,7690824.0
801030.SI,20250630,3522.64,7348987.0
801030.SI,20250701,3546.5,8251464.0
801030.SI,20250702,3554.28,8711372.0
801030.SI,20250703,3561.94,7737446.0
801030.SI,20250704,3518.55,7413159.0
801030.SI,20250707,3539.27,6604615.0
801030.SI,20250708,3587.1,8043313.0
801030.SI,20250709,3556.45,7790788.0
801030.SI,20250710,3578.38,7917758.0
801030.SI,20250711,3572.47,7477366.0
801030.SI,20250714,3593.74,7147671.0
801030.SI,20250715,3557.89,7917907.0
801030.SI,20250716,3556.8,6168974.0
801030.SI,20250717,3587.13,6435934.0
801030.SI,20250718,3635.87,8431218.0
801030.SI,20250721,3716.38,9937703.0
801030.SI,20250722,3772.45,10873088.0
801030.SI,20250723,3741.8,10881288.0
801030.SI,20250724,3775.47,10043785.0
801030.SI,20250725,3782.32,10189381.0
801030.SI,20250728,3791.63,9253076.0
801030.SI,20250729,3793.35,9298692.0
801030.SI,20250730,3806.19,10135023.0
801030.SI,20250731,3729.35,8815270.0
801030.SI,20250801,3727.14,7398861.0
801030.SI,20250804,3749.36,6971894.0
801030.SI,20250805,3782.04,8007627.0
801030.SI,20250806,3810.86,8784405.0
801030.SI,20250807,3805.2,8856837.0
801030.SI,20250808,3814.15,8197632.0
801030.SI,20250811,3865.88,9597757.0
801030.SI,20250812,3865.44,9392226.0
801030.SI,20250813,3886.61,10011400.0
801030.SI,20250814,3827.97,10551192.0
801030.SI,20250815,3908.04,10129576.0
801030.SI,20250818,3942.71,12869877.0
801030.SI,20250819,3928.16,10921752.0
801030.SI,20250820,3970.42,10519660.0
801030.SI,20250821,3999.59,12188439.0
801030.SI,20250822,4019.63,10652248.0
801030.SI,20250825,4062.51,12361599.0
801030.SI,20250826,4113.57,11899838.0
801030.SI,20250827,4014.99,12683521.0
801030.SI,20250828,4036.74,11924771.0
801030.SI,20250829,4064.3,10968236.0
801030.SI,20250901,4090.04,11009878.0
801030.SI,20250902,4006.08,11468341.0
801030.SI,20250903,3946.89,9111204.0
801030.SI,20250904,3900.05,10076943.0
801030.SI,20250905,4009.06,9837110.0
801030.SI,20250908,4123.45,12013817.0
801030.SI,20250909,4093.83,11115094.0
801030.SI,20250910,4055.23,9023660.0
801030.SI,20250911,4102.65,9108720.0
801030.SI,20250912,4103.52,9780345.0
801030.SI,20250915,4088.43,8911426.0
801030.SI,20250916,4086.62,9039071.0
801030.SI,20250917,4094.99,8926565.0
801030.SI,20250918,4042.99,12265327.0
801030.SI,20250919,4048.88,9167721.0
801030.SI,20250922,4023.59,8415798.0
801030.SI,20250923,3965.42,9389575.0
801030.SI,20250924,4032.33,8641913.0
801030.SI,20250925,4015.18,8119674.0
801030.SI,20250926,4010.41,7908034.0
801030.SI,20250929,4076.08,8488382.0
801030.SI,20250930,4113.74,8641448.0
801030.SI,20251009,4188.44,10498071.0
801030.SI,20251010,4195.72,10035921.0
801030.SI,20251013,4157.03,9689841.0
801030.SI,20251014,4071.17,10769686.0
801030.SI,20251015,4102.77,8119539.0
801030.SI,20251016,4030.68,7874219.0
801030.SI,20251017,3951.07,8024615.0
801030.SI,20251020,3976.51,7431525.0
801030.SI,20251021,4019.1,7331768.0
801030.SI,20251022,3994.37,6946831.0
801030.SI,20251023,4027.06,7051011.0
801030.SI,20251024,4035.46,7901236.0
801030.SI,20251027,4079.47,9514924.0
801030.SI,20251028,4083.54,9369941.0
801030.SI,20251029,4145.84,9508354.0
801030.SI,20251030,4112.73,9759068.0
801030.SI,20251031,4136.19,10095175.0
801030.SI,20251103,4138.63,9417820.0
801030.SI,20251104,4073.74,8768800.0
801030.SI,20251105,4102.12,8426782.0
801030.SI,20251106,4182.7,9984222.0
801030.SI,20251107,4282.5,14421463.0
801030.SI,20251110,4344.56,16238020.0
801030.SI,20251111,4370.87,13550999.0
801030.SI,20251112,4343.61,12467789.0
801030.SI,20251113,4457.39,15718452.0
801030.SI,20251114,4394.29,14105488.0
801030.SI,20251117,4426.68,13346262.0
801030.SI,20251118,4308.52,12776038.0
801030.SI,20251119,4319.12,11733198.0
801030.SI,20251120,4266.42,11918622.0
801030.SI,20251121,4065.9,12679060.0
801030.SI,20251124,4065.65,9767894.0
801030.SI,20251125,4114.12,9281077.0
801030.SI,20251126,4091.7,8356585.0
801030.SI,20251127,4132.98,8774085.0
801030.SI,20251128,4187.02,8708955.0
801030.SI,20251201,4207.25,9525538.0
801030.SI,20251202,4176.37,7653786.0
801030.SI,20251203,4167.76,8509283.0
801030.SI,20251204,4129.0,7016459.0
801030.SI,20251205,4192.59,7334411.0
801030.SI,20251208,4200.23,8073302.0
801030.SI,20251209,4148.97,7563181.0
801030.SI,20251210,4154.24,6917552.0
801030.SI,20251211,4104.48,7559236.0
801030.SI,20251212,4100.57,8036733.0
801030.SI,20251215,4127.19,7512571.0
801030.SI,20251216,4057.95,7216501.0
801030.SI,20251217,4145.2,7922205.0
801030.SI,20251218,4147.98,7665203.0
801030.SI,20251219,4206.2,7369925.0
801030.SI,20251222,4257.44,8296050.0
801030.SI,20251223,4266.78,9076098.0
801030.SI,20251224,4327.76,9585656.0
801030.SI,20251225,4357.9,9140509.0
801030.SI,20251226,4384.22,10277158.0
801030.SI,20251229,4365.74,10792677.0
801030.SI,20251230,4385.32,10598689.0
801030.SI,20251231,4372.39,8556292.0
801040.SI,20221010,2208.76,467735.0
801040.SI,20221011,2215.09,391195.0
801040.SI,20221012,2244.49,526123.0
801040.SI,20221013,2226.14,467733.0
801040.SI,20221014,2267.54,555905.0
801040.SI,20221017,2295.81,488842.0
801040.SI,20221018,2289.52,474010.0
801040.SI,20221019,2271.87,546670.0
801040.SI,20221020,2259.3,528811.0
801040.SI,20221021,2267.99,553046.0
801040.SI,20221024,2255.3,694693.0
801040.SI,20221025,2259.14,588378.0
801040.SI,20221026,2263.7,651594.0
801040.SI,20221027,2255.65,584534.0
801040.SI,20221028,2167.38,655989.0
801040.SI,20221031,2159.72,563109.0
801040.SI,20221101,2201.47,513153.0
801040.SI,20221102,2210.86,558030.0
801040.SI,20221103,2210.52,490809.0
801040.SI,20221104,2273.08,788507.0
801040.SI,20221107,2311.55,1010358.0
801040.SI,20221108,2316.79,782547.0
801040.SI,20221109,2328.91,725508.0
801040.SI,20221110,2342.37,929759.0
801040.SI,20221111,2358.83,1001382.0
801040.SI,20221114,2338.76,797443.0
801040.SI,20221115,2361.51,619668.0
801040.SI,20221116,2350.87,508932.0
801040.SI,20221117,2346.4,466851.0
801040.SI,20221118,2338.86,525202.0
801040.SI,20221121,2339.24,588200.0
801040.SI,20221122,2349.91,577355.0
801040.SI,20221123,2366.76,562313.0
801040.SI,20221124,2375.33,585964.0
801040.SI,20221125,2389.11,589962.0
801040.SI,20221128,2364.23,513443.0
801040.SI,20221129,2406.53,707156.0
801040.SI,20221130,2396.22,586437.0
801040.SI,20221201,2408.63,721441.0
801040.SI,20221202,2394.19,462193.0
801040.SI,20221205,2461.92,974225.0
801040.SI,20221206,2453.0,664169.0
801040.SI,20221207,2424.04,624375.0
801040.SI,20221208,2420.16,508779.0
801040.SI,20221209,2445.86,871045.0
801040.SI,20221212,2383.51,789285.0
801040.SI,20221213,2409.7,601615.0
801040.SI,20221214,2386.77,496359.0
801040.SI,20221215,2372.59,412500.0
801040.SI,20221216,2398.01,628710.0
801040.SI,20221219,2331.6,573108.0
801040.SI,20221220,2325.52,346466.0
801040.SI,20221221,2314.33,299867.0
801040.SI,20221222,2280.56,392077.0
801040.SI,20221223,2275.74,272484.0
801040.SI,20221226,2286.37,287814.0
801040.SI,20221227,2315.84,310314.0
801040.SI,20221228,2314.44,371487.0
801040.SI,20221229,2290.58,364817.0
801040.SI,20221230,2285.98,296413.0
801040.SI,20230103,2311.89,380771.0
801040.SI,20230104,2311.94,383017.0
801040.SI,20230105,2320.77,369590.0
801040.SI,20230106,2335.36,439167.0
801040.SI,20230109,2342.6,448040.0
801040.SI,20230110,2318.32,382148.0
801040.SI,20230111,2324.62,369488.0
801040.SI,20230112,2319.7,314728.0
801040.SI,20230113,2327.09,294091.0
801040.SI,20230116,2345.61,425682.0
801040.SI,20230117,2338.89,290260.0
801040.SI,20230118,2348.18,309155.0
801040.SI,20230119,2367.62,364097.0
801040.SI,20230120,2413.74,581167.0
801040.SI,20230130,2440.34,712258.0
801040.SI,20230131,2452.33,509557.0
801040.SI,20230201,2494.27,830040.0
801040.SI,20230202,2481.03,592703.0
801040.SI,20230203,2454.97,602689.0
801040.SI,20230206,2436.12,394912.0
801040.SI,20230207,2452.37,430894.0
801040.SI,20230208,2435.88,388905.0
801040.SI,20230209,2468.68,584427.0
801040.SI,20230210,2452.51,616289.0
801040.SI,20230213,2480.65,738132.0
801040.SI,20230214,2507.35,721162.0
801040.SI,20230215,2486.32,551407.0
801040.SI,20230216,2457.15,708194.0
801040.SI,20230217,2459.04,482940.0
801040.SI,20230220,2520.09,764458.0
801040.SI,20230221,2580.21,1154707.0
801040.SI,20230222,2577.64,743575.0
801040.SI,20230223,2569.82,622758.0
801040.SI,20230224,2574.09,563867.0
801040.SI,20230227,2554.97,623326.0
801040.SI,20230228,2563.84,491619.0
801040.SI,20230301,2574.99,520249.0
801040.SI,20230302,2586.22,672030.0
801040.SI,20230303,2600.95,639396.0
801040.SI,20230306,2575.13,633181.0
801040.SI,20230307,2547.22,613360.0
801040.SI,20230308,2561.01,518369.0
801040.SI,20230309,2555.23,453608.0
801040.SI,20230310,2498.57,591054.0
801040.SI,20230313,2511.86,482133.0
801040.SI,20230314,2490.22,541069.0
801040.SI,20230315,2536.67,669299.0
801040.SI,20230316,2472.05,618482.0
801040.SI,20230317,2485.1,519575.0
801040.SI,20230320,2441.46,683859.0
801040.SI,20230321,2427.29,770711.0
801040.SI,20230322,2421.82,569457.0
801040.SI,20230323,2408.11,607199.0
801040.SI,20230324,2397.06,558172.0
801040.SI,20230327,2366.82,611851.0
801040.SI,20230328,2355.2,472563.0
801040.SI,20230329,2340.58,436931.0
801040.SI,20230330,2354.14,479397.0
801040.SI,20230331,2373.08,490201.0
801040.SI,20230403,2373.21,529283.0
801040.SI,20230404,2381.74,526737.0
801040.SI,20230406,2378.84,444137.0
801040.SI,20230407,2384.0,400019.0
801040.SI,20230410,2372.96,409730.0
801040.SI,20230411,2391.28,461081.0
801040.SI,20230412,2425.71,681888.0
801040.SI,20230413,2408.55,494358.0
801040.SI,20230414,2428.41,452458.0
801040.SI,20230417,2448.26,607996.0
801040.SI,20230418,2432.27,443775.0
801040.SI,20230419,2427.19,494132.0
801040.SI,20230420,2397.45,584702.0
801040.SI,20230421,2351.11,567804.0
801040.SI,20230424,2303.91,607732.0
801040.SI,20230425,2259.19,643111.0
801040.SI,20230426,2277.7,550390.0
801040.SI,20230427,2287.99,461628.0
801040.SI,20230428,2309.7,516851.0
801040.SI,20230504,2322.16,707656.0
801040.SI,20230505,2305.28,580832.0
801040.SI,20230508,2351.65,723362.0
801040.SI,20230509,2360.69,935263.0
801040.SI,20230510,2346.39,557851.0
801040.SI,20230511,2343.67,481823.0
801040.SI,20230512,2307.95,437369.0
801040.SI,20230515,2317.59,466355.0
801040.SI,20230516,2292.74,357535.0
801040.SI,20230517,2296.53,364075.0
801040.SI,20230518,2286.96,367859.0
801040.SI,20230519,2279.46,357148.0
801040.SI,20230522,2283.93,346497.0
801040.SI,20230523,2251.28,325757.0
801040.SI,20230524,2226.1,366220.0
801040.SI,20230525,2218.98,363744.0
801040.SI,20230526,2234.4,340929.0
801040.SI,20230529,2229.7,345804.0
801040.SI,20230530,2216.24,373322.0
801040.SI,20230531,2200.24,366904.0
801040.SI,20230601,2208.45,398720.0
801040.SI,20230602,2234.03,404519.0
801040.SI,20230605,2231.41,355646.0
801040.SI,20230606,2195.28,387443.0
801040.SI,20230607,2190.46,252604.0
801040.SI,20230608,2202.84,298423.0
801040.SI,20230609,2201.76,365741.0
801040.SI,20230612,2196.14,348763.0
801040.SI,20230613,2196.63,313743.0
801040.SI,20230614,2191.42,325546.0
801040.SI,20230615,2201.11,331184.0
801040.SI,20230616,2215.66,340439.0
801040.SI,20230619,2185.26,319266.0
801040.SI,20230620,2167.35,334913.0
801040.SI,20230621,2149.8,322616.0
801040.SI,20230626,2129.0,338521.0
801040.SI,20230627,2172.17,364392.0
801040.SI,20230628,2175.63,311644.0
801040.SI,20230629,2166.41,250353.0
801040.SI,20230630,2188.14,316355.0
801040.SI,20230703,2221.67,454280.0
801040.SI,20230704,2226.12,400049.0
801040.SI,20230705,2252.55,563622.0
801040.SI,20230706,2223.38,375299.0
801040.SI,20230707,2224.12,313045.0
801040.SI,20230710,2223.84,260762.0
801040.SI,20230711,2233.53,265190.0
801040.SI,20230712,2217.72,283926.0
801040.SI,20230713,2232.95,333054.0
801040.SI,20230714,2227.03,277111.0
801040.SI,20230717,2205.9,364457.0
801040.SI,20230718,2207.97,265000.0
801040.SI,20230719,2212.78,247669.0
801040.SI,20230720,2205.9,278790.0
801040.SI,20230721,2208.4,251517.0
801040.SI,20230724,2199.93,222509.0
801040.SI,20230725,2259.44,584924.0
801040.SI,20230726,2297.73,635786.0
801040.SI,20230727,2332.03,1161432.0
801040.SI,20230728,2368.92,1075832.0
801040.SI,20230731,2376.62,860531.0
801040.SI,20230801,2424.12,1347400.0
801040.SI,20230802,2405.72,928942.0
801040.SI,20230803,2405.76,666728.0
801040.SI,20230804,2388.76,613869.0
801040.SI,20230807,2355.7,534097.0
801040.SI,20230808,2334.97,438665.0
801040.SI,20230809,2329.8,383873.0
801040.SI,20230810,2332.19,342852.0
801040.SI,20230811,2289.97,412114.0
801040.SI,20230814,2296.24,415641.0
801040.SI,20230815,2288.67,355187.0
801040.SI,20230816,2288.24,344715.0
801040.SI,20230817,2296.4,421093.0
801040.SI,20230818,2278.81,402222.0
801040.SI,20230821,2254.23,385810.0
801040.SI,20230822,2257.82,466272.0
801040.SI,20230823,2229.75,366012.0
801040.SI,20230824,2206.39,404541.0
801040.SI,20230825,2214.28,420394.0
801040.SI,20230828,2254.54,713007.0
801040.SI,20230829,2254.5,608367.0
801040.SI,20230830,2233.97,455058.0
801040.SI,20230831,2217.21,404806.0
801040.SI,20230901,2267.6,597068.0
801040.SI,20230904,2341.12,1045131.0
801040.SI,20230905,2320.63,607650.0
801040.SI,20230906,2295.55,442590.0
801040.SI,20230907,2261.1,435103.0
801040.SI,20230908,2244.88,374094.0
801040.SI,20230911,2249.64,436553.0
801040.SI,20230912,2248.81,328607.0
801040.SI,20230913,2258.8,476022.0
801040.SI,20230914,2278.1,479139.0
801040.SI,20230915,2285.4,575875.0
801040.SI,20230918,2278.5,441530.0
801040.SI,20230919,2297.13,464319.0
801040.SI,20230920,2294.29,391683.0
801040.SI,20230921,2273.39,395573.0
801040.SI,20230922,2269.42,425390.0
801040.SI,20230925,2254.41,386993.0
801040.SI,20230926,2235.42,336101.0
801040.SI,20230927,2224.7,415475.0
801040.SI,20230928,2234.91,357115.0
801040.SI,20231009,2224.5,386711.0
801040.SI,20231010,2210.54,387209.0
801040.SI,20231011,2192.56,371108.0
801040.SI,20231012,2233.96,417922.0
801040.SI,20231013,2215.11,332120.0
801040.SI,20231016,2205.43,340755.0
801040.SI,20231017,2217.37,362959.0
801040.SI,20231018,2186.86,457682.0
801040.SI,20231019,2145.63,443008.0
801040.SI,20231020,2143.83,348405.0
801040.SI,20231023,2091.07,404488.0
801040.SI,20231024,2119.72,456373.0
801040.SI,20231025,2197.98,755892.0
801040.SI,20231026,2200.41,553854.0
801040.SI,20231027,2212.37,529955.0
801040.SI,20231030,2224.53,515589.0
801040.SI,20231031,2218.2,441463.0
801040.SI,20231101,2217.87,420395.0
801040.SI,20231102,2197.08,366214.0
801040.SI,20231103,2184.55,395159.0
801040.SI,20231106,2185.02,523704.0
801040.SI,20231107,2175.41,392229.0
801040.SI,20231108,2154.35,410121.0
801040.SI,20231109,2164.61,389440.0
801040.SI,20231110,2158.2,310152.0
801040.SI,20231113,2211.69,568526.0
801040.SI,20231114,2196.7,455832.0
801040.SI,20231115,2232.65,630843.0
801040.SI,20231116,2212.23,533633.0
801040.SI,20231117,2209.82,439040.0
801040.SI,20231120,2215.37,466639.0
801040.SI,20231121,2215.43,480713.0
801040.SI,20231122,2192.16,345511.0
801040.SI,20231123,2215.31,391092.0
801040.SI,20231124,2210.24,393074.0
801040.SI,20231127,2202.33,386805.0
801040.SI,20231128,2208.69,352958.0
801040.SI,20231129,2185.28,359989.0
801040.SI,20231130,2177.97,308170.0
801040.SI,20231201,2187.63,334042.0
801040.SI,20231204,2191.01,352688.0
801040.SI,20231205,2157.91,333053.0
801040.SI,20231206,2157.67,336434.0
801040.SI,20231207,2155.72,396168.0
801040.SI,20231208,2160.36,602835.0
801040.SI,20231211,2158.54,627967.0
801040.SI,20231212,2145.91,402130.0
801040.SI,20231213,2119.35,381223.0
801040.SI,20231214,2117.72,300638.0
801040.SI,20231215,2110.84,300497.0
801040.SI,20231218,2082.61,341686.0
801040.SI,20231219,2072.24,287983.0
801040.SI,20231220,2057.76,312318.0
801040.SI,20231221,2065.35,351773.0
801040.SI,20231222,2072.79,372569.0
801040.SI,20231225,2071.59,260135.0
801040.SI,20231226,2061.47,258491.0
801040.SI,20231227,2064.39,303160.0
801040.SI,20231228,2093.88,474521.0
801040.SI,20231229,2099.0,379151.0
801040.SI,20240102,2115.61,439476.0
801040.SI,20240103,2132.6,433007.0
801040.SI,20240104,2132.22,424587.0
801040.SI,20240105,2116.28,475603.0
801040.SI,20240108,2077.07,397359.0
801040.SI,20240109,2080.41,308865.0
801040.SI,20240110,2067.3,290227.0
801040.SI,20240111,2068.55,375299.0
801040.SI,20240112,2066.13,287234.0
801040.SI,20240115,2052.43,343844.0
801040.SI,20240116,2041.5,403592.0
801040.SI,20240117,2002.3,357996.0
801040.SI,20240118,1977.62,581306.0
801040.SI,20240119,1968.14,324239.0
801040.SI,20240122,1883.27,495638.0
801040.SI,20240123,1899.25,420863.0
801040.SI,20240124,1950.78,456551.0
801040.SI,20240125,2021.8,589098.0
801040.SI,20240126,2041.27,509081.0
801040.SI,20240129,2025.18,501906.0
801040.SI,20240130,1990.05,472462.0
801040.SI,20240131,1953.73,523950.0
801040.SI,20240201,1934.57,473239.0
801040.SI,20240202,1899.8,575548.0
801040.SI,20240205,1849.26,673408.0
801040.SI,20240206,1932.09,711787.0
801040.SI,20240207,1992.97,934584.0
801040.SI,20240208,2018.67,906019.0
801040.SI,20240219,2041.01,682998.0
801040.SI,20240220,2050.23,467092.0
801040.SI,20240221,2051.07,564970.0
801040.SI,20240222,2070.35,392731.0
801040.SI,20240223,2072.73,477222.0
801040.SI,20240226,2061.57,552551.0
801040.SI,20240227,2077.07,501128.0
801040.SI,20240228,2049.51,734949.0
801040.SI,20240229,2085.1,551339.0
801040.SI,20240301,2082.66,454299.0
801040.SI,20240304,2068.03,474001.0
801040.SI,20240305,2060.93,440912.0
801040.SI,20240306,2076.44,465989.0
801040.SI,20240307,2115.19,802370.0
801040.SI,20240308,2120.22,542110.0
801040.SI,20240311,2123.58,632574.0
801040.SI,20240312,2094.18,651486.0
801040.SI,20240313,2092.09,503692.0
801040.SI,20240314,2082.44,574144.0
801040.SI,20240315,2121.67,747034.0
801040.SI,20240318,2117.61,679811.0
801040.SI,20240319,2137.81,892650.0
801040.SI,20240320,2122.98,568183.0
801040.SI,20240321,2119.18,526623.0
801040.SI,20240322,2093.62,604094.0
801040.SI,20240325,2083.57,564132.0
801040.SI,20240326,2079.36,509231.0
801040.SI,20240327,2050.39,478390.0
801040.SI,20240328,2058.93,503290.0
801040.SI,20240329,2087.95,444196.0
801040.SI,20240401,2112.16,592493.0
801040.SI,20240402,2141.45,724387.0
801040.SI,20240403,2158.07,843512.0
801040.SI,20240408,2147.25,976661.0
801040.SI,20240409,2157.06,731768.0
801040.SI,20240410,2131.47,640050.0
801040.SI,20240411,2151.66,775517.0
801040.SI,20240412,2144.94,654267.0
801040.SI,20240415,2145.0,785337.0
801040.SI,20240416,2094.31,848156.0
801040.SI,20240417,2169.09,784244.0
801040.SI,20240418,2178.76,708739.0
801040.SI,20240419,2201.56,765038.0
801040.SI,20240422,2162.55,741604.0
801040.SI,20240423,2107.03,681944.0
801040.SI,20240424,2125.65,485522.0
801040.SI,20240425,2135.67,499442.0
801040.SI,20240426,2143.35,622816.0
801040.SI,20240429,2166.6,746322.0
801040.SI,20240430,2128.02,755452.0
801040.SI,20240506,2162.27,756859.0
801040.SI,20240507,2152.72,689483.0
801040.SI,20240508,2126.12,577534.0
801040.SI,20240509,2158.04,612708.0
801040.SI,20240510,2152.22,506143.0
801040.SI,20240513,2146.61,527530.0
801040.SI,20240514,2134.35,488233.0
801040.SI,20240515,2124.14,402083.0
801040.SI,20240516,2138.69,684640.0
801040.SI,20240517,2160.09,599736.0
801040.SI,20240520,2167.87,679146.0
801040.SI,20240521,2148.75,497633.0
801040.SI,20240522,2152.83,527359.0
801040.SI,20240523,2101.34,602443.0
801040.SI,20240524,2091.68,366676.0
801040.SI,20240527,2104.93,368745.0
801040.SI,20240528,2095.12,396038.0
801040.SI,20240529,2099.71,386677.0
801040.SI,20240530,2090.27,576842.0
801040.SI,20240531,2080.74,502412.0
801040.SI,20240603,2031.38,622204.0
801040.SI,20240604,2050.22,443630.0
801040.SI,20240605,2013.09,403298.0
801040.SI,20240606,1980.74,484428.0
801040.SI,20240607,2004.21,397884.0
801040.SI,20240611,1977.45,352858.0
801040.SI,20240612,1978.47,324785.0
801040.SI,20240613,1944.06,376357.0
801040.SI,20240614,1968.8,430260.0
801040.SI,20240617,1926.92,419866.0
801040.SI,20240618,1942.9,290669.0
801040.SI,20240619,1936.58,275008.0
801040.SI,20240620,1913.07,305354.0
801040.SI,20240621,1907.04,267114.0
801040.SI,20240624,1871.63,352043.0
801040.SI,20240625,1878.58,296804.0
801040.SI,20240626,1905.59,295782.0
801040.SI,20240627,1877.05,277172.0
801040.SI,20240628,1877.16,337037.0
801040.SI,20240701,1909.17,353118.0
801040.SI,20240702,1921.82,356300.0
801040.SI,20240703,1919.85,273276.0
801040.SI,20240704,1894.87,275902.0
801040.SI,20240705,1913.29,284902.0
801040.SI,20240708,1896.11,375382.0
801040.SI,20240709,1906.14,376119.0
801040.SI,20240710,1884.63,385017.0
801040.SI,20240711,1921.07,455488.0
801040.SI,20240712,1911.65,341392.0
801040.SI,20240715,1914.88,350315.0
801040.SI,20240716,1909.45,276621.0
801040.SI,20240717,1897.76,297342.0
801040.SI,20240718,1907.25,323252.0
801040.SI,20240719,1893.7,297949.0
801040.SI,20240722,1880.99,278708.0
801040.SI,20240723,1841.47,319862.0
801040.SI,20240724,1833.36,320798.0
801040.SI,20240725,1828.15,303371.0
801040.SI,20240726,1843.5,262713.0
801040.SI,20240729,1853.24,277624.0
801040.SI,20240730,1857.78,311815.0
801040.SI,20240731,1892.54,455045.0
801040.SI,20240801,1883.43,354235.0
801040.SI,20240802,1869.94,301070.0
801040.SI,20240805,1839.94,384318.0
801040.SI,20240806,1846.1,313044.0
801040.SI,20240807,1838.25,252154.0
801040.SI,20240808,1845.42,245426.0
801040.SI,20240809,1838.27,236590.0
801040.SI,20240812,1824.84,229554.0
801040.SI,20240813,1837.17,263562.0
801040.SI,20240814,1806.09,327270.0
801040.SI,20240815,1820.17,332183.0
801040.SI,20240816,1801.15,338920.0
801040.SI,20240819,1803.24,275389.0
801040.SI,20240820,1780.46,311953.0
801040.SI,20240821,1770.91,255081.0
801040.SI,20240822,1748.73,262888.0
801040.SI,20240823,1748.58,235155.0
801040.SI,20240826,1763.67,232261.0
801040.SI,20240827,1746.03,217061.0
801040.SI,20240828,1746.65,239504.0
801040.SI,20240829,1744.41,284448.0
801040.SI,20240830,1760.88,434554.0
801040.SI,20240902,1736.55,327244.0
801040.SI,20240903,1738.55,316689.0
801040.SI,20240904,1723.95,267172.0
801040.SI,20240905,1731.84,242544.0
801040.SI,20240906,1714.99,232756.0
801040.SI,20240909,1689.37,290949.0
801040.SI,20240910,1683.34,289591.0
801040.SI,20240911,1668.0,263810.0
801040.SI,20240912,1668.7,278967.0
801040.SI,20240913,1669.78,303595.0
801040.SI,20240918,1659.2,293239.0
801040.SI,20240919,1689.67,382348.0
801040.SI,20240920,1676.51,287271.0
801040.SI,20240923,1690.59,289804.0
801040.SI,20240924,1785.2,775946.0
801040.SI,20240925,1819.68,1062796.0
801040.SI,20240926,1914.52,1055661.0
801040.SI,20240927,1966.78,988592.0
801040.SI,20240930,2145.9,1988972.0
801040.SI,20241008,2217.59,2650771.0
801040.SI,20241009,2038.66,1687187.0
801040.SI,20241010,2072.09,1346781.0
801040.SI,20241011,2040.12,1026940.0
801040.SI,20241014,2078.13,963204.0
801040.SI,20241015,2026.88,771561.0
801040.SI,20241016,2052.51,790362.0
801040.SI,20241017,2031.48,936901.0
801040.SI,20241018,2070.92,1260588.0
801040.SI,20241021,2036.89,1095002.0
801040.SI,20241022,2053.23,790280.0
801040.SI,20241023,2072.72,869731.0
801040.SI,20241024,2047.63,574149.0
801040.SI,20241025,2075.79,771007.0
801040.SI,20241028,2184.01,1668766.0
801040.SI,20241029,2108.69,1462869.0
801040.SI,20241030,2112.92,1070571.0
801040.SI,20241031,2134.59,1234870.0
801040.SI,20241101,2172.34,1687311.0
801040.SI,20241104,2159.61,1383738.0
801040.SI,20241105,2234.01,1673837.0
801040.SI,20241106,2251.26,1794258.0
801040.SI,20241107,2304.84,1721254.0
801040.SI,20241108,2281.13,1583330.0
801040.SI,20241111,2265.09,1242168.0
801040.SI,20241112,2233.61,1286142.0
801040.SI,20241113,2228.95,938593.0
801040.SI,20241114,2168.47,936608.0
801040.SI,20241115,2137.56,830634.0
801040.SI,20241118,2165.98,1339724.0
801040.SI,20241119,2164.49,1060939.0
801040.SI,20241120,2179.16,802326.0
801040.SI,20241121,2183.37,733645.0
801040.SI,20241122,2113.39,943127.0
801040.SI,20241125,2124.58,719177.0
801040.SI,20241126,2107.2,525852.0
801040.SI,20241127,2125.34,629501.0
801040.SI,20241128,2132.19,616029.0
801040.SI,20241129,2143.51,666412.0
801040.SI,20241202,2206.03,1083745.0
801040.SI,20241203,2198.51,806701.0
801040.SI,20241204,2200.74,977075.0
801040.SI,20241205,2218.33,882743.0
801040.SI,20241206,2263.78,1285403.0
801040.SI,20241209,2277.26,1365802.0
801040.SI,20241210,2277.07,1776497.0
801040.SI,20241211,2316.86,1380241.0
801040.SI,20241212,2298.92,1238310.0
801040.SI,20241213,2245.81,1369522.0
801040.SI,20241216,2225.45,1088126.0
801040.SI,20241217,2198.28,973376.0
801040.SI,20241218,2224.98,953538.0
801040.SI,20241219,2212.49,904298.0
801040.SI,20241220,2182.73,831678.0
801040.SI,20241223,2153.07,840549.0
801040.SI,20241224,2179.51,719749.0
801040.SI,20241225,2153.93,585721.0
801040.SI,20241226,2154.2,513881.0
801040.SI,20241227,2158.6,786058.0
801040.SI,20241230,2146.24,697387.0
801040.SI,20241231,2102.31,723031.0
801040.SI,20250102,2061.01,739292.0
801040.SI,20250103,2022.78,687944.0
801040.SI,20250106,2046.66,656535.0
801040.SI,20250107,2048.94,649497.0
801040.SI,20250108,2024.45,623225.0
801040.SI,20250109,2011.65,479061.0
801040.SI,20250110,1979.15,507160.0
801040.SI,20250113,1996.56,512275.0
801040.SI,20250114,2042.24,693211.0
801040.SI,20250115,2039.02,548648.0
801040.SI,20250116,2059.0,643343.0
801040.SI,20250117,2045.19,501924.0
801040.SI,20250120,2054.79,581664.0
801040.SI,20250121,2026.2,565123.0
801040.SI,20250122,2023.09,479878.0
801040.SI,20250123,2014.08,536947.0
801040.SI,20250124,2055.72,701013.0
801040.SI,20250127,2077.3,848733.0
801040.SI,20250205,2059.27,604538.0
801040.SI,20250206,2084.59,686190.0
801040.SI,20250207,2133.79,832246.0
801040.SI,20250210,2153.36,782836.0
801040.SI,20250211,2141.11,659699.0
801040.SI,20250212,2149.25,621379.0
801040.SI,20250213,2160.87,813299.0
801040.SI,20250214,2149.15,1353580.0
801040.SI,20250217,2162.92,1328379.0
801040.SI,20250218,2137.93,780280.0
801040.SI,20250219,2136.13,1236953.0
801040.SI,20250220,2154.34,1388878.0
801040.SI,20250221,2156.28,1219229.0
801040.SI,20250224,2162.16,1462680.0
801040.SI,20250225,2155.71,1393843.0
801040.SI,20250226,2265.55,2086438.0
801040.SI,20250227,2270.95,2122185.0
801040.SI,20250228,2224.75,1376484.0
801040.SI,20250303,2236.29,1349935.0
801040.SI,20250304,2251.4,1250174.0
801040.SI,20250305,2262.18,1343165.0
801040.SI,20250306,2253.5,1366498.0
801040.SI,20250307,2284.84,1424280.0
801040.SI,20250310,2265.36,1103770.0
801040.SI,20250311,2305.33,1294494.0
801040.SI,20250312,2303.21,1401058.0
801040.SI,20250313,2330.61,1594130.0
801040.SI,20250314,2318.59,985089.0
801040.SI,20250317,2304.59,1230329.0
801040.SI,20250318,2292.41,1026091.0
801040.SI,20250319,2286.01,872377.0
801040.SI,20250320,2300.83,1058043.0
801040.SI,20250321,2314.31,1398818.0
801040.SI,20250324,2311.91,1332125.0
801040.SI,20250325,2309.01,1172779.0
801040.SI,20250326,2301.6,978132.0
801040.SI,20250327,2275.71,784807.0
801040.SI,20250328,2253.39,1048245.0
801040.SI,20250331,2220.82,1108339.0
801040.SI,20250401,2250.03,992121.0
801040.SI,20250402,2236.98,740260.0
801040.SI,20250403,2251.02,988116.0
801040.SI,20250407,2037.82,1357167.0
801040.SI,20250408,2056.13,1235778.0
801040.SI,20250409,2077.84,1437347.0
801040.SI,20250410,2107.1,1314692.0
801040.SI,20250411,2109.42,984476.0
801040.SI,20250414,2133.99,935274.0
801040.SI,20250415,2113.96,815856.0
801040.SI,20250416,2102.66,804943.0
801040.SI,20250417,2102.42,660432.0
801040.SI,20250418,2112.86,552998.0
801040.SI,20250421,2136.43,836738.0
801040.SI,20250422,2129.52,730870.0
801040.SI,20250423,2136.58,783534.0
801040.SI,20250424,2127.72,682655.0
801040.SI,20250425,2147.63,800514.0
801040.SI,20250428,2159.09,1101748.0
801040.SI,20250429,2159.9,833929.0
801040.SI,20250430,2130.74,832798.0
801040.SI,20250506,2179.58,1073612.0
801040.SI,20250507,2196.76,914770.0
801040.SI,20250508,2188.46,734004.0
801040.SI,20250509,2168.77,701229.0
801040.SI,20250512,2177.52,661266.0
801040.SI,20250513,2178.72,622807.0
801040.SI,20250514,2187.26,576088.0
801040.SI,20250515,2170.73,546557.0
801040.SI,20250516,2159.41,524587.0
801040.SI,20250519,2175.06,583361.0
801040.SI,20250520,2172.28,524219.0
801040.SI,20250521,2169.69,490660.0
801040.SI,20250522,2150.32,564630.0
801040.SI,20250523,2139.2,604313.0
801040.SI,20250526,2142.61,474898.0
801040.SI,20250527,2132.05,486355.0
801040.SI,20250528,2118.99,425918.0
801040.SI,20250529,2128.72,472045.0
801040.SI,20250530,2124.17,493174.0
801040.SI,20250603,2095.0,606522.0
801040.SI,20250604,2119.68,561027.0
801040.SI,20250605,2113.33,610406.0
801040.SI,20250606,2119.39,542314.0
801040.SI,20250609,2135.91,588677.0
801040.SI,20250610,2128.23,565308.0
801040.SI,20250611,2147.95,712001.0
801040.SI,20250612,2140.26,616659.0
801040.SI,20250613,2120.22,638260.0
801040.SI,20250616,2117.87,556943.0
801040.SI,20250617,2124.26,516442.0
801040.SI,20250618,2101.44,478549.0
801040.SI,20250619,2074.14,667220.0
801040.SI,20250620,2076.84,546111.0
801040.SI,20250623,2074.63,551479.0
801040.SI,20250624,2098.71,603276.0
801040.SI,20250625,2115.43,659308.0
801040.SI,20250626,2099.44,662457.0
801040.SI,20250627,2112.34,756678.0
801040.SI,20250630,2123.09,691570.0
801040.SI,20250701,2139.0,667884.0
801040.SI,20250702,2211.19,1548501.0
801040.SI,20250703,2208.26,1349845.0
801040.SI,20250704,2219.26,1379010.0
801040.SI,20250707,2218.29,984233.0
801040.SI,20250708,2255.12,1273778.0
801040.SI,20250709,2240.93,1171771.0
801040.SI,20250710,2273.31,1398291.0
801040.SI,20250711,2317.13,1730518.0
801040.SI,20250714,2320.69,1799164.0
801040.SI,20250715,2291.87,1478000.0
801040.SI,20250716,2262.58,1208793.0
801040.SI,20250717,2294.69,1131411.0
801040.SI,20250718,2325.53,1362101.0
801040.SI,20250721,2405.62,1971426.0
801040.SI,20250722,2467.93,2075481.0
801040.SI,20250723,2467.68,2743264.0
801040.SI,20250724,2533.72,2318638.0
801040.SI,20250725,2503.9,2294966.0
801040.SI,20250728,2468.49,1880109.0
801040.SI,20250729,2532.43,1962547.0
801040.SI,20250730,2584.33,2528330.0
801040.SI,20250731,2478.93,2329270.0
801040.SI,20250801,2447.76,1589270.0
801040.SI,20250804,2448.46,1305248.0
801040.SI,20250805,2483.92,1471115.0
801040.SI,20250806,2485.3,1319696.0
801040.SI,20250807,2480.96,1629058.0
801040.SI,20250808,2508.62,1488928.0
801040.SI,20250811,2507.96,1369353.0
801040.SI,20250812,2487.07,1222850.0
801040.SI,20250813,2490.44,1528181.0
801040.SI,20250814,2441.45,1560432.0
801040.SI,20250815,2457.37,1252921.0
801040.SI,20250818,2476.28,1764349.0
801040.SI,20250819,2474.51,1438490.0
801040.SI,20250820,2494.64,1377995.0
801040.SI,20250821,2508.13,1574434.0
801040.SI,20250822,2505.41,1727667.0
801040.SI,20250825,2574.09,2140660.0
801040.SI,20250826,2548.84,2277815.0
801040.SI,20250827,2494.46,2219507.0
801040.SI,20250828,2493.08,1797143.0
801040.SI,20250829,2498.05,1693401.0
801040.SI,20250901,2498.6,1663277.0
801040.SI,20250902,2473.1,1482845.0
801040.SI,20250903,2430.15,1144875.0
801040.SI,20250904,2394.4,1170331.0
801040.SI,20250905,2418.88,1039367.0
801040.SI,20250908,2461.67,1211138.0
801040.SI,20250909,2463.88,1334148.0
801040.SI,20250910,2447.94,1039401.0
801040.SI,20250911,2473.94,1058598.0
801040.SI,20250912,2508.81,1784763.0
801040.SI,20250915,2494.84,1443673.0
801040.SI,20250916,2493.35,1376411.0
801040.SI,20250917,2492.72,1134261.0
801040.SI,20250918,2442.76,1460825.0
801040.SI,20250919,2434.77,1201775.0
801040.SI,20250922,2429.06,1070082.0
801040.SI,20250923,2381.67,1044071.0
801040.SI,20250924,2404.35,994142.0
801040.SI,20250925,2403.37,1259003.0
801040.SI,20250926,2407.58,1099670.0
801040.SI,20250929,2467.63,1269913.0
801040.SI,20250930,2493.2,1288185.0
801040.SI,20251009,2577.51,2026351.0
801040.SI,20251010,2597.51,1841256.0
801040.SI,20251013,2636.1,2040334.0
801040.SI,20251014,2627.72,2862778.0
801040.SI,20251015,2622.21,1997649.0
801040.SI,20251016,2566.16,1540280.0
801040.SI,20251017,2545.42,1692771.0
801040.SI,20251020,2550.58,1369059.0
801040.SI,20251021,2576.18,1197906.0
801040.SI,20251022,2569.52,1069456.0
801040.SI,20251023,2579.01,1109458.0
801040.SI,20251024,2556.61,1285762.0
801040.SI,20251027,2605.59,1711912.0
801040.SI,20251028,2570.35,1452957.0
801040.SI,20251029,2602.64,1378195.0
801040.SI,20251030,2626.08,1983328.0
801040.SI,20251031,2621.93,1843511.0
801040.SI,20251103,2671.73,2097063.0
801040.SI,20251104,2671.04,2064900.0
801040.SI,20251105,2685.9,1786446.0
801040.SI,20251106,2732.64,1828258.0
801040.SI,20251107,2736.97,1811159.0
801040.SI,20251110,2724.43,1893791.0
801040.SI,20251111,2741.36,1755788.0
801040.SI,20251112,2721.53,1605303.0
801040.SI,20251113,2765.97,1699894.0
801040.SI,20251114,2762.67,1516841.0
801040.SI,20251117,2771.27,1559442.0
801040.SI,20251118,2692.27,1972620.0
801040.SI,20251119,2690.64,1599793.0
801040.SI,20251120,2688.19,1376560.0
801040.SI,20251121,2569.78,1375370.0
801040.SI,20251124,2563.54,1116312.0
801040.SI,20251125,2581.18,1210523.0
801040.SI,20251126,2570.14,1115174.0
801040.SI,20251127,2564.84,892335.0
801040.SI,20251128,2605.6,1022079.0
801040.SI,20251201,2629.03,1324213.0
801040.SI,20251202,2617.71,1041399.0
801040.SI,20251203,2602.94,1029784.0
801040.SI,20251204,2585.39,863285.0
801040.SI,20251205,2616.64,937456.0
801040.SI,20251208,2609.55,1025572.0
801040.SI,20251209,2545.07,1003947.0
801040.SI,20251210,2558.35,907287.0
801040.SI,20251211,2518.27,947635.0
801040.SI,20251212,2540.98,1215561.0
801040.SI,20251215,2564.12,1217661.0
801040.SI,20251216,2519.05,1165458.0
801040.SI,20251217,2551.16,966645.0
801040.SI,20251218,2545.87,895082.0
801040.SI,20251219,2594.15,1159485.0
801040.SI,20251222,2617.45,1232240.0
801040.SI,20251223,2610.27,1141860.0
801040.SI,20251224,2629.79,1027620.0
801040.SI,20251225,2642.31,1000549.0
801040.SI,20251226,2677.84,1246413.0
801040.SI,20251229,2669.21,1349813.0
801040.SI,20251230,2658.94,1068807.0
801040.SI,20251231,2660.39,950559.0
801050.SI,20221010,4600.69,2989575.0
801050.SI,20221011,4671.47,2829929.0
801050.SI,20221012,4759.33,4158269.0
801050.SI,20221013,4711.59,3866340.0
801050.SI,20221014,4828.35,4579436.0
801050.SI,20221017,4828.06,4075834.0
801050.SI,20221018,4813.22,3546473.0
801050.SI,20221019,4767.83,3618157.0
801050.SI,20221020,4703.93,3326287.0
801050.SI,20221021,4655.75,2739408.0
801050.SI,20221024,4655.07,3969159.0
801050.SI,20221025,4664.76,3598492.0
801050.SI,20221026,4710.05,3857655.0
801050.SI,20221027,4730.15,4114289.0
801050.SI,20221028,4552.58,4276997.0
801050.SI,20221031,4531.63,3786010.0
801050.SI,20221101,4717.44,4980762.0
801050.SI,20221102,4777.93,4741449.0
801050.SI,20221103,4776.48,4883595.0
801050.SI,20221104,4984.26,6731022.0
801050.SI,20221107,5094.07,7376703.0
801050.SI,20221108,5121.46,5254867.0
801050.SI,20221109,5124.1,5249555.0
801050.SI,20221110,5011.08,4555796.0
801050.SI,20221111,5127.57,6636241.0
801050.SI,20221114,5017.5,5306260.0
801050.SI,20221115,5082.68,4312905.0
801050.SI,20221116,5028.19,3810632.0
801050.SI,20221117,4947.68,3953368.0
801050.SI,20221118,4856.18,3513903.0
801050.SI,20221121,4875.34,3036565.0
801050.SI,20221122,4831.53,3182134.0
801050.SI,20221123,4854.31,3017072.0
801050.SI,20221124,4881.62,3160573.0
801050.SI,20221125,4842.93,2947045.0
801050.SI,20221128,4777.33,2850503.0
801050.SI,20221129,4843.74,3456902.0
801050.SI,20221130,4871.74,3922963.0
801050.SI,20221201,4943.64,4361706.0
801050.SI,20221202,4873.05,3424886.0
801050.SI,20221205,4951.19,4734406.0
801050.SI,20221206,4951.95,3965135.0
801050.SI,20221207,4940.79,4009507.0
801050.SI,20221208,4920.96,2894815.0
801050.SI,20221209,5002.23,4420905.0
801050.SI,20221212,4873.65,3782393.0
801050.SI,20221213,4886.65,3289937.0
801050.SI,20221214,4886.05,2815163.0
801050.SI,20221215,4881.96,3065228.0
801050.SI,20221216,4785.88,2966177.0
801050.SI,20221219,4749.72,3261017.0
801050.SI,20221220,4688.38,2175284.0
801050.SI,20221221,4659.66,2107060.0
801050.SI,20221222,4570.75,2419825.0
801050.SI,20221223,4556.3,1859891.0
801050.SI,20221226,4609.76,2091332.0
801050.SI,20221227,4685.87,2556547.0
801050.SI,20221228,4652.98,2721543.0
801050.SI,20221229,4604.68,2140224.0
801050.SI,20221230,4583.23,2283550.0
801050.SI,20230103,4705.32,3227274.0
801050.SI,20230104,4626.85,2684817.0
801050.SI,20230105,4685.66,3422769.0
801050.SI,20230106,4748.11,4029038.0
801050.SI,20230109,4884.33,4783523.0
801050.SI,20230110,4895.65,3654724.0
801050.SI,20230111,4877.9,3111513.0
801050.SI,20230112,4891.74,3136852.0
801050.SI,20230113,4904.07,2836567.0
801050.SI,20230116,4950.51,3475758.0
801050.SI,20230117,4936.75,2660270.0
801050.SI,20230118,4989.71,2914556.0
801050.SI,20230119,5018.43,2873012.0
801050.SI,20230120,5170.19,5328969.0
801050.SI,20230130,5220.39,6593304.0
801050.SI,20230131,5255.45,4505154.0
801050.SI,20230201,5411.91,6685364.0
801050.SI,20230202,5369.18,5373555.0
801050.SI,20230203,5302.8,4841216.0
801050.SI,20230206,5208.36,4168563.0
801050.SI,20230207,5254.99,3873394.0
801050.SI,20230208,5232.15,4616189.0
801050.SI,20230209,5252.77,3588668.0
801050.SI,20230210,5154.32,3811130.0
801050.SI,20230213,5174.95,3238031.0
801050.SI,20230214,5215.77,3921063.0
801050.SI,20230215,5169.6,3749937.0
801050.SI,20230216,5027.31,4523183.0
801050.SI,20230217,5019.45,3314929.0
801050.SI,20230220,5112.46,4435231.0
801050.SI,20230221,5199.18,5107155.0
801050.SI,20230222,5150.48,3468255.0
801050.SI,20230223,5167.85,3071742.0
801050.SI,20230224,5101.37,3251152.0
801050.SI,20230227,5061.12,3119153.0
801050.SI,20230228,5067.31,2719429.0
801050.SI,20230301,5133.68,3120058.0
801050.SI,20230302,5069.66,4213815.0
801050.SI,20230303,5055.96,3028282.0
801050.SI,20230306,5060.06,3664458.0
801050.SI,20230307,5008.9,3431767.0
801050.SI,20230308,4967.72,2610987.0
801050.SI,20230309,4962.98,2465881.0
801050.SI,20230310,4881.21,2813011.0
801050.SI,20230313,4920.95,3318582.0
801050.SI,20230314,4904.17,4362763.0
801050.SI,20230315,4897.48,2851782.0
801050.SI,20230316,4742.8,3819337.0
801050.SI,20230317,4777.89,3274718.0
801050.SI,20230320,4834.67,4023535.0
801050.SI,20230321,4898.63,3672695.0
801050.SI,20230322,4882.74,3425630.0
801050.SI,20230323,4925.6,3255404.0
801050.SI,20230324,4907.58,3153295.0
801050.SI,20230327,4893.33,3158409.0
801050.SI,20230328,4819.38,2966065.0
801050.SI,20230329,4801.7,2924237.0
801050.SI,20230330,4830.29,2795209.0
801050.SI,20230331,4865.39,3347632.0
801050.SI,20230403,4888.05,4081153.0
801050.SI,20230404,4860.8,3907176.0
801050.SI,20230406,4917.19,4154415.0
801050.SI,20230407,4891.04,2895276.0
801050.SI,20230410,4914.83,3229180.0
801050.SI,20230411,5027.65,4578456.0
801050.SI,20230412,5046.39,4419721.0
801050.SI,20230413,4995.56,4030695.0
801050.SI,20230414,5154.25,6390472.0
801050.SI,20230417,5193.47,5387249.0
801050.SI,20230418,5181.61,4991625.0
801050.SI,20230419,5169.78,4709891.0
801050.SI,20230420,5061.75,4592571.0
801050.SI,20230421,4943.16,3700877.0
801050.SI,20230424,4833.31,4102266.0
801050.SI,20230425,4703.7,4387732.0
801050.SI,20230426,4757.37,4014210.0
801050.SI,20230427,4754.04,3289893.0
801050.SI,20230428,4793.0,3274733.0
801050.SI,20230504,4795.19,3890814.0
801050.SI,20230505,4705.41,3099164.0
801050.SI,20230508,4770.45,3099632.0
801050.SI,20230509,4690.36,3505052.0
801050.SI,20230510,4720.98,3113915.0
801050.SI,20230511,4684.13,2784119.0
801050.SI,20230512,4538.95,3421385.0
801050.SI,20230515,4692.72,4314819.0
801050.SI,20230516,4664.32,3266049.0
801050.SI,20230517,4630.82,2331172.0
801050.SI,20230518,4623.86,2569231.0
801050.SI,20230519,4581.51,2304136.0
801050.SI,20230522,4585.82,1785373.0
801050.SI,20230523,4518.22,2134195.0
801050.SI,20230524,4494.46,2135297.0
801050.SI,20230525,4440.64,2225883.0
801050.SI,20230526,4438.38,2171206.0
801050.SI,20230529,4424.23,2158410.0
801050.SI,20230530,4418.38,2150439.0
801050.SI,20230531,4403.02,2277049.0
801050.SI,20230601,4436.23,2528883.0
801050.SI,20230602,4590.35,3888307.0
801050.SI,20230605,4542.49,2602007.0
801050.SI,20230606,4485.38,2482297.0
801050.SI,20230607,4451.38,1878432.0
801050.SI,20230608,4472.23,2459521.0
801050.SI,20230609,4518.69,2982436.0
801050.SI,20230612,4505.77,2315710.0
801050.SI,20230613,4503.8,1848835.0
801050.SI,20230614,4514.09,2587492.0
801050.SI,20230615,4554.89,3582239.0
801050.SI,20230616,4585.24,2918604.0
801050.SI,20230619,4508.26,2751383.0
801050.SI,20230620,4484.1,2307679.0
801050.SI,20230621,4406.19,2275624.0
801050.SI,20230626,4364.0,2317428.0
801050.SI,20230627,4437.42,2340493.0
801050.SI,20230628,4417.4,1889198.0
801050.SI,20230629,4398.67,2466539.0
801050.SI,20230630,4443.81,2913752.0
801050.SI,20230703,4525.39,3225627.0
801050.SI,20230704,4524.53,3303168.0
801050.SI,20230705,4615.23,5505381.0
801050.SI,20230706,4537.61,4516508.0
801050.SI,20230707,4522.89,3930229.0
801050.SI,20230710,4545.62,3654692.0
801050.SI,20230711,4579.56,3171596.0
801050.SI,20230712,4567.25,3544051.0
801050.SI,20230713,4653.49,4081112.0
801050.SI,20230714,4628.68,3434125.0
801050.SI,20230717,4568.59,2823167.0
801050.SI,20230718,4581.5,2684824.0
801050.SI,20230719,4594.28,2673111.0
801050.SI,20230720,4596.55,3245356.0
801050.SI,20230721,4555.61,2442562.0
801050.SI,20230724,4485.9,2331569.0
801050.SI,20230725,4619.99,3598678.0
801050.SI,20230726,4627.08,2505376.0
801050.SI,20230727,4583.95,2276276.0
801050.SI,20230728,4615.84,2888080.0
801050.SI,20230731,4676.04,3404756.0
801050.SI,20230801,4709.48,3563545.0
801050.SI,20230802,4679.59,3632024.0
801050.SI,20230803,4644.82,2786499.0
801050.SI,20230804,4667.53,3091570.0
801050.SI,20230807,4675.32,2760083.0
801050.SI,20230808,4691.77,2734042.0
801050.SI,20230809,4647.02,2188414.0
801050.SI,20230810,4636.14,1783826.0
801050.SI,20230811,4536.86,2171110.0
801050.SI,20230814,4501.52,2155707.0
801050.SI,20230815,4460.02,1765846.0
801050.SI,20230816,4415.5,1825721.0
801050.SI,20230817,4443.68,1868776.0
801050.SI,20230818,4352.81,1816742.0
801050.SI,20230821,4312.2,1620826.0
801050.SI,20230822,4356.73,2330213.0
801050.SI,20230823,4258.65,1909044.0
801050.SI,20230824,4327.06,2578060.0
801050.SI,20230825,4257.82,2169218.0
801050.SI,20230828,4272.34,3410649.0
801050.SI,20230829,4335.28,2815233.0
801050.SI,20230830,4354.3,2667867.0
801050.SI,20230831,4310.88,2299272.0
801050.SI,20230901,4400.48,2618533.0
801050.SI,20230904,4537.5,4242968.0
801050.SI,20230905,4518.99,2700611.0
801050.SI,20230906,4506.53,2100709.0
801050.SI,20230907,4432.66,2057528.0
801050.SI,20230908,4401.57,1743090.0
801050.SI,20230911,4458.2,2419705.0
801050.SI,20230912,4443.49,2351456.0
801050.SI,20230913,4422.67,2025394.0
801050.SI,20230914,4442.73,2647275.0
801050.SI,20230915,4452.66,2951322.0
801050.SI,20230918,4461.37,2840958.0
801050.SI,20230919,4436.07,2075003.0
801050.SI,20230920,4399.03,1707803.0
801050.SI,20230921,4354.76,1783580.0
801050.SI,20230922,4366.47,2413567.0
801050.SI,20230925,4325.81,1968007.0
801050.SI,20230926,4284.36,1739936.0
801050.SI,20230927,4277.84,2012191.0
801050.SI,20230928,4271.25,1956290.0
801050.SI,20231009,4265.76,2077757.0
801050.SI,20231010,4278.75,2217709.0
801050.SI,20231011,4244.1,2088178.0
801050.SI,20231012,4354.25,3239841.0
801050.SI,20231013,4291.17,2575730.0
801050.SI,20231016,4249.43,2731903.0
801050.SI,20231017,4234.27,2102007.0
801050.SI,20231018,4163.91,2070021.0
801050.SI,20231019,4117.47,2285643.0
801050.SI,20231020,4132.91,3007872.0
801050.SI,20231023,4011.07,2748048.0
801050.SI,20231024,4091.83,3015531.0
801050.SI,20231025,4125.84,2754156.0
801050.SI,20231026,4138.73,2567406.0
801050.SI,20231027,4200.73,3440239.0
801050.SI,20231030,4240.09,3217283.0
801050.SI,20231031,4232.15,2667952.0
801050.SI,20231101,4211.72,2280969.0
801050.SI,20231102,4162.69,2130095.0
801050.SI,20231103,4174.63,2180229.0
801050.SI,20231106,4201.84,3659069.0
801050.SI,20231107,4191.05,2880899.0
801050.SI,20231108,4154.61,2719466.0
801050.SI,20231109,4158.63,2402649.0
801050.SI,20231110,4141.67,2151835.0
801050.SI,20231113,4170.98,2092126.0
801050.SI,20231114,4161.26,1952182.0
801050.SI,20231115,4235.71,3637066.0
801050.SI,20231116,4183.1,2359655.0
801050.SI,20231117,4211.32,2185744.0
801050.SI,20231120,4213.43,2383641.0
801050.SI,20231121,4218.35,2701420.0
801050.SI,20231122,4139.79,2451807.0
801050.SI,20231123,4161.17,1751635.0
801050.SI,20231124,4116.56,1718458.0
801050.SI,20231127,4097.48,2108785.0
801050.SI,20231128,4108.6,1696243.0
801050.SI,20231129,4119.82,2311310.0
801050.SI,20231130,4091.26,2044053.0
801050.SI,20231201,4089.67,2141125.0
801050.SI,20231204,4138.72,3388181.0
801050.SI,20231205,4059.46,3274665.0
801050.SI,20231206,4140.34,4320840.0
801050.SI,20231207,4108.11,3061073.0
801050.SI,20231208,4075.84,2593558.0
801050.SI,20231211,4055.13,2756326.0
801050.SI,20231212,4042.46,1823232.0
801050.SI,20231213,3978.19,1859942.0
801050.SI,20231214,3976.64,2082353.0
801050.SI,20231215,4000.43,2663161.0
801050.SI,20231218,3949.98,2090555.0
801050.SI,20231219,3942.47,1607314.0
801050.SI,20231220,3939.95,1870463.0
801050.SI,20231221,3969.85,1983449.0
801050.SI,20231222,4023.38,3131516.0
801050.SI,20231225,4043.94,2138373.0
801050.SI,20231226,4028.66,2008427.0
801050.SI,20231227,4056.87,2088354.0
801050.SI,20231228,4163.23,4082581.0
801050.SI,20231229,4184.7,2822939.0
801050.SI,20240102,4192.98,2731230.0
801050.SI,20240103,4183.68,2393409.0
801050.SI,20240104,4143.23,2185689.0
801050.SI,20240105,4114.87,2603904.0
801050.SI,20240108,4058.59,2345718.0
801050.SI,20240109,4093.8,2390667.0
801050.SI,20240110,4074.42,2390561.0
801050.SI,20240111,4129.63,3315830.0
801050.SI,20240112,4123.21,2766526.0
801050.SI,20240115,4084.82,1966800.0
801050.SI,20240116,4076.13,2225244.0
801050.SI,20240117,3941.64,2199290.0
801050.SI,20240118,3937.23,3029694.0
801050.SI,20240119,3914.14,2273312.0
801050.SI,20240122,3728.86,2816853.0
801050.SI,20240123,3761.12,2313853.0
801050.SI,20240124,3815.41,2300177.0
801050.SI,20240125,3933.43,2619182.0
801050.SI,20240126,3941.99,2379748.0
801050.SI,20240129,3869.98,2400596.0
801050.SI,20240130,3789.99,1972186.0
801050.SI,20240131,3672.0,2548705.0
801050.SI,20240201,3657.04,2077065.0
801050.SI,20240202,3557.73,2595435.0
801050.SI,20240205,3437.51,2864341.0
801050.SI,20240206,3608.94,3061181.0
801050.SI,20240207,3722.67,3671154.0
801050.SI,20240208,3802.08,3761514.0
801050.SI,20240219,3842.77,3303093.0
801050.SI,20240220,3859.99,2417485.0
801050.SI,20240221,3890.15,3168083.0
801050.SI,20240222,3938.94,2341046.0
801050.SI,20240223,3990.54,2719254.0
801050.SI,20240226,3955.12,2846414.0
801050.SI,20240227,4006.26,2455984.0
801050.SI,20240228,3924.15,4002971.0
801050.SI,20240229,4037.77,3464813.0
801050.SI,20240301,4073.16,3027065.0
801050.SI,20240304,4094.6,3106249.0
801050.SI,20240305,4096.28,3412077.0
801050.SI,20240306,4126.48,2863618.0
801050.SI,20240307,4216.67,4925194.0
801050.SI,20240308,4256.2,3572661.0
801050.SI,20240311,4310.33,4153310.0
801050.SI,20240312,4226.03,3751035.0
801050.SI,20240313,4261.22,3106703.0
801050.SI,20240314,4323.72,4445373.0
801050.SI,20240315,4472.6,5305255.0
801050.SI,20240318,4485.88,4855772.0
801050.SI,20240319,4464.0,4362286.0
801050.SI,20240320,4459.47,3557424.0
801050.SI,20240321,4488.01,3974837.0
801050.SI,20240322,4379.43,4059748.0
801050.SI,20240325,4393.73,3998617.0
801050.SI,20240326,4380.65,3230767.0
801050.SI,20240327,4310.61,2942804.0
801050.SI,20240328,4401.59,3379406.0
801050.SI,20240329,4542.31,4349915.0
801050.SI,20240401,4635.44,5703042.0
801050.SI,20240402,4698.45,5797020.0
801050.SI,20240403,4851.44,9022251.0
801050.SI,20240408,4835.85,10324073.0
801050.SI,20240409,4858.69,8170879.0
801050.SI,20240410,4884.17,7289065.0
801050.SI,20240411,4874.95,7168454.0
801050.SI,20240412,4926.96,6690672.0
801050.SI,20240415,4884.99,6681845.0
801050.SI,20240416,4643.89,6206502.0
801050.SI,20240417,4773.06,5185071.0
801050.SI,20240418,4838.75,5892901.0
801050.SI,20240419,4812.94,6343920.0
801050.SI,20240422,4694.74,5768280.0
801050.SI,20240423,4500.7,5734047.0
801050.SI,20240424,4570.02,4536714.0
801050.SI,20240425,4588.22,4400114.0
801050.SI,20240426,4714.86,5555960.0
801050.SI,20240429,4697.25,5736876.0
801050.SI,20240430,4651.51,4795821.0
801050.SI,20240506,4700.62,5174110.0
801050.SI,20240507,4727.82,4695584.0
801050.SI,20240508,4691.53,4044830.0
801050.SI,20240509,4809.13,5158626.0
801050.SI,20240510,4845.34,5095290.0
801050.SI,20240513,4779.83,4034298.0
801050.SI,20240514,4814.87,4015870.0
801050.SI,20240515,4767.4,4016878.0
801050.SI,20240516,4725.79,4377383.0
801050.SI,20240517,4801.02,3792080.0
801050.SI,20240520,4979.91,7270959.0
801050.SI,20240521,4826.01,6251706.0
801050.SI,20240522,4790.34,4463969.0
801050.SI,20240523,4627.52,4580649.0
801050.SI,20240524,4623.18,3414755.0
801050.SI,20240527,4701.25,3578555.0
801050.SI,20240528,4700.59,4161641.0
801050.SI,20240529,4823.86,5213161.0
801050.SI,20240530,4666.94,5102093.0
801050.SI,20240531,4638.44,3697593.0
801050.SI,20240603,4539.08,3902520.0
801050.SI,20240604,4585.5,3347836.0
801050.SI,20240605,4478.48,3232537.0
801050.SI,20240606,4512.5,3842469.0
801050.SI,20240607,4517.8,3311840.0
801050.SI,20240611,4412.52,3244566.0
801050.SI,20240612,4460.65,2562410.0
801050.SI,20240613,4380.53,2915199.0
801050.SI,20240614,4402.17,2876341.0
801050.SI,20240617,4352.09,2588790.0
801050.SI,20240618,4380.26,2820196.0
801050.SI,20240619,4402.01,2921553.0
801050.SI,20240620,4374.08,2946835.0
801050.SI,20240621,4340.52,2539975.0
801050.SI,20240624,4259.45,2624703.0
801050.SI,20240625,4261.06,2209263.0
801050.SI,20240626,4315.05,2649078.0
801050.SI,20240627,4208.21,2415705.0
801050.SI,20240628,4298.49,2957823.0
801050.SI,20240701,4400.83,3350988.0
801050.SI,20240702,4341.11,2695768.0
801050.SI,20240703,4335.52,2303033.0
801050.SI,20240704,4303.02,2935974.0
801050.SI,20240705,4410.68,3018888.0
801050.SI,20240708,4356.34,3096153.0
801050.SI,20240709,4442.46,3333404.0
801050.SI,20240710,4370.47,3741036.0
801050.SI,20240711,4536.43,4439291.0
801050.SI,20240712,4455.36,4374286.0
801050.SI,20240715,4489.58,3575034.0
801050.SI,20240716,4527.43,3419021.0
801050.SI,20240717,4401.01,4193950.0
801050.SI,20240718,4401.01,3253048.0
801050.SI,20240719,4324.87,3467318.0
801050.SI,20240722,4275.94,2881741.0
801050.SI,20240723,4070.43,3447611.0
801050.SI,20240724,4035.55,2468146.0
801050.SI,20240725,3927.7,3039756.0
801050.SI,20240726,4018.49,2590664.0
801050.SI,20240729,4020.55,2089051.0
801050.SI,20240730,3987.57,1945130.0
801050.SI,20240731,4144.76,3074484.0
801050.SI,20240801,4135.38,2713578.0
801050.SI,20240802,4060.51,2657048.0
801050.SI,20240805,3960.68,2921156.0
801050.SI,20240806,3957.47,2494405.0
801050.SI,20240807,3971.15,2054303.0
801050.SI,20240808,3932.47,1955501.0
801050.SI,20240809,3944.74,2231710.0
801050.SI,20240812,3939.73,1592806.0
801050.SI,20240813,3969.71,1899902.0
801050.SI,20240814,3916.76,1502366.0
801050.SI,20240815,3951.85,1839758.0
801050.SI,20240816,3954.15,2335507.0
801050.SI,20240819,4019.78,2580978.0
801050.SI,20240820,3969.45,2438508.0
801050.SI,20240821,4007.64,2265406.0
801050.SI,20240822,3954.6,1960119.0
801050.SI,20240823,3938.76,1644527.0
801050.SI,20240826,3993.84,2385156.0
801050.SI,20240827,3940.34,1974609.0
801050.SI,20240828,3919.79,2259473.0
801050.SI,20240829,3960.86,2421810.0
801050.SI,20240830,3980.48,3620729.0
801050.SI,20240902,3888.56,2892060.0
801050.SI,20240903,3898.69,2280814.0
801050.SI,20240904,3802.7,2549449.0
801050.SI,20240905,3802.72,1976167.0
801050.SI,20240906,3776.46,1719208.0
801050.SI,20240909,3700.9,2038712.0
801050.SI,20240910,3702.69,1738661.0
801050.SI,20240911,3734.69,2321799.0
801050.SI,20240912,3727.88,2175205.0
801050.SI,20240913,3725.17,2566236.0
801050.SI,20240918,3753.36,2027231.0
801050.SI,20240919,3864.64,2947225.0
801050.SI,20240920,3919.14,2659680.0
801050.SI,20240923,3912.76,2233262.0
801050.SI,20240924,4065.63,3966002.0
801050.SI,20240925,4113.1,4706581.0
801050.SI,20240926,4258.04,3817831.0
801050.SI,20240927,4425.15,5270125.0
801050.SI,20240930,4760.66,10823980.0
801050.SI,20241008,4884.56,14100224.0
801050.SI,20241009,4485.86,9012406.0
801050.SI,20241010,4557.23,6656382.0
801050.SI,20241011,4463.82,5138626.0
801050.SI,20241014,4606.38,5442254.0
801050.SI,20241015,4455.6,5064472.0
801050.SI,20241016,4495.9,4314990.0
801050.SI,20241017,4437.03,4082604.0
801050.SI,20241018,4546.37,6050616.0
801050.SI,20241021,4665.83,6755453.0
801050.SI,20241022,4697.31,5482324.0
801050.SI,20241023,4691.57,5937695.0
801050.SI,20241024,4629.39,4297990.0
801050.SI,20241025,4654.05,6112459.0
801050.SI,20241028,4691.19,5585982.0
801050.SI,20241029,4628.88,6331657.0
801050.SI,20241030,4594.2,5811774.0
801050.SI,20241031,4590.56,6317896.0
801050.SI,20241101,4730.3,10417058.0
801050.SI,20241104,4756.99,9341563.0
801050.SI,20241105,4914.57,10281374.0
801050.SI,20241106,4943.45,12150954.0
801050.SI,20241107,4937.17,10355088.0
801050.SI,20241108,4894.26,10071218.0
801050.SI,20241111,4905.29,8880960.0
801050.SI,20241112,4829.52,10139441.0
801050.SI,20241113,4850.67,7694255.0
801050.SI,20241114,4694.03,7002273.0
801050.SI,20241115,4614.97,5803493.0
801050.SI,20241118,4526.29,5687037.0
801050.SI,20241119,4678.92,5662672.0
801050.SI,20241120,4702.87,5876835.0
801050.SI,20241121,4723.04,5323746.0
801050.SI,20241122,4600.61,6717195.0
801050.SI,20241125,4587.66,5585850.0
801050.SI,20241126,4526.69,4400681.0
801050.SI,20241127,4567.69,4598724.0
801050.SI,20241128,4516.71,4417217.0
801050.SI,20241129,4572.59,4899260.0
801050.SI,20241202,4614.4,5140920.0
801050.SI,20241203,4614.16,4862861.0
801050.SI,20241204,4617.87,5645676.0
801050.SI,20241205,4593.1,4597168.0
801050.SI,20241206,4636.23,4896095.0
801050.SI,20241209,4645.78,4964989.0
801050.SI,20241210,4658.77,6146641.0
801050.SI,20241211,4717.77,5044564.0
801050.SI,20241212,4743.58,4737615.0
801050.SI,20241213,4597.29,5325008.0
801050.SI,20241216,4534.73,3858523.0
801050.SI,20241217,4498.61,3481197.0
801050.SI,20241218,4490.01,2906400.0
801050.SI,20241219,4471.53,3223994.0
801050.SI,20241220,4455.03,3664016.0
801050.SI,20241223,4429.12,3745838.0
801050.SI,20241224,4473.42,3064595.0
801050.SI,20241225,4417.31,2867978.0
801050.SI,20241226,4447.18,2628794.0
801050.SI,20241227,4424.79,3373346.0
801050.SI,20241230,4440.0,3192220.0
801050.SI,20241231,4317.99,3311837.0
801050.SI,20250102,4280.14,3892242.0
801050.SI,20250103,4291.44,4800714.0
801050.SI,20250106,4323.39,4216479.0
801050.SI,20250107,4424.98,4100068.0
801050.SI,20250108,4366.16,4115893.0
801050.SI,20250109,4394.85,3652388.0
801050.SI,20250110,4377.31,4047352.0
801050.SI,20250113,4456.58,4558584.0
801050.SI,20250114,4533.26,5019395.0
801050.SI,20250115,4474.13,4651406.0
801050.SI,20250116,4553.92,5187130.0
801050.SI,20250117,4572.87,3896215.0
801050.SI,20250120,4549.9,3827657.0
801050.SI,20250121,4528.65,3500179.0
801050.SI,20250122,4521.65,3506521.0
801050.SI,20250123,4482.91,4311559.0
801050.SI,20250124,4531.47,3749387.0
801050.SI,20250127,4510.9,3447836.0
801050.SI,20250205,4561.87,4421276.0
801050.SI,20250206,4614.38,5099735.0
801050.SI,20250207,4668.65,5621102.0
801050.SI,20250210,4692.11,4941716.0
801050.SI,20250211,4701.75,5361845.0
801050.SI,20250212,4672.4,4838859.0
801050.SI,20250213,4640.6,4236647.0
801050.SI,20250214,4664.33,3768012.0
801050.SI,20250217,4565.92,4467189.0
801050.SI,20250218,4528.49,3952064.0
801050.SI,20250219,4575.36,4250844.0
801050.SI,20250220,4606.81,4648151.0
801050.SI,20250221,4593.64,4985818.0
801050.SI,20250224,4597.72,4650552.0
801050.SI,20250225,4554.11,4942617.0
801050.SI,20250226,4588.02,4869729.0
801050.SI,20250227,4565.84,5416240.0
801050.SI,20250228,4486.84,5266194.0
801050.SI,20250303,4591.58,6526781.0
801050.SI,20250304,4630.99,5331087.0
801050.SI,20250305,4669.3,5265873.0
801050.SI,20250306,4733.64,6109380.0
801050.SI,20250307,4804.5,7752748.0
801050.SI,20250310,4862.59,7384801.0
801050.SI,20250311,4889.36,7352754.0
801050.SI,20250312,4891.9,6702251.0
801050.SI,20250313,4906.75,6511881.0
801050.SI,20250314,4975.62,8363905.0
801050.SI,20250317,4936.29,6611619.0
801050.SI,20250318,5007.15,7002433.0
801050.SI,20250319,5020.22,6154573.0
801050.SI,20250320,5005.69,5892820.0
801050.SI,20250321,4888.4,6095024.0
801050.SI,20250324,4944.11,6911278.0
801050.SI,20250325,4967.46,6313684.0
801050.SI,20250326,4950.23,7129087.0
801050.SI,20250327,4885.86,5337953.0
801050.SI,20250328,4877.56,5599162.0
801050.SI,20250331,4834.57,5170298.0
801050.SI,20250401,4842.51,4533233.0
801050.SI,20250402,4800.56,4022310.0
801050.SI,20250403,4737.9,5161849.0
801050.SI,20250407,4306.77,6997627.0
801050.SI,20250408,4295.55,7792064.0
801050.SI,20250409,4341.66,7663284.0
801050.SI,20250410,4490.11,7414793.0
801050.SI,20250411,4530.9,6221971.0
801050.SI,20250414,4642.25,6214524.0
801050.SI,20250415,4614.82,4729374.0
801050.SI,20250416,4599.03,4899458.0
801050.SI,20250417,4579.97,5161165.0
801050.SI,20250418,4572.2,3910267.0
801050.SI,20250421,4745.3,5678631.0
801050.SI,20250422,4727.5,5957649.0
801050.SI,20250423,4667.92,6208602.0
801050.SI,20250424,4636.02,4440264.0
801050.SI,20250425,4641.0,4279194.0
801050.SI,20250428,4619.69,3601852.0
801050.SI,20250429,4618.07,2980944.0
801050.SI,20250430,4603.44,3365454.0
801050.SI,20250506,4721.86,5541623.0
801050.SI,20250507,4743.23,5265167.0
801050.SI,20250508,4722.81,4263199.0
801050.SI,20250509,4695.15,3787263.0
801050.SI,20250512,4744.4,4881387.0
801050.SI,20250513,4747.86,4399293.0
801050.SI,20250514,4786.78,4860196.0
801050.SI,20250515,4724.19,4891509.0
801050.SI,20250516,4723.75,4391045.0
801050.SI,20250519,4711.8,3931039.0
801050.SI,20250520,4737.33,4166047.0
801050.SI,20250521,4834.54,5330376.0
801050.SI,20250522,4786.61,4150031.0
801050.SI,20250523,4783.3,4417956.0
801050.SI,20250526,4799.28,4220940.0
801050.SI,20250527,4700.02,3864749.0
801050.SI,20250528,4700.09,2919486.0
801050.SI,20250529,4714.48,3306357.0
801050.SI,20250530,4668.39,2859375.0
801050.SI,20250603,4733.82,4012884.0
801050.SI,20250604,4798.96,4813318.0
801050.SI,20250605,4787.48,4603445.0
801050.SI,20250606,4842.88,4952881.0
801050.SI,20250609,4864.76,6320684.0
801050.SI,20250610,4869.71,6227462.0
801050.SI,20250611,4977.24,7657934.0
801050.SI,20250612,5047.03,7164492.0
801050.SI,20250613,5026.6,8045135.0
801050.SI,20250616,5005.01,6247892.0
801050.SI,20250617,5002.87,5388414.0
801050.SI,20250618,4976.06,5029489.0
801050.SI,20250619,4880.62,4827368.0
801050.SI,20250620,4846.95,3821622.0
801050.SI,20250623,4897.27,4252748.0
801050.SI,20250624,4936.99,5395044.0
801050.SI,20250625,4980.56,4908450.0
801050.SI,20250626,4986.56,5195567.0
801050.SI,20250627,5094.64,7266450.0
801050.SI,20250630,5100.49,6724607.0
801050.SI,20250701,5176.42,6370760.0
801050.SI,20250702,5214.55,7141939.0
801050.SI,20250703,5230.85,5819085.0
801050.SI,20250704,5147.33,5542668.0
801050.SI,20250707,5116.66,4095656.0
801050.SI,20250708,5177.64,5708913.0
801050.SI,20250709,5060.57,6391354.0
801050.SI,20250710,5110.35,6804415.0
801050.SI,20250711,5199.61,10072725.0
801050.SI,20250714,5228.75,10124486.0
801050.SI,20250715,5184.98,8188930.0
801050.SI,20250716,5161.62,5892666.0
801050.SI,20250717,5185.11,6107916.0
801050.SI,20250718,5294.21,9406067.0
801050.SI,20250721,5421.69,10210978.0
801050.SI,20250722,5531.18,11058497.0
801050.SI,20250723,5509.18,10035846.0
801050.SI,20250724,5662.11,14050734.0
801050.SI,20250725,5648.91,12269902.0
801050.SI,20250728,5621.52,10354279.0
801050.SI,20250729,5606.22,8748089.0
801050.SI,20250730,5570.96,9440993.0
801050.SI,20250731,5393.43,8958473.0
801050.SI,20250801,5388.2,6215926.0
801050.SI,20250804,5488.95,6570517.0
801050.SI,20250805,5513.16,6372281.0
801050.SI,20250806,5573.09,6953505.0
801050.SI,20250807,5640.04,10710452.0
801050.SI,20250808,5699.68,9638596.0
801050.SI,20250811,5720.83,9711397.0
801050.SI,20250812,5697.8,8663695.0
801050.SI,20250813,5832.9,10014585.0
801050.SI,20250814,5777.23,10531165.0
801050.SI,20250815,5905.88,10736144.0
801050.SI,20250818,5913.92,13320641.0
801050.SI,20250819,5892.45,13576974.0
801050.SI,20250820,5961.83,12681484.0
801050.SI,20250821,5927.99,11302129.0
801050.SI,20250822,5984.59,11726906.0
801050.SI,20250825,6261.89,17309496.0
801050.SI,20250826,6248.97,14276178.0
801050.SI,20250827,6179.97,15861171.0
801050.SI,20250828,6260.6,14757413.0
801050.SI,20250829,6413.26,16369833.0
801050.SI,20250901,6635.29,17631208.0
801050.SI,20250902,6564.04,17287933.0
801050.SI,20250903,6510.65,14459707.0
801050.SI,20250904,6273.23,15142029.0
801050.SI,20250905,6548.93,13177891.0
801050.SI,20250908,6550.64,13463862.0
801050.SI,20250909,6599.61,14583977.0
801050.SI,20250910,6542.01,11432472.0
801050.SI,20250911,6665.04,11821046.0
801050.SI,20250912,6795.38,16434238.0
801050.SI,20250915,6740.18,12749089.0
801050.SI,20250916,6673.36,13152814.0
801050.SI,20250917,6683.57,10831743.0
801050.SI,20250918,6445.59,12834946.0
801050.SI,20250919,6522.39,9331525.0
801050.SI,20250922,6586.25,9666992.0
801050.SI,20250923,6536.3,10849917.0
801050.SI,20250924,6626.22,8832119.0
801050.SI,20250925,6750.06,12683641.0
801050.SI,20250926,6752.28,10970643.0
801050.SI,20250929,7007.58,12537627.0
801050.SI,20250930,7233.5,15693536.0
801050.SI,20251009,7783.14,21400730.0
801050.SI,20251010,7554.83,20314518.0
801050.SI,20251013,7807.9,22087168.0
801050.SI,20251014,7521.91,24409913.0
801050.SI,20251015,7633.71,17921364.0
801050.SI,20251016,7476.09,14274958.0
801050.SI,20251017,7322.8,14720905.0
801050.SI,20251020,7224.74,12054900.0
801050.SI,20251021,7327.28,11584664.0
801050.SI,20251022,7227.73,11234794.0
801050.SI,20251023,7300.58,10751099.0
801050.SI,20251024,7405.69,11873379.0
801050.SI,20251027,7582.46,14650899.0
801050.SI,20251028,7376.03,14143664.0
801050.SI,20251029,7692.09,14720114.0
801050.SI,20251030,7752.85,19134782.0
801050.SI,20251031,7595.37,14958591.0
801050.SI,20251103,7503.48,13272890.0
801050.SI,20251104,7275.48,10868488.0
801050.SI,20251105,7319.55,10338648.0
801050.SI,20251106,7542.88,11584073.0
801050.SI,20251107,7592.23,11410324.0
801050.SI,20251110,7618.95,12477825.0
801050.SI,20251111,7530.78,10677473.0
801050.SI,20251112,7527.67,10721204.0
801050.SI,20251113,7829.42,16008858.0
801050.SI,20251114,7673.43,11797653.0
801050.SI,20251117,7620.26,12612418.0
801050.SI,20251118,7406.66,12641265.0
801050.SI,20251119,7583.59,12094787.0
801050.SI,20251120,7552.47,11695540.0
801050.SI,20251121,7155.23,10535884.0
801050.SI,20251124,7120.92,9186083.0
801050.SI,20251125,7293.12,9667567.0
801050.SI,20251126,7272.32,8088979.0
801050.SI,20251127,7291.32,7896893.0
801050.SI,20251128,7396.64,8308824.0
801050.SI,20251201,7607.77,12710004.0
801050.SI,20251202,7504.43,7538740.0
801050.SI,20251203,7551.99,10035861.0
801050.SI,20251204,7576.91,9788123.0
801050.SI,20251205,7792.0,11567232.0
801050.SI,20251208,7846.97,11739236.0
801050.SI,20251209,7609.59,10577092.0
801050.SI,20251210,7688.37,9262794.0
801050.SI,20251211,7640.36,11002600.0
801050.SI,20251212,7755.27,11970191.0
801050.SI,20251215,7715.84,10633563.0
801050.SI,20251216,7499.07,10086680.0
801050.SI,20251217,7726.3,11094597.0
801050.SI,20251218,7720.83,9395537.0
801050.SI,20251219,7868.84,10866136.0
801050.SI,20251222,8056.21,12504363.0
801050.SI,20251223,8090.2,13399120.0
801050.SI,20251224,8139.52,12187865.0
801050.SI,20251225,8076.79,10659176.0
801050.SI,20251226,8374.47,15619724.0
801050.SI,20251229,8210.98,16346586.0
801050.SI,20251230,8318.24,13283298.0
801050.SI,20251231,8408.59,13450370.0
801080.SI,20221010,3273.34,4267801.0
801080.SI,20221011,3261.49,3776757.0
801080.SI,20221012,3405.48,5484602.0
801080.SI,20221013,3409.74,4877166.0
801080.SI,20221014,3492.56,5267164.0
801080.SI,20221017,3569.69,5351501.0
801080.SI,20221018,3557.92,4833027.0
801080.SI,20221019,3531.39,4611001.0
801080.SI,20221020,3600.84,6642245.0
801080.SI,20221021,3557.03,5447055.0
801080.SI,20221024,3539.68,6277537.0
801080.SI,20221025,3516.04,5496958.0
801080.SI,20221026,3603.67,6598774.0
801080.SI,20221027,3586.33,7005902.0
801080.SI,20221028,3474.34,7142681.0
801080.SI,20221031,3536.0,6955833.0
801080.SI,20221101,3611.77,6729220.0
801080.SI,20221102,3656.79,7943559.0
801080.SI,20221103,3708.24,8093740.0
801080.SI,20221104,3764.49,8248544.0
801080.SI,20221107,3773.18,8005415.0
801080.SI,20221108,3733.98,6146861.0
801080.SI,20221109,3705.82,5626228.0
801080.SI,20221110,3611.8,6497305.0
801080.SI,20221111,3650.59,8264763.0
801080.SI,20221114,3648.39,6403149.0
801080.SI,20221115,3849.29,10712761.0
801080.SI,20221116,3808.33,8389937.0
801080.SI,20221117,3852.81,8436299.0
801080.SI,20221118,3776.66,7614476.0
801080.SI,20221121,3774.9,5723137.0
801080.SI,20221122,3740.72,6249157.0
801080.SI,20221123,3706.49,5792022.0
801080.SI,20221124,3681.74,4615277.0
801080.SI,20221125,3641.41,4560092.0
801080.SI,20221128,3600.68,4395850.0
801080.SI,20221129,3657.17,5114633.0
801080.SI,20221130,3650.41,5136852.0
801080.SI,20221201,3689.22,6073120.0
801080.SI,20221202,3669.62,4691001.0
801080.SI,20221205,3679.06,5724049.0
801080.SI,20221206,3732.04,6855971.0
801080.SI,20221207,3699.35,5490546.0
801080.SI,20221208,3650.3,4556956.0
801080.SI,20221209,3670.25,5316818.0
801080.SI,20221212,3723.89,6322441.0
801080.SI,20221213,3658.03,4792100.0
801080.SI,20221214,3654.22,6993307.0
801080.SI,20221215,3716.55,6968578.0
801080.SI,20221216,3655.81,5686261.0
801080.SI,20221219,3566.77,4877211.0
801080.SI,20221220,3569.49,4352543.0
801080.SI,20221221,3524.68,4122194.0
801080.SI,20221222,3486.78,4029508.0
801080.SI,20221223,3441.72,3734604.0
801080.SI,20221226,3529.66,4058926.0
801080.SI,20221227,3560.57,3820332.0
801080.SI,20221228,3510.18,3400274.0
801080.SI,20221229,3497.57,3192392.0
801080.SI,20221230,3486.7,3140371.0
801080.SI,20230103,3554.59,4239188.0
801080.SI,20230104,3512.1,5371172.0
801080.SI,20230105,3558.6,5369795.0
801080.SI,20230106,3562.02,5877191.0
801080.SI,20230109,3592.85,5257253.0
801080.SI,20230110,3623.91,5572619.0
801080.SI,20230111,3594.17,6009731.0
801080.SI,20230112,3604.77,5140708.0
801080.SI,20230113,3595.54,4560819.0
801080.SI,20230116,3676.76,6798905.0
801080.SI,20230117,3738.02,6696742.0
801080.SI,20230118,3734.19,4801452.0
801080.SI,20230119,3802.02,5581915.0
801080.SI,20230120,3805.36,4859012.0
801080.SI,20230130,3865.51,7717108.0
801080.SI,20230131,3818.53,6723488.0
801080.SI,20230201,3885.17,7192236.0
801080.SI,20230202,3902.27,8124123.0
801080.SI,20230203,3916.82,7153279.0
801080.SI,20230206,3878.52,6419146.0
801080.SI,20230207,3881.4,6045761.0
801080.SI,20230208,3842.43,5847935.0
801080.SI,20230209,3966.2,8610621.0
801080.SI,20230210,3948.04,7469517.0
801080.SI,20230213,3964.68,7055260.0
801080.SI,20230214,3963.65,7149134.0
801080.SI,20230215,4028.4,7956189.0
801080.SI,20230216,3926.78,9690352.0
801080.SI,20230217,3818.01,7032969.0
801080.SI,20230220,3868.85,5974724.0
801080.SI,20230221,3872.21,5378529.0
801080.SI,20230222,3855.05,4581153.0
801080.SI,20230223,3853.47,5100817.0
801080.SI,20230224,3831.24,5021410.0
801080.SI,20230227,3770.89,5223166.0
801080.SI,20230228,3804.57,5189581.0
801080.SI,20230301,3852.09,5998601.0
801080.SI,20230302,3826.16,6020634.0
801080.SI,20230303,3861.06,7466931.0
801080.SI,20230306,3858.5,7166161.0
801080.SI,20230307,3744.66,6872473.0
801080.SI,20230308,3788.77,5649887.0
801080.SI,20230309,3813.04,6998390.0
801080.SI,20230310,3767.48,7008697.0
801080.SI,20230313,3776.55,6200463.0
801080.SI,20230314,3792.56,8476067.0
801080.SI,20230315,3813.64,8637827.0
801080.SI,20230316,3765.19,7842641.0
801080.SI,20230317,3811.67,8567702.0
801080.SI,20230320,3873.96,10409520.0
801080.SI,20230321,3888.9,7930382.0
801080.SI,20230322,3940.78,9344489.0
801080.SI,20230323,4051.06,13257543.0
801080.SI,20230324,4077.93,13018024.0
801080.SI,20230327,4036.44,11986241.0
801080.SI,20230328,3923.44,9459716.0
801080.SI,20230329,3985.11,9986466.0
801080.SI,20230330,4015.17,10515290.0
801080.SI,20230331,4027.21,9041260.0
801080.SI,20230403,4141.42,13754470.0
801080.SI,20230404,4161.28,16037279.0
801080.SI,20230406,4298.03,19188147.0
801080.SI,20230407,4296.67,13865484.0
801080.SI,20230410,4195.82,14697956.0
801080.SI,20230411,4204.15,11437790.0
801080.SI,20230412,4275.14,12949250.0
801080.SI,20230413,4131.05,12231876.0
801080.SI,20230414,4213.53,12442484.0
801080.SI,20230417,4170.11,10907387.0
801080.SI,20230418,4120.42,10224563.0
801080.SI,20230419,4093.0,11450500.0
801080.SI,20230420,4159.72,12517450.0
801080.SI,20230421,3943.31,13775609.0
801080.SI,20230424,3863.22,9942966.0
801080.SI,20230425,3755.13,10124917.0
801080.SI,20230426,3695.59,9676996.0
801080.SI,20230427,3665.89,8494840.0
801080.SI,20230428,3725.07,8589975.0
801080.SI,20230504,3661.02,7634576.0
801080.SI,20230505,3623.05,6683727.0
801080.SI,20230508,3627.46,6338855.0
801080.SI,20230509,3617.13,7633219.0
801080.SI,20230510,3599.09,6355800.0
801080.SI,20230511,3617.3,5690182.0
801080.SI,20230512,3568.43,6085285.0
801080.SI,20230515,3612.76,5802366.0
801080.SI,20230516,3628.38,6921573.0
801080.SI,20230517,3666.7,6710202.0
801080.SI,20230518,3683.42,7495826.0
801080.SI,20230519,3752.99,9240580.0
801080.SI,20230522,3728.76,7321182.0
801080.SI,20230523,3678.4,6118103.0
801080.SI,20230524,3686.93,6999740.0
801080.SI,20230525,3712.18,7438769.0
801080.SI,20230526,3749.64,7592048.0
801080.SI,20230529,3765.74,9530960.0
801080.SI,20230530,3788.54,9193526.0
801080.SI,20230531,3809.26,9590921.0
801080.SI,20230601,3818.84,9653422.0
801080.SI,20230602,3833.64,8442450.0
801080.SI,20230605,3850.06,8476125.0
801080.SI,20230606,3721.74,8752301.0
801080.SI,20230607,3755.05,7699262.0
801080.SI,20230608,3699.64,7697559.0
801080.SI,20230609,3751.47,9117705.0
801080.SI,20230612,3796.11,9130659.0
801080.SI,20230613,3863.08,9578726.0
801080.SI,20230614,3862.93,8886159.0
801080.SI,20230615,3846.4,8270559.0
801080.SI,20230616,3901.0,8247764.0
801080.SI,20230619,3957.65,10182996.0
801080.SI,20230620,3960.42,9993029.0
801080.SI,20230621,3839.6,9246077.0
801080.SI,20230626,3764.39,8374084.0
801080.SI,20230627,3797.16,6298986.0
801080.SI,20230628,3743.31,7353288.0
801080.SI,20230629,3794.61,7112305.0
801080.SI,20230630,3870.12,8135887.0
801080.SI,20230703,3882.86,8981776.0
801080.SI,20230704,3951.2,8945326.0
801080.SI,20230705,3918.0,8048083.0
801080.SI,20230706,3948.21,8481582.0
801080.SI,20230707,3896.83,7627554.0
801080.SI,20230710,3876.76,6085262.0
801080.SI,20230711,3962.42,7671262.0
801080.SI,20230712,3880.66,8287963.0
801080.SI,20230713,3991.41,9738932.0
801080.SI,20230714,4027.88,10878883.0
801080.SI,20230717,4010.96,9472599.0
801080.SI,20230718,4009.49,10279947.0
801080.SI,20230719,3970.1,8571175.0
801080.SI,20230720,3868.3,8043273.0
801080.SI,20230721,3844.16,7146861.0
801080.SI,20230724,3842.88,6156819.0
801080.SI,20230725,3898.69,7219463.0
801080.SI,20230726,3847.53,6056412.0
801080.SI,20230727,3790.57,5803374.0
801080.SI,20230728,3810.17,5742616.0
801080.SI,20230731,3838.26,6120782.0
801080.SI,20230801,3862.6,5999349.0
801080.SI,20230802,3865.37,5454283.0
801080.SI,20230803,3859.2,5033250.0
801080.SI,20230804,3869.82,6188278.0
801080.SI,20230807,3871.58,5377454.0
801080.SI,20230808,3845.52,4815055.0
801080.SI,20230809,3781.98,4606518.0
801080.SI,20230810,3783.02,4089963.0
801080.SI,20230811,3696.69,4432853.0
801080.SI,20230814,3686.99,4291884.0
801080.SI,20230815,3634.21,4707436.0
801080.SI,20230816,3568.43,4085917.0
801080.SI,20230817,3593.98,4105618.0
801080.SI,20230818,3520.44,4073645.0
801080.SI,20230821,3485.74,3601514.0
801080.SI,20230822,3542.67,4995676.0
801080.SI,20230823,3452.24,3896896.0
801080.SI,20230824,3487.42,4768666.0
801080.SI,20230825,3389.81,4832049.0
801080.SI,20230828,3419.65,5766770.0
801080.SI,20230829,3546.58,6325347.0
801080.SI,20230830,3624.36,7973679.0
801080.SI,20230831,3647.27,6795136.0
801080.SI,20230901,3629.08,5411627.0
801080.SI,20230904,3687.49,6063277.0
801080.SI,20230905,3690.18,8320215.0
801080.SI,20230906,3751.9,9626665.0
801080.SI,20230907,3650.52,9027802.0
801080.SI,20230908,3673.65,7926729.0
801080.SI,20230911,3687.72,8374559.0
801080.SI,20230912,3683.34,7068580.0
801080.SI,20230913,3618.63,7218016.0
801080.SI,20230914,3579.73,6227916.0
801080.SI,20230915,3588.55,6746218.0
801080.SI,20230918,3573.64,6103670.0
801080.SI,20230919,3539.16,5825675.0
801080.SI,20230920,3504.86,5060637.0
801080.SI,20230921,3503.26,5159819.0
801080.SI,20230922,3600.68,7013304.0
801080.SI,20230925,3568.33,8155365.0
801080.SI,20230926,3535.73,7230458.0
801080.SI,20230927,3530.46,6536662.0
801080.SI,20230928,3598.55,8981283.0
801080.SI,20231009,3635.51,9514000.0
801080.SI,20231010,3669.46,10842261.0
801080.SI,20231011,3730.53,12791771.0
801080.SI,20231012,3752.65,12135751.0
801080.SI,20231013,3774.74,12681266.0
801080.SI,20231016,3688.28,12294416.0
801080.SI,20231017,3694.03,9817500.0
801080.SI,20231018,3641.21,10795356.0
801080.SI,20231019,3633.85,12058626.0
801080.SI,20231020,3551.42,10400434.0
801080.SI,20231023,3487.02,10166124.0
801080.SI,20231024,3536.13,11651542.0
801080.SI,20231025,3559.82,11067887.0
801080.SI,20231026,3567.52,11255121.0
801080.SI,20231027,3626.51,12700945.0
801080.SI,20231030,3780.89,16813668.0
801080.SI,20231031,3757.84,14232815.0
801080.SI,20231101,3733.09,11316041.0
801080.SI,20231102,3680.46,10966470.0
801080.SI,20231103,3783.02,13087873.0
801080.SI,20231106,3886.42,16574532.0
801080.SI,20231107,3912.8,16076465.0
801080.SI,20231108,3913.34,15639512.0
801080.SI,20231109,3857.85,13350669.0
801080.SI,20231110,3860.67,12811958.0
801080.SI,20231113,3878.13,12074193.0
801080.SI,20231114,3917.96,13240842.0
801080.SI,20231115,3922.5,14222625.0
801080.SI,20231116,3868.09,11867770.0
801080.SI,20231117,3893.95,11390538.0
801080.SI,20231120,3889.67,13725937.0
801080.SI,20231121,3833.2,13131175.0
801080.SI,20231122,3768.0,11104944.0
801080.SI,20231123,3817.5,10027585.0
801080.SI,20231124,3749.18,9535225.0
801080.SI,20231127,3796.45,10362658.0
801080.SI,20231128,3819.11,10541152.0
801080.SI,20231129,3816.6,11007769.0
801080.SI,20231130,3785.94,9639175.0
801080.SI,20231201,3796.65,8575282.0
801080.SI,20231204,3767.24,8619119.0
801080.SI,20231205,3668.01,8566254.0
801080.SI,20231206,3670.33,7907449.0
801080.SI,20231207,3651.97,8154042.0
801080.SI,20231208,3717.73,12002633.0
801080.SI,20231211,3763.73,10253096.0
801080.SI,20231212,3766.27,8812298.0
801080.SI,20231213,3728.06,7228527.0
801080.SI,20231214,3704.59,7103883.0
801080.SI,20231215,3680.35,6423678.0
801080.SI,20231218,3629.32,6143555.0
801080.SI,20231219,3668.99,6131193.0
801080.SI,20231220,3630.47,6779150.0
801080.SI,20231221,3649.22,7133530.0
801080.SI,20231222,3606.68,7229738.0
801080.SI,20231225,3611.28,6386286.0
801080.SI,20231226,3535.42,6961026.0
801080.SI,20231227,3594.61,8058773.0
801080.SI,20231228,3660.08,9090904.0
801080.SI,20231229,3739.53,10933428.0
801080.SI,20240102,3677.81,9660225.0
801080.SI,20240103,3606.05,9432360.0
801080.SI,20240104,3560.47,7623892.0
801080.SI,20240105,3499.43,7897444.0
801080.SI,20240108,3402.17,7460553.0
801080.SI,20240109,3395.88,7316177.0
801080.SI,20240110,3350.58,6301230.0
801080.SI,20240111,3406.29,6703646.0
801080.SI,20240112,3348.77,6001284.0
801080.SI,20240115,3361.3,6129793.0
801080.SI,20240116,3351.16,6710149.0
801080.SI,20240117,3252.89,5892988.0
801080.SI,20240118,3292.17,8120758.0
801080.SI,20240119,3271.74,6357963.0
801080.SI,20240122,3132.95,7891058.0
801080.SI,20240123,3161.36,7210347.0
801080.SI,20240124,3162.02,7297502.0
801080.SI,20240125,3250.21,7706466.0
801080.SI,20240126,3164.65,7477235.0
801080.SI,20240129,3067.71,6925280.0
801080.SI,20240130,2954.65,5920443.0
801080.SI,20240131,2845.33,6939201.0
801080.SI,20240201,2867.95,6794029.0
801080.SI,20240202,2757.84,7458233.0
801080.SI,20240205,2658.93,8699004.0
801080.SI,20240206,2822.03,9019286.0
801080.SI,20240207,2877.86,10101708.0
801080.SI,20240208,2996.03,10435029.0
801080.SI,20240219,3066.28,10745132.0
801080.SI,20240220,3066.3,8933072.0
801080.SI,20240221,3075.62,9943277.0
801080.SI,20240222,3138.43,9274118.0
801080.SI,20240223,3176.29,10038977.0
801080.SI,20240226,3199.36,10761629.0
801080.SI,20240227,3327.34,11983705.0
801080.SI,20240228,3140.62,14467140.0
801080.SI,20240229,3313.24,13072761.0
801080.SI,20240301,3399.23,14617223.0
801080.SI,20240304,3427.66,14530563.0
801080.SI,20240305,3411.88,14830174.0
801080.SI,20240306,3392.42,12356349.0
801080.SI,20240307,3326.21,12007589.0
801080.SI,20240308,3418.08,12144465.0
801080.SI,20240311,3464.27,12378998.0
801080.SI,20240312,3467.33,13446706.0
801080.SI,20240313,3467.36,13122884.0
801080.SI,20240314,3408.69,11547679.0
801080.SI,20240315,3443.91,10526007.0
801080.SI,20240318,3537.73,14521830.0
801080.SI,20240319,3526.74,14165883.0
801080.SI,20240320,3536.29,12295510.0
801080.SI,20240321,3524.2,12902829.0
801080.SI,20240322,3503.91,13682901.0
801080.SI,20240325,3397.82,13530843.0
801080.SI,20240326,3373.12,11732631.0
801080.SI,20240327,3245.74,10948130.0
801080.SI,20240328,3325.7,11829328.0
801080.SI,20240329,3348.59,9969168.0
801080.SI,20240401,3426.85,11881450.0
801080.SI,20240402,3370.22,10709828.0
801080.SI,20240403,3339.1,10552732.0
801080.SI,20240408,3256.91,8848702.0
801080.SI,20240409,3286.9,7646222.0
801080.SI,20240410,3190.63,7977461.0
801080.SI,20240411,3182.06,7829596.0
801080.SI,20240412,3194.53,8714445.0
801080.SI,20240415,3184.32,9798209.0
801080.SI,20240416,3052.03,9153112.0
801080.SI,20240417,3197.3,9869266.0
801080.SI,20240418,3184.14,9800231.0
801080.SI,20240419,3111.95,8460138.0
801080.SI,20240422,3102.42,7458066.0
801080.SI,20240423,3101.32,6790199.0
801080.SI,20240424,3176.49,8498717.0
801080.SI,20240425,3181.61,8444981.0
801080.SI,20240426,3274.19,11487168.0
801080.SI,20240429,3371.38,12206260.0
801080.SI,20240430,3336.74,9965386.0
801080.SI,20240506,3390.94,10270359.0
801080.SI,20240507,3375.01,9477414.0
801080.SI,20240508,3319.76,8038945.0
801080.SI,20240509,3370.37,8482551.0
801080.SI,20240510,3306.89,8454812.0
801080.SI,20240513,3276.05,7997565.0
801080.SI,20240514,3281.48,7428098.0
801080.SI,20240515,3251.95,6784528.0
801080.SI,20240516,3271.77,8247913.0
801080.SI,20240517,3319.93,8202742.0
801080.SI,20240520,3322.24,8887225.0
801080.SI,20240521,3315.82,8322624.0
801080.SI,20240522,3338.49,8797365.0
801080.SI,20240523,3287.36,9605898.0
801080.SI,20240524,3204.22,9509425.0
801080.SI,20240527,3272.84,10010431.0
801080.SI,20240528,3244.95,10747667.0
801080.SI,20240529,3240.21,8672858.0
801080.SI,20240530,3291.69,10578956.0
801080.SI,20240531,3295.17,10799256.0
801080.SI,20240603,3334.64,12977463.0
801080.SI,20240604,3315.51,10259581.0
801080.SI,20240605,3308.9,10193741.0
801080.SI,20240606,3297.36,13763113.0
801080.SI,20240607,3279.85,11860077.0
801080.SI,20240611,3367.99,13174679.0
801080.SI,20240612,3389.23,13831284.0
801080.SI,20240613,3413.2,15640797.0
801080.SI,20240614,3433.14,14665869.0
801080.SI,20240617,3511.88,15754173.0
801080.SI,20240618,3535.94,14781214.0
801080.SI,20240619,3519.89,14193742.0
801080.SI,20240620,3490.21,14753235.0
801080.SI,20240621,3496.92,11690542.0
801080.SI,20240624,3402.14,12887220.0
801080.SI,20240625,3298.55,12016667.0
801080.SI,20240626,3397.5,10994670.0
801080.SI,20240627,3353.74,11855478.0
801080.SI,20240628,3400.38,12555151.0
801080.SI,20240701,3388.48,10705665.0
801080.SI,20240702,3338.92,9176693.0
801080.SI,20240703,3349.97,9440534.0
801080.SI,20240704,3301.33,8998694.0
801080.SI,20240705,3299.82,8406490.0
801080.SI,20240708,3284.42,9259406.0
801080.SI,20240709,3436.0,14645396.0
801080.SI,20240710,3456.84,12901619.0
801080.SI,20240711,3522.3,15129915.0
801080.SI,20240712,3501.8,11643338.0
801080.SI,20240715,3475.52,11074165.0
801080.SI,20240716,3576.94,14388170.0
801080.SI,20240717,3491.89,12658633.0
801080.SI,20240718,3473.29,13579658.0
801080.SI,20240719,3517.99,13864985.0
801080.SI,20240722,3523.16,12327489.0
801080.SI,20240723,3388.03,11774763.0
801080.SI,20240724,3335.17,10903886.0
801080.SI,20240725,3291.08,9294536.0
801080.SI,20240726,3332.05,8545523.0
801080.SI,20240729,3317.3,8714063.0
801080.SI,20240730,3324.05,9182226.0
801080.SI,20240731,3438.74,12895489.0
801080.SI,20240801,3449.41,11908930.0
801080.SI,20240802,3347.95,10753730.0
801080.SI,20240805,3179.15,11828001.0
801080.SI,20240806,3218.79,7762627.0
801080.SI,20240807,3198.73,6588783.0
801080.SI,20240808,3206.65,7649613.0
801080.SI,20240809,3220.43,7994836.0
801080.SI,20240812,3197.37,6324029.0
801080.SI,20240813,3233.09,6268605.0
801080.SI,20240814,3210.97,7662839.0
801080.SI,20240815,3231.53,9008274.0
801080.SI,20240816,3241.8,9884485.0
801080.SI,20240819,3223.51,8403867.0
801080.SI,20240820,3186.18,7750532.0
801080.SI,20240821,3190.29,8712423.0
801080.SI,20240822,3148.86,8191320.0
801080.SI,20240823,3149.13,7818599.0
801080.SI,20240826,3152.09,7751543.0
801080.SI,20240827,3082.49,7637213.0
801080.SI,20240828,3089.99,6672026.0
801080.SI,20240829,3141.82,9279921.0
801080.SI,20240830,3257.2,13726104.0
801080.SI,20240902,3162.9,12127764.0
801080.SI,20240903,3187.7,9069418.0
801080.SI,20240904,3152.51,9215091.0
801080.SI,20240905,3153.69,8158046.0
801080.SI,20240906,3085.63,8682081.0
801080.SI,20240909,3066.08,7361572.0
801080.SI,20240910,3096.74,7705091.0
801080.SI,20240911,3071.72,6116284.0
801080.SI,20240912,3039.54,6937169.0
801080.SI,20240913,3014.87,7558405.0
801080.SI,20240918,2982.9,6415279.0
801080.SI,20240919,3008.55,7346127.0
801080.SI,20240920,3009.82,7031729.0
801080.SI,20240923,2998.71,7322147.0
801080.SI,20240924,3119.15,11058046.0
801080.SI,20240925,3131.75,12805575.0
801080.SI,20240926,3232.82,12371445.0
801080.SI,20240927,3435.35,15495954.0
801080.SI,20240930,3879.86,29390756.0
801080.SI,20241008,4390.8,40424700.0
801080.SI,20241009,4228.59,48330079.0
801080.SI,20241010,4102.22,31624208.0
801080.SI,20241011,3879.21,22356968.0
801080.SI,20241014,4036.93,23673592.0
801080.SI,20241015,3961.51,24909848.0
801080.SI,20241016,3893.82,18314230.0
801080.SI,20241017,3920.25,21577502.0
801080.SI,20241018,4253.52,37011225.0
801080.SI,20241021,4366.36,44237367.0
801080.SI,20241022,4355.44,35411394.0
801080.SI,20241023,4300.84,28617381.0
801080.SI,20241024,4299.11,24134025.0
801080.SI,20241025,4344.57,27589131.0
801080.SI,20241028,4359.28,26741847.0
801080.SI,20241029,4346.64,33299943.0
801080.SI,20241030,4356.92,31739357.0
801080.SI,20241031,4448.24,38155899.0
801080.SI,20241101,4249.93,35426144.0
801080.SI,20241104,4341.28,24704973.0
801080.SI,20241105,4520.85,34316285.0
801080.SI,20241106,4521.87,37221387.0
801080.SI,20241107,4607.09,32421971.0
801080.SI,20241108,4647.75,42211218.0
801080.SI,20241111,4863.75,44885389.0
801080.SI,20241112,4785.2,43571336.0
801080.SI,20241113,4779.65,32334487.0
801080.SI,20241114,4600.29,27869777.0
801080.SI,20241115,4455.05,27218845.0
801080.SI,20241118,4321.67,24287418.0
801080.SI,20241119,4458.61,22729307.0
801080.SI,20241120,4488.44,22202261.0
801080.SI,20241121,4484.95,22587926.0
801080.SI,20241122,4308.26,24078372.0
801080.SI,20241125,4266.3,20037266.0
801080.SI,20241126,4233.09,15299356.0
801080.SI,20241127,4356.0,20396786.0
801080.SI,20241128,4331.11,19678370.0
801080.SI,20241129,4410.74,22880827.0
801080.SI,20241202,4481.04,23279025.0
801080.SI,20241203,4435.34,20954974.0
801080.SI,20241204,4401.68,22402900.0
801080.SI,20241205,4423.06,17493622.0
801080.SI,20241206,4481.64,20809493.0
801080.SI,20241209,4435.16,17593628.0
801080.SI,20241210,4482.19,24969651.0
801080.SI,20241211,4541.28,24469550.0
801080.SI,20241212,4550.49,22297258.0
801080.SI,20241213,4491.65,27853990.0
801080.SI,20241216,4411.84,22698360.0
801080.SI,20241217,4362.33,19153716.0
801080.SI,20241218,4461.18,21225998.0
801080.SI,20241219,4542.54,24188065.0
801080.SI,20241220,4651.29,30699374.0
801080.SI,20241223,4527.93,26848833.0
801080.SI,20241224,4595.3,22657105.0
801080.SI,20241225,4555.97,21317983.0
801080.SI,20241226,4665.28,24564634.0
801080.SI,20241227,4620.75,26973280.0
801080.SI,20241230,4619.65,22133749.0
801080.SI,20241231,4432.25,22321166.0
801080.SI,20250102,4273.61,20797368.0
801080.SI,20250103,4177.03,19054607.0
801080.SI,20250106,4134.74,15637837.0
801080.SI,20250107,4311.91,19161130.0
801080.SI,20250108,4294.72,20628745.0
801080.SI,20250109,4327.27,19467908.0
801080.SI,20250110,4254.64,21190668.0
801080.SI,20250113,4231.76,15555819.0
801080.SI,20250114,4430.43,22912559.0
801080.SI,20250115,4387.11,19160931.0
801080.SI,20250116,4351.44,20869508.0
801080.SI,20250117,4428.33,21349386.0
801080.SI,20250120,4471.29,20935036.0
801080.SI,20250121,4548.65,23884444.0
801080.SI,20250122,4546.5,22218696.0
801080.SI,20250123,4479.34,23283044.0
801080.SI,20250124,4553.41,20411862.0
801080.SI,20250127,4420.46,17607400.0
801080.SI,20250205,4474.67,21797825.0
801080.SI,20250206,4649.3,28155592.0
801080.SI,20250207,4692.07,33285457.0
801080.SI,20250210,4740.13,27040036.0
801080.SI,20250211,4712.54,24236828.0
801080.SI,20250212,4838.38,28822069.0
801080.SI,20250213,4707.27,26393942.0
801080.SI,20250214,4704.88,22210054.0
801080.SI,20250217,4771.97,25945932.0
801080.SI,20250218,4668.04,25896560.0
801080.SI,20250219,4826.49,27812487.0
801080.SI,20250220,4864.53,29122821.0
801080.SI,20250221,5032.53,38391807.0
801080.SI,20250224,5030.9,33994295.0
801080.SI,20250225,5024.65,32602271.0
801080.SI,20250226,5075.6,32450309.0
801080.SI,20250227,5030.99,31521391.0
801080.SI,20250228,4787.64,30070261.0
801080.SI,20250303,4745.27,24146474.0
801080.SI,20250304,4838.78,24443186.0
801080.SI,20250305,4873.68,23086572.0
801080.SI,20250306,4977.44,28826715.0
801080.SI,20250307,4918.75,24959635.0
801080.SI,20250310,4923.29,20069529.0
801080.SI,20250311,4907.45,20925609.0
801080.SI,20250312,4906.46,23559170.0
801080.SI,20250313,4786.63,22438589.0
801080.SI,20250314,4888.45,22093398.0
801080.SI,20250317,4904.3,19867866.0
801080.SI,20250318,4938.27,21212854.0
801080.SI,20250319,4859.85,19679985.0
801080.SI,20250320,4812.67,17274659.0
801080.SI,20250321,4688.34,19168811.0
801080.SI,20250324,4699.18,17229684.0
801080.SI,20250325,4613.44,14541234.0
801080.SI,20250326,4623.31,11882803.0
801080.SI,20250327,4646.33,14930737.0
801080.SI,20250328,4591.46,13215179.0
801080.SI,20250331,4578.33,14836424.0
801080.SI,20250401,4581.58,13504130.0
801080.SI,20250402,4580.69,11218006.0
801080.SI,20250403,4467.03,15750739.0
801080.SI,20250407,3973.7,18452954.0
801080.SI,20250408,3906.53,19854948.0
801080.SI,20250409,4033.15,22723107.0
801080.SI,20250410,4137.39,20930878.0
801080.SI,20250411,4293.4,23759246.0
801080.SI,20250414,4324.15,20848865.0
801080.SI,20250415,4282.05,13699396.0
801080.SI,20250416,4255.87,15124974.0
801080.SI,20250417,4272.1,14025463.0
801080.SI,20250418,4265.84,11458247.0
801080.SI,20250421,4333.63,12788260.0
801080.SI,20250422,4307.78,12836317.0
801080.SI,20250423,4347.02,15381981.0
801080.SI,20250424,4282.98,12030823.0
801080.SI,20250425,4301.35,13634992.0
801080.SI,20250428,4282.22,11317407.0
801080.SI,20250429,4302.58,11955746.0
801080.SI,20250430,4358.85,14772879.0
801080.SI,20250506,4473.93,17496499.0
801080.SI,20250507,4457.28,17357128.0
801080.SI,20250508,4479.69,14467427.0
801080.SI,20250509,4386.74,13319512.0
801080.SI,20250512,4463.38,15466172.0
801080.SI,20250513,4434.84,15072477.0
801080.SI,20250514,4443.96,13678296.0
801080.SI,20250515,4349.87,11260910.0
801080.SI,20250516,4354.05,10217695.0
801080.SI,20250519,4360.46,10680634.0
801080.SI,20250520,4391.35,11479082.0
801080.SI,20250521,4350.32,11577541.0
801080.SI,20250522,4324.57,11310932.0
801080.SI,20250523,4259.53,11559098.0
801080.SI,20250526,4296.67,10575744.0
801080.SI,20250527,4241.53,9419046.0
801080.SI,20250528,4225.5,9247570.0
801080.SI,20250529,4314.39,12414691.0
801080.SI,20250530,4234.59,10425793.0
801080.SI,20250603,4246.35,9724571.0
801080.SI,20250604,4296.18,10626911.0
801080.SI,20250605,4395.45,15095320.0
801080.SI,20250606,4387.09,12191047.0
801080.SI,20250609,4412.27,12758868.0
801080.SI,20250610,4339.66,14392175.0
801080.SI,20250611,4355.02,12018801.0
801080.SI,20250612,4343.28,13065708.0
801080.SI,20250613,4302.78,14949505.0
801080.SI,20250616,4338.65,12352535.0
801080.SI,20250617,4336.18,12226048.0
801080.SI,20250618,4401.06,15416256.0
801080.SI,20250619,4375.1,15473829.0
801080.SI,20250620,4343.82,13726569.0
801080.SI,20250623,4387.75,15122196.0
801080.SI,20250624,4465.11,17316169.0
801080.SI,20250625,4534.5,19838640.0
801080.SI,20250626,4503.03,19028532.0
801080.SI,20250627,4544.26,20174852.0
801080.SI,20250630,4609.9,20362138.0
801080.SI,20250701,4614.85,20749871.0
801080.SI,20250702,4522.05,16617965.0
801080.SI,20250703,4598.54,19283709.0
801080.SI,20250704,4577.83,19812742.0
801080.SI,20250707,4547.37,14264564.0
801080.SI,20250708,4650.67,19250870.0
801080.SI,20250709,4612.56,17945790.0
801080.SI,20250710,4598.27,16387318.0
801080.SI,20250711,4620.38,17184354.0
801080.SI,20250714,4620.14,13287111.0
801080.SI,20250715,4656.49,19169912.0
801080.SI,20250716,4641.73,16895578.0
801080.SI,20250717,4742.99,20402092.0
801080.SI,20250718,4719.71,19020719.0
801080.SI,20250721,4741.71,17380189.0
801080.SI,20250722,4730.38,18790932.0
801080.SI,20250723,4728.85,17022597.0
801080.SI,20250724,4788.65,18314512.0
801080.SI,20250725,4854.41,19001725.0
801080.SI,20250728,4907.78,23013155.0
801080.SI,20250729,4977.3,23939830.0
801080.SI,20250730,4946.0,22365027.0
801080.SI,20250731,4913.73,26193637.0
801080.SI,20250801,4867.86,20442653.0
801080.SI,20250804,4910.17,18452188.0
801080.SI,20250805,4938.5,19794070.0
801080.SI,20250806,4983.75,22017253.0
801080.SI,20250807,5006.02,28072677.0
801080.SI,20250808,4948.23,22053225.0
801080.SI,20250811,5035.26,24418473.0
801080.SI,20250812,5129.8,29810490.0
801080.SI,20250813,5232.7,31901164.0
801080.SI,20250814,5189.01,35609520.0
801080.SI,20250815,5295.44,32393780.0
801080.SI,20250818,5426.93,42653170.0
801080.SI,20250819,5415.91,37780037.0
801080.SI,20250820,5541.52,39942684.0
801080.SI,20250821,5504.08,41550280.0
801080.SI,20250822,5769.27,48405680.0
801080.SI,20250825,5888.91,56449241.0
801080.SI,20250826,5877.3,45760324.0
801080.SI,20250827,5853.55,57521538.0
801080.SI,20250828,6177.3,58397115.0
801080.SI,20250829,6131.74,49631892.0
801080.SI,20250901,6218.8,49171244.0
801080.SI,20250902,5979.27,50297626.0
801080.SI,20250903,5907.76,37436759.0
801080.SI,20250904,5607.55,43256285.0
801080.SI,20250905,5851.75,38283310.0
801080.SI,20250908,5851.82,37227377.0
801080.SI,20250909,5693.9,30704713.0
801080.SI,20250910,5795.35,31889906.0
801080.SI,20250911,6140.5,45884831.0
801080.SI,20250912,6211.61,50336132.0
801080.SI,20250915,6209.29,42368469.0
801080.SI,20250916,6290.91,41572154.0
801080.SI,20250917,6366.13,43878244.0
801080.SI,20250918,6425.42,62589349.0
801080.SI,20250919,6395.36,47363205.0
801080.SI,20250922,6632.57,48785947.0
801080.SI,20250923,6628.59,55270595.0
801080.SI,20250924,6811.73,60064785.0
801080.SI,20250925,6807.12,52753995.0
801080.SI,20250926,6620.15,47008954.0
801080.SI,20250929,6724.97,42079776.0
801080.SI,20250930,6803.98,45811292.0
801080.SI,20251009,6952.4,57136877.0
801080.SI,20251010,6624.84,50789310.0
801080.SI,20251013,6621.26,46391640.0
801080.SI,20251014,6314.05,48711843.0
801080.SI,20251015,6458.65,37661384.0
801080.SI,20251016,6419.98,35065442.0
801080.SI,20251017,6152.03,34210631.0
801080.SI,20251020,6236.9,32834571.0
801080.SI,20251021,6454.91,38592091.0
801080.SI,20251022,6416.39,30391407.0
801080.SI,20251023,6373.59,26571104.0
801080.SI,20251024,6674.42,43005907.0
801080.SI,20251027,6871.92,50928928.0
801080.SI,20251028,6846.17,44359218.0
801080.SI,20251029,6925.59,42140995.0
801080.SI,20251030,6771.1,43793211.0
801080.SI,20251031,6563.99,39555001.0
801080.SI,20251103,6558.87,34341996.0
801080.SI,20251104,6465.82,29576566.0
801080.SI,20251105,6453.36,26903180.0
801080.SI,20251106,6647.03,35245207.0
801080.SI,20251107,6557.77,30329158.0
801080.SI,20251110,6524.04,34614398.0
801080.SI,20251111,6410.62,32462885.0
801080.SI,20251112,6382.61,29320257.0
801080.SI,20251113,6444.32,29519409.0
801080.SI,20251114,6245.14,28678344.0
801080.SI,20251117,6255.55,25488861.0
801080.SI,20251118,6263.22,27339331.0
801080.SI,20251119,6207.04,24034039.0
801080.SI,20251120,6159.61,24603626.0
801080.SI,20251121,5877.4,30097740.0
801080.SI,20251124,5914.97,26004154.0
801080.SI,20251125,6041.39,29055510.0
801080.SI,20251126,6136.82,31689341.0
801080.SI,20251127,6152.98,33084083.0
801080.SI,20251128,6232.95,28324122.0
801080.SI,20251201,6331.68,36216561.0
801080.SI,20251202,6284.17,30523358.0
801080.SI,20251203,6225.92,28681706.0
801080.SI,20251204,6274.25,27528943.0
801080.SI,20251205,6300.64,28566862.0
801080.SI,20251208,6464.46,37909858.0
801080.SI,20251209,6515.04,38554281.0
801080.SI,20251210,6489.34,33501908.0
801080.SI,20251211,6373.64,32346225.0
801080.SI,20251212,6466.55,40922382.0
801080.SI,20251215,6309.88,31912958.0
801080.SI,20251216,6214.95,28378059.0
801080.SI,20251217,6369.08,30285896.0
801080.SI,20251218,6272.81,27075361.0
801080.SI,20251219,6254.54,25078259.0
801080.SI,20251222,6418.11,31822449.0
801080.SI,20251223,6455.5,31358049.0
801080.SI,20251224,6592.48,35567706.0
801080.SI,20251225,6611.7,33472719.0
801080.SI,20251226,6564.94,33519995.0
801080.SI,20251229,6588.28,34816171.0
801080.SI,20251230,6621.68,34216780.0
801080.SI,20251231,6554.19,31985531.0
801110.SI,20221010,6390.43,1338324.0
801110.SI,20221011,6382.74,1435926.0
801110.SI,20221012,6458.7,1459368.0
801110.SI,20221013,6356.78,1592827.0
801110.SI,20221014,6460.32,1629797.0
801110.SI,20221017,6437.68,1452905.0
801110.SI,20221018,6440.33,1339853.0
801110.SI,20221019,6212.51,1458863.0
801110.SI,20221020,6104.37,1424839.0
801110.SI,20221021,6076.3,1153412.0
801110.SI,20221024,5908.31,1305780.0
801110.SI,20221025,5898.39,1235671.0
801110.SI,20221026,5945.09,1248337.0
801110.SI,20221027,5944.82,1199867.0
801110.SI,20221028,5766.37,1360806.0
801110.SI,20221031,5656.01,1555522.0
801110.SI,20221101,5826.92,1376654.0
801110.SI,20221102,5936.39,1476102.0
801110.SI,20221103,5914.18,1332980.0
801110.SI,20221104,6096.86,1522642.0
801110.SI,20221107,6131.52,1345806.0
801110.SI,20221108,6108.11,1198697.0
801110.SI,20221109,6105.41,1007340.0
801110.SI,20221110,6060.39,1053565.0
801110.SI,20221111,6287.59,1803619.0
801110.SI,20221114,6387.54,1988082.0
801110.SI,20221115,6495.76,1386144.0
801110.SI,20221116,6433.18,1120935.0
801110.SI,20221117,6401.67,995585.0
801110.SI,20221118,6397.14,1010353.0
801110.SI,20221121,6295.95,989276.0
801110.SI,20221122,6264.18,878295.0
801110.SI,20221123,6280.19,808095.0
801110.SI,20221124,6272.71,797550.0
801110.SI,20221125,6310.55,861414.0
801110.SI,20221128,6268.76,881448.0
801110.SI,20221129,6432.98,1408797.0
801110.SI,20221130,6418.89,1154683.0
801110.SI,20221201,6473.47,1273570.0
801110.SI,20221202,6442.37,1101570.0
801110.SI,20221205,6588.59,1500564.0
801110.SI,20221206,6591.8,1110752.0
801110.SI,20221207,6650.17,1177319.0
801110.SI,20221208,6673.01,1103419.0
801110.SI,20221209,6876.55,1742265.0
801110.SI,20221212,6810.05,1460916.0
801110.SI,20221213,6779.96,1069196.0
801110.SI,20221214,6819.88,1042119.0
801110.SI,20221215,6748.64,1032790.0
801110.SI,20221216,6745.28,957583.0
801110.SI,20221219,6674.06,909736.0
801110.SI,20221220,6537.13,859822.0
801110.SI,20221221,6532.47,750523.0
801110.SI,20221222,6561.48,851448.0
801110.SI,20221223,6530.19,759265.0
801110.SI,20221226,6507.01,845145.0
801110.SI,20221227,6617.69,873887.0
801110.SI,20221228,6530.82,879113.0
801110.SI,20221229,6478.19,860718.0
801110.SI,20221230,6485.78,745962.0
801110.SI,20230103,6511.72,1023998.0
801110.SI,20230104,6653.56,1251681.0
801110.SI,20230105,6804.02,1316877.0
801110.SI,20230106,6775.97,1117147.0
801110.SI,20230109,6777.56,1041569.0
801110.SI,20230110,6791.3,978859.0
801110.SI,20230111,6843.99,1125330.0
801110.SI,20230112,6829.09,858259.0
801110.SI,20230113,6960.15,1195051.0
801110.SI,20230116,7129.12,1502029.0
801110.SI,20230117,7152.07,1049611.0
801110.SI,20230118,7103.72,870103.0
801110.SI,20230119,7085.17,835202.0
801110.SI,20230120,7076.72,840437.0
801110.SI,20230130,7069.07,1507440.0
801110.SI,20230131,7023.37,1344357.0
801110.SI,20230201,7076.58,1412109.0
801110.SI,20230202,7012.3,1389989.0
801110.SI,20230203,6950.86,1117842.0
801110.SI,20230206,6794.89,1183791.0
801110.SI,20230207,6914.27,1277303.0
801110.SI,20230208,6876.33,1232014.0
801110.SI,20230209,6937.03,1260679.0
801110.SI,20230210,6934.23,994296.0
801110.SI,20230213,7019.83,1241044.0
801110.SI,20230214,7022.54,1159114.0
801110.SI,20230215,6945.86,1095077.0
801110.SI,20230216,6875.83,1355148.0
801110.SI,20230217,6851.56,1017064.0
801110.SI,20230220,7116.32,1629146.0
801110.SI,20230221,7184.2,1445907.0
801110.SI,20230222,7141.04,1074761.0
801110.SI,20230223,7202.81,1401352.0
801110.SI,20230224,7123.02,997430.0
801110.SI,20230227,7041.16,1116916.0
801110.SI,20230228,7045.12,1094459.0
801110.SI,20230301,7169.86,1397581.0
801110.SI,20230302,7141.95,1463263.0
801110.SI,20230303,7165.7,1261682.0
801110.SI,20230306,7087.1,1394914.0
801110.SI,20230307,6950.08,1168362.0
801110.SI,20230308,6934.27,857479.0
801110.SI,20230309,6934.4,861287.0
801110.SI,20230310,6761.44,1087424.0
801110.SI,20230313,6887.27,1154855.0
801110.SI,20230314,6786.29,1172022.0
801110.SI,20230315,6808.19,942433.0
801110.SI,20230316,6737.4,966070.0
801110.SI,20230317,6751.62,1102941.0
801110.SI,20230320,6728.67,1091483.0
801110.SI,20230321,6885.65,1069054.0
801110.SI,20230322,6850.61,969198.0
801110.SI,20230323,6832.21,1007495.0
801110.SI,20230324,6873.72,1176760.0
801110.SI,20230327,6872.28,1271974.0
801110.SI,20230328,6830.35,1240870.0
801110.SI,20230329,6847.98,1277876.0
801110.SI,20230330,7074.8,1704970.0
801110.SI,20230331,6987.68,1649863.0
801110.SI,20230403,7026.3,1909701.0
801110.SI,20230404,6965.83,1547970.0
801110.SI,20230406,6945.09,1314738.0
801110.SI,20230407,7015.14,1311257.0
801110.SI,20230410,6994.63,1310090.0
801110.SI,20230411,7120.69,1645281.0
801110.SI,20230412,7119.34,1360942.0
801110.SI,20230413,6981.15,1108027.0
801110.SI,20230414,6968.82,954721.0
801110.SI,20230417,7173.04,1628611.0
801110.SI,20230418,7278.77,1798176.0
801110.SI,20230419,7210.81,1632982.0
801110.SI,20230420,7331.72,1984826.0
801110.SI,20230421,7202.44,1778766.0
801110.SI,20230424,7168.27,1623673.0
801110.SI,20230425,7157.16,1731238.0
801110.SI,20230426,7102.51,1551536.0
801110.SI,20230427,7119.51,1281852.0
801110.SI,20230428,7130.3,1463315.0
801110.SI,20230504,7000.19,2052001.0
801110.SI,20230505,6851.65,1526344.0
801110.SI,20230508,6790.99,1257034.0
801110.SI,20230509,6750.77,1233988.0
801110.SI,20230510,6808.34,1145834.0
801110.SI,20230511,6781.23,1086615.0
801110.SI,20230512,6806.39,1050352.0
801110.SI,20230515,6874.15,1148518.0
801110.SI,20230516,6775.52,962688.0
801110.SI,20230517,6782.44,931818.0
801110.SI,20230518,6832.09,1276084.0
801110.SI,20230519,6924.81,1407464.0
801110.SI,20230522,7032.77,1294028.0
801110.SI,20230523,6951.43,975767.0
801110.SI,20230524,6794.72,974768.0
801110.SI,20230525,6831.61,1092056.0
801110.SI,20230526,6841.0,989298.0
801110.SI,20230529,6760.69,1100872.0
801110.SI,20230530,6683.38,1061541.0
801110.SI,20230531,6604.62,1331643.0
801110.SI,20230601,6475.47,1286547.0
801110.SI,20230602,6757.66,1740203.0
801110.SI,20230605,6861.65,1342498.0
801110.SI,20230606,6816.08,1377092.0
801110.SI,20230607,6860.33,1175265.0
801110.SI,20230608,6983.55,1444946.0
801110.SI,20230609,6923.16,1552414.0
801110.SI,20230612,7120.58,1902237.0
801110.SI,20230613,7084.4,1449231.0
801110.SI,20230614,7125.86,1469659.0
801110.SI,20230615,7267.67,1838188.0
801110.SI,20230616,7291.37,1569669.0
801110.SI,20230619,7174.5,1515855.0
801110.SI,20230620,7275.28,1722070.0
801110.SI,20230621,7252.6,1566357.0
801110.SI,20230626,7179.71,1764234.0
801110.SI,20230627,7344.77,1762803.0
801110.SI,20230628,7370.33,1610702.0
801110.SI,20230629,7356.27,1583788.0
801110.SI,20230630,7347.58,1636252.0
801110.SI,20230703,7384.47,1881014.0
801110.SI,20230704,7363.13,1511849.0
801110.SI,20230705,7333.86,1302356.0
801110.SI,20230706,7279.6,1102215.0
801110.SI,20230707,7219.5,1265369.0
801110.SI,20230710,7155.5,1366754.0
801110.SI,20230711,7215.23,1251627.0
801110.SI,20230712,7202.66,1356976.0
801110.SI,20230713,7246.97,1166260.0
801110.SI,20230714,7188.07,1220366.0
801110.SI,20230717,7160.32,1058863.0
801110.SI,20230718,7168.52,1214233.0
801110.SI,20230719,7252.11,1046801.0
801110.SI,20230720,7182.12,987988.0
801110.SI,20230721,7127.03,927370.0
801110.SI,20230724,7080.89,784169.0
801110.SI,20230725,7361.8,1607500.0
801110.SI,20230726,7301.29,1029482.0
801110.SI,20230727,7251.96,906029.0
801110.SI,20230728,7375.34,1206411.0
801110.SI,20230731,7399.91,1337302.0
801110.SI,20230801,7330.27,943439.0
801110.SI,20230802,7336.26,903656.0
801110.SI,20230803,7315.52,825995.0
801110.SI,20230804,7327.94,968225.0
801110.SI,20230807,7296.96,822939.0
801110.SI,20230808,7245.85,780919.0
801110.SI,20230809,7198.13,753296.0
801110.SI,20230810,7133.03,907961.0
801110.SI,20230811,6976.72,938913.0
801110.SI,20230814,6979.24,850405.0
801110.SI,20230815,6949.67,720558.0
801110.SI,20230816,6927.37,683339.0
801110.SI,20230817,7002.75,781398.0
801110.SI,20230818,6873.35,772169.0
801110.SI,20230821,6797.56,761988.0
801110.SI,20230822,6821.99,871038.0
801110.SI,20230823,6732.11,709579.0
801110.SI,20230824,6848.21,809447.0
801110.SI,20230825,6794.59,749891.0
801110.SI,20230828,6881.99,1225135.0
801110.SI,20230829,6964.18,1326895.0
801110.SI,20230830,7030.68,1280917.0
801110.SI,20230831,7023.52,1184342.0
801110.SI,20230901,7162.06,1138372.0
801110.SI,20230904,7225.12,1300894.0
801110.SI,20230905,7196.52,1095857.0
801110.SI,20230906,7151.21,1020028.0
801110.SI,20230907,7070.89,860264.0
801110.SI,20230908,7040.82,789637.0
801110.SI,20230911,7068.27,1081674.0
801110.SI,20230912,7142.7,1107569.0
801110.SI,20230913,7088.44,1106142.0
801110.SI,20230914,7041.18,947566.0
801110.SI,20230915,6991.18,1028323.0
801110.SI,20230918,7031.22,1058668.0
801110.SI,20230919,7013.61,934644.0
801110.SI,20230920,7054.57,1000183.0
801110.SI,20230921,7003.89,881926.0
801110.SI,20230922,7094.7,1098053.0
801110.SI,20230925,7072.01,1259375.0
801110.SI,20230926,7032.62,996361.0
801110.SI,20230927,7045.17,964876.0
801110.SI,20230928,7033.93,953605.0
801110.SI,20231009,7043.52,1083939.0
801110.SI,20231010,6921.35,1256255.0
801110.SI,20231011,6917.13,1031066.0
801110.SI,20231012,6975.71,1347550.0
801110.SI,20231013,6922.74,1328688.0
801110.SI,20231016,6912.23,1289522.0
801110.SI,20231017,6970.2,1612424.0
801110.SI,20231018,6931.49,1465284.0
801110.SI,20231019,6813.29,1893654.0
801110.SI,20231020,6724.22,1520131.0
801110.SI,20231023,6673.87,1586444.0
801110.SI,20231024,6698.01,1884242.0
801110.SI,20231025,6707.42,1953191.0
801110.SI,20231026,6732.48,1824974.0
801110.SI,20231027,6852.17,2062702.0
801110.SI,20231030,6893.83,1849464.0
801110.SI,20231031,6781.91,1820907.0
801110.SI,20231101,6790.74,1414616.0
801110.SI,20231102,6744.18,1410464.0
801110.SI,20231103,6769.88,1283656.0
801110.SI,20231106,6840.61,1709791.0
801110.SI,20231107,6846.08,1664057.0
801110.SI,20231108,6849.36,1927833.0
801110.SI,20231109,6826.87,1851669.0
801110.SI,20231110,6817.38,1427578.0
801110.SI,20231113,6710.11,1772868.0
801110.SI,20231114,6743.21,1718633.0
801110.SI,20231115,6809.05,1925739.0
801110.SI,20231116,6790.67,1552415.0
801110.SI,20231117,6816.01,1452665.0
801110.SI,20231120,6864.42,1542691.0
801110.SI,20231121,6839.34,1581893.0
801110.SI,20231122,6760.37,1282843.0
801110.SI,20231123,6840.19,1098071.0
801110.SI,20231124,6802.18,1025905.0
801110.SI,20231127,6740.55,1143911.0
801110.SI,20231128,6808.27,1090708.0
801110.SI,20231129,6766.89,1123196.0
801110.SI,20231130,6748.65,1037418.0
801110.SI,20231201,6653.41,1322035.0
801110.SI,20231204,6628.51,1099114.0
801110.SI,20231205,6502.75,1068156.0
801110.SI,20231206,6500.69,933422.0
801110.SI,20231207,6566.66,949114.0
801110.SI,20231208,6553.32,1031077.0
801110.SI,20231211,6607.13,1183095.0
801110.SI,20231212,6617.48,899501.0
801110.SI,20231213,6557.43,964367.0
801110.SI,20231214,6567.59,846993.0
801110.SI,20231215,6529.06,873181.0
801110.SI,20231218,6552.86,811422.0
801110.SI,20231219,6548.23,712108.0
801110.SI,20231220,6437.49,1254013.0
801110.SI,20231221,6523.5,1222424.0
801110.SI,20231222,6571.86,1157356.0
801110.SI,20231225,6577.02,821024.0
801110.SI,20231226,6523.14,873808.0
801110.SI,20231227,6593.52,934110.0
801110.SI,20231228,6657.49,1171043.0
801110.SI,20231229,6730.52,1264224.0
801110.SI,20240102,6686.21,1118276.0
801110.SI,20240103,6638.98,1160726.0
801110.SI,20240104,6673.98,1072010.0
801110.SI,20240105,6739.44,1549290.0
801110.SI,20240108,6641.48,1242546.0
801110.SI,20240109,6698.8,1107585.0
801110.SI,20240110,6697.94,1056176.0
801110.SI,20240111,6720.56,1275687.0
801110.SI,20240112,6708.23,1205567.0
801110.SI,20240115,6770.02,1108669.0
801110.SI,20240116,6822.77,1255087.0
801110.SI,20240117,6723.61,1199087.0
801110.SI,20240118,6708.97,1514314.0
801110.SI,20240119,6674.66,1103572.0
801110.SI,20240122,6491.45,1388981.0
801110.SI,20240123,6528.98,1159388.0
801110.SI,20240124,6639.75,1236905.0
801110.SI,20240125,6651.76,1343271.0
801110.SI,20240126,6685.76,1296117.0
801110.SI,20240129,6743.27,1439024.0
801110.SI,20240130,6662.59,1137099.0
801110.SI,20240131,6598.44,1254718.0
801110.SI,20240201,6626.63,1109055.0
801110.SI,20240202,6547.75,1294312.0
801110.SI,20240205,6531.61,1598845.0
801110.SI,20240206,6680.68,1640171.0
801110.SI,20240207,6823.97,1921122.0
801110.SI,20240208,6834.35,1740089.0
801110.SI,20240219,6871.77,1627891.0
801110.SI,20240220,6993.88,1445905.0
801110.SI,20240221,7020.2,1642288.0
801110.SI,20240222,7040.7,1196222.0
801110.SI,20240223,7005.43,1571656.0
801110.SI,20240226,7121.63,1934762.0
801110.SI,20240227,7247.29,1729902.0
801110.SI,20240228,7109.71,1945939.0
801110.SI,20240229,7250.08,1632346.0
801110.SI,20240301,7394.57,1659094.0
801110.SI,20240304,7472.16,1998006.0
801110.SI,20240305,7459.4,2121034.0
801110.SI,20240306,7446.0,1598265.0
801110.SI,20240307,7493.69,1811846.0
801110.SI,20240308,7523.73,1406287.0
801110.SI,20240311,7510.92,1576834.0
801110.SI,20240312,7429.78,2144875.0
801110.SI,20240313,7431.07,1627111.0
801110.SI,20240314,7456.98,1794607.0
801110.SI,20240315,7417.9,1662247.0
801110.SI,20240318,7337.7,2130730.0
801110.SI,20240319,7329.47,1643253.0
801110.SI,20240320,7298.15,1666258.0
801110.SI,20240321,7194.19,1644806.0
801110.SI,20240322,7268.24,1665453.0
801110.SI,20240325,7265.65,1596767.0
801110.SI,20240326,7250.08,1371617.0
801110.SI,20240327,7261.59,1504679.0
801110.SI,20240328,7423.35,1836736.0
801110.SI,20240329,7421.09,1431084.0
801110.SI,20240401,7597.35,1674792.0
801110.SI,20240402,7567.58,1481128.0
801110.SI,20240403,7580.47,1364661.0
801110.SI,20240408,7443.98,1371315.0
801110.SI,20240409,7388.56,1185026.0
801110.SI,20240410,7341.06,1173053.0
801110.SI,20240411,7363.93,1121716.0
801110.SI,20240412,7402.08,1491470.0
801110.SI,20240415,7547.53,1921646.0
801110.SI,20240416,7547.84,1904755.0
801110.SI,20240417,7687.53,1991941.0
801110.SI,20240418,7826.68,2448080.0
801110.SI,20240419,7814.13,1860083.0
801110.SI,20240422,7772.79,1878415.0
801110.SI,20240423,7680.55,1684908.0
801110.SI,20240424,7687.77,1686272.0
801110.SI,20240425,7700.63,1649884.0
801110.SI,20240426,7751.57,1986334.0
801110.SI,20240429,7855.4,2214099.0
801110.SI,20240430,8051.89,2660788.0
801110.SI,20240506,8294.07,2725887.0
801110.SI,20240507,8215.01,2001315.0
801110.SI,20240508,8158.06,1574204.0
801110.SI,20240509,8261.79,1549819.0
801110.SI,20240510,8297.0,1781347.0
801110.SI,20240513,8409.58,2071656.0
801110.SI,20240514,8277.36,1926338.0
801110.SI,20240515,8239.23,1778486.0
801110.SI,20240516,8157.99,1899187.0
801110.SI,20240517,8101.47,1991542.0
801110.SI,20240520,7976.8,1907346.0
801110.SI,20240521,7968.53,1516106.0
801110.SI,20240522,7880.78,1644657.0
801110.SI,20240523,7854.53,1462093.0
801110.SI,20240524,7843.78,1291444.0
801110.SI,20240527,7957.0,1528552.0
801110.SI,20240528,7858.74,1164674.0
801110.SI,20240529,7791.17,1153449.0
801110.SI,20240530,7753.18,1139632.0
801110.SI,20240531,7729.71,1496961.0
801110.SI,20240603,7815.29,1748243.0
801110.SI,20240604,7801.69,1490545.0
801110.SI,20240605,7686.15,1375887.0
801110.SI,20240606,7764.79,1650700.0
801110.SI,20240607,7699.3,1399883.0
801110.SI,20240611,7667.9,1259931.0
801110.SI,20240612,7703.92,1149048.0
801110.SI,20240613,7620.24,1306203.0
801110.SI,20240614,7707.9,1546014.0
801110.SI,20240617,7617.26,1209819.0
801110.SI,20240618,7642.66,1127573.0
801110.SI,20240619,7535.64,1235728.0
801110.SI,20240620,7492.37,1059568.0
801110.SI,20240621,7456.24,953863.0
801110.SI,20240624,7452.55,1171806.0
801110.SI,20240625,7487.34,1072132.0
801110.SI,20240626,7434.81,1037791.0
801110.SI,20240627,7308.1,1312032.0
801110.SI,20240628,7301.34,1149237.0
801110.SI,20240701,7273.08,984956.0
801110.SI,20240702,7142.95,1257739.0
801110.SI,20240703,7090.9,933260.0
801110.SI,20240704,7140.05,1175749.0
801110.SI,20240705,7095.19,1102757.0
801110.SI,20240708,7045.18,889146.0
801110.SI,20240709,7087.27,1075399.0
801110.SI,20240710,7048.1,1000130.0
801110.SI,20240711,7153.65,1166069.0
801110.SI,20240712,7215.4,1031606.0
801110.SI,20240715,7118.23,918325.0
801110.SI,20240716,7079.05,833190.0
801110.SI,20240717,6986.04,1029876.0
801110.SI,20240718,7073.55,1017135.0
801110.SI,20240719,7059.44,817579.0
801110.SI,20240722,7038.61,856088.0
801110.SI,20240723,6867.86,839529.0
801110.SI,20240724,6671.57,1150191.0
801110.SI,20240725,6636.26,859646.0
801110.SI,20240726,7018.05,1849575.0
801110.SI,20240729,6995.04,1468521.0
801110.SI,20240730,6844.31,1288089.0
801110.SI,20240731,7135.89,1864875.0
801110.SI,20240801,7116.32,1640495.0
801110.SI,20240802,7035.02,1291010.0
801110.SI,20240805,6928.01,1536054.0
801110.SI,20240806,6847.74,1217180.0
801110.SI,20240807,6876.22,1147967.0
801110.SI,20240808,6873.85,1122171.0
801110.SI,20240809,6835.3,898152.0
801110.SI,20240812,6875.06,879860.0
801110.SI,20240813,6857.74,785579.0
801110.SI,20240814,6805.03,733041.0
801110.SI,20240815,6828.29,1063786.0
801110.SI,20240816,6853.05,1015798.0
801110.SI,20240819,6866.34,1254542.0
801110.SI,20240820,6865.69,1417080.0
801110.SI,20240821,6858.19,1209376.0
801110.SI,20240822,6900.95,1311832.0
801110.SI,20240823,7054.23,1626003.0
801110.SI,20240826,7108.98,1617775.0
801110.SI,20240827,7016.55,1494673.0
801110.SI,20240828,6864.77,1276304.0
801110.SI,20240829,6845.56,1313866.0
801110.SI,20240830,6998.38,1995998.0
801110.SI,20240902,6968.34,1538812.0
801110.SI,20240903,7109.26,1456995.0
801110.SI,20240904,7080.01,1422652.0
801110.SI,20240905,7018.81,1302172.0
801110.SI,20240906,6931.76,1029593.0
801110.SI,20240909,6780.37,1242352.0
801110.SI,20240910,6781.55,1106950.0
801110.SI,20240911,6861.65,1104323.0
801110.SI,20240912,6852.08,967403.0
801110.SI,20240913,6892.91,1068852.0
801110.SI,20240918,7056.61,1106267.0
801110.SI,20240919,7130.08,1519551.0
801110.SI,20240920,7189.61,1460039.0
801110.SI,20240923,7268.97,1366978.0
801110.SI,20240924,7361.2,2071036.0
801110.SI,20240925,7486.3,2522662.0
801110.SI,20240926,7828.37,2297092.0
801110.SI,20240927,7940.8,2980824.0
801110.SI,20240930,8531.42,4996773.0
801110.SI,20241008,9036.49,6400159.0
801110.SI,20241009,8374.68,4592614.0
801110.SI,20241010,8566.16,3383256.0
801110.SI,20241011,8337.83,2316621.0
801110.SI,20241014,8563.09,2697739.0
801110.SI,20241015,8319.75,2521985.0
801110.SI,20241016,8237.02,2578210.0
801110.SI,20241017,8122.76,3208125.0
801110.SI,20241018,8380.11,3377022.0
801110.SI,20241021,8385.34,2928524.0
801110.SI,20241022,8628.79,3226538.0
801110.SI,20241023,8614.01,4252277.0
801110.SI,20241024,8540.7,3671449.0
801110.SI,20241025,8564.03,3604136.0
801110.SI,20241028,8645.54,3357857.0
801110.SI,20241029,8613.38,3720542.0
801110.SI,20241030,8550.63,3818931.0
801110.SI,20241031,8416.05,4461420.0
801110.SI,20241101,8316.72,5247432.0
801110.SI,20241104,8409.9,4167029.0
801110.SI,20241105,8474.23,4418697.0
801110.SI,20241106,8304.42,4807782.0
801110.SI,20241107,8452.3,5204720.0
801110.SI,20241108,8509.79,5183476.0
801110.SI,20241111,8491.51,4380937.0
801110.SI,20241112,8533.52,4940405.0
801110.SI,20241113,8585.63,3683900.0
801110.SI,20241114,8565.95,4249877.0
801110.SI,20241115,8382.53,4309427.0
801110.SI,20241118,8222.9,3621192.0
801110.SI,20241119,8312.9,3533237.0
801110.SI,20241120,8368.92,3818927.0
801110.SI,20241121,8379.57,4332572.0
801110.SI,20241122,8203.14,5138747.0
801110.SI,20241125,8141.81,4166450.0
801110.SI,20241126,8091.42,3249472.0
801110.SI,20241127,8250.66,3586268.0
801110.SI,20241128,8135.69,3332947.0
801110.SI,20241129,8213.3,3846149.0
801110.SI,20241202,8302.05,4103673.0
801110.SI,20241203,8308.57,3849199.0
801110.SI,20241204,8370.22,4077080.0
801110.SI,20241205,8377.12,3413817.0
801110.SI,20241206,8458.03,3478088.0
801110.SI,20241209,8478.72,3404935.0
801110.SI,20241210,8580.28,4562418.0
801110.SI,20241211,8662.73,3631486.0
801110.SI,20241212,8721.99,3663924.0
801110.SI,20241213,8548.51,4355073.0
801110.SI,20241216,8458.1,3796114.0
801110.SI,20241217,8403.82,2997489.0
801110.SI,20241218,8464.56,2926000.0
801110.SI,20241219,8498.45,2797069.0
801110.SI,20241220,8478.42,3044639.0
801110.SI,20241223,8464.5,3141488.0
801110.SI,20241224,8641.77,3608797.0
801110.SI,20241225,8542.82,3148777.0
801110.SI,20241226,8615.27,3186221.0
801110.SI,20241227,8557.34,3118026.0
801110.SI,20241230,8539.63,2766163.0
801110.SI,20241231,8442.57,2741291.0
801110.SI,20250102,8423.74,3115245.0
801110.SI,20250103,8279.29,2725422.0
801110.SI,20250106,8320.59,2381968.0
801110.SI,20250107,8413.5,2326859.0
801110.SI,20250108,8600.84,3024899.0
801110.SI,20250109,8696.08,2824901.0
801110.SI,20250110,8452.07,3207812.0
801110.SI,20250113,8244.64,2601072.0
801110.SI,20250114,8429.52,2874486.0
801110.SI,20250115,8375.45,3373940.0
801110.SI,20250116,8445.2,3522762.0
801110.SI,20250117,8454.5,2949660.0
801110.SI,20250120,8474.19,2903372.0
801110.SI,20250121,8467.94,3012941.0
801110.SI,20250122,8328.7,2435222.0
801110.SI,20250123,8341.61,2788073.0
801110.SI,20250124,8380.06,2642212.0
801110.SI,20250127,8385.56,2101011.0
801110.SI,20250205,8300.76,2713194.0
801110.SI,20250206,8435.61,3538532.0
801110.SI,20250207,8562.3,4470954.0
801110.SI,20250210,8564.52,4037891.0
801110.SI,20250211,8564.19,3796986.0
801110.SI,20250212,8585.56,4098350.0
801110.SI,20250213,8553.01,4269709.0
801110.SI,20250214,8575.82,4053793.0
801110.SI,20250217,8563.85,4086584.0
801110.SI,20250218,8432.47,3611031.0
801110.SI,20250219,8462.55,3907863.0
801110.SI,20250220,8489.16,3934759.0
801110.SI,20250221,8511.25,5185363.0
801110.SI,20250224,8550.3,4997124.0
801110.SI,20250225,8405.86,4616250.0
801110.SI,20250226,8519.88,4729360.0
801110.SI,20250227,8616.0,5337945.0
801110.SI,20250228,8447.48,4481119.0
801110.SI,20250303,8332.08,3476155.0
801110.SI,20250304,8454.75,3588557.0
801110.SI,20250305,8474.05,3270817.0
801110.SI,20250306,8528.58,4107033.0
801110.SI,20250307,8485.93,3505237.0
801110.SI,20250310,8527.47,2921736.0
801110.SI,20250311,8517.5,3064324.0
801110.SI,20250312,8458.04,3096348.0
801110.SI,20250313,8438.31,3189022.0
801110.SI,20250314,8644.24,3676201.0
801110.SI,20250317,8703.83,3649934.0
801110.SI,20250318,8864.83,3771894.0
801110.SI,20250319,8918.32,3727003.0
801110.SI,20250320,8793.45,3286810.0
801110.SI,20250321,8747.19,3470577.0
801110.SI,20250324,8830.44,3303700.0
801110.SI,20250325,8822.29,2581531.0
801110.SI,20250326,8810.37,2283414.0
801110.SI,20250327,8823.1,2575504.0
801110.SI,20250328,8780.31,2431829.0
801110.SI,20250331,8812.41,2964067.0
801110.SI,20250401,8662.0,2479111.0
801110.SI,20250402,8707.59,1979851.0
801110.SI,20250403,8476.67,2676992.0
801110.SI,20250407,7720.06,2794601.0
801110.SI,20250408,7811.91,3402494.0
801110.SI,20250409,7853.28,3107863.0
801110.SI,20250410,8022.42,2862551.0
801110.SI,20250411,8027.7,2298602.0
801110.SI,20250414,7979.9,2398996.0
801110.SI,20250415,8087.76,2257289.0
801110.SI,20250416,8024.74,1940129.0
801110.SI,20250417,8014.66,1626655.0
801110.SI,20250418,8042.34,1598909.0
801110.SI,20250421,8133.69,1886061.0
801110.SI,20250422,8140.08,1809970.0
801110.SI,20250423,8195.87,2267265.0
801110.SI,20250424,8210.35,1799764.0
801110.SI,20250425,8225.34,1809508.0
801110.SI,20250428,8239.17,2181728.0
801110.SI,20250429,8308.03,2296373.0
801110.SI,20250430,8314.43,2880837.0
801110.SI,20250506,8426.17,3163015.0
801110.SI,20250507,8471.9,3209479.0
801110.SI,20250508,8551.39,2673196.0
801110.SI,20250509,8588.6,2752580.0
801110.SI,20250512,8715.01,2821125.0
801110.SI,20250513,8717.26,2662224.0
801110.SI,20250514,8706.75,2256620.0
801110.SI,20250515,8597.92,2058500.0
801110.SI,20250516,8588.59,2061529.0
801110.SI,20250519,8637.93,1861189.0
801110.SI,20250520,8780.94,2126074.0
801110.SI,20250521,8755.68,1821697.0
801110.SI,20250522,8759.48,1905740.0
801110.SI,20250523,8692.12,2218810.0
801110.SI,20250526,8630.46,1697682.0
801110.SI,20250527,8605.09,1632335.0
801110.SI,20250528,8650.95,1648747.0
801110.SI,20250529,8651.82,1908818.0
801110.SI,20250530,8605.14,1665672.0
801110.SI,20250603,8424.81,1955664.0
801110.SI,20250604,8458.31,1699289.0
801110.SI,20250605,8450.8,2040192.0
801110.SI,20250606,8450.74,1693295.0
801110.SI,20250609,8454.34,2002863.0
801110.SI,20250610,8407.47,2139803.0
801110.SI,20250611,8440.1,1739539.0
801110.SI,20250612,8290.89,1594440.0
801110.SI,20250613,8175.48,2011339.0
801110.SI,20250616,8172.46,1371889.0
801110.SI,20250617,8211.98,1551508.0
801110.SI,20250618,8216.58,1463930.0
801110.SI,20250619,8136.1,2096028.0
801110.SI,20250620,8156.43,1641129.0
801110.SI,20250623,8121.12,1589340.0
801110.SI,20250624,8267.05,2052169.0
801110.SI,20250625,8363.64,2298765.0
801110.SI,20250626,8344.42,2123862.0
801110.SI,20250627,8320.99,1971600.0
801110.SI,20250630,8343.74,2102009.0
801110.SI,20250701,8364.52,2222950.0
801110.SI,20250702,8417.46,2505216.0
801110.SI,20250703,8462.07,2024738.0
801110.SI,20250704,8464.58,1988427.0
801110.SI,20250707,8405.68,1804670.0
801110.SI,20250708,8423.75,2014599.0
801110.SI,20250709,8370.16,2143093.0
801110.SI,20250710,8366.4,1758656.0
801110.SI,20250711,8439.57,2413206.0
801110.SI,20250714,8525.49,2127926.0
801110.SI,20250715,8575.57,2585547.0
801110.SI,20250716,8562.77,2224273.0
801110.SI,20250717,8594.03,2241773.0
801110.SI,20250718,8596.8,1992440.0
801110.SI,20250721,8594.03,2430936.0
801110.SI,20250722,8638.57,2314388.0
801110.SI,20250723,8688.38,2565150.0
801110.SI,20250724,8693.94,2321344.0
801110.SI,20250725,8599.98,2626691.0
801110.SI,20250728,8575.99,2661237.0
801110.SI,20250729,8538.53,2576895.0
801110.SI,20250730,8558.31,2428594.0
801110.SI,20250731,8397.45,2912838.0
801110.SI,20250801,8439.47,2111382.0
801110.SI,20250804,8508.93,2134918.0
801110.SI,20250805,8594.29,2450845.0
801110.SI,20250806,8668.01,3198967.0
801110.SI,20250807,8643.07,2727525.0
801110.SI,20250808,8639.49,2630755.0
801110.SI,20250811,8691.23,2713823.0
801110.SI,20250812,8755.12,3040187.0
801110.SI,20250813,8783.93,3027800.0
801110.SI,20250814,8755.91,3339995.0
801110.SI,20250815,8849.68,3842800.0
801110.SI,20250818,8918.09,4584256.0
801110.SI,20250819,8996.07,5169912.0
801110.SI,20250820,9007.01,4898727.0
801110.SI,20250821,8979.66,4491598.0
801110.SI,20250822,9041.33,4044865.0
801110.SI,20250825,9183.93,5123251.0
801110.SI,20250826,9199.5,4394722.0
801110.SI,20250827,9056.71,4940185.0
801110.SI,20250828,9129.61,4448973.0
801110.SI,20250829,8963.39,4975915.0
801110.SI,20250901,8915.02,4412668.0
801110.SI,20250902,8996.48,4707468.0
801110.SI,20250903,8878.67,3571213.0
801110.SI,20250904,8776.0,3439332.0
801110.SI,20250905,8913.95,2967424.0
801110.SI,20250908,9030.3,3293881.0
801110.SI,20250909,9005.0,3755411.0
801110.SI,20250910,8972.03,2811288.0
801110.SI,20250911,9037.79,3496435.0
801110.SI,20250912,8933.78,3658452.0
801110.SI,20250915,8941.67,3554807.0
801110.SI,20250916,8994.3,3903145.0
801110.SI,20250917,9141.82,5239218.0
801110.SI,20250918,9111.59,6361931.0
801110.SI,20250919,9076.75,4557751.0
801110.SI,20250922,9015.3,4464059.0
801110.SI,20250923,9020.89,4600341.0
801110.SI,20250924,9100.28,4026863.0
801110.SI,20250925,9003.05,4072720.0
801110.SI,20250926,9016.57,3483642.0
801110.SI,20250929,9059.93,3671280.0
801110.SI,20250930,9032.42,3434155.0
801110.SI,20251009,9054.16,4140493.0
801110.SI,20251010,8987.85,3793440.0
801110.SI,20251013,8831.11,3366086.0
801110.SI,20251014,8787.17,3470134.0
801110.SI,20251015,8910.05,3091726.0
801110.SI,20251016,8852.92,2806680.0
801110.SI,20251017,8740.78,2846235.0
801110.SI,20251020,8831.75,2980087.0
801110.SI,20251021,8900.62,2939753.0
801110.SI,20251022,8973.59,3031406.0
801110.SI,20251023,9022.35,2927699.0
801110.SI,20251024,9029.33,3070163.0
801110.SI,20251027,9096.49,3681471.0
801110.SI,20251028,9107.46,3799066.0
801110.SI,20251029,9129.75,3100076.0
801110.SI,20251030,9089.49,3532756.0
801110.SI,20251031,9096.04,3892519.0
801110.SI,20251103,9035.82,3231902.0
801110.SI,20251104,8974.48,2881715.0
801110.SI,20251105,9016.96,2495309.0
801110.SI,20251106,9160.26,3542778.0
801110.SI,20251107,9052.9,2859868.0
801110.SI,20251110,9118.38,3464736.0
801110.SI,20251111,9098.01,3157460.0
801110.SI,20251112,9209.37,3460946.0
801110.SI,20251113,9234.24,2892159.0
801110.SI,20251114,9153.52,2655807.0
801110.SI,20251117,9076.5,2548276.0
801110.SI,20251118,9004.36,2474696.0
801110.SI,20251119,8963.98,2081654.0
801110.SI,20251120,8979.03,1987128.0
801110.SI,20251121,8943.33,3073997.0
801110.SI,20251124,8942.16,2451352.0
801110.SI,20251125,8987.62,2310907.0
801110.SI,20251126,9073.89,2666108.0
801110.SI,20251127,9081.23,2624907.0
801110.SI,20251128,9102.47,2088281.0
801110.SI,20251201,9149.6,2487136.0
801110.SI,20251202,9188.58,2358040.0
801110.SI,20251203,9215.76,2374201.0
801110.SI,20251204,9234.79,3186778.0
801110.SI,20251205,9269.69,2650556.0
801110.SI,20251208,9261.25,3179497.0
801110.SI,20251209,9136.12,2649433.0
801110.SI,20251210,9162.73,2436345.0
801110.SI,20251211,9054.96,2510747.0
801110.SI,20251212,9086.26,2834553.0
801110.SI,20251215,9098.77,2425963.0
801110.SI,20251216,9039.94,2168677.0
801110.SI,20251217,9114.58,2387345.0
801110.SI,20251218,9062.13,2296103.0
801110.SI,20251219,9100.7,2394689.0
801110.SI,20251222,9117.83,2963658.0
801110.SI,20251223,9091.92,2521489.0
801110.SI,20251224,9097.21,2443663.0
801110.SI,20251225,9160.04,3191712.0
801110.SI,20251226,9149.85,2939119.0
801110.SI,20251229,9127.08,3113493.0
801110.SI,20251230,9214.83,3512898.0
801110.SI,20251231,9213.92,4477812.0
801120.SI,20221010,21752.61,3999601.0
801120.SI,20221011,21754.9,2980736.0
801120.SI,20221012,21611.77,3489770.0
801120.SI,20221013,21287.64,3525707.0
801120.SI,20221014,21744.53,3506672.0
801120.SI,20221017,21567.21,2988430.0
801120.SI,20221018,21447.96,2660139.0
801120.SI,20221019,20793.01,3630220.0
801120.SI,20221020,20742.11,3284056.0
801120.SI,20221021,20468.12,2621689.0
801120.SI,20221024,19272.53,5090625.0
801120.SI,20221025,19214.73,3689300.0
801120.SI,20221026,19198.9,3802343.0
801120.SI,20221027,18496.4,4832117.0
801120.SI,20221028,18018.29,4412008.0
801120.SI,20221031,17771.98,3442722.0
801120.SI,20221101,19016.67,5551515.0
801120.SI,20221102,19369.16,5396328.0
801120.SI,20221103,19100.31,2973148.0
801120.SI,20221104,20032.79,5425502.0
801120.SI,20221107,20058.61,3489959.0
801120.SI,20221108,19748.72,2948751.0
801120.SI,20221109,19473.9,2386819.0
801120.SI,20221110,19690.45,2763922.0
801120.SI,20221111,20246.51,5061577.0
801120.SI,20221114,20181.82,4020048.0
801120.SI,20221115,20701.33,4019977.0
801120.SI,20221116,20757.85,3046826.0
801120.SI,20221117,20607.25,2836897.0
801120.SI,20221118,20616.91,2579897.0
801120.SI,20221121,20112.02,3015797.0
801120.SI,20221122,20174.96,2438377.0
801120.SI,20221123,20105.39,2193523.0
801120.SI,20221124,19886.57,2203217.0
801120.SI,20221125,19875.77,1843174.0
801120.SI,20221128,19868.74,3260825.0
801120.SI,20221129,20754.27,4850196.0
801120.SI,20221130,20723.16,3011562.0
801120.SI,20221201,21401.0,5982203.0
801120.SI,20221202,21440.55,4072765.0
801120.SI,20221205,21847.33,4821785.0
801120.SI,20221206,22356.65,6159578.0
801120.SI,20221207,22399.31,4790687.0
801120.SI,20221208,22398.48,3501702.0
801120.SI,20221209,22987.65,5744995.0
801120.SI,20221212,22799.04,4515157.0
801120.SI,20221213,23001.32,4141199.0
801120.SI,20221214,23480.0,5610990.0
801120.SI,20221215,23299.43,4698077.0
801120.SI,20221216,23388.88,3810736.0
801120.SI,20221219,23129.1,3749626.0
801120.SI,20221220,22331.24,4663140.0
801120.SI,20221221,22621.39,3390372.0
801120.SI,20221222,23002.28,4462989.0
801120.SI,20221223,23138.97,3988307.0
801120.SI,20221226,22852.57,3598325.0
801120.SI,20221227,23050.76,3779648.0
801120.SI,20221228,22980.48,3764230.0
801120.SI,20221229,22783.08,3571812.0
801120.SI,20221230,22956.3,3754191.0
801120.SI,20230103,22685.87,4361389.0
801120.SI,20230104,22688.24,3542015.0
801120.SI,20230105,23611.09,5610613.0
801120.SI,20230106,23574.89,4442867.0
801120.SI,20230109,24056.41,5023924.0
801120.SI,20230110,24193.78,4251632.0
801120.SI,20230111,24037.66,3677610.0
801120.SI,20230112,23868.42,3264568.0
801120.SI,20230113,24529.91,4481322.0
801120.SI,20230116,24996.76,5638882.0
801120.SI,20230117,24770.48,3731366.0
801120.SI,20230118,24530.42,3488958.0
801120.SI,20230119,24425.06,3223157.0
801120.SI,20230120,24334.02,3231256.0
801120.SI,20230130,24744.34,5071383.0
801120.SI,20230131,24140.62,4352463.0
801120.SI,20230201,24237.59,3955619.0
801120.SI,20230202,24408.39,4668163.0
801120.SI,20230203,24168.14,3998988.0
801120.SI,20230206,23756.54,4274902.0
801120.SI,20230207,23729.05,2934421.0
801120.SI,20230208,23568.29,2536158.0
801120.SI,20230209,24116.63,3823356.0
801120.SI,20230210,24159.56,3490517.0
801120.SI,20230213,24884.76,5877734.0
801120.SI,20230214,24777.83,4404796.0
801120.SI,20230215,24732.39,3802387.0
801120.SI,20230216,24816.39,4852420.0
801120.SI,20230217,24552.09,4291836.0
801120.SI,20230220,25058.66,4177040.0
801120.SI,20230221,24861.33,3677150.0
801120.SI,20230222,24697.47,3677604.0
801120.SI,20230223,24480.66,3370583.0
801120.SI,20230224,24121.98,3087477.0
801120.SI,20230227,24368.47,3378273.0
801120.SI,20230228,24394.06,2763056.0
801120.SI,20230301,24651.71,3018691.0
801120.SI,20230302,24573.13,2502550.0
801120.SI,20230303,24429.92,2630770.0
801120.SI,20230306,24365.55,2989333.0
801120.SI,20230307,23929.44,3175508.0
801120.SI,20230308,23749.95,2340478.0
801120.SI,20230309,23600.25,2874734.0
801120.SI,20230310,23308.54,2354546.0
801120.SI,20230313,23662.49,2672428.0
801120.SI,20230314,23493.9,2597746.0
801120.SI,20230315,23246.39,2319451.0
801120.SI,20230316,23213.35,2262888.0
801120.SI,20230317,22950.65,2997351.0
801120.SI,20230320,22681.07,2890177.0
801120.SI,20230321,23282.11,3236218.0
801120.SI,20230322,23245.04,2468299.0
801120.SI,20230323,23394.36,2484074.0
801120.SI,20230324,23422.96,2221444.0
801120.SI,20230327,23226.58,2233732.0
801120.SI,20230328,23531.78,2503717.0
801120.SI,20230329,23659.46,2507048.0
801120.SI,20230330,23911.68,2786613.0
801120.SI,20230331,23968.48,3062259.0
801120.SI,20230403,23819.26,2966688.0
801120.SI,20230404,23995.8,3083997.0
801120.SI,20230406,23604.9,2626504.0
801120.SI,20230407,23511.34,2282924.0
801120.SI,20230410,23231.07,3805726.0
801120.SI,20230411,22843.22,3189050.0
801120.SI,20230412,22295.41,3767713.0
801120.SI,20230413,22521.84,2955067.0
801120.SI,20230414,22289.7,2638857.0
801120.SI,20230417,22661.22,3141418.0
801120.SI,20230418,22764.55,2897378.0
801120.SI,20230419,22642.95,2271536.0
801120.SI,20230420,22362.99,2473899.0
801120.SI,20230421,22204.74,2487203.0
801120.SI,20230424,21859.55,2814635.0
801120.SI,20230425,22164.1,2860544.0
801120.SI,20230426,22203.99,3064605.0
801120.SI,20230427,22328.53,3187531.0
801120.SI,20230428,22540.28,3786253.0
801120.SI,20230504,22408.65,3925741.0
801120.SI,20230505,22518.35,2907662.0
801120.SI,20230508,22256.18,2955798.0
801120.SI,20230509,22243.33,2960537.0
801120.SI,20230510,22160.14,2029530.0
801120.SI,20230511,22051.94,1776156.0
801120.SI,20230512,21857.74,1974845.0
801120.SI,20230515,22053.17,2157049.0
801120.SI,20230516,21860.0,1996474.0
801120.SI,20230517,21694.58,1944135.0
801120.SI,20230518,21558.92,1972363.0
801120.SI,20230519,21810.87,2500505.0
801120.SI,20230522,22378.62,4026274.0
801120.SI,20230523,22085.91,2452074.0
801120.SI,20230524,21789.28,2093547.0
801120.SI,20230525,21606.55,2215550.0
801120.SI,20230526,21564.41,1773822.0
801120.SI,20230529,21415.83,1994008.0
801120.SI,20230530,21177.12,2314948.0
801120.SI,20230531,20759.79,2713811.0
801120.SI,20230601,20881.24,2564232.0
801120.SI,20230602,21316.97,2625090.0
801120.SI,20230605,21024.59,2315976.0
801120.SI,20230606,20998.15,2429057.0
801120.SI,20230607,20796.59,2117318.0
801120.SI,20230608,20955.24,1997683.0
801120.SI,20230609,20912.89,2167317.0
801120.SI,20230612,21434.53,3365804.0
801120.SI,20230613,21490.15,2535250.0
801120.SI,20230614,21903.17,3885374.0
801120.SI,20230615,22247.6,3386590.0
801120.SI,20230616,22478.33,3185499.0
801120.SI,20230619,21960.67,3109616.0
801120.SI,20230620,21759.08,2369940.0
801120.SI,20230621,21549.35,2037527.0
801120.SI,20230626,21110.91,2542555.0
801120.SI,20230627,21186.96,2236988.0
801120.SI,20230628,21300.79,2108510.0
801120.SI,20230629,21022.19,2101346.0
801120.SI,20230630,20873.29,2180365.0
801120.SI,20230703,21363.54,2834374.0
801120.SI,20230704,21419.72,2295609.0
801120.SI,20230705,21107.71,2115605.0
801120.SI,20230706,20946.85,1924844.0
801120.SI,20230707,20847.95,1607724.0
801120.SI,20230710,20954.89,1912820.0
801120.SI,20230711,20996.66,1593971.0
801120.SI,20230712,20990.75,1791343.0
801120.SI,20230713,21528.37,3384571.0
801120.SI,20230714,21477.76,2390186.0
801120.SI,20230717,21205.97,1852610.0
801120.SI,20230718,21099.55,1717409.0
801120.SI,20230719,21059.5,1703573.0
801120.SI,20230720,21072.19,2183971.0
801120.SI,20230721,21513.41,3656146.0
801120.SI,20230724,21364.46,2451322.0
801120.SI,20230725,22167.19,5077402.0
801120.SI,20230726,22158.4,2963262.0
801120.SI,20230727,22286.62,3346031.0
801120.SI,20230728,22805.31,4281269.0
801120.SI,20230731,22802.55,5396128.0
801120.SI,20230801,22675.22,3395266.0
801120.SI,20230802,22565.21,2357245.0
801120.SI,20230803,22692.1,3044268.0
801120.SI,20230804,22734.77,3257922.0
801120.SI,20230807,22517.87,2937134.0
801120.SI,20230808,22549.91,2275801.0
801120.SI,20230809,22552.69,2005997.0
801120.SI,20230810,22454.22,2173308.0
801120.SI,20230811,21973.31,2628515.0
801120.SI,20230814,21678.0,2553593.0
801120.SI,20230815,21637.12,1987168.0
801120.SI,20230816,21642.53,1810850.0
801120.SI,20230817,21895.11,2511120.0
801120.SI,20230818,21477.66,2497936.0
801120.SI,20230821,21361.53,2285242.0
801120.SI,20230822,21317.62,2528439.0
801120.SI,20230823,21033.19,1884969.0
801120.SI,20230824,21497.67,2549257.0
801120.SI,20230825,21412.09,2269079.0
801120.SI,20230828,21342.48,4397338.0
801120.SI,20230829,21608.56,3188428.0
801120.SI,20230830,21591.5,2640091.0
801120.SI,20230831,21468.31,2424315.0
801120.SI,20230901,21736.54,2940741.0
801120.SI,20230904,22192.45,4601796.0
801120.SI,20230905,22004.95,2709749.0
801120.SI,20230906,21992.94,2010174.0
801120.SI,20230907,21697.33,2071558.0
801120.SI,20230908,21530.03,1657880.0
801120.SI,20230911,21690.86,2266557.0
801120.SI,20230912,21641.47,1799403.0
801120.SI,20230913,21643.13,2168289.0
801120.SI,20230914,21546.78,1911079.0
801120.SI,20230915,21261.24,2371620.0
801120.SI,20230918,21586.13,2516728.0
801120.SI,20230919,21482.45,1873401.0
801120.SI,20230920,21395.07,1641354.0
801120.SI,20230921,21047.44,2115056.0
801120.SI,20230922,21514.67,2549763.0
801120.SI,20230925,21355.81,1693112.0
801120.SI,20230926,21163.52,1671490.0
801120.SI,20230927,21179.52,1953966.0
801120.SI,20230928,20987.51,2080001.0
801120.SI,20231009,20835.86,2393025.0
801120.SI,20231010,20740.62,2051120.0
801120.SI,20231011,20823.86,2104334.0
801120.SI,20231012,20872.23,1955486.0
801120.SI,20231013,20497.94,2330511.0
801120.SI,20231016,20180.71,2219384.0
801120.SI,20231017,20193.64,1757321.0
801120.SI,20231018,20113.69,1804940.0
801120.SI,20231019,19390.77,3145591.0
801120.SI,20231020,19383.25,2263768.0
801120.SI,20231023,19316.38,1990004.0
801120.SI,20231024,19400.12,2283152.0
801120.SI,20231025,19859.27,2981792.0
801120.SI,20231026,19917.17,2110777.0
801120.SI,20231027,20224.04,3048034.0
801120.SI,20231030,20395.19,2984063.0
801120.SI,20231031,20453.6,2537166.0
801120.SI,20231101,20984.17,4881996.0
801120.SI,20231102,20801.71,2426164.0
801120.SI,20231103,21087.06,2460856.0
801120.SI,20231106,21096.68,2595626.0
801120.SI,20231107,20964.79,2068129.0
801120.SI,20231108,20953.98,1981503.0
801120.SI,20231109,20923.88,1666413.0
801120.SI,20231110,20725.28,1646987.0
801120.SI,20231113,20581.67,1747882.0
801120.SI,20231114,20596.02,1647238.0
801120.SI,20231115,20721.63,2028538.0
801120.SI,20231116,20541.05,1608608.0
801120.SI,20231117,20442.24,1694170.0
801120.SI,20231120,20532.64,1879859.0
801120.SI,20231121,20797.8,2689723.0
801120.SI,20231122,20666.89,1717094.0
801120.SI,20231123,20679.07,1626833.0
801120.SI,20231124,20638.2,1766834.0
801120.SI,20231127,20394.25,2144894.0
801120.SI,20231128,20413.11,1830399.0
801120.SI,20231129,20394.59,1867725.0
801120.SI,20231130,20556.82,2205267.0
801120.SI,20231201,20275.54,2795979.0
801120.SI,20231204,20058.03,2403965.0
801120.SI,20231205,19664.25,3200703.0
801120.SI,20231206,19669.99,2995465.0
801120.SI,20231207,19600.23,2751089.0
801120.SI,20231208,19612.78,2859311.0
801120.SI,20231211,19437.06,3572017.0
801120.SI,20231212,19580.37,2398024.0
801120.SI,20231213,18970.14,3240177.0
801120.SI,20231214,18711.11,2866727.0
801120.SI,20231215,18761.95,2614166.0
801120.SI,20231218,18773.2,1939900.0
801120.SI,20231219,18815.94,1848723.0
801120.SI,20231220,18546.74,1858429.0
801120.SI,20231221,18817.58,2561291.0
801120.SI,20231222,18792.58,2225755.0
801120.SI,20231225,18898.96,1728938.0
801120.SI,20231226,18799.33,1552054.0
801120.SI,20231227,18850.8,2055057.0
801120.SI,20231228,19521.04,3846991.0
801120.SI,20231229,19526.97,2810777.0
801120.SI,20240102,19075.9,2803620.0
801120.SI,20240103,19050.9,2232646.0
801120.SI,20240104,18721.11,2278228.0
801120.SI,20240105,18579.52,2062930.0
801120.SI,20240108,18316.53,2117284.0
801120.SI,20240109,18304.92,1989374.0
801120.SI,20240110,18448.94,2340714.0
801120.SI,20240111,18529.42,2166034.0
801120.SI,20240112,18475.01,1996434.0
801120.SI,20240115,18407.2,2034053.0
801120.SI,20240116,18446.74,2334492.0
801120.SI,20240117,17857.62,2723344.0
801120.SI,20240118,18144.27,3406893.0
801120.SI,20240119,18275.6,2567872.0
801120.SI,20240122,17973.9,2898324.0
801120.SI,20240123,17851.47,2391154.0
801120.SI,20240124,17930.85,2508679.0
801120.SI,20240125,18220.64,2905417.0
801120.SI,20240126,18210.01,2473183.0
801120.SI,20240129,18281.67,2735630.0
801120.SI,20240130,17780.05,2347629.0
801120.SI,20240131,17542.95,2344652.0
801120.SI,20240201,17570.88,2195799.0
801120.SI,20240202,17400.65,3119305.0
801120.SI,20240205,17532.57,3584334.0
801120.SI,20240206,18188.15,3853381.0
801120.SI,20240207,18526.96,3884437.0
801120.SI,20240208,18546.57,3625971.0
801120.SI,20240219,18579.79,3247944.0
801120.SI,20240220,18430.1,2465086.0
801120.SI,20240221,19059.16,4146113.0
801120.SI,20240222,19132.45,2448293.0
801120.SI,20240223,19162.04,2675249.0
801120.SI,20240226,18955.61,2389235.0
801120.SI,20240227,18963.44,2253385.0
801120.SI,20240228,18761.04,3156658.0
801120.SI,20240229,19058.0,2505390.0
801120.SI,20240301,19025.8,2271479.0
801120.SI,20240304,18878.29,2367179.0
801120.SI,20240305,19059.34,2507987.0
801120.SI,20240306,18836.06,1984267.0
801120.SI,20240307,18789.31,1908574.0
801120.SI,20240308,18676.85,1876248.0
801120.SI,20240311,19050.55,2652516.0
801120.SI,20240312,19721.74,4501951.0
801120.SI,20240313,19566.38,2736550.0
801120.SI,20240314,19512.15,2339502.0
801120.SI,20240315,19632.63,2413169.0
801120.SI,20240318,19646.2,2653574.0
801120.SI,20240319,19769.54,2953383.0
801120.SI,20240320,19732.13,2035279.0
801120.SI,20240321,19759.93,2140699.0
801120.SI,20240322,19464.81,2604447.0
801120.SI,20240325,19278.23,2153864.0
801120.SI,20240326,19538.81,2210977.0
801120.SI,20240327,19324.56,2269438.0
801120.SI,20240328,19324.12,2401410.0
801120.SI,20240329,19355.95,1688985.0
801120.SI,20240401,19731.52,2928510.0
801120.SI,20240402,19612.02,2396304.0
801120.SI,20240403,19606.73,2294465.0
801120.SI,20240408,19009.4,3725328.0
801120.SI,20240409,19007.21,2199997.0
801120.SI,20240410,18770.64,2272082.0
801120.SI,20240411,18741.46,2042173.0
801120.SI,20240412,18496.25,2162960.0
801120.SI,20240415,18940.52,2990510.0
801120.SI,20240416,18711.0,2390816.0
801120.SI,20240417,18794.01,2265814.0
801120.SI,20240418,18864.61,2368666.0
801120.SI,20240419,18633.06,1885351.0
801120.SI,20240422,18934.21,2353281.0
801120.SI,20240423,19113.38,2327971.0
801120.SI,20240424,19158.85,2009696.0
801120.SI,20240425,19122.35,1624269.0
801120.SI,20240426,19379.96,2689952.0
801120.SI,20240429,19499.53,3949210.0
801120.SI,20240430,19506.75,3170433.0
801120.SI,20240506,20069.88,4861546.0
801120.SI,20240507,20128.95,2901832.0
801120.SI,20240508,19987.61,2296743.0
801120.SI,20240509,19989.3,2325397.0
801120.SI,20240510,19842.46,2310001.0
801120.SI,20240513,19506.37,2924132.0
801120.SI,20240514,19543.29,2296474.0
801120.SI,20240515,19457.12,1593609.0
801120.SI,20240516,19553.87,2583520.0
801120.SI,20240517,19766.02,2637541.0
801120.SI,20240520,19832.49,3232113.0
801120.SI,20240521,19811.8,2279534.0
801120.SI,20240522,19661.84,2176281.0
801120.SI,20240523,19450.41,2091889.0
801120.SI,20240524,19225.42,2038783.0
801120.SI,20240527,19230.74,2032601.0
801120.SI,20240528,19063.62,1787026.0
801120.SI,20240529,19075.16,1598301.0
801120.SI,20240530,18801.93,2105798.0
801120.SI,20240531,18790.11,1710558.0
801120.SI,20240603,18730.88,2205039.0
801120.SI,20240604,18896.58,1879546.0
801120.SI,20240605,18633.18,1834445.0
801120.SI,20240606,18479.31,2178851.0
801120.SI,20240607,18282.1,2051059.0
801120.SI,20240611,17882.77,2824278.0
801120.SI,20240612,17904.31,1929329.0
801120.SI,20240613,17678.51,2212014.0
801120.SI,20240614,17753.29,3034101.0
801120.SI,20240617,17656.79,2355520.0
801120.SI,20240618,17433.44,2194279.0
801120.SI,20240619,17281.95,1972617.0
801120.SI,20240620,17099.37,1856607.0
801120.SI,20240621,16864.66,2321693.0
801120.SI,20240624,16869.92,2771564.0
801120.SI,20240625,16907.66,2130570.0
801120.SI,20240626,16943.71,1716159.0
801120.SI,20240627,16811.16,1724383.0
801120.SI,20240628,16576.06,2071426.0
801120.SI,20240701,16471.8,1894200.0
801120.SI,20240702,16759.14,2445745.0
801120.SI,20240703,16731.71,1763372.0
801120.SI,20240704,16521.12,1770542.0
801120.SI,20240705,16301.15,1787600.0
801120.SI,20240708,15943.44,1977730.0
801120.SI,20240709,16091.64,2089584.0
801120.SI,20240710,16086.83,1772015.0
801120.SI,20240711,16457.17,2456532.0
801120.SI,20240712,16493.58,1903833.0
801120.SI,20240715,16464.06,1460437.0
801120.SI,20240716,16435.42,1470041.0
801120.SI,20240717,16762.1,2237124.0
801120.SI,20240718,16785.53,2003424.0
801120.SI,20240719,17043.18,2140259.0
801120.SI,20240722,16751.29,1848838.0
801120.SI,20240723,16192.16,2049906.0
801120.SI,20240724,15999.01,1663503.0
801120.SI,20240725,15968.0,1585172.0
801120.SI,20240726,15963.41,1557587.0
801120.SI,20240729,15700.7,1701495.0
801120.SI,20240730,15602.61,2040294.0
801120.SI,20240731,16121.65,2787835.0
801120.SI,20240801,15770.54,2185159.0
801120.SI,20240802,15740.93,1563556.0
801120.SI,20240805,15898.91,2634746.0
801120.SI,20240806,15963.82,2068855.0
801120.SI,20240807,16042.52,1814670.0
801120.SI,20240808,16287.62,2710984.0
801120.SI,20240809,16228.26,1938979.0
801120.SI,20240812,16198.99,1276910.0
801120.SI,20240813,16035.37,1330284.0
801120.SI,20240814,15860.74,1203722.0
801120.SI,20240815,15967.7,1537809.0
801120.SI,20240816,15923.02,1298543.0
801120.SI,20240819,15851.6,1610464.0
801120.SI,20240820,15718.22,1449172.0
801120.SI,20240821,15638.24,1125016.0
801120.SI,20240822,15463.43,1708874.0
801120.SI,20240823,15476.12,1224858.0
801120.SI,20240826,15368.52,1415123.0
801120.SI,20240827,15300.02,1339948.0
801120.SI,20240828,15042.29,2106531.0
801120.SI,20240829,15353.82,2113317.0
801120.SI,20240830,15727.09,3258218.0
801120.SI,20240902,15205.92,2367140.0
801120.SI,20240903,15384.6,1620051.0
801120.SI,20240904,15250.18,1232454.0
801120.SI,20240905,15349.88,1202809.0
801120.SI,20240906,15171.76,1038474.0
801120.SI,20240909,14969.97,1478653.0
801120.SI,20240910,14996.23,1357467.0
801120.SI,20240911,14998.77,1258717.0
801120.SI,20240912,14638.36,1845468.0
801120.SI,20240913,14331.42,2175627.0
801120.SI,20240918,14118.56,1742700.0
801120.SI,20240919,14361.95,2965676.0
801120.SI,20240920,14358.56,1921104.0
801120.SI,20240923,14379.52,1947862.0
801120.SI,20240924,15347.59,4233490.0
801120.SI,20240925,15502.4,4055344.0
801120.SI,20240926,16865.1,6025441.0
801120.SI,20240927,18099.82,6903596.0
801120.SI,20240930,19603.06,10436315.0
801120.SI,20241008,19809.29,14601986.0
801120.SI,20241009,18164.73,9079704.0
801120.SI,20241010,18565.56,6477369.0
801120.SI,20241011,18139.63,4064183.0
801120.SI,20241014,18229.23,4230158.0
801120.SI,20241015,17652.77,3730398.0
801120.SI,20241016,17398.34,3329087.0
801120.SI,20241017,17051.26,2898026.0
801120.SI,20241018,17563.08,4807516.0
801120.SI,20241021,17525.31,3978861.0
801120.SI,20241022,17780.36,3988913.0
801120.SI,20241023,18027.2,4168080.0
801120.SI,20241024,17792.9,2756989.0
801120.SI,20241025,17948.45,3272531.0
801120.SI,20241028,18269.86,4885318.0
801120.SI,20241029,17885.09,4615796.0
801120.SI,20241030,17745.34,3494577.0
801120.SI,20241031,17752.08,4070731.0
801120.SI,20241101,17879.31,4300561.0
801120.SI,20241104,18117.81,4204115.0
801120.SI,20241105,18471.87,4978309.0
801120.SI,20241106,18405.37,4682097.0
801120.SI,20241107,19550.64,8525857.0
801120.SI,20241108,19153.06,7946978.0
801120.SI,20241111,19013.97,5397897.0
801120.SI,20241112,18859.79,5405735.0
801120.SI,20241113,18852.12,3524986.0
801120.SI,20241114,18655.12,3412190.0
801120.SI,20241115,18471.12,3646036.0
801120.SI,20241118,18275.41,3401291.0
801120.SI,20241119,18212.25,3173734.0
801120.SI,20241120,18289.94,2634212.0
801120.SI,20241121,18289.89,2467567.0
801120.SI,20241122,17716.59,3303948.0
801120.SI,20241125,17680.38,2926025.0
801120.SI,20241126,17827.14,2951239.0
801120.SI,20241127,18040.75,3283001.0
801120.SI,20241128,17931.57,3163825.0
801120.SI,20241129,18180.27,4580598.0
801120.SI,20241202,18314.23,4627067.0
801120.SI,20241203,18309.28,3887882.0
801120.SI,20241204,18176.81,3831854.0
801120.SI,20241205,18073.9,2912694.0
801120.SI,20241206,18214.37,3599091.0
801120.SI,20241209,18161.92,3396709.0
801120.SI,20241210,18551.02,7422650.0
801120.SI,20241211,18692.99,5949620.0
801120.SI,20241212,19131.26,7727478.0
801120.SI,20241213,18580.97,7395266.0
801120.SI,20241216,18410.55,5332395.0
801120.SI,20241217,18460.89,4247825.0
801120.SI,20241218,18477.63,3263789.0
801120.SI,20241219,18236.22,3304459.0
801120.SI,20241220,18159.34,3359808.0
801120.SI,20241223,18032.56,3278190.0
801120.SI,20241224,18217.71,2971030.0
801120.SI,20241225,18108.02,2634836.0
801120.SI,20241226,18086.6,2553605.0
801120.SI,20241227,18119.06,2791601.0
801120.SI,20241230,18002.49,2906645.0
801120.SI,20241231,17958.34,3859342.0
801120.SI,20250102,17623.89,4668765.0
801120.SI,20250103,17369.14,4020693.0
801120.SI,20250106,16966.57,3573165.0
801120.SI,20250107,16991.61,2581374.0
801120.SI,20250108,16998.92,3167145.0
801120.SI,20250109,17002.72,2688673.0
801120.SI,20250110,16767.84,2350589.0
801120.SI,20250113,16840.34,2378160.0
801120.SI,20250114,17202.77,3287992.0
801120.SI,20250115,17142.19,2457093.0
801120.SI,20250116,16995.85,3009125.0
801120.SI,20250117,17120.1,2664412.0
801120.SI,20250120,17234.35,2976442.0
801120.SI,20250121,17145.46,2731616.0
801120.SI,20250122,16836.36,2655113.0
801120.SI,20250123,16830.52,2704227.0
801120.SI,20250124,16761.06,2712034.0
801120.SI,20250127,16729.84,2379522.0
801120.SI,20250205,16379.5,2849850.0
801120.SI,20250206,16486.29,2463052.0
801120.SI,20250207,16713.69,3353721.0
801120.SI,20250210,16728.8,3068972.0
801120.SI,20250211,16577.39,2875240.0
801120.SI,20250212,16792.01,2863532.0
801120.SI,20250213,17103.56,4794829.0
801120.SI,20250214,17104.66,2947277.0
801120.SI,20250217,17104.82,3060106.0
801120.SI,20250218,16972.58,2879479.0
801120.SI,20250219,17130.83,2578781.0
801120.SI,20250220,17062.19,2339316.0
801120.SI,20250221,17119.71,3245668.0
801120.SI,20250224,17160.06,3574665.0
801120.SI,20250225,16887.93,2717242.0
801120.SI,20250226,17018.03,2794878.0
801120.SI,20250227,17398.79,4980721.0
801120.SI,20250228,17422.31,5155055.0
801120.SI,20250303,17278.51,3929171.0
801120.SI,20250304,17106.87,2678382.0
801120.SI,20250305,17069.55,2728707.0
801120.SI,20250306,17383.5,3328133.0
801120.SI,20250307,17551.39,3601322.0
801120.SI,20250310,17518.52,2780057.0
801120.SI,20250311,17854.92,3789487.0
801120.SI,20250312,17713.25,3267527.0
801120.SI,20250313,17681.16,2727090.0
801120.SI,20250314,18638.17,7845030.0
801120.SI,20250317,18637.57,5952591.0
801120.SI,20250318,18500.17,3649364.0
801120.SI,20250319,18453.46,3121750.0
801120.SI,20250320,18163.98,3538807.0
801120.SI,20250321,17887.33,3332408.0
801120.SI,20250324,17949.37,3289551.0
801120.SI,20250325,17918.78,2788825.0
801120.SI,20250326,17919.98,2284473.0
801120.SI,20250327,18073.42,2435752.0
801120.SI,20250328,17958.33,2345550.0
801120.SI,20250331,17747.5,2484841.0
801120.SI,20250401,17802.41,2152712.0
801120.SI,20250402,17743.61,1947147.0
801120.SI,20250403,17970.12,3045250.0
801120.SI,20250407,17164.62,6098220.0
801120.SI,20250408,17743.88,5593386.0
801120.SI,20250409,17958.47,5663453.0
801120.SI,20250410,18072.8,5479550.0
801120.SI,20250411,18005.21,4309150.0
801120.SI,20250414,17939.53,3826617.0
801120.SI,20250415,18018.24,4164593.0
801120.SI,20250416,18102.35,4229286.0
801120.SI,20250417,18232.86,4464886.0
801120.SI,20250418,18048.96,3331720.0
801120.SI,20250421,17941.63,3482871.0
801120.SI,20250422,17924.98,3485636.0
801120.SI,20250423,17860.78,3319694.0
801120.SI,20250424,17853.47,3259878.0
801120.SI,20250425,17803.64,3064110.0
801120.SI,20250428,17736.45,3085613.0
801120.SI,20250429,17692.99,3336058.0
801120.SI,20250430,17707.51,3251143.0
801120.SI,20250506,17769.18,3073125.0
801120.SI,20250507,17838.21,3120058.0
801120.SI,20250508,17967.95,2912988.0
801120.SI,20250509,18019.54,2470602.0
801120.SI,20250512,18111.17,2608491.0
801120.SI,20250513,18042.22,2296281.0
801120.SI,20250514,18345.82,3284122.0
801120.SI,20250515,18299.58,2949953.0
801120.SI,20250516,18105.47,2812653.0
801120.SI,20250519,17942.58,3515288.0
801120.SI,20250520,18065.23,3867364.0
801120.SI,20250521,18045.91,3223294.0
801120.SI,20250522,17988.04,2595449.0
801120.SI,20250523,17875.67,2725631.0
801120.SI,20250526,17782.3,3016081.0
801120.SI,20250527,17812.06,3397413.0
801120.SI,20250528,17881.09,3795565.0
801120.SI,20250529,17839.7,3353789.0
801120.SI,20250530,17685.35,3175774.0
801120.SI,20250603,17662.15,3570424.0
801120.SI,20250604,17743.4,3732752.0
801120.SI,20250605,17658.61,3615686.0
801120.SI,20250606,17497.01,2894225.0
801120.SI,20250609,17421.45,3188178.0
801120.SI,20250610,17297.47,3455665.0
801120.SI,20250611,17333.85,2703068.0
801120.SI,20250612,17138.07,3731729.0
801120.SI,20250613,16732.24,4355172.0
801120.SI,20250616,16703.04,3152288.0
801120.SI,20250617,16697.74,2774409.0
801120.SI,20250618,16707.74,2980580.0
801120.SI,20250619,16590.13,2532757.0
801120.SI,20250620,16711.92,3041855.0
801120.SI,20250623,16578.62,2410381.0
801120.SI,20250624,16756.45,2498189.0
801120.SI,20250625,16799.02,2870838.0
801120.SI,20250626,16697.38,2811351.0
801120.SI,20250627,16564.42,2520422.0
801120.SI,20250630,16642.76,2771573.0
801120.SI,20250701,16609.24,2107665.0
801120.SI,20250702,16616.22,2643817.0
801120.SI,20250703,16644.83,2261860.0
801120.SI,20250704,16666.79,2327053.0
801120.SI,20250707,16566.84,2016813.0
801120.SI,20250708,16644.31,2280326.0
801120.SI,20250709,16706.37,2844510.0
801120.SI,20250710,16751.27,2824325.0
801120.SI,20250711,16807.45,3616198.0
801120.SI,20250714,16818.11,2481925.0
801120.SI,20250715,16649.01,2910330.0
801120.SI,20250716,16707.8,2354029.0
801120.SI,20250717,16797.97,2458130.0
801120.SI,20250718,16921.18,3263887.0
801120.SI,20250721,16933.29,2617509.0
801120.SI,20250722,17226.07,3891552.0
801120.SI,20250723,17211.52,3438734.0
801120.SI,20250724,17333.39,3057464.0
801120.SI,20250725,17046.54,3122794.0
801120.SI,20250728,16946.57,2944808.0
801120.SI,20250729,16897.4,3500174.0
801120.SI,20250730,17042.3,3810985.0
801120.SI,20250731,16677.44,4058461.0
801120.SI,20250801,16676.01,2612333.0
801120.SI,20250804,16707.82,2175069.0
801120.SI,20250805,16846.19,2447861.0
801120.SI,20250806,16833.55,2214344.0
801120.SI,20250807,16870.13,2835536.0
801120.SI,20250808,16781.2,2221027.0
801120.SI,20250811,17024.8,3594241.0
801120.SI,20250812,16953.15,3345579.0
801120.SI,20250813,16881.82,3494121.0
801120.SI,20250814,16854.9,3591317.0
801120.SI,20250815,16861.07,3306644.0
801120.SI,20250818,16952.28,3864843.0
801120.SI,20250819,17128.31,5025139.0
801120.SI,20250820,17366.75,6061851.0
801120.SI,20250821,17325.83,4492149.0
801120.SI,20250822,17416.22,3970880.0
801120.SI,20250825,17863.83,6547525.0
801120.SI,20250826,17856.22,5307338.0
801120.SI,20250827,17432.12,5379863.0
801120.SI,20250828,17366.67,4784982.0
801120.SI,20250829,17786.45,5935767.0
801120.SI,20250901,17757.95,4891451.0
801120.SI,20250902,17758.38,4732517.0
801120.SI,20250903,17529.06,4067995.0
801120.SI,20250904,17514.42,4409164.0
801120.SI,20250905,17612.7,3580252.0
801120.SI,20250908,17849.27,4414560.0
801120.SI,20250909,17869.57,3510221.0
801120.SI,20250910,17900.47,3798248.0
801120.SI,20250911,17980.62,3782560.0
801120.SI,20250912,17802.98,3702209.0
801120.SI,20250915,17768.6,3067790.0
801120.SI,20250916,17700.44,3123244.0
801120.SI,20250917,17612.04,3096698.0
801120.SI,20250918,17332.27,3889349.0
801120.SI,20250919,17352.33,2899238.0
801120.SI,20250922,17142.94,2607050.0
801120.SI,20250923,17034.52,2936611.0
801120.SI,20250924,17047.88,2394971.0
801120.SI,20250925,16945.49,2685471.0
801120.SI,20250926,16919.9,3043227.0
801120.SI,20250929,17130.88,3372352.0
801120.SI,20250930,17049.15,2647054.0
801120.SI,20251009,16999.74,3373773.0
801120.SI,20251010,17022.92,2964011.0
801120.SI,20251013,16849.13,2986163.0
801120.SI,20251014,17134.22,4004898.0
801120.SI,20251015,17266.46,3433270.0
801120.SI,20251016,17433.78,3098026.0
801120.SI,20251017,17168.83,2691408.0
801120.SI,20251020,17147.7,2182372.0
801120.SI,20251021,17186.68,2220900.0
801120.SI,20251022,17128.96,2054101.0
801120.SI,20251023,17209.71,2211947.0
801120.SI,20251024,17005.97,2739065.0
801120.SI,20251027,16971.75,2616729.0
801120.SI,20251028,16970.36,2349033.0
801120.SI,20251029,16875.3,2631676.0
801120.SI,20251030,16831.62,3264291.0
801120.SI,20251031,16967.17,3775201.0
801120.SI,20251103,17026.09,3091804.0
801120.SI,20251104,16864.14,2484371.0
801120.SI,20251105,16817.86,2655153.0
801120.SI,20251106,16874.33,2468599.0
801120.SI,20251107,16871.88,2046524.0
801120.SI,20251110,17414.49,5453662.0
801120.SI,20251111,17427.51,4184239.0
801120.SI,20251112,17461.83,3725542.0
801120.SI,20251113,17552.56,3534507.0
801120.SI,20251114,17346.93,3136220.0
801120.SI,20251117,17401.9,2904749.0
801120.SI,20251118,17407.01,3002330.0
801120.SI,20251119,17340.88,2302769.0
801120.SI,20251120,17249.18,2379574.0
801120.SI,20251121,17097.72,3200442.0
801120.SI,20251124,17002.47,2522198.0
801120.SI,20251125,17015.14,2291723.0
801120.SI,20251126,17042.0,2061963.0
801120.SI,20251127,17031.74,1998262.0
801120.SI,20251128,17110.46,2354235.0
801120.SI,20251201,17139.84,2574422.0
801120.SI,20251202,17033.82,2533923.0
801120.SI,20251203,16915.02,2740958.0
801120.SI,20251204,16710.95,3057467.0
801120.SI,20251205,16785.04,2414097.0
801120.SI,20251208,16654.9,2917956.0
801120.SI,20251209,16494.74,3453460.0
801120.SI,20251210,16512.62,3180476.0
801120.SI,20251211,16443.9,2598751.0
801120.SI,20251212,16511.99,3301896.0
801120.SI,20251215,16622.89,3184279.0
801120.SI,20251216,16619.93,3185810.0
801120.SI,20251217,16696.11,3399119.0
801120.SI,20251218,16640.82,2668127.0
801120.SI,20251219,16685.08,3546002.0
801120.SI,20251222,16665.51,2904219.0
801120.SI,20251223,16581.73,2866277.0
801120.SI,20251224,16521.46,2490771.0
801120.SI,20251225,16661.87,2732373.0
801120.SI,20251226,16592.03,2490998.0
801120.SI,20251229,16415.83,2668618.0
801120.SI,20251230,16314.31,2357243.0
801120.SI,20251231,16217.81,2341083.0
801130.SI,20221010,1454.53,501735.0
801130.SI,20221011,1457.48,475461.0
801130.SI,20221012,1486.02,541453.0
801130.SI,20221013,1485.22,514312.0
801130.SI,20221014,1511.75,655864.0
801130.SI,20221017,1529.39,599197.0
801130.SI,20221018,1524.22,585188.0
801130.SI,20221019,1505.22,520644.0
801130.SI,20221020,1497.81,596719.0
801130.SI,20221021,1485.78,504896.0
801130.SI,20221024,1455.45,578358.0
801130.SI,20221025,1449.56,571073.0
801130.SI,20221026,1468.64,566203.0
801130.SI,20221027,1469.4,546111.0
801130.SI,20221028,1411.81,607883.0
801130.SI,20221031,1405.75,502207.0
801130.SI,20221101,1443.32,542837.0
801130.SI,20221102,1459.99,577289.0
801130.SI,20221103,1456.09,481402.0
801130.SI,20221104,1485.46,618185.0
801130.SI,20221107,1512.13,666573.0
801130.SI,20221108,1515.31,672809.0
801130.SI,20221109,1515.98,567780.0
801130.SI,20221110,1514.63,601301.0
801130.SI,20221111,1524.58,782884.0
801130.SI,20221114,1522.78,612366.0
801130.SI,20221115,1536.68,557931.0
801130.SI,20221116,1544.61,596178.0
801130.SI,20221117,1545.69,505495.0
801130.SI,20221118,1543.09,748552.0
801130.SI,20221121,1544.19,658149.0
801130.SI,20221122,1523.72,650549.0
801130.SI,20221123,1511.41,559261.0
801130.SI,20221124,1524.33,579411.0
801130.SI,20221125,1518.41,596041.0
801130.SI,20221128,1518.17,583250.0
801130.SI,20221129,1549.6,746462.0
801130.SI,20221130,1550.04,683115.0
801130.SI,20221201,1569.44,946953.0
801130.SI,20221202,1597.03,1022193.0
801130.SI,20221205,1613.33,1148680.0
801130.SI,20221206,1623.27,998008.0
801130.SI,20221207,1650.99,1207368.0
801130.SI,20221208,1642.75,1062047.0
801130.SI,20221209,1627.09,1031857.0
801130.SI,20221212,1610.63,943657.0
801130.SI,20221213,1636.37,953232.0
801130.SI,20221214,1646.56,1067004.0
801130.SI,20221215,1624.77,1169756.0
801130.SI,20221216,1617.18,889859.0
801130.SI,20221219,1578.23,938514.0
801130.SI,20221220,1574.42,789227.0
801130.SI,20221221,1577.16,710538.0
801130.SI,20221222,1584.57,843697.0
801130.SI,20221223,1556.52,923074.0
801130.SI,20221226,1567.76,794304.0
801130.SI,20221227,1585.75,956557.0
801130.SI,20221228,1566.95,953342.0
801130.SI,20221229,1555.08,768383.0
801130.SI,20221230,1573.75,807399.0
801130.SI,20230103,1595.26,975346.0
801130.SI,20230104,1598.08,914015.0
801130.SI,20230105,1600.7,893650.0
801130.SI,20230106,1585.58,842866.0
801130.SI,20230109,1610.12,840054.0
801130.SI,20230110,1611.9,824515.0
801130.SI,20230111,1600.44,926023.0
801130.SI,20230112,1597.35,772805.0
801130.SI,20230113,1611.69,763388.0
801130.SI,20230116,1631.49,963930.0
801130.SI,20230117,1620.21,960545.0
801130.SI,20230118,1620.26,834418.0
801130.SI,20230119,1614.59,779482.0
801130.SI,20230120,1627.44,723518.0
801130.SI,20230130,1649.31,1034082.0
801130.SI,20230131,1647.35,855393.0
801130.SI,20230201,1662.27,965487.0
801130.SI,20230202,1663.18,938271.0
801130.SI,20230203,1650.75,870843.0
801130.SI,20230206,1638.66,697733.0
801130.SI,20230207,1651.53,794731.0
801130.SI,20230208,1648.44,779458.0
801130.SI,20230209,1658.05,762321.0
801130.SI,20230210,1657.13,699600.0
801130.SI,20230213,1683.67,863040.0
801130.SI,20230214,1678.38,745487.0
801130.SI,20230215,1671.33,661402.0
801130.SI,20230216,1646.11,976125.0
801130.SI,20230217,1660.67,888495.0
801130.SI,20230220,1679.95,932773.0
801130.SI,20230221,1679.25,780773.0
801130.SI,20230222,1681.7,673757.0
801130.SI,20230223,1689.35,833723.0
801130.SI,20230224,1693.76,846768.0
801130.SI,20230227,1695.06,1009482.0
801130.SI,20230228,1725.23,1208756.0
801130.SI,20230301,1724.57,1253883.0
801130.SI,20230302,1728.87,1144516.0
801130.SI,20230303,1717.34,1067404.0
801130.SI,20230306,1706.29,904359.0
801130.SI,20230307,1678.29,875237.0
801130.SI,20230308,1684.59,619093.0
801130.SI,20230309,1672.46,591983.0
801130.SI,20230310,1652.8,620232.0
801130.SI,20230313,1661.79,632302.0
801130.SI,20230314,1632.93,802209.0
801130.SI,20230315,1644.37,586756.0
801130.SI,20230316,1641.75,726139.0
801130.SI,20230317,1642.34,681718.0
801130.SI,20230320,1634.83,855236.0
801130.SI,20230321,1667.03,715286.0
801130.SI,20230322,1671.11,749266.0
801130.SI,20230323,1661.42,667194.0
801130.SI,20230324,1653.46,582637.0
801130.SI,20230327,1632.12,629002.0
801130.SI,20230328,1634.25,576779.0
801130.SI,20230329,1624.81,562188.0
801130.SI,20230330,1624.66,520822.0
801130.SI,20230331,1632.4,505296.0
801130.SI,20230403,1631.49,573518.0
801130.SI,20230404,1621.96,638089.0
801130.SI,20230406,1612.19,643896.0
801130.SI,20230407,1628.47,607595.0
801130.SI,20230410,1609.27,678383.0
801130.SI,20230411,1615.3,589670.0
801130.SI,20230412,1617.84,621089.0
801130.SI,20230413,1619.48,614646.0
801130.SI,20230414,1609.49,605960.0
801130.SI,20230417,1609.05,562034.0
801130.SI,20230418,1613.3,533992.0
801130.SI,20230419,1603.96,516672.0
801130.SI,20230420,1594.27,510379.0
801130.SI,20230421,1573.81,569599.0
801130.SI,20230424,1571.66,528246.0
801130.SI,20230425,1562.4,577382.0
801130.SI,20230426,1577.26,559149.0
801130.SI,20230427,1586.65,581281.0
801130.SI,20230428,1622.58,757499.0
801130.SI,20230504,1672.47,1088891.0
801130.SI,20230505,1665.74,896879.0
801130.SI,20230508,1655.14,743463.0
801130.SI,20230509,1624.16,739743.0
801130.SI,20230510,1618.51,548033.0
801130.SI,20230511,1647.93,701750.0
801130.SI,20230512,1670.64,1120980.0
801130.SI,20230515,1650.08,1014288.0
801130.SI,20230516,1623.99,663096.0
801130.SI,20230517,1629.92,623107.0
801130.SI,20230518,1629.53,558676.0
801130.SI,20230519,1627.89,544007.0
801130.SI,20230522,1634.26,503357.0
801130.SI,20230523,1623.14,553974.0
801130.SI,20230524,1609.69,563830.0
801130.SI,20230525,1606.85,664254.0
801130.SI,20230526,1600.89,581260.0
801130.SI,20230529,1588.33,598586.0
801130.SI,20230530,1589.1,542590.0
801130.SI,20230531,1578.52,531570.0
801130.SI,20230601,1585.76,630635.0
801130.SI,20230602,1593.2,592855.0
801130.SI,20230605,1610.26,693721.0
801130.SI,20230606,1585.29,648031.0
801130.SI,20230607,1595.45,534775.0
801130.SI,20230608,1582.53,561614.0
801130.SI,20230609,1581.4,614155.0
801130.SI,20230612,1600.77,673666.0
801130.SI,20230613,1597.33,537293.0
801130.SI,20230614,1603.35,584106.0
801130.SI,20230615,1597.84,526112.0
801130.SI,20230616,1595.7,561614.0
801130.SI,20230619,1581.86,566563.0
801130.SI,20230620,1569.87,552630.0
801130.SI,20230621,1550.9,487144.0
801130.SI,20230626,1531.49,504164.0
801130.SI,20230627,1584.73,630534.0
801130.SI,20230628,1583.04,521335.0
801130.SI,20230629,1593.7,487651.0
801130.SI,20230630,1625.74,668425.0
801130.SI,20230703,1629.24,609588.0
801130.SI,20230704,1633.47,479319.0
801130.SI,20230705,1623.85,415259.0
801130.SI,20230706,1614.33,398757.0
801130.SI,20230707,1619.25,383208.0
801130.SI,20230710,1621.34,403698.0
801130.SI,20230711,1631.83,448870.0
801130.SI,20230712,1619.13,448200.0
801130.SI,20230713,1626.27,454279.0
801130.SI,20230714,1624.78,533749.0
801130.SI,20230717,1618.9,483682.0
801130.SI,20230718,1613.46,413168.0
801130.SI,20230719,1628.93,468438.0
801130.SI,20230720,1628.63,584857.0
801130.SI,20230721,1635.38,711519.0
801130.SI,20230724,1629.13,538164.0
801130.SI,20230725,1634.01,577959.0
801130.SI,20230726,1638.61,614741.0
801130.SI,20230727,1631.21,573514.0
801130.SI,20230728,1663.24,907855.0
801130.SI,20230731,1689.26,1026946.0
801130.SI,20230801,1682.92,881705.0
801130.SI,20230802,1674.02,664613.0
801130.SI,20230803,1663.72,613883.0
801130.SI,20230804,1641.82,671364.0
801130.SI,20230807,1629.64,531801.0
801130.SI,20230808,1634.68,471615.0
801130.SI,20230809,1616.51,435685.0
801130.SI,20230810,1620.53,402605.0
801130.SI,20230811,1598.6,418794.0
801130.SI,20230814,1609.62,436883.0
801130.SI,20230815,1626.3,553335.0
801130.SI,20230816,1623.44,622488.0
801130.SI,20230817,1636.34,594952.0
801130.SI,20230818,1609.75,557337.0
801130.SI,20230821,1608.44,568337.0
801130.SI,20230822,1596.82,591947.0
801130.SI,20230823,1571.76,453768.0
801130.SI,20230824,1576.89,492348.0
801130.SI,20230825,1555.19,464357.0
801130.SI,20230828,1569.78,724146.0
801130.SI,20230829,1597.97,611522.0
801130.SI,20230830,1607.67,587058.0
801130.SI,20230831,1599.48,513612.0
801130.SI,20230901,1614.32,565241.0
801130.SI,20230904,1635.25,694121.0
801130.SI,20230905,1623.11,500388.0
801130.SI,20230906,1619.61,446253.0
801130.SI,20230907,1607.47,461380.0
801130.SI,20230908,1603.55,386316.0
801130.SI,20230911,1626.6,509368.0
801130.SI,20230912,1617.3,379843.0
801130.SI,20230913,1607.92,406258.0
801130.SI,20230914,1608.48,417586.0
801130.SI,20230915,1630.39,658712.0
801130.SI,20230918,1644.4,672546.0
801130.SI,20230919,1626.62,600572.0
801130.SI,20230920,1625.07,535954.0
801130.SI,20230921,1601.44,510740.0
801130.SI,20230922,1614.4,515908.0
801130.SI,20230925,1606.53,470071.0
801130.SI,20230926,1599.45,428463.0
801130.SI,20230927,1598.47,407631.0
801130.SI,20230928,1616.03,431431.0
801130.SI,20231009,1587.04,565687.0
801130.SI,20231010,1578.14,451119.0
801130.SI,20231011,1569.78,429230.0
801130.SI,20231012,1576.8,439610.0
801130.SI,20231013,1562.45,488360.0
801130.SI,20231016,1580.46,590532.0
801130.SI,20231017,1595.89,692549.0
801130.SI,20231018,1567.83,626756.0
801130.SI,20231019,1550.88,645520.0
801130.SI,20231020,1540.24,520097.0
801130.SI,20231023,1495.89,533754.0
801130.SI,20231024,1546.66,683368.0
801130.SI,20231025,1554.46,775670.0
801130.SI,20231026,1560.88,611697.0
801130.SI,20231027,1601.1,825000.0
801130.SI,20231030,1587.12,841094.0
801130.SI,20231031,1585.12,717249.0
801130.SI,20231101,1585.4,637293.0
801130.SI,20231102,1579.41,598264.0
801130.SI,20231103,1582.3,625222.0
801130.SI,20231106,1587.54,751764.0
801130.SI,20231107,1588.33,852624.0
801130.SI,20231108,1589.93,813613.0
801130.SI,20231109,1575.77,669118.0
801130.SI,20231110,1573.69,617616.0
801130.SI,20231113,1582.91,689505.0
801130.SI,20231114,1588.52,653770.0
801130.SI,20231115,1600.38,646127.0
801130.SI,20231116,1597.93,576156.0
801130.SI,20231117,1605.17,532557.0
801130.SI,20231120,1607.73,633781.0
801130.SI,20231121,1609.33,800414.0
801130.SI,20231122,1600.53,703428.0
801130.SI,20231123,1610.32,630830.0
801130.SI,20231124,1602.27,618595.0
801130.SI,20231127,1597.91,592610.0
801130.SI,20231128,1612.06,541432.0
801130.SI,20231129,1601.6,515101.0
801130.SI,20231130,1600.56,537758.0
801130.SI,20231201,1613.46,696720.0
801130.SI,20231204,1618.5,779831.0
801130.SI,20231205,1597.17,658225.0
801130.SI,20231206,1605.83,688365.0
801130.SI,20231207,1605.74,692086.0
801130.SI,20231208,1571.79,840737.0
801130.SI,20231211,1585.73,754578.0
801130.SI,20231212,1605.7,698129.0
801130.SI,20231213,1593.91,609732.0
801130.SI,20231214,1600.68,594226.0
801130.SI,20231215,1603.17,648914.0
801130.SI,20231218,1585.11,602864.0
801130.SI,20231219,1582.84,743138.0
801130.SI,20231220,1567.28,566048.0
801130.SI,20231221,1591.99,786508.0
801130.SI,20231222,1568.85,1048095.0
801130.SI,20231225,1561.36,819384.0
801130.SI,20231226,1550.52,838077.0
801130.SI,20231227,1553.65,815997.0
801130.SI,20231228,1557.42,816615.0
801130.SI,20231229,1579.06,807682.0
801130.SI,20240102,1592.66,842362.0
801130.SI,20240103,1582.14,680501.0
801130.SI,20240104,1588.57,646117.0
801130.SI,20240105,1568.49,706273.0
801130.SI,20240108,1545.57,648228.0
801130.SI,20240109,1565.33,769397.0
801130.SI,20240110,1563.28,856682.0
801130.SI,20240111,1576.42,818867.0
801130.SI,20240112,1570.78,818390.0
801130.SI,20240115,1588.12,777104.0
801130.SI,20240116,1587.49,893662.0
801130.SI,20240117,1581.56,1045570.0
801130.SI,20240118,1567.96,1445633.0
801130.SI,20240119,1574.94,1302141.0
801130.SI,20240122,1494.48,1300096.0
801130.SI,20240123,1481.56,1278444.0
801130.SI,20240124,1515.28,1411878.0
801130.SI,20240125,1545.14,1415167.0
801130.SI,20240126,1545.61,1287727.0
801130.SI,20240129,1516.51,1096963.0
801130.SI,20240130,1473.14,997100.0
801130.SI,20240131,1421.63,895430.0
801130.SI,20240201,1404.1,917198.0
801130.SI,20240202,1368.29,979925.0
801130.SI,20240205,1308.73,996672.0
801130.SI,20240206,1330.95,1137820.0
801130.SI,20240207,1330.47,1098419.0
801130.SI,20240208,1377.3,1134443.0
801130.SI,20240219,1415.14,1054210.0
801130.SI,20240220,1421.87,750746.0
801130.SI,20240221,1433.58,973400.0
801130.SI,20240222,1443.13,991767.0
801130.SI,20240223,1454.6,971614.0
801130.SI,20240226,1462.1,1014960.0
801130.SI,20240227,1483.95,903541.0
801130.SI,20240228,1424.84,1273082.0
801130.SI,20240229,1460.21,921350.0
801130.SI,20240301,1464.14,780105.0
801130.SI,20240304,1478.77,835821.0
801130.SI,20240305,1472.77,872251.0
801130.SI,20240306,1489.08,770541.0
801130.SI,20240307,1485.67,990525.0
801130.SI,20240308,1502.2,883911.0
801130.SI,20240311,1513.18,911654.0
801130.SI,20240312,1517.66,871885.0
801130.SI,20240313,1516.64,800236.0
801130.SI,20240314,1517.03,842186.0
801130.SI,20240315,1536.33,775296.0
801130.SI,20240318,1541.94,864039.0
801130.SI,20240319,1528.56,805177.0
801130.SI,20240320,1533.71,787731.0
801130.SI,20240321,1535.19,971930.0
801130.SI,20240322,1518.55,855338.0
801130.SI,20240325,1502.16,787656.0
801130.SI,20240326,1505.79,749340.0
801130.SI,20240327,1487.0,767417.0
801130.SI,20240328,1500.57,693364.0
801130.SI,20240329,1533.13,756557.0
801130.SI,20240401,1548.54,844743.0
801130.SI,20240402,1558.58,854579.0
801130.SI,20240403,1573.16,992158.0
801130.SI,20240408,1556.84,957104.0
801130.SI,20240409,1563.92,770703.0
801130.SI,20240410,1554.83,929431.0
801130.SI,20240411,1545.44,911568.0
801130.SI,20240412,1564.87,979278.0
801130.SI,20240415,1515.64,1018857.0
801130.SI,20240416,1444.15,827664.0
801130.SI,20240417,1492.52,944229.0
801130.SI,20240418,1495.48,832216.0
801130.SI,20240419,1500.11,709097.0
801130.SI,20240422,1480.32,647775.0
801130.SI,20240423,1470.04,598336.0
801130.SI,20240424,1479.87,572706.0
801130.SI,20240425,1478.2,571210.0
801130.SI,20240426,1481.88,813822.0
801130.SI,20240429,1504.59,953384.0
801130.SI,20240430,1511.21,859498.0
801130.SI,20240506,1536.64,897536.0
801130.SI,20240507,1536.28,768607.0
801130.SI,20240508,1519.95,658054.0
801130.SI,20240509,1527.32,623533.0
801130.SI,20240510,1520.08,609288.0
801130.SI,20240513,1524.45,693023.0
801130.SI,20240514,1556.83,782532.0
801130.SI,20240515,1552.75,732291.0
801130.SI,20240516,1540.77,669693.0
801130.SI,20240517,1539.84,594009.0
801130.SI,20240520,1537.92,763009.0
801130.SI,20240521,1528.03,596573.0
801130.SI,20240522,1526.66,668451.0
801130.SI,20240523,1499.06,639265.0
801130.SI,20240524,1490.37,493703.0
801130.SI,20240527,1498.26,524021.0
801130.SI,20240528,1483.15,496728.0
801130.SI,20240529,1485.07,437098.0
801130.SI,20240530,1475.08,411239.0
801130.SI,20240531,1486.89,448461.0
801130.SI,20240603,1460.97,543631.0
801130.SI,20240604,1474.57,568402.0
801130.SI,20240605,1443.51,513274.0
801130.SI,20240606,1400.53,659756.0
801130.SI,20240607,1423.66,515479.0
801130.SI,20240611,1413.03,423326.0
801130.SI,20240612,1425.63,416109.0
801130.SI,20240613,1401.2,453030.0
801130.SI,20240614,1403.06,411674.0
801130.SI,20240617,1384.8,429531.0
801130.SI,20240618,1388.41,382763.0
801130.SI,20240619,1377.74,376526.0
801130.SI,20240620,1352.78,400297.0
801130.SI,20240621,1350.92,363586.0
801130.SI,20240624,1316.53,461151.0
801130.SI,20240625,1323.85,384621.0
801130.SI,20240626,1343.17,398655.0
801130.SI,20240627,1317.83,382592.0
801130.SI,20240628,1316.06,410551.0
801130.SI,20240701,1333.19,375127.0
801130.SI,20240702,1321.97,371620.0
801130.SI,20240703,1312.26,345464.0
801130.SI,20240704,1283.62,420088.0
801130.SI,20240705,1298.42,371882.0
801130.SI,20240708,1271.37,415811.0
801130.SI,20240709,1271.8,458695.0
801130.SI,20240710,1255.98,371127.0
801130.SI,20240711,1278.6,442066.0
801130.SI,20240712,1278.99,412348.0
801130.SI,20240715,1276.22,427864.0
801130.SI,20240716,1262.75,444406.0
801130.SI,20240717,1257.09,452191.0
801130.SI,20240718,1250.89,401905.0
801130.SI,20240719,1241.24,387843.0
801130.SI,20240722,1242.91,330999.0
801130.SI,20240723,1213.93,378540.0
801130.SI,20240724,1192.3,351935.0
801130.SI,20240725,1195.33,333846.0
801130.SI,20240726,1214.61,317116.0
801130.SI,20240729,1205.01,313146.0
801130.SI,20240730,1202.53,312735.0
801130.SI,20240731,1239.25,501902.0
801130.SI,20240801,1224.55,434883.0
801130.SI,20240802,1221.65,396982.0
801130.SI,20240805,1213.95,596693.0
801130.SI,20240806,1228.29,484309.0
801130.SI,20240807,1219.64,407446.0
801130.SI,20240808,1237.45,428297.0
801130.SI,20240809,1224.7,440565.0
801130.SI,20240812,1225.1,361612.0
801130.SI,20240813,1227.12,353609.0
801130.SI,20240814,1220.26,359587.0
801130.SI,20240815,1224.41,388706.0
801130.SI,20240816,1209.79,388469.0
801130.SI,20240819,1214.98,424071.0
801130.SI,20240820,1190.42,461238.0
801130.SI,20240821,1185.27,367775.0
801130.SI,20240822,1193.39,503638.0
801130.SI,20240823,1182.04,477906.0
801130.SI,20240826,1188.87,416241.0
801130.SI,20240827,1175.21,367814.0
801130.SI,20240828,1182.15,434340.0
801130.SI,20240829,1191.13,430171.0
801130.SI,20240830,1205.71,633834.0
801130.SI,20240902,1190.33,560277.0
801130.SI,20240903,1199.18,411981.0
801130.SI,20240904,1199.25,407432.0
801130.SI,20240905,1208.76,448270.0
801130.SI,20240906,1186.95,427118.0
801130.SI,20240909,1181.65,383859.0
801130.SI,20240910,1184.41,398397.0
801130.SI,20240911,1174.0,316320.0
801130.SI,20240912,1171.88,349409.0
801130.SI,20240913,1163.45,386340.0
801130.SI,20240918,1162.7,395456.0
801130.SI,20240919,1181.53,469870.0
801130.SI,20240920,1175.52,386325.0
801130.SI,20240923,1179.2,373985.0
801130.SI,20240924,1218.63,620365.0
801130.SI,20240925,1234.42,818542.0
801130.SI,20240926,1284.36,801551.0
801130.SI,20240927,1332.83,957984.0
801130.SI,20240930,1443.7,1915762.0
801130.SI,20241008,1492.81,2396018.0
801130.SI,20241009,1366.62,1477377.0
801130.SI,20241010,1381.23,1153483.0
801130.SI,20241011,1350.79,900643.0
801130.SI,20241014,1368.43,831370.0
801130.SI,20241015,1348.88,817151.0
801130.SI,20241016,1356.21,769258.0
801130.SI,20241017,1341.38,777303.0
801130.SI,20241018,1363.93,952637.0
801130.SI,20241021,1363.56,991749.0
801130.SI,20241022,1386.75,939066.0
801130.SI,20241023,1395.97,963307.0
801130.SI,20241024,1401.75,807222.0
801130.SI,20241025,1423.63,1097734.0
801130.SI,20241028,1445.79,1303915.0
801130.SI,20241029,1426.89,1323559.0
801130.SI,20241030,1418.51,1169188.0
801130.SI,20241031,1424.1,1355196.0
801130.SI,20241101,1388.63,1283037.0
801130.SI,20241104,1405.06,844012.0
801130.SI,20241105,1427.62,1182177.0
801130.SI,20241106,1428.99,1308156.0
801130.SI,20241107,1471.58,1598884.0
801130.SI,20241108,1462.87,1592020.0
801130.SI,20241111,1462.89,1175223.0
801130.SI,20241112,1464.4,1376864.0
801130.SI,20241113,1462.78,1108467.0
801130.SI,20241114,1427.56,971737.0
801130.SI,20241115,1413.37,860713.0
801130.SI,20241118,1414.57,1319067.0
801130.SI,20241119,1431.42,1077913.0
801130.SI,20241120,1455.09,1146124.0
801130.SI,20241121,1458.02,1221531.0
801130.SI,20241122,1414.16,1275959.0
801130.SI,20241125,1445.87,1164352.0
801130.SI,20241126,1443.84,1289292.0
801130.SI,20241127,1471.91,1299402.0
801130.SI,20241128,1487.76,1530956.0
801130.SI,20241129,1522.37,1914685.0
801130.SI,20241202,1551.35,1997632.0
801130.SI,20241203,1545.91,2057023.0
801130.SI,20241204,1510.46,1685320.0
801130.SI,20241205,1524.3,1482488.0
801130.SI,20241206,1550.15,1679295.0
801130.SI,20241209,1549.44,1654175.0
801130.SI,20241210,1557.07,1860053.0
801130.SI,20241211,1598.85,2015425.0
801130.SI,20241212,1627.75,2135071.0
801130.SI,20241213,1615.76,2230789.0
801130.SI,20241216,1627.88,2307955.0
801130.SI,20241217,1559.58,1934087.0
801130.SI,20241218,1551.4,1472920.0
801130.SI,20241219,1543.61,1254624.0
801130.SI,20241220,1564.56,1322094.0
801130.SI,20241223,1509.49,1500051.0
801130.SI,20241224,1518.44,1212444.0
801130.SI,20241225,1487.49,1079866.0
801130.SI,20241226,1490.7,815853.0
801130.SI,20241227,1504.37,913913.0
801130.SI,20241230,1496.48,933612.0
801130.SI,20241231,1495.03,1200993.0
801130.SI,20250102,1496.42,1512880.0
801130.SI,20250103,1442.88,1366214.0
801130.SI,20250106,1441.37,1142750.0
801130.SI,20250107,1462.09,966762.0
801130.SI,20250108,1461.07,1162604.0
801130.SI,20250109,1442.13,912803.0
801130.SI,20250110,1400.17,874364.0
801130.SI,20250113,1390.07,785886.0
801130.SI,20250114,1441.55,1032096.0
801130.SI,20250115,1444.78,1057730.0
801130.SI,20250116,1460.7,1152996.0
801130.SI,20250117,1444.44,891726.0
801130.SI,20250120,1467.24,994041.0
801130.SI,20250121,1452.71,847285.0
801130.SI,20250122,1438.96,747984.0
801130.SI,20250123,1437.41,900520.0
801130.SI,20250124,1455.22,913166.0
801130.SI,20250127,1456.2,938685.0
801130.SI,20250205,1441.68,953920.0
801130.SI,20250206,1445.46,937063.0
801130.SI,20250207,1464.21,1178970.0
801130.SI,20250210,1474.46,1040486.0
801130.SI,20250211,1493.78,1330099.0
801130.SI,20250212,1490.02,1153985.0
801130.SI,20250213,1488.75,1108206.0
801130.SI,20250214,1481.47,1019219.0
801130.SI,20250217,1482.73,1178720.0
801130.SI,20250218,1452.99,1088048.0
801130.SI,20250219,1468.86,951413.0
801130.SI,20250220,1482.17,1087150.0
801130.SI,20250221,1468.06,1142005.0
801130.SI,20250224,1483.26,1166754.0
801130.SI,20250225,1469.21,1099323.0
801130.SI,20250226,1480.26,1015660.0
801130.SI,20250227,1507.96,1366801.0
801130.SI,20250228,1480.74,1206720.0
801130.SI,20250303,1477.62,1078597.0
801130.SI,20250304,1486.52,866852.0
801130.SI,20250305,1490.74,919598.0
801130.SI,20250306,1508.47,1121479.0
801130.SI,20250307,1501.73,1368922.0
801130.SI,20250310,1511.3,1101683.0
801130.SI,20250311,1532.38,1218287.0
801130.SI,20250312,1538.25,1456787.0
801130.SI,20250313,1533.3,1527969.0
801130.SI,20250314,1561.02,1488578.0
801130.SI,20250317,1568.16,1485800.0
801130.SI,20250318,1579.81,1506708.0
801130.SI,20250319,1576.72,1480511.0
801130.SI,20250320,1564.07,1328682.0
801130.SI,20250321,1540.97,1363203.0
801130.SI,20250324,1515.14,1209839.0
801130.SI,20250325,1511.59,931102.0
801130.SI,20250326,1526.65,865615.0
801130.SI,20250327,1522.79,856233.0
801130.SI,20250328,1504.26,838936.0
801130.SI,20250331,1481.51,914775.0
801130.SI,20250401,1499.71,867472.0
801130.SI,20250402,1521.43,973128.0
801130.SI,20250403,1504.76,1113054.0
801130.SI,20250407,1359.09,1053464.0
801130.SI,20250408,1349.4,1221170.0
801130.SI,20250409,1363.34,1119216.0
801130.SI,20250410,1414.81,1251622.0
801130.SI,20250411,1418.69,1079119.0
801130.SI,20250414,1454.97,1102595.0
801130.SI,20250415,1471.85,1095220.0
801130.SI,20250416,1460.8,1265256.0
801130.SI,20250417,1463.51,1242833.0
801130.SI,20250418,1440.94,1141212.0
801130.SI,20250421,1460.37,1133305.0
801130.SI,20250422,1464.59,1220909.0
801130.SI,20250423,1455.01,1219705.0
801130.SI,20250424,1447.23,1013007.0
801130.SI,20250425,1460.8,1054626.0
801130.SI,20250428,1447.68,1068899.0
801130.SI,20250429,1450.23,1274277.0
801130.SI,20250430,1459.4,1355338.0
801130.SI,20250506,1494.18,1525475.0
801130.SI,20250507,1501.66,1808402.0
801130.SI,20250508,1499.29,1575474.0
801130.SI,20250509,1510.11,1647137.0
801130.SI,20250512,1517.24,1832439.0
801130.SI,20250513,1522.99,1720206.0
801130.SI,20250514,1524.51,1686453.0
801130.SI,20250515,1521.79,1594152.0
801130.SI,20250516,1525.41,1687701.0
801130.SI,20250519,1537.71,1535973.0
801130.SI,20250520,1561.54,1680757.0
801130.SI,20250521,1561.01,1621913.0
801130.SI,20250522,1547.88,1530113.0
801130.SI,20250523,1523.7,1455413.0
801130.SI,20250526,1525.44,1310621.0
801130.SI,20250527,1545.33,1472981.0
801130.SI,20250528,1563.42,1731648.0
801130.SI,20250529,1567.66,1652355.0
801130.SI,20250530,1547.38,1402606.0
801130.SI,20250603,1586.59,1611027.0
801130.SI,20250604,1624.85,1952965.0
801130.SI,20250605,1595.5,2073128.0
801130.SI,20250606,1576.7,1622957.0
801130.SI,20250609,1602.16,1682674.0
801130.SI,20250610,1588.04,1833129.0
801130.SI,20250611,1602.03,1697268.0
801130.SI,20250612,1606.2,1690478.0
801130.SI,20250613,1577.54,1788151.0
801130.SI,20250616,1572.32,1418417.0
801130.SI,20250617,1560.48,1471838.0
801130.SI,20250618,1543.22,1264537.0
801130.SI,20250619,1506.81,1182253.0
801130.SI,20250620,1496.82,841175.0
801130.SI,20250623,1511.93,984479.0
801130.SI,20250624,1525.67,1211022.0
801130.SI,20250625,1536.92,1217484.0
801130.SI,20250626,1536.62,1208996.0
801130.SI,20250627,1555.5,1420986.0
801130.SI,20250630,1577.37,1612555.0
801130.SI,20250701,1587.94,1562883.0
801130.SI,20250702,1575.63,1665723.0
801130.SI,20250703,1588.53,1536570.0
801130.SI,20250704,1576.66,1522372.0
801130.SI,20250707,1593.03,1377638.0
801130.SI,20250708,1608.71,1741423.0
801130.SI,20250709,1613.28,1903836.0
801130.SI,20250710,1611.24,1810043.0
801130.SI,20250711,1602.14,1560401.0
801130.SI,20250714,1612.31,1342204.0
801130.SI,20250715,1587.32,1518568.0
801130.SI,20250716,1600.29,1467250.0
801130.SI,20250717,1606.21,1456845.0
801130.SI,20250718,1605.96,1405390.0
801130.SI,20250721,1615.83,1488191.0
801130.SI,20250722,1612.61,1485655.0
801130.SI,20250723,1606.36,1311209.0
801130.SI,20250724,1623.78,1233618.0
801130.SI,20250725,1629.26,1354448.0
801130.SI,20250728,1614.04,1294752.0
801130.SI,20250729,1609.39,1346821.0
801130.SI,20250730,1616.1,1404621.0
801130.SI,20250731,1588.72,1383231.0
801130.SI,20250801,1594.38,1240297.0
801130.SI,20250804,1616.24,1406284.0
801130.SI,20250805,1625.14,1412461.0
801130.SI,20250806,1647.18,1589506.0
801130.SI,20250807,1660.44,1840783.0
801130.SI,20250808,1661.82,1795667.0
801130.SI,20250811,1661.12,1461677.0
801130.SI,20250812,1662.66,1839360.0
801130.SI,20250813,1656.04,1740293.0
801130.SI,20250814,1628.43,1800654.0
801130.SI,20250815,1638.97,1389681.0
801130.SI,20250818,1646.77,1693580.0
801130.SI,20250819,1657.3,1698707.0
801130.SI,20250820,1672.02,1561750.0
801130.SI,20250821,1683.38,1648242.0
801130.SI,20250822,1680.05,1736703.0
801130.SI,20250825,1682.89,1843296.0
801130.SI,20250826,1694.81,1748049.0
801130.SI,20250827,1644.21,1942683.0
801130.SI,20250828,1636.45,1771869.0
801130.SI,20250829,1631.81,1438882.0
801130.SI,20250901,1646.62,1727886.0
801130.SI,20250902,1645.09,1853111.0
801130.SI,20250903,1625.78,1746653.0
801130.SI,20250904,1635.9,1724507.0
801130.SI,20250905,1654.24,1773424.0
801130.SI,20250908,1666.31,1745321.0
801130.SI,20250909,1668.09,1922096.0
801130.SI,20250910,1665.16,1610747.0
801130.SI,20250911,1667.44,1506558.0
801130.SI,20250912,1665.37,1511065.0
801130.SI,20250915,1653.62,1482230.0
801130.SI,20250916,1680.62,1824043.0
801130.SI,20250917,1673.73,1656801.0
801130.SI,20250918,1653.42,1995664.0
801130.SI,20250919,1661.08,1629928.0
801130.SI,20250922,1652.95,1684700.0
801130.SI,20250923,1638.06,1795788.0
801130.SI,20250924,1647.77,1444811.0
801130.SI,20250925,1623.93,1441623.0
801130.SI,20250926,1618.03,1290810.0
801130.SI,20250929,1620.04,1219256.0
801130.SI,20250930,1616.7,1141519.0
801130.SI,20251009,1621.56,1343766.0
801130.SI,20251010,1642.62,1516657.0
801130.SI,20251013,1632.41,1429297.0
801130.SI,20251014,1637.41,1593788.0
801130.SI,20251015,1663.02,1478649.0
801130.SI,20251016,1647.65,1466486.0
801130.SI,20251017,1637.53,1515209.0
801130.SI,20251020,1639.74,1314489.0
801130.SI,20251021,1665.21,1568905.0
801130.SI,20251022,1657.22,1428452.0
801130.SI,20251023,1654.67,1264564.0
801130.SI,20251024,1643.67,1158262.0
801130.SI,20251027,1648.79,1165491.0
801130.SI,20251028,1651.99,1147432.0
801130.SI,20251029,1648.1,1223323.0
801130.SI,20251030,1637.31,1331255.0
801130.SI,20251031,1660.68,1561753.0
801130.SI,20251103,1667.8,1461872.0
801130.SI,20251104,1668.9,1570702.0
801130.SI,20251105,1675.18,1643224.0
801130.SI,20251106,1670.86,1391633.0
801130.SI,20251107,1673.96,1346096.0
801130.SI,20251110,1703.39,1524696.0
801130.SI,20251111,1710.58,1692936.0
801130.SI,20251112,1725.41,1847940.0
801130.SI,20251113,1747.72,1749363.0
801130.SI,20251114,1747.74,1914895.0
801130.SI,20251117,1755.91,1705314.0
801130.SI,20251118,1751.66,2198102.0
801130.SI,20251119,1742.93,2286388.0
801130.SI,20251120,1729.41,2175747.0
801130.SI,20251121,1663.8,1860227.0
801130.SI,20251124,1667.51,1492666.0
801130.SI,20251125,1684.91,1612050.0
801130.SI,20251126,1693.78,1690069.0
801130.SI,20251127,1695.42,1742475.0
801130.SI,20251128,1709.63,1528840.0
801130.SI,20251201,1717.1,1574247.0
801130.SI,20251202,1708.7,1661399.0
801130.SI,20251203,1694.55,1584065.0
801130.SI,20251204,1670.35,1463553.0
801130.SI,20251205,1682.2,1329483.0
801130.SI,20251208,1688.06,1532339.0
801130.SI,20251209,1681.17,1627136.0
801130.SI,20251210,1685.76,1666809.0
801130.SI,20251211,1644.26,1702030.0
801130.SI,20251212,1638.94,1592510.0
801130.SI,20251215,1641.93,1257391.0
801130.SI,20251216,1623.48,1296941.0
801130.SI,20251217,1631.65,1384822.0
801130.SI,20251218,1643.98,1317629.0
801130.SI,20251219,1674.68,1477058.0
801130.SI,20251222,1667.99,1400303.0
801130.SI,20251223,1657.63,1378828.0
801130.SI,20251224,1670.07,1280808.0
801130.SI,20251225,1685.59,1455270.0
801130.SI,20251226,1684.9,1583827.0
801130.SI,20251229,1679.87,1762824.0
801130.SI,20251230,1682.63,1894363.0
801130.SI,20251231,1692.13,1763453.0
801140.SI,20221010,2127.75,824881.0
801140.SI,20221011,2113.09,835622.0
801140.SI,20221012,2147.43,849365.0
801140.SI,20221013,2147.79,864943.0
801140.SI,20221014,2191.82,994512.0
801140.SI,20221017,2204.09,955446.0
801140.SI,20221018,2202.68,1035755.0
801140.SI,20221019,2172.62,1028866.0
801140.SI,20221020,2156.72,1001382.0
801140.SI,20221021,2150.64,1020876.0
801140.SI,20221024,2106.69,1150803.0
801140.SI,20221025,2097.48,1007472.0
801140.SI,20221026,2134.85,1242157.0
801140.SI,20221027,2144.81,1351578.0
801140.SI,20221028,2080.96,1351805.0
801140.SI,20221031,2052.3,1026353.0
801140.SI,20221101,2108.72,1012261.0
801140.SI,20221102,2139.25,1127888.0
801140.SI,20221103,2131.59,983318.0
801140.SI,20221104,2168.93,1097792.0
801140.SI,20221107,2205.54,1297483.0
801140.SI,20221108,2193.06,1099747.0
801140.SI,20221109,2210.38,1168126.0
801140.SI,20221110,2205.65,1098011.0
801140.SI,20221111,2254.67,1751692.0
801140.SI,20221114,2275.9,1793225.0
801140.SI,20221115,2304.72,1311912.0
801140.SI,20221116,2298.46,1289011.0
801140.SI,20221117,2293.03,1064911.0
801140.SI,20221118,2286.48,1273546.0
801140.SI,20221121,2278.22,1289518.0
801140.SI,20221122,2273.47,1316873.0
801140.SI,20221123,2257.0,1153669.0
801140.SI,20221124,2265.47,1108994.0
801140.SI,20221125,2276.01,1225735.0
801140.SI,20221128,2262.46,1156330.0
801140.SI,20221129,2326.69,1542731.0
801140.SI,20221130,2305.93,1306328.0
801140.SI,20221201,2336.16,1335170.0
801140.SI,20221202,2356.89,1277642.0
801140.SI,20221205,2390.6,1477285.0
801140.SI,20221206,2373.51,1424717.0
801140.SI,20221207,2371.83,1214171.0
801140.SI,20221208,2371.63,1100378.0
801140.SI,20221209,2402.08,1478286.0
801140.SI,20221212,2369.75,1288263.0
801140.SI,20221213,2397.88,1274314.0
801140.SI,20221214,2401.77,1265944.0
801140.SI,20221215,2379.1,1181969.0
801140.SI,20221216,2374.45,1182263.0
801140.SI,20221219,2340.54,1115696.0
801140.SI,20221220,2314.31,1023285.0
801140.SI,20221221,2318.44,1003890.0
801140.SI,20221222,2319.97,1154142.0
801140.SI,20221223,2307.46,1195904.0
801140.SI,20221226,2317.19,1226864.0
801140.SI,20221227,2345.14,1205943.0
801140.SI,20221228,2327.29,1231983.0
801140.SI,20221229,2302.74,1017766.0
801140.SI,20221230,2326.17,1059932.0
801140.SI,20230103,2339.22,1101757.0
801140.SI,20230104,2399.56,1558892.0
801140.SI,20230105,2410.92,1771029.0
801140.SI,20230106,2418.0,1823711.0
801140.SI,20230109,2420.86,1439719.0
801140.SI,20230110,2415.95,1197498.0
801140.SI,20230111,2414.45,1247497.0
801140.SI,20230112,2400.24,1155818.0
801140.SI,20230113,2439.63,1235762.0
801140.SI,20230116,2454.64,1328519.0
801140.SI,20230117,2439.49,1123253.0
801140.SI,20230118,2426.55,1137837.0
801140.SI,20230119,2416.22,1063761.0
801140.SI,20230120,2422.1,954822.0
801140.SI,20230130,2443.73,1381055.0
801140.SI,20230131,2442.74,1346765.0
801140.SI,20230201,2469.11,1534942.0
801140.SI,20230202,2475.59,1500331.0
801140.SI,20230203,2479.24,1584678.0
801140.SI,20230206,2460.06,1580785.0
801140.SI,20230207,2472.11,1449963.0
801140.SI,20230208,2471.84,1653366.0
801140.SI,20230209,2489.67,1500826.0
801140.SI,20230210,2518.32,1795776.0
801140.SI,20230213,2568.56,1837486.0
801140.SI,20230214,2592.35,2005262.0
801140.SI,20230215,2588.32,1771076.0
801140.SI,20230216,2532.86,2085876.0
801140.SI,20230217,2528.05,1603056.0
801140.SI,20230220,2603.02,1713060.0
801140.SI,20230221,2598.51,1604662.0
801140.SI,20230222,2625.53,1553157.0
801140.SI,20230223,2608.01,1487833.0
801140.SI,20230224,2613.4,1471864.0
801140.SI,20230227,2586.31,1402822.0
801140.SI,20230228,2605.86,1281550.0
801140.SI,20230301,2625.23,1471697.0
801140.SI,20230302,2627.05,1444122.0
801140.SI,20230303,2599.05,1319850.0
801140.SI,20230306,2569.64,1285613.0
801140.SI,20230307,2520.08,1312125.0
801140.SI,20230308,2531.47,1130070.0
801140.SI,20230309,2512.3,1093767.0
801140.SI,20230310,2470.25,1040320.0
801140.SI,20230313,2479.83,926969.0
801140.SI,20230314,2434.26,912941.0
801140.SI,20230315,2461.95,975767.0
801140.SI,20230316,2423.18,896757.0
801140.SI,20230317,2428.35,947687.0
801140.SI,20230320,2409.6,1086228.0
801140.SI,20230321,2467.42,1043366.0
801140.SI,20230322,2482.51,1153968.0
801140.SI,20230323,2477.22,989627.0
801140.SI,20230324,2473.68,1010379.0
801140.SI,20230327,2442.65,1482266.0
801140.SI,20230328,2423.88,1190875.0
801140.SI,20230329,2402.17,1152084.0
801140.SI,20230330,2413.16,1117823.0
801140.SI,20230331,2414.13,927829.0
801140.SI,20230403,2453.26,1253713.0
801140.SI,20230404,2428.42,1231331.0
801140.SI,20230406,2406.48,996766.0
801140.SI,20230407,2438.17,914909.0
801140.SI,20230410,2403.14,1016820.0
801140.SI,20230411,2412.5,851702.0
801140.SI,20230412,2396.22,840643.0
801140.SI,20230413,2383.26,974918.0
801140.SI,20230414,2366.07,865651.0
801140.SI,20230417,2370.27,942929.0
801140.SI,20230418,2379.49,902825.0
801140.SI,20230419,2345.45,948652.0
801140.SI,20230420,2325.97,893626.0
801140.SI,20230421,2280.99,961586.0
801140.SI,20230424,2268.94,973945.0
801140.SI,20230425,2236.62,1163082.0
801140.SI,20230426,2254.79,1100475.0
801140.SI,20230427,2275.06,1149436.0
801140.SI,20230428,2294.89,1285165.0
801140.SI,20230504,2303.5,1066757.0
801140.SI,20230505,2289.93,1117660.0
801140.SI,20230508,2291.29,1031538.0
801140.SI,20230509,2265.95,1082074.0
801140.SI,20230510,2281.19,1045980.0
801140.SI,20230511,2282.4,937973.0
801140.SI,20230512,2275.99,963576.0
801140.SI,20230515,2296.08,991630.0
801140.SI,20230516,2263.85,955186.0
801140.SI,20230517,2262.6,855337.0
801140.SI,20230518,2262.94,954259.0
801140.SI,20230519,2268.09,949756.0
801140.SI,20230522,2286.25,949559.0
801140.SI,20230523,2257.95,817481.0
801140.SI,20230524,2240.45,828156.0
801140.SI,20230525,2230.55,994282.0
801140.SI,20230526,2231.02,721731.0
801140.SI,20230529,2221.93,763137.0
801140.SI,20230530,2218.95,1027031.0
801140.SI,20230531,2213.15,1084523.0
801140.SI,20230601,2212.96,1325227.0
801140.SI,20230602,2258.75,1364940.0
801140.SI,20230605,2251.9,1140359.0
801140.SI,20230606,2243.44,1543072.0
801140.SI,20230607,2251.4,1203135.0
801140.SI,20230608,2260.26,1418713.0
801140.SI,20230609,2246.95,1285934.0
801140.SI,20230612,2293.39,1369771.0
801140.SI,20230613,2293.36,1349770.0
801140.SI,20230614,2295.32,1338084.0
801140.SI,20230615,2299.09,1310807.0
801140.SI,20230616,2301.84,1174485.0
801140.SI,20230619,2275.5,1300941.0
801140.SI,20230620,2257.41,1254884.0
801140.SI,20230621,2229.9,1390185.0
801140.SI,20230626,2194.57,1208694.0
801140.SI,20230627,2272.7,1334615.0
801140.SI,20230628,2264.04,1347698.0
801140.SI,20230629,2254.3,1091450.0
801140.SI,20230630,2283.68,1574429.0
801140.SI,20230703,2303.62,1343851.0
801140.SI,20230704,2302.51,1301540.0
801140.SI,20230705,2283.59,1071484.0
801140.SI,20230706,2282.71,1112496.0
801140.SI,20230707,2278.42,1108474.0
801140.SI,20230710,2275.32,928489.0
801140.SI,20230711,2280.45,823818.0
801140.SI,20230712,2244.2,1007052.0
801140.SI,20230713,2260.79,1054673.0
801140.SI,20230714,2255.0,938712.0
801140.SI,20230717,2260.15,924437.0
801140.SI,20230718,2273.25,998211.0
801140.SI,20230719,2300.98,1148633.0
801140.SI,20230720,2283.32,1085024.0
801140.SI,20230721,2290.27,932352.0
801140.SI,20230724,2291.5,1102484.0
801140.SI,20230725,2358.87,1499693.0
801140.SI,20230726,2362.48,1434114.0
801140.SI,20230727,2336.36,1037128.0
801140.SI,20230728,2379.93,1293890.0
801140.SI,20230731,2411.57,1436852.0
801140.SI,20230801,2392.28,1303287.0
801140.SI,20230802,2395.81,1110388.0
801140.SI,20230803,2398.28,1245897.0
801140.SI,20230804,2385.8,1281952.0
801140.SI,20230807,2362.22,1210121.0
801140.SI,20230808,2351.84,1176818.0
801140.SI,20230809,2329.1,1031558.0
801140.SI,20230810,2336.29,995896.0
801140.SI,20230811,2296.83,949982.0
801140.SI,20230814,2312.3,991300.0
801140.SI,20230815,2318.6,1261182.0
801140.SI,20230816,2319.05,1651546.0
801140.SI,20230817,2342.31,1560302.0
801140.SI,20230818,2309.32,1335608.0
801140.SI,20230821,2294.48,1266015.0
801140.SI,20230822,2286.79,1620225.0
801140.SI,20230823,2232.02,1408369.0
801140.SI,20230824,2226.68,1330615.0
801140.SI,20230825,2201.93,1271007.0
801140.SI,20230828,2236.79,1717392.0
801140.SI,20230829,2287.15,1626032.0
801140.SI,20230830,2310.84,1581421.0
801140.SI,20230831,2285.67,1365535.0
801140.SI,20230901,2324.59,1466161.0
801140.SI,20230904,2381.97,1661602.0
801140.SI,20230905,2360.3,1658657.0
801140.SI,20230906,2350.37,1287319.0
801140.SI,20230907,2317.49,1476262.0
801140.SI,20230908,2300.25,1136172.0
801140.SI,20230911,2297.13,1188066.0
801140.SI,20230912,2294.04,992335.0
801140.SI,20230913,2279.5,1186481.0
801140.SI,20230914,2259.41,1021926.0
801140.SI,20230915,2277.95,1073617.0
801140.SI,20230918,2295.41,1198233.0
801140.SI,20230919,2277.99,984762.0
801140.SI,20230920,2268.04,865862.0
801140.SI,20230921,2261.71,897783.0
801140.SI,20230922,2272.48,1022013.0
801140.SI,20230925,2255.05,893370.0
801140.SI,20230926,2242.21,913223.0
801140.SI,20230927,2251.54,1140970.0
801140.SI,20230928,2265.97,976284.0
801140.SI,20231009,2230.53,1044033.0
801140.SI,20231010,2216.25,1009094.0
801140.SI,20231011,2214.7,1070099.0
801140.SI,20231012,2226.33,1031800.0
801140.SI,20231013,2205.12,907243.0
801140.SI,20231016,2210.76,1073766.0
801140.SI,20231017,2212.23,840935.0
801140.SI,20231018,2171.64,1016129.0
801140.SI,20231019,2156.8,936375.0
801140.SI,20231020,2147.78,831418.0
801140.SI,20231023,2100.91,822369.0
801140.SI,20231024,2153.28,1017067.0
801140.SI,20231025,2170.99,1014246.0
801140.SI,20231026,2154.89,968290.0
801140.SI,20231027,2196.43,1062167.0
801140.SI,20231030,2225.53,1302346.0
801140.SI,20231031,2213.22,1143346.0
801140.SI,20231101,2220.13,1146429.0
801140.SI,20231102,2203.14,1027673.0
801140.SI,20231103,2217.88,977861.0
801140.SI,20231106,2234.09,1107170.0
801140.SI,20231107,2238.45,1275758.0
801140.SI,20231108,2237.26,1443800.0
801140.SI,20231109,2232.4,1216501.0
801140.SI,20231110,2233.48,1181735.0
801140.SI,20231113,2242.09,1267324.0
801140.SI,20231114,2243.0,1264145.0
801140.SI,20231115,2250.17,1193685.0
801140.SI,20231116,2240.89,1156080.0
801140.SI,20231117,2247.88,1080804.0
801140.SI,20231120,2260.84,1305036.0
801140.SI,20231121,2278.64,1598454.0
801140.SI,20231122,2249.51,1601015.0
801140.SI,20231123,2270.14,1270396.0
801140.SI,20231124,2245.82,1110258.0
801140.SI,20231127,2229.54,1045193.0
801140.SI,20231128,2242.02,942482.0
801140.SI,20231129,2230.36,965052.0
801140.SI,20231130,2223.89,920210.0
801140.SI,20231201,2232.71,1072323.0
801140.SI,20231204,2219.99,1091289.0
801140.SI,20231205,2189.31,1193471.0
801140.SI,20231206,2190.42,1163155.0
801140.SI,20231207,2181.64,1007600.0
801140.SI,20231208,2148.05,1109326.0
801140.SI,20231211,2166.56,1002929.0
801140.SI,20231212,2190.26,1029566.0
801140.SI,20231213,2166.82,943787.0
801140.SI,20231214,2172.44,1048581.0
801140.SI,20231215,2176.42,1145874.0
801140.SI,20231218,2148.74,1162431.0
801140.SI,20231219,2147.97,1043936.0
801140.SI,20231220,2125.66,1067363.0
801140.SI,20231221,2151.93,1212637.0
801140.SI,20231222,2122.25,1474070.0
801140.SI,20231225,2105.29,1110405.0
801140.SI,20231226,2081.33,1042387.0
801140.SI,20231227,2091.82,997919.0
801140.SI,20231228,2129.12,1126248.0
801140.SI,20231229,2157.48,1141520.0
801140.SI,20240102,2159.33,1198571.0
801140.SI,20240103,2152.68,1062591.0
801140.SI,20240104,2157.7,1016934.0
801140.SI,20240105,2143.25,1168987.0
801140.SI,20240108,2099.82,1021223.0
801140.SI,20240109,2114.19,1048982.0
801140.SI,20240110,2110.2,1016863.0
801140.SI,20240111,2128.51,1175822.0
801140.SI,20240112,2115.84,1155994.0
801140.SI,20240115,2124.71,1001254.0
801140.SI,20240116,2117.25,1169692.0
801140.SI,20240117,2082.08,1258779.0
801140.SI,20240118,2067.22,1578536.0
801140.SI,20240119,2069.16,1355302.0
801140.SI,20240122,1961.33,1705234.0
801140.SI,20240123,1967.99,1442401.0
801140.SI,20240124,1998.89,1459897.0
801140.SI,20240125,2054.37,1493685.0
801140.SI,20240126,2060.66,1529837.0
801140.SI,20240129,2009.35,1331946.0
801140.SI,20240130,1941.73,1024630.0
801140.SI,20240131,1855.78,1139916.0
801140.SI,20240201,1825.48,1043382.0
801140.SI,20240202,1770.3,1137764.0
801140.SI,20240205,1668.11,1121455.0
801140.SI,20240206,1712.12,1320568.0
801140.SI,20240207,1715.82,1388710.0
801140.SI,20240208,1791.4,1460936.0
801140.SI,20240219,1821.47,1265998.0
801140.SI,20240220,1848.3,1068086.0
801140.SI,20240221,1878.13,1430944.0
801140.SI,20240222,1901.04,1146348.0
801140.SI,20240223,1931.28,1279867.0
801140.SI,20240226,1958.39,1361301.0
801140.SI,20240227,1995.0,1457188.0
801140.SI,20240228,1902.9,1966900.0
801140.SI,20240229,1952.68,1411783.0
801140.SI,20240301,1950.95,1218853.0
801140.SI,20240304,1948.45,1266302.0
801140.SI,20240305,1921.38,1138478.0
801140.SI,20240306,1937.91,1113736.0
801140.SI,20240307,1932.29,1138766.0
801140.SI,20240308,1945.76,934811.0
801140.SI,20240311,1973.08,1130350.0
801140.SI,20240312,2020.54,1503445.0
801140.SI,20240313,2014.24,1419324.0
801140.SI,20240314,2014.67,1521596.0
801140.SI,20240315,2034.7,1289518.0
801140.SI,20240318,2057.87,1441368.0
801140.SI,20240319,2051.36,1313165.0
801140.SI,20240320,2065.38,1210628.0
801140.SI,20240321,2064.29,1196648.0
801140.SI,20240322,2047.44,1486516.0
801140.SI,20240325,2033.49,1593687.0
801140.SI,20240326,2031.05,1498259.0
801140.SI,20240327,1984.53,1416795.0
801140.SI,20240328,2015.79,1432578.0
801140.SI,20240329,2028.86,1324747.0
801140.SI,20240401,2078.22,1424907.0
801140.SI,20240402,2086.98,1484309.0
801140.SI,20240403,2087.81,1303221.0
801140.SI,20240408,2033.65,1303321.0
801140.SI,20240409,2068.38,1162099.0
801140.SI,20240410,2032.45,1294928.0
801140.SI,20240411,2027.23,1128622.0
801140.SI,20240412,2007.81,1080000.0
801140.SI,20240415,1943.93,1248650.0
801140.SI,20240416,1859.87,1175910.0
801140.SI,20240417,1936.27,1434261.0
801140.SI,20240418,1933.62,1280389.0
801140.SI,20240419,1922.84,1055449.0
801140.SI,20240422,1911.14,1021249.0
801140.SI,20240423,1904.46,933506.0
801140.SI,20240424,1925.73,946169.0
801140.SI,20240425,1937.28,993399.0
801140.SI,20240426,1964.51,1227698.0
801140.SI,20240429,2018.71,1420433.0
801140.SI,20240430,2009.63,1302234.0
801140.SI,20240506,2070.89,1450488.0
801140.SI,20240507,2076.19,1146465.0
801140.SI,20240508,2053.94,1049692.0
801140.SI,20240509,2082.81,954604.0
801140.SI,20240510,2083.74,976817.0
801140.SI,20240513,2052.3,991523.0
801140.SI,20240514,2088.23,1067118.0
801140.SI,20240515,2093.42,1246979.0
801140.SI,20240516,2112.37,1407673.0
801140.SI,20240517,2141.32,1512837.0
801140.SI,20240520,2118.97,1384254.0
801140.SI,20240521,2096.26,1123025.0
801140.SI,20240522,2086.43,1114559.0
801140.SI,20240523,2044.72,1203612.0
801140.SI,20240524,2019.12,946824.0
801140.SI,20240527,2025.02,976583.0
801140.SI,20240528,1983.41,822568.0
801140.SI,20240529,1983.31,697308.0
801140.SI,20240530,1959.21,646681.0
801140.SI,20240531,1962.49,680866.0
801140.SI,20240603,1925.54,846918.0
801140.SI,20240604,1923.97,772104.0
801140.SI,20240605,1884.11,696690.0
801140.SI,20240606,1832.61,927697.0
801140.SI,20240607,1849.48,744150.0
801140.SI,20240611,1840.3,665022.0
801140.SI,20240612,1851.58,741399.0
801140.SI,20240613,1829.91,715273.0
801140.SI,20240614,1842.09,638625.0
801140.SI,20240617,1812.78,678202.0
801140.SI,20240618,1821.23,646450.0
801140.SI,20240619,1810.46,673297.0
801140.SI,20240620,1771.09,705938.0
801140.SI,20240621,1764.19,553578.0
801140.SI,20240624,1718.24,677082.0
801140.SI,20240625,1734.23,598483.0
801140.SI,20240626,1761.66,577355.0
801140.SI,20240627,1732.01,565384.0
801140.SI,20240628,1730.19,560576.0
801140.SI,20240701,1754.09,593342.0
801140.SI,20240702,1749.21,651060.0
801140.SI,20240703,1739.96,556428.0
801140.SI,20240704,1695.36,670250.0
801140.SI,20240705,1706.08,563808.0
801140.SI,20240708,1659.66,599394.0
801140.SI,20240709,1667.3,684226.0
801140.SI,20240710,1649.35,533751.0
801140.SI,20240711,1698.18,701490.0
801140.SI,20240712,1698.7,635029.0
801140.SI,20240715,1667.63,597546.0
801140.SI,20240716,1653.49,507793.0
801140.SI,20240717,1647.68,519598.0
801140.SI,20240718,1648.42,522368.0
801140.SI,20240719,1641.6,483792.0
801140.SI,20240722,1638.93,459577.0
801140.SI,20240723,1599.07,559221.0
801140.SI,20240724,1566.83,536100.0
801140.SI,20240725,1572.1,461776.0
801140.SI,20240726,1595.48,483295.0
801140.SI,20240729,1590.85,508917.0
801140.SI,20240730,1600.24,543737.0
801140.SI,20240731,1662.07,766534.0
801140.SI,20240801,1643.47,676731.0
801140.SI,20240802,1630.31,604600.0
801140.SI,20240805,1612.82,750469.0
801140.SI,20240806,1638.26,628442.0
801140.SI,20240807,1635.8,536228.0
801140.SI,20240808,1650.48,607964.0
801140.SI,20240809,1643.65,544233.0
801140.SI,20240812,1634.57,480213.0
801140.SI,20240813,1638.28,422051.0
801140.SI,20240814,1622.65,418132.0
801140.SI,20240815,1631.79,621671.0
801140.SI,20240816,1610.84,591223.0
801140.SI,20240819,1611.17,475962.0
801140.SI,20240820,1587.53,498413.0
801140.SI,20240821,1587.64,503723.0
801140.SI,20240822,1568.27,525234.0
801140.SI,20240823,1560.8,528334.0
801140.SI,20240826,1573.64,574449.0
801140.SI,20240827,1547.19,518948.0
801140.SI,20240828,1554.91,544321.0
801140.SI,20240829,1578.65,601587.0
801140.SI,20240830,1605.84,862417.0
801140.SI,20240902,1580.24,690325.0
801140.SI,20240903,1601.33,591818.0
801140.SI,20240904,1584.61,651125.0
801140.SI,20240905,1599.27,620236.0
801140.SI,20240906,1564.63,543716.0
801140.SI,20240909,1555.26,504256.0
801140.SI,20240910,1557.16,486053.0
801140.SI,20240911,1560.37,440632.0
801140.SI,20240912,1551.92,433153.0
801140.SI,20240913,1532.24,451238.0
801140.SI,20240918,1526.87,491253.0
801140.SI,20240919,1568.81,675961.0
801140.SI,20240920,1558.63,498881.0
801140.SI,20240923,1575.41,538456.0
801140.SI,20240924,1631.45,896114.0
801140.SI,20240925,1653.13,1059137.0
801140.SI,20240926,1734.09,1214878.0
801140.SI,20240927,1815.3,1464420.0
801140.SI,20240930,1973.5,2802161.0
801140.SI,20241008,2030.04,3669589.0
801140.SI,20241009,1856.32,2299746.0
801140.SI,20241010,1875.85,1575661.0
801140.SI,20241011,1835.24,1271638.0
801140.SI,20241014,1874.66,1364024.0
801140.SI,20241015,1841.91,1215984.0
801140.SI,20241016,1848.78,1191319.0
801140.SI,20241017,1817.74,1192063.0
801140.SI,20241018,1850.36,1576718.0
801140.SI,20241021,1877.24,1720513.0
801140.SI,20241022,1918.78,1799517.0
801140.SI,20241023,1925.06,1797402.0
801140.SI,20241024,1925.43,1339865.0
801140.SI,20241025,1979.05,1856646.0
801140.SI,20241028,2035.71,2152055.0
801140.SI,20241029,1991.59,2077013.0
801140.SI,20241030,1985.3,1764015.0
801140.SI,20241031,2009.92,2034787.0
801140.SI,20241101,1966.47,2061740.0
801140.SI,20241104,1985.1,1713648.0
801140.SI,20241105,2024.06,2057766.0
801140.SI,20241106,2053.49,2304268.0
801140.SI,20241107,2108.77,2272233.0
801140.SI,20241108,2115.59,2458387.0
801140.SI,20241111,2127.12,2433219.0
801140.SI,20241112,2121.41,2549458.0
801140.SI,20241113,2116.8,2140298.0
801140.SI,20241114,2074.39,2088377.0
801140.SI,20241115,2037.77,2047048.0
801140.SI,20241118,1999.76,1850453.0
801140.SI,20241119,2030.28,1471300.0
801140.SI,20241120,2068.81,1696876.0
801140.SI,20241121,2077.86,1786097.0
801140.SI,20241122,2028.47,2284405.0
801140.SI,20241125,2058.51,1814161.0
801140.SI,20241126,2068.16,2185149.0
801140.SI,20241127,2116.91,2694578.0
801140.SI,20241128,2110.95,2685654.0
801140.SI,20241129,2137.05,2534149.0
801140.SI,20241202,2180.84,2718970.0
801140.SI,20241203,2175.94,2771801.0
801140.SI,20241204,2134.1,2637172.0
801140.SI,20241205,2133.43,2253447.0
801140.SI,20241206,2163.32,2628400.0
801140.SI,20241209,2164.89,2544505.0
801140.SI,20241210,2174.58,2867818.0
801140.SI,20241211,2228.55,2574371.0
801140.SI,20241212,2275.38,3198045.0
801140.SI,20241213,2241.32,3459261.0
801140.SI,20241216,2214.56,3169920.0
801140.SI,20241217,2143.89,2749790.0
801140.SI,20241218,2144.13,2345196.0
801140.SI,20241219,2126.6,2171229.0
801140.SI,20241220,2128.98,2007890.0
801140.SI,20241223,2054.78,2020339.0
801140.SI,20241224,2070.84,1778802.0
801140.SI,20241225,2035.49,1706309.0
801140.SI,20241226,2058.75,1510290.0
801140.SI,20241227,2076.57,1789543.0
801140.SI,20241230,2064.32,1743772.0
801140.SI,20241231,2027.82,1691268.0
801140.SI,20250102,2014.19,1807180.0
801140.SI,20250103,1942.42,1832021.0
801140.SI,20250106,1918.94,1411361.0
801140.SI,20250107,1958.41,1456079.0
801140.SI,20250108,1957.13,1621787.0
801140.SI,20250109,1954.52,1498777.0
801140.SI,20250110,1899.19,1620270.0
801140.SI,20250113,1892.42,1254415.0
801140.SI,20250114,1959.87,1620520.0
801140.SI,20250115,1956.15,1693152.0
801140.SI,20250116,1968.65,1677906.0
801140.SI,20250117,1960.84,1366890.0
801140.SI,20250120,1985.0,1576369.0
801140.SI,20250121,1981.39,1623469.0
801140.SI,20250122,1950.05,1372539.0
801140.SI,20250123,1940.21,1358035.0
801140.SI,20250124,1957.89,1342420.0
801140.SI,20250127,1974.44,1367818.0
801140.SI,20250205,1964.68,1344434.0
801140.SI,20250206,1984.87,1656528.0
801140.SI,20250207,2006.1,2054523.0
801140.SI,20250210,2035.01,1805561.0
801140.SI,20250211,2041.2,2001502.0
801140.SI,20250212,2049.94,1893378.0
801140.SI,20250213,2042.12,1854023.0
801140.SI,20250214,2032.22,1616339.0
801140.SI,20250217,2060.49,1940367.0
801140.SI,20250218,1998.26,1869589.0
801140.SI,20250219,2017.32,1498743.0
801140.SI,20250220,2032.42,1802034.0
801140.SI,20250221,2023.7,2171116.0
801140.SI,20250224,2038.88,1825336.0
801140.SI,20250225,2012.47,1697381.0
801140.SI,20250226,2034.4,1665504.0
801140.SI,20250227,2062.2,2072305.0
801140.SI,20250228,2027.45,1952474.0
801140.SI,20250303,2027.29,1752215.0
801140.SI,20250304,2035.79,1682121.0
801140.SI,20250305,2025.81,1600938.0
801140.SI,20250306,2061.32,1999079.0
801140.SI,20250307,2054.63,1876195.0
801140.SI,20250310,2060.77,1626904.0
801140.SI,20250311,2064.49,1499141.0
801140.SI,20250312,2065.48,1744873.0
801140.SI,20250313,2044.98,1653244.0
801140.SI,20250314,2090.84,1895834.0
801140.SI,20250317,2103.28,1814293.0
801140.SI,20250318,2105.26,1601720.0
801140.SI,20250319,2099.89,1458796.0
801140.SI,20250320,2082.86,1304052.0
801140.SI,20250321,2060.02,1319646.0
801140.SI,20250324,2034.15,1618843.0
801140.SI,20250325,2031.35,1344780.0
801140.SI,20250326,2040.51,1263660.0
801140.SI,20250327,2046.67,1507113.0
801140.SI,20250328,2022.64,1436239.0
801140.SI,20250331,1993.35,1403986.0
801140.SI,20250401,2015.4,1366758.0
801140.SI,20250402,2026.65,1258631.0
801140.SI,20250403,2003.18,1467457.0
801140.SI,20250407,1807.0,1660501.0
801140.SI,20250408,1801.62,1811727.0
801140.SI,20250409,1829.73,1784819.0
801140.SI,20250410,1883.31,1700017.0
801140.SI,20250411,1886.29,1480583.0
801140.SI,20250414,1919.08,1512676.0
801140.SI,20250415,1926.99,1775212.0
801140.SI,20250416,1903.87,1581322.0
801140.SI,20250417,1923.22,1465224.0
801140.SI,20250418,1911.81,1271519.0
801140.SI,20250421,1945.93,1419204.0
801140.SI,20250422,1952.75,1438129.0
801140.SI,20250423,1948.89,1527460.0
801140.SI,20250424,1950.0,1543227.0
801140.SI,20250425,1948.44,1518940.0
801140.SI,20250428,1924.05,1423293.0
801140.SI,20250429,1944.07,1519276.0
801140.SI,20250430,1951.82,1729145.0
801140.SI,20250506,1997.28,2026329.0
801140.SI,20250507,2012.53,2244901.0
801140.SI,20250508,2018.75,1718631.0
801140.SI,20250509,2010.81,1799809.0
801140.SI,20250512,2026.62,1829181.0
801140.SI,20250513,2030.78,2040139.0
801140.SI,20250514,2027.91,1857343.0
801140.SI,20250515,2023.12,1824002.0
801140.SI,20250516,2028.24,1755445.0
801140.SI,20250519,2045.27,1967447.0
801140.SI,20250520,2078.57,2305703.0
801140.SI,20250521,2067.78,2588849.0
801140.SI,20250522,2055.12,2602848.0
801140.SI,20250523,2042.98,2508160.0
801140.SI,20250526,2064.2,2440743.0
801140.SI,20250527,2072.63,2522213.0
801140.SI,20250528,2067.69,2630685.0
801140.SI,20250529,2080.59,2501669.0
801140.SI,20250530,2045.9,2063294.0
801140.SI,20250603,2063.29,2124574.0
801140.SI,20250604,2096.47,2581965.0
801140.SI,20250605,2094.36,2624609.0
801140.SI,20250606,2090.54,2257339.0
801140.SI,20250609,2121.64,2417361.0
801140.SI,20250610,2107.9,2831208.0
801140.SI,20250611,2124.33,2611175.0
801140.SI,20250612,2128.34,2721094.0
801140.SI,20250613,2082.82,2722532.0
801140.SI,20250616,2097.18,2585077.0
801140.SI,20250617,2083.1,2396240.0
801140.SI,20250618,2059.51,2279845.0
801140.SI,20250619,2019.09,2223776.0
801140.SI,20250620,2019.04,1864931.0
801140.SI,20250623,2036.41,1925588.0
801140.SI,20250624,2077.18,2289766.0
801140.SI,20250625,2090.63,2349285.0
801140.SI,20250626,2087.34,2385508.0
801140.SI,20250627,2092.48,2260209.0
801140.SI,20250630,2119.96,2439741.0
801140.SI,20250701,2124.06,2563561.0
801140.SI,20250702,2118.58,2272801.0
801140.SI,20250703,2129.56,2195326.0
801140.SI,20250704,2104.61,2198682.0
801140.SI,20250707,2136.66,2176396.0
801140.SI,20250708,2149.77,2491392.0
801140.SI,20250709,2153.25,2550935.0
801140.SI,20250710,2147.72,2150749.0
801140.SI,20250711,2147.36,2102101.0
801140.SI,20250714,2156.09,1995609.0
801140.SI,20250715,2130.73,2114182.0
801140.SI,20250716,2150.85,1885145.0
801140.SI,20250717,2157.8,2036725.0
801140.SI,20250718,2149.05,1956813.0
801140.SI,20250721,2176.45,2150597.0
801140.SI,20250722,2174.95,2149159.0
801140.SI,20250723,2165.25,1867595.0
801140.SI,20250724,2179.41,1687295.0
801140.SI,20250725,2188.59,1944188.0
801140.SI,20250728,2191.25,2002853.0
801140.SI,20250729,2177.48,2120687.0
801140.SI,20250730,2169.07,1836259.0
801140.SI,20250731,2139.76,1952736.0
801140.SI,20250801,2153.72,1682538.0
801140.SI,20250804,2168.21,1712735.0
801140.SI,20250805,2188.63,1750628.0
801140.SI,20250806,2204.07,1968604.0
801140.SI,20250807,2206.64,1882822.0
801140.SI,20250808,2209.05,1772664.0
801140.SI,20250811,2233.24,1914172.0
801140.SI,20250812,2238.45,1990195.0
801140.SI,20250813,2243.18,2026054.0
801140.SI,20250814,2226.23,2547183.0
801140.SI,20250815,2243.58,2316220.0
801140.SI,20250818,2259.17,2641507.0
801140.SI,20250819,2269.98,2448844.0
801140.SI,20250820,2299.73,2440477.0
801140.SI,20250821,2301.67,2641573.0
801140.SI,20250822,2306.85,2480710.0
801140.SI,20250825,2319.46,2976334.0
801140.SI,20250826,2326.38,2733570.0
801140.SI,20250827,2276.14,3058236.0
801140.SI,20250828,2284.47,3077454.0
801140.SI,20250829,2276.76,2644734.0
801140.SI,20250901,2292.79,2688693.0
801140.SI,20250902,2264.57,2552237.0
801140.SI,20250903,2233.31,2258116.0
801140.SI,20250904,2241.2,2562877.0
801140.SI,20250905,2284.07,2579771.0
801140.SI,20250908,2318.04,2708627.0
801140.SI,20250909,2330.28,2718911.0
801140.SI,20250910,2329.74,2502240.0
801140.SI,20250911,2341.08,2426394.0
801140.SI,20250912,2327.1,2341255.0
801140.SI,20250915,2328.78,2501612.0
801140.SI,20250916,2343.97,2448199.0
801140.SI,20250917,2354.9,2392705.0
801140.SI,20250918,2318.92,3036414.0
801140.SI,20250919,2313.59,2771003.0
801140.SI,20250922,2293.33,2456327.0
801140.SI,20250923,2256.14,2495113.0
801140.SI,20250924,2275.72,2074582.0
801140.SI,20250925,2260.74,2113112.0
801140.SI,20250926,2250.83,1858521.0
801140.SI,20250929,2262.23,1916777.0
801140.SI,20250930,2264.44,1763366.0
801140.SI,20251009,2267.82,2054718.0
801140.SI,20251010,2280.59,2077969.0
801140.SI,20251013,2269.52,2165325.0
801140.SI,20251014,2269.26,2430172.0
801140.SI,20251015,2298.68,2088633.0
801140.SI,20251016,2269.97,1910338.0
801140.SI,20251017,2229.91,1717673.0
801140.SI,20251020,2249.67,1679092.0
801140.SI,20251021,2282.65,1870943.0
801140.SI,20251022,2283.92,1810238.0
801140.SI,20251023,2290.6,1651424.0
801140.SI,20251024,2288.31,1687730.0
801140.SI,20251027,2296.78,1986753.0
801140.SI,20251028,2295.51,1915607.0
801140.SI,20251029,2290.5,1878299.0
801140.SI,20251030,2270.76,2042510.0
801140.SI,20251031,2293.55,2027536.0
801140.SI,20251103,2302.32,2215109.0
801140.SI,20251104,2300.35,2240590.0
801140.SI,20251105,2321.63,2378575.0
801140.SI,20251106,2317.9,2015519.0
801140.SI,20251107,2318.62,1834591.0
801140.SI,20251110,2355.78,2109422.0
801140.SI,20251111,2362.7,1936464.0
801140.SI,20251112,2363.64,1880824.0
801140.SI,20251113,2386.85,2196418.0
801140.SI,20251114,2377.87,2364897.0
801140.SI,20251117,2369.02,2244480.0
801140.SI,20251118,2344.19,2108615.0
801140.SI,20251119,2324.52,1799366.0
801140.SI,20251120,2321.04,1851342.0
801140.SI,20251121,2252.72,2342966.0
801140.SI,20251124,2279.28,2037144.0
801140.SI,20251125,2308.29,2083604.0
801140.SI,20251126,2302.11,2094198.0
801140.SI,20251127,2327.24,2307733.0
801140.SI,20251128,2346.69,2066654.0
801140.SI,20251201,2366.43,2068536.0
801140.SI,20251202,2379.44,2547118.0
801140.SI,20251203,2385.28,2685560.0
801140.SI,20251204,2366.07,2548361.0
801140.SI,20251205,2390.36,2633814.0
801140.SI,20251208,2402.49,2698675.0
801140.SI,20251209,2393.9,2945817.0
801140.SI,20251210,2405.6,3341324.0
801140.SI,20251211,2368.66,3170189.0
801140.SI,20251212,2365.6,3029589.0
801140.SI,20251215,2364.55,3033311.0
801140.SI,20251216,2332.89,2754650.0
801140.SI,20251217,2336.98,2544301.0
801140.SI,20251218,2357.0,2253729.0
801140.SI,20251219,2408.17,3059533.0
801140.SI,20251222,2397.33,2884557.0
801140.SI,20251223,2384.95,2592101.0
801140.SI,20251224,2425.21,2720192.0
801140.SI,20251225,2463.72,3532603.0
801140.SI,20251226,2448.77,3472901.0
801140.SI,20251229,2444.95,2853975.0
801140.SI,20251230,2436.72,2973384.0
801140.SI,20251231,2434.85,3063523.0
801150.SI,20221010,8036.4,5235627.0
801150.SI,20221011,7954.87,4172404.0
801150.SI,20221012,8028.51,4399257.0
801150.SI,20221013,8234.54,5540288.0
801150.SI,20221014,8821.62,10752332.0
801150.SI,20221017,8908.68,10113339.0
801150.SI,20221018,9081.03,10602890.0
801150.SI,20221019,8912.35,8271897.0
801150.SI,20221020,8929.15,8935835.0
801150.SI,20221021,8939.26,7488402.0
801150.SI,20221024,8664.27,8314715.0
801150.SI,20221025,8468.82,6979999.0
801150.SI,20221026,8890.58,9767832.0
801150.SI,20221027,8873.49,10065161.0
801150.SI,20221028,8665.05,8479713.0
801150.SI,20221031,8670.85,8882829.0
801150.SI,20221101,8921.96,10786655.0
801150.SI,20221102,9042.71,14101918.0
801150.SI,20221103,8992.2,8760791.0
801150.SI,20221104,9152.09,9544677.0
801150.SI,20221107,9150.55,8665190.0
801150.SI,20221108,9091.86,8200642.0
801150.SI,20221109,9174.68,9589250.0
801150.SI,20221110,9132.58,10257721.0
801150.SI,20221111,9112.88,17118066.0
801150.SI,20221114,9425.67,14980189.0
801150.SI,20221115,9491.3,13835001.0
801150.SI,20221116,9461.07,13095904.0
801150.SI,20221117,9540.67,12241380.0
801150.SI,20221118,9673.36,15865671.0
801150.SI,20221121,9665.92,14190299.0
801150.SI,20221122,9373.55,14267848.0
801150.SI,20221123,9154.21,10417660.0
801150.SI,20221124,9278.13,9476871.0
801150.SI,20221125,9201.27,8491480.0
801150.SI,20221128,9121.2,9413123.0
801150.SI,20221129,9371.53,12375173.0
801150.SI,20221130,9309.53,10426169.0
801150.SI,20221201,9328.42,12602412.0
801150.SI,20221202,9309.95,8933875.0
801150.SI,20221205,9347.05,12021210.0
801150.SI,20221206,9226.56,11727734.0
801150.SI,20221207,9377.21,12410766.0
801150.SI,20221208,9386.07,14177750.0
801150.SI,20221209,9439.72,14697544.0
801150.SI,20221212,9612.37,15845892.0
801150.SI,20221213,9555.69,14946693.0
801150.SI,20221214,9376.94,13575160.0
801150.SI,20221215,9352.37,10260609.0
801150.SI,20221216,9473.69,12359068.0
801150.SI,20221219,9103.1,12907784.0
801150.SI,20221220,8938.14,8847839.0
801150.SI,20221221,8940.2,8140197.0
801150.SI,20221222,8897.78,8705132.0
801150.SI,20221223,8981.87,7629838.0
801150.SI,20221226,8963.95,7651603.0
801150.SI,20221227,8919.11,8630978.0
801150.SI,20221228,8947.2,7468694.0
801150.SI,20221229,9100.72,8454416.0
801150.SI,20221230,9069.94,6912636.0
801150.SI,20230103,9182.31,8456062.0
801150.SI,20230104,9210.36,7825275.0
801150.SI,20230105,9371.84,8279286.0
801150.SI,20230106,9288.82,6546661.0
801150.SI,20230109,9349.21,6579897.0
801150.SI,20230110,9423.52,6589686.0
801150.SI,20230111,9380.36,6620963.0
801150.SI,20230112,9341.99,5913576.0
801150.SI,20230113,9541.64,6346421.0
801150.SI,20230116,9767.22,9539745.0
801150.SI,20230117,9667.92,6315806.0
801150.SI,20230118,9609.97,4589908.0
801150.SI,20230119,9776.17,6210794.0
801150.SI,20230120,9779.75,5573836.0
801150.SI,20230130,9711.76,7462978.0
801150.SI,20230131,9566.21,6374759.0
801150.SI,20230201,9669.46,6728992.0
801150.SI,20230202,9744.43,6922205.0
801150.SI,20230203,9667.04,5817107.0
801150.SI,20230206,9548.89,5641846.0
801150.SI,20230207,9508.34,4904814.0
801150.SI,20230208,9531.35,4579870.0
801150.SI,20230209,9615.39,4898131.0
801150.SI,20230210,9604.07,4993726.0
801150.SI,20230213,9684.94,6202447.0
801150.SI,20230214,9734.51,5642226.0
801150.SI,20230215,9629.84,6214011.0
801150.SI,20230216,9553.54,8913880.0
801150.SI,20230217,9596.98,9209990.0
801150.SI,20230220,9690.02,7798812.0
801150.SI,20230221,9671.64,6189556.0
801150.SI,20230222,9639.89,5984225.0
801150.SI,20230223,9576.53,5756447.0
801150.SI,20230224,9509.41,4491881.0
801150.SI,20230227,9416.41,5100039.0
801150.SI,20230228,9577.38,6382071.0
801150.SI,20230301,9572.93,6488695.0
801150.SI,20230302,9469.68,4996486.0
801150.SI,20230303,9473.96,4566785.0
801150.SI,20230306,9515.46,5473147.0
801150.SI,20230307,9354.16,6033638.0
801150.SI,20230308,9329.62,4120620.0
801150.SI,20230309,9351.68,4328533.0
801150.SI,20230310,9325.39,4805169.0
801150.SI,20230313,9335.16,5417128.0
801150.SI,20230314,9264.99,5041812.0
801150.SI,20230315,9327.96,5559754.0
801150.SI,20230316,9284.98,6376370.0
801150.SI,20230317,9139.93,6814385.0
801150.SI,20230320,9001.43,6037003.0
801150.SI,20230321,9218.3,5159368.0
801150.SI,20230322,9240.16,4975674.0
801150.SI,20230323,9227.77,4826469.0
801150.SI,20230324,9126.2,5480828.0
801150.SI,20230327,9208.75,5965074.0
801150.SI,20230328,9253.76,6018479.0
801150.SI,20230329,9184.65,5295682.0
801150.SI,20230330,9196.19,4506253.0
801150.SI,20230331,9238.91,6097684.0
801150.SI,20230403,9139.89,6431999.0
801150.SI,20230404,9211.57,6540282.0
801150.SI,20230406,9274.21,6170849.0
801150.SI,20230407,9473.83,7082073.0
801150.SI,20230410,9468.83,6716015.0
801150.SI,20230411,9454.61,5433860.0
801150.SI,20230412,9409.91,5215235.0
801150.SI,20230413,9555.77,6598822.0
801150.SI,20230414,9546.25,6349465.0
801150.SI,20230417,9574.42,6365541.0
801150.SI,20230418,9473.55,5793249.0
801150.SI,20230419,9374.76,5458548.0
801150.SI,20230420,9237.68,5323927.0
801150.SI,20230421,9149.2,6740773.0
801150.SI,20230424,9131.18,7433557.0
801150.SI,20230425,8932.67,7773235.0
801150.SI,20230426,9008.79,6659813.0
801150.SI,20230427,9187.31,8285854.0
801150.SI,20230428,9198.21,7579707.0
801150.SI,20230504,9286.37,7777975.0
801150.SI,20230505,9127.08,6353384.0
801150.SI,20230508,9090.21,6424801.0
801150.SI,20230509,8953.85,6188155.0
801150.SI,20230510,8970.86,4875119.0
801150.SI,20230511,8927.33,5008582.0
801150.SI,20230512,8920.87,4947380.0
801150.SI,20230515,9023.63,5081095.0
801150.SI,20230516,9101.62,6201142.0
801150.SI,20230517,9063.89,4839293.0
801150.SI,20230518,9010.54,4344326.0
801150.SI,20230519,9122.26,5079206.0
801150.SI,20230522,9163.1,4904830.0
801150.SI,20230523,9196.28,6632827.0
801150.SI,20230524,9071.19,5571323.0
801150.SI,20230525,9002.72,4583778.0
801150.SI,20230526,9124.51,5519575.0
801150.SI,20230529,9115.89,5891698.0
801150.SI,20230530,9052.12,5449704.0
801150.SI,20230531,8968.47,5917445.0
801150.SI,20230601,8929.48,5725568.0
801150.SI,20230602,8935.36,4792789.0
801150.SI,20230605,8961.85,5192232.0
801150.SI,20230606,8773.46,5545696.0
801150.SI,20230607,8704.71,4863260.0
801150.SI,20230608,8625.35,5086157.0
801150.SI,20230609,8700.53,6175789.0
801150.SI,20230612,8658.21,5317676.0
801150.SI,20230613,8610.91,4364641.0
801150.SI,20230614,8626.79,4637009.0
801150.SI,20230615,8739.56,5118778.0
801150.SI,20230616,8753.04,4887334.0
801150.SI,20230619,8700.09,4706598.0
801150.SI,20230620,8645.98,4326221.0
801150.SI,20230621,8476.07,4735278.0
801150.SI,20230626,8398.1,4272730.0
801150.SI,20230627,8473.95,3801342.0
801150.SI,20230628,8453.2,3512223.0
801150.SI,20230629,8490.07,4148726.0
801150.SI,20230630,8565.25,4480853.0
801150.SI,20230703,8562.36,4586142.0
801150.SI,20230704,8576.13,4793167.0
801150.SI,20230705,8529.09,4339475.0
801150.SI,20230706,8399.2,4026699.0
801150.SI,20230707,8388.78,3416922.0
801150.SI,20230710,8420.03,3668127.0
801150.SI,20230711,8474.34,3146094.0
801150.SI,20230712,8390.16,3285298.0
801150.SI,20230713,8505.73,4285375.0
801150.SI,20230714,8464.32,3326964.0
801150.SI,20230717,8421.34,3653932.0
801150.SI,20230718,8394.39,3240421.0
801150.SI,20230719,8364.15,2776100.0
801150.SI,20230720,8322.58,3054467.0
801150.SI,20230721,8396.09,3809221.0
801150.SI,20230724,8459.06,3995113.0
801150.SI,20230725,8506.2,4202097.0
801150.SI,20230726,8561.25,4006741.0
801150.SI,20230727,8544.83,3609340.0
801150.SI,20230728,8627.69,4357827.0
801150.SI,20230731,8487.36,7061382.0
801150.SI,20230801,8438.12,5953972.0
801150.SI,20230802,8321.46,4727527.0
801150.SI,20230803,8462.14,5676749.0
801150.SI,20230804,8390.07,5292098.0
801150.SI,20230807,8151.73,6858485.0
801150.SI,20230808,8227.02,5993376.0
801150.SI,20230809,8337.18,7629871.0
801150.SI,20230810,8325.01,5641809.0
801150.SI,20230811,8265.97,6913793.0
801150.SI,20230814,8302.76,6657685.0
801150.SI,20230815,8305.77,6668186.0
801150.SI,20230816,8268.93,6916959.0
801150.SI,20230817,8278.32,5716060.0
801150.SI,20230818,8063.92,5771369.0
801150.SI,20230821,7994.24,4488014.0
801150.SI,20230822,7932.84,5027433.0
801150.SI,20230823,7803.01,3993394.0
801150.SI,20230824,7917.45,4663705.0
801150.SI,20230825,7852.96,4644381.0
801150.SI,20230828,7907.06,6648005.0
801150.SI,20230829,8084.42,5750668.0
801150.SI,20230830,8083.6,4958155.0
801150.SI,20230831,8083.63,4971785.0
801150.SI,20230901,8036.41,3738924.0
801150.SI,20230904,8081.5,4178674.0
801150.SI,20230905,8051.81,3583156.0
801150.SI,20230906,7963.32,3437396.0
801150.SI,20230907,7837.05,3435959.0
801150.SI,20230908,7852.32,2598435.0
801150.SI,20230911,8058.12,5697087.0
801150.SI,20230912,8088.47,4857165.0
801150.SI,20230913,8012.04,3988111.0
801150.SI,20230914,8034.46,4059952.0
801150.SI,20230915,8186.03,6503192.0
801150.SI,20230918,8281.01,6001013.0
801150.SI,20230919,8262.46,5256492.0
801150.SI,20230920,8230.31,4680681.0
801150.SI,20230921,8135.08,4532066.0
801150.SI,20230922,8214.71,5440670.0
801150.SI,20230925,8329.72,7507779.0
801150.SI,20230926,8278.78,5727942.0
801150.SI,20230927,8464.63,8647419.0
801150.SI,20230928,8430.98,7720046.0
801150.SI,20231009,8438.22,7477867.0
801150.SI,20231010,8290.98,6757945.0
801150.SI,20231011,8470.33,8914252.0
801150.SI,20231012,8535.75,7961527.0
801150.SI,20231013,8599.48,9439872.0
801150.SI,20231016,8490.34,9699791.0
801150.SI,20231017,8448.92,7908124.0
801150.SI,20231018,8277.42,7061577.0
801150.SI,20231019,8116.65,6578668.0
801150.SI,20231020,8007.66,6012626.0
801150.SI,20231023,7929.9,5736533.0
801150.SI,20231024,8027.94,6001983.0
801150.SI,20231025,7984.28,6704557.0
801150.SI,20231026,8045.1,6347266.0
801150.SI,20231027,8375.74,9778643.0
801150.SI,20231030,8586.14,11277286.0
801150.SI,20231031,8589.0,10090423.0
801150.SI,20231101,8554.47,8006370.0
801150.SI,20231102,8503.96,6898187.0
801150.SI,20231103,8515.42,6633696.0
801150.SI,20231106,8703.41,8867492.0
801150.SI,20231107,8664.87,7413910.0
801150.SI,20231108,8764.87,8727172.0
801150.SI,20231109,8656.43,8053359.0
801150.SI,20231110,8675.06,6864653.0
801150.SI,20231113,8618.43,6328359.0
801150.SI,20231114,8636.71,5695628.0
801150.SI,20231115,8678.86,6274931.0
801150.SI,20231116,8573.01,5193639.0
801150.SI,20231117,8660.38,5756231.0
801150.SI,20231120,8757.04,7396841.0
801150.SI,20231121,8756.34,7116682.0
801150.SI,20231122,8678.24,6655297.0
801150.SI,20231123,8766.57,7813608.0
801150.SI,20231124,8799.41,9439786.0
801150.SI,20231127,8718.07,9632275.0
801150.SI,20231128,8838.2,8203117.0
801150.SI,20231129,8768.49,6283370.0
801150.SI,20231130,8837.55,7538802.0
801150.SI,20231201,8843.95,7339852.0
801150.SI,20231204,8710.3,8068808.0
801150.SI,20231205,8635.7,7933254.0
801150.SI,20231206,8658.66,7571474.0
801150.SI,20231207,8564.98,7658643.0
801150.SI,20231208,8613.85,9058270.0
801150.SI,20231211,8672.51,7294992.0
801150.SI,20231212,8646.23,6670254.0
801150.SI,20231213,8639.5,7910260.0
801150.SI,20231214,8588.56,7013561.0
801150.SI,20231215,8445.09,6634487.0
801150.SI,20231218,8430.25,5725366.0
801150.SI,20231219,8376.37,4974872.0
801150.SI,20231220,8311.52,4509379.0
801150.SI,20231221,8331.38,5187152.0
801150.SI,20231222,8240.09,4942852.0
801150.SI,20231225,8270.71,4240872.0
801150.SI,20231226,8199.9,4349350.0
801150.SI,20231227,8249.08,4517076.0
801150.SI,20231228,8334.09,6072673.0
801150.SI,20231229,8430.68,5695477.0
801150.SI,20240102,8388.46,6019770.0
801150.SI,20240103,8382.23,5555669.0
801150.SI,20240104,8335.72,5244173.0
801150.SI,20240105,8166.33,5981100.0
801150.SI,20240108,8010.64,5191113.0
801150.SI,20240109,8034.62,4715792.0
801150.SI,20240110,7965.3,4784717.0
801150.SI,20240111,8040.69,5127426.0
801150.SI,20240112,7945.64,4550003.0
801150.SI,20240115,7963.66,4488012.0
801150.SI,20240116,7942.62,4487826.0
801150.SI,20240117,7726.29,4367792.0
801150.SI,20240118,7739.72,5840071.0
801150.SI,20240119,7699.9,3997919.0
801150.SI,20240122,7366.78,5531816.0
801150.SI,20240123,7415.73,4558210.0
801150.SI,20240124,7468.87,4663817.0
801150.SI,20240125,7638.7,5659196.0
801150.SI,20240126,7489.66,5885559.0
801150.SI,20240129,7320.14,5943226.0
801150.SI,20240130,7138.24,4951154.0
801150.SI,20240131,6863.18,5841243.0
801150.SI,20240201,6865.74,5489939.0
801150.SI,20240202,6620.02,6354213.0
801150.SI,20240205,6500.61,7843705.0
801150.SI,20240206,6978.73,8502749.0
801150.SI,20240207,7192.83,9964568.0
801150.SI,20240208,7302.33,9585645.0
801150.SI,20240219,7295.14,7906555.0
801150.SI,20240220,7371.05,6759142.0
801150.SI,20240221,7391.6,7337223.0
801150.SI,20240222,7427.17,5730264.0
801150.SI,20240223,7455.14,6085622.0
801150.SI,20240226,7498.71,6592134.0
801150.SI,20240227,7604.36,5936436.0
801150.SI,20240228,7417.08,9451864.0
801150.SI,20240229,7583.92,7010723.0
801150.SI,20240301,7583.45,5915172.0
801150.SI,20240304,7720.65,8013620.0
801150.SI,20240305,7639.24,6742233.0
801150.SI,20240306,7592.52,5224044.0
801150.SI,20240307,7378.98,6074605.0
801150.SI,20240308,7413.3,5219424.0
801150.SI,20240311,7603.8,6179914.0
801150.SI,20240312,7739.34,8003290.0
801150.SI,20240313,7710.77,6585336.0
801150.SI,20240314,7743.16,9974242.0
801150.SI,20240315,7754.07,7468135.0
801150.SI,20240318,7862.34,8447851.0
801150.SI,20240319,7762.29,7442259.0
801150.SI,20240320,7783.01,7232666.0
801150.SI,20240321,7720.03,7068872.0
801150.SI,20240322,7588.74,7077696.0
801150.SI,20240325,7479.01,6517862.0
801150.SI,20240326,7448.94,5453879.0
801150.SI,20240327,7359.22,5855176.0
801150.SI,20240328,7397.23,5983927.0
801150.SI,20240329,7412.1,5019631.0
801150.SI,20240401,7541.28,6189148.0
801150.SI,20240402,7467.97,5538283.0
801150.SI,20240403,7455.44,5284439.0
801150.SI,20240408,7296.98,5601276.0
801150.SI,20240409,7438.61,5463738.0
801150.SI,20240410,7316.08,4920525.0
801150.SI,20240411,7278.44,4922356.0
801150.SI,20240412,7229.6,4762579.0
801150.SI,20240415,7219.71,6401737.0
801150.SI,20240416,7034.98,6747905.0
801150.SI,20240417,7191.4,6348381.0
801150.SI,20240418,7151.11,6022677.0
801150.SI,20240419,7106.83,5181110.0
801150.SI,20240422,7164.25,5648799.0
801150.SI,20240423,7227.58,6237399.0
801150.SI,20240424,7233.87,5332299.0
801150.SI,20240425,7301.45,5781765.0
801150.SI,20240426,7421.62,7677715.0
801150.SI,20240429,7573.23,8366981.0
801150.SI,20240430,7606.12,7582120.0
801150.SI,20240506,7825.68,9726016.0
801150.SI,20240507,7857.34,8081584.0
801150.SI,20240508,7823.47,8784073.0
801150.SI,20240509,7896.46,8892924.0
801150.SI,20240510,7804.37,8281781.0
801150.SI,20240513,7747.94,8920040.0
801150.SI,20240514,7803.86,7921024.0
801150.SI,20240515,7683.41,6183317.0
801150.SI,20240516,7643.7,5996246.0
801150.SI,20240517,7638.61,5749842.0
801150.SI,20240520,7646.43,5876607.0
801150.SI,20240521,7578.76,5006546.0
801150.SI,20240522,7540.15,4948154.0
801150.SI,20240523,7421.55,4976147.0
801150.SI,20240524,7353.06,4447696.0
801150.SI,20240527,7395.33,4870121.0
801150.SI,20240528,7322.98,4059485.0
801150.SI,20240529,7299.26,3681297.0
801150.SI,20240530,7273.01,3765835.0
801150.SI,20240531,7284.24,3979318.0
801150.SI,20240603,7209.87,5319078.0
801150.SI,20240604,7307.34,4837692.0
801150.SI,20240605,7270.82,4322504.0
801150.SI,20240606,7151.27,5210403.0
801150.SI,20240607,7138.19,4158956.0
801150.SI,20240611,7210.48,3981818.0
801150.SI,20240612,7216.72,4926932.0
801150.SI,20240613,7147.63,5123740.0
801150.SI,20240614,7084.96,6368038.0
801150.SI,20240617,7083.59,4371739.0
801150.SI,20240618,7047.8,4133773.0
801150.SI,20240619,6964.1,3671242.0
801150.SI,20240620,6866.7,5017885.0
801150.SI,20240621,6892.46,4331533.0
801150.SI,20240624,6737.99,4680382.0
801150.SI,20240625,6707.23,4122082.0
801150.SI,20240626,6844.43,4389399.0
801150.SI,20240627,6703.73,3773647.0
801150.SI,20240628,6652.73,4009880.0
801150.SI,20240701,6700.61,4083717.0
801150.SI,20240702,6653.06,3885383.0
801150.SI,20240703,6585.15,3812731.0
801150.SI,20240704,6458.65,3838162.0
801150.SI,20240705,6659.91,4990862.0
801150.SI,20240708,6472.63,4303399.0
801150.SI,20240709,6484.87,4562001.0
801150.SI,20240710,6464.56,3981766.0
801150.SI,20240711,6629.33,5299387.0
801150.SI,20240712,6654.55,4330495.0
801150.SI,20240715,6571.36,3621067.0
801150.SI,20240716,6563.6,3304926.0
801150.SI,20240717,6651.31,4457959.0
801150.SI,20240718,6714.18,4663764.0
801150.SI,20240719,6740.49,4262312.0
801150.SI,20240722,6782.23,4235275.0
801150.SI,20240723,6562.32,4630704.0
801150.SI,20240724,6467.16,4070554.0
801150.SI,20240725,6459.5,3573581.0
801150.SI,20240726,6469.65,3370192.0
801150.SI,20240729,6385.73,3484009.0
801150.SI,20240730,6370.39,4218567.0
801150.SI,20240731,6667.56,6423943.0
801150.SI,20240801,6623.19,5039521.0
801150.SI,20240802,6677.54,6375269.0
801150.SI,20240805,6638.19,6644506.0
801150.SI,20240806,6763.27,5907525.0
801150.SI,20240807,6714.98,4681449.0
801150.SI,20240808,6756.0,5759731.0
801150.SI,20240809,6649.96,5483608.0
801150.SI,20240812,6739.21,6259006.0
801150.SI,20240813,6687.32,5219767.0
801150.SI,20240814,6591.78,4235300.0
801150.SI,20240815,6623.87,4785839.0
801150.SI,20240816,6653.23,5271338.0
801150.SI,20240819,6580.03,4915628.0
801150.SI,20240820,6469.35,4428750.0
801150.SI,20240821,6406.85,3666579.0
801150.SI,20240822,6359.65,3889379.0
801150.SI,20240823,6321.08,3521554.0
801150.SI,20240826,6294.75,3881691.0
801150.SI,20240827,6299.26,3880408.0
801150.SI,20240828,6298.3,3711582.0
801150.SI,20240829,6384.78,4397415.0
801150.SI,20240830,6448.82,5801997.0
801150.SI,20240902,6324.71,5216549.0
801150.SI,20240903,6365.28,4089806.0
801150.SI,20240904,6375.26,3951773.0
801150.SI,20240905,6441.25,3794928.0
801150.SI,20240906,6316.92,3482493.0
801150.SI,20240909,6323.1,4600831.0
801150.SI,20240910,6264.68,4665187.0
801150.SI,20240911,6288.46,4083033.0
801150.SI,20240912,6222.7,4317221.0
801150.SI,20240913,6155.55,4182794.0
801150.SI,20240918,6115.9,3470293.0
801150.SI,20240919,6188.38,4362739.0
801150.SI,20240920,6106.92,4106478.0
801150.SI,20240923,6070.89,3945171.0
801150.SI,20240924,6277.48,6385097.0
801150.SI,20240925,6361.7,7941320.0
801150.SI,20240926,6623.97,7806798.0
801150.SI,20240927,7040.11,10158307.0
801150.SI,20240930,7825.19,19294441.0
801150.SI,20241008,8490.25,27172766.0
801150.SI,20241009,7743.31,19519473.0
801150.SI,20241010,7722.6,13362254.0
801150.SI,20241011,7355.35,9923225.0
801150.SI,20241014,7451.47,9107397.0
801150.SI,20241015,7279.49,8366551.0
801150.SI,20241016,7217.5,7250152.0
801150.SI,20241017,7165.26,7490960.0
801150.SI,20241018,7431.72,11774462.0
801150.SI,20241021,7502.18,11114638.0
801150.SI,20241022,7590.07,10847823.0
801150.SI,20241023,7579.26,10105843.0
801150.SI,20241024,7543.74,10096465.0
801150.SI,20241025,7662.99,11738108.0
801150.SI,20241028,7775.72,12421411.0
801150.SI,20241029,7592.21,12720979.0
801150.SI,20241030,7497.19,10249004.0
801150.SI,20241031,7487.07,10234580.0
801150.SI,20241101,7440.64,10569372.0
801150.SI,20241104,7542.34,8764533.0
801150.SI,20241105,7706.45,11926478.0
801150.SI,20241106,7690.86,12202777.0
801150.SI,20241107,7930.22,13341193.0
801150.SI,20241108,7918.77,14131675.0
801150.SI,20241111,8023.5,12770062.0
801150.SI,20241112,8100.18,18713845.0
801150.SI,20241113,8005.57,12502671.0
801150.SI,20241114,7769.56,9904527.0
801150.SI,20241115,7608.26,8542465.0
801150.SI,20241118,7483.81,8682428.0
801150.SI,20241119,7598.4,7137373.0
801150.SI,20241120,7790.15,9591889.0
801150.SI,20241121,7762.84,7963650.0
801150.SI,20241122,7428.77,8940848.0
801150.SI,20241125,7458.44,6953150.0
801150.SI,20241126,7464.81,7187880.0
801150.SI,20241127,7599.42,7518244.0
801150.SI,20241128,7550.63,7361752.0
801150.SI,20241129,7647.86,8234249.0
801150.SI,20241202,7766.98,9170580.0
801150.SI,20241203,7743.44,7868415.0
801150.SI,20241204,7623.38,7137143.0
801150.SI,20241205,7628.19,6359881.0
801150.SI,20241206,7771.67,8855607.0
801150.SI,20241209,7774.07,9743969.0
801150.SI,20241210,7773.85,11859242.0
801150.SI,20241211,7811.64,8073832.0
801150.SI,20241212,7879.2,9827467.0
801150.SI,20241213,7699.14,11121647.0
801150.SI,20241216,7634.98,8441788.0
801150.SI,20241217,7511.75,7524872.0
801150.SI,20241218,7524.2,5778666.0
801150.SI,20241219,7505.59,6166146.0
801150.SI,20241220,7535.2,6650442.0
801150.SI,20241223,7388.08,7219670.0
801150.SI,20241224,7450.12,5692501.0
801150.SI,20241225,7386.24,5912372.0
801150.SI,20241226,7353.51,5064022.0
801150.SI,20241227,7391.22,5734597.0
801150.SI,20241230,7363.24,5709993.0
801150.SI,20241231,7222.31,6048640.0
801150.SI,20250102,7062.31,6599249.0
801150.SI,20250103,6980.12,6446343.0
801150.SI,20250106,7072.41,7634410.0
801150.SI,20250107,6976.42,7282847.0
801150.SI,20250108,6931.82,7186337.0
801150.SI,20250109,6888.27,5472727.0
801150.SI,20250110,6764.34,5435970.0
801150.SI,20250113,6790.4,4515956.0
801150.SI,20250114,6991.53,6005202.0
801150.SI,20250115,6917.52,4740790.0
801150.SI,20250116,6918.32,4942135.0
801150.SI,20250117,6944.83,4395175.0
801150.SI,20250120,7021.9,5654819.0
801150.SI,20250121,6998.21,4631129.0
801150.SI,20250122,6935.81,4034786.0
801150.SI,20250123,6925.24,4762863.0
801150.SI,20250124,6951.19,4672495.0
801150.SI,20250127,6949.92,4154151.0
801150.SI,20250205,6988.9,4841144.0
801150.SI,20250206,7069.3,5625614.0
801150.SI,20250207,7173.35,8062375.0
801150.SI,20250210,7292.08,8617250.0
801150.SI,20250211,7215.37,7305723.0
801150.SI,20250212,7229.99,6335519.0
801150.SI,20250213,7194.54,6519404.0
801150.SI,20250214,7368.1,10085437.0
801150.SI,20250217,7416.9,12072674.0
801150.SI,20250218,7267.61,9575839.0
801150.SI,20250219,7321.12,8220096.0
801150.SI,20250220,7438.61,10236301.0
801150.SI,20250221,7506.32,10570848.0
801150.SI,20250224,7438.83,8997226.0
801150.SI,20250225,7355.59,7727238.0
801150.SI,20250226,7442.25,7644547.0
801150.SI,20250227,7468.19,8317606.0
801150.SI,20250228,7302.5,8337283.0
801150.SI,20250303,7350.94,7901185.0
801150.SI,20250304,7390.78,6519662.0
801150.SI,20250305,7336.31,6111868.0
801150.SI,20250306,7451.46,7883663.0
801150.SI,20250307,7380.21,6915289.0
801150.SI,20250310,7438.12,8133895.0
801150.SI,20250311,7428.32,7156052.0
801150.SI,20250312,7385.3,7246755.0
801150.SI,20250313,7351.31,7020218.0
801150.SI,20250314,7510.75,9430132.0
801150.SI,20250317,7512.59,7933183.0
801150.SI,20250318,7576.82,8075616.0
801150.SI,20250319,7578.34,7708712.0
801150.SI,20250320,7516.3,6772967.0
801150.SI,20250321,7404.55,8098469.0
801150.SI,20250324,7342.26,7221361.0
801150.SI,20250325,7360.92,5768957.0
801150.SI,20250326,7368.66,5475576.0
801150.SI,20250327,7507.04,8044877.0
801150.SI,20250328,7477.34,8768588.0
801150.SI,20250331,7388.06,7680681.0
801150.SI,20250401,7635.08,12239772.0
801150.SI,20250402,7594.06,8257928.0
801150.SI,20250403,7567.13,8488045.0
801150.SI,20250407,6876.88,13180435.0
801150.SI,20250408,6949.72,11334103.0
801150.SI,20250409,6975.17,10399036.0
801150.SI,20250410,7116.86,9284361.0
801150.SI,20250411,7142.94,7440591.0
801150.SI,20250414,7217.19,7706425.0
801150.SI,20250415,7208.33,6516655.0
801150.SI,20250416,7133.03,6465119.0
801150.SI,20250417,7135.79,5234065.0
801150.SI,20250418,7117.43,5314960.0
801150.SI,20250421,7216.61,6122219.0
801150.SI,20250422,7275.51,7638988.0
801150.SI,20250423,7224.95,7333331.0
801150.SI,20250424,7242.66,7387998.0
801150.SI,20250425,7199.79,7970832.0
801150.SI,20250428,7146.49,7119058.0
801150.SI,20250429,7178.93,6842878.0
801150.SI,20250430,7235.18,6877508.0
801150.SI,20250506,7312.74,7395210.0
801150.SI,20250507,7304.33,8027778.0
801150.SI,20250508,7325.53,6875243.0
801150.SI,20250509,7308.1,6423830.0
801150.SI,20250512,7288.37,7226416.0
801150.SI,20250513,7354.16,7396282.0
801150.SI,20250514,7361.32,6505778.0
801150.SI,20250515,7352.12,6558279.0
801150.SI,20250516,7401.23,7351801.0
801150.SI,20250519,7387.95,6592622.0
801150.SI,20250520,7509.35,8622017.0
801150.SI,20250521,7556.93,8636925.0
801150.SI,20250522,7501.72,8112801.0
801150.SI,20250523,7533.02,10580106.0
801150.SI,20250526,7451.56,8361087.0
801150.SI,20250527,7524.15,8050952.0
801150.SI,20250528,7493.87,7246963.0
801150.SI,20250529,7671.59,9877851.0
801150.SI,20250530,7699.75,11425649.0
801150.SI,20250603,7836.63,12494129.0
801150.SI,20250604,7879.82,11672702.0
801150.SI,20250605,7799.96,10610379.0
801150.SI,20250606,7786.47,9302382.0
801150.SI,20250609,7965.77,13187067.0
801150.SI,20250610,7991.73,14418700.0
801150.SI,20250611,7959.22,11165161.0
801150.SI,20250612,8060.0,12335400.0
801150.SI,20250613,7895.79,13966961.0
801150.SI,20250616,7873.47,10476790.0
801150.SI,20250617,7760.33,12684188.0
801150.SI,20250618,7694.37,9457287.0
801150.SI,20250619,7551.57,8625712.0
801150.SI,20250620,7552.12,7259313.0
801150.SI,20250623,7619.08,8075248.0
801150.SI,20250624,7702.58,8597091.0
801150.SI,20250625,7733.86,8634070.0
801150.SI,20250626,7652.99,7933384.0
801150.SI,20250627,7672.88,7464921.0
801150.SI,20250630,7754.01,8751812.0
801150.SI,20250701,7893.88,11566524.0
801150.SI,20250702,7815.86,10068838.0
801150.SI,20250703,7921.46,10812636.0
801150.SI,20250704,7952.02,12006273.0
801150.SI,20250707,7874.95,10666691.0
801150.SI,20250708,7899.14,11119314.0
801150.SI,20250709,7933.11,11124471.0
801150.SI,20250710,7991.02,11169764.0
801150.SI,20250711,8096.68,12912392.0
801150.SI,20250714,8139.54,11405565.0
801150.SI,20250715,8129.31,12458087.0
801150.SI,20250716,8206.62,12622488.0
801150.SI,20250717,8352.25,14197283.0
801150.SI,20250718,8420.73,13278894.0
801150.SI,20250721,8436.54,13887185.0
801150.SI,20250722,8443.4,15355413.0
801150.SI,20250723,8436.11,15314971.0
801150.SI,20250724,8598.12,16527963.0
801150.SI,20250725,8580.75,16614296.0
801150.SI,20250728,8706.81,15289952.0
801150.SI,20250729,8886.1,19987499.0
801150.SI,20250730,8882.67,21636445.0
801150.SI,20250731,8833.95,20790098.0
801150.SI,20250801,8833.56,19592246.0
801150.SI,20250804,8880.7,19059944.0
801150.SI,20250805,8891.5,16700726.0
801150.SI,20250806,8833.6,16050150.0
801150.SI,20250807,8752.5,15632077.0
801150.SI,20250808,8759.57,14965007.0
801150.SI,20250811,8884.32,15393354.0
801150.SI,20250812,8863.9,15373450.0
801150.SI,20250813,9017.68,18055810.0
801150.SI,20250814,8925.2,17084762.0
801150.SI,20250815,9029.09,15685712.0
801150.SI,20250818,9125.49,19183168.0
801150.SI,20250819,9076.46,21170829.0
801150.SI,20250820,9070.44,17259941.0
801150.SI,20250821,9090.3,15872708.0
801150.SI,20250822,9123.74,15340809.0
801150.SI,20250825,9308.26,20141064.0
801150.SI,20250826,9206.65,16404734.0
801150.SI,20250827,8955.58,19366103.0
801150.SI,20250828,8937.52,17868839.0
801150.SI,20250829,9064.19,16507961.0
801150.SI,20250901,9316.77,19157841.0
801150.SI,20250902,9217.84,18778461.0
801150.SI,20250903,9213.17,15622443.0
801150.SI,20250904,8974.44,16608740.0
801150.SI,20250905,9191.21,14561304.0
801150.SI,20250908,9323.49,15719680.0
801150.SI,20250909,9145.87,14247631.0
801150.SI,20250910,9109.73,11275393.0
801150.SI,20250911,9132.42,15805124.0
801150.SI,20250912,9157.77,14237393.0
801150.SI,20250915,9161.73,12827932.0
801150.SI,20250916,9162.85,11588663.0
801150.SI,20250917,9141.56,11223559.0
801150.SI,20250918,9096.29,15610829.0
801150.SI,20250919,8968.05,11135458.0
801150.SI,20250922,8956.5,9910824.0
801150.SI,20250923,8783.5,11892931.0
801150.SI,20250924,8926.41,9745919.0
801150.SI,20250925,8943.55,11033874.0
801150.SI,20250926,8770.86,9763518.0
801150.SI,20250929,8785.7,9030965.0
801150.SI,20250930,8909.13,8974818.0
801150.SI,20251009,8923.38,10481906.0
801150.SI,20251010,8802.13,10228991.0
801150.SI,20251013,8673.06,9755837.0
801150.SI,20251014,8539.19,10252403.0
801150.SI,20251015,8716.52,10576586.0
801150.SI,20251016,8734.26,10900055.0
801150.SI,20251017,8583.87,10782403.0
801150.SI,20251020,8621.48,9222178.0
801150.SI,20251021,8704.09,9149228.0
801150.SI,20251022,8671.28,9334259.0
801150.SI,20251023,8618.84,9107958.0
801150.SI,20251024,8633.42,8996677.0
801150.SI,20251027,8710.46,11465636.0
801150.SI,20251028,8647.68,10446918.0
801150.SI,20251029,8686.88,10960453.0
801150.SI,20251030,8539.43,12148647.0
801150.SI,20251031,8746.44,15049833.0
801150.SI,20251103,8748.9,13732535.0
801150.SI,20251104,8576.63,12008320.0
801150.SI,20251105,8569.02,10245600.0
801150.SI,20251106,8566.4,8919065.0
801150.SI,20251107,8536.77,9750194.0
801150.SI,20251110,8643.47,11398601.0
801150.SI,20251111,8639.9,10257988.0
801150.SI,20251112,8692.66,12692524.0
801150.SI,20251113,8802.97,12806770.0
801150.SI,20251114,8817.63,14237017.0
801150.SI,20251117,8665.0,12387754.0
801150.SI,20251118,8590.67,10439335.0
801150.SI,20251119,8480.85,8790639.0
801150.SI,20251120,8437.13,8542494.0
801150.SI,20251121,8211.14,10481132.0
801150.SI,20251124,8313.97,8189120.0
801150.SI,20251125,8395.35,9139332.0
801150.SI,20251126,8451.47,11146265.0
801150.SI,20251127,8418.5,9345558.0
801150.SI,20251128,8430.03,8066931.0
801150.SI,20251201,8460.08,8753319.0
801150.SI,20251202,8355.82,7751720.0
801150.SI,20251203,8332.47,8547434.0
801150.SI,20251204,8331.81,7960513.0
801150.SI,20251205,8367.75,7511799.0
801150.SI,20251208,8377.64,8496274.0
801150.SI,20251209,8311.8,8455888.0
801150.SI,20251210,8329.85,7890018.0
801150.SI,20251211,8266.48,8187528.0
801150.SI,20251212,8280.55,9305730.0
801150.SI,20251215,8182.85,7582648.0
801150.SI,20251216,8041.89,7403918.0
801150.SI,20251217,8140.26,7385192.0
801150.SI,20251218,8165.09,7660953.0
801150.SI,20251219,8269.04,8949662.0
801150.SI,20251222,8251.09,7825699.0
801150.SI,20251223,8213.99,7924080.0
801150.SI,20251224,8233.31,7167492.0
801150.SI,20251225,8281.82,7133699.0
801150.SI,20251226,8254.26,7768868.0
801150.SI,20251229,8167.93,7800182.0
801150.SI,20251230,8120.92,7128083.0
801150.SI,20251231,8084.61,6612580.0
801160.SI,20221010,2213.93,1975741.0
801160.SI,20221011,2269.88,2011885.0
801160.SI,20221012,2291.37,2074497.0
801160.SI,20221013,2313.63,2458931.0
801160.SI,20221014,2331.94,2425441.0
801160.SI,20221017,2319.77,2211555.0
801160.SI,20221018,2316.14,2290315.0
801160.SI,20221019,2285.48,1889023.0
801160.SI,20221020,2264.63,1869245.0
801160.SI,20221021,2287.2,1997311.0
801160.SI,20221024,2248.59,2055800.0
801160.SI,20221025,2256.55,1780374.0
801160.SI,20221026,2270.48,1764124.0
801160.SI,20221027,2218.46,2210503.0
801160.SI,20221028,2147.43,2257314.0
801160.SI,20221031,2131.73,1767527.0
801160.SI,20221101,2166.54,1937977.0
801160.SI,20221102,2176.19,1893229.0
801160.SI,20221103,2168.43,1848060.0
801160.SI,20221104,2214.63,2372388.0
801160.SI,20221107,2220.81,2200905.0
801160.SI,20221108,2215.3,1781472.0
801160.SI,20221109,2218.15,1632294.0
801160.SI,20221110,2204.57,1867975.0
801160.SI,20221111,2222.91,2222101.0
801160.SI,20221114,2197.9,1836869.0
801160.SI,20221115,2237.49,1920121.0
801160.SI,20221116,2248.69,2426298.0
801160.SI,20221117,2236.42,1637043.0
801160.SI,20221118,2234.66,1669362.0
801160.SI,20221121,2242.43,1450163.0
801160.SI,20221122,2246.57,1659684.0
801160.SI,20221123,2276.72,2212702.0
801160.SI,20221124,2280.66,1967533.0
801160.SI,20221125,2294.14,1768766.0
801160.SI,20221128,2307.6,2388047.0
801160.SI,20221129,2296.38,2427923.0
801160.SI,20221130,2305.43,2652906.0
801160.SI,20221201,2298.09,2378968.0
801160.SI,20221202,2299.3,1905667.0
801160.SI,20221205,2318.94,2295878.0
801160.SI,20221206,2285.62,1977276.0
801160.SI,20221207,2262.08,1715170.0
801160.SI,20221208,2252.45,1641618.0
801160.SI,20221209,2237.3,1867192.0
801160.SI,20221212,2202.92,1636773.0
801160.SI,20221213,2203.32,1245473.0
801160.SI,20221214,2196.83,1183398.0
801160.SI,20221215,2195.04,1133131.0
801160.SI,20221216,2200.56,1330012.0
801160.SI,20221219,2150.37,1398907.0
801160.SI,20221220,2155.82,1113987.0
801160.SI,20221221,2137.84,924987.0
801160.SI,20221222,2106.28,1092618.0
801160.SI,20221223,2109.38,849457.0
801160.SI,20221226,2139.95,958155.0
801160.SI,20221227,2149.92,975137.0
801160.SI,20221228,2189.51,2194524.0
801160.SI,20221229,2173.77,1489105.0
801160.SI,20221230,2198.51,1400457.0
801160.SI,20230103,2238.66,1897823.0
801160.SI,20230104,2233.23,1556376.0
801160.SI,20230105,2243.85,1855499.0
801160.SI,20230106,2260.27,2136934.0
801160.SI,20230109,2241.01,1999031.0
801160.SI,20230110,2227.18,1569213.0
801160.SI,20230111,2220.03,1551144.0
801160.SI,20230112,2216.14,1398231.0
801160.SI,20230113,2217.2,1339848.0
801160.SI,20230116,2224.79,1641963.0
801160.SI,20230117,2212.01,1313251.0
801160.SI,20230118,2217.16,1153533.0
801160.SI,20230119,2208.63,1291315.0
801160.SI,20230120,2246.36,1645959.0
801160.SI,20230130,2239.94,2026793.0
801160.SI,20230131,2245.69,1773840.0
801160.SI,20230201,2256.01,1736700.0
801160.SI,20230202,2256.8,1757156.0
801160.SI,20230203,2244.86,1521360.0
801160.SI,20230206,2248.24,1391224.0
801160.SI,20230207,2270.99,1624342.0
801160.SI,20230208,2264.95,1483796.0
801160.SI,20230209,2272.93,1600750.0
801160.SI,20230210,2290.3,2009629.0
801160.SI,20230213,2290.64,2228206.0
801160.SI,20230214,2300.84,1902437.0
801160.SI,20230215,2285.86,1596874.0
801160.SI,20230216,2248.13,2040926.0
801160.SI,20230217,2238.5,1343963.0
801160.SI,20230220,2260.76,1394352.0
801160.SI,20230221,2274.1,1350091.0
801160.SI,20230222,2264.06,1085712.0
801160.SI,20230223,2261.43,1214908.0
801160.SI,20230224,2254.66,1060689.0
801160.SI,20230227,2250.09,1206339.0
801160.SI,20230228,2271.14,1304934.0
801160.SI,20230301,2283.59,1458712.0
801160.SI,20230302,2282.97,1660875.0
801160.SI,20230303,2302.85,1814103.0
801160.SI,20230306,2309.99,1756724.0
801160.SI,20230307,2290.13,1887190.0
801160.SI,20230308,2283.24,1330563.0
801160.SI,20230309,2270.22,1168926.0
801160.SI,20230310,2246.79,1218144.0
801160.SI,20230313,2255.31,1193784.0
801160.SI,20230314,2254.54,1483183.0
801160.SI,20230315,2280.46,1432322.0
801160.SI,20230316,2263.09,1496914.0
801160.SI,20230317,2267.09,1454030.0
801160.SI,20230320,2243.46,1646047.0
801160.SI,20230321,2247.96,1187732.0
801160.SI,20230322,2251.77,1240998.0
801160.SI,20230323,2248.85,1201192.0
801160.SI,20230324,2236.89,1334714.0
801160.SI,20230327,2209.46,1578897.0
801160.SI,20230328,2204.83,1445563.0
801160.SI,20230329,2207.42,1479393.0
801160.SI,20230330,2225.42,1478960.0
801160.SI,20230331,2232.36,1271024.0
801160.SI,20230403,2226.07,1537065.0
801160.SI,20230404,2225.56,1509645.0
801160.SI,20230406,2215.76,1153415.0
801160.SI,20230407,2224.34,1027868.0
801160.SI,20230410,2255.98,1654546.0
801160.SI,20230411,2249.11,1281277.0
801160.SI,20230412,2247.84,1199951.0
801160.SI,20230413,2253.08,1513965.0
801160.SI,20230414,2279.52,1701330.0
801160.SI,20230417,2295.57,1838112.0
801160.SI,20230418,2282.23,1416964.0
801160.SI,20230419,2271.64,1388454.0
801160.SI,20230420,2266.04,1315687.0
801160.SI,20230421,2234.77,1475593.0
801160.SI,20230424,2236.48,1370328.0
801160.SI,20230425,2227.23,1505614.0
801160.SI,20230426,2262.81,1958183.0
801160.SI,20230427,2278.66,1723869.0
801160.SI,20230428,2281.87,1760391.0
801160.SI,20230504,2330.99,2323453.0
801160.SI,20230505,2316.53,1742621.0
801160.SI,20230508,2339.33,2429569.0
801160.SI,20230509,2327.32,2222565.0
801160.SI,20230510,2315.91,1618430.0
801160.SI,20230511,2344.6,1779204.0
801160.SI,20230512,2361.65,2351157.0
801160.SI,20230515,2365.97,2895072.0
801160.SI,20230516,2361.43,2197553.0
801160.SI,20230517,2370.1,2026152.0
801160.SI,20230518,2364.3,1911574.0
801160.SI,20230519,2340.17,1562978.0
801160.SI,20230522,2395.11,2787646.0
801160.SI,20230523,2354.68,2221067.0
801160.SI,20230524,2333.81,2081216.0
801160.SI,20230525,2363.98,2633141.0
801160.SI,20230526,2365.41,2835683.0
801160.SI,20230529,2413.69,3424833.0
801160.SI,20230530,2407.72,3159358.0
801160.SI,20230531,2379.51,2641716.0
801160.SI,20230601,2349.73,2431483.0
801160.SI,20230602,2353.19,2232651.0
801160.SI,20230605,2358.68,2280361.0
801160.SI,20230606,2306.53,2416221.0
801160.SI,20230607,2299.37,1567518.0
801160.SI,20230608,2316.71,1558133.0
801160.SI,20230609,2351.12,2091477.0
801160.SI,20230612,2314.19,1975499.0
801160.SI,20230613,2304.14,1522382.0
801160.SI,20230614,2279.99,1648912.0
801160.SI,20230615,2300.33,1758418.0
801160.SI,20230616,2290.36,1902332.0
801160.SI,20230619,2298.82,1790617.0
801160.SI,20230620,2286.88,1500321.0
801160.SI,20230621,2291.99,2051894.0
801160.SI,20230626,2341.21,3369507.0
801160.SI,20230627,2342.01,3014871.0
801160.SI,20230628,2379.76,3348481.0
801160.SI,20230629,2355.8,2776394.0
801160.SI,20230630,2347.02,2087478.0
801160.SI,20230703,2368.52,2352022.0
801160.SI,20230704,2349.34,1939861.0
801160.SI,20230705,2345.82,1860509.0
801160.SI,20230706,2341.73,1727900.0
801160.SI,20230707,2358.19,2344744.0
801160.SI,20230710,2375.83,2690667.0
801160.SI,20230711,2363.13,2231749.0
801160.SI,20230712,2365.62,2376910.0
801160.SI,20230713,2373.42,2283634.0
801160.SI,20230714,2350.92,2051646.0
801160.SI,20230717,2346.05,1588150.0
801160.SI,20230718,2332.93,1567142.0
801160.SI,20230719,2328.61,1277249.0
801160.SI,20230720,2306.07,1333131.0
801160.SI,20230721,2290.04,1169407.0
801160.SI,20230724,2293.72,1090212.0
801160.SI,20230725,2284.52,1851172.0
801160.SI,20230726,2281.22,1267736.0
801160.SI,20230727,2267.22,1268918.0
801160.SI,20230728,2280.21,1371713.0
801160.SI,20230731,2297.14,1605815.0
801160.SI,20230801,2327.53,2114433.0
801160.SI,20230802,2309.51,1408284.0
801160.SI,20230803,2318.03,1356697.0
801160.SI,20230804,2306.79,1430863.0
801160.SI,20230807,2315.18,1210920.0
801160.SI,20230808,2311.78,1163425.0
801160.SI,20230809,2288.87,1121633.0
801160.SI,20230810,2301.85,1190140.0
801160.SI,20230811,2255.62,1603245.0
801160.SI,20230814,2265.77,1405883.0
801160.SI,20230815,2274.84,1351761.0
801160.SI,20230816,2258.49,1034008.0
801160.SI,20230817,2265.2,1156840.0
801160.SI,20230818,2253.01,1148826.0
801160.SI,20230821,2235.2,1201059.0
801160.SI,20230822,2231.4,1353948.0
801160.SI,20230823,2202.8,1238772.0
801160.SI,20230824,2179.69,1251117.0
801160.SI,20230825,2191.83,1331831.0
801160.SI,20230828,2194.69,1920622.0
801160.SI,20230829,2202.57,1503608.0
801160.SI,20230830,2189.77,1368520.0
801160.SI,20230831,2193.83,1353533.0
801160.SI,20230901,2186.21,1254454.0
801160.SI,20230904,2199.26,1724428.0
801160.SI,20230905,2214.73,1756293.0
801160.SI,20230906,2201.22,1237328.0
801160.SI,20230907,2176.57,1257136.0
801160.SI,20230908,2194.04,1304343.0
801160.SI,20230911,2204.98,1313235.0
801160.SI,20230912,2214.26,1233340.0
801160.SI,20230913,2217.13,1357181.0
801160.SI,20230914,2238.0,1648512.0
801160.SI,20230915,2213.86,1396325.0
801160.SI,20230918,2208.69,1112506.0
801160.SI,20230919,2209.89,1006020.0
801160.SI,20230920,2192.8,911147.0
801160.SI,20230921,2175.91,949530.0
801160.SI,20230922,2184.43,1069226.0
801160.SI,20230925,2176.5,954569.0
801160.SI,20230926,2171.97,810903.0
801160.SI,20230927,2169.68,980385.0
801160.SI,20230928,2175.94,945939.0
801160.SI,20231009,2186.82,1069384.0
801160.SI,20231010,2177.4,1116739.0
801160.SI,20231011,2166.47,1048035.0
801160.SI,20231012,2183.0,936761.0
801160.SI,20231013,2172.17,1030272.0
801160.SI,20231016,2173.63,1219623.0
801160.SI,20231017,2184.18,1073265.0
801160.SI,20231018,2153.24,1070256.0
801160.SI,20231019,2123.59,1006479.0
801160.SI,20231020,2123.26,999546.0
801160.SI,20231023,2079.59,1088709.0
801160.SI,20231024,2109.44,1140053.0
801160.SI,20231025,2103.62,1329431.0
801160.SI,20231026,2138.18,1360761.0
801160.SI,20231027,2156.59,1474386.0
801160.SI,20231030,2160.9,1365767.0
801160.SI,20231031,2157.69,1218288.0
801160.SI,20231101,2160.57,1087057.0
801160.SI,20231102,2154.18,968711.0
801160.SI,20231103,2160.35,1123499.0
801160.SI,20231106,2151.58,1507378.0
801160.SI,20231107,2147.15,1030434.0
801160.SI,20231108,2141.78,1035645.0
801160.SI,20231109,2151.43,1166609.0
801160.SI,20231110,2161.01,1608958.0
801160.SI,20231113,2163.87,1686501.0
801160.SI,20231114,2161.14,1426528.0
801160.SI,20231115,2176.21,1384854.0
801160.SI,20231116,2167.65,1226471.0
801160.SI,20231117,2170.87,1158892.0
801160.SI,20231120,2175.17,1227564.0
801160.SI,20231121,2171.74,1260511.0
801160.SI,20231122,2159.36,1158460.0
801160.SI,20231123,2168.62,1121285.0
801160.SI,20231124,2156.88,1108632.0
801160.SI,20231127,2155.43,1126090.0
801160.SI,20231128,2158.33,1027948.0
801160.SI,20231129,2146.75,1182795.0
801160.SI,20231130,2165.74,1552722.0
801160.SI,20231201,2169.14,1268009.0
801160.SI,20231204,2166.24,1143506.0
801160.SI,20231205,2147.44,1311492.0
801160.SI,20231206,2146.42,1235386.0
801160.SI,20231207,2150.13,1135252.0
801160.SI,20231208,2160.02,1608604.0
801160.SI,20231211,2179.64,1724964.0
801160.SI,20231212,2190.24,1282427.0
801160.SI,20231213,2188.07,1394477.0
801160.SI,20231214,2195.26,1756866.0
801160.SI,20231215,2174.17,1748174.0
801160.SI,20231218,2165.23,1631715.0
801160.SI,20231219,2153.32,1383355.0
801160.SI,20231220,2153.84,1595507.0
801160.SI,20231221,2155.88,1542773.0
801160.SI,20231222,2151.28,1380155.0
801160.SI,20231225,2153.33,1083847.0
801160.SI,20231226,2149.59,1156923.0
801160.SI,20231227,2161.35,1202438.0
801160.SI,20231228,2166.06,1845507.0
801160.SI,20231229,2172.91,1414439.0
801160.SI,20240102,2207.58,1854369.0
801160.SI,20240103,2234.0,1860179.0
801160.SI,20240104,2230.45,1571059.0
801160.SI,20240105,2215.24,1682722.0
801160.SI,20240108,2190.32,1434820.0
801160.SI,20240109,2197.0,1360741.0
801160.SI,20240110,2186.65,1257421.0
801160.SI,20240111,2181.26,1401212.0
801160.SI,20240112,2206.1,1555337.0
801160.SI,20240115,2203.53,1394561.0
801160.SI,20240116,2196.48,1406868.0
801160.SI,20240117,2161.84,1259733.0
801160.SI,20240118,2143.66,2006901.0
801160.SI,20240119,2128.32,1412149.0
801160.SI,20240122,2056.31,1692806.0
801160.SI,20240123,2075.33,1368424.0
801160.SI,20240124,2119.51,1524643.0
801160.SI,20240125,2178.23,1697441.0
801160.SI,20240126,2192.35,1512930.0
801160.SI,20240129,2189.98,1717045.0
801160.SI,20240130,2166.72,1625742.0
801160.SI,20240131,2152.07,2156394.0
801160.SI,20240201,2118.95,1716531.0
801160.SI,20240202,2094.47,1904658.0
801160.SI,20240205,2056.16,2170245.0
801160.SI,20240206,2101.75,2303703.0
801160.SI,20240207,2120.8,2571612.0
801160.SI,20240208,2149.09,2411586.0
801160.SI,20240219,2197.05,2110430.0
801160.SI,20240220,2208.03,1540036.0
801160.SI,20240221,2201.28,1846696.0
801160.SI,20240222,2223.95,1439446.0
801160.SI,20240223,2243.22,1645078.0
801160.SI,20240226,2200.92,1821361.0
801160.SI,20240227,2215.21,1425605.0
801160.SI,20240228,2204.33,2383003.0
801160.SI,20240229,2228.12,1781235.0
801160.SI,20240301,2219.64,1659006.0
801160.SI,20240304,2253.98,1801956.0
801160.SI,20240305,2266.31,1804235.0
801160.SI,20240306,2284.91,1970116.0
801160.SI,20240307,2291.54,2004473.0
801160.SI,20240308,2313.59,1772924.0
801160.SI,20240311,2322.16,2277541.0
801160.SI,20240312,2260.56,2568254.0
801160.SI,20240313,2271.82,1853304.0
801160.SI,20240314,2269.0,1678726.0
801160.SI,20240315,2284.61,1772746.0
801160.SI,20240318,2303.62,1979455.0
801160.SI,20240319,2283.47,1650794.0
801160.SI,20240320,2294.86,1566908.0
801160.SI,20240321,2288.28,1433594.0
801160.SI,20240322,2276.93,1594840.0
801160.SI,20240325,2272.49,1558254.0
801160.SI,20240326,2285.97,1626965.0
801160.SI,20240327,2264.64,1551135.0
801160.SI,20240328,2277.2,1534709.0
801160.SI,20240329,2307.51,1501848.0
801160.SI,20240401,2304.34,1812590.0
801160.SI,20240402,2319.65,1899834.0
801160.SI,20240403,2314.66,1737545.0
801160.SI,20240408,2368.78,3028769.0
801160.SI,20240409,2358.12,2556626.0
801160.SI,20240410,2372.84,2590584.0
801160.SI,20240411,2389.95,2339081.0
801160.SI,20240412,2367.07,2110874.0
801160.SI,20240415,2387.81,2449077.0
801160.SI,20240416,2335.37,2479636.0
801160.SI,20240417,2380.07,2310422.0
801160.SI,20240418,2345.68,2571134.0
801160.SI,20240419,2341.14,2022061.0
801160.SI,20240422,2323.97,1952262.0
801160.SI,20240423,2291.27,1731319.0
801160.SI,20240424,2321.39,1777467.0
801160.SI,20240425,2314.78,1411640.0
801160.SI,20240426,2316.46,1928907.0
801160.SI,20240429,2325.77,2491822.0
801160.SI,20240430,2337.48,2328235.0
801160.SI,20240506,2365.95,2680974.0
801160.SI,20240507,2347.2,2019466.0
801160.SI,20240508,2340.64,2105275.0
801160.SI,20240509,2353.43,2147815.0
801160.SI,20240510,2384.97,2998342.0
801160.SI,20240513,2418.3,3949650.0
801160.SI,20240514,2412.65,3221041.0
801160.SI,20240515,2368.57,2613149.0
801160.SI,20240516,2347.24,2185900.0
801160.SI,20240517,2362.6,2207080.0
801160.SI,20240520,2393.79,2743561.0
801160.SI,20240521,2383.38,1942239.0
801160.SI,20240522,2382.19,2075137.0
801160.SI,20240523,2354.06,2120358.0
801160.SI,20240524,2400.08,3379256.0
801160.SI,20240527,2431.41,3532540.0
801160.SI,20240528,2463.65,3942704.0
801160.SI,20240529,2461.99,3439007.0
801160.SI,20240530,2423.99,3060602.0
801160.SI,20240531,2411.0,2696258.0
801160.SI,20240603,2418.27,2901061.0
801160.SI,20240604,2448.6,2662998.0
801160.SI,20240605,2439.29,2318234.0
801160.SI,20240606,2438.06,2984553.0
801160.SI,20240607,2478.87,2686235.0
801160.SI,20240611,2460.51,2570699.0
801160.SI,20240612,2477.57,2229862.0
801160.SI,20240613,2486.55,2369905.0
801160.SI,20240614,2450.46,3502574.0
801160.SI,20240617,2423.1,2493342.0
801160.SI,20240618,2423.72,1973553.0
801160.SI,20240619,2408.53,1645398.0
801160.SI,20240620,2405.04,1845980.0
801160.SI,20240621,2404.52,1562803.0
801160.SI,20240624,2404.69,2111551.0
801160.SI,20240625,2393.88,1812638.0
801160.SI,20240626,2402.01,1580906.0
801160.SI,20240627,2380.86,1495833.0
801160.SI,20240628,2428.52,2101603.0
801160.SI,20240701,2482.37,2337700.0
801160.SI,20240702,2490.89,1883597.0
801160.SI,20240703,2477.99,1600625.0
801160.SI,20240704,2462.01,1507891.0
801160.SI,20240705,2452.13,1598613.0
801160.SI,20240708,2473.56,1890403.0
801160.SI,20240709,2500.8,2046314.0
801160.SI,20240710,2447.2,2219755.0
801160.SI,20240711,2470.7,2152092.0
801160.SI,20240712,2443.13,1806175.0
801160.SI,20240715,2451.59,1609533.0
801160.SI,20240716,2457.54,1451105.0
801160.SI,20240717,2420.64,1800083.0
801160.SI,20240718,2455.58,1677812.0
801160.SI,20240719,2444.89,1525824.0
801160.SI,20240722,2426.36,1630542.0
801160.SI,20240723,2416.25,1495717.0
801160.SI,20240724,2452.39,1849691.0
801160.SI,20240725,2447.55,1781603.0
801160.SI,20240726,2433.05,1737253.0
801160.SI,20240729,2441.84,1367369.0
801160.SI,20240730,2416.33,1490670.0
801160.SI,20240731,2408.09,2663189.0
801160.SI,20240801,2405.92,1857832.0
801160.SI,20240802,2390.41,1690150.0
801160.SI,20240805,2351.28,1759763.0
801160.SI,20240806,2352.34,1598616.0
801160.SI,20240807,2380.7,1846970.0
801160.SI,20240808,2368.16,1399729.0
801160.SI,20240809,2352.08,1253047.0
801160.SI,20240812,2345.93,1326418.0
801160.SI,20240813,2353.24,1158566.0
801160.SI,20240814,2369.51,1449358.0
801160.SI,20240815,2389.19,1376158.0
801160.SI,20240816,2365.29,1360445.0
801160.SI,20240819,2370.04,1196574.0
801160.SI,20240820,2345.89,1326722.0
801160.SI,20240821,2328.27,1085048.0
801160.SI,20240822,2347.8,1280409.0
801160.SI,20240823,2321.47,1200925.0
801160.SI,20240826,2322.58,1214829.0
801160.SI,20240827,2308.33,1052696.0
801160.SI,20240828,2321.0,1320592.0
801160.SI,20240829,2298.01,1545929.0
801160.SI,20240830,2295.5,1919219.0
801160.SI,20240902,2299.07,1730569.0
801160.SI,20240903,2260.83,1579806.0
801160.SI,20240904,2251.29,1135192.0
801160.SI,20240905,2251.08,1005113.0
801160.SI,20240906,2232.72,1054372.0
801160.SI,20240909,2215.47,1272881.0
801160.SI,20240910,2210.47,1189925.0
801160.SI,20240911,2145.6,1550702.0
801160.SI,20240912,2153.72,1135299.0
801160.SI,20240913,2157.8,1088919.0
801160.SI,20240918,2162.37,1097127.0
801160.SI,20240919,2178.72,1384287.0
801160.SI,20240920,2171.53,1348829.0
801160.SI,20240923,2194.46,1253301.0
801160.SI,20240924,2267.16,2034710.0
801160.SI,20240925,2274.14,2504562.0
801160.SI,20240926,2299.89,2392417.0
801160.SI,20240927,2343.55,2735012.0
801160.SI,20240930,2500.2,6556677.0
801160.SI,20241008,2521.89,8582548.0
801160.SI,20241009,2371.08,4925187.0
801160.SI,20241010,2422.2,4175250.0
801160.SI,20241011,2379.54,2727800.0
801160.SI,20241014,2403.8,2841592.0
801160.SI,20241015,2353.7,2750973.0
801160.SI,20241016,2366.48,2646693.0
801160.SI,20241017,2332.69,2668622.0
801160.SI,20241018,2361.5,3152383.0
801160.SI,20241021,2341.49,2921128.0
801160.SI,20241022,2381.83,2963524.0
801160.SI,20241023,2397.53,3005457.0
801160.SI,20241024,2382.47,2184077.0
801160.SI,20241025,2380.14,3351500.0
801160.SI,20241028,2407.46,3358395.0
801160.SI,20241029,2381.46,3533439.0
801160.SI,20241030,2372.22,3055262.0
801160.SI,20241031,2396.16,3945013.0
801160.SI,20241101,2387.51,3329379.0
801160.SI,20241104,2392.7,2379433.0
801160.SI,20241105,2414.33,3290226.0
801160.SI,20241106,2398.36,3290029.0
801160.SI,20241107,2443.9,3896023.0
801160.SI,20241108,2429.55,3902914.0
801160.SI,20241111,2435.61,3299173.0
801160.SI,20241112,2411.29,4029389.0
801160.SI,20241113,2419.05,3048990.0
801160.SI,20241114,2381.1,2716999.0
801160.SI,20241115,2356.1,2460552.0
801160.SI,20241118,2373.47,3079339.0
801160.SI,20241119,2380.24,2386402.0
801160.SI,20241120,2397.7,2352276.0
801160.SI,20241121,2402.35,2249012.0
801160.SI,20241122,2345.05,3014208.0
801160.SI,20241125,2335.96,2790894.0
801160.SI,20241126,2316.6,2213114.0
801160.SI,20241127,2343.41,2303898.0
801160.SI,20241128,2339.24,2269114.0
801160.SI,20241129,2342.72,2324243.0
801160.SI,20241202,2376.5,2754804.0
801160.SI,20241203,2409.2,3352467.0
801160.SI,20241204,2400.72,2858411.0
801160.SI,20241205,2396.45,2201338.0
801160.SI,20241206,2419.38,2811775.0
801160.SI,20241209,2432.71,2654001.0
801160.SI,20241210,2414.63,3582806.0
801160.SI,20241211,2432.86,2359976.0
801160.SI,20241212,2442.9,2739222.0
801160.SI,20241213,2415.79,3120865.0
801160.SI,20241216,2453.51,3186186.0
801160.SI,20241217,2427.79,2864329.0
801160.SI,20241218,2445.37,3013923.0
801160.SI,20241219,2417.58,2853657.0
801160.SI,20241220,2403.66,2414399.0
801160.SI,20241223,2414.85,3451009.0
801160.SI,20241224,2441.01,3038270.0
801160.SI,20241225,2430.34,2704788.0
801160.SI,20241226,2403.53,2644438.0
801160.SI,20241227,2432.31,2865952.0
801160.SI,20241230,2406.86,2527868.0
801160.SI,20241231,2395.27,2749397.0
801160.SI,20250102,2333.37,2886708.0
801160.SI,20250103,2301.22,2319378.0
801160.SI,20250106,2293.42,1925812.0
801160.SI,20250107,2284.33,1831838.0
801160.SI,20250108,2296.6,2056965.0
801160.SI,20250109,2268.05,1622420.0
801160.SI,20250110,2229.82,1664840.0
801160.SI,20250113,2220.88,1603105.0
801160.SI,20250114,2262.62,1791342.0
801160.SI,20250115,2255.41,1499696.0
801160.SI,20250116,2261.32,1535911.0
801160.SI,20250117,2260.17,1458178.0
801160.SI,20250120,2260.14,1741477.0
801160.SI,20250121,2254.8,1543881.0
801160.SI,20250122,2244.93,1580197.0
801160.SI,20250123,2246.24,1923877.0
801160.SI,20250124,2240.46,1614234.0
801160.SI,20250127,2271.28,1852120.0
801160.SI,20250205,2250.88,1616186.0
801160.SI,20250206,2266.24,1627017.0
801160.SI,20250207,2275.16,2182852.0
801160.SI,20250210,2272.51,2080753.0
801160.SI,20250211,2267.1,1863684.0
801160.SI,20250212,2273.66,1764005.0
801160.SI,20250213,2272.72,1964505.0
801160.SI,20250214,2271.4,1684577.0
801160.SI,20250217,2296.94,2577979.0
801160.SI,20250218,2292.35,2500203.0
801160.SI,20250219,2287.92,1866591.0
801160.SI,20250220,2282.7,1761348.0
801160.SI,20250221,2274.85,2294377.0
801160.SI,20250224,2273.98,2270888.0
801160.SI,20250225,2253.49,1919942.0
801160.SI,20250226,2277.2,1965893.0
801160.SI,20250227,2268.34,1923019.0
801160.SI,20250228,2250.0,2217787.0
801160.SI,20250303,2240.77,1999479.0
801160.SI,20250304,2242.59,1497863.0
801160.SI,20250305,2248.18,1625748.0
801160.SI,20250306,2246.32,2050534.0
801160.SI,20250307,2238.8,1730325.0
801160.SI,20250310,2236.89,1601305.0
801160.SI,20250311,2245.21,1630367.0
801160.SI,20250312,2257.07,2307240.0
801160.SI,20250313,2276.43,2907053.0
801160.SI,20250314,2287.91,2652777.0
801160.SI,20250317,2289.09,2335798.0
801160.SI,20250318,2282.18,2045025.0
801160.SI,20250319,2311.34,3026279.0
801160.SI,20250320,2310.97,2550141.0
801160.SI,20250321,2305.44,2774221.0
801160.SI,20250324,2310.49,3005016.0
801160.SI,20250325,2338.79,3540804.0
801160.SI,20250326,2328.72,2989175.0
801160.SI,20250327,2301.91,2703757.0
801160.SI,20250328,2288.68,2207211.0
801160.SI,20250331,2292.14,2737522.0
801160.SI,20250401,2333.0,2995724.0
801160.SI,20250402,2314.32,2388693.0
801160.SI,20250403,2346.99,3166075.0
801160.SI,20250407,2220.81,5195462.0
801160.SI,20250408,2272.75,4216349.0
801160.SI,20250409,2287.25,4072608.0
801160.SI,20250410,2291.49,3345668.0
801160.SI,20250411,2278.57,2427464.0
801160.SI,20250414,2308.06,2799775.0
801160.SI,20250415,2322.43,2817119.0
801160.SI,20250416,2329.36,3213558.0
801160.SI,20250417,2323.98,2636469.0
801160.SI,20250418,2318.99,2366438.0
801160.SI,20250421,2329.02,2307223.0
801160.SI,20250422,2328.05,2858063.0
801160.SI,20250423,2318.35,2391128.0
801160.SI,20250424,2343.45,3179512.0
801160.SI,20250425,2375.43,4208821.0
801160.SI,20250428,2384.71,4807770.0
801160.SI,20250429,2342.33,3785247.0
801160.SI,20250430,2325.57,3009526.0
801160.SI,20250506,2347.97,3099051.0
801160.SI,20250507,2355.91,3055191.0
801160.SI,20250508,2364.74,2823783.0
801160.SI,20250509,2377.21,3190259.0
801160.SI,20250512,2371.11,2691474.0
801160.SI,20250513,2378.58,2538565.0
801160.SI,20250514,2386.32,2877353.0
801160.SI,20250515,2389.23,2919583.0
801160.SI,20250516,2379.01,2351727.0
801160.SI,20250519,2399.01,2315626.0
801160.SI,20250520,2424.4,3179084.0
801160.SI,20250521,2430.93,3810127.0
801160.SI,20250522,2415.57,3375972.0
801160.SI,20250523,2383.64,2880653.0
801160.SI,20250526,2397.91,2334659.0
801160.SI,20250527,2396.84,2247198.0
801160.SI,20250528,2390.51,2228252.0
801160.SI,20250529,2393.01,2328099.0
801160.SI,20250530,2379.4,2425479.0
801160.SI,20250603,2373.85,2399319.0
801160.SI,20250604,2371.11,2096901.0
801160.SI,20250605,2368.98,2181691.0
801160.SI,20250606,2376.19,1993428.0
801160.SI,20250609,2379.68,2051985.0
801160.SI,20250610,2378.64,2928903.0
801160.SI,20250611,2380.86,2157176.0
801160.SI,20250612,2371.15,1992623.0
801160.SI,20250613,2382.43,2696068.0
801160.SI,20250616,2378.9,2101369.0
801160.SI,20250617,2398.47,2248482.0
801160.SI,20250618,2393.96,2227219.0
801160.SI,20250619,2370.78,2779304.0
801160.SI,20250620,2355.4,2107349.0
801160.SI,20250623,2357.88,2153494.0
801160.SI,20250624,2364.41,2223080.0
801160.SI,20250625,2382.86,2210791.0
801160.SI,20250626,2381.73,2152233.0
801160.SI,20250627,2357.57,2438273.0
801160.SI,20250630,2366.45,1897187.0
801160.SI,20250701,2391.2,2985843.0
801160.SI,20250702,2393.36,2556351.0
801160.SI,20250703,2394.78,2558635.0
801160.SI,20250704,2410.9,3509394.0
801160.SI,20250707,2455.91,4839768.0
801160.SI,20250708,2446.73,4808811.0
801160.SI,20250709,2445.01,4085069.0
801160.SI,20250710,2437.58,3936857.0
801160.SI,20250711,2437.71,4074000.0
801160.SI,20250714,2462.94,3991560.0
801160.SI,20250715,2423.5,4081624.0
801160.SI,20250716,2418.59,2665546.0
801160.SI,20250717,2412.69,2625301.0
801160.SI,20250718,2404.36,2671230.0
801160.SI,20250721,2428.22,3593078.0
801160.SI,20250722,2440.9,3872296.0
801160.SI,20250723,2418.97,4613790.0
801160.SI,20250724,2416.89,3732753.0
801160.SI,20250725,2397.88,3013178.0
801160.SI,20250728,2389.1,2443975.0
801160.SI,20250729,2385.03,2353014.0
801160.SI,20250730,2394.61,3120507.0
801160.SI,20250731,2348.18,3365623.0
801160.SI,20250801,2353.83,2055953.0
801160.SI,20250804,2361.91,2002286.0
801160.SI,20250805,2372.41,2090449.0
801160.SI,20250806,2372.69,2112363.0
801160.SI,20250807,2375.9,2232149.0
801160.SI,20250808,2391.77,3215127.0
801160.SI,20250811,2384.39,3111369.0
801160.SI,20250812,2387.62,2530085.0
801160.SI,20250813,2382.94,2643475.0
801160.SI,20250814,2365.54,3126965.0
801160.SI,20250815,2378.73,3041962.0
801160.SI,20250818,2391.17,3536738.0
801160.SI,20250819,2393.37,3623243.0
801160.SI,20250820,2399.98,2914569.0
801160.SI,20250821,2421.26,3705937.0
801160.SI,20250822,2423.76,3333497.0
801160.SI,20250825,2446.82,4742794.0
801160.SI,20250826,2444.2,3760786.0
801160.SI,20250827,2413.64,4990876.0
801160.SI,20250828,2412.53,4354585.0
801160.SI,20250829,2407.56,3927594.0
801160.SI,20250901,2414.74,3708013.0
801160.SI,20250902,2438.57,4146394.0
801160.SI,20250903,2407.7,4097620.0
801160.SI,20250904,2410.47,3823389.0
801160.SI,20250905,2436.51,3611565.0
801160.SI,20250908,2469.53,4783659.0
801160.SI,20250909,2460.05,3711455.0
801160.SI,20250910,2449.15,2856591.0
801160.SI,20250911,2464.89,3731234.0
801160.SI,20250912,2456.05,3847751.0
801160.SI,20250915,2449.72,3997461.0
801160.SI,20250916,2441.7,3652767.0
801160.SI,20250917,2452.62,3432131.0
801160.SI,20250918,2413.2,4886592.0
801160.SI,20250919,2402.61,3424082.0
801160.SI,20250922,2393.59,2942644.0
801160.SI,20250923,2403.68,3493691.0
801160.SI,20250924,2412.18,3504571.0
801160.SI,20250925,2401.12,3183358.0
801160.SI,20250926,2409.42,3202703.0
801160.SI,20250929,2416.78,3436612.0
801160.SI,20250930,2417.33,3200580.0
801160.SI,20251009,2480.26,4562307.0
801160.SI,20251010,2500.77,4513474.0
801160.SI,20251013,2491.72,4506440.0
801160.SI,20251014,2503.81,5222533.0
801160.SI,20251015,2514.82,4394552.0
801160.SI,20251016,2508.39,3680248.0
801160.SI,20251017,2483.42,3958439.0
801160.SI,20251020,2493.11,4076587.0
801160.SI,20251021,2506.72,4192242.0
801160.SI,20251022,2499.32,3258993.0
801160.SI,20251023,2521.52,3843924.0
801160.SI,20251024,2510.26,3695667.0
801160.SI,20251027,2540.51,4691747.0
801160.SI,20251028,2531.84,3657826.0
801160.SI,20251029,2553.34,3982109.0
801160.SI,20251030,2556.73,4604146.0
801160.SI,20251031,2525.46,4558047.0
801160.SI,20251103,2544.19,3603710.0
801160.SI,20251104,2550.17,3596031.0
801160.SI,20251105,2564.68,4104607.0
801160.SI,20251106,2585.79,4884459.0
801160.SI,20251107,2586.51,4174911.0
801160.SI,20251110,2591.94,3795351.0
801160.SI,20251111,2597.51,4042634.0
801160.SI,20251112,2589.23,3842865.0
801160.SI,20251113,2582.13,3894306.0
801160.SI,20251114,2570.55,4361426.0
801160.SI,20251117,2555.14,4160166.0
801160.SI,20251118,2526.08,3506003.0
801160.SI,20251119,2519.0,2899851.0
801160.SI,20251120,2514.23,3030548.0
801160.SI,20251121,2459.14,3735795.0
801160.SI,20251124,2452.05,3038426.0
801160.SI,20251125,2464.27,2474271.0
801160.SI,20251126,2461.59,2562015.0
801160.SI,20251127,2473.35,2788650.0
801160.SI,20251128,2481.1,2433292.0
801160.SI,20251201,2490.01,3082223.0
801160.SI,20251202,2488.87,2725365.0
801160.SI,20251203,2490.77,2770824.0
801160.SI,20251204,2483.91,2633125.0
801160.SI,20251205,2483.96,2798884.0
801160.SI,20251208,2473.49,2908638.0
801160.SI,20251209,2465.58,2330624.0
801160.SI,20251210,2469.98,2431600.0
801160.SI,20251211,2457.69,2598562.0
801160.SI,20251212,2481.75,3549997.0
801160.SI,20251215,2480.65,2926975.0
801160.SI,20251216,2451.51,2865809.0
801160.SI,20251217,2457.58,2428447.0
801160.SI,20251218,2460.14,1993944.0
801160.SI,20251219,2467.16,2309305.0
801160.SI,20251222,2462.41,2570854.0
801160.SI,20251223,2459.19,2467274.0
801160.SI,20251224,2472.44,2246268.0
801160.SI,20251225,2479.12,2381690.0
801160.SI,20251226,2487.69,3002204.0
801160.SI,20251229,2456.93,3736445.0
801160.SI,20251230,2428.84,2938164.0
801160.SI,20251231,2420.02,2473130.0
801170.SI,20221010,2244.51,1525298.0
801170.SI,20221011,2244.5,1429290.0
801170.SI,20221012,2254.12,1493534.0
801170.SI,20221013,2252.45,1389913.0
801170.SI,20221014,2304.21,1889923.0
801170.SI,20221017,2352.26,1900453.0
801170.SI,20221018,2357.64,1952048.0
801170.SI,20221019,2376.72,2256361.0
801170.SI,20221020,2349.7,2204721.0
801170.SI,20221021,2360.32,1615928.0
801170.SI,20221024,2278.16,1886989.0
801170.SI,20221025,2288.38,1641719.0
801170.SI,20221026,2312.25,1742333.0
801170.SI,20221027,2311.51,1623283.0
801170.SI,20221028,2253.79,1582249.0
801170.SI,20221031,2197.72,1789872.0
801170.SI,20221101,2258.37,2076981.0
801170.SI,20221102,2302.15,2522420.0
801170.SI,20221103,2285.62,1781954.0
801170.SI,20221104,2349.44,2450743.0
801170.SI,20221107,2350.32,1923691.0
801170.SI,20221108,2332.14,1620952.0
801170.SI,20221109,2325.68,1286173.0
801170.SI,20221110,2324.16,1462640.0
801170.SI,20221111,2352.78,2940123.0
801170.SI,20221114,2312.96,2253246.0
801170.SI,20221115,2335.05,1876807.0
801170.SI,20221116,2346.79,1980226.0
801170.SI,20221117,2351.45,1658798.0
801170.SI,20221118,2313.64,1760265.0
801170.SI,20221121,2294.73,1354859.0
801170.SI,20221122,2313.64,1903992.0
801170.SI,20221123,2312.77,1778231.0
801170.SI,20221124,2294.52,1385597.0
801170.SI,20221125,2314.31,1461043.0
801170.SI,20221128,2321.92,1674936.0
801170.SI,20221129,2374.07,2385236.0
801170.SI,20221130,2376.73,2216264.0
801170.SI,20221201,2380.36,2475492.0
801170.SI,20221202,2357.11,1818757.0
801170.SI,20221205,2431.95,2926487.0
801170.SI,20221206,2454.77,2526207.0
801170.SI,20221207,2487.8,3140805.0
801170.SI,20221208,2493.3,2994303.0
801170.SI,20221209,2466.16,3012886.0
801170.SI,20221212,2454.66,2538105.0
801170.SI,20221213,2491.21,2705719.0
801170.SI,20221214,2474.83,2484216.0
801170.SI,20221215,2443.16,2239150.0
801170.SI,20221216,2459.15,2040015.0
801170.SI,20221219,2407.24,2034567.0
801170.SI,20221220,2375.28,1625513.0
801170.SI,20221221,2385.74,1458215.0
801170.SI,20221222,2378.4,1803483.0
801170.SI,20221223,2364.39,1472835.0
801170.SI,20221226,2370.11,1525383.0
801170.SI,20221227,2403.18,1962701.0
801170.SI,20221228,2363.72,1971741.0
801170.SI,20221229,2331.95,1548551.0
801170.SI,20221230,2364.99,1594789.0
801170.SI,20230103,2364.08,1970042.0
801170.SI,20230104,2365.77,1621681.0
801170.SI,20230105,2393.73,1950843.0
801170.SI,20230106,2361.55,1863605.0
801170.SI,20230109,2370.83,1751098.0
801170.SI,20230110,2350.86,1613761.0
801170.SI,20230111,2339.26,1653344.0
801170.SI,20230112,2340.17,1528836.0
801170.SI,20230113,2375.71,1502052.0
801170.SI,20230116,2396.15,2157460.0
801170.SI,20230117,2390.4,1377172.0
801170.SI,20230118,2397.28,1329457.0
801170.SI,20230119,2403.22,1205533.0
801170.SI,20230120,2419.48,1426560.0
801170.SI,20230130,2396.2,2100288.0
801170.SI,20230131,2411.61,1857772.0
801170.SI,20230201,2420.63,1950456.0
801170.SI,20230202,2425.98,1778504.0
801170.SI,20230203,2408.95,1635420.0
801170.SI,20230206,2404.19,1505701.0
801170.SI,20230207,2412.18,1376790.0
801170.SI,20230208,2414.54,1422793.0
801170.SI,20230209,2430.62,1396091.0
801170.SI,20230210,2430.25,1393087.0
801170.SI,20230213,2448.01,1979801.0
801170.SI,20230214,2454.06,1636039.0
801170.SI,20230215,2419.68,1724972.0
801170.SI,20230216,2391.89,2081041.0
801170.SI,20230217,2379.52,1515347.0
801170.SI,20230220,2409.72,1551179.0
801170.SI,20230221,2413.09,1488608.0
801170.SI,20230222,2405.98,1102982.0
801170.SI,20230223,2397.13,1251925.0
801170.SI,20230224,2389.18,1100036.0
801170.SI,20230227,2386.26,1184592.0
801170.SI,20230228,2400.09,1207774.0
801170.SI,20230301,2424.65,1597254.0
801170.SI,20230302,2436.05,1611121.0
801170.SI,20230303,2451.72,1713045.0
801170.SI,20230306,2444.9,1776041.0
801170.SI,20230307,2414.63,1949742.0
801170.SI,20230308,2424.8,1230156.0
801170.SI,20230309,2429.29,1487058.0
801170.SI,20230310,2391.61,1489203.0
801170.SI,20230313,2439.97,1802764.0
801170.SI,20230314,2409.56,1748414.0
801170.SI,20230315,2435.26,1801844.0
801170.SI,20230316,2392.81,1831136.0
801170.SI,20230317,2403.17,1723660.0
801170.SI,20230320,2373.78,1896792.0
801170.SI,20230321,2392.14,1493986.0
801170.SI,20230322,2391.0,1315548.0
801170.SI,20230323,2387.04,1538935.0
801170.SI,20230324,2365.2,1465216.0
801170.SI,20230327,2357.99,1463461.0
801170.SI,20230328,2348.73,1199902.0
801170.SI,20230329,2353.71,1357518.0
801170.SI,20230330,2374.58,1530066.0
801170.SI,20230331,2380.82,1409652.0
801170.SI,20230403,2384.95,2018088.0
801170.SI,20230404,2398.6,2048313.0
801170.SI,20230406,2394.85,1511172.0
801170.SI,20230407,2416.5,1556479.0
801170.SI,20230410,2407.32,1465580.0
801170.SI,20230411,2391.81,1359982.0
801170.SI,20230412,2402.04,1543051.0
801170.SI,20230413,2407.74,1542786.0
801170.SI,20230414,2408.63,1452766.0
801170.SI,20230417,2448.53,2211427.0
801170.SI,20230418,2447.77,1927526.0
801170.SI,20230419,2429.64,1642960.0
801170.SI,20230420,2418.86,1505820.0
801170.SI,20230421,2382.46,1691286.0
801170.SI,20230424,2358.66,1615019.0
801170.SI,20230425,2349.29,1585834.0
801170.SI,20230426,2359.13,1455865.0
801170.SI,20230427,2378.57,1509570.0
801170.SI,20230428,2406.61,1941270.0
801170.SI,20230504,2405.92,2949635.0
801170.SI,20230505,2400.05,2415375.0
801170.SI,20230508,2404.62,3308120.0
801170.SI,20230509,2390.52,3514978.0
801170.SI,20230510,2359.33,2597565.0
801170.SI,20230511,2357.96,1765276.0
801170.SI,20230512,2343.41,1824854.0
801170.SI,20230515,2357.54,1912439.0
801170.SI,20230516,2325.41,1477646.0
801170.SI,20230517,2318.89,1321961.0
801170.SI,20230518,2315.98,1466897.0
801170.SI,20230519,2311.37,1355777.0
801170.SI,20230522,2329.76,1575443.0
801170.SI,20230523,2290.66,1391050.0
801170.SI,20230524,2250.0,1404178.0
801170.SI,20230525,2246.47,1223359.0
801170.SI,20230526,2251.85,951934.0
801170.SI,20230529,2253.32,1110009.0
801170.SI,20230530,2246.83,1206367.0
801170.SI,20230531,2244.57,1399738.0
801170.SI,20230601,2216.83,1588373.0
801170.SI,20230602,2240.03,1314240.0
801170.SI,20230605,2237.95,1098111.0
801170.SI,20230606,2210.46,1186502.0
801170.SI,20230607,2229.54,1297558.0
801170.SI,20230608,2252.76,1526564.0
801170.SI,20230609,2257.57,1590248.0
801170.SI,20230612,2255.52,1505100.0
801170.SI,20230613,2250.08,1216594.0
801170.SI,20230614,2253.24,1350317.0
801170.SI,20230615,2250.93,1335082.0
801170.SI,20230616,2267.79,1447139.0
801170.SI,20230619,2246.05,1396702.0
801170.SI,20230620,2213.8,1137559.0
801170.SI,20230621,2200.93,1078327.0
801170.SI,20230626,2163.68,1191974.0
801170.SI,20230627,2201.03,1177618.0
801170.SI,20230628,2200.4,1212611.0
801170.SI,20230629,2167.26,1317816.0
801170.SI,20230630,2178.95,1055484.0
801170.SI,20230703,2230.42,1711896.0
801170.SI,20230704,2230.13,1382670.0
801170.SI,20230705,2221.66,999387.0
801170.SI,20230706,2206.4,974331.0
801170.SI,20230707,2222.89,1174217.0
801170.SI,20230710,2233.31,1127730.0
801170.SI,20230711,2234.1,979833.0
801170.SI,20230712,2202.9,1220034.0
801170.SI,20230713,2214.97,1141309.0
801170.SI,20230714,2212.61,1047219.0
801170.SI,20230717,2208.34,1008413.0
801170.SI,20230718,2222.05,1216862.0
801170.SI,20230719,2225.95,1042354.0
801170.SI,20230720,2210.73,1083493.0
801170.SI,20230721,2213.39,984726.0
801170.SI,20230724,2214.16,1014040.0
801170.SI,20230725,2249.74,1581567.0
801170.SI,20230726,2245.55,1030764.0
801170.SI,20230727,2246.16,1126925.0
801170.SI,20230728,2280.57,1499253.0
801170.SI,20230731,2300.07,1926045.0
801170.SI,20230801,2304.13,1605613.0
801170.SI,20230802,2279.52,1295344.0
801170.SI,20230803,2281.88,1164536.0
801170.SI,20230804,2268.0,1336773.0
801170.SI,20230807,2249.2,1017271.0
801170.SI,20230808,2244.71,853906.0
801170.SI,20230809,2234.59,819554.0
801170.SI,20230810,2279.29,1498784.0
801170.SI,20230811,2236.99,1384188.0
801170.SI,20230814,2234.5,1119708.0
801170.SI,20230815,2229.63,1096574.0
801170.SI,20230816,2215.77,949226.0
801170.SI,20230817,2229.14,1137002.0
801170.SI,20230818,2221.43,1637914.0
801170.SI,20230821,2169.37,2046588.0
801170.SI,20230822,2164.17,1786846.0
801170.SI,20230823,2139.15,1329198.0
801170.SI,20230824,2127.75,1310798.0
801170.SI,20230825,2113.92,1158317.0
801170.SI,20230828,2134.14,1977541.0
801170.SI,20230829,2158.43,1596722.0
801170.SI,20230830,2137.01,1581573.0
801170.SI,20230831,2117.77,1523650.0
801170.SI,20230901,2134.55,1320654.0
801170.SI,20230904,2165.33,1761663.0
801170.SI,20230905,2150.54,1281576.0
801170.SI,20230906,2125.45,1340314.0
801170.SI,20230907,2104.37,1077500.0
801170.SI,20230908,2097.91,859089.0
801170.SI,20230911,2121.31,1130594.0
801170.SI,20230912,2119.97,889720.0
801170.SI,20230913,2116.51,1250032.0
801170.SI,20230914,2120.02,1294938.0
801170.SI,20230915,2119.63,1428308.0
801170.SI,20230918,2119.63,1172445.0
801170.SI,20230919,2127.58,1399901.0
801170.SI,20230920,2111.5,1114082.0
801170.SI,20230921,2108.02,1306398.0
801170.SI,20230922,2119.76,1351080.0
801170.SI,20230925,2111.77,1235148.0
801170.SI,20230926,2099.49,1058919.0
801170.SI,20230927,2098.36,1086201.0
801170.SI,20230928,2099.91,1040463.0
801170.SI,20231009,2082.08,1187068.0
801170.SI,20231010,2060.98,1219578.0
801170.SI,20231011,2047.19,1119378.0
801170.SI,20231012,2069.73,1064196.0
801170.SI,20231013,2044.25,966388.0
801170.SI,20231016,2051.01,1112391.0
801170.SI,20231017,2046.58,1032984.0
801170.SI,20231018,2018.92,1170936.0
801170.SI,20231019,1985.11,1083152.0
801170.SI,20231020,1974.79,888643.0
801170.SI,20231023,1948.59,1054133.0
801170.SI,20231024,1973.58,1074359.0
801170.SI,20231025,2003.63,1155803.0
801170.SI,20231026,2013.67,1000024.0
801170.SI,20231027,2043.01,1429157.0
801170.SI,20231030,2054.77,1594754.0
801170.SI,20231031,2050.71,1504549.0
801170.SI,20231101,2042.63,1136544.0
801170.SI,20231102,2036.34,1230153.0
801170.SI,20231103,2038.78,1145949.0
801170.SI,20231106,2051.97,1441528.0
801170.SI,20231107,2044.05,1223372.0
801170.SI,20231108,2037.54,1236947.0
801170.SI,20231109,2040.04,1290771.0
801170.SI,20231110,2038.77,1377956.0
801170.SI,20231113,2045.85,1379430.0
801170.SI,20231114,2047.2,1315835.0
801170.SI,20231115,2052.19,1420091.0
801170.SI,20231116,2047.61,1267919.0
801170.SI,20231117,2048.75,1315767.0
801170.SI,20231120,2061.27,1348389.0
801170.SI,20231121,2068.01,1496693.0
801170.SI,20231122,2056.9,1212517.0
801170.SI,20231123,2069.7,1263446.0
801170.SI,20231124,2065.85,1135160.0
801170.SI,20231127,2069.1,1288881.0
801170.SI,20231128,2069.44,1092909.0
801170.SI,20231129,2060.18,1128116.0
801170.SI,20231130,2070.96,1360419.0
801170.SI,20231201,2067.35,1513731.0
801170.SI,20231204,2078.74,1598371.0
801170.SI,20231205,2046.58,1390832.0
801170.SI,20231206,2049.27,1429348.0
801170.SI,20231207,2041.17,1331004.0
801170.SI,20231208,2039.0,1599175.0
801170.SI,20231211,2056.91,1521804.0
801170.SI,20231212,2065.07,1356321.0
801170.SI,20231213,2039.93,1417603.0
801170.SI,20231214,2037.84,1417190.0
801170.SI,20231215,2024.56,1470487.0
801170.SI,20231218,2035.61,2196969.0
801170.SI,20231219,2019.68,2047973.0
801170.SI,20231220,1996.8,1771471.0
801170.SI,20231221,2003.18,1543640.0
801170.SI,20231222,2002.38,1772047.0
801170.SI,20231225,1987.46,1582028.0
801170.SI,20231226,1974.45,1218483.0
801170.SI,20231227,1977.9,1417032.0
801170.SI,20231228,1994.38,1826549.0
801170.SI,20231229,1995.32,1506271.0
801170.SI,20240102,2005.62,1906265.0
801170.SI,20240103,2011.88,1681210.0
801170.SI,20240104,2005.01,1668484.0
801170.SI,20240105,1991.68,1637109.0
801170.SI,20240108,1967.31,1422561.0
801170.SI,20240109,1985.42,1534948.0
801170.SI,20240110,1977.64,1319089.0
801170.SI,20240111,1986.76,1266284.0
801170.SI,20240112,1996.64,1498298.0
801170.SI,20240115,2019.52,1651447.0
801170.SI,20240116,2029.19,1602205.0
801170.SI,20240117,1993.94,1470106.0
801170.SI,20240118,1989.03,1924501.0
801170.SI,20240119,1975.83,1252706.0
801170.SI,20240122,1903.96,1691673.0
801170.SI,20240123,1918.12,1414414.0
801170.SI,20240124,1971.28,1736084.0
801170.SI,20240125,2021.4,2073580.0
801170.SI,20240126,2041.85,2181822.0
801170.SI,20240129,2023.45,2240661.0
801170.SI,20240130,1969.99,1825517.0
801170.SI,20240131,1938.94,1869932.0
801170.SI,20240201,1919.02,1614888.0
801170.SI,20240202,1893.66,2058112.0
801170.SI,20240205,1857.42,2253236.0
801170.SI,20240206,1919.7,2348855.0
801170.SI,20240207,1947.9,2550408.0
801170.SI,20240208,1970.35,2510793.0
801170.SI,20240219,2000.71,2201591.0
801170.SI,20240220,2017.77,1720465.0
801170.SI,20240221,2031.73,2112844.0
801170.SI,20240222,2045.08,1566338.0
801170.SI,20240223,2046.32,1762727.0
801170.SI,20240226,2029.11,1993217.0
801170.SI,20240227,2045.74,1798767.0
801170.SI,20240228,2005.38,2292855.0
801170.SI,20240229,2035.7,1884772.0
801170.SI,20240301,2019.83,1742745.0
801170.SI,20240304,2022.81,1785926.0
801170.SI,20240305,2017.67,1692186.0
801170.SI,20240306,2013.03,1468093.0
801170.SI,20240307,2009.49,1485873.0
801170.SI,20240308,2016.93,1448149.0
801170.SI,20240311,2032.03,1648842.0
801170.SI,20240312,2038.98,1985645.0
801170.SI,20240313,2031.87,1724681.0
801170.SI,20240314,2043.51,1854940.0
801170.SI,20240315,2055.72,1564342.0
801170.SI,20240318,2076.18,1777784.0
801170.SI,20240319,2051.7,1634192.0
801170.SI,20240320,2076.81,1590824.0
801170.SI,20240321,2072.6,1465647.0
801170.SI,20240322,2044.79,1531293.0
801170.SI,20240325,2036.07,1504289.0
801170.SI,20240326,2038.52,1325496.0
801170.SI,20240327,2015.22,1621238.0
801170.SI,20240328,2032.28,1444740.0
801170.SI,20240329,2056.19,1524413.0
801170.SI,20240401,2083.8,2161375.0
801170.SI,20240402,2095.27,2288537.0
801170.SI,20240403,2097.07,2141903.0
801170.SI,20240408,2078.29,2017137.0
801170.SI,20240409,2072.75,1724461.0
801170.SI,20240410,2071.57,1733677.0
801170.SI,20240411,2075.66,1849256.0
801170.SI,20240412,2076.14,1853411.0
801170.SI,20240415,2096.57,2701980.0
801170.SI,20240416,2048.18,2624451.0
801170.SI,20240417,2098.59,2132170.0
801170.SI,20240418,2094.9,2347279.0
801170.SI,20240419,2101.18,2487924.0
801170.SI,20240422,2093.82,2447173.0
801170.SI,20240423,2075.05,2063897.0
801170.SI,20240424,2095.65,1963279.0
801170.SI,20240425,2121.6,2249250.0
801170.SI,20240426,2119.82,2874007.0
801170.SI,20240429,2110.18,3290807.0
801170.SI,20240430,2106.37,2873195.0
801170.SI,20240506,2144.01,2902122.0
801170.SI,20240507,2136.24,2319209.0
801170.SI,20240508,2127.94,1962665.0
801170.SI,20240509,2176.22,2702513.0
801170.SI,20240510,2174.12,2276612.0
801170.SI,20240513,2193.93,2726769.0
801170.SI,20240514,2200.48,2373602.0
801170.SI,20240515,2188.99,2050009.0
801170.SI,20240516,2168.91,2293402.0
801170.SI,20240517,2197.74,2501109.0
801170.SI,20240520,2220.21,2436542.0
801170.SI,20240521,2217.08,2032079.0
801170.SI,20240522,2206.88,1934588.0
801170.SI,20240523,2180.96,1883936.0
801170.SI,20240524,2170.43,1517247.0
801170.SI,20240527,2207.43,2000312.0
801170.SI,20240528,2192.43,1987719.0
801170.SI,20240529,2188.1,1494363.0
801170.SI,20240530,2162.16,1482396.0
801170.SI,20240531,2156.22,1424947.0
801170.SI,20240603,2155.08,1992565.0
801170.SI,20240604,2181.14,1899408.0
801170.SI,20240605,2160.24,1558695.0
801170.SI,20240606,2146.97,2238164.0
801170.SI,20240607,2179.75,1904265.0
801170.SI,20240611,2123.97,2264212.0
801170.SI,20240612,2130.68,2011775.0
801170.SI,20240613,2101.07,1888220.0
801170.SI,20240614,2098.58,1840376.0
801170.SI,20240617,2088.4,1664520.0
801170.SI,20240618,2109.11,1612794.0
801170.SI,20240619,2097.17,1430270.0
801170.SI,20240620,2086.85,1558593.0
801170.SI,20240621,2086.82,1457837.0
801170.SI,20240624,2052.08,1464881.0
801170.SI,20240625,2053.01,1243775.0
801170.SI,20240626,2059.9,1292161.0
801170.SI,20240627,2039.39,1321282.0
801170.SI,20240628,2061.96,1498136.0
801170.SI,20240701,2088.53,1354595.0
801170.SI,20240702,2090.83,1485954.0
801170.SI,20240703,2077.03,1329500.0
801170.SI,20240704,2053.7,1271399.0
801170.SI,20240705,2050.69,1173803.0
801170.SI,20240708,2018.63,1436759.0
801170.SI,20240709,2046.39,1518079.0
801170.SI,20240710,2022.56,1303374.0
801170.SI,20240711,2042.83,1581534.0
801170.SI,20240712,2028.55,1600003.0
801170.SI,20240715,2026.22,1451078.0
801170.SI,20240716,2029.95,1299140.0
801170.SI,20240717,2028.95,1623754.0
801170.SI,20240718,2042.72,1533021.0
801170.SI,20240719,2043.92,1581541.0
801170.SI,20240722,2042.2,1681433.0
801170.SI,20240723,2030.81,1846699.0
801170.SI,20240724,2020.91,1791767.0
801170.SI,20240725,2028.13,1755954.0
801170.SI,20240726,2032.2,1978653.0
801170.SI,20240729,2033.74,1864361.0
801170.SI,20240730,2038.59,2051966.0
801170.SI,20240731,2072.23,3181899.0
801170.SI,20240801,2079.73,2683978.0
801170.SI,20240802,2071.14,2344846.0
801170.SI,20240805,2057.67,2678295.0
801170.SI,20240806,2051.8,2215703.0
801170.SI,20240807,2048.49,1722204.0
801170.SI,20240808,2042.86,1803767.0
801170.SI,20240809,2023.4,1412140.0
801170.SI,20240812,2014.67,1328108.0
801170.SI,20240813,2013.97,1381929.0
801170.SI,20240814,1999.97,1269359.0
801170.SI,20240815,2017.28,1444234.0
801170.SI,20240816,2013.19,1477088.0
801170.SI,20240819,2025.68,1472810.0
801170.SI,20240820,2003.19,1355390.0
801170.SI,20240821,2000.64,1436894.0
801170.SI,20240822,1992.82,1649483.0
801170.SI,20240823,1986.85,1466022.0
801170.SI,20240826,1987.68,1427525.0
801170.SI,20240827,1973.78,1403675.0
801170.SI,20240828,1961.38,1393445.0
801170.SI,20240829,1955.2,1940528.0
801170.SI,20240830,1972.26,2357333.0
801170.SI,20240902,1959.57,1953084.0
801170.SI,20240903,1964.7,1569273.0
801170.SI,20240904,1962.79,1514616.0
801170.SI,20240905,1965.66,1343915.0
801170.SI,20240906,1953.8,1104217.0
801170.SI,20240909,1927.84,1300344.0
801170.SI,20240910,1912.99,1096011.0
801170.SI,20240911,1889.69,1387739.0
801170.SI,20240912,1892.04,1400436.0
801170.SI,20240913,1884.5,1214561.0
801170.SI,20240918,1893.54,1163156.0
801170.SI,20240919,1906.73,1462608.0
801170.SI,20240920,1918.0,1358699.0
801170.SI,20240923,1924.44,1204403.0
801170.SI,20240924,1985.32,2056311.0
801170.SI,20240925,2008.15,2505134.0
801170.SI,20240926,2077.64,2596077.0
801170.SI,20240927,2142.84,2824782.0
801170.SI,20240930,2294.76,6350161.0
801170.SI,20241008,2322.91,8144894.0
801170.SI,20241009,2151.73,4904370.0
801170.SI,20241010,2190.92,4097509.0
801170.SI,20241011,2144.21,2863144.0
801170.SI,20241014,2180.04,3185341.0
801170.SI,20241015,2135.91,2754302.0
801170.SI,20241016,2148.75,2439225.0
801170.SI,20241017,2114.38,2716794.0
801170.SI,20241018,2147.6,3387487.0
801170.SI,20241021,2153.16,3337226.0
801170.SI,20241022,2179.33,3103030.0
801170.SI,20241023,2194.56,2944501.0
801170.SI,20241024,2177.07,2071319.0
801170.SI,20241025,2185.61,2651377.0
801170.SI,20241028,2217.4,3349695.0
801170.SI,20241029,2186.95,3298065.0
801170.SI,20241030,2198.25,3185251.0
801170.SI,20241031,2204.54,3968606.0
801170.SI,20241101,2219.25,4068858.0
801170.SI,20241104,2246.03,3314170.0
801170.SI,20241105,2285.9,3747526.0
801170.SI,20241106,2290.08,3659900.0
801170.SI,20241107,2338.55,5158112.0
801170.SI,20241108,2326.81,5237405.0
801170.SI,20241111,2306.46,4202822.0
801170.SI,20241112,2287.59,4422774.0
801170.SI,20241113,2291.23,3471866.0
801170.SI,20241114,2244.61,3253945.0
801170.SI,20241115,2249.02,3663087.0
801170.SI,20241118,2267.72,4425953.0
801170.SI,20241119,2269.83,3718685.0
801170.SI,20241120,2281.24,3488662.0
801170.SI,20241121,2272.45,2934894.0
801170.SI,20241122,2224.54,3866937.0
801170.SI,20241125,2220.05,3166612.0
801170.SI,20241126,2223.88,3126305.0
801170.SI,20241127,2243.62,3222467.0
801170.SI,20241128,2244.84,3332928.0
801170.SI,20241129,2251.26,3278913.0
801170.SI,20241202,2284.54,3948331.0
801170.SI,20241203,2304.06,4018383.0
801170.SI,20241204,2274.06,3273020.0
801170.SI,20241205,2279.01,2559057.0
801170.SI,20241206,2314.83,3281597.0
801170.SI,20241209,2323.34,3092059.0
801170.SI,20241210,2322.73,3805792.0
801170.SI,20241211,2335.7,3007072.0
801170.SI,20241212,2357.94,3432275.0
801170.SI,20241213,2313.55,4150227.0
801170.SI,20241216,2304.07,3405585.0
801170.SI,20241217,2281.38,2885483.0
801170.SI,20241218,2282.74,2361717.0
801170.SI,20241219,2275.02,2150558.0
801170.SI,20241220,2260.06,2019018.0
801170.SI,20241223,2252.96,2450991.0
801170.SI,20241224,2285.0,2291201.0
801170.SI,20241225,2275.07,2285882.0
801170.SI,20241226,2261.66,1822895.0
801170.SI,20241227,2286.47,2127797.0
801170.SI,20241230,2284.25,2237406.0
801170.SI,20241231,2254.93,2234634.0
801170.SI,20250102,2192.42,2587439.0
801170.SI,20250103,2168.24,2246677.0
801170.SI,20250106,2163.82,1781585.0
801170.SI,20250107,2164.94,1814064.0
801170.SI,20250108,2170.11,2349844.0
801170.SI,20250109,2142.11,2122515.0
801170.SI,20250110,2112.7,2058049.0
801170.SI,20250113,2113.73,2127403.0
801170.SI,20250114,2175.75,2447518.0
801170.SI,20250115,2167.82,2125100.0
801170.SI,20250116,2163.32,1918102.0
801170.SI,20250117,2172.27,1726967.0
801170.SI,20250120,2164.68,1819722.0
801170.SI,20250121,2160.28,1798332.0
801170.SI,20250122,2137.52,1494948.0
801170.SI,20250123,2144.62,1866678.0
801170.SI,20250124,2150.28,1574747.0
801170.SI,20250127,2160.13,1722212.0
801170.SI,20250205,2125.5,1980413.0
801170.SI,20250206,2137.77,1809207.0
801170.SI,20250207,2160.44,2339246.0
801170.SI,20250210,2161.84,1978169.0
801170.SI,20250211,2156.05,2128084.0
801170.SI,20250212,2157.03,2067265.0
801170.SI,20250213,2162.3,2394393.0
801170.SI,20250214,2165.66,2110706.0
801170.SI,20250217,2172.73,2385068.0
801170.SI,20250218,2148.14,2252624.0
801170.SI,20250219,2153.69,1935525.0
801170.SI,20250220,2144.66,1954203.0
801170.SI,20250221,2143.88,2012408.0
801170.SI,20250224,2152.83,2622827.0
801170.SI,20250225,2135.2,2193932.0
801170.SI,20250226,2143.67,2001147.0
801170.SI,20250227,2160.56,2328569.0
801170.SI,20250228,2142.7,2198003.0
801170.SI,20250303,2134.9,1976728.0
801170.SI,20250304,2141.13,1482710.0
801170.SI,20250305,2149.05,1660549.0
801170.SI,20250306,2154.83,2044147.0
801170.SI,20250307,2145.93,1951573.0
801170.SI,20250310,2142.38,1704162.0
801170.SI,20250311,2149.1,1574023.0
801170.SI,20250312,2150.53,1856160.0
801170.SI,20250313,2144.61,1850475.0
801170.SI,20250314,2168.83,2141034.0
801170.SI,20250317,2172.37,2023472.0
801170.SI,20250318,2179.56,2177803.0
801170.SI,20250319,2173.65,1938107.0
801170.SI,20250320,2170.44,2048185.0
801170.SI,20250321,2163.73,2263790.0
801170.SI,20250324,2162.82,2296479.0
801170.SI,20250325,2176.61,2255885.0
801170.SI,20250326,2181.51,1845930.0
801170.SI,20250327,2175.22,1751615.0
801170.SI,20250328,2155.44,1692222.0
801170.SI,20250331,2147.58,1908609.0
801170.SI,20250401,2167.15,1780031.0
801170.SI,20250402,2163.4,1473509.0
801170.SI,20250403,2171.82,2425022.0
801170.SI,20250407,2016.23,3723614.0
801170.SI,20250408,2072.48,3404007.0
801170.SI,20250409,2127.71,3834177.0
801170.SI,20250410,2153.76,4093115.0
801170.SI,20250411,2144.49,3893990.0
801170.SI,20250414,2152.32,3615114.0
801170.SI,20250415,2137.75,2847244.0
801170.SI,20250416,2162.3,3383741.0
801170.SI,20250417,2160.63,2894293.0
801170.SI,20250418,2145.41,2276167.0
801170.SI,20250421,2141.94,2023074.0
801170.SI,20250422,2161.27,2961851.0
801170.SI,20250423,2152.85,3240834.0
801170.SI,20250424,2148.37,2457507.0
801170.SI,20250425,2148.35,2302404.0
801170.SI,20250428,2139.69,2135608.0
801170.SI,20250429,2137.36,2051603.0
801170.SI,20250430,2120.95,2226507.0
801170.SI,20250506,2154.07,2702982.0
801170.SI,20250507,2168.18,2658681.0
801170.SI,20250508,2163.16,2005628.0
801170.SI,20250509,2160.17,1813337.0
801170.SI,20250512,2178.49,2095701.0
801170.SI,20250513,2194.18,2925716.0
801170.SI,20250514,2233.42,4454052.0
801170.SI,20250515,2222.56,4285101.0
801170.SI,20250516,2204.62,3463790.0
801170.SI,20250519,2223.97,3230905.0
801170.SI,20250520,2227.18,3394024.0
801170.SI,20250521,2239.9,3107061.0
801170.SI,20250522,2238.47,3065152.0
801170.SI,20250523,2201.16,2455572.0
801170.SI,20250526,2217.95,2201157.0
801170.SI,20250527,2216.74,2253207.0
801170.SI,20250528,2232.54,2389873.0
801170.SI,20250529,2245.72,2858121.0
801170.SI,20250530,2238.78,2806300.0
801170.SI,20250603,2244.47,2879702.0
801170.SI,20250604,2231.49,2646801.0
801170.SI,20250605,2223.69,2324375.0
801170.SI,20250606,2226.67,2246267.0
801170.SI,20250609,2229.61,2177005.0
801170.SI,20250610,2233.37,3080251.0
801170.SI,20250611,2238.43,3128552.0
801170.SI,20250612,2237.94,2471612.0
801170.SI,20250613,2230.12,3315083.0
801170.SI,20250616,2230.58,2267285.0
801170.SI,20250617,2242.07,2589584.0
801170.SI,20250618,2231.67,2309806.0
801170.SI,20250619,2201.51,2293902.0
801170.SI,20250620,2220.97,2337663.0
801170.SI,20250623,2230.1,3016955.0
801170.SI,20250624,2235.95,3518376.0
801170.SI,20250625,2231.31,2876647.0
801170.SI,20250626,2218.95,2442094.0
801170.SI,20250627,2215.72,2265062.0
801170.SI,20250630,2213.82,1962657.0
801170.SI,20250701,2217.63,2074429.0
801170.SI,20250702,2215.19,2534269.0
801170.SI,20250703,2208.95,2030167.0
801170.SI,20250704,2211.3,2182907.0
801170.SI,20250707,2213.74,1680059.0
801170.SI,20250708,2218.68,2036544.0
801170.SI,20250709,2220.68,2075802.0
801170.SI,20250710,2237.09,2316798.0
801170.SI,20250711,2228.19,2613006.0
801170.SI,20250714,2231.04,2079150.0
801170.SI,20250715,2210.35,2425295.0
801170.SI,20250716,2213.98,1817022.0
801170.SI,20250717,2205.43,2060864.0
801170.SI,20250718,2225.3,2074640.0
801170.SI,20250721,2243.64,2866466.0
801170.SI,20250722,2267.08,3068482.0
801170.SI,20250723,2267.49,3686301.0
801170.SI,20250724,2301.09,3339048.0
801170.SI,20250725,2290.97,3682846.0
801170.SI,20250728,2259.31,2836627.0
801170.SI,20250729,2251.62,2270532.0
801170.SI,20250730,2258.13,2696864.0
801170.SI,20250731,2208.98,2799062.0
801170.SI,20250801,2217.19,2435208.0
801170.SI,20250804,2225.65,2145749.0
801170.SI,20250805,2239.27,2040446.0
801170.SI,20250806,2239.66,1953539.0
801170.SI,20250807,2256.05,2369560.0
801170.SI,20250808,2260.94,1952651.0
801170.SI,20250811,2256.66,2096090.0
801170.SI,20250812,2255.83,2436219.0
801170.SI,20250813,2253.17,2574729.0
801170.SI,20250814,2235.18,2501932.0
801170.SI,20250815,2250.31,2499103.0
801170.SI,20250818,2261.14,3029082.0
801170.SI,20250819,2258.14,2542933.0
801170.SI,20250820,2283.41,2687160.0
801170.SI,20250821,2292.36,2903651.0
801170.SI,20250822,2291.75,2996779.0
801170.SI,20250825,2310.53,3402958.0
801170.SI,20250826,2325.74,3340779.0
801170.SI,20250827,2281.8,3513761.0
801170.SI,20250828,2295.08,3167510.0
801170.SI,20250829,2256.28,4117044.0
801170.SI,20250901,2244.79,3842759.0
801170.SI,20250902,2230.19,3182071.0
801170.SI,20250903,2208.97,2530881.0
801170.SI,20250904,2212.57,2826594.0
801170.SI,20250905,2225.15,2628823.0
801170.SI,20250908,2266.29,3491445.0
801170.SI,20250909,2257.57,2710410.0
801170.SI,20250910,2257.02,2148243.0
801170.SI,20250911,2262.43,2531477.0
801170.SI,20250912,2262.35,2806935.0
801170.SI,20250915,2267.78,2758714.0
801170.SI,20250916,2284.72,3438923.0
801170.SI,20250917,2291.75,3184066.0
801170.SI,20250918,2256.1,3773086.0
801170.SI,20250919,2270.85,3186834.0
801170.SI,20250922,2249.56,2835986.0
801170.SI,20250923,2241.58,3218247.0
801170.SI,20250924,2251.21,2736265.0
801170.SI,20250925,2229.49,2440077.0
801170.SI,20250926,2224.8,2106696.0
801170.SI,20250929,2226.41,2299714.0
801170.SI,20250930,2227.32,2114877.0
801170.SI,20251009,2231.76,2752927.0
801170.SI,20251010,2251.51,2821432.0
801170.SI,20251013,2240.24,2973861.0
801170.SI,20251014,2251.53,3385194.0
801170.SI,20251015,2267.67,2817943.0
801170.SI,20251016,2271.77,3182991.0
801170.SI,20251017,2259.75,3329607.0
801170.SI,20251020,2290.34,3597560.0
801170.SI,20251021,2296.96,3374451.0
801170.SI,20251022,2288.45,2656728.0
801170.SI,20251023,2298.59,2906242.0
801170.SI,20251024,2276.12,2989395.0
801170.SI,20251027,2284.86,3116435.0
801170.SI,20251028,2290.25,3111807.0
801170.SI,20251029,2298.12,3227958.0
801170.SI,20251030,2300.75,3620097.0
801170.SI,20251031,2289.79,3938697.0
801170.SI,20251103,2307.36,3280640.0
801170.SI,20251104,2297.16,3416867.0
801170.SI,20251105,2306.12,3033346.0
801170.SI,20251106,2305.22,2993295.0
801170.SI,20251107,2314.07,2881351.0
801170.SI,20251110,2347.91,3439064.0
801170.SI,20251111,2346.67,2748473.0
801170.SI,20251112,2345.0,2655598.0
801170.SI,20251113,2360.12,2795253.0
801170.SI,20251114,2356.37,3053468.0
801170.SI,20251117,2337.43,3022552.0
801170.SI,20251118,2303.93,2943388.0
801170.SI,20251119,2292.99,2539707.0
801170.SI,20251120,2285.47,2157382.0
801170.SI,20251121,2238.57,2850400.0
801170.SI,20251124,2230.99,2384967.0
801170.SI,20251125,2228.43,2277939.0
801170.SI,20251126,2228.51,2163762.0
801170.SI,20251127,2218.85,1799831.0
801170.SI,20251128,2228.13,2038553.0
801170.SI,20251201,2255.95,2690955.0
801170.SI,20251202,2244.54,2494194.0
801170.SI,20251203,2260.12,2393937.0
801170.SI,20251204,2253.72,1984976.0
801170.SI,20251205,2255.33,2126237.0
801170.SI,20251208,2258.34,2501436.0
801170.SI,20251209,2233.39,2423678.0
801170.SI,20251210,2250.28,2957228.0
801170.SI,20251211,2218.44,2917385.0
801170.SI,20251212,2220.26,3156454.0
801170.SI,20251215,2229.46,2519656.0
801170.SI,20251216,2220.06,2132957.0
801170.SI,20251217,2242.85,2448373.0
801170.SI,20251218,2254.69,2551821.0
801170.SI,20251219,2265.46,2715807.0
801170.SI,20251222,2285.72,3192013.0
801170.SI,20251223,2273.37,3213948.0
801170.SI,20251224,2276.22,2889494.0
801170.SI,20251225,2289.7,2914073.0
801170.SI,20251226,2296.48,3553299.0
801170.SI,20251229,2289.9,3377375.0
801170.SI,20251230,2265.75,2907778.0
801170.SI,20251231,2280.32,2619156.0
801180.SI,20221010,3023.86,1970427.0
801180.SI,20221011,2962.03,1488685.0
801180.SI,20221012,3019.53,1527168.0
801180.SI,20221013,2964.38,1665843.0
801180.SI,20221014,2970.88,1655098.0
801180.SI,20221017,2970.77,1677332.0
801180.SI,20221018,2937.29,1525074.0
801180.SI,20221019,2920.88,1445258.0
801180.SI,20221020,2896.27,1281736.0
801180.SI,20221021,2904.12,1554909.0
801180.SI,20221024,2804.87,1692593.0
801180.SI,20221025,2773.82,1269753.0
801180.SI,20221026,2739.91,1518133.0
801180.SI,20221027,2764.8,1355801.0
801180.SI,20221028,2667.16,1417977.0
801180.SI,20221031,2577.31,1731526.0
801180.SI,20221101,2609.16,1658898.0
801180.SI,20221102,2651.28,1498168.0
801180.SI,20221103,2621.38,1255262.0
801180.SI,20221104,2683.42,1483603.0
801180.SI,20221107,2713.88,1414494.0
801180.SI,20221108,2722.19,1521511.0
801180.SI,20221109,2769.17,2204969.0
801180.SI,20221110,2770.02,1803262.0
801180.SI,20221111,2958.24,3857733.0
801180.SI,20221114,3019.81,4323262.0
801180.SI,20221115,3045.49,3696775.0
801180.SI,20221116,2986.22,3048175.0
801180.SI,20221117,2994.21,2358839.0
801180.SI,20221118,2965.16,2222993.0
801180.SI,20221121,2947.05,1967058.0
801180.SI,20221122,2927.4,1983014.0
801180.SI,20221123,2922.63,1339541.0
801180.SI,20221124,2976.83,2581121.0
801180.SI,20221125,3116.08,3824475.0
801180.SI,20221128,3102.41,2919514.0
801180.SI,20221129,3349.29,5338107.0
801180.SI,20221130,3293.73,6313804.0
801180.SI,20221201,3288.58,5135865.0
801180.SI,20221202,3223.73,4090085.0
801180.SI,20221205,3255.28,4068556.0
801180.SI,20221206,3234.3,3110529.0
801180.SI,20221207,3174.67,2627704.0
801180.SI,20221208,3234.78,2971111.0
801180.SI,20221209,3313.1,3988510.0
801180.SI,20221212,3193.09,2607622.0
801180.SI,20221213,3219.13,2214836.0
801180.SI,20221214,3183.83,1932412.0
801180.SI,20221215,3188.79,2200595.0
801180.SI,20221216,3230.79,3088202.0
801180.SI,20221219,3213.98,3235067.0
801180.SI,20221220,3102.73,2675752.0
801180.SI,20221221,3085.15,2085331.0
801180.SI,20221222,3079.45,2225759.0
801180.SI,20221223,3080.08,1828556.0
801180.SI,20221226,3031.25,1958439.0
801180.SI,20221227,3053.45,2113134.0
801180.SI,20221228,3059.24,2079237.0
801180.SI,20221229,2982.42,1973846.0
801180.SI,20221230,2995.12,1694850.0
801180.SI,20230103,3028.61,1931673.0
801180.SI,20230104,3143.92,3102811.0
801180.SI,20230105,3148.53,2463444.0
801180.SI,20230106,3111.19,2325575.0
801180.SI,20230109,3079.34,1832915.0
801180.SI,20230110,3070.42,1527457.0
801180.SI,20230111,3097.79,1945550.0
801180.SI,20230112,3042.76,1707342.0
801180.SI,20230113,3059.79,1424136.0
801180.SI,20230116,3072.29,1617848.0
801180.SI,20230117,3068.25,1364516.0
801180.SI,20230118,3047.62,1239396.0
801180.SI,20230119,3061.01,1258194.0
801180.SI,20230120,3082.99,1339058.0
801180.SI,20230130,3058.95,2032590.0
801180.SI,20230131,3106.31,1909230.0
801180.SI,20230201,3096.86,1820745.0
801180.SI,20230202,3103.47,1949770.0
801180.SI,20230203,3060.11,1608436.0
801180.SI,20230206,3008.84,1622227.0
801180.SI,20230207,3051.57,1768326.0
801180.SI,20230208,3052.6,1588837.0
801180.SI,20230209,3077.05,1376148.0
801180.SI,20230210,3094.78,1464607.0
801180.SI,20230213,3093.54,1586089.0
801180.SI,20230214,3098.74,1477025.0
801180.SI,20230215,3047.26,1445300.0
801180.SI,20230216,3013.55,1747021.0
801180.SI,20230217,2997.11,1243715.0
801180.SI,20230220,3047.35,1399107.0
801180.SI,20230221,3070.1,1837664.0
801180.SI,20230222,3051.26,1243608.0
801180.SI,20230223,3057.23,1400490.0
801180.SI,20230224,3025.31,1152720.0
801180.SI,20230227,3020.02,1131854.0
801180.SI,20230228,3043.71,1230102.0
801180.SI,20230301,3065.61,1398604.0
801180.SI,20230302,3032.3,1406263.0
801180.SI,20230303,3047.63,1307789.0
801180.SI,20230306,2998.85,1464006.0
801180.SI,20230307,2942.35,1261187.0
801180.SI,20230308,2952.79,956925.0
801180.SI,20230309,2950.45,1019627.0
801180.SI,20230310,2898.13,1194488.0
801180.SI,20230313,2882.9,1110724.0
801180.SI,20230314,2859.92,1197963.0
801180.SI,20230315,2899.68,1138424.0
801180.SI,20230316,2871.13,1204041.0
801180.SI,20230317,2894.29,1221942.0
801180.SI,20230320,2876.54,1279666.0
801180.SI,20230321,2876.11,1157741.0
801180.SI,20230322,2905.93,1212239.0
801180.SI,20230323,2894.75,1332403.0
801180.SI,20230324,2901.79,1812363.0
801180.SI,20230327,2852.3,1555701.0
801180.SI,20230328,2820.88,1309033.0
801180.SI,20230329,2813.72,1282183.0
801180.SI,20230330,2821.31,1182650.0
801180.SI,20230331,2812.03,1150047.0
801180.SI,20230403,2873.82,1597853.0
801180.SI,20230404,2850.47,1395657.0
801180.SI,20230406,2838.06,1246593.0
801180.SI,20230407,2942.67,2224514.0
801180.SI,20230410,2918.8,1739135.0
801180.SI,20230411,2954.96,1729056.0
801180.SI,20230412,2955.16,1417490.0
801180.SI,20230413,2945.21,1295229.0
801180.SI,20230414,2934.26,1354055.0
801180.SI,20230417,2930.01,1351284.0
801180.SI,20230418,2912.05,1175146.0
801180.SI,20230419,2857.14,1498239.0
801180.SI,20230420,2838.23,1258752.0
801180.SI,20230421,2795.71,1406350.0
801180.SI,20230424,2748.2,1267846.0
801180.SI,20230425,2718.54,1125578.0
801180.SI,20230426,2707.97,985687.0
801180.SI,20230427,2714.19,939251.0
801180.SI,20230428,2740.1,1103972.0
801180.SI,20230504,2739.41,1472831.0
801180.SI,20230505,2818.16,1980905.0
801180.SI,20230508,2820.28,1666613.0
801180.SI,20230509,2822.36,1962491.0
801180.SI,20230510,2790.04,1300854.0
801180.SI,20230511,2798.31,1135741.0
801180.SI,20230512,2768.78,1100271.0
801180.SI,20230515,2762.01,1145104.0
801180.SI,20230516,2726.58,874035.0
801180.SI,20230517,2714.14,836334.0
801180.SI,20230518,2694.47,843322.0
801180.SI,20230519,2659.13,1005446.0
801180.SI,20230522,2644.7,1014609.0
801180.SI,20230523,2618.52,1005543.0
801180.SI,20230524,2551.44,1095241.0
801180.SI,20230525,2545.98,868108.0
801180.SI,20230526,2566.48,869911.0
801180.SI,20230529,2538.43,872083.0
801180.SI,20230530,2571.24,1128950.0
801180.SI,20230531,2552.13,913723.0
801180.SI,20230601,2536.82,877311.0
801180.SI,20230602,2634.46,1712811.0
801180.SI,20230605,2620.67,1271899.0
801180.SI,20230606,2626.73,1671017.0
801180.SI,20230607,2659.59,1556108.0
801180.SI,20230608,2710.72,1857672.0
801180.SI,20230609,2666.93,1479599.0
801180.SI,20230612,2664.08,1312371.0
801180.SI,20230613,2668.88,1197341.0
801180.SI,20230614,2646.49,1210178.0
801180.SI,20230615,2672.43,1261082.0
801180.SI,20230616,2672.96,1438682.0
801180.SI,20230619,2624.89,1442960.0
801180.SI,20230620,2576.23,1154093.0
801180.SI,20230621,2547.79,1044032.0
801180.SI,20230626,2503.26,1077469.0
801180.SI,20230627,2601.23,1383864.0
801180.SI,20230628,2588.27,1013083.0
801180.SI,20230629,2551.42,869822.0
801180.SI,20230630,2567.03,1018773.0
801180.SI,20230703,2588.45,1049758.0
801180.SI,20230704,2556.64,1149401.0
801180.SI,20230705,2557.58,963240.0
801180.SI,20230706,2580.5,1269538.0
801180.SI,20230707,2574.43,1424435.0
801180.SI,20230710,2568.62,1022730.0
801180.SI,20230711,2567.49,1150500.0
801180.SI,20230712,2517.57,1257179.0
801180.SI,20230713,2536.72,990563.0
801180.SI,20230714,2529.46,904148.0
801180.SI,20230717,2521.41,933898.0
801180.SI,20230718,2537.13,1076507.0
801180.SI,20230719,2573.18,1369490.0
801180.SI,20230720,2578.13,1526450.0
801180.SI,20230721,2619.55,2013817.0
801180.SI,20230724,2603.74,2295554.0
801180.SI,20230725,2762.94,3687778.0
801180.SI,20230726,2811.66,3965826.0
801180.SI,20230727,2791.4,4022807.0
801180.SI,20230728,2875.76,4138783.0
801180.SI,20230731,2930.4,4718983.0
801180.SI,20230801,2913.05,4449244.0
801180.SI,20230802,2938.13,4298441.0
801180.SI,20230803,2990.18,4470712.0
801180.SI,20230804,2967.66,4385507.0
801180.SI,20230807,2866.76,3316564.0
801180.SI,20230808,2825.23,2372159.0
801180.SI,20230809,2832.71,2232517.0
801180.SI,20230810,2842.73,1859497.0
801180.SI,20230811,2831.5,2855616.0
801180.SI,20230814,2796.59,2278483.0
801180.SI,20230815,2785.77,1789845.0
801180.SI,20230816,2838.12,2640314.0
801180.SI,20230817,2831.02,2121090.0
801180.SI,20230818,2776.99,2180432.0
801180.SI,20230821,2722.08,1745626.0
801180.SI,20230822,2736.6,1666263.0
801180.SI,20230823,2686.32,1547617.0
801180.SI,20230824,2659.9,1534606.0
801180.SI,20230825,2681.92,2120875.0
801180.SI,20230828,2799.31,3953797.0
801180.SI,20230829,2876.68,4052056.0
801180.SI,20230830,2867.01,3351018.0
801180.SI,20230831,2727.31,3221727.0
801180.SI,20230901,2739.32,2642162.0
801180.SI,20230904,2749.88,2508438.0
801180.SI,20230905,2686.02,2056767.0
801180.SI,20230906,2748.78,2531794.0
801180.SI,20230907,2727.03,2502944.0
801180.SI,20230908,2709.22,1686106.0
801180.SI,20230911,2692.46,2300436.0
801180.SI,20230912,2681.05,2017599.0
801180.SI,20230913,2680.43,1943547.0
801180.SI,20230914,2657.01,1714547.0
801180.SI,20230915,2664.66,1849333.0
801180.SI,20230918,2637.84,1838640.0
801180.SI,20230919,2630.14,1428327.0
801180.SI,20230920,2630.0,1451831.0
801180.SI,20230921,2626.94,1396472.0
801180.SI,20230922,2651.1,1579926.0
801180.SI,20230925,2592.6,1832231.0
801180.SI,20230926,2580.12,1429607.0
801180.SI,20230927,2568.97,1364490.0
801180.SI,20230928,2577.66,1281500.0
801180.SI,20231009,2517.83,1507707.0
801180.SI,20231010,2506.9,1376370.0
801180.SI,20231011,2502.87,1226371.0
801180.SI,20231012,2513.71,1516605.0
801180.SI,20231013,2490.11,1383555.0
801180.SI,20231016,2450.48,1250963.0
801180.SI,20231017,2435.66,1410614.0
801180.SI,20231018,2395.97,1252885.0
801180.SI,20231019,2371.17,1393879.0
801180.SI,20231020,2385.08,1430396.0
801180.SI,20231023,2341.13,1482130.0
801180.SI,20231024,2388.82,1531942.0
801180.SI,20231025,2392.44,1586878.0
801180.SI,20231026,2364.39,1449183.0
801180.SI,20231027,2390.29,1569660.0
801180.SI,20231030,2383.47,2014864.0
801180.SI,20231031,2390.17,2224328.0
801180.SI,20231101,2370.79,1758900.0
801180.SI,20231102,2355.21,1411975.0
801180.SI,20231103,2346.39,1236357.0
801180.SI,20231106,2418.05,1921870.0
801180.SI,20231107,2419.03,1827707.0
801180.SI,20231108,2441.32,1960631.0
801180.SI,20231109,2427.6,1940358.0
801180.SI,20231110,2399.49,1456857.0
801180.SI,20231113,2400.61,1429602.0
801180.SI,20231114,2432.9,1638484.0
801180.SI,20231115,2421.89,1527645.0
801180.SI,20231116,2409.42,1675772.0
801180.SI,20231117,2392.12,1272460.0
801180.SI,20231120,2394.34,1282359.0
801180.SI,20231121,2447.66,2717047.0
801180.SI,20231122,2437.4,2247031.0
801180.SI,20231123,2493.26,2626362.0
801180.SI,20231124,2491.85,2596316.0
801180.SI,20231127,2444.83,2418984.0
801180.SI,20231128,2418.82,1701681.0
801180.SI,20231129,2358.55,1648644.0
801180.SI,20231130,2354.78,1375480.0
801180.SI,20231201,2370.09,1453240.0
801180.SI,20231204,2340.92,1406383.0
801180.SI,20231205,2290.16,1346365.0
801180.SI,20231206,2316.81,1283120.0
801180.SI,20231207,2325.07,1468589.0
801180.SI,20231208,2282.47,1523083.0
801180.SI,20231211,2269.9,1380699.0
801180.SI,20231212,2340.09,1903516.0
801180.SI,20231213,2291.33,1599814.0
801180.SI,20231214,2282.9,1232241.0
801180.SI,20231215,2307.2,1731027.0
801180.SI,20231218,2280.61,1628340.0
801180.SI,20231219,2251.7,1252140.0
801180.SI,20231220,2217.21,1137822.0
801180.SI,20231221,2240.83,1369407.0
801180.SI,20231222,2211.76,1239233.0
801180.SI,20231225,2187.69,888930.0
801180.SI,20231226,2153.13,891117.0
801180.SI,20231227,2158.58,895905.0
801180.SI,20231228,2214.14,1160038.0
801180.SI,20231229,2204.67,1026251.0
801180.SI,20240102,2162.04,1155454.0
801180.SI,20240103,2173.05,1139153.0
801180.SI,20240104,2143.25,1030829.0
801180.SI,20240105,2140.34,1159049.0
801180.SI,20240108,2102.48,1173567.0
801180.SI,20240109,2114.89,965677.0
801180.SI,20240110,2107.21,861498.0
801180.SI,20240111,2124.45,1005227.0
801180.SI,20240112,2116.98,984843.0
801180.SI,20240115,2125.66,993944.0
801180.SI,20240116,2103.95,1063167.0
801180.SI,20240117,2046.69,892345.0
801180.SI,20240118,2043.97,1120657.0
801180.SI,20240119,2041.46,778820.0
801180.SI,20240122,1948.4,1113355.0
801180.SI,20240123,1976.37,998969.0
801180.SI,20240124,2047.5,1430745.0
801180.SI,20240125,2157.8,1978114.0
801180.SI,20240126,2224.72,2691567.0
801180.SI,20240129,2183.82,2598564.0
801180.SI,20240130,2107.26,1903824.0
801180.SI,20240131,2027.04,1833129.0
801180.SI,20240201,1978.39,1610376.0
801180.SI,20240202,1968.46,1886908.0
801180.SI,20240205,1855.64,1667644.0
801180.SI,20240206,1894.63,1737196.0
801180.SI,20240207,1893.05,1766652.0
801180.SI,20240208,1988.23,1861399.0
801180.SI,20240219,1997.25,1798491.0
801180.SI,20240220,2014.9,1492135.0
801180.SI,20240221,2057.72,2012503.0
801180.SI,20240222,2060.28,1404875.0
801180.SI,20240223,2077.64,1358940.0
801180.SI,20240226,2060.75,1440613.0
801180.SI,20240227,2099.97,1430037.0
801180.SI,20240228,2034.18,1980747.0
801180.SI,20240229,2073.17,1387524.0
801180.SI,20240301,2062.76,1343549.0
801180.SI,20240304,2011.08,1712808.0
801180.SI,20240305,2006.92,1599782.0
801180.SI,20240306,1992.5,1217966.0
801180.SI,20240307,1976.23,1264896.0
801180.SI,20240308,1969.45,1114074.0
801180.SI,20240311,2018.72,1367239.0
801180.SI,20240312,2097.64,2292712.0
801180.SI,20240313,2048.53,1567205.0
801180.SI,20240314,2060.46,1438179.0
801180.SI,20240315,2057.55,1195950.0
801180.SI,20240318,2057.71,1251308.0
801180.SI,20240319,2041.34,1208592.0
801180.SI,20240320,2046.3,1130214.0
801180.SI,20240321,2058.44,1347820.0
801180.SI,20240322,2030.17,1346673.0
801180.SI,20240325,2043.05,1710676.0
801180.SI,20240326,2071.82,1643625.0
801180.SI,20240327,2011.08,1470680.0
801180.SI,20240328,2018.69,1295079.0
801180.SI,20240329,1994.8,1203682.0
801180.SI,20240401,2015.73,1272336.0
801180.SI,20240402,1992.68,1656943.0
801180.SI,20240403,1965.83,1148312.0
801180.SI,20240408,1927.42,1127555.0
801180.SI,20240409,1940.54,963076.0
801180.SI,20240410,1876.21,1206094.0
801180.SI,20240411,1870.86,887824.0
801180.SI,20240412,1825.59,959101.0
801180.SI,20240415,1806.5,1173483.0
801180.SI,20240416,1759.85,1183143.0
801180.SI,20240417,1808.45,1125434.0
801180.SI,20240418,1794.53,1033671.0
801180.SI,20240419,1773.25,888557.0
801180.SI,20240422,1761.32,934244.0
801180.SI,20240423,1750.21,760080.0
801180.SI,20240424,1746.84,778372.0
801180.SI,20240425,1756.52,866341.0
801180.SI,20240426,1828.17,1625951.0
801180.SI,20240429,1946.65,2529199.0
801180.SI,20240430,1909.74,2431074.0
801180.SI,20240506,1920.29,2425733.0
801180.SI,20240507,1950.11,2187042.0
801180.SI,20240508,1892.62,1459744.0
801180.SI,20240509,1923.62,1741609.0
801180.SI,20240510,1993.38,2738988.0
801180.SI,20240513,1968.03,1937232.0
801180.SI,20240514,1977.13,1665887.0
801180.SI,20240515,2017.19,2620936.0
801180.SI,20240516,2091.3,3466129.0
801180.SI,20240517,2245.52,5426421.0
801180.SI,20240520,2213.32,5077803.0
801180.SI,20240521,2214.21,3508602.0
801180.SI,20240522,2243.64,4840003.0
801180.SI,20240523,2203.49,3776942.0
801180.SI,20240524,2127.32,2631325.0
801180.SI,20240527,2124.81,2263178.0
801180.SI,20240528,2068.69,2640705.0
801180.SI,20240529,2076.17,2162212.0
801180.SI,20240530,2027.7,2006419.0
801180.SI,20240531,2026.98,1677904.0
801180.SI,20240603,1994.4,1648179.0
801180.SI,20240604,2029.18,2046911.0
801180.SI,20240605,1976.34,1455579.0
801180.SI,20240606,1942.31,1552785.0
801180.SI,20240607,1983.33,1691023.0
801180.SI,20240611,1960.39,1500507.0
801180.SI,20240612,1955.26,1209846.0
801180.SI,20240613,1922.04,1503479.0
801180.SI,20240614,1954.1,1718258.0
801180.SI,20240617,1918.54,1382574.0
801180.SI,20240618,1910.67,1106356.0
801180.SI,20240619,1895.82,1086620.0
801180.SI,20240620,1840.71,1232191.0
801180.SI,20240621,1841.47,887934.0
801180.SI,20240624,1781.55,1112402.0
801180.SI,20240625,1804.66,1324792.0
801180.SI,20240626,1811.62,1016293.0
801180.SI,20240627,1774.57,1154828.0
801180.SI,20240628,1753.96,1163500.0
801180.SI,20240701,1836.58,1603998.0
801180.SI,20240702,1821.05,1474339.0
801180.SI,20240703,1840.66,1400610.0
801180.SI,20240704,1777.57,1135419.0
801180.SI,20240705,1768.22,869564.0
801180.SI,20240708,1715.58,946595.0
801180.SI,20240709,1727.75,996188.0
801180.SI,20240710,1702.91,922772.0
801180.SI,20240711,1743.32,998996.0
801180.SI,20240712,1787.87,1616009.0
801180.SI,20240715,1759.71,932123.0
801180.SI,20240716,1769.71,898795.0
801180.SI,20240717,1796.42,1334203.0
801180.SI,20240718,1808.18,1118930.0
801180.SI,20240719,1774.97,1116872.0
801180.SI,20240722,1765.46,858191.0
801180.SI,20240723,1737.15,861096.0
801180.SI,20240724,1692.18,903754.0
801180.SI,20240725,1705.96,698260.0
801180.SI,20240726,1727.17,701966.0
801180.SI,20240729,1704.14,807213.0
801180.SI,20240730,1727.97,1109016.0
801180.SI,20240731,1793.73,1445897.0
801180.SI,20240801,1761.72,1199792.0
801180.SI,20240802,1749.94,1085038.0
801180.SI,20240805,1730.59,1261706.0
801180.SI,20240806,1772.92,1190215.0
801180.SI,20240807,1754.26,898951.0
801180.SI,20240808,1777.77,1468604.0
801180.SI,20240809,1806.99,1997236.0
801180.SI,20240812,1749.37,1354099.0
801180.SI,20240813,1745.38,835282.0
801180.SI,20240814,1730.71,627053.0
801180.SI,20240815,1759.33,1081855.0
801180.SI,20240816,1736.31,928129.0
801180.SI,20240819,1729.44,822310.0
801180.SI,20240820,1699.58,746138.0
801180.SI,20240821,1692.2,716365.0
801180.SI,20240822,1682.67,819335.0
801180.SI,20240823,1670.65,703762.0
801180.SI,20240826,1691.52,715551.0
801180.SI,20240827,1640.46,710844.0
801180.SI,20240828,1627.84,548636.0
801180.SI,20240829,1633.91,546138.0
801180.SI,20240830,1713.17,1729039.0
801180.SI,20240902,1667.01,1149385.0
801180.SI,20240903,1686.17,971018.0
801180.SI,20240904,1666.29,996219.0
801180.SI,20240905,1699.28,1016483.0
801180.SI,20240906,1672.36,767002.0
801180.SI,20240909,1663.66,637543.0
801180.SI,20240910,1646.31,732620.0
801180.SI,20240911,1649.74,636229.0
801180.SI,20240912,1651.35,668868.0
801180.SI,20240913,1664.0,882985.0
801180.SI,20240918,1703.23,1294637.0
801180.SI,20240919,1750.38,2037722.0
801180.SI,20240920,1778.14,2009246.0
801180.SI,20240923,1778.76,1470133.0
801180.SI,20240924,1819.65,2408987.0
801180.SI,20240925,1851.19,2964008.0
801180.SI,20240926,2000.75,3798437.0
801180.SI,20240927,2136.34,4106101.0
801180.SI,20240930,2333.64,5821741.0
801180.SI,20241008,2387.25,8580257.0
801180.SI,20241009,2173.12,4490985.0
801180.SI,20241010,2143.65,3815493.0
801180.SI,20241011,2139.74,2966417.0
801180.SI,20241014,2222.2,3562316.0
801180.SI,20241015,2189.92,3128453.0
801180.SI,20241016,2310.35,4622426.0
801180.SI,20241017,2166.41,4332232.0
801180.SI,20241018,2203.07,3583437.0
801180.SI,20241021,2211.66,3339185.0
801180.SI,20241022,2233.36,2599715.0
801180.SI,20241023,2237.08,2676748.0
801180.SI,20241024,2230.68,2261104.0
801180.SI,20241025,2268.6,2775679.0
801180.SI,20241028,2347.18,3432942.0
801180.SI,20241029,2296.91,3478967.0
801180.SI,20241030,2329.99,3573385.0
801180.SI,20241031,2404.97,4716416.0
801180.SI,20241101,2404.94,5231893.0
801180.SI,20241104,2403.88,4048313.0
801180.SI,20241105,2504.48,4678000.0
801180.SI,20241106,2557.46,5758288.0
801180.SI,20241107,2656.47,5637020.0
801180.SI,20241108,2569.08,5960052.0
801180.SI,20241111,2542.13,4362830.0
801180.SI,20241112,2522.68,3925648.0
801180.SI,20241113,2500.0,3469582.0
801180.SI,20241114,2418.34,3527467.0
801180.SI,20241115,2340.04,2800868.0
801180.SI,20241118,2359.98,3190204.0
801180.SI,20241119,2370.63,2860705.0
801180.SI,20241120,2387.96,2388588.0
801180.SI,20241121,2381.41,2226376.0
801180.SI,20241122,2320.59,2857530.0
801180.SI,20241125,2313.73,2305404.0
801180.SI,20241126,2318.77,2053730.0
801180.SI,20241127,2351.16,2161393.0
801180.SI,20241128,2379.16,2811605.0
801180.SI,20241129,2391.95,2780992.0
801180.SI,20241202,2451.0,3182074.0
801180.SI,20241203,2475.65,3476883.0
801180.SI,20241204,2422.54,3084736.0
801180.SI,20241205,2436.97,2382322.0
801180.SI,20241206,2470.44,3290168.0
801180.SI,20241209,2398.14,3129093.0
801180.SI,20241210,2420.42,4153474.0
801180.SI,20241211,2475.68,3474717.0
801180.SI,20241212,2506.48,3630340.0
801180.SI,20241213,2424.66,3730052.0
801180.SI,20241216,2397.55,2821233.0
801180.SI,20241217,2331.98,2680404.0
801180.SI,20241218,2331.01,2055788.0
801180.SI,20241219,2305.09,2121414.0
801180.SI,20241220,2307.55,1977314.0
801180.SI,20241223,2226.42,2085541.0
801180.SI,20241224,2235.21,1647725.0
801180.SI,20241225,2202.37,1711910.0
801180.SI,20241226,2201.56,1331346.0
801180.SI,20241227,2225.78,1583205.0
801180.SI,20241230,2192.88,1513894.0
801180.SI,20241231,2157.29,1567799.0
801180.SI,20250102,2120.94,1934312.0
801180.SI,20250103,2055.39,1730765.0
801180.SI,20250106,2041.27,1356416.0
801180.SI,20250107,2063.62,1178186.0
801180.SI,20250108,2054.54,1356560.0
801180.SI,20250109,2055.64,1256048.0
801180.SI,20250110,1999.59,1366305.0
801180.SI,20250113,2021.92,1174112.0
801180.SI,20250114,2080.18,1532229.0
801180.SI,20250115,2071.97,1296481.0
801180.SI,20250116,2076.59,1371042.0
801180.SI,20250117,2077.32,1676540.0
801180.SI,20250120,2086.22,1649354.0
801180.SI,20250121,2107.34,2474999.0
801180.SI,20250122,2035.22,1742168.0
801180.SI,20250123,2053.59,1881716.0
801180.SI,20250124,2050.53,1381155.0
801180.SI,20250127,2025.21,1269238.0
801180.SI,20250205,2013.39,1326324.0
801180.SI,20250206,2032.37,1457882.0
801180.SI,20250207,2078.91,1977511.0
801180.SI,20250210,2110.21,1700570.0
801180.SI,20250211,2074.94,1455081.0
801180.SI,20250212,2139.32,2122833.0
801180.SI,20250213,2151.42,2855154.0
801180.SI,20250214,2120.95,1939683.0
801180.SI,20250217,2136.54,2023386.0
801180.SI,20250218,2077.96,1746217.0
801180.SI,20250219,2100.39,1426215.0
801180.SI,20250220,2088.55,1507046.0
801180.SI,20250221,2087.51,1778273.0
801180.SI,20250224,2122.09,2301010.0
801180.SI,20250225,2108.41,1896862.0
801180.SI,20250226,2154.89,2269310.0
801180.SI,20250227,2165.52,2311160.0
801180.SI,20250228,2133.95,2350157.0
801180.SI,20250303,2144.27,2137870.0
801180.SI,20250304,2138.15,1609857.0
801180.SI,20250305,2106.87,1720231.0
801180.SI,20250306,2155.98,2030544.0
801180.SI,20250307,2114.62,1697468.0
801180.SI,20250310,2110.25,1451662.0
801180.SI,20250311,2112.33,1483560.0
801180.SI,20250312,2102.93,1308827.0
801180.SI,20250313,2082.98,1168943.0
801180.SI,20250314,2124.72,1687723.0
801180.SI,20250317,2145.14,1673088.0
801180.SI,20250318,2136.74,1378578.0
801180.SI,20250319,2123.06,1182534.0
801180.SI,20250320,2121.54,1205995.0
801180.SI,20250321,2099.98,1397066.0
801180.SI,20250324,2062.76,1424767.0
801180.SI,20250325,2066.64,1046864.0
801180.SI,20250326,2081.71,1130703.0
801180.SI,20250327,2077.88,1197359.0
801180.SI,20250328,2068.68,1175958.0
801180.SI,20250331,2031.53,1387453.0
801180.SI,20250401,2036.89,1182251.0
801180.SI,20250402,2029.05,870233.0
801180.SI,20250403,2050.05,1260908.0
801180.SI,20250407,1870.99,1610729.0
801180.SI,20250408,1911.96,1713593.0
801180.SI,20250409,1996.06,2188507.0
801180.SI,20250410,2040.02,2231433.0
801180.SI,20250411,2019.99,1611678.0
801180.SI,20250414,2023.97,1368618.0
801180.SI,20250415,2006.61,998326.0
801180.SI,20250416,2010.36,1185923.0
801180.SI,20250417,2057.05,2086892.0
801180.SI,20250418,2088.6,1964146.0
801180.SI,20250421,2078.99,1668518.0
801180.SI,20250422,2096.51,1960643.0
801180.SI,20250423,2067.48,1818786.0
801180.SI,20250424,2073.75,1786204.0
801180.SI,20250425,2061.25,2932981.0
801180.SI,20250428,1985.71,2185045.0
801180.SI,20250429,1987.19,1195769.0
801180.SI,20250430,1998.59,1479123.0
801180.SI,20250506,2021.08,1507011.0
801180.SI,20250507,2042.45,1953655.0
801180.SI,20250508,2039.74,1447792.0
801180.SI,20250509,2006.78,1338000.0
801180.SI,20250512,2019.97,1111412.0
801180.SI,20250513,2014.36,1086292.0
801180.SI,20250514,2025.25,1227815.0
801180.SI,20250515,2001.7,1073578.0
801180.SI,20250516,2000.54,979524.0
801180.SI,20250519,2035.57,1453697.0
801180.SI,20250520,2033.24,1368161.0
801180.SI,20250521,2022.52,1158564.0
801180.SI,20250522,1994.41,1243735.0
801180.SI,20250523,1971.22,1098603.0
801180.SI,20250526,1975.29,927508.0
801180.SI,20250527,1987.64,972569.0
801180.SI,20250528,1974.18,866192.0
801180.SI,20250529,1993.04,1005066.0
801180.SI,20250530,1989.86,1112394.0
801180.SI,20250603,1983.77,1129546.0
801180.SI,20250604,2003.49,1200302.0
801180.SI,20250605,2004.34,1139383.0
801180.SI,20250606,2006.95,1043058.0
801180.SI,20250609,2008.13,1084906.0
801180.SI,20250610,2001.4,1445064.0
801180.SI,20250611,2013.73,1249393.0
801180.SI,20250612,2002.62,1091908.0
801180.SI,20250613,1971.62,1319729.0
801180.SI,20250616,2008.08,1474567.0
801180.SI,20250617,2002.21,995458.0
801180.SI,20250618,1975.24,1004507.0
801180.SI,20250619,1939.73,1008073.0
801180.SI,20250620,1938.26,831627.0
801180.SI,20250623,1949.48,834623.0
801180.SI,20250624,1973.65,974576.0
801180.SI,20250625,2001.28,1249488.0
801180.SI,20250626,1992.63,1164245.0
801180.SI,20250627,1997.82,1181695.0
801180.SI,20250630,2008.35,1079709.0
801180.SI,20250701,2001.37,1173699.0
801180.SI,20250702,2012.38,1209982.0
801180.SI,20250703,2012.16,1060414.0
801180.SI,20250704,2003.54,1150187.0
801180.SI,20250707,2037.17,1595429.0
801180.SI,20250708,2057.08,1536161.0
801180.SI,20250709,2056.89,1530908.0
801180.SI,20250710,2122.6,2720549.0
801180.SI,20250711,2126.08,2590801.0
801180.SI,20250714,2098.56,2176839.0
801180.SI,20250715,2078.0,2495040.0
801180.SI,20250716,2071.98,1844002.0
801180.SI,20250717,2070.11,1542225.0
801180.SI,20250718,2080.0,1516959.0
801180.SI,20250721,2098.62,1732504.0
801180.SI,20250722,2121.43,2051683.0
801180.SI,20250723,2110.68,2426570.0
801180.SI,20250724,2151.03,2265258.0
801180.SI,20250725,2164.62,2360600.0
801180.SI,20250728,2171.75,2086775.0
801180.SI,20250729,2179.09,2137362.0
801180.SI,20250730,2161.72,2362849.0
801180.SI,20250731,2093.78,2511991.0
801180.SI,20250801,2090.3,1550072.0
801180.SI,20250804,2092.0,1204067.0
801180.SI,20250805,2115.95,1669003.0
801180.SI,20250806,2118.54,1588542.0
801180.SI,20250807,2135.92,1783035.0
801180.SI,20250808,2135.43,1705448.0
801180.SI,20250811,2161.81,2034937.0
801180.SI,20250812,2176.82,2255367.0
801180.SI,20250813,2185.61,2271207.0
801180.SI,20250814,2173.7,2726512.0
801180.SI,20250815,2219.49,2787483.0
801180.SI,20250818,2209.2,3219514.0
801180.SI,20250819,2223.95,3204456.0
801180.SI,20250820,2227.49,2687381.0
801180.SI,20250821,2221.01,2241377.0
801180.SI,20250822,2230.67,2146094.0
801180.SI,20250825,2304.7,4424060.0
801180.SI,20250826,2296.32,3515449.0
801180.SI,20250827,2215.8,3403249.0
801180.SI,20250828,2241.04,2644050.0
801180.SI,20250829,2229.34,3333195.0
801180.SI,20250901,2246.31,2812615.0
801180.SI,20250902,2230.06,3048747.0
801180.SI,20250903,2201.1,2770780.0
801180.SI,20250904,2176.61,2449926.0
801180.SI,20250905,2196.34,2342217.0
801180.SI,20250908,2216.57,2705434.0
801180.SI,20250909,2252.96,3208918.0
801180.SI,20250910,2264.65,2722061.0
801180.SI,20250911,2293.18,2979986.0
801180.SI,20250912,2327.74,3850909.0
801180.SI,20250915,2339.14,3697648.0
801180.SI,20250916,2370.16,3670328.0
801180.SI,20250917,2388.0,3822332.0
801180.SI,20250918,2335.82,4535267.0
801180.SI,20250919,2344.38,3966614.0
801180.SI,20250922,2348.72,3518322.0
801180.SI,20250923,2303.68,3770630.0
801180.SI,20250924,2355.53,3408294.0
801180.SI,20250925,2336.07,3634899.0
801180.SI,20250926,2340.73,3443396.0
801180.SI,20250929,2360.97,3135190.0
801180.SI,20250930,2411.09,3496802.0
801180.SI,20251009,2377.64,3889566.0
801180.SI,20251010,2391.36,3431222.0
801180.SI,20251013,2384.55,3028821.0
801180.SI,20251014,2379.66,3734180.0
801180.SI,20251015,2382.33,2576588.0
801180.SI,20251016,2363.76,2419872.0
801180.SI,20251017,2335.28,2843594.0
801180.SI,20251020,2348.03,2630270.0
801180.SI,20251021,2400.88,2950734.0
801180.SI,20251022,2418.99,3633208.0
801180.SI,20251023,2394.93,3382460.0
801180.SI,20251024,2370.55,2853691.0
801180.SI,20251027,2367.92,2674321.0
801180.SI,20251028,2362.47,2648492.0
801180.SI,20251029,2375.56,2968223.0
801180.SI,20251030,2342.43,2827817.0
801180.SI,20251031,2353.92,2975373.0
801180.SI,20251103,2354.15,2707747.0
801180.SI,20251104,2347.24,2594512.0
801180.SI,20251105,2360.72,2579626.0
801180.SI,20251106,2354.74,2544361.0
801180.SI,20251107,2348.63,2457740.0
801180.SI,20251110,2373.51,2743090.0
801180.SI,20251111,2392.69,2993164.0
801180.SI,20251112,2378.37,2618449.0
801180.SI,20251113,2402.59,2854749.0
801180.SI,20251114,2412.05,3139186.0
801180.SI,20251117,2436.17,2892916.0
801180.SI,20251118,2390.48,3958918.0
801180.SI,20251119,2340.46,3387173.0
801180.SI,20251120,2348.16,3482299.0
801180.SI,20251121,2271.52,3016838.0
801180.SI,20251124,2277.41,2570126.0
801180.SI,20251125,2300.72,2552616.0
801180.SI,20251126,2293.3,2825967.0
801180.SI,20251127,2278.78,2846246.0
801180.SI,20251128,2287.77,2804052.0
801180.SI,20251201,2286.44,2761756.0
801180.SI,20251202,2288.11,2543515.0
801180.SI,20251203,2253.03,2513398.0
801180.SI,20251204,2235.14,2273544.0
801180.SI,20251205,2238.52,2255080.0
801180.SI,20251208,2249.53,2427773.0
801180.SI,20251209,2202.29,2324486.0
801180.SI,20251210,2258.02,3176265.0
801180.SI,20251211,2189.0,2789790.0
801180.SI,20251212,2179.87,2326684.0
801180.SI,20251215,2159.88,1820101.0
801180.SI,20251216,2137.66,2103399.0
801180.SI,20251217,2139.53,1728780.0
801180.SI,20251218,2128.09,1681129.0
801180.SI,20251219,2170.86,2066304.0
801180.SI,20251222,2189.96,2178537.0
801180.SI,20251223,2172.07,2120954.0
801180.SI,20251224,2186.66,1796524.0
801180.SI,20251225,2203.49,2331493.0
801180.SI,20251226,2212.34,2390506.0
801180.SI,20251229,2199.34,2538076.0
801180.SI,20251230,2172.51,2313750.0
801180.SI,20251231,2197.09,2528185.0
801200.SI,20221010,2527.58,980040.0
801200.SI,20221011,2522.26,749656.0
801200.SI,20221012,2538.84,924492.0
801200.SI,20221013,2537.51,804706.0
801200.SI,20221014,2603.89,1021186.0
801200.SI,20221017,2633.1,912309.0
801200.SI,20221018,2641.36,872926.0
801200.SI,20221019,2587.36,876678.0
801200.SI,20221020,2579.93,1008128.0
801200.SI,20221021,2558.74,963404.0
801200.SI,20221024,2472.88,1278993.0
801200.SI,20221025,2479.53,965992.0
801200.SI,20221026,2524.47,1076082.0
801200.SI,20221027,2515.58,986760.0
801200.SI,20221028,2457.01,1009835.0
801200.SI,20221031,2421.47,1042136.0
801200.SI,20221101,2540.62,1270022.0
801200.SI,20221102,2590.85,1628794.0
801200.SI,20221103,2603.99,1264739.0
801200.SI,20221104,2706.4,1658844.0
801200.SI,20221107,2691.11,1399095.0
801200.SI,20221108,2688.56,994279.0
801200.SI,20221109,2678.95,841182.0
801200.SI,20221110,2699.41,1118232.0
801200.SI,20221111,2727.71,2040783.0
801200.SI,20221114,2676.92,1412917.0
801200.SI,20221115,2703.7,1160437.0
801200.SI,20221116,2740.09,1292315.0
801200.SI,20221117,2744.76,1084859.0
801200.SI,20221118,2729.63,1257127.0
801200.SI,20221121,2686.89,1144656.0
801200.SI,20221122,2673.68,1092916.0
801200.SI,20221123,2649.81,951671.0
801200.SI,20221124,2641.72,797664.0
801200.SI,20221125,2630.35,1017669.0
801200.SI,20221128,2645.46,1319998.0
801200.SI,20221129,2744.35,1765765.0
801200.SI,20221130,2767.4,1616590.0
801200.SI,20221201,2826.17,2108150.0
801200.SI,20221202,2795.22,1703840.0
801200.SI,20221205,2840.23,1868154.0
801200.SI,20221206,2908.47,2320444.0
801200.SI,20221207,2952.62,2799269.0
801200.SI,20221208,2974.25,3077897.0
801200.SI,20221209,2946.08,2657645.0
801200.SI,20221212,2924.07,2091147.0
801200.SI,20221213,2923.52,2092118.0
801200.SI,20221214,2973.43,2506729.0
801200.SI,20221215,2956.6,2288497.0
801200.SI,20221216,2943.51,1885790.0
801200.SI,20221219,2869.31,1782424.0
801200.SI,20221220,2824.73,1754468.0
801200.SI,20221221,2852.69,1835398.0
801200.SI,20221222,2875.67,2039678.0
801200.SI,20221223,2854.51,1679753.0
801200.SI,20221226,2839.85,1733247.0
801200.SI,20221227,2856.81,1951498.0
801200.SI,20221228,2839.71,1887431.0
801200.SI,20221229,2834.53,2013136.0
801200.SI,20221230,2866.74,2417497.0
801200.SI,20230103,2851.84,2543666.0
801200.SI,20230104,2863.16,2095457.0
801200.SI,20230105,2907.57,2420259.0
801200.SI,20230106,2874.35,1844606.0
801200.SI,20230109,2882.33,1315829.0
801200.SI,20230110,2917.73,1547534.0
801200.SI,20230111,2869.8,1313871.0
801200.SI,20230112,2840.17,1345999.0
801200.SI,20230113,2887.09,1422884.0
801200.SI,20230116,2930.86,1666401.0
801200.SI,20230117,2907.47,1428603.0
801200.SI,20230118,2895.65,1070503.0
801200.SI,20230119,2895.8,1314118.0
801200.SI,20230120,2908.41,1112050.0
801200.SI,20230130,2852.69,1997032.0
801200.SI,20230131,2832.77,1595036.0
801200.SI,20230201,2858.55,1678577.0
801200.SI,20230202,2884.83,1699781.0
801200.SI,20230203,2857.9,1577125.0
801200.SI,20230206,2823.59,1384911.0
801200.SI,20230207,2830.42,1383364.0
801200.SI,20230208,2803.37,1214887.0
801200.SI,20230209,2829.01,1201806.0
801200.SI,20230210,2824.93,1244993.0
801200.SI,20230213,2858.05,1475371.0
801200.SI,20230214,2821.23,1299011.0
801200.SI,20230215,2791.49,1250185.0
801200.SI,20230216,2777.71,1681509.0
801200.SI,20230217,2752.21,1163398.0
801200.SI,20230220,2811.97,1260078.0
801200.SI,20230221,2803.53,1225536.0
801200.SI,20230222,2778.78,986301.0
801200.SI,20230223,2775.29,1007848.0
801200.SI,20230224,2761.15,912529.0
801200.SI,20230227,2744.15,877966.0
801200.SI,20230228,2761.72,919735.0
801200.SI,20230301,2762.03,1024782.0
801200.SI,20230302,2746.05,956042.0
801200.SI,20230303,2763.93,1129721.0
801200.SI,20230306,2744.07,1535779.0
801200.SI,20230307,2695.2,1396487.0
801200.SI,20230308,2705.4,994223.0
801200.SI,20230309,2676.56,1100474.0
801200.SI,20230310,2637.78,990205.0
801200.SI,20230313,2668.69,1108764.0
801200.SI,20230314,2651.32,1137623.0
801200.SI,20230315,2642.45,943234.0
801200.SI,20230316,2636.32,1040706.0
801200.SI,20230317,2655.46,1253380.0
801200.SI,20230320,2640.76,1393167.0
801200.SI,20230321,2712.32,1778570.0
801200.SI,20230322,2710.55,1811257.0
801200.SI,20230323,2698.93,1669439.0
801200.SI,20230324,2721.71,1688963.0
801200.SI,20230327,2715.3,1702201.0
801200.SI,20230328,2700.08,1598448.0
801200.SI,20230329,2691.51,1340574.0
801200.SI,20230330,2713.53,1452289.0
801200.SI,20230331,2720.36,1590476.0
801200.SI,20230403,2724.29,1729825.0
801200.SI,20230404,2675.24,1760916.0
801200.SI,20230406,2650.39,1356760.0
801200.SI,20230407,2679.52,1256072.0
801200.SI,20230410,2633.12,1295797.0
801200.SI,20230411,2631.97,1293877.0
801200.SI,20230412,2642.06,1519718.0
801200.SI,20230413,2676.17,1885685.0
801200.SI,20230414,2640.36,1826527.0
801200.SI,20230417,2666.06,1826005.0
801200.SI,20230418,2662.38,1410086.0
801200.SI,20230419,2642.94,1590412.0
801200.SI,20230420,2600.69,1665845.0
801200.SI,20230421,2536.75,1502695.0
801200.SI,20230424,2532.06,1426519.0
801200.SI,20230425,2500.7,1676189.0
801200.SI,20230426,2519.14,1721581.0
801200.SI,20230427,2505.34,1724003.0
801200.SI,20230428,2555.16,2039384.0
801200.SI,20230504,2535.82,2442645.0
801200.SI,20230505,2539.54,2026347.0
801200.SI,20230508,2514.74,2076959.0
801200.SI,20230509,2507.01,2295832.0
801200.SI,20230510,2484.89,2217838.0
801200.SI,20230511,2482.55,2043229.0
801200.SI,20230512,2451.95,1995625.0
801200.SI,20230515,2455.6,1966865.0
801200.SI,20230516,2401.6,1658966.0
801200.SI,20230517,2412.29,1408427.0
801200.SI,20230518,2409.29,1800854.0
801200.SI,20230519,2388.21,1493347.0
801200.SI,20230522,2395.99,1354394.0
801200.SI,20230523,2370.23,1402335.0
801200.SI,20230524,2339.14,1263973.0
801200.SI,20230525,2306.73,1311025.0
801200.SI,20230526,2314.25,1139027.0
801200.SI,20230529,2271.72,1317936.0
801200.SI,20230530,2278.06,1243558.0
801200.SI,20230531,2257.13,1506829.0
801200.SI,20230601,2260.71,1528886.0
801200.SI,20230602,2302.67,1841558.0
801200.SI,20230605,2305.31,1663947.0
801200.SI,20230606,2278.3,1716085.0
801200.SI,20230607,2299.41,1600668.0
801200.SI,20230608,2291.02,1488044.0
801200.SI,20230609,2288.64,1548057.0
801200.SI,20230612,2309.72,1575497.0
801200.SI,20230613,2316.5,1403916.0
801200.SI,20230614,2346.26,1879999.0
801200.SI,20230615,2381.06,2104396.0
801200.SI,20230616,2374.41,1664048.0
801200.SI,20230619,2324.12,1612001.0
801200.SI,20230620,2294.34,1469685.0
801200.SI,20230621,2253.53,1476933.0
801200.SI,20230626,2188.72,1262064.0
801200.SI,20230627,2215.33,1146183.0
801200.SI,20230628,2198.85,963054.0
801200.SI,20230629,2176.78,1129635.0
801200.SI,20230630,2194.91,1010411.0
801200.SI,20230703,2234.92,1292778.0
801200.SI,20230704,2234.39,966519.0
801200.SI,20230705,2216.74,985776.0
801200.SI,20230706,2203.61,882802.0
801200.SI,20230707,2201.92,920892.0
801200.SI,20230710,2251.29,1434096.0
801200.SI,20230711,2250.26,1003335.0
801200.SI,20230712,2231.24,1137715.0
801200.SI,20230713,2261.53,1201508.0
801200.SI,20230714,2251.39,1073988.0
801200.SI,20230717,2238.54,855626.0
801200.SI,20230718,2246.87,965273.0
801200.SI,20230719,2261.64,1222025.0
801200.SI,20230720,2286.56,2008525.0
801200.SI,20230721,2285.07,1913284.0
801200.SI,20230724,2265.94,1710082.0
801200.SI,20230725,2318.02,1993508.0
801200.SI,20230726,2319.84,1675028.0
801200.SI,20230727,2312.77,1761822.0
801200.SI,20230728,2361.41,1963525.0
801200.SI,20230731,2419.13,2729795.0
801200.SI,20230801,2397.5,2392516.0
801200.SI,20230802,2401.63,2055241.0
801200.SI,20230803,2405.51,1902311.0
801200.SI,20230804,2406.01,2082531.0
801200.SI,20230807,2384.49,1429728.0
801200.SI,20230808,2364.92,1106919.0
801200.SI,20230809,2350.18,997381.0
801200.SI,20230810,2347.14,978581.0
801200.SI,20230811,2304.05,998718.0
801200.SI,20230814,2307.76,1046324.0
801200.SI,20230815,2299.82,1415040.0
801200.SI,20230816,2280.8,1154680.0
801200.SI,20230817,2313.45,1175915.0
801200.SI,20230818,2249.15,1362400.0
801200.SI,20230821,2242.94,987644.0
801200.SI,20230822,2236.94,1160918.0
801200.SI,20230823,2195.53,919068.0
801200.SI,20230824,2203.63,930584.0
801200.SI,20230825,2150.05,989688.0
801200.SI,20230828,2176.25,1260394.0
801200.SI,20230829,2224.99,1192371.0
801200.SI,20230830,2211.58,1083642.0
801200.SI,20230831,2175.06,968221.0
801200.SI,20230901,2207.26,1246955.0
801200.SI,20230904,2262.96,1611363.0
801200.SI,20230905,2232.76,1196451.0
801200.SI,20230906,2219.4,1002643.0
801200.SI,20230907,2189.05,1049359.0
801200.SI,20230908,2176.72,887893.0
801200.SI,20230911,2211.32,1092998.0
801200.SI,20230912,2199.77,880941.0
801200.SI,20230913,2182.42,963481.0
801200.SI,20230914,2152.63,989284.0
801200.SI,20230915,2171.51,1009360.0
801200.SI,20230918,2222.09,1426978.0
801200.SI,20230919,2193.29,1099677.0
801200.SI,20230920,2172.47,917107.0
801200.SI,20230921,2133.39,883602.0
801200.SI,20230922,2175.29,1012448.0
801200.SI,20230925,2160.26,1004655.0
801200.SI,20230926,2155.68,869333.0
801200.SI,20230927,2173.0,1201783.0
801200.SI,20230928,2171.66,1185724.0
801200.SI,20231009,2115.82,1272282.0
801200.SI,20231010,2116.38,1138145.0
801200.SI,20231011,2106.01,1027870.0
801200.SI,20231012,2120.42,1012869.0
801200.SI,20231013,2079.99,1224155.0
801200.SI,20231016,2062.13,1015471.0
801200.SI,20231017,2073.83,1026027.0
801200.SI,20231018,2039.11,1064134.0
801200.SI,20231019,2012.78,1060719.0
801200.SI,20231020,2007.98,976321.0
801200.SI,20231023,1964.0,1065103.0
801200.SI,20231024,2001.41,1109443.0
801200.SI,20231025,2018.7,1202587.0
801200.SI,20231026,2012.57,1120919.0
801200.SI,20231027,2058.07,1384792.0
801200.SI,20231030,2069.3,1233924.0
801200.SI,20231031,2060.73,1144612.0
801200.SI,20231101,2071.9,1329921.0
801200.SI,20231102,2051.76,1253902.0
801200.SI,20231103,2057.16,1112846.0
801200.SI,20231106,2093.48,1236181.0
801200.SI,20231107,2095.72,1303301.0
801200.SI,20231108,2101.29,1237327.0
801200.SI,20231109,2082.94,1209933.0
801200.SI,20231110,2072.07,958707.0
801200.SI,20231113,2090.99,1139345.0
801200.SI,20231114,2096.14,1026460.0
801200.SI,20231115,2106.58,1247325.0
801200.SI,20231116,2093.31,1051909.0
801200.SI,20231117,2099.97,1165532.0
801200.SI,20231120,2111.76,1139898.0
801200.SI,20231121,2127.88,1697251.0
801200.SI,20231122,2127.85,1811954.0
801200.SI,20231123,2136.26,1613915.0
801200.SI,20231124,2116.88,1583695.0
801200.SI,20231127,2088.83,1412205.0
801200.SI,20231128,2102.49,1214982.0
801200.SI,20231129,2094.18,1299998.0
801200.SI,20231130,2102.58,1487429.0
801200.SI,20231201,2119.85,1913779.0
801200.SI,20231204,2109.84,1715154.0
801200.SI,20231205,2075.69,1659977.0
801200.SI,20231206,2085.6,1779425.0
801200.SI,20231207,2074.27,1631101.0
801200.SI,20231208,2041.74,1629666.0
801200.SI,20231211,2061.25,1563826.0
801200.SI,20231212,2080.34,1489895.0
801200.SI,20231213,2047.5,1600032.0
801200.SI,20231214,2054.03,1479945.0
801200.SI,20231215,2058.92,1604211.0
801200.SI,20231218,2018.12,1498234.0
801200.SI,20231219,2006.67,1189688.0
801200.SI,20231220,1973.36,1110723.0
801200.SI,20231221,2000.8,1508858.0
801200.SI,20231222,1962.9,1467284.0
801200.SI,20231225,1948.77,992721.0
801200.SI,20231226,1924.04,882831.0
801200.SI,20231227,1922.66,968622.0
801200.SI,20231228,1966.01,1501175.0
801200.SI,20231229,1969.32,1190157.0
801200.SI,20240102,1957.6,1086292.0
801200.SI,20240103,1963.55,946908.0
801200.SI,20240104,1962.64,958996.0
801200.SI,20240105,1935.03,949398.0
801200.SI,20240108,1907.55,953666.0
801200.SI,20240109,1952.85,1413328.0
801200.SI,20240110,1971.33,1614900.0
801200.SI,20240111,1983.78,1551177.0
801200.SI,20240112,1959.4,1446515.0
801200.SI,20240115,1989.45,1592398.0
801200.SI,20240116,1972.54,1630862.0
801200.SI,20240117,1913.17,1259201.0
801200.SI,20240118,1921.88,1672683.0
801200.SI,20240119,1921.09,1322664.0
801200.SI,20240122,1822.68,1386710.0
801200.SI,20240123,1819.75,1240885.0
801200.SI,20240124,1861.23,1410756.0
801200.SI,20240125,1932.18,1703295.0
801200.SI,20240126,1927.42,1497016.0
801200.SI,20240129,1885.6,1442073.0
801200.SI,20240130,1830.85,1133177.0
801200.SI,20240131,1757.64,1224305.0
801200.SI,20240201,1740.26,1095693.0
801200.SI,20240202,1684.72,1289167.0
801200.SI,20240205,1592.68,1267044.0
801200.SI,20240206,1650.05,1347093.0
801200.SI,20240207,1664.81,1475572.0
801200.SI,20240208,1722.97,1467561.0
801200.SI,20240219,1750.09,1495043.0
801200.SI,20240220,1755.67,1073924.0
801200.SI,20240221,1782.21,1460648.0
801200.SI,20240222,1802.96,1074473.0
801200.SI,20240223,1828.74,1205095.0
801200.SI,20240226,1824.81,1240338.0
801200.SI,20240227,1861.98,1178394.0
801200.SI,20240228,1783.5,1707251.0
801200.SI,20240229,1832.42,1209236.0
801200.SI,20240301,1846.02,1190174.0
801200.SI,20240304,1838.64,1202985.0
801200.SI,20240305,1815.33,1097172.0
801200.SI,20240306,1820.26,955745.0
801200.SI,20240307,1799.84,1175278.0
801200.SI,20240308,1798.88,852484.0
801200.SI,20240311,1842.36,1046774.0
801200.SI,20240312,1869.17,1221669.0
801200.SI,20240313,1863.22,1051690.0
801200.SI,20240314,1856.48,1056416.0
801200.SI,20240315,1883.79,1066975.0
801200.SI,20240318,1903.41,1149297.0
801200.SI,20240319,1881.99,1066353.0
801200.SI,20240320,1900.6,979620.0
801200.SI,20240321,1899.24,1160586.0
801200.SI,20240322,1876.82,1298842.0
801200.SI,20240325,1842.27,1205079.0
801200.SI,20240326,1843.92,1034467.0
801200.SI,20240327,1797.33,987055.0
801200.SI,20240328,1831.46,1061815.0
801200.SI,20240329,1839.24,908584.0
801200.SI,20240401,1882.43,1113573.0
801200.SI,20240402,1876.47,1129608.0
801200.SI,20240403,1880.4,1279896.0
801200.SI,20240408,1834.94,1379971.0
801200.SI,20240409,1852.46,1142752.0
801200.SI,20240410,1822.59,1353817.0
801200.SI,20240411,1819.74,1188707.0
801200.SI,20240412,1803.13,1266562.0
801200.SI,20240415,1756.89,1491300.0
801200.SI,20240416,1673.84,1187428.0
801200.SI,20240417,1731.95,1206510.0
801200.SI,20240418,1723.44,1090611.0
801200.SI,20240419,1694.81,1168550.0
801200.SI,20240422,1683.4,911535.0
801200.SI,20240423,1677.28,834335.0
801200.SI,20240424,1695.78,815503.0
801200.SI,20240425,1702.11,795389.0
801200.SI,20240426,1734.73,1090378.0
801200.SI,20240429,1783.01,1237493.0
801200.SI,20240430,1776.42,1075516.0
801200.SI,20240506,1799.61,1198390.0
801200.SI,20240507,1797.14,921147.0
801200.SI,20240508,1764.75,979072.0
801200.SI,20240509,1785.55,897664.0
801200.SI,20240510,1778.81,921078.0
801200.SI,20240513,1752.92,873207.0
801200.SI,20240514,1761.49,831265.0
801200.SI,20240515,1757.14,732745.0
801200.SI,20240516,1767.02,1036663.0
801200.SI,20240517,1790.9,1159204.0
801200.SI,20240520,1790.6,1246962.0
801200.SI,20240521,1782.77,1038586.0
801200.SI,20240522,1787.6,912907.0
801200.SI,20240523,1742.83,999686.0
801200.SI,20240524,1719.57,814460.0
801200.SI,20240527,1735.97,1062228.0
801200.SI,20240528,1710.06,1006339.0
801200.SI,20240529,1715.6,833063.0
801200.SI,20240530,1691.14,714323.0
801200.SI,20240531,1694.16,904727.0
801200.SI,20240603,1668.91,1050195.0
801200.SI,20240604,1687.07,1056841.0
801200.SI,20240605,1666.34,1057975.0
801200.SI,20240606,1624.59,1092465.0
801200.SI,20240607,1652.35,949245.0
801200.SI,20240611,1636.84,888500.0
801200.SI,20240612,1649.15,825596.0
801200.SI,20240613,1630.12,803149.0
801200.SI,20240614,1623.56,846476.0
801200.SI,20240617,1604.09,692158.0
801200.SI,20240618,1613.5,691937.0
801200.SI,20240619,1591.84,730373.0
801200.SI,20240620,1548.43,839780.0
801200.SI,20240621,1539.75,610521.0
801200.SI,20240624,1497.13,698061.0
801200.SI,20240625,1498.05,678844.0
801200.SI,20240626,1524.3,752710.0
801200.SI,20240627,1489.15,633665.0
801200.SI,20240628,1485.06,665319.0
801200.SI,20240701,1500.42,646795.0
801200.SI,20240702,1504.5,673756.0
801200.SI,20240703,1556.38,1275112.0
801200.SI,20240704,1501.18,1118153.0
801200.SI,20240705,1521.1,951756.0
801200.SI,20240708,1476.52,822253.0
801200.SI,20240709,1482.03,818083.0
801200.SI,20240710,1463.96,717329.0
801200.SI,20240711,1523.87,997500.0
801200.SI,20240712,1524.9,1004219.0
801200.SI,20240715,1508.26,749903.0
801200.SI,20240716,1512.31,741562.0
801200.SI,20240717,1535.6,1163461.0
801200.SI,20240718,1537.62,914139.0
801200.SI,20240719,1528.42,803918.0
801200.SI,20240722,1516.87,747889.0
801200.SI,20240723,1494.03,755394.0
801200.SI,20240724,1469.83,720493.0
801200.SI,20240725,1480.62,666315.0
801200.SI,20240726,1497.91,585128.0
801200.SI,20240729,1491.55,583348.0
801200.SI,20240730,1504.73,733226.0
801200.SI,20240731,1559.28,1057042.0
801200.SI,20240801,1543.38,786476.0
801200.SI,20240802,1534.12,743216.0
801200.SI,20240805,1525.75,1062381.0
801200.SI,20240806,1557.14,1101724.0
801200.SI,20240807,1550.82,980893.0
801200.SI,20240808,1563.34,1056497.0
801200.SI,20240809,1535.54,1038515.0
801200.SI,20240812,1507.1,744658.0
801200.SI,20240813,1507.52,582630.0
801200.SI,20240814,1496.97,601114.0
801200.SI,20240815,1513.92,769143.0
801200.SI,20240816,1500.47,766091.0
801200.SI,20240819,1511.13,821871.0
801200.SI,20240820,1489.8,834353.0
801200.SI,20240821,1476.42,692968.0
801200.SI,20240822,1453.37,661001.0
801200.SI,20240823,1454.66,623369.0
801200.SI,20240826,1468.21,650193.0
801200.SI,20240827,1450.72,590575.0
801200.SI,20240828,1471.27,861691.0
801200.SI,20240829,1473.38,864247.0
801200.SI,20240830,1502.54,1142497.0
801200.SI,20240902,1474.44,868795.0
801200.SI,20240903,1485.92,680818.0
801200.SI,20240904,1473.71,642413.0
801200.SI,20240905,1496.74,834733.0
801200.SI,20240906,1483.68,986317.0
801200.SI,20240909,1484.9,873832.0
801200.SI,20240910,1481.91,1034949.0
801200.SI,20240911,1462.14,752915.0
801200.SI,20240912,1456.36,709283.0
801200.SI,20240913,1452.7,763938.0
801200.SI,20240918,1442.73,678877.0
801200.SI,20240919,1482.36,993521.0
801200.SI,20240920,1487.68,895641.0
801200.SI,20240923,1483.02,849995.0
801200.SI,20240924,1543.06,1386274.0
801200.SI,20240925,1575.17,1730328.0
801200.SI,20240926,1653.38,2103689.0
801200.SI,20240927,1734.6,2057430.0
801200.SI,20240930,1893.41,3393960.0
801200.SI,20241008,2003.92,5060400.0
801200.SI,20241009,1814.82,3192872.0
801200.SI,20241010,1820.02,2549884.0
801200.SI,20241011,1777.2,2167315.0
801200.SI,20241014,1794.56,2312680.0
801200.SI,20241015,1775.21,2328206.0
801200.SI,20241016,1746.23,1893626.0
801200.SI,20241017,1731.43,1729163.0
801200.SI,20241018,1775.89,2227447.0
801200.SI,20241021,1796.9,2220912.0
801200.SI,20241022,1828.11,2165889.0
801200.SI,20241023,1836.85,2359489.0
801200.SI,20241024,1827.28,1840645.0
801200.SI,20241025,1869.92,2161621.0
801200.SI,20241028,1950.74,2520070.0
801200.SI,20241029,1941.91,3718061.0
801200.SI,20241030,1956.0,3086072.0
801200.SI,20241031,1969.51,3263300.0
801200.SI,20241101,1955.21,3879680.0
801200.SI,20241104,1979.84,2884298.0
801200.SI,20241105,2044.63,3432430.0
801200.SI,20241106,2070.66,3825689.0
801200.SI,20241107,2164.52,4212646.0
801200.SI,20241108,2160.76,4415096.0
801200.SI,20241111,2150.18,3682172.0
801200.SI,20241112,2169.32,3749401.0
801200.SI,20241113,2167.68,3650047.0
801200.SI,20241114,2087.93,3054803.0
801200.SI,20241115,2040.92,2780848.0
801200.SI,20241118,2017.74,2606157.0
801200.SI,20241119,2045.15,2447127.0
801200.SI,20241120,2107.38,2978750.0
801200.SI,20241121,2126.67,2963060.0
801200.SI,20241122,2085.37,3929159.0
801200.SI,20241125,2081.49,2983916.0
801200.SI,20241126,2072.13,2938425.0
801200.SI,20241127,2123.81,3018833.0
801200.SI,20241128,2161.72,3679930.0
801200.SI,20241129,2237.26,4462024.0
801200.SI,20241202,2313.34,4694522.0
801200.SI,20241203,2307.69,5442576.0
801200.SI,20241204,2280.06,5072771.0
801200.SI,20241205,2301.55,4052872.0
801200.SI,20241206,2312.86,4558666.0
801200.SI,20241209,2265.15,3140919.0
801200.SI,20241210,2322.74,4458461.0
801200.SI,20241211,2399.23,5209678.0
801200.SI,20241212,2497.02,6517312.0
801200.SI,20241213,2455.51,7243481.0
801200.SI,20241216,2501.51,6355385.0
801200.SI,20241217,2367.34,4838075.0
801200.SI,20241218,2372.16,4358871.0
801200.SI,20241219,2323.61,4088891.0
801200.SI,20241220,2343.5,3696627.0
801200.SI,20241223,2240.29,4205396.0
801200.SI,20241224,2255.89,3457977.0
801200.SI,20241225,2239.17,3783573.0
801200.SI,20241226,2281.7,3629746.0
801200.SI,20241227,2287.58,4057734.0
801200.SI,20241230,2276.95,3584386.0
801200.SI,20241231,2238.88,4090740.0
801200.SI,20250102,2283.65,5193957.0
801200.SI,20250103,2158.16,5006437.0
801200.SI,20250106,2080.29,3559723.0
801200.SI,20250107,2098.86,2914861.0
801200.SI,20250108,2107.67,3452519.0
801200.SI,20250109,2105.35,3218081.0
801200.SI,20250110,2016.41,2823099.0
801200.SI,20250113,2011.61,2302916.0
801200.SI,20250114,2108.63,3129118.0
801200.SI,20250115,2114.05,3141846.0
801200.SI,20250116,2148.88,3821029.0
801200.SI,20250117,2110.55,3180381.0
801200.SI,20250120,2126.15,2921203.0
801200.SI,20250121,2133.04,2887300.0
801200.SI,20250122,2096.51,2693791.0
801200.SI,20250123,2092.8,2722544.0
801200.SI,20250124,2113.26,2482213.0
801200.SI,20250127,2068.4,2191933.0
801200.SI,20250205,2051.08,2011281.0
801200.SI,20250206,2070.99,2303753.0
801200.SI,20250207,2094.08,2749318.0
801200.SI,20250210,2157.42,3116435.0
801200.SI,20250211,2153.84,2859577.0
801200.SI,20250212,2180.92,2804746.0
801200.SI,20250213,2182.82,3421284.0
801200.SI,20250214,2167.82,3095192.0
801200.SI,20250217,2176.35,3048892.0
801200.SI,20250218,2088.66,2737493.0
801200.SI,20250219,2116.35,2063944.0
801200.SI,20250220,2140.55,2738988.0
801200.SI,20250221,2144.21,3038055.0
801200.SI,20250224,2137.92,2515892.0
801200.SI,20250225,2129.02,2459059.0
801200.SI,20250226,2150.95,2441655.0
801200.SI,20250227,2199.99,3811762.0
801200.SI,20250228,2129.91,3528709.0
801200.SI,20250303,2127.33,2610435.0
801200.SI,20250304,2117.91,2044224.0
801200.SI,20250305,2133.58,2310112.0
801200.SI,20250306,2171.64,3076597.0
801200.SI,20250307,2150.43,2773649.0
801200.SI,20250310,2136.74,2350306.0
801200.SI,20250311,2158.56,2397866.0
801200.SI,20250312,2165.69,2783408.0
801200.SI,20250313,2136.18,2479832.0
801200.SI,20250314,2204.11,3415659.0
801200.SI,20250317,2203.57,3213106.0
801200.SI,20250318,2203.18,2578478.0
801200.SI,20250319,2181.44,1939268.0
801200.SI,20250320,2160.47,1775664.0
801200.SI,20250321,2115.34,1815240.0
801200.SI,20250324,2100.52,1801572.0
801200.SI,20250325,2086.41,1384141.0
801200.SI,20250326,2101.52,1332165.0
801200.SI,20250327,2105.64,1533856.0
801200.SI,20250328,2071.88,1495810.0
801200.SI,20250331,2054.78,1592361.0
801200.SI,20250401,2049.77,1228851.0
801200.SI,20250402,2050.34,1021776.0
801200.SI,20250403,2061.12,1720080.0
801200.SI,20250407,1877.67,2245027.0
801200.SI,20250408,1942.29,2811852.0
801200.SI,20250409,2042.82,4191956.0
801200.SI,20250410,2141.52,4864615.0
801200.SI,20250411,2120.54,4136362.0
801200.SI,20250414,2170.85,4265497.0
801200.SI,20250415,2141.11,3890301.0
801200.SI,20250416,2147.42,3702861.0
801200.SI,20250417,2149.49,3385214.0
801200.SI,20250418,2125.55,3291310.0
801200.SI,20250421,2162.87,3248984.0
801200.SI,20250422,2185.23,3613725.0
801200.SI,20250423,2144.75,3748064.0
801200.SI,20250424,2128.61,3179415.0
801200.SI,20250425,2127.02,2667331.0
801200.SI,20250428,2095.42,2615789.0
801200.SI,20250429,2093.71,2344792.0
801200.SI,20250430,2090.45,2295953.0
801200.SI,20250506,2117.03,2285494.0
801200.SI,20250507,2128.29,2481949.0
801200.SI,20250508,2143.69,2403721.0
801200.SI,20250509,2108.82,2265456.0
801200.SI,20250512,2124.08,2013073.0
801200.SI,20250513,2125.69,2421194.0
801200.SI,20250514,2150.76,2565140.0
801200.SI,20250515,2131.58,2559619.0
801200.SI,20250516,2145.14,2340422.0
801200.SI,20250519,2159.61,2492358.0
801200.SI,20250520,2186.66,2595228.0
801200.SI,20250521,2172.99,2454217.0
801200.SI,20250522,2145.64,2445612.0
801200.SI,20250523,2110.59,2007958.0
801200.SI,20250526,2119.7,1693567.0
801200.SI,20250527,2126.39,1776157.0
801200.SI,20250528,2133.28,2132311.0
801200.SI,20250529,2150.77,2596561.0
801200.SI,20250530,2125.05,2072130.0
801200.SI,20250603,2143.67,1703112.0
801200.SI,20250604,2174.52,2161181.0
801200.SI,20250605,2158.75,2182924.0
801200.SI,20250606,2152.44,1808776.0
801200.SI,20250609,2159.7,2100493.0
801200.SI,20250610,2142.49,2322126.0
801200.SI,20250611,2157.7,2093339.0
801200.SI,20250612,2158.32,2045258.0
801200.SI,20250613,2120.43,2197009.0
801200.SI,20250616,2128.1,1685353.0
801200.SI,20250617,2138.93,1774006.0
801200.SI,20250618,2121.11,1823656.0
801200.SI,20250619,2082.52,1745479.0
801200.SI,20250620,2062.2,1528039.0
801200.SI,20250623,2085.36,1465804.0
801200.SI,20250624,2140.48,1950554.0
801200.SI,20250625,2174.02,2414342.0
801200.SI,20250626,2173.44,2432378.0
801200.SI,20250627,2156.17,2692784.0
801200.SI,20250630,2182.68,2415793.0
801200.SI,20250701,2165.48,2291570.0
801200.SI,20250702,2155.71,1927755.0
801200.SI,20250703,2155.67,1719067.0
801200.SI,20250704,2152.72,1808585.0
801200.SI,20250707,2160.61,1529619.0
801200.SI,20250708,2169.89,1847388.0
801200.SI,20250709,2180.3,2235993.0
801200.SI,20250710,2193.16,2607960.0
801200.SI,20250711,2200.12,2682225.0
801200.SI,20250714,2179.44,1934754.0
801200.SI,20250715,2156.87,1844118.0
801200.SI,20250716,2169.39,1625168.0
801200.SI,20250717,2197.25,2168824.0
801200.SI,20250718,2205.13,1840962.0
801200.SI,20250721,2222.29,1915655.0
801200.SI,20250722,2224.61,2003256.0
801200.SI,20250723,2219.57,2336173.0
801200.SI,20250724,2277.47,2800482.0
801200.SI,20250725,2263.51,2589112.0
801200.SI,20250728,2266.41,2278698.0
801200.SI,20250729,2255.48,2374240.0
801200.SI,20250730,2260.88,2366481.0
801200.SI,20250731,2224.41,2378368.0
801200.SI,20250801,2213.32,1731257.0
801200.SI,20250804,2203.04,1520736.0
801200.SI,20250805,2212.16,1551392.0
801200.SI,20250806,2207.14,1498284.0
801200.SI,20250807,2208.39,1743887.0
801200.SI,20250808,2204.86,1613292.0
801200.SI,20250811,2228.23,2060009.0
801200.SI,20250812,2234.18,2128169.0
801200.SI,20250813,2245.01,2834379.0
801200.SI,20250814,2214.55,2688124.0
801200.SI,20250815,2226.46,2083867.0
801200.SI,20250818,2258.86,2739087.0
801200.SI,20250819,2279.06,2716700.0
801200.SI,20250820,2304.09,2873551.0
801200.SI,20250821,2320.15,3371493.0
801200.SI,20250822,2327.7,2857194.0
801200.SI,20250825,2389.95,4055705.0
801200.SI,20250826,2412.14,3771767.0
801200.SI,20250827,2372.54,4218622.0
801200.SI,20250828,2371.68,3860942.0
801200.SI,20250829,2390.65,3581678.0
801200.SI,20250901,2407.09,3673792.0
801200.SI,20250902,2372.0,3770873.0
801200.SI,20250903,2313.1,3136266.0
801200.SI,20250904,2350.88,4189377.0
801200.SI,20250905,2376.65,4100882.0
801200.SI,20250908,2383.79,3452413.0
801200.SI,20250909,2385.2,3454387.0
801200.SI,20250910,2398.99,3352952.0
801200.SI,20250911,2416.5,3325572.0
801200.SI,20250912,2396.85,3610314.0
801200.SI,20250915,2395.83,2980332.0
801200.SI,20250916,2442.88,3779600.0
801200.SI,20250917,2418.86,3880887.0
801200.SI,20250918,2384.3,4016843.0
801200.SI,20250919,2384.72,3234340.0
801200.SI,20250922,2353.41,2481508.0
801200.SI,20250923,2285.08,2664519.0
801200.SI,20250924,2307.43,1912586.0
801200.SI,20250925,2292.46,2259862.0
801200.SI,20250926,2281.69,1977389.0
801200.SI,20250929,2291.78,2014576.0
801200.SI,20250930,2297.25,1938255.0
801200.SI,20251009,2291.46,2337252.0
801200.SI,20251010,2288.03,2071117.0
801200.SI,20251013,2284.62,2204248.0
801200.SI,20251014,2288.99,2393313.0
801200.SI,20251015,2332.96,2867439.0
801200.SI,20251016,2315.11,2304103.0
801200.SI,20251017,2277.78,2222978.0
801200.SI,20251020,2286.43,1825989.0
801200.SI,20251021,2311.36,2127819.0
801200.SI,20251022,2298.95,1955223.0
801200.SI,20251023,2302.34,2074382.0
801200.SI,20251024,2288.31,2060780.0
801200.SI,20251027,2293.59,1978049.0
801200.SI,20251028,2285.57,2070864.0
801200.SI,20251029,2300.72,2051748.0
801200.SI,20251030,2278.35,2287685.0
801200.SI,20251031,2325.71,2740596.0
801200.SI,20251103,2336.7,2231153.0
801200.SI,20251104,2312.99,2026317.0
801200.SI,20251105,2341.31,2513283.0
801200.SI,20251106,2317.0,2100342.0
801200.SI,20251107,2332.9,2219244.0
801200.SI,20251110,2395.72,3476354.0
801200.SI,20251111,2429.87,3724831.0
801200.SI,20251112,2414.43,3250551.0
801200.SI,20251113,2447.45,3334975.0
801200.SI,20251114,2427.56,3343442.0
801200.SI,20251117,2432.7,2827745.0
801200.SI,20251118,2399.64,3099630.0
801200.SI,20251119,2358.79,2754917.0
801200.SI,20251120,2325.4,2528629.0
801200.SI,20251121,2251.77,2563401.0
801200.SI,20251124,2276.05,2189584.0
801200.SI,20251125,2298.26,2234237.0
801200.SI,20251126,2323.73,2656779.0
801200.SI,20251127,2295.93,2591484.0
801200.SI,20251128,2329.48,2561776.0
801200.SI,20251201,2362.23,3135592.0
801200.SI,20251202,2360.96,2723646.0
801200.SI,20251203,2327.86,2630105.0
801200.SI,20251204,2291.77,2103874.0
801200.SI,20251205,2310.07,1973630.0
801200.SI,20251208,2338.91,2426023.0
801200.SI,20251209,2347.41,3069794.0
801200.SI,20251210,2393.64,3504953.0
801200.SI,20251211,2335.14,4490815.0
801200.SI,20251212,2305.32,3355001.0
801200.SI,20251215,2339.64,3705165.0
801200.SI,20251216,2370.43,4615033.0
801200.SI,20251217,2374.73,5253464.0
801200.SI,20251218,2372.01,4685210.0
801200.SI,20251219,2458.79,6466867.0
801200.SI,20251222,2492.42,5680060.0
801200.SI,20251223,2452.49,5733171.0
801200.SI,20251224,2453.32,4473978.0
801200.SI,20251225,2441.74,4196960.0
801200.SI,20251226,2462.73,4657661.0
801200.SI,20251229,2445.4,4217076.0
801200.SI,20251230,2407.34,3737007.0
801200.SI,20251231,2422.59,3552032.0
801210.SI,20221010,8588.82,525136.0
801210.SI,20221011,8511.14,496824.0
801210.SI,20221012,8632.85,501062.0
801210.SI,20221013,8710.85,511383.0
801210.SI,20221014,8976.58,636036.0
801210.SI,20221017,9153.71,816590.0
801210.SI,20221018,9156.24,974415.0
801210.SI,20221019,9064.01,836839.0
801210.SI,20221020,9160.22,975726.0
801210.SI,20221021,9177.33,895333.0
801210.SI,20221024,8824.61,901240.0
801210.SI,20221025,8859.25,727699.0
801210.SI,20221026,9134.41,884942.0
801210.SI,20221027,9151.33,903511.0
801210.SI,20221028,8939.83,860623.0
801210.SI,20221031,8928.5,777542.0
801210.SI,20221101,9429.81,1095016.0
801210.SI,20221102,9575.35,1594730.0
801210.SI,20221103,9610.87,1138680.0
801210.SI,20221104,9903.58,1460867.0
801210.SI,20221107,9926.87,1301067.0
801210.SI,20221108,9829.79,1189417.0
801210.SI,20221109,9885.82,1048433.0
801210.SI,20221110,10000.45,1269827.0
801210.SI,20221111,10055.08,2191563.0
801210.SI,20221114,9863.65,1538042.0
801210.SI,20221115,9982.0,1356141.0
801210.SI,20221116,10045.51,1649283.0
801210.SI,20221117,10050.42,1241386.0
801210.SI,20221118,10058.34,1629292.0
801210.SI,20221121,9836.8,1310961.0
801210.SI,20221122,9739.45,1174546.0
801210.SI,20221123,9556.43,977891.0
801210.SI,20221124,9481.69,876662.0
801210.SI,20221125,9460.83,809546.0
801210.SI,20221128,9636.76,1132570.0
801210.SI,20221129,10094.9,1748769.0
801210.SI,20221130,10139.93,1666030.0
801210.SI,20221201,10163.77,1921345.0
801210.SI,20221202,10263.88,1511619.0
801210.SI,20221205,10294.94,1453297.0
801210.SI,20221206,10346.82,1542268.0
801210.SI,20221207,10506.21,1729948.0
801210.SI,20221208,10581.32,1757775.0
801210.SI,20221209,10459.55,1527831.0
801210.SI,20221212,10486.49,1312113.0
801210.SI,20221213,10622.76,1572392.0
801210.SI,20221214,10837.94,1716397.0
801210.SI,20221215,10725.57,1537077.0
801210.SI,20221216,10765.34,1612111.0
801210.SI,20221219,10671.77,1777213.0
801210.SI,20221220,10402.07,1410033.0
801210.SI,20221221,10567.04,1289029.0
801210.SI,20221222,10584.9,1844477.0
801210.SI,20221223,10684.05,2065897.0
801210.SI,20221226,10888.68,2120352.0
801210.SI,20221227,10865.7,2249024.0
801210.SI,20221228,10821.68,2194265.0
801210.SI,20221229,10693.06,2119297.0
801210.SI,20221230,10794.71,2098117.0
801210.SI,20230103,10722.73,1635325.0
801210.SI,20230104,10864.79,1718941.0
801210.SI,20230105,10914.58,1767029.0
801210.SI,20230106,10690.64,1589954.0
801210.SI,20230109,10812.51,1463903.0
801210.SI,20230110,10772.88,1388361.0
801210.SI,20230111,10659.4,1415828.0
801210.SI,20230112,10542.89,1252820.0
801210.SI,20230113,10652.52,1177218.0
801210.SI,20230116,10699.06,1323342.0
801210.SI,20230117,10793.25,1459738.0
801210.SI,20230118,10651.55,1157418.0
801210.SI,20230119,10655.77,1052343.0
801210.SI,20230120,10756.79,1052175.0
801210.SI,20230130,10835.8,1542540.0
801210.SI,20230131,10762.46,1342617.0
801210.SI,20230201,10850.41,1380120.0
801210.SI,20230202,10870.81,1287988.0
801210.SI,20230203,10872.96,1005307.0
801210.SI,20230206,10741.67,1071808.0
801210.SI,20230207,10715.0,1107670.0
801210.SI,20230208,10630.99,842046.0
801210.SI,20230209,10850.92,994391.0
801210.SI,20230210,11023.84,1480197.0
801210.SI,20230213,11287.95,1640492.0
801210.SI,20230214,11163.03,1209940.0
801210.SI,20230215,11115.51,910906.0
801210.SI,20230216,11007.42,1415743.0
801210.SI,20230217,10903.85,1053307.0
801210.SI,20230220,11020.92,967257.0
801210.SI,20230221,11033.35,817695.0
801210.SI,20230222,10997.67,846932.0
801210.SI,20230223,10975.89,883418.0
801210.SI,20230224,10936.52,698206.0
801210.SI,20230227,10931.27,881813.0
801210.SI,20230228,11053.26,974047.0
801210.SI,20230301,11097.5,921794.0
801210.SI,20230302,11140.66,1115337.0
801210.SI,20230303,11200.37,1299964.0
801210.SI,20230306,11320.91,1730173.0
801210.SI,20230307,11111.93,1309718.0
801210.SI,20230308,11114.77,910974.0
801210.SI,20230309,11003.33,880505.0
801210.SI,20230310,10844.91,861011.0
801210.SI,20230313,10916.94,900148.0
801210.SI,20230314,10717.43,918214.0
801210.SI,20230315,10632.92,767375.0
801210.SI,20230316,10472.26,766264.0
801210.SI,20230317,10521.66,841835.0
801210.SI,20230320,10471.73,1047591.0
801210.SI,20230321,10749.95,1121324.0
801210.SI,20230322,10748.37,991888.0
801210.SI,20230323,10695.82,895267.0
801210.SI,20230324,10718.55,1077007.0
801210.SI,20230327,10823.89,1254457.0
801210.SI,20230328,10754.13,1136154.0
801210.SI,20230329,10826.09,1162792.0
801210.SI,20230330,10976.68,1340050.0
801210.SI,20230331,11015.65,1313352.0
801210.SI,20230403,11107.01,1345187.0
801210.SI,20230404,11016.18,1396605.0
801210.SI,20230406,10953.5,1069885.0
801210.SI,20230407,11074.09,1215682.0
801210.SI,20230410,11054.51,1510376.0
801210.SI,20230411,11105.38,1599421.0
801210.SI,20230412,10999.82,1614412.0
801210.SI,20230413,11291.35,2229363.0
801210.SI,20230414,11044.47,2089582.0
801210.SI,20230417,11009.07,1496045.0
801210.SI,20230418,10829.92,1332774.0
801210.SI,20230419,10920.67,1612044.0
801210.SI,20230420,10747.52,1533008.0
801210.SI,20230421,10409.44,1509408.0
801210.SI,20230424,10270.91,1436079.0
801210.SI,20230425,10109.48,1463224.0
801210.SI,20230426,10215.31,1312512.0
801210.SI,20230427,10246.48,1263509.0
801210.SI,20230428,10421.33,1420913.0
801210.SI,20230504,10223.67,1685416.0
801210.SI,20230505,10246.39,1536554.0
801210.SI,20230508,10192.38,1597295.0
801210.SI,20230509,10021.33,1424874.0
801210.SI,20230510,10067.76,1372663.0
801210.SI,20230511,10177.05,1532554.0
801210.SI,20230512,10057.74,1812845.0
801210.SI,20230515,10183.17,1720252.0
801210.SI,20230516,9943.06,1396576.0
801210.SI,20230517,9932.53,917656.0
801210.SI,20230518,9929.2,976910.0
801210.SI,20230519,9946.6,905232.0
801210.SI,20230522,10020.47,920808.0
801210.SI,20230523,9914.37,838597.0
801210.SI,20230524,9800.76,739182.0
801210.SI,20230525,9703.67,798067.0
801210.SI,20230526,9865.08,977995.0
801210.SI,20230529,9829.56,1063626.0
801210.SI,20230530,9878.59,978961.0
801210.SI,20230531,9996.07,1250330.0
801210.SI,20230601,10134.57,1436682.0
801210.SI,20230602,10075.57,1290616.0
801210.SI,20230605,10253.95,1338028.0
801210.SI,20230606,10088.26,1321645.0
801210.SI,20230607,10287.85,1496127.0
801210.SI,20230608,10236.38,1464659.0
801210.SI,20230609,10248.06,1284171.0
801210.SI,20230612,10328.37,1510970.0
801210.SI,20230613,10370.29,1349753.0
801210.SI,20230614,10445.82,1510428.0
801210.SI,20230615,10534.27,1430229.0
801210.SI,20230616,10540.39,1127809.0
801210.SI,20230619,10466.57,1071220.0
801210.SI,20230620,10317.22,1058220.0
801210.SI,20230621,10086.57,996804.0
801210.SI,20230626,9846.64,889655.0
801210.SI,20230627,10088.05,989828.0
801210.SI,20230628,9954.33,913129.0
801210.SI,20230629,9891.21,754007.0
801210.SI,20230630,9955.16,757879.0
801210.SI,20230703,10181.82,1171870.0
801210.SI,20230704,10186.25,884053.0
801210.SI,20230705,10049.66,733800.0
801210.SI,20230706,10003.06,711315.0
801210.SI,20230707,9967.08,736494.0
801210.SI,20230710,10064.54,837316.0
801210.SI,20230711,10058.9,670264.0
801210.SI,20230712,10030.17,886235.0
801210.SI,20230713,10126.04,936701.0
801210.SI,20230714,10021.14,1034106.0
801210.SI,20230717,9955.71,786948.0
801210.SI,20230718,9876.8,627546.0
801210.SI,20230719,9892.15,594226.0
801210.SI,20230720,9939.84,973530.0
801210.SI,20230721,9949.27,983010.0
801210.SI,20230724,9919.34,752654.0
801210.SI,20230725,10092.52,964978.0
801210.SI,20230726,10062.66,902278.0
801210.SI,20230727,10026.83,964420.0
801210.SI,20230728,10075.78,870545.0
801210.SI,20230731,10246.31,1405082.0
801210.SI,20230801,10164.41,1259498.0
801210.SI,20230802,10065.25,905115.0
801210.SI,20230803,10062.85,754352.0
801210.SI,20230804,10100.27,842827.0
801210.SI,20230807,10104.18,689255.0
801210.SI,20230808,10122.82,717218.0
801210.SI,20230809,9969.47,672559.0
801210.SI,20230810,10013.5,643829.0
801210.SI,20230811,9875.2,867671.0
801210.SI,20230814,10012.06,1015403.0
801210.SI,20230815,9815.48,828682.0
801210.SI,20230816,9698.53,672036.0
801210.SI,20230817,9774.24,619509.0
801210.SI,20230818,9588.95,680084.0
801210.SI,20230821,9525.69,594523.0
801210.SI,20230822,9559.95,736410.0
801210.SI,20230823,9482.35,737003.0
801210.SI,20230824,9528.2,832755.0
801210.SI,20230825,9355.62,918491.0
801210.SI,20230828,9411.59,1149866.0
801210.SI,20230829,9635.27,1145878.0
801210.SI,20230830,9616.75,1059423.0
801210.SI,20230831,9499.04,966923.0
801210.SI,20230901,9532.59,1024180.0
801210.SI,20230904,9694.65,1012583.0
801210.SI,20230905,9642.1,815551.0
801210.SI,20230906,9584.58,656120.0
801210.SI,20230907,9580.85,1114628.0
801210.SI,20230908,9557.45,879769.0
801210.SI,20230911,9646.06,1037081.0
801210.SI,20230912,9579.0,733707.0
801210.SI,20230913,9482.19,795325.0
801210.SI,20230914,9382.85,733118.0
801210.SI,20230915,9431.83,891140.0
801210.SI,20230918,9577.96,1201497.0
801210.SI,20230919,9365.95,965709.0
801210.SI,20230920,9155.52,825023.0
801210.SI,20230921,9042.61,622618.0
801210.SI,20230922,9166.1,689948.0
801210.SI,20230925,9047.08,654816.0
801210.SI,20230926,9047.92,596947.0
801210.SI,20230927,9061.76,603575.0
801210.SI,20230928,9146.82,686519.0
801210.SI,20231009,8823.55,890193.0
801210.SI,20231010,8789.6,654192.0
801210.SI,20231011,8794.64,725855.0
801210.SI,20231012,8869.89,793629.0
801210.SI,20231013,8668.63,781816.0
801210.SI,20231016,8544.94,610891.0
801210.SI,20231017,8536.79,529425.0
801210.SI,20231018,8330.84,525660.0
801210.SI,20231019,8299.57,474775.0
801210.SI,20231020,8213.11,430188.0
801210.SI,20231023,7990.24,496405.0
801210.SI,20231024,8122.73,557480.0
801210.SI,20231025,8264.14,712057.0
801210.SI,20231026,8235.88,662661.0
801210.SI,20231027,8369.8,648697.0
801210.SI,20231030,8441.55,688052.0
801210.SI,20231031,8403.72,606520.0
801210.SI,20231101,8409.76,504885.0
801210.SI,20231102,8346.72,543269.0
801210.SI,20231103,8420.68,507737.0
801210.SI,20231106,8580.69,764348.0
801210.SI,20231107,8553.68,728073.0
801210.SI,20231108,8591.69,703637.0
801210.SI,20231109,8591.34,763133.0
801210.SI,20231110,8539.06,566844.0
801210.SI,20231113,8659.91,707908.0
801210.SI,20231114,8706.88,657008.0
801210.SI,20231115,8740.29,655068.0
801210.SI,20231116,8732.56,949567.0
801210.SI,20231117,8722.67,727718.0
801210.SI,20231120,8849.64,934472.0
801210.SI,20231121,8852.06,1035567.0
801210.SI,20231122,8792.87,1002376.0
801210.SI,20231123,8814.4,812556.0
801210.SI,20231124,8732.14,775076.0
801210.SI,20231127,8750.67,858285.0
801210.SI,20231128,8801.41,721657.0
801210.SI,20231129,8786.37,851025.0
801210.SI,20231130,8876.4,1040346.0
801210.SI,20231201,8992.77,1181545.0
801210.SI,20231204,9028.51,1192906.0
801210.SI,20231205,8834.68,1069436.0
801210.SI,20231206,8871.71,1039539.0
801210.SI,20231207,8849.0,1023971.0
801210.SI,20231208,8722.23,1122570.0
801210.SI,20231211,8792.06,1035632.0
801210.SI,20231212,8934.74,1220785.0
801210.SI,20231213,8822.13,1264804.0
801210.SI,20231214,8808.97,1151420.0
801210.SI,20231215,8761.94,1108290.0
801210.SI,20231218,8554.3,1045897.0
801210.SI,20231219,8633.52,1024942.0
801210.SI,20231220,8407.1,1013821.0
801210.SI,20231221,8481.01,835553.0
801210.SI,20231222,8289.47,983327.0
801210.SI,20231225,8220.95,694999.0
801210.SI,20231226,8082.06,594596.0
801210.SI,20231227,8109.1,568574.0
801210.SI,20231228,8299.59,835320.0
801210.SI,20231229,8418.43,888491.0
801210.SI,20240102,8421.68,915850.0
801210.SI,20240103,8477.67,1007722.0
801210.SI,20240104,8477.72,1024616.0
801210.SI,20240105,8322.47,926624.0
801210.SI,20240108,8198.48,867226.0
801210.SI,20240109,8342.01,1032630.0
801210.SI,20240110,8269.57,1211351.0
801210.SI,20240111,8346.05,1178165.0
801210.SI,20240112,8224.77,1090485.0
801210.SI,20240115,8322.57,1255576.0
801210.SI,20240116,8341.28,1642227.0
801210.SI,20240117,8077.61,1401062.0
801210.SI,20240118,7936.49,1302416.0
801210.SI,20240119,7978.48,1200448.0
801210.SI,20240122,7550.55,1235518.0
801210.SI,20240123,7594.3,966752.0
801210.SI,20240124,7784.72,1069670.0
801210.SI,20240125,8121.47,1301922.0
801210.SI,20240126,8054.12,1189110.0
801210.SI,20240129,7799.97,1136222.0
801210.SI,20240130,7545.86,932500.0
801210.SI,20240131,7182.64,1162977.0
801210.SI,20240201,6984.64,961032.0
801210.SI,20240202,6839.51,1047937.0
801210.SI,20240205,6384.03,1026849.0
801210.SI,20240206,6597.2,1091567.0
801210.SI,20240207,6663.6,1110658.0
801210.SI,20240208,6983.09,1110825.0
801210.SI,20240219,7225.72,1130715.0
801210.SI,20240220,7266.0,994181.0
801210.SI,20240221,7410.52,1181569.0
801210.SI,20240222,7473.0,1103743.0
801210.SI,20240223,7561.42,1091427.0
801210.SI,20240226,7597.01,1099809.0
801210.SI,20240227,7744.53,1079691.0
801210.SI,20240228,7430.66,1591352.0
801210.SI,20240229,7642.62,1081827.0
801210.SI,20240301,7663.01,968468.0
801210.SI,20240304,7655.42,946383.0
801210.SI,20240305,7553.45,1067885.0
801210.SI,20240306,7570.22,937205.0
801210.SI,20240307,7562.77,1223891.0
801210.SI,20240308,7495.89,976916.0
801210.SI,20240311,7638.8,946062.0
801210.SI,20240312,7812.84,1207417.0
801210.SI,20240313,7831.72,1109451.0
801210.SI,20240314,7828.72,1093282.0
801210.SI,20240315,7847.12,887956.0
801210.SI,20240318,8012.35,1176396.0
801210.SI,20240319,7936.56,1037945.0
801210.SI,20240320,8081.06,1205644.0
801210.SI,20240321,8151.66,1448350.0
801210.SI,20240322,8023.0,1388035.0
801210.SI,20240325,7812.87,1311565.0
801210.SI,20240326,7801.65,1058335.0
801210.SI,20240327,7538.97,1064467.0
801210.SI,20240328,7721.86,1035086.0
801210.SI,20240329,7801.9,1228726.0
801210.SI,20240401,8006.18,1313682.0
801210.SI,20240402,7970.55,1317374.0
801210.SI,20240403,7914.57,1072404.0
801210.SI,20240408,7733.44,1234311.0
801210.SI,20240409,7851.14,1252349.0
801210.SI,20240410,7781.67,1403290.0
801210.SI,20240411,7920.78,1458300.0
801210.SI,20240412,7856.28,1605847.0
801210.SI,20240415,7621.84,1749972.0
801210.SI,20240416,7118.26,1427802.0
801210.SI,20240417,7456.44,1369993.0
801210.SI,20240418,7501.87,1396158.0
801210.SI,20240419,7377.82,1313962.0
801210.SI,20240422,7446.19,1341688.0
801210.SI,20240423,7435.78,1147303.0
801210.SI,20240424,7541.99,1119782.0
801210.SI,20240425,7513.87,1153700.0
801210.SI,20240426,7585.19,1324956.0
801210.SI,20240429,7772.46,1412615.0
801210.SI,20240430,7622.54,1202146.0
801210.SI,20240506,7673.41,1120454.0
801210.SI,20240507,7706.21,960964.0
801210.SI,20240508,7575.75,866729.0
801210.SI,20240509,7639.28,732425.0
801210.SI,20240510,7621.83,1098606.0
801210.SI,20240513,7501.99,929602.0
801210.SI,20240514,7587.45,792882.0
801210.SI,20240515,7509.24,726920.0
801210.SI,20240516,7562.25,891324.0
801210.SI,20240517,7638.39,823330.0
801210.SI,20240520,7744.81,1377954.0
801210.SI,20240521,7662.22,1017162.0
801210.SI,20240522,7646.93,968896.0
801210.SI,20240523,7406.04,896594.0
801210.SI,20240524,7334.53,653834.0
801210.SI,20240527,7370.37,657860.0
801210.SI,20240528,7301.49,628713.0
801210.SI,20240529,7341.74,743950.0
801210.SI,20240530,7259.39,619795.0
801210.SI,20240531,7316.14,622096.0
801210.SI,20240603,7175.14,712428.0
801210.SI,20240604,7149.68,708616.0
801210.SI,20240605,7038.41,803292.0
801210.SI,20240606,6807.44,942248.0
801210.SI,20240607,6902.73,669990.0
801210.SI,20240611,6903.31,641302.0
801210.SI,20240612,6949.48,644599.0
801210.SI,20240613,6866.29,577012.0
801210.SI,20240614,6891.75,682371.0
801210.SI,20240617,6848.23,518935.0
801210.SI,20240618,6878.03,518196.0
801210.SI,20240619,6778.98,537055.0
801210.SI,20240620,6657.76,694907.0
801210.SI,20240621,6593.62,502149.0
801210.SI,20240624,6349.88,557047.0
801210.SI,20240625,6427.41,579848.0
801210.SI,20240626,6523.86,633141.0
801210.SI,20240627,6418.51,583511.0
801210.SI,20240628,6393.77,598970.0
801210.SI,20240701,6452.65,587062.0
801210.SI,20240702,6450.13,661320.0
801210.SI,20240703,6492.84,771794.0
801210.SI,20240704,6294.59,666820.0
801210.SI,20240705,6387.01,551253.0
801210.SI,20240708,6243.98,584286.0
801210.SI,20240709,6315.71,660271.0
801210.SI,20240710,6276.47,605310.0
801210.SI,20240711,6446.85,738845.0
801210.SI,20240712,6427.87,733838.0
801210.SI,20240715,6305.15,561273.0
801210.SI,20240716,6279.41,450980.0
801210.SI,20240717,6301.27,514382.0
801210.SI,20240718,6354.66,648974.0
801210.SI,20240719,6327.23,604582.0
801210.SI,20240722,6311.02,468610.0
801210.SI,20240723,6182.17,506686.0
801210.SI,20240724,6061.9,562504.0
801210.SI,20240725,6080.92,421574.0
801210.SI,20240726,6160.95,377080.0
801210.SI,20240729,6127.6,404721.0
801210.SI,20240730,6186.84,479947.0
801210.SI,20240731,6491.56,1013537.0
801210.SI,20240801,6505.09,885879.0
801210.SI,20240802,6499.37,817138.0
801210.SI,20240805,6542.79,1150058.0
801210.SI,20240806,6790.65,1533984.0
801210.SI,20240807,6780.21,1552401.0
801210.SI,20240808,6666.06,1216471.0
801210.SI,20240809,6539.45,1062205.0
801210.SI,20240812,6392.41,821560.0
801210.SI,20240813,6395.86,568330.0
801210.SI,20240814,6325.43,485314.0
801210.SI,20240815,6393.78,654484.0
801210.SI,20240816,6338.06,663744.0
801210.SI,20240819,6381.99,640479.0
801210.SI,20240820,6265.17,554019.0
801210.SI,20240821,6274.72,552619.0
801210.SI,20240822,6116.9,576059.0
801210.SI,20240823,6156.27,576037.0
801210.SI,20240826,6163.53,580735.0
801210.SI,20240827,6136.16,615094.0
801210.SI,20240828,6136.09,697380.0
801210.SI,20240829,6189.61,760827.0
801210.SI,20240830,6306.49,954297.0
801210.SI,20240902,6219.65,804200.0
801210.SI,20240903,6302.41,656591.0
801210.SI,20240904,6280.73,636170.0
801210.SI,20240905,6336.77,593221.0
801210.SI,20240906,6242.99,614076.0
801210.SI,20240909,6262.42,682911.0
801210.SI,20240910,6198.48,773532.0
801210.SI,20240911,6135.1,555887.0
801210.SI,20240912,6080.99,485071.0
801210.SI,20240913,6011.23,488601.0
801210.SI,20240918,5985.5,504583.0
801210.SI,20240919,6148.99,653574.0
801210.SI,20240920,6132.42,596541.0
801210.SI,20240923,6141.99,631498.0
801210.SI,20240924,6407.12,1013363.0
801210.SI,20240925,6483.97,1215900.0
801210.SI,20240926,6831.86,1480851.0
801210.SI,20240927,7190.76,1964957.0
801210.SI,20240930,8019.72,3088516.0
801210.SI,20241008,8410.71,4048703.0
801210.SI,20241009,7595.49,2639483.0
801210.SI,20241010,7669.3,1991682.0
801210.SI,20241011,7325.24,1412299.0
801210.SI,20241014,7519.06,1301691.0
801210.SI,20241015,7384.78,1262531.0
801210.SI,20241016,7413.46,1124088.0
801210.SI,20241017,7432.92,1405370.0
801210.SI,20241018,7654.62,1730004.0
801210.SI,20241021,7941.36,2348673.0
801210.SI,20241022,7990.76,2004551.0
801210.SI,20241023,7929.1,1721738.0
801210.SI,20241024,7888.67,1265437.0
801210.SI,20241025,7993.79,1659241.0
801210.SI,20241028,8221.06,1845891.0
801210.SI,20241029,8154.41,2166315.0
801210.SI,20241030,8168.88,1935830.0
801210.SI,20241031,8308.38,2373240.0
801210.SI,20241101,8205.49,2968437.0
801210.SI,20241104,8231.31,1953701.0
801210.SI,20241105,8444.36,2365268.0
801210.SI,20241106,8480.75,2596382.0
801210.SI,20241107,8732.08,2618497.0
801210.SI,20241108,8715.39,2770154.0
801210.SI,20241111,8850.33,2205642.0
801210.SI,20241112,8775.59,2296915.0
801210.SI,20241113,8716.47,2101845.0
801210.SI,20241114,8520.2,1886139.0
801210.SI,20241115,8505.21,2155440.0
801210.SI,20241118,8118.06,2049567.0
801210.SI,20241119,8227.59,1622688.0
801210.SI,20241120,8384.33,1685289.0
801210.SI,20241121,8351.27,1517757.0
801210.SI,20241122,8059.61,1787257.0
801210.SI,20241125,8257.1,1681191.0
801210.SI,20241126,8209.98,1545151.0
801210.SI,20241127,8359.52,1691541.0
801210.SI,20241128,8323.59,1648648.0
801210.SI,20241129,8423.14,1624033.0
801210.SI,20241202,8625.27,2017022.0
801210.SI,20241203,8600.88,1875151.0
801210.SI,20241204,8439.66,1608040.0
801210.SI,20241205,8649.38,1949677.0
801210.SI,20241206,8802.35,2027619.0
801210.SI,20241209,8745.27,2502371.0
801210.SI,20241210,8857.14,3053415.0
801210.SI,20241211,8977.19,2326706.0
801210.SI,20241212,9176.0,2880908.0
801210.SI,20241213,9162.52,3071362.0
801210.SI,20241216,9343.57,3566015.0
801210.SI,20241217,8900.6,2973211.0
801210.SI,20241218,8905.36,2519437.0
801210.SI,20241219,8826.14,2232799.0
801210.SI,20241220,8765.93,1951872.0
801210.SI,20241223,8283.81,1800259.0
801210.SI,20241224,8304.96,1483025.0
801210.SI,20241225,8135.46,1395841.0
801210.SI,20241226,8218.67,1195103.0
801210.SI,20241227,8289.54,1295022.0
801210.SI,20241230,8173.32,1170945.0
801210.SI,20241231,7988.45,1259531.0
801210.SI,20250102,7965.31,1516376.0
801210.SI,20250103,7576.25,1357079.0
801210.SI,20250106,7451.78,1004881.0
801210.SI,20250107,7597.48,887389.0
801210.SI,20250108,7573.97,1006167.0
801210.SI,20250109,7565.59,826410.0
801210.SI,20250110,7320.11,841257.0
801210.SI,20250113,7355.43,699677.0
801210.SI,20250114,7668.62,1121660.0
801210.SI,20250115,7707.99,1188188.0
801210.SI,20250116,7777.43,1288329.0
801210.SI,20250117,7787.56,1037969.0
801210.SI,20250120,7885.05,1251558.0
801210.SI,20250121,7781.1,959959.0
801210.SI,20250122,7639.62,753037.0
801210.SI,20250123,7708.25,1198102.0
801210.SI,20250124,7841.04,1204203.0
801210.SI,20250127,7773.9,985020.0
801210.SI,20250205,7849.59,1318440.0
801210.SI,20250206,7979.72,1360708.0
801210.SI,20250207,8023.66,1609525.0
801210.SI,20250210,8253.72,1894225.0
801210.SI,20250211,8216.83,1816964.0
801210.SI,20250212,8298.88,1800983.0
801210.SI,20250213,8252.13,1689889.0
801210.SI,20250214,8228.07,1385154.0
801210.SI,20250217,8368.31,2016588.0
801210.SI,20250218,8045.81,1722854.0
801210.SI,20250219,8158.91,1265993.0
801210.SI,20250220,8242.36,1329904.0
801210.SI,20250221,8300.45,1545236.0
801210.SI,20250224,8282.77,1449498.0
801210.SI,20250225,8171.68,1178029.0
801210.SI,20250226,8245.76,1206758.0
801210.SI,20250227,8297.58,1535420.0
801210.SI,20250228,8066.28,1443811.0
801210.SI,20250303,8092.88,1240087.0
801210.SI,20250304,8171.65,994084.0
801210.SI,20250305,8158.82,987271.0
801210.SI,20250306,8383.03,1482984.0
801210.SI,20250307,8400.44,1532149.0
801210.SI,20250310,8437.58,1219835.0
801210.SI,20250311,8512.14,1536299.0
801210.SI,20250312,8517.67,1574421.0
801210.SI,20250313,8469.18,1417751.0
801210.SI,20250314,8712.04,2052488.0
801210.SI,20250317,8745.19,1890730.0
801210.SI,20250318,8779.65,1957826.0
801210.SI,20250319,8724.8,1783359.0
801210.SI,20250320,8697.45,1679122.0
801210.SI,20250321,8609.67,1542458.0
801210.SI,20250324,8636.95,2253082.0
801210.SI,20250325,8620.62,2044280.0
801210.SI,20250326,8649.16,1685365.0
801210.SI,20250327,8537.65,1618333.0
801210.SI,20250328,8440.75,1498153.0
801210.SI,20250331,8333.68,1482364.0
801210.SI,20250401,8399.87,1339785.0
801210.SI,20250402,8407.61,1152162.0
801210.SI,20250403,8482.1,1532746.0
801210.SI,20250407,7594.38,1904195.0
801210.SI,20250408,7815.43,1817192.0
801210.SI,20250409,8095.19,2089610.0
801210.SI,20250410,8280.82,2287435.0
801210.SI,20250411,8239.37,1863420.0
801210.SI,20250414,8411.31,2008869.0
801210.SI,20250415,8334.65,1669160.0
801210.SI,20250416,8366.27,1943443.0
801210.SI,20250417,8457.85,2186951.0
801210.SI,20250418,8250.7,1812088.0
801210.SI,20250421,8361.33,1629551.0
801210.SI,20250422,8313.31,1713189.0
801210.SI,20250423,8266.41,1397954.0
801210.SI,20250424,8197.15,1280522.0
801210.SI,20250425,8213.15,1443763.0
801210.SI,20250428,8033.21,1471362.0
801210.SI,20250429,7995.33,1014619.0
801210.SI,20250430,7997.15,1122255.0
801210.SI,20250506,8167.64,1333457.0
801210.SI,20250507,8148.17,1169472.0
801210.SI,20250508,8176.32,1004327.0
801210.SI,20250509,8086.87,898435.0
801210.SI,20250512,8147.23,862202.0
801210.SI,20250513,8155.71,1164693.0
801210.SI,20250514,8141.79,914453.0
801210.SI,20250515,8042.16,814778.0
801210.SI,20250516,8043.06,755227.0
801210.SI,20250519,8125.38,987541.0
801210.SI,20250520,8230.75,1093994.0
801210.SI,20250521,8159.21,881739.0
801210.SI,20250522,8012.43,924523.0
801210.SI,20250523,7914.45,773879.0
801210.SI,20250526,7974.77,634376.0
801210.SI,20250527,7971.61,668139.0
801210.SI,20250528,7925.39,713588.0
801210.SI,20250529,8024.37,825395.0
801210.SI,20250530,7928.75,771547.0
801210.SI,20250603,8037.22,951593.0
801210.SI,20250604,8146.7,1210768.0
801210.SI,20250605,8148.36,1222466.0
801210.SI,20250606,8094.17,1047425.0
801210.SI,20250609,8216.17,1453500.0
801210.SI,20250610,8161.81,1519863.0
801210.SI,20250611,8249.22,1355960.0
801210.SI,20250612,8227.67,1390200.0
801210.SI,20250613,8093.24,1619188.0
801210.SI,20250616,8123.06,1121451.0
801210.SI,20250617,8090.43,1076592.0
801210.SI,20250618,8055.76,926634.0
801210.SI,20250619,7921.16,1096894.0
801210.SI,20250620,7827.1,861005.0
801210.SI,20250623,7905.38,852235.0
801210.SI,20250624,8035.72,1012919.0
801210.SI,20250625,8144.3,1117660.0
801210.SI,20250626,8178.75,1580754.0
801210.SI,20250627,8188.02,1452722.0
801210.SI,20250630,8256.39,1243416.0
801210.SI,20250701,8276.32,1352808.0
801210.SI,20250702,8230.46,1279816.0
801210.SI,20250703,8265.31,1128386.0
801210.SI,20250704,8248.63,1298108.0
801210.SI,20250707,8273.45,1141497.0
801210.SI,20250708,8350.76,1273524.0
801210.SI,20250709,8386.16,1406096.0
801210.SI,20250710,8412.78,1405555.0
801210.SI,20250711,8422.47,1386512.0
801210.SI,20250714,8381.28,1214558.0
801210.SI,20250715,8302.83,1403770.0
801210.SI,20250716,8396.6,1206471.0
801210.SI,20250717,8455.71,1167042.0
801210.SI,20250718,8510.73,1517976.0
801210.SI,20250721,8545.59,1556332.0
801210.SI,20250722,8629.66,1660589.0
801210.SI,20250723,8526.9,1804756.0
801210.SI,20250724,8698.15,1782961.0
801210.SI,20250725,8706.71,1937129.0
801210.SI,20250728,8691.25,1535264.0
801210.SI,20250729,8710.88,1688420.0
801210.SI,20250730,8767.26,1868555.0
801210.SI,20250731,8680.16,1887950.0
801210.SI,20250801,8715.8,1759285.0
801210.SI,20250804,8697.56,1396421.0
801210.SI,20250805,8742.84,1367463.0
801210.SI,20250806,8726.67,1666846.0
801210.SI,20250807,8702.23,1671557.0
801210.SI,20250808,8706.64,1691118.0
801210.SI,20250811,8754.46,1611843.0
801210.SI,20250812,8723.35,1565242.0
801210.SI,20250813,8757.51,1603398.0
801210.SI,20250814,8639.61,1934412.0
801210.SI,20250815,8741.54,1605815.0
801210.SI,20250818,8897.28,2215042.0
801210.SI,20250819,8912.34,2035941.0
801210.SI,20250820,9009.97,2217804.0
801210.SI,20250821,9004.14,2186382.0
801210.SI,20250822,9139.02,2274569.0
801210.SI,20250825,9278.8,2535746.0
801210.SI,20250826,9306.44,2733368.0
801210.SI,20250827,9073.5,3001419.0
801210.SI,20250828,9153.95,2792424.0
801210.SI,20250829,9118.58,2495802.0
801210.SI,20250901,9176.78,2472134.0
801210.SI,20250902,9034.42,2482400.0
801210.SI,20250903,8918.97,2191733.0
801210.SI,20250904,8978.78,2638543.0
801210.SI,20250905,9120.0,2564394.0
801210.SI,20250908,9123.02,2457147.0
801210.SI,20250909,9035.56,1959939.0
801210.SI,20250910,9132.26,2066108.0
801210.SI,20250911,9152.42,2130166.0
801210.SI,20250912,9094.17,1937829.0
801210.SI,20250915,9127.37,1934153.0
801210.SI,20250916,9231.52,2246481.0
801210.SI,20250917,9152.27,2232756.0
801210.SI,20250918,9155.25,2849090.0
801210.SI,20250919,9247.82,2957302.0
801210.SI,20250922,9059.57,2286593.0
801210.SI,20250923,8778.1,2165065.0
801210.SI,20250924,8823.2,1615893.0
801210.SI,20250925,8839.04,1624726.0
801210.SI,20250926,8700.34,1302001.0
801210.SI,20250929,8679.22,1328677.0
801210.SI,20250930,8684.16,1349633.0
801210.SI,20251009,8594.78,1661258.0
801210.SI,20251010,8596.85,1217667.0
801210.SI,20251013,8565.47,1298076.0
801210.SI,20251014,8531.17,1394717.0
801210.SI,20251015,8652.85,1199376.0
801210.SI,20251016,8598.16,1163644.0
801210.SI,20251017,8448.62,1207052.0
801210.SI,20251020,8558.9,1188600.0
801210.SI,20251021,8660.0,1224155.0
801210.SI,20251022,8637.9,1132466.0
801210.SI,20251023,8730.47,1342455.0
801210.SI,20251024,8668.32,1276988.0
801210.SI,20251027,8700.88,1369746.0
801210.SI,20251028,8665.18,1225439.0
801210.SI,20251029,8656.17,1193540.0
801210.SI,20251030,8558.35,1221123.0
801210.SI,20251031,8707.51,1351741.0
801210.SI,20251103,8798.02,1405950.0
801210.SI,20251104,8811.15,1483332.0
801210.SI,20251105,8852.98,1736194.0
801210.SI,20251106,8755.16,1528818.0
801210.SI,20251107,8717.24,1418272.0
801210.SI,20251110,8899.12,1850154.0
801210.SI,20251111,8881.81,1531701.0
801210.SI,20251112,8863.53,1447317.0
801210.SI,20251113,8968.11,1481483.0
801210.SI,20251114,8915.58,1544479.0
801210.SI,20251117,8971.63,1537721.0
801210.SI,20251118,8918.14,1520805.0
801210.SI,20251119,8847.0,1559519.0
801210.SI,20251120,8741.7,1376410.0
801210.SI,20251121,8482.44,1559442.0
801210.SI,20251124,8670.43,1495593.0
801210.SI,20251125,8832.0,1717128.0
801210.SI,20251126,8746.59,1561691.0
801210.SI,20251127,8738.04,1506672.0
801210.SI,20251128,8814.97,1420329.0
801210.SI,20251201,8933.9,1677842.0
801210.SI,20251202,8896.55,1610919.0
801210.SI,20251203,8823.82,1553704.0
801210.SI,20251204,8680.98,1345077.0
801210.SI,20251205,8757.69,1224858.0
801210.SI,20251208,8790.12,1550449.0
801210.SI,20251209,8709.44,1439598.0
801210.SI,20251210,8816.07,1647936.0
801210.SI,20251211,8682.13,1544725.0
801210.SI,20251212,8690.81,1442502.0
801210.SI,20251215,8645.09,1148610.0
801210.SI,20251216,8656.0,1407066.0
801210.SI,20251217,8745.31,1721409.0
801210.SI,20251218,8744.47,1515365.0
801210.SI,20251219,8921.63,1727811.0
801210.SI,20251222,8904.36,1478545.0
801210.SI,20251223,8719.74,1521626.0
801210.SI,20251224,8787.35,1502390.0
801210.SI,20251225,8819.55,1435423.0
801210.SI,20251226,8827.63,1413796.0
801210.SI,20251229,8773.27,1280573.0
801210.SI,20251230,8674.08,1298827.0
801210.SI,20251231,8764.42,1457671.0
801230.SI,20221010,2618.04,121541.0
801230.SI,20221011,2668.92,115434.0
801230.SI,20221012,2731.66,148189.0
801230.SI,20221013,2741.13,110575.0
801230.SI,20221014,2722.91,167422.0
801230.SI,20221017,2761.03,133058.0
801230.SI,20221018,2825.49,171404.0
801230.SI,20221019,2802.31,170945.0
801230.SI,20221020,2844.48,173064.0
801230.SI,20221021,2871.69,182356.0
801230.SI,20221024,2808.36,199544.0
801230.SI,20221025,2782.17,181089.0
801230.SI,20221026,2807.03,166172.0
801230.SI,20221027,2829.79,189211.0
801230.SI,20221028,2714.99,157208.0
801230.SI,20221031,2685.81,142661.0
801230.SI,20221101,2789.72,164393.0
801230.SI,20221102,2831.27,208022.0
801230.SI,20221103,2827.12,159568.0
801230.SI,20221104,2903.78,187246.0
801230.SI,20221107,2934.35,236503.0
801230.SI,20221108,2908.45,187591.0
801230.SI,20221109,2931.0,148813.0
801230.SI,20221110,2974.86,188270.0
801230.SI,20221111,2957.07,282281.0
801230.SI,20221114,2914.18,181240.0
801230.SI,20221115,2957.27,178263.0
801230.SI,20221116,2974.8,195332.0
801230.SI,20221117,2971.18,172584.0
801230.SI,20221118,2943.51,194938.0
801230.SI,20221121,2898.63,181357.0
801230.SI,20221122,2909.92,209599.0
801230.SI,20221123,2891.36,211724.0
801230.SI,20221124,2895.44,188610.0
801230.SI,20221125,2887.84,182392.0
801230.SI,20221128,2875.04,179699.0
801230.SI,20221129,2948.13,291246.0
801230.SI,20221130,2949.64,281566.0
801230.SI,20221201,2961.25,339023.0
801230.SI,20221202,2990.05,274922.0
801230.SI,20221205,3070.09,333276.0
801230.SI,20221206,3087.59,304495.0
801230.SI,20221207,3148.02,391274.0
801230.SI,20221208,3133.67,347875.0
801230.SI,20221209,3112.2,270849.0
801230.SI,20221212,3110.71,247350.0
801230.SI,20221213,3153.45,372513.0
801230.SI,20221214,3160.8,310899.0
801230.SI,20221215,3102.29,249196.0
801230.SI,20221216,3077.13,211507.0
801230.SI,20221219,3008.66,198917.0
801230.SI,20221220,2984.0,140496.0
801230.SI,20221221,2983.8,137868.0
801230.SI,20221222,2978.4,193326.0
801230.SI,20221223,2993.74,168776.0
801230.SI,20221226,3050.42,225624.0
801230.SI,20221227,3055.1,202147.0
801230.SI,20221228,3020.64,150378.0
801230.SI,20221229,2990.82,178397.0
801230.SI,20221230,3016.74,158570.0
801230.SI,20230103,3028.17,220875.0
801230.SI,20230104,3036.54,210092.0
801230.SI,20230105,3063.46,224802.0
801230.SI,20230106,3018.78,204004.0
801230.SI,20230109,3037.59,161096.0
801230.SI,20230110,3011.27,155934.0
801230.SI,20230111,2977.38,200848.0
801230.SI,20230112,2963.06,155248.0
801230.SI,20230113,2986.81,150316.0
801230.SI,20230116,3013.98,165508.0
801230.SI,20230117,2978.03,140737.0
801230.SI,20230118,2994.4,139149.0
801230.SI,20230119,2996.77,149457.0
801230.SI,20230120,3041.31,157692.0
801230.SI,20230130,3036.58,202755.0
801230.SI,20230131,3019.33,165448.0
801230.SI,20230201,3050.04,192135.0
801230.SI,20230202,3056.15,206307.0
801230.SI,20230203,3021.61,176184.0
801230.SI,20230206,3017.4,186102.0
801230.SI,20230207,3023.14,169433.0
801230.SI,20230208,3027.62,210021.0
801230.SI,20230209,3038.51,186931.0
801230.SI,20230210,3064.7,171406.0
801230.SI,20230213,3096.76,183925.0
801230.SI,20230214,3077.5,157426.0
801230.SI,20230215,3057.42,202068.0
801230.SI,20230216,2995.12,231809.0
801230.SI,20230217,2975.83,158632.0
801230.SI,20230220,3006.41,148072.0
801230.SI,20230221,3042.4,177947.0
801230.SI,20230222,3036.72,136460.0
801230.SI,20230223,3033.72,139668.0
801230.SI,20230224,3031.92,164030.0
801230.SI,20230227,2997.43,154554.0
801230.SI,20230228,3020.47,147990.0
801230.SI,20230301,3027.17,127736.0
801230.SI,20230302,3014.66,142582.0
801230.SI,20230303,3040.54,150578.0
801230.SI,20230306,3028.16,142426.0
801230.SI,20230307,2962.17,165687.0
801230.SI,20230308,2985.5,125185.0
801230.SI,20230309,2971.54,114159.0
801230.SI,20230310,2925.68,126486.0
801230.SI,20230313,2929.3,117923.0
801230.SI,20230314,2885.9,131715.0
801230.SI,20230315,2910.5,92018.0
801230.SI,20230316,2860.61,105570.0
801230.SI,20230317,2879.26,106661.0
801230.SI,20230320,2861.27,123121.0
801230.SI,20230321,2893.72,97565.0
801230.SI,20230322,2903.54,105456.0
801230.SI,20230323,2891.73,116071.0
801230.SI,20230324,2934.93,155505.0
801230.SI,20230327,2937.88,133510.0
801230.SI,20230328,2917.3,128724.0
801230.SI,20230329,2913.23,126835.0
801230.SI,20230330,2909.67,150403.0
801230.SI,20230331,2983.24,199584.0
801230.SI,20230403,3062.4,251969.0
801230.SI,20230404,3002.86,194433.0
801230.SI,20230406,3039.75,194650.0
801230.SI,20230407,3042.2,169559.0
801230.SI,20230410,2983.63,171012.0
801230.SI,20230411,2987.12,151953.0
801230.SI,20230412,3009.74,154319.0
801230.SI,20230413,2980.25,147149.0
801230.SI,20230414,2980.16,120072.0
801230.SI,20230417,2990.63,145573.0
801230.SI,20230418,2955.98,133139.0
801230.SI,20230419,2931.42,120033.0
801230.SI,20230420,2935.07,172174.0
801230.SI,20230421,2863.23,190268.0
801230.SI,20230424,2857.21,160861.0
801230.SI,20230425,2822.42,146067.0
801230.SI,20230426,2828.07,106600.0
801230.SI,20230427,2823.47,105952.0
801230.SI,20230428,2854.01,119332.0
801230.SI,20230504,2827.22,150409.0
801230.SI,20230505,2822.04,125276.0
801230.SI,20230508,2803.14,136449.0
801230.SI,20230509,2763.04,121312.0
801230.SI,20230510,2777.2,110801.0
801230.SI,20230511,2795.88,105227.0
801230.SI,20230512,2760.71,112110.0
801230.SI,20230515,2787.13,127800.0
801230.SI,20230516,2759.46,106205.0
801230.SI,20230517,2768.29,106605.0
801230.SI,20230518,2760.47,95257.0
801230.SI,20230519,2763.98,87560.0
801230.SI,20230522,2762.96,116897.0
801230.SI,20230523,2757.62,98402.0
801230.SI,20230524,2739.99,106028.0
801230.SI,20230525,2740.14,162733.0
801230.SI,20230526,2742.98,140057.0
801230.SI,20230529,2696.96,113967.0
801230.SI,20230530,2717.88,102269.0
801230.SI,20230531,2759.74,141359.0
801230.SI,20230601,2741.14,143538.0
801230.SI,20230602,2769.44,127883.0
801230.SI,20230605,2757.11,113211.0
801230.SI,20230606,2707.24,98519.0
801230.SI,20230607,2713.24,92949.0
801230.SI,20230608,2727.58,127686.0
801230.SI,20230609,2742.84,148834.0
801230.SI,20230612,2749.12,189378.0
801230.SI,20230613,2765.5,198875.0
801230.SI,20230614,2774.85,258193.0
801230.SI,20230615,2773.26,205310.0
801230.SI,20230616,2774.83,184031.0
801230.SI,20230619,2765.01,163600.0
801230.SI,20230620,2727.8,163005.0
801230.SI,20230621,2702.42,129939.0
801230.SI,20230626,2652.14,110389.0
801230.SI,20230627,2698.39,100667.0
801230.SI,20230628,2675.29,100454.0
801230.SI,20230629,2697.09,125405.0
801230.SI,20230630,2726.45,143756.0
801230.SI,20230703,2756.04,132484.0
801230.SI,20230704,2757.03,114364.0
801230.SI,20230705,2736.05,97132.0
801230.SI,20230706,2736.69,104679.0
801230.SI,20230707,2731.2,111860.0
801230.SI,20230710,2732.3,104133.0
801230.SI,20230711,2744.96,89572.0
801230.SI,20230712,2717.9,108388.0
801230.SI,20230713,2725.23,89195.0
801230.SI,20230714,2708.78,92703.0
801230.SI,20230717,2687.79,90556.0
801230.SI,20230718,2692.78,76300.0
801230.SI,20230719,2695.56,80102.0
801230.SI,20230720,2667.24,99457.0
801230.SI,20230721,2672.96,86310.0
801230.SI,20230724,2671.51,71412.0
801230.SI,20230725,2729.31,112558.0
801230.SI,20230726,2745.99,98113.0
801230.SI,20230727,2739.14,98790.0
801230.SI,20230728,2779.84,141776.0
801230.SI,20230731,2831.51,203229.0
801230.SI,20230801,2843.28,201789.0
801230.SI,20230802,2841.41,158779.0
801230.SI,20230803,2838.14,131566.0
801230.SI,20230804,2829.05,175480.0
801230.SI,20230807,2805.12,112135.0
801230.SI,20230808,2785.95,100391.0
801230.SI,20230809,2753.11,76650.0
801230.SI,20230810,2759.72,86077.0
801230.SI,20230811,2721.35,112255.0
801230.SI,20230814,2722.84,86977.0
801230.SI,20230815,2719.56,124955.0
801230.SI,20230816,2705.58,134710.0
801230.SI,20230817,2722.28,143146.0
801230.SI,20230818,2683.11,137165.0
801230.SI,20230821,2667.11,124098.0
801230.SI,20230822,2650.94,119947.0
801230.SI,20230823,2616.55,94650.0
801230.SI,20230824,2603.18,92972.0
801230.SI,20230825,2566.93,108508.0
801230.SI,20230828,2624.55,190370.0
801230.SI,20230829,2674.19,131710.0
801230.SI,20230830,2655.58,102061.0
801230.SI,20230831,2612.86,98296.0
801230.SI,20230901,2625.32,87360.0
801230.SI,20230904,2664.67,110713.0
801230.SI,20230905,2647.02,101053.0
801230.SI,20230906,2653.15,106487.0
801230.SI,20230907,2614.41,114204.0
801230.SI,20230908,2624.29,104691.0
801230.SI,20230911,2656.36,108653.0
801230.SI,20230912,2641.51,73114.0
801230.SI,20230913,2629.16,125139.0
801230.SI,20230914,2606.31,112728.0
801230.SI,20230915,2623.2,102124.0
801230.SI,20230918,2643.35,104809.0
801230.SI,20230919,2628.7,91371.0
801230.SI,20230920,2608.73,76716.0
801230.SI,20230921,2593.02,73246.0
801230.SI,20230922,2625.59,86702.0
801230.SI,20230925,2599.1,87033.0
801230.SI,20230926,2577.8,73741.0
801230.SI,20230927,2592.3,83379.0
801230.SI,20230928,2626.72,87399.0
801230.SI,20231009,2590.47,116318.0
801230.SI,20231010,2594.38,95665.0
801230.SI,20231011,2574.01,88852.0
801230.SI,20231012,2602.16,100067.0
801230.SI,20231013,2581.54,93397.0
801230.SI,20231016,2571.15,104251.0
801230.SI,20231017,2563.03,89341.0
801230.SI,20231018,2524.69,95126.0
801230.SI,20231019,2494.08,96196.0
801230.SI,20231020,2487.39,72560.0
801230.SI,20231023,2411.28,87066.0
801230.SI,20231024,2447.82,94994.0
801230.SI,20231025,2492.46,111989.0
801230.SI,20231026,2497.18,88936.0
801230.SI,20231027,2546.73,102278.0
801230.SI,20231030,2595.12,147208.0
801230.SI,20231031,2591.8,101338.0
801230.SI,20231101,2589.42,88238.0
801230.SI,20231102,2571.16,68725.0
801230.SI,20231103,2563.1,70079.0
801230.SI,20231106,2585.38,81886.0
801230.SI,20231107,2594.74,86291.0
801230.SI,20231108,2595.84,99510.0
801230.SI,20231109,2577.03,118543.0
801230.SI,20231110,2578.66,94691.0
801230.SI,20231113,2600.54,94870.0
801230.SI,20231114,2607.8,83533.0
801230.SI,20231115,2619.32,102055.0
801230.SI,20231116,2606.53,105404.0
801230.SI,20231117,2635.79,132441.0
801230.SI,20231120,2653.26,181023.0
801230.SI,20231121,2652.91,188108.0
801230.SI,20231122,2657.74,182160.0
801230.SI,20231123,2679.41,193995.0
801230.SI,20231124,2663.8,165844.0
801230.SI,20231127,2641.45,125102.0
801230.SI,20231128,2671.61,122221.0
801230.SI,20231129,2658.52,117278.0
801230.SI,20231130,2640.24,115814.0
801230.SI,20231201,2659.32,134586.0
801230.SI,20231204,2683.59,139041.0
801230.SI,20231205,2645.81,132517.0
801230.SI,20231206,2661.05,186782.0
801230.SI,20231207,2662.35,224869.0
801230.SI,20231208,2621.15,176405.0
801230.SI,20231211,2648.74,154328.0
801230.SI,20231212,2695.08,210488.0
801230.SI,20231213,2706.61,261071.0
801230.SI,20231214,2727.82,287238.0
801230.SI,20231215,2731.52,336284.0
801230.SI,20231218,2677.45,288923.0
801230.SI,20231219,2648.94,217964.0
801230.SI,20231220,2634.59,240380.0
801230.SI,20231221,2657.13,236152.0
801230.SI,20231222,2608.73,226646.0
801230.SI,20231225,2571.67,152684.0
801230.SI,20231226,2544.82,154388.0
801230.SI,20231227,2553.78,134921.0
801230.SI,20231228,2605.91,165286.0
801230.SI,20231229,2647.68,145909.0
801230.SI,20240102,2642.95,126688.0
801230.SI,20240103,2650.05,125139.0
801230.SI,20240104,2673.8,136130.0
801230.SI,20240105,2620.84,250609.0
801230.SI,20240108,2559.96,170094.0
801230.SI,20240109,2563.41,139619.0
801230.SI,20240110,2546.13,120225.0
801230.SI,20240111,2583.98,118345.0
801230.SI,20240112,2575.49,115844.0
801230.SI,20240115,2566.57,103567.0
801230.SI,20240116,2555.53,122471.0
801230.SI,20240117,2500.04,117347.0
801230.SI,20240118,2461.7,139237.0
801230.SI,20240119,2450.92,112815.0
801230.SI,20240122,2333.61,192365.0
801230.SI,20240123,2335.55,150756.0
801230.SI,20240124,2397.74,162495.0
801230.SI,20240125,2470.72,207581.0
801230.SI,20240126,2471.88,203992.0
801230.SI,20240129,2426.36,202613.0
801230.SI,20240130,2347.53,120989.0
801230.SI,20240131,2248.6,180807.0
801230.SI,20240201,2186.53,162938.0
801230.SI,20240202,2097.3,170367.0
801230.SI,20240205,1955.57,146382.0
801230.SI,20240206,1976.45,173445.0
801230.SI,20240207,1977.66,175605.0
801230.SI,20240208,2085.17,194565.0
801230.SI,20240219,2108.55,172970.0
801230.SI,20240220,2106.82,114284.0
801230.SI,20240221,2141.61,158670.0
801230.SI,20240222,2167.29,136841.0
801230.SI,20240223,2218.24,144908.0
801230.SI,20240226,2246.18,174477.0
801230.SI,20240227,2282.53,146027.0
801230.SI,20240228,2194.92,250557.0
801230.SI,20240229,2250.41,166374.0
801230.SI,20240301,2256.51,130025.0
801230.SI,20240304,2242.67,120453.0
801230.SI,20240305,2218.0,107332.0
801230.SI,20240306,2228.67,107673.0
801230.SI,20240307,2239.74,154942.0
801230.SI,20240308,2242.61,139830.0
801230.SI,20240311,2275.64,119353.0
801230.SI,20240312,2298.99,136666.0
801230.SI,20240313,2281.85,107239.0
801230.SI,20240314,2281.55,117826.0
801230.SI,20240315,2321.12,121053.0
801230.SI,20240318,2363.49,133793.0
801230.SI,20240319,2386.71,159040.0
801230.SI,20240320,2419.99,142741.0
801230.SI,20240321,2429.4,181170.0
801230.SI,20240322,2394.35,201307.0
801230.SI,20240325,2340.39,238873.0
801230.SI,20240326,2351.15,110382.0
801230.SI,20240327,2280.56,92276.0
801230.SI,20240328,2324.93,169153.0
801230.SI,20240329,2374.14,151048.0
801230.SI,20240401,2405.06,169961.0
801230.SI,20240402,2414.02,163129.0
801230.SI,20240403,2409.34,199400.0
801230.SI,20240408,2385.06,237906.0
801230.SI,20240409,2412.8,236072.0
801230.SI,20240410,2375.42,239800.0
801230.SI,20240411,2381.84,213747.0
801230.SI,20240412,2355.28,219588.0
801230.SI,20240415,2238.15,217876.0
801230.SI,20240416,2100.4,157827.0
801230.SI,20240417,2178.14,171388.0
801230.SI,20240418,2166.09,128707.0
801230.SI,20240419,2145.74,105586.0
801230.SI,20240422,2093.11,108621.0
801230.SI,20240423,2081.72,89277.0
801230.SI,20240424,2096.56,92889.0
801230.SI,20240425,2110.34,90429.0
801230.SI,20240426,2154.71,142573.0
801230.SI,20240429,2204.57,117516.0
801230.SI,20240430,2171.11,97028.0
801230.SI,20240506,2218.71,132649.0
801230.SI,20240507,2218.38,120578.0
801230.SI,20240508,2205.24,138988.0
801230.SI,20240509,2235.21,142186.0
801230.SI,20240510,2235.99,190295.0
801230.SI,20240513,2219.96,191570.0
801230.SI,20240514,2227.39,165598.0
801230.SI,20240515,2205.69,141648.0
801230.SI,20240516,2213.32,137068.0
801230.SI,20240517,2242.01,144121.0
801230.SI,20240520,2246.14,158160.0
801230.SI,20240521,2217.29,113088.0
801230.SI,20240522,2212.2,91569.0
801230.SI,20240523,2165.1,112096.0
801230.SI,20240524,2146.81,103103.0
801230.SI,20240527,2145.24,88591.0
801230.SI,20240528,2109.38,94479.0
801230.SI,20240529,2111.45,74283.0
801230.SI,20240530,2084.44,93093.0
801230.SI,20240531,2069.96,82960.0
801230.SI,20240603,2004.68,101829.0
801230.SI,20240604,2001.59,77021.0
801230.SI,20240605,1967.82,83005.0
801230.SI,20240606,1883.9,120419.0
801230.SI,20240607,1916.52,95140.0
801230.SI,20240611,1918.2,72892.0
801230.SI,20240612,1930.67,65014.0
801230.SI,20240613,1885.4,67727.0
801230.SI,20240614,1893.63,65922.0
801230.SI,20240617,1859.24,55888.0
801230.SI,20240618,1888.83,56873.0
801230.SI,20240619,1877.29,54128.0
801230.SI,20240620,1829.93,61784.0
801230.SI,20240621,1809.13,62154.0
801230.SI,20240624,1745.84,73205.0
801230.SI,20240625,1754.87,60976.0
801230.SI,20240626,1788.12,58862.0
801230.SI,20240627,1757.91,61047.0
801230.SI,20240628,1764.94,59843.0
801230.SI,20240701,1794.17,52726.0
801230.SI,20240702,1820.26,59318.0
801230.SI,20240703,1830.7,76597.0
801230.SI,20240704,1782.91,84996.0
801230.SI,20240705,1796.27,62471.0
801230.SI,20240708,1743.11,56272.0
801230.SI,20240709,1754.25,76147.0
801230.SI,20240710,1739.35,72134.0
801230.SI,20240711,1796.36,86436.0
801230.SI,20240712,1797.1,88383.0
801230.SI,20240715,1773.1,72440.0
801230.SI,20240716,1787.59,99024.0
801230.SI,20240717,1802.92,113822.0
801230.SI,20240718,1819.84,159578.0
801230.SI,20240719,1808.55,177008.0
801230.SI,20240722,1788.15,133856.0
801230.SI,20240723,1761.96,142764.0
801230.SI,20240724,1726.6,117357.0
801230.SI,20240725,1742.76,121400.0
801230.SI,20240726,1772.49,107901.0
801230.SI,20240729,1808.61,121026.0
801230.SI,20240730,1833.58,177919.0
801230.SI,20240731,1896.8,187394.0
801230.SI,20240801,1877.53,143000.0
801230.SI,20240802,1881.69,120448.0
801230.SI,20240805,1861.26,147696.0
801230.SI,20240806,1880.62,112091.0
801230.SI,20240807,1868.01,77818.0
801230.SI,20240808,1887.29,89620.0
801230.SI,20240809,1867.97,95569.0
801230.SI,20240812,1849.47,84828.0
801230.SI,20240813,1865.03,62529.0
801230.SI,20240814,1842.45,53169.0
801230.SI,20240815,1846.32,70335.0
801230.SI,20240816,1828.2,66400.0
801230.SI,20240819,1829.0,58692.0
801230.SI,20240820,1797.63,59470.0
801230.SI,20240821,1794.46,46655.0
801230.SI,20240822,1775.62,45090.0
801230.SI,20240823,1773.61,64242.0
801230.SI,20240826,1792.93,57737.0
801230.SI,20240827,1776.87,47959.0
801230.SI,20240828,1801.28,60644.0
801230.SI,20240829,1828.6,66074.0
801230.SI,20240830,1850.15,85053.0
801230.SI,20240902,1837.48,86544.0
801230.SI,20240903,1834.93,69871.0
801230.SI,20240904,1820.78,58344.0
801230.SI,20240905,1833.74,53737.0
801230.SI,20240906,1820.5,68532.0
801230.SI,20240909,1827.86,90111.0
801230.SI,20240910,1827.37,94792.0
801230.SI,20240911,1819.77,84520.0
801230.SI,20240912,1809.86,66542.0
801230.SI,20240913,1806.66,63476.0
801230.SI,20240918,1790.37,59419.0
801230.SI,20240919,1833.26,80543.0
801230.SI,20240920,1827.71,67855.0
801230.SI,20240923,1843.46,69644.0
801230.SI,20240924,1914.95,125676.0
801230.SI,20240925,1964.69,179787.0
801230.SI,20240926,2045.65,203024.0
801230.SI,20240927,2127.27,204568.0
801230.SI,20240930,2315.66,340788.0
801230.SI,20241008,2423.87,523162.0
801230.SI,20241009,2280.88,354648.0
801230.SI,20241010,2255.45,241424.0
801230.SI,20241011,2205.87,208165.0
801230.SI,20241014,2266.76,220290.0
801230.SI,20241015,2214.45,181373.0
801230.SI,20241016,2214.42,160662.0
801230.SI,20241017,2181.6,163146.0
801230.SI,20241018,2223.07,216889.0
801230.SI,20241021,2247.31,193374.0
801230.SI,20241022,2300.03,185167.0
801230.SI,20241023,2317.18,313859.0
801230.SI,20241024,2329.08,246242.0
801230.SI,20241025,2406.15,281710.0
801230.SI,20241028,2532.26,386942.0
801230.SI,20241029,2548.73,663010.0
801230.SI,20241030,2542.68,471600.0
801230.SI,20241031,2563.91,493429.0
801230.SI,20241101,2467.98,375771.0
801230.SI,20241104,2477.17,235289.0
801230.SI,20241105,2511.44,288435.0
801230.SI,20241106,2519.9,335471.0
801230.SI,20241107,2616.2,400711.0
801230.SI,20241108,2598.95,388728.0
801230.SI,20241111,2633.85,298593.0
801230.SI,20241112,2612.75,438885.0
801230.SI,20241113,2612.13,248198.0
801230.SI,20241114,2602.46,215276.0
801230.SI,20241115,2546.15,251119.0
801230.SI,20241118,2555.56,227410.0
801230.SI,20241119,2614.33,457094.0
801230.SI,20241120,2697.3,275405.0
801230.SI,20241121,2714.45,198545.0
801230.SI,20241122,2675.55,381857.0
801230.SI,20241125,2724.64,385733.0
801230.SI,20241126,2680.55,656314.0
801230.SI,20241127,2696.76,620927.0
801230.SI,20241128,2748.15,720666.0
801230.SI,20241129,2783.74,795821.0
801230.SI,20241202,2920.53,657362.0
801230.SI,20241203,2956.19,632521.0
801230.SI,20241204,2930.48,756481.0
801230.SI,20241205,2913.36,523273.0
801230.SI,20241206,2921.8,532579.0
801230.SI,20241209,2847.12,635811.0
801230.SI,20241210,2835.68,569816.0
801230.SI,20241211,2898.16,479745.0
801230.SI,20241212,2966.09,488105.0
801230.SI,20241213,2930.56,693042.0
801230.SI,20241216,2958.22,578681.0
801230.SI,20241217,2838.34,475318.0
801230.SI,20241218,2807.52,357574.0
801230.SI,20241219,2800.85,373478.0
801230.SI,20241220,2804.56,307965.0
801230.SI,20241223,2676.55,362414.0
801230.SI,20241224,2740.23,297603.0
801230.SI,20241225,2703.36,290110.0
801230.SI,20241226,2778.55,258571.0
801230.SI,20241227,2808.08,313336.0
801230.SI,20241230,2801.76,318035.0
801230.SI,20241231,2732.97,284138.0
801230.SI,20250102,2738.53,327802.0
801230.SI,20250103,2613.67,336240.0
801230.SI,20250106,2627.8,293234.0
801230.SI,20250107,2732.73,308552.0
801230.SI,20250108,2785.82,465131.0
801230.SI,20250109,2756.75,370813.0
801230.SI,20250110,2668.28,293158.0
801230.SI,20250113,2683.77,206690.0
801230.SI,20250114,2770.39,307797.0
801230.SI,20250115,2684.14,434435.0
801230.SI,20250116,2736.47,335609.0
801230.SI,20250117,2739.24,380510.0
801230.SI,20250120,2762.25,398340.0
801230.SI,20250121,2738.71,372881.0
801230.SI,20250122,2719.53,286726.0
801230.SI,20250123,2708.79,297417.0
801230.SI,20250124,2710.55,230879.0
801230.SI,20250127,2657.34,206258.0
801230.SI,20250205,2595.95,161128.0
801230.SI,20250206,2629.88,265015.0
801230.SI,20250207,2707.69,321384.0
801230.SI,20250210,2740.55,291014.0
801230.SI,20250211,2746.03,285781.0
801230.SI,20250212,2771.84,267437.0
801230.SI,20250213,2763.15,372887.0
801230.SI,20250214,2740.12,382784.0
801230.SI,20250217,2780.43,346327.0
801230.SI,20250218,2721.49,354851.0
801230.SI,20250219,2740.68,257130.0
801230.SI,20250220,2721.86,236750.0
801230.SI,20250221,2746.24,289361.0
801230.SI,20250224,2775.68,317888.0
801230.SI,20250225,2764.91,240087.0
801230.SI,20250226,2774.41,290049.0
801230.SI,20250227,2802.86,372205.0
801230.SI,20250228,2732.75,395317.0
801230.SI,20250303,2755.51,404157.0
801230.SI,20250304,2702.97,318265.0
801230.SI,20250305,2679.46,242843.0
801230.SI,20250306,2729.0,276698.0
801230.SI,20250307,2704.48,270989.0
801230.SI,20250310,2725.74,219532.0
801230.SI,20250311,2756.31,294563.0
801230.SI,20250312,2738.41,277501.0
801230.SI,20250313,2692.67,232677.0
801230.SI,20250314,2744.84,219438.0
801230.SI,20250317,2788.74,275276.0
801230.SI,20250318,2771.78,293704.0
801230.SI,20250319,2739.28,252346.0
801230.SI,20250320,2725.55,190804.0
801230.SI,20250321,2706.84,274636.0
801230.SI,20250324,2674.32,335003.0
801230.SI,20250325,2668.32,233934.0
801230.SI,20250326,2724.52,285122.0
801230.SI,20250327,2694.71,346315.0
801230.SI,20250328,2651.6,259660.0
801230.SI,20250331,2614.64,244629.0
801230.SI,20250401,2642.74,246542.0
801230.SI,20250402,2662.36,244303.0
801230.SI,20250403,2649.93,248272.0
801230.SI,20250407,2386.24,219366.0
801230.SI,20250408,2385.57,274706.0
801230.SI,20250409,2454.98,316406.0
801230.SI,20250410,2512.1,333259.0
801230.SI,20250411,2508.24,259643.0
801230.SI,20250414,2557.43,225397.0
801230.SI,20250415,2569.84,229173.0
801230.SI,20250416,2522.45,276035.0
801230.SI,20250417,2571.57,341791.0
801230.SI,20250418,2583.78,369300.0
801230.SI,20250421,2601.3,360147.0
801230.SI,20250422,2614.53,329482.0
801230.SI,20250423,2601.81,296878.0
801230.SI,20250424,2590.13,237106.0
801230.SI,20250425,2599.01,258869.0
801230.SI,20250428,2533.56,257744.0
801230.SI,20250429,2508.9,150270.0
801230.SI,20250430,2527.52,229819.0
801230.SI,20250506,2613.03,243120.0
801230.SI,20250507,2620.66,270054.0
801230.SI,20250508,2637.41,207173.0
801230.SI,20250509,2617.31,200158.0
801230.SI,20250512,2632.54,221666.0
801230.SI,20250513,2618.45,182747.0
801230.SI,20250514,2652.83,176635.0
801230.SI,20250515,2642.51,203658.0
801230.SI,20250516,2662.81,275082.0
801230.SI,20250519,2715.72,252321.0
801230.SI,20250520,2773.27,297329.0
801230.SI,20250521,2787.61,368287.0
801230.SI,20250522,2751.08,450461.0
801230.SI,20250523,2700.43,345482.0
801230.SI,20250526,2677.34,312109.0
801230.SI,20250527,2679.44,269621.0
801230.SI,20250528,2667.79,314629.0
801230.SI,20250529,2698.4,326914.0
801230.SI,20250530,2647.97,256235.0
801230.SI,20250603,2701.51,277907.0
801230.SI,20250604,2769.85,338907.0
801230.SI,20250605,2733.81,256320.0
801230.SI,20250606,2724.43,177588.0
801230.SI,20250609,2747.24,222005.0
801230.SI,20250610,2737.43,379778.0
801230.SI,20250611,2750.36,252159.0
801230.SI,20250612,2758.9,215486.0
801230.SI,20250613,2741.72,292964.0
801230.SI,20250616,2789.84,250969.0
801230.SI,20250617,2797.16,226255.0
801230.SI,20250618,2783.3,196544.0
801230.SI,20250619,2743.55,204879.0
801230.SI,20250620,2728.91,166897.0
801230.SI,20250623,2752.53,202038.0
801230.SI,20250624,2798.91,251781.0
801230.SI,20250625,2808.5,243872.0
801230.SI,20250626,2813.79,268863.0
801230.SI,20250627,2827.24,243631.0
801230.SI,20250630,2828.91,202939.0
801230.SI,20250701,2902.48,255376.0
801230.SI,20250702,2886.0,203435.0
801230.SI,20250703,2886.45,163019.0
801230.SI,20250704,2906.86,238513.0
801230.SI,20250707,2981.63,302380.0
801230.SI,20250708,3009.12,266007.0
801230.SI,20250709,3003.8,311186.0
801230.SI,20250710,3006.67,243962.0
801230.SI,20250711,3016.73,288804.0
801230.SI,20250714,3048.18,269335.0
801230.SI,20250715,3015.66,277175.0
801230.SI,20250716,3031.57,245437.0
801230.SI,20250717,3074.74,230685.0
801230.SI,20250718,3083.83,263005.0
801230.SI,20250721,3073.42,375391.0
801230.SI,20250722,3073.34,365455.0
801230.SI,20250723,3079.69,272825.0
801230.SI,20250724,3120.97,346343.0
801230.SI,20250725,3082.8,357100.0
801230.SI,20250728,3122.58,315845.0
801230.SI,20250729,3136.94,286419.0
801230.SI,20250730,3107.24,254377.0
801230.SI,20250731,3098.24,238754.0
801230.SI,20250801,3068.56,205956.0
801230.SI,20250804,3064.61,194996.0
801230.SI,20250805,3125.3,246967.0
801230.SI,20250806,3141.66,210513.0
801230.SI,20250807,3152.16,256486.0
801230.SI,20250808,3201.25,289837.0
801230.SI,20250811,3239.52,313963.0
801230.SI,20250812,3249.27,378529.0
801230.SI,20250813,3256.7,363313.0
801230.SI,20250814,3170.01,318690.0
801230.SI,20250815,3294.41,307285.0
801230.SI,20250818,3407.51,576108.0
801230.SI,20250819,3526.18,636141.0
801230.SI,20250820,3547.86,540237.0
801230.SI,20250821,3521.98,492055.0
801230.SI,20250822,3566.16,467839.0
801230.SI,20250825,3684.23,572651.0
801230.SI,20250826,3724.39,581851.0
801230.SI,20250827,3607.58,502867.0
801230.SI,20250828,3636.19,493287.0
801230.SI,20250829,3776.61,538060.0
801230.SI,20250901,3937.71,721847.0
801230.SI,20250902,3944.06,731928.0
801230.SI,20250903,4008.81,662310.0
801230.SI,20250904,3828.72,551481.0
801230.SI,20250905,3979.84,710088.0
801230.SI,20250908,3919.38,673749.0
801230.SI,20250909,3956.29,588507.0
801230.SI,20250910,3913.34,587468.0
801230.SI,20250911,4000.71,866544.0
801230.SI,20250912,3922.78,725061.0
801230.SI,20250915,3852.11,587427.0
801230.SI,20250916,3991.75,586660.0
801230.SI,20250917,4046.81,540632.0
801230.SI,20250918,3931.32,551324.0
801230.SI,20250919,3908.08,429780.0
801230.SI,20250922,3918.79,397567.0
801230.SI,20250923,3835.31,555693.0
801230.SI,20250924,3845.84,409805.0
801230.SI,20250925,3796.0,366573.0
801230.SI,20250926,3727.94,308699.0
801230.SI,20250929,3795.94,301008.0
801230.SI,20250930,3755.81,306018.0
801230.SI,20251009,3766.88,314111.0
801230.SI,20251010,3731.38,343030.0
801230.SI,20251013,3702.84,317483.0
801230.SI,20251014,3690.59,336823.0
801230.SI,20251015,3719.65,356510.0
801230.SI,20251016,3665.85,303304.0
801230.SI,20251017,3561.38,353822.0
801230.SI,20251020,3577.15,327110.0
801230.SI,20251021,3659.16,377847.0
801230.SI,20251022,3647.87,273327.0
801230.SI,20251023,3653.2,310266.0
801230.SI,20251024,3679.03,438770.0
801230.SI,20251027,3777.62,493203.0
801230.SI,20251028,3855.34,644783.0
801230.SI,20251029,3833.62,539779.0
801230.SI,20251030,3765.22,433613.0
801230.SI,20251031,3762.08,403882.0
801230.SI,20251103,3747.41,426755.0
801230.SI,20251104,3729.84,378888.0
801230.SI,20251105,3763.42,516240.0
801230.SI,20251106,3803.48,554853.0
801230.SI,20251107,3858.5,566502.0
801230.SI,20251110,3895.22,688992.0
801230.SI,20251111,3893.1,574163.0
801230.SI,20251112,3934.07,542290.0
801230.SI,20251113,4064.08,899633.0
801230.SI,20251114,4128.13,943939.0
801230.SI,20251117,4131.72,1026620.0
801230.SI,20251118,4058.13,696104.0
801230.SI,20251119,3933.04,529519.0
801230.SI,20251120,3967.33,626077.0
801230.SI,20251121,3749.12,578086.0
801230.SI,20251124,3826.9,527376.0
801230.SI,20251125,3911.33,495679.0
801230.SI,20251126,3981.48,591795.0
801230.SI,20251127,3888.47,548675.0
801230.SI,20251128,3915.06,476922.0
801230.SI,20251201,3942.83,544059.0
801230.SI,20251202,3939.86,615058.0
801230.SI,20251203,3890.24,496194.0
801230.SI,20251204,3808.28,433126.0
801230.SI,20251205,3875.41,373077.0
801230.SI,20251208,3992.87,636348.0
801230.SI,20251209,4130.7,659598.0
801230.SI,20251210,4146.09,634532.0
801230.SI,20251211,3967.54,472469.0
801230.SI,20251212,3920.63,467648.0
801230.SI,20251215,3875.49,345669.0
801230.SI,20251216,3766.57,354768.0
801230.SI,20251217,3820.12,371777.0
801230.SI,20251218,3776.81,292418.0
801230.SI,20251219,3860.66,346808.0
801230.SI,20251222,3962.28,445059.0
801230.SI,20251223,3960.09,515495.0
801230.SI,20251224,4009.83,408922.0
801230.SI,20251225,3965.01,380230.0
801230.SI,20251226,3946.6,356325.0
801230.SI,20251229,3920.34,355364.0
801230.SI,20251230,3959.97,372025.0
801230.SI,20251231,3923.18,400136.0
801710.SI,20221010,5634.37,738562.0
801710.SI,20221011,5621.57,706825.0
801710.SI,20221012,5701.24,827423.0
801710.SI,20221013,5664.55,765878.0
801710.SI,20221014,5817.15,1079973.0
801710.SI,20221017,5807.7,829791.0
801710.SI,20221018,5784.71,875301.0
801710.SI,20221019,5690.81,725574.0
801710.SI,20221020,5608.3,721508.0
801710.SI,20221021,5590.52,674301.0
801710.SI,20221024,5401.11,1011086.0
801710.SI,20221025,5486.87,1155351.0
801710.SI,20221026,5541.54,1242817.0
801710.SI,20221027,5535.8,964389.0
801710.SI,20221028,5295.65,1116704.0
801710.SI,20221031,5181.75,855274.0
801710.SI,20221101,5406.58,1027135.0
801710.SI,20221102,5477.6,992239.0
801710.SI,20221103,5463.81,778349.0
801710.SI,20221104,5626.26,1165832.0
801710.SI,20221107,5667.08,991964.0
801710.SI,20221108,5676.15,859752.0
801710.SI,20221109,5706.47,978199.0
801710.SI,20221110,5654.52,829352.0
801710.SI,20221111,5918.07,1648245.0
801710.SI,20221114,6034.69,2150765.0
801710.SI,20221115,6163.6,1544023.0
801710.SI,20221116,6077.57,987412.0
801710.SI,20221117,6070.42,884077.0
801710.SI,20221118,6023.55,862107.0
801710.SI,20221121,6015.74,809922.0
801710.SI,20221122,6010.66,983129.0
801710.SI,20221123,6017.88,883231.0
801710.SI,20221124,6032.28,983378.0
801710.SI,20221125,6154.11,1250663.0
801710.SI,20221128,6102.0,1027184.0
801710.SI,20221129,6356.03,1812826.0
801710.SI,20221130,6244.46,1359867.0
801710.SI,20221201,6267.34,1215357.0
801710.SI,20221202,6239.25,1097837.0
801710.SI,20221205,6451.11,1593843.0
801710.SI,20221206,6393.35,1149998.0
801710.SI,20221207,6308.37,999880.0
801710.SI,20221208,6314.03,891843.0
801710.SI,20221209,6513.95,1629140.0
801710.SI,20221212,6362.72,1300331.0
801710.SI,20221213,6401.05,895239.0
801710.SI,20221214,6354.55,855614.0
801710.SI,20221215,6266.35,856544.0
801710.SI,20221216,6363.12,1145751.0
801710.SI,20221219,6236.8,1031823.0
801710.SI,20221220,6117.85,762592.0
801710.SI,20221221,6154.82,676756.0
801710.SI,20221222,6143.3,803921.0
801710.SI,20221223,6096.52,553862.0
801710.SI,20221226,6078.83,567844.0
801710.SI,20221227,6132.36,645607.0
801710.SI,20221228,6069.37,620549.0
801710.SI,20221229,5979.37,698824.0
801710.SI,20221230,6032.67,650917.0
801710.SI,20230103,6080.48,702200.0
801710.SI,20230104,6226.68,979683.0
801710.SI,20230105,6301.73,779858.0
801710.SI,20230106,6338.84,958214.0
801710.SI,20230109,6342.98,778089.0
801710.SI,20230110,6348.67,749269.0
801710.SI,20230111,6364.44,878141.0
801710.SI,20230112,6321.62,728090.0
801710.SI,20230113,6476.94,1110527.0
801710.SI,20230116,6533.63,1041802.0
801710.SI,20230117,6528.69,860936.0
801710.SI,20230118,6476.11,803939.0
801710.SI,20230119,6484.63,773062.0
801710.SI,20230120,6546.71,731890.0
801710.SI,20230130,6526.36,1042077.0
801710.SI,20230131,6573.03,1023328.0
801710.SI,20230201,6578.49,1195616.0
801710.SI,20230202,6615.73,1159507.0
801710.SI,20230203,6533.6,1083173.0
801710.SI,20230206,6414.09,901507.0
801710.SI,20230207,6459.22,783062.0
801710.SI,20230208,6400.36,790866.0
801710.SI,20230209,6472.79,783410.0
801710.SI,20230210,6482.67,727505.0
801710.SI,20230213,6673.09,1406430.0
801710.SI,20230214,6694.43,1121399.0
801710.SI,20230215,6622.34,1111472.0
801710.SI,20230216,6525.23,1305479.0
801710.SI,20230217,6498.22,967916.0
801710.SI,20230220,6778.44,1582783.0
801710.SI,20230221,6793.88,1127498.0
801710.SI,20230222,6714.68,782672.0
801710.SI,20230223,6704.49,812722.0
801710.SI,20230224,6628.1,793308.0
801710.SI,20230227,6537.2,735435.0
801710.SI,20230228,6576.73,734050.0
801710.SI,20230301,6705.74,1010641.0
801710.SI,20230302,6760.43,1230482.0
801710.SI,20230303,6755.17,984938.0
801710.SI,20230306,6657.85,1161099.0
801710.SI,20230307,6555.43,1049017.0
801710.SI,20230308,6498.1,891752.0
801710.SI,20230309,6428.46,860204.0
801710.SI,20230310,6267.23,943151.0
801710.SI,20230313,6322.37,856017.0
801710.SI,20230314,6206.77,783245.0
801710.SI,20230315,6328.35,835735.0
801710.SI,20230316,6178.1,791959.0
801710.SI,20230317,6225.73,755848.0
801710.SI,20230320,6252.11,1093307.0
801710.SI,20230321,6310.07,957247.0
801710.SI,20230322,6307.79,892776.0
801710.SI,20230323,6315.67,823266.0
801710.SI,20230324,6268.7,822313.0
801710.SI,20230327,6167.25,915659.0
801710.SI,20230328,6133.1,730780.0
801710.SI,20230329,6068.33,695563.0
801710.SI,20230330,6180.74,835794.0
801710.SI,20230331,6148.43,762877.0
801710.SI,20230403,6251.01,927528.0
801710.SI,20230404,6199.22,878317.0
801710.SI,20230406,6207.87,719398.0
801710.SI,20230407,6281.88,806269.0
801710.SI,20230410,6240.6,800639.0
801710.SI,20230411,6269.01,818864.0
801710.SI,20230412,6247.4,763369.0
801710.SI,20230413,6176.94,851291.0
801710.SI,20230414,6194.21,926750.0
801710.SI,20230417,6275.59,1136948.0
801710.SI,20230418,6274.2,947171.0
801710.SI,20230419,6141.91,1027302.0
801710.SI,20230420,6072.47,1047920.0
801710.SI,20230421,5967.28,1115801.0
801710.SI,20230424,5873.83,915990.0
801710.SI,20230425,5756.56,930455.0
801710.SI,20230426,5785.54,824919.0
801710.SI,20230427,5800.45,697352.0
801710.SI,20230428,5840.45,858721.0
801710.SI,20230504,5835.93,877812.0
801710.SI,20230505,5835.58,919420.0
801710.SI,20230508,5834.07,1004352.0
801710.SI,20230509,5804.58,1144160.0
801710.SI,20230510,5803.43,690698.0
801710.SI,20230511,5792.39,657813.0
801710.SI,20230512,5690.32,733039.0
801710.SI,20230515,5713.35,728043.0
801710.SI,20230516,5634.63,603395.0
801710.SI,20230517,5626.83,527822.0
801710.SI,20230518,5586.99,582262.0
801710.SI,20230519,5582.54,522500.0
801710.SI,20230522,5585.23,517505.0
801710.SI,20230523,5557.98,556775.0
801710.SI,20230524,5497.9,571634.0
801710.SI,20230525,5445.21,664259.0
801710.SI,20230526,5469.95,691535.0
801710.SI,20230529,5398.99,721405.0
801710.SI,20230530,5408.88,604020.0
801710.SI,20230531,5344.24,567932.0
801710.SI,20230601,5296.69,563175.0
801710.SI,20230602,5521.84,954955.0
801710.SI,20230605,5499.37,679239.0
801710.SI,20230606,5509.63,912198.0
801710.SI,20230607,5487.69,725959.0
801710.SI,20230608,5592.35,899531.0
801710.SI,20230609,5548.19,937922.0
801710.SI,20230612,5602.65,949018.0
801710.SI,20230613,5581.71,692353.0
801710.SI,20230614,5586.27,637495.0
801710.SI,20230615,5659.08,725677.0
801710.SI,20230616,5695.9,873101.0
801710.SI,20230619,5592.77,825776.0
801710.SI,20230620,5419.07,825783.0
801710.SI,20230621,5353.45,569561.0
801710.SI,20230626,5283.88,576164.0
801710.SI,20230627,5468.9,757456.0
801710.SI,20230628,5443.38,657341.0
801710.SI,20230629,5381.5,551950.0
801710.SI,20230630,5397.98,671068.0
801710.SI,20230703,5468.48,803070.0
801710.SI,20230704,5439.54,686572.0
801710.SI,20230705,5371.09,618579.0
801710.SI,20230706,5332.5,570945.0
801710.SI,20230707,5290.46,530859.0
801710.SI,20230710,5331.31,551330.0
801710.SI,20230711,5368.55,604752.0
801710.SI,20230712,5288.6,604599.0
801710.SI,20230713,5334.05,527538.0
801710.SI,20230714,5328.89,485555.0
801710.SI,20230717,5302.98,423236.0
801710.SI,20230718,5329.64,484970.0
801710.SI,20230719,5418.32,790425.0
801710.SI,20230720,5457.07,957627.0
801710.SI,20230721,5465.53,640040.0
801710.SI,20230724,5383.16,672823.0
801710.SI,20230725,5654.85,1415768.0
801710.SI,20230726,5709.04,1449240.0
801710.SI,20230727,5681.56,1065361.0
801710.SI,20230728,5833.25,1348340.0
801710.SI,20230731,5946.56,1752820.0
801710.SI,20230801,5884.23,1143111.0
801710.SI,20230802,5905.18,937193.0
801710.SI,20230803,5919.28,768756.0
801710.SI,20230804,5893.66,983161.0
801710.SI,20230807,5804.26,837831.0
801710.SI,20230808,5769.22,651919.0
801710.SI,20230809,5756.56,665172.0
801710.SI,20230810,5738.98,610075.0
801710.SI,20230811,5606.42,800885.0
801710.SI,20230814,5628.85,741922.0
801710.SI,20230815,5617.19,555085.0
801710.SI,20230816,5646.38,636813.0
801710.SI,20230817,5650.32,641360.0
801710.SI,20230818,5607.56,676164.0
801710.SI,20230821,5580.77,716119.0
801710.SI,20230822,5605.97,753376.0
801710.SI,20230823,5495.87,575243.0
801710.SI,20230824,5446.47,610606.0
801710.SI,20230825,5449.63,622739.0
801710.SI,20230828,5577.14,1096966.0
801710.SI,20230829,5640.88,938583.0
801710.SI,20230830,5651.33,925935.0
801710.SI,20230831,5563.02,855317.0
801710.SI,20230901,5664.83,846260.0
801710.SI,20230904,5818.87,1184591.0
801710.SI,20230905,5756.53,830052.0
801710.SI,20230906,5717.26,615184.0
801710.SI,20230907,5658.82,624931.0
801710.SI,20230908,5619.53,538798.0
801710.SI,20230911,5597.86,637727.0
801710.SI,20230912,5554.48,563196.0
801710.SI,20230913,5527.88,614104.0
801710.SI,20230914,5506.87,575083.0
801710.SI,20230915,5512.15,622234.0
801710.SI,20230918,5495.86,562737.0
801710.SI,20230919,5529.2,604357.0
801710.SI,20230920,5540.86,617118.0
801710.SI,20230921,5501.6,626597.0
801710.SI,20230922,5548.6,604048.0
801710.SI,20230925,5490.96,588589.0
801710.SI,20230926,5440.18,540087.0
801710.SI,20230927,5452.75,577341.0
801710.SI,20230928,5456.05,524708.0
801710.SI,20231009,5372.54,637604.0
801710.SI,20231010,5265.33,676488.0
801710.SI,20231011,5264.52,600128.0
801710.SI,20231012,5331.5,595193.0
801710.SI,20231013,5241.86,576836.0
801710.SI,20231016,5214.95,632922.0
801710.SI,20231017,5213.39,589404.0
801710.SI,20231018,5157.04,608683.0
801710.SI,20231019,5052.56,727337.0
801710.SI,20231020,5040.78,675937.0
801710.SI,20231023,4925.97,657212.0
801710.SI,20231024,4924.42,773084.0
801710.SI,20231025,5116.92,1185536.0
801710.SI,20231026,5033.18,1071129.0
801710.SI,20231027,5120.47,1308136.0
801710.SI,20231030,5099.87,1165148.0
801710.SI,20231031,5085.88,911057.0
801710.SI,20231101,5050.39,807241.0
801710.SI,20231102,4988.65,730046.0
801710.SI,20231103,5012.05,671583.0
801710.SI,20231106,5108.54,872745.0
801710.SI,20231107,5083.07,735211.0
801710.SI,20231108,5068.53,736492.0
801710.SI,20231109,5080.81,714465.0
801710.SI,20231110,5019.43,577166.0
801710.SI,20231113,5001.74,817819.0
801710.SI,20231114,5028.94,795338.0
801710.SI,20231115,5096.5,931361.0
801710.SI,20231116,5033.13,848583.0
801710.SI,20231117,4993.98,812444.0
801710.SI,20231120,4998.79,722654.0
801710.SI,20231121,5045.17,1040487.0
801710.SI,20231122,4964.34,716482.0
801710.SI,20231123,5033.52,660609.0
801710.SI,20231124,5011.59,647794.0
801710.SI,20231127,4953.32,583160.0
801710.SI,20231128,4962.28,478293.0
801710.SI,20231129,4880.59,614632.0
801710.SI,20231130,4859.79,501941.0
801710.SI,20231201,4842.56,584200.0
801710.SI,20231204,4803.4,629430.0
801710.SI,20231205,4713.29,689906.0
801710.SI,20231206,4707.28,695069.0
801710.SI,20231207,4669.8,649224.0
801710.SI,20231208,4632.51,834383.0
801710.SI,20231211,4645.56,755587.0
801710.SI,20231212,4713.43,782241.0
801710.SI,20231213,4633.35,685694.0
801710.SI,20231214,4635.93,721589.0
801710.SI,20231215,4675.25,890193.0
801710.SI,20231218,4595.61,634338.0
801710.SI,20231219,4586.51,642436.0
801710.SI,20231220,4544.67,588030.0
801710.SI,20231221,4584.51,730479.0
801710.SI,20231222,4567.67,885714.0
801710.SI,20231225,4554.65,679678.0
801710.SI,20231226,4538.43,771570.0
801710.SI,20231227,4528.92,803307.0
801710.SI,20231228,4659.17,1050176.0
801710.SI,20231229,4666.64,878222.0
801710.SI,20240102,4658.79,896458.0
801710.SI,20240103,4662.93,810607.0
801710.SI,20240104,4623.64,834020.0
801710.SI,20240105,4590.1,968859.0
801710.SI,20240108,4532.2,760265.0
801710.SI,20240109,4559.49,843786.0
801710.SI,20240110,4557.38,726016.0
801710.SI,20240111,4606.26,758978.0
801710.SI,20240112,4640.79,1032159.0
801710.SI,20240115,4667.66,1177744.0
801710.SI,20240116,4668.6,1275724.0
801710.SI,20240117,4535.58,1075245.0
801710.SI,20240118,4517.01,1196288.0
801710.SI,20240119,4445.19,1062852.0
801710.SI,20240122,4237.87,1017215.0
801710.SI,20240123,4253.34,891799.0
801710.SI,20240124,4333.3,919592.0
801710.SI,20240125,4484.35,1090857.0
801710.SI,20240126,4533.84,1257331.0
801710.SI,20240129,4486.17,1233632.0
801710.SI,20240130,4354.6,884685.0
801710.SI,20240131,4263.33,958637.0
801710.SI,20240201,4223.72,853187.0
801710.SI,20240202,4126.43,1034798.0
801710.SI,20240205,3964.54,1058462.0
801710.SI,20240206,4120.57,1092685.0
801710.SI,20240207,4173.45,1162382.0
801710.SI,20240208,4292.76,1152415.0
801710.SI,20240219,4299.81,1000489.0
801710.SI,20240220,4326.93,782091.0
801710.SI,20240221,4398.5,1082063.0
801710.SI,20240222,4419.36,817128.0
801710.SI,20240223,4429.74,884298.0
801710.SI,20240226,4422.76,941288.0
801710.SI,20240227,4476.27,852695.0
801710.SI,20240228,4349.6,1366438.0
801710.SI,20240229,4449.19,1015796.0
801710.SI,20240301,4459.4,885299.0
801710.SI,20240304,4415.12,995758.0
801710.SI,20240305,4385.69,889905.0
801710.SI,20240306,4399.94,773457.0
801710.SI,20240307,4384.63,886188.0
801710.SI,20240308,4389.86,746435.0
801710.SI,20240311,4455.6,1002252.0
801710.SI,20240312,4547.82,1189489.0
801710.SI,20240313,4494.27,912818.0
801710.SI,20240314,4485.44,861663.0
801710.SI,20240315,4514.89,733025.0
801710.SI,20240318,4536.25,796223.0
801710.SI,20240319,4499.04,765780.0
801710.SI,20240320,4495.31,804327.0
801710.SI,20240321,4468.4,927457.0
801710.SI,20240322,4397.93,852035.0
801710.SI,20240325,4414.85,981370.0
801710.SI,20240326,4456.05,846037.0
801710.SI,20240327,4339.47,793094.0
801710.SI,20240328,4358.4,724791.0
801710.SI,20240329,4375.1,601009.0
801710.SI,20240401,4499.36,839707.0
801710.SI,20240402,4510.11,798743.0
801710.SI,20240403,4498.97,726845.0
801710.SI,20240408,4395.57,819510.0
801710.SI,20240409,4453.95,651555.0
801710.SI,20240410,4365.82,709671.0
801710.SI,20240411,4392.75,729928.0
801710.SI,20240412,4314.42,633224.0
801710.SI,20240415,4313.99,1016906.0
801710.SI,20240416,4185.26,1001720.0
801710.SI,20240417,4338.82,931622.0
801710.SI,20240418,4337.67,956276.0
801710.SI,20240419,4333.51,842139.0
801710.SI,20240422,4345.41,795052.0
801710.SI,20240423,4267.33,810660.0
801710.SI,20240424,4262.23,770339.0
801710.SI,20240425,4274.7,728792.0
801710.SI,20240426,4319.01,915029.0
801710.SI,20240429,4485.49,1199742.0
801710.SI,20240430,4419.34,889583.0
801710.SI,20240506,4520.41,1005237.0
801710.SI,20240507,4564.63,930895.0
801710.SI,20240508,4491.1,838351.0
801710.SI,20240509,4563.57,823911.0
801710.SI,20240510,4619.45,915312.0
801710.SI,20240513,4588.4,779122.0
801710.SI,20240514,4568.8,646463.0
801710.SI,20240515,4626.41,817827.0
801710.SI,20240516,4747.89,1298994.0
801710.SI,20240517,4851.75,1429995.0
801710.SI,20240520,4838.0,1330560.0
801710.SI,20240521,4805.68,985422.0
801710.SI,20240522,4809.32,1173481.0
801710.SI,20240523,4701.56,1088391.0
801710.SI,20240524,4647.57,831898.0
801710.SI,20240527,4617.44,814698.0
801710.SI,20240528,4543.06,690574.0
801710.SI,20240529,4543.2,643600.0
801710.SI,20240530,4491.71,664624.0
801710.SI,20240531,4432.76,626453.0
801710.SI,20240603,4382.59,700097.0
801710.SI,20240604,4439.65,717241.0
801710.SI,20240605,4372.58,502641.0
801710.SI,20240606,4285.88,662377.0
801710.SI,20240607,4315.36,555601.0
801710.SI,20240611,4281.41,486615.0
801710.SI,20240612,4287.2,452252.0
801710.SI,20240613,4183.28,626245.0
801710.SI,20240614,4224.91,513098.0
801710.SI,20240617,4174.57,466672.0
801710.SI,20240618,4193.55,398782.0
801710.SI,20240619,4149.13,434612.0
801710.SI,20240620,4071.14,498889.0
801710.SI,20240621,4133.35,597432.0
801710.SI,20240624,4038.71,653613.0
801710.SI,20240625,4071.41,497302.0
801710.SI,20240626,4120.7,503931.0
801710.SI,20240627,4048.6,539036.0
801710.SI,20240628,4027.9,534003.0
801710.SI,20240701,4120.29,577481.0
801710.SI,20240702,4093.91,511189.0
801710.SI,20240703,4083.18,450422.0
801710.SI,20240704,3999.66,489966.0
801710.SI,20240705,4018.74,406580.0
801710.SI,20240708,3957.14,491869.0
801710.SI,20240709,3920.01,663989.0
801710.SI,20240710,3893.6,524381.0
801710.SI,20240711,3979.47,557105.0
801710.SI,20240712,4005.31,529149.0
801710.SI,20240715,3975.16,410881.0
801710.SI,20240716,3946.97,336273.0
801710.SI,20240717,3994.74,477111.0
801710.SI,20240718,3987.59,453213.0
801710.SI,20240719,3968.23,410956.0
801710.SI,20240722,3937.52,385718.0
801710.SI,20240723,3863.33,403650.0
801710.SI,20240724,3829.08,408138.0
801710.SI,20240725,3871.11,432498.0
801710.SI,20240726,3908.97,377019.0
801710.SI,20240729,3851.79,424480.0
801710.SI,20240730,3864.54,389613.0
801710.SI,20240731,3958.4,539734.0
801710.SI,20240801,3912.42,521249.0
801710.SI,20240802,3862.17,471066.0
801710.SI,20240805,3823.61,516443.0
801710.SI,20240806,3874.09,395582.0
801710.SI,20240807,3870.33,404373.0
801710.SI,20240808,3924.65,527381.0
801710.SI,20240809,3912.0,508369.0
801710.SI,20240812,3851.7,434190.0
801710.SI,20240813,3857.05,429440.0
801710.SI,20240814,3813.3,459354.0
801710.SI,20240815,3828.36,697548.0
801710.SI,20240816,3763.71,659499.0
801710.SI,20240819,3749.33,562378.0
801710.SI,20240820,3676.32,674087.0
801710.SI,20240821,3635.89,577407.0
801710.SI,20240822,3578.16,515589.0
801710.SI,20240823,3642.14,583300.0
801710.SI,20240826,3657.63,718848.0
801710.SI,20240827,3608.18,594004.0
801710.SI,20240828,3557.42,562188.0
801710.SI,20240829,3594.46,678816.0
801710.SI,20240830,3676.04,921197.0
801710.SI,20240902,3587.41,657139.0
801710.SI,20240903,3593.6,517617.0
801710.SI,20240904,3551.57,479421.0
801710.SI,20240905,3594.49,428695.0
801710.SI,20240906,3536.8,517754.0
801710.SI,20240909,3502.47,452729.0
801710.SI,20240910,3463.61,462696.0
801710.SI,20240911,3470.75,368548.0
801710.SI,20240912,3469.73,366259.0
801710.SI,20240913,3435.69,416823.0
801710.SI,20240918,3459.57,420180.0
801710.SI,20240919,3533.9,692637.0
801710.SI,20240920,3504.63,454894.0
801710.SI,20240923,3519.19,367204.0
801710.SI,20240924,3670.84,775894.0
801710.SI,20240925,3715.77,964859.0
801710.SI,20240926,3938.06,1046938.0
801710.SI,20240927,4155.13,1257342.0
801710.SI,20240930,4517.88,2148679.0
801710.SI,20241008,4670.56,3096180.0
801710.SI,20241009,4257.69,1974128.0
801710.SI,20241010,4329.78,1594047.0
801710.SI,20241011,4239.88,1235914.0
801710.SI,20241014,4411.57,1636885.0
801710.SI,20241015,4346.56,1600252.0
801710.SI,20241016,4446.91,1684398.0
801710.SI,20241017,4303.47,1785767.0
801710.SI,20241018,4360.55,1671345.0
801710.SI,20241021,4371.19,1468464.0
801710.SI,20241022,4448.38,1324307.0
801710.SI,20241023,4501.7,1623065.0
801710.SI,20241024,4432.68,1213305.0
801710.SI,20241025,4552.02,1723168.0
801710.SI,20241028,4700.49,1776479.0
801710.SI,20241029,4593.47,1737910.0
801710.SI,20241030,4656.35,1573558.0
801710.SI,20241031,4730.73,1773661.0
801710.SI,20241101,4654.92,1694817.0
801710.SI,20241104,4673.87,1178279.0
801710.SI,20241105,4761.49,1668786.0
801710.SI,20241106,4805.51,1963518.0
801710.SI,20241107,4946.2,2066165.0
801710.SI,20241108,4826.43,2006123.0
801710.SI,20241111,4797.37,1560703.0
801710.SI,20241112,4759.1,1429759.0
801710.SI,20241113,4747.89,1157329.0
801710.SI,20241114,4667.75,1068282.0
801710.SI,20241115,4573.76,1066423.0
801710.SI,20241118,4556.01,1242334.0
801710.SI,20241119,4570.99,989343.0
801710.SI,20241120,4610.34,961800.0
801710.SI,20241121,4604.53,965985.0
801710.SI,20241122,4467.09,1077598.0
801710.SI,20241125,4511.61,1016038.0
801710.SI,20241126,4497.01,949136.0
801710.SI,20241127,4573.09,921692.0
801710.SI,20241128,4584.9,986810.0
801710.SI,20241129,4614.26,1025437.0
801710.SI,20241202,4684.04,1336715.0
801710.SI,20241203,4706.94,1116438.0
801710.SI,20241204,4611.93,1126952.0
801710.SI,20241205,4624.42,938472.0
801710.SI,20241206,4701.61,1419977.0
801710.SI,20241209,4704.9,1394409.0
801710.SI,20241210,4747.37,1884493.0
801710.SI,20241211,4779.65,1247457.0
801710.SI,20241212,4863.85,1466585.0
801710.SI,20241213,4760.83,1703746.0
801710.SI,20241216,4654.2,1290327.0
801710.SI,20241217,4565.07,1071248.0
801710.SI,20241218,4577.65,1008293.0
801710.SI,20241219,4550.98,994124.0
801710.SI,20241220,4536.89,799480.0
801710.SI,20241223,4470.23,1063707.0
801710.SI,20241224,4540.79,1019089.0
801710.SI,20241225,4511.06,1134344.0
801710.SI,20241226,4454.8,859364.0
801710.SI,20241227,4510.17,938243.0
801710.SI,20241230,4465.19,843578.0
801710.SI,20241231,4390.94,821184.0
801710.SI,20250102,4328.94,923579.0
801710.SI,20250103,4253.5,920972.0
801710.SI,20250106,4253.4,702674.0
801710.SI,20250107,4290.81,646055.0
801710.SI,20250108,4269.44,689675.0
801710.SI,20250109,4265.69,611555.0
801710.SI,20250110,4184.09,606627.0
801710.SI,20250113,4191.36,531353.0
801710.SI,20250114,4302.39,759244.0
801710.SI,20250115,4299.96,652882.0
801710.SI,20250116,4325.92,672127.0
801710.SI,20250117,4335.15,623221.0
801710.SI,20250120,4305.5,688960.0
801710.SI,20250121,4296.31,613944.0
801710.SI,20250122,4252.97,514039.0
801710.SI,20250123,4257.02,653073.0
801710.SI,20250124,4278.32,565975.0
801710.SI,20250127,4335.12,704963.0
801710.SI,20250205,4243.6,755763.0
801710.SI,20250206,4258.84,720189.0
801710.SI,20250207,4322.29,913163.0
801710.SI,20250210,4357.44,812758.0
801710.SI,20250211,4334.28,686465.0
801710.SI,20250212,4345.17,655390.0
801710.SI,20250213,4370.38,903634.0
801710.SI,20250214,4331.66,701283.0
801710.SI,20250217,4322.56,831966.0
801710.SI,20250218,4270.56,831892.0
801710.SI,20250219,4294.77,790763.0
801710.SI,20250220,4299.53,781097.0
801710.SI,20250221,4289.89,995340.0
801710.SI,20250224,4365.49,1152842.0
801710.SI,20250225,4317.66,1009137.0
801710.SI,20250226,4381.95,970490.0
801710.SI,20250227,4401.26,1005849.0
801710.SI,20250228,4359.65,1059405.0
801710.SI,20250303,4394.72,932419.0
801710.SI,20250304,4395.45,662776.0
801710.SI,20250305,4421.27,818510.0
801710.SI,20250306,4449.28,927644.0
801710.SI,20250307,4474.0,900858.0
801710.SI,20250310,4518.38,927740.0
801710.SI,20250311,4531.77,809821.0
801710.SI,20250312,4496.63,824729.0
801710.SI,20250313,4486.24,763097.0
801710.SI,20250314,4526.85,832792.0
801710.SI,20250317,4619.7,1029360.0
801710.SI,20250318,4615.72,763704.0
801710.SI,20250319,4598.88,789065.0
801710.SI,20250320,4603.77,800403.0
801710.SI,20250321,4590.18,928831.0
801710.SI,20250324,4542.53,883357.0
801710.SI,20250325,4525.14,698498.0
801710.SI,20250326,4540.05,670420.0
801710.SI,20250327,4535.78,707906.0
801710.SI,20250328,4506.41,671317.0
801710.SI,20250331,4473.7,728061.0
801710.SI,20250401,4487.42,694850.0
801710.SI,20250402,4471.27,557699.0
801710.SI,20250403,4493.83,752762.0
801710.SI,20250407,4167.51,994364.0
801710.SI,20250408,4264.15,1223297.0
801710.SI,20250409,4380.42,1236939.0
801710.SI,20250410,4412.39,1051294.0
801710.SI,20250411,4385.25,846196.0
801710.SI,20250414,4397.72,858113.0
801710.SI,20250415,4382.28,706596.0
801710.SI,20250416,4351.19,699678.0
801710.SI,20250417,4405.1,744024.0
801710.SI,20250418,4396.76,668210.0
801710.SI,20250421,4407.94,696429.0
801710.SI,20250422,4452.79,743528.0
801710.SI,20250423,4434.55,897378.0
801710.SI,20250424,4408.44,788909.0
801710.SI,20250425,4406.55,864895.0
801710.SI,20250428,4337.4,818539.0
801710.SI,20250429,4347.8,755445.0
801710.SI,20250430,4312.12,863644.0
801710.SI,20250506,4381.83,876185.0
801710.SI,20250507,4415.72,946423.0
801710.SI,20250508,4424.43,760648.0
801710.SI,20250509,4422.16,816900.0
801710.SI,20250512,4433.09,848396.0
801710.SI,20250513,4430.55,744212.0
801710.SI,20250514,4437.94,663284.0
801710.SI,20250515,4407.17,619103.0
801710.SI,20250516,4411.39,687107.0
801710.SI,20250519,4442.91,806508.0
801710.SI,20250520,4446.22,806536.0
801710.SI,20250521,4452.07,742481.0
801710.SI,20250522,4403.76,668372.0
801710.SI,20250523,4362.79,687038.0
801710.SI,20250526,4364.64,654295.0
801710.SI,20250527,4352.38,599622.0
801710.SI,20250528,4342.07,582541.0
801710.SI,20250529,4373.59,728547.0
801710.SI,20250530,4370.54,855537.0
801710.SI,20250603,4347.91,932438.0
801710.SI,20250604,4409.69,927997.0
801710.SI,20250605,4370.22,894830.0
801710.SI,20250606,4398.25,915082.0
801710.SI,20250609,4400.69,790621.0
801710.SI,20250610,4351.89,831161.0
801710.SI,20250611,4372.02,613459.0
801710.SI,20250612,4360.1,718923.0
801710.SI,20250613,4276.63,839330.0
801710.SI,20250616,4287.0,785618.0
801710.SI,20250617,4305.4,770073.0
801710.SI,20250618,4252.83,747755.0
801710.SI,20250619,4202.45,769272.0
801710.SI,20250620,4215.69,722567.0
801710.SI,20250623,4228.7,702433.0
801710.SI,20250624,4296.43,799562.0
801710.SI,20250625,4329.81,825073.0
801710.SI,20250626,4319.67,777207.0
801710.SI,20250627,4317.34,712578.0
801710.SI,20250630,4336.66,850446.0
801710.SI,20250701,4381.09,996375.0
801710.SI,20250702,4443.36,1445693.0
801710.SI,20250703,4484.64,1525705.0
801710.SI,20250704,4488.43,1650141.0
801710.SI,20250707,4534.84,1518330.0
801710.SI,20250708,4631.2,1814002.0
801710.SI,20250709,4624.98,2191296.0
801710.SI,20250710,4669.46,2032395.0
801710.SI,20250711,4638.31,1894470.0
801710.SI,20250714,4662.54,1617257.0
801710.SI,20250715,4601.26,1608908.0
801710.SI,20250716,4593.31,1330324.0
801710.SI,20250717,4641.38,1422490.0
801710.SI,20250718,4627.73,1218851.0
801710.SI,20250721,4908.23,2707521.0
801710.SI,20250722,5128.73,3655251.0
801710.SI,20250723,5012.41,3692318.0
801710.SI,20250724,5093.19,2978797.0
801710.SI,20250725,5007.18,3195222.0
801710.SI,20250728,5006.99,2568522.0
801710.SI,20250729,5014.56,2863737.0
801710.SI,20250730,5003.93,2663077.0
801710.SI,20250731,4916.22,2624752.0
801710.SI,20250801,4891.6,1821535.0
801710.SI,20250804,4888.83,1893010.0
801710.SI,20250805,4903.68,1859773.0
801710.SI,20250806,4892.61,1618717.0
801710.SI,20250807,4893.01,1757620.0
801710.SI,20250808,4949.67,2053434.0
801710.SI,20250811,5017.73,2239071.0
801710.SI,20250812,4994.72,1928721.0
801710.SI,20250813,5024.71,1964846.0
801710.SI,20250814,4978.39,2410270.0
801710.SI,20250815,5092.2,2339546.0
801710.SI,20250818,5146.27,2753385.0
801710.SI,20250819,5124.97,2520069.0
801710.SI,20250820,5145.4,1934766.0
801710.SI,20250821,5153.93,2302210.0
801710.SI,20250822,5240.54,2296203.0
801710.SI,20250825,5355.99,2890891.0
801710.SI,20250826,5333.13,2386327.0
801710.SI,20250827,5170.53,2477446.0
801710.SI,20250828,5237.66,2444449.0
801710.SI,20250829,5248.01,2380557.0
801710.SI,20250901,5261.71,2258795.0
801710.SI,20250902,5138.52,2068152.0
801710.SI,20250903,5059.28,1446515.0
801710.SI,20250904,5017.89,1574905.0
801710.SI,20250905,5101.73,1472773.0
801710.SI,20250908,5180.81,1735097.0
801710.SI,20250909,5171.39,1497388.0
801710.SI,20250910,5185.32,1535002.0
801710.SI,20250911,5264.52,1855850.0
801710.SI,20250912,5226.79,1924978.0
801710.SI,20250915,5246.52,1627915.0
801710.SI,20250916,5248.58,1475411.0
801710.SI,20250917,5250.53,1438994.0
801710.SI,20250918,5194.6,2004949.0
801710.SI,20250919,5249.34,1806135.0
801710.SI,20250922,5199.52,1610521.0
801710.SI,20250923,5147.53,1705048.0
801710.SI,20250924,5186.06,1420763.0
801710.SI,20250925,5181.73,1584762.0
801710.SI,20250926,5138.6,1219582.0
801710.SI,20250929,5203.82,1272542.0
801710.SI,20250930,5210.65,1151942.0
801710.SI,20251009,5248.7,1514879.0
801710.SI,20251010,5349.43,1979932.0
801710.SI,20251013,5287.01,1610768.0
801710.SI,20251014,5261.02,1643406.0
801710.SI,20251015,5342.4,1510696.0
801710.SI,20251016,5243.12,1422681.0
801710.SI,20251017,5129.37,1262507.0
801710.SI,20251020,5163.71,1104779.0
801710.SI,20251021,5230.97,1342291.0
801710.SI,20251022,5238.77,1571231.0
801710.SI,20251023,5191.05,1386676.0
801710.SI,20251024,5211.62,1488940.0
801710.SI,20251027,5270.48,1824887.0
801710.SI,20251028,5270.76,1758251.0
801710.SI,20251029,5330.26,1936264.0
801710.SI,20251030,5241.86,1775499.0
801710.SI,20251031,5278.74,1790116.0
801710.SI,20251103,5263.03,1675938.0
801710.SI,20251104,5214.05,1474196.0
801710.SI,20251105,5256.5,1550633.0
801710.SI,20251106,5256.51,1457224.0
801710.SI,20251107,5320.78,1795552.0
801710.SI,20251110,5352.99,1633525.0
801710.SI,20251111,5370.99,1785252.0
801710.SI,20251112,5329.4,1714149.0
801710.SI,20251113,5417.39,1773722.0
801710.SI,20251114,5372.44,1762081.0
801710.SI,20251117,5322.49,1570898.0
801710.SI,20251118,5251.65,1446138.0
801710.SI,20251119,5161.76,1175249.0
801710.SI,20251120,5234.15,1390454.0
801710.SI,20251121,5067.41,1628335.0
801710.SI,20251124,5076.04,1319877.0
801710.SI,20251125,5156.63,1239953.0
801710.SI,20251126,5156.92,1457189.0
801710.SI,20251127,5119.11,1470916.0
801710.SI,20251128,5172.4,1274245.0
801710.SI,20251201,5227.37,1790738.0
801710.SI,20251202,5244.15,1555128.0
801710.SI,20251203,5211.92,1395454.0
801710.SI,20251204,5178.83,1294994.0
801710.SI,20251205,5252.51,1660948.0
801710.SI,20251208,5278.56,1827890.0
801710.SI,20251209,5209.78,1700222.0
801710.SI,20251210,5244.65,1409310.0
801710.SI,20251211,5202.82,1601122.0
801710.SI,20251212,5178.51,2018424.0
801710.SI,20251215,5225.47,1962935.0
801710.SI,20251216,5148.75,1837566.0
801710.SI,20251217,5179.95,1634886.0
801710.SI,20251218,5165.38,1621865.0
801710.SI,20251219,5211.88,1622104.0
801710.SI,20251222,5257.99,1841327.0
801710.SI,20251223,5304.21,2211296.0
801710.SI,20251224,5395.44,2272645.0
801710.SI,20251225,5430.94,1701746.0
801710.SI,20251226,5449.43,2246986.0
801710.SI,20251229,5388.86,2152301.0
801710.SI,20251230,5361.92,2057313.0
801710.SI,20251231,5362.85,2014488.0
801720.SI,20221010,1909.38,1185504.0
801720.SI,20221011,1912.11,1017318.0
801720.SI,20221012,1949.02,1224072.0
801720.SI,20221013,1940.03,1221295.0
801720.SI,20221014,1966.36,1360941.0
801720.SI,20221017,1978.97,1266873.0
801720.SI,20221018,1977.51,1246196.0
801720.SI,20221019,1965.14,1325168.0
801720.SI,20221020,1953.52,1304109.0
801720.SI,20221021,1981.92,1680131.0
801720.SI,20221024,1937.53,1761671.0
801720.SI,20221025,1956.65,1548902.0
801720.SI,20221026,1964.53,1557584.0
801720.SI,20221027,1968.58,1400208.0
801720.SI,20221028,1916.47,1655496.0
801720.SI,20221031,1884.09,1577715.0
801720.SI,20221101,1932.77,1652420.0
801720.SI,20221102,1941.73,1622960.0
801720.SI,20221103,1938.41,1624514.0
801720.SI,20221104,1970.72,1959266.0
801720.SI,20221107,1988.39,1783865.0
801720.SI,20221108,1990.42,1673633.0
801720.SI,20221109,1987.34,1608298.0
801720.SI,20221110,1982.84,1519775.0
801720.SI,20221111,2029.88,2378699.0
801720.SI,20221114,2026.97,2380014.0
801720.SI,20221115,2047.79,1903520.0
801720.SI,20221116,2035.22,1655907.0
801720.SI,20221117,2040.6,1668996.0
801720.SI,20221118,2021.72,1784210.0
801720.SI,20221121,2012.0,1527807.0
801720.SI,20221122,2076.36,3415512.0
801720.SI,20221123,2110.68,4087093.0
801720.SI,20221124,2084.92,2879043.0
801720.SI,20221125,2123.43,2993936.0
801720.SI,20221128,2107.24,2665058.0
801720.SI,20221129,2164.04,3561111.0
801720.SI,20221130,2144.13,2705399.0
801720.SI,20221201,2127.21,2476127.0
801720.SI,20221202,2137.31,2374999.0
801720.SI,20221205,2238.98,4190357.0
801720.SI,20221206,2197.54,3284494.0
801720.SI,20221207,2173.11,2548844.0
801720.SI,20221208,2172.37,1996437.0
801720.SI,20221209,2166.98,2223706.0
801720.SI,20221212,2123.58,2151137.0
801720.SI,20221213,2128.0,1687833.0
801720.SI,20221214,2109.37,1530427.0
801720.SI,20221215,2101.1,1522866.0
801720.SI,20221216,2104.41,1640632.0
801720.SI,20221219,2039.55,1757844.0
801720.SI,20221220,2028.65,1186796.0
801720.SI,20221221,2013.12,1070621.0
801720.SI,20221222,1983.02,1263903.0
801720.SI,20221223,1981.53,998092.0
801720.SI,20221226,1992.38,1149757.0
801720.SI,20221227,2009.95,1545302.0
801720.SI,20221228,1993.58,1340641.0
801720.SI,20221229,1970.85,1127261.0
801720.SI,20221230,1993.53,1085577.0
801720.SI,20230103,2024.62,1429329.0
801720.SI,20230104,2045.31,1639865.0
801720.SI,20230105,2050.21,1682235.0
801720.SI,20230106,2048.44,1783668.0
801720.SI,20230109,2053.32,1556422.0
801720.SI,20230110,2033.5,1352125.0
801720.SI,20230111,2031.66,1516903.0
801720.SI,20230112,2021.15,1411018.0
801720.SI,20230113,2029.58,1357536.0
801720.SI,20230116,2043.13,1625696.0
801720.SI,20230117,2035.76,1209089.0
801720.SI,20230118,2041.28,1173373.0
801720.SI,20230119,2052.43,1277463.0
801720.SI,20230120,2092.84,1799387.0
801720.SI,20230130,2092.71,1993897.0
801720.SI,20230131,2103.95,1640124.0
801720.SI,20230201,2136.15,2240773.0
801720.SI,20230202,2133.94,2106163.0
801720.SI,20230203,2112.53,1904851.0
801720.SI,20230206,2115.86,1925724.0
801720.SI,20230207,2143.03,2088457.0
801720.SI,20230208,2116.77,1683759.0
801720.SI,20230209,2130.05,1698549.0
801720.SI,20230210,2134.81,1740090.0
801720.SI,20230213,2157.8,2067373.0
801720.SI,20230214,2157.6,1846807.0
801720.SI,20230215,2143.99,1789393.0
801720.SI,20230216,2115.5,2610009.0
801720.SI,20230217,2099.17,1687088.0
801720.SI,20230220,2160.8,2248229.0
801720.SI,20230221,2179.61,1994757.0
801720.SI,20230222,2176.26,1658206.0
801720.SI,20230223,2166.22,1576365.0
801720.SI,20230224,2150.55,1258376.0
801720.SI,20230227,2131.17,1261453.0
801720.SI,20230228,2155.57,1619796.0
801720.SI,20230301,2200.2,2632417.0
801720.SI,20230302,2232.94,3458830.0
801720.SI,20230303,2281.7,3712794.0
801720.SI,20230306,2259.35,3066209.0
801720.SI,20230307,2254.61,3698871.0
801720.SI,20230308,2261.88,2473445.0
801720.SI,20230309,2256.73,2476936.0
801720.SI,20230310,2217.05,2450640.0
801720.SI,20230313,2270.12,2937706.0
801720.SI,20230314,2247.49,2950069.0
801720.SI,20230315,2322.38,3773185.0
801720.SI,20230316,2296.78,3270172.0
801720.SI,20230317,2338.11,3685758.0
801720.SI,20230320,2314.87,4901690.0
801720.SI,20230321,2300.64,3547821.0
801720.SI,20230322,2308.86,3298010.0
801720.SI,20230323,2339.75,3692299.0
801720.SI,20230324,2287.64,3453557.0
801720.SI,20230327,2258.93,3279321.0
801720.SI,20230328,2256.95,2926887.0
801720.SI,20230329,2206.94,2769699.0
801720.SI,20230330,2213.58,2285944.0
801720.SI,20230331,2216.64,1996692.0
801720.SI,20230403,2241.44,2319630.0
801720.SI,20230404,2316.24,3989195.0
801720.SI,20230406,2311.92,3097745.0
801720.SI,20230407,2302.56,2580343.0
801720.SI,20230410,2311.08,2752459.0
801720.SI,20230411,2319.48,2420411.0
801720.SI,20230412,2349.94,2734645.0
801720.SI,20230413,2360.51,2941779.0
801720.SI,20230414,2404.83,3729463.0
801720.SI,20230417,2442.64,4251917.0
801720.SI,20230418,2429.68,3423839.0
801720.SI,20230419,2396.44,3212604.0
801720.SI,20230420,2433.74,3536553.0
801720.SI,20230421,2382.14,3307692.0
801720.SI,20230424,2374.7,3068406.0
801720.SI,20230425,2348.59,2859215.0
801720.SI,20230426,2319.6,2851769.0
801720.SI,20230427,2361.18,3041202.0
801720.SI,20230428,2445.52,3794758.0
801720.SI,20230504,2495.69,4213978.0
801720.SI,20230505,2489.47,4235072.0
801720.SI,20230508,2515.72,5073075.0
801720.SI,20230509,2456.72,5322516.0
801720.SI,20230510,2422.21,3742673.0
801720.SI,20230511,2414.24,2730993.0
801720.SI,20230512,2340.51,2898993.0
801720.SI,20230515,2338.53,2803576.0
801720.SI,20230516,2294.91,2324118.0
801720.SI,20230517,2302.95,2049281.0
801720.SI,20230518,2303.03,2262680.0
801720.SI,20230519,2270.4,2212043.0
801720.SI,20230522,2257.07,1851730.0
801720.SI,20230523,2219.14,1955447.0
801720.SI,20230524,2184.02,2074366.0
801720.SI,20230525,2184.63,2025185.0
801720.SI,20230526,2183.75,1946640.0
801720.SI,20230529,2190.63,2195585.0
801720.SI,20230530,2231.2,2644448.0
801720.SI,20230531,2228.7,2087911.0
801720.SI,20230601,2233.25,2387278.0
801720.SI,20230602,2236.5,2091185.0
801720.SI,20230605,2219.23,2127893.0
801720.SI,20230606,2208.15,2610744.0
801720.SI,20230607,2208.54,1989824.0
801720.SI,20230608,2253.91,2735642.0
801720.SI,20230609,2248.81,2618336.0
801720.SI,20230612,2225.66,2181756.0
801720.SI,20230613,2208.93,2099281.0
801720.SI,20230614,2198.54,1900863.0
801720.SI,20230615,2204.93,1777921.0
801720.SI,20230616,2256.09,2773533.0
801720.SI,20230619,2211.7,2512589.0
801720.SI,20230620,2178.66,1901847.0
801720.SI,20230621,2162.99,1767720.0
801720.SI,20230626,2108.14,1791030.0
801720.SI,20230627,2178.73,1887470.0
801720.SI,20230628,2173.34,1678695.0
801720.SI,20230629,2182.91,1604003.0
801720.SI,20230630,2185.24,1560683.0
801720.SI,20230703,2219.73,2108755.0
801720.SI,20230704,2210.71,1667661.0
801720.SI,20230705,2211.03,1663370.0
801720.SI,20230706,2197.41,1400276.0
801720.SI,20230707,2195.38,1346889.0
801720.SI,20230710,2212.22,1477360.0
801720.SI,20230711,2213.07,1482758.0
801720.SI,20230712,2171.25,1662889.0
801720.SI,20230713,2203.43,1705563.0
801720.SI,20230714,2206.82,1549593.0
801720.SI,20230717,2203.03,1298829.0
801720.SI,20230718,2193.44,1351162.0
801720.SI,20230719,2205.41,1352536.0
801720.SI,20230720,2182.11,1439303.0
801720.SI,20230721,2181.83,1699918.0
801720.SI,20230724,2195.08,2396869.0
801720.SI,20230725,2255.14,3112426.0
801720.SI,20230726,2263.98,3252407.0
801720.SI,20230727,2241.36,3017981.0
801720.SI,20230728,2266.94,2899542.0
801720.SI,20230731,2317.69,3632275.0
801720.SI,20230801,2312.83,2873438.0
801720.SI,20230802,2295.57,2196670.0
801720.SI,20230803,2301.5,2003476.0
801720.SI,20230804,2300.72,2340469.0
801720.SI,20230807,2267.74,2065734.0
801720.SI,20230808,2267.89,1837649.0
801720.SI,20230809,2261.98,1998059.0
801720.SI,20230810,2255.41,1559278.0
801720.SI,20230811,2204.45,1853674.0
801720.SI,20230814,2231.48,1934903.0
801720.SI,20230815,2220.84,1471979.0
801720.SI,20230816,2209.34,1518086.0
801720.SI,20230817,2224.13,1573627.0
801720.SI,20230818,2186.22,1894258.0
801720.SI,20230821,2188.48,1830345.0
801720.SI,20230822,2211.71,2256784.0
801720.SI,20230823,2159.37,1931140.0
801720.SI,20230824,2069.84,2848061.0
801720.SI,20230825,2064.83,2010942.0
801720.SI,20230828,2101.14,3182907.0
801720.SI,20230829,2130.01,2813653.0
801720.SI,20230830,2092.78,2390388.0
801720.SI,20230831,2081.9,1999374.0
801720.SI,20230901,2103.61,1978080.0
801720.SI,20230904,2134.74,2182259.0
801720.SI,20230905,2105.3,1884568.0
801720.SI,20230906,2100.58,1635423.0
801720.SI,20230907,2075.09,1535873.0
801720.SI,20230908,2068.0,1310059.0
801720.SI,20230911,2078.28,1443001.0
801720.SI,20230912,2077.33,1244186.0
801720.SI,20230913,2075.48,1627388.0
801720.SI,20230914,2068.28,1506873.0
801720.SI,20230915,2055.39,1561093.0
801720.SI,20230918,2059.02,1371537.0
801720.SI,20230919,2057.6,1415219.0
801720.SI,20230920,2046.69,1228870.0
801720.SI,20230921,2023.34,1165895.0
801720.SI,20230922,2063.91,1498787.0
801720.SI,20230925,2033.66,1219890.0
801720.SI,20230926,2025.35,1206018.0
801720.SI,20230927,2051.99,1705605.0
801720.SI,20230928,2062.9,1423012.0
801720.SI,20231009,2044.44,1464481.0
801720.SI,20231010,1975.34,2333267.0
801720.SI,20231011,1977.88,1643839.0
801720.SI,20231012,2000.05,1445784.0
801720.SI,20231013,1971.69,1288581.0
801720.SI,20231016,1967.03,1241955.0
801720.SI,20231017,1969.57,1163645.0
801720.SI,20231018,1938.2,1155032.0
801720.SI,20231019,1916.07,1351764.0
801720.SI,20231020,1909.34,1168288.0
801720.SI,20231023,1865.36,1236719.0
801720.SI,20231024,1902.12,1314985.0
801720.SI,20231025,1954.44,2219917.0
801720.SI,20231026,1947.83,1705641.0
801720.SI,20231027,1955.88,1704145.0
801720.SI,20231030,1947.97,1686909.0
801720.SI,20231031,1946.63,1536682.0
801720.SI,20231101,1938.65,1476289.0
801720.SI,20231102,1926.37,1780794.0
801720.SI,20231103,1934.7,1644423.0
801720.SI,20231106,1966.07,2081878.0
801720.SI,20231107,1962.23,1766173.0
801720.SI,20231108,1959.03,2086461.0
801720.SI,20231109,1959.09,2009316.0
801720.SI,20231110,1944.19,1746328.0
801720.SI,20231113,1970.95,1940925.0
801720.SI,20231114,1972.4,1944102.0
801720.SI,20231115,1979.4,2025498.0
801720.SI,20231116,1963.21,1665214.0
801720.SI,20231117,1960.81,1605741.0
801720.SI,20231120,1965.28,1827205.0
801720.SI,20231121,1969.44,2208619.0
801720.SI,20231122,1959.84,2259462.0
801720.SI,20231123,1971.5,2192923.0
801720.SI,20231124,1950.57,1800373.0
801720.SI,20231127,1932.73,1798826.0
801720.SI,20231128,1936.32,1555025.0
801720.SI,20231129,1912.44,1659621.0
801720.SI,20231130,1912.61,1459709.0
801720.SI,20231201,1932.41,1694114.0
801720.SI,20231204,1933.28,1933373.0
801720.SI,20231205,1900.69,1817896.0
801720.SI,20231206,1902.47,1727612.0
801720.SI,20231207,1894.85,1729856.0
801720.SI,20231208,1877.23,1901632.0
801720.SI,20231211,1890.36,1809260.0
801720.SI,20231212,1911.17,1642787.0
801720.SI,20231213,1889.79,1469790.0
801720.SI,20231214,1890.24,1754217.0
801720.SI,20231215,1885.25,1671347.0
801720.SI,20231218,1866.59,1730702.0
801720.SI,20231219,1857.38,1518375.0
801720.SI,20231220,1847.22,1339125.0
801720.SI,20231221,1862.18,1546607.0
801720.SI,20231222,1855.04,1501860.0
801720.SI,20231225,1839.36,1146098.0
801720.SI,20231226,1824.5,1214436.0
801720.SI,20231227,1839.05,1336453.0
801720.SI,20231228,1874.5,1773951.0
801720.SI,20231229,1886.47,1791187.0
801720.SI,20240102,1883.68,1652528.0
801720.SI,20240103,1890.33,1647636.0
801720.SI,20240104,1882.69,1533214.0
801720.SI,20240105,1874.42,1837061.0
801720.SI,20240108,1846.89,1750423.0
801720.SI,20240109,1854.51,1941587.0
801720.SI,20240110,1839.03,1653548.0
801720.SI,20240111,1852.58,1762837.0
801720.SI,20240112,1858.38,2287791.0
801720.SI,20240115,1862.69,1949562.0
801720.SI,20240116,1859.77,1958961.0
801720.SI,20240117,1817.67,1675565.0
801720.SI,20240118,1808.35,2262751.0
801720.SI,20240119,1794.55,1775283.0
801720.SI,20240122,1725.04,1917257.0
801720.SI,20240123,1732.89,1748187.0
801720.SI,20240124,1808.48,2488878.0
801720.SI,20240125,1904.86,3565103.0
801720.SI,20240126,1917.26,3559684.0
801720.SI,20240129,1905.22,3984957.0
801720.SI,20240130,1872.66,2996786.0
801720.SI,20240131,1819.53,2883526.0
801720.SI,20240201,1771.35,2574430.0
801720.SI,20240202,1732.02,2803952.0
801720.SI,20240205,1636.19,2379979.0
801720.SI,20240206,1670.95,2528158.0
801720.SI,20240207,1678.77,2576738.0
801720.SI,20240208,1720.01,2584373.0
801720.SI,20240219,1750.91,2317638.0
801720.SI,20240220,1763.35,1795843.0
801720.SI,20240221,1797.09,2970009.0
801720.SI,20240222,1816.76,2295371.0
801720.SI,20240223,1838.85,2373222.0
801720.SI,20240226,1821.44,2607407.0
801720.SI,20240227,1850.84,2252184.0
801720.SI,20240228,1805.75,3523598.0
801720.SI,20240229,1845.13,2668861.0
801720.SI,20240301,1844.85,2362163.0
801720.SI,20240304,1833.39,2378401.0
801720.SI,20240305,1837.1,2481967.0
801720.SI,20240306,1840.65,2276717.0
801720.SI,20240307,1831.24,2349308.0
801720.SI,20240308,1850.87,2035319.0
801720.SI,20240311,1871.0,2308384.0
801720.SI,20240312,1867.64,2575398.0
801720.SI,20240313,1852.16,2395707.0
801720.SI,20240314,1858.92,2449485.0
801720.SI,20240315,1867.04,1966316.0
801720.SI,20240318,1905.69,2772942.0
801720.SI,20240319,1888.92,2732213.0
801720.SI,20240320,1903.77,2210955.0
801720.SI,20240321,1901.84,2218876.0
801720.SI,20240322,1870.36,2400622.0
801720.SI,20240325,1854.73,2260865.0
801720.SI,20240326,1861.01,2252445.0
801720.SI,20240327,1819.8,1980582.0
801720.SI,20240328,1842.29,2159012.0
801720.SI,20240329,1865.38,2450441.0
801720.SI,20240401,1905.31,2551682.0
801720.SI,20240402,1898.45,2329532.0
801720.SI,20240403,1895.35,2175435.0
801720.SI,20240408,1864.71,2094367.0
801720.SI,20240409,1852.59,1790934.0
801720.SI,20240410,1818.29,1965245.0
801720.SI,20240411,1830.79,1847643.0
801720.SI,20240412,1806.27,1609574.0
801720.SI,20240415,1837.77,3096041.0
801720.SI,20240416,1787.11,3093230.0
801720.SI,20240417,1859.67,3077065.0
801720.SI,20240418,1853.66,3053173.0
801720.SI,20240419,1859.46,3147967.0
801720.SI,20240422,1832.13,2577770.0
801720.SI,20240423,1811.93,2781253.0
801720.SI,20240424,1836.34,2699093.0
801720.SI,20240425,1838.02,2495027.0
801720.SI,20240426,1849.89,3053337.0
801720.SI,20240429,1865.71,3100321.0
801720.SI,20240430,1825.22,2803283.0
801720.SI,20240506,1854.02,2525562.0
801720.SI,20240507,1855.64,2162153.0
801720.SI,20240508,1829.4,1855755.0
801720.SI,20240509,1857.35,2034150.0
801720.SI,20240510,1859.58,2165718.0
801720.SI,20240513,1864.59,2364850.0
801720.SI,20240514,1868.51,1908820.0
801720.SI,20240515,1857.33,2018379.0
801720.SI,20240516,1885.4,2604505.0
801720.SI,20240517,1915.36,2828243.0
801720.SI,20240520,1908.25,2666119.0
801720.SI,20240521,1894.73,2282173.0
801720.SI,20240522,1915.1,2518846.0
801720.SI,20240523,1880.63,2825758.0
801720.SI,20240524,1862.03,2293087.0
801720.SI,20240527,1867.16,1895427.0
801720.SI,20240528,1847.47,1944459.0
801720.SI,20240529,1845.16,1676167.0
801720.SI,20240530,1823.51,1754570.0
801720.SI,20240531,1822.69,1444187.0
801720.SI,20240603,1807.89,1769380.0
801720.SI,20240604,1826.33,1795795.0
801720.SI,20240605,1796.83,1608484.0
801720.SI,20240606,1760.12,1816790.0
801720.SI,20240607,1779.3,1452608.0
801720.SI,20240611,1754.88,1462388.0
801720.SI,20240612,1766.3,1348446.0
801720.SI,20240613,1747.32,1296592.0
801720.SI,20240614,1755.4,1424883.0
801720.SI,20240617,1743.17,1391647.0
801720.SI,20240618,1773.17,1651596.0
801720.SI,20240619,1778.99,1701125.0
801720.SI,20240620,1744.39,1708592.0
801720.SI,20240621,1764.57,1728775.0
801720.SI,20240624,1723.73,1858049.0
801720.SI,20240625,1717.36,1505577.0
801720.SI,20240626,1733.05,1471772.0
801720.SI,20240627,1713.7,1423957.0
801720.SI,20240628,1732.47,1750611.0
801720.SI,20240701,1757.07,1654375.0
801720.SI,20240702,1752.83,1515217.0
801720.SI,20240703,1744.34,1272607.0
801720.SI,20240704,1714.34,1250392.0
801720.SI,20240705,1710.52,1112922.0
801720.SI,20240708,1667.64,1194732.0
801720.SI,20240709,1675.8,1388942.0
801720.SI,20240710,1652.83,1209065.0
801720.SI,20240711,1688.08,1273016.0
801720.SI,20240712,1687.4,1288810.0
801720.SI,20240715,1678.37,1057945.0
801720.SI,20240716,1676.09,1063388.0
801720.SI,20240717,1673.68,1160436.0
801720.SI,20240718,1676.47,1140249.0
801720.SI,20240719,1675.79,1177622.0
801720.SI,20240722,1673.65,1170085.0
801720.SI,20240723,1649.7,1235167.0
801720.SI,20240724,1652.3,1431308.0
801720.SI,20240725,1651.75,1248031.0
801720.SI,20240726,1657.14,1100530.0
801720.SI,20240729,1676.72,1189268.0
801720.SI,20240730,1689.77,1327074.0
801720.SI,20240731,1708.69,1747757.0
801720.SI,20240801,1722.49,1793790.0
801720.SI,20240802,1711.39,1750195.0
801720.SI,20240805,1684.45,1776535.0
801720.SI,20240806,1691.41,1391149.0
801720.SI,20240807,1685.13,1156750.0
801720.SI,20240808,1680.68,1087793.0
801720.SI,20240809,1685.68,1234514.0
801720.SI,20240812,1667.38,1090933.0
801720.SI,20240813,1682.23,1048444.0
801720.SI,20240814,1681.47,1291601.0
801720.SI,20240815,1692.63,1420335.0
801720.SI,20240816,1673.56,1189705.0
801720.SI,20240819,1681.06,997137.0
801720.SI,20240820,1658.4,1045765.0
801720.SI,20240821,1645.88,844641.0
801720.SI,20240822,1638.75,939966.0
801720.SI,20240823,1639.36,925999.0
801720.SI,20240826,1651.48,1160043.0
801720.SI,20240827,1639.28,1452646.0
801720.SI,20240828,1611.44,1260455.0
801720.SI,20240829,1583.94,1416291.0
801720.SI,20240830,1601.99,1671012.0
801720.SI,20240902,1555.26,1647761.0
801720.SI,20240903,1549.33,1254000.0
801720.SI,20240904,1524.05,1097199.0
801720.SI,20240905,1537.62,929609.0
801720.SI,20240906,1521.09,1008122.0
801720.SI,20240909,1506.22,1148985.0
801720.SI,20240910,1506.92,1070776.0
801720.SI,20240911,1492.64,851068.0
801720.SI,20240912,1495.78,1074452.0
801720.SI,20240913,1489.53,1243593.0
801720.SI,20240918,1486.47,1136909.0
801720.SI,20240919,1520.05,1373719.0
801720.SI,20240920,1519.04,1370822.0
801720.SI,20240923,1523.01,1088100.0
801720.SI,20240924,1578.9,1895952.0
801720.SI,20240925,1627.16,2653531.0
801720.SI,20240926,1698.3,2477351.0
801720.SI,20240927,1746.0,2707155.0
801720.SI,20240930,1899.48,5312053.0
801720.SI,20241008,2001.38,6763642.0
801720.SI,20241009,1834.28,5046976.0
801720.SI,20241010,1930.31,5571311.0
801720.SI,20241011,1854.67,4308162.0
801720.SI,20241014,1923.73,4293190.0
801720.SI,20241015,1893.98,4139474.0
801720.SI,20241016,1926.06,4398033.0
801720.SI,20241017,1886.69,4247489.0
801720.SI,20241018,1920.87,4464363.0
801720.SI,20241021,1957.1,4705890.0
801720.SI,20241022,1959.47,3829074.0
801720.SI,20241023,1976.9,4258140.0
801720.SI,20241024,1955.04,3238781.0
801720.SI,20241025,1988.13,3976015.0
801720.SI,20241028,2018.55,4905465.0
801720.SI,20241029,1979.31,4470051.0
801720.SI,20241030,1993.67,4088024.0
801720.SI,20241031,2023.39,4812152.0
801720.SI,20241101,2015.94,5792602.0
801720.SI,20241104,2028.6,3579442.0
801720.SI,20241105,2088.46,4706056.0
801720.SI,20241106,2119.89,5556313.0
801720.SI,20241107,2189.43,6377445.0
801720.SI,20241108,2147.8,6090384.0
801720.SI,20241111,2144.31,4346341.0
801720.SI,20241112,2109.31,4109277.0
801720.SI,20241113,2122.84,3588183.0
801720.SI,20241114,2091.91,3527270.0
801720.SI,20241115,2061.63,3688104.0
801720.SI,20241118,2106.29,5682915.0
801720.SI,20241119,2077.54,4695564.0
801720.SI,20241120,2096.89,3390581.0
801720.SI,20241121,2092.42,3448791.0
801720.SI,20241122,2028.36,3823799.0
801720.SI,20241125,2020.46,3000490.0
801720.SI,20241126,2003.39,2306790.0
801720.SI,20241127,2021.74,2615116.0
801720.SI,20241128,2030.32,3209573.0
801720.SI,20241129,2044.7,3172673.0
801720.SI,20241202,2085.55,3268167.0
801720.SI,20241203,2114.11,3745890.0
801720.SI,20241204,2086.51,3544690.0
801720.SI,20241205,2096.83,3168980.0
801720.SI,20241206,2129.98,4092411.0
801720.SI,20241209,2112.52,3714146.0
801720.SI,20241210,2114.06,4322603.0
801720.SI,20241211,2142.4,3540947.0
801720.SI,20241212,2156.24,3744587.0
801720.SI,20241213,2109.15,4087547.0
801720.SI,20241216,2098.09,3201386.0
801720.SI,20241217,2048.14,2988697.0
801720.SI,20241218,2061.85,2918139.0
801720.SI,20241219,2071.53,2852975.0
801720.SI,20241220,2066.68,2657297.0
801720.SI,20241223,2032.08,2944858.0
801720.SI,20241224,2046.52,2296032.0
801720.SI,20241225,2026.81,2624856.0
801720.SI,20241226,2016.77,2238384.0
801720.SI,20241227,2036.49,2263198.0
801720.SI,20241230,2032.87,2102174.0
801720.SI,20241231,1991.51,2342184.0
801720.SI,20250102,1925.68,2664304.0
801720.SI,20250103,1873.95,2089480.0
801720.SI,20250106,1869.33,1660642.0
801720.SI,20250107,1889.63,1660395.0
801720.SI,20250108,1879.78,2059786.0
801720.SI,20250109,1867.04,1590814.0
801720.SI,20250110,1826.2,1658301.0
801720.SI,20250113,1823.13,1303313.0
801720.SI,20250114,1878.38,1810487.0
801720.SI,20250115,1871.4,1652898.0
801720.SI,20250116,1879.0,1703751.0
801720.SI,20250117,1880.15,1525945.0
801720.SI,20250120,1887.05,1594058.0
801720.SI,20250121,1873.54,1752415.0
801720.SI,20250122,1853.73,1409123.0
801720.SI,20250123,1860.94,1755861.0
801720.SI,20250124,1871.91,1494974.0
801720.SI,20250127,1873.55,1431927.0
801720.SI,20250205,1866.54,1609813.0
801720.SI,20250206,1885.51,1704185.0
801720.SI,20250207,1910.12,2394352.0
801720.SI,20250210,1929.11,2254886.0
801720.SI,20250211,1920.79,2202252.0
801720.SI,20250212,1932.83,2209494.0
801720.SI,20250213,1936.64,2758416.0
801720.SI,20250214,1934.59,2658339.0
801720.SI,20250217,1950.39,3118729.0
801720.SI,20250218,1917.28,3209778.0
801720.SI,20250219,1940.42,2759965.0
801720.SI,20250220,1924.55,2726422.0
801720.SI,20250221,1925.8,2806913.0
801720.SI,20250224,1970.87,3970481.0
801720.SI,20250225,1946.53,3179341.0
801720.SI,20250226,1966.54,2956840.0
801720.SI,20250227,1960.71,2891492.0
801720.SI,20250228,1939.23,3179820.0
801720.SI,20250303,1939.7,2786587.0
801720.SI,20250304,1942.33,2369470.0
801720.SI,20250305,1939.07,2559916.0
801720.SI,20250306,1954.43,2873680.0
801720.SI,20250307,1934.99,2582417.0
801720.SI,20250310,1933.87,2332498.0
801720.SI,20250311,1938.88,2045462.0
801720.SI,20250312,1951.97,2754053.0
801720.SI,20250313,1937.97,2453710.0
801720.SI,20250314,1966.01,2551380.0
801720.SI,20250317,1978.13,2354727.0
801720.SI,20250318,1978.35,2123661.0
801720.SI,20250319,1968.01,2067684.0
801720.SI,20250320,1968.86,1979911.0
801720.SI,20250321,1961.21,2498369.0
801720.SI,20250324,1939.51,2633503.0
801720.SI,20250325,1942.92,2175459.0
801720.SI,20250326,1945.43,1808818.0
801720.SI,20250327,1928.58,1754069.0
801720.SI,20250328,1905.8,1724553.0
801720.SI,20250331,1874.43,2090362.0
801720.SI,20250401,1888.07,1831382.0
801720.SI,20250402,1893.02,1665307.0
801720.SI,20250403,1900.66,1654858.0
801720.SI,20250407,1736.82,2529539.0
801720.SI,20250408,1780.8,2686448.0
801720.SI,20250409,1820.4,2609694.0
801720.SI,20250410,1837.0,2222173.0
801720.SI,20250411,1835.53,1748690.0
801720.SI,20250414,1849.53,1636764.0
801720.SI,20250415,1846.06,1498912.0
801720.SI,20250416,1843.67,1753754.0
801720.SI,20250417,1849.59,1565418.0
801720.SI,20250418,1858.39,1598760.0
801720.SI,20250421,1861.56,1721969.0
801720.SI,20250422,1869.59,1762099.0
801720.SI,20250423,1871.06,1882566.0
801720.SI,20250424,1867.62,1856530.0
801720.SI,20250425,1872.58,1949304.0
801720.SI,20250428,1849.23,1906607.0
801720.SI,20250429,1854.39,1710098.0
801720.SI,20250430,1848.99,1964498.0
801720.SI,20250506,1877.17,2102403.0
801720.SI,20250507,1890.36,2170877.0
801720.SI,20250508,1898.22,1911529.0
801720.SI,20250509,1885.72,1898053.0
801720.SI,20250512,1901.82,1888485.0
801720.SI,20250513,1913.3,2123079.0
801720.SI,20250514,1921.64,2009100.0
801720.SI,20250515,1906.73,1693089.0
801720.SI,20250516,1900.2,1887298.0
801720.SI,20250519,1914.99,1934705.0
801720.SI,20250520,1923.47,1991113.0
801720.SI,20250521,1925.11,2025333.0
801720.SI,20250522,1904.71,1900678.0
801720.SI,20250523,1881.71,1925614.0
801720.SI,20250526,1891.53,1738806.0
801720.SI,20250527,1888.07,1579132.0
801720.SI,20250528,1881.66,1513992.0
801720.SI,20250529,1901.56,1876157.0
801720.SI,20250530,1902.79,1920902.0
801720.SI,20250603,1905.25,1961530.0
801720.SI,20250604,1915.17,1871772.0
801720.SI,20250605,1911.43,2015812.0
801720.SI,20250606,1926.6,2237673.0
801720.SI,20250609,1930.27,2148242.0
801720.SI,20250610,1915.9,2246575.0
801720.SI,20250611,1923.64,1831966.0
801720.SI,20250612,1917.85,1721151.0
801720.SI,20250613,1899.49,1936339.0
801720.SI,20250616,1904.36,1625887.0
801720.SI,20250617,1906.66,1491291.0
801720.SI,20250618,1892.31,1405945.0
801720.SI,20250619,1859.6,1627102.0
801720.SI,20250620,1856.85,1285400.0
801720.SI,20250623,1867.79,1312199.0
801720.SI,20250624,1906.11,1959475.0
801720.SI,20250625,1922.01,2046073.0
801720.SI,20250626,1918.46,2033404.0
801720.SI,20250627,1923.86,2029207.0
801720.SI,20250630,1930.55,1968849.0
801720.SI,20250701,1926.16,1789891.0
801720.SI,20250702,1933.64,1924636.0
801720.SI,20250703,1938.4,1793862.0
801720.SI,20250704,1936.01,1985390.0
801720.SI,20250707,1948.46,1816743.0
801720.SI,20250708,1959.96,2040799.0
801720.SI,20250709,1967.2,2468808.0
801720.SI,20250710,1987.86,2859801.0
801720.SI,20250711,1986.24,2946634.0
801720.SI,20250714,1995.22,2498284.0
801720.SI,20250715,1978.56,2575389.0
801720.SI,20250716,1970.31,2012645.0
801720.SI,20250717,1966.56,1860182.0
801720.SI,20250718,1972.11,2039781.0
801720.SI,20250721,2046.85,3860791.0
801720.SI,20250722,2116.02,5041996.0
801720.SI,20250723,2095.32,6003194.0
801720.SI,20250724,2126.76,6553317.0
801720.SI,20250725,2082.97,5683710.0
801720.SI,20250728,2064.86,3728747.0
801720.SI,20250729,2069.62,4041050.0
801720.SI,20250730,2058.11,3300853.0
801720.SI,20250731,2034.94,3549104.0
801720.SI,20250801,2032.7,2956233.0
801720.SI,20250804,2035.3,2818314.0
801720.SI,20250805,2045.76,2714258.0
801720.SI,20250806,2043.52,2841193.0
801720.SI,20250807,2044.92,3043173.0
801720.SI,20250808,2068.33,3513196.0
801720.SI,20250811,2084.46,3482008.0
801720.SI,20250812,2081.54,3257231.0
801720.SI,20250813,2080.2,3572018.0
801720.SI,20250814,2046.67,3723307.0
801720.SI,20250815,2057.79,3225458.0
801720.SI,20250818,2061.32,3588007.0
801720.SI,20250819,2065.64,3344295.0
801720.SI,20250820,2069.8,3020650.0
801720.SI,20250821,2078.79,3562698.0
801720.SI,20250822,2090.9,3241341.0
801720.SI,20250825,2117.92,4340055.0
801720.SI,20250826,2125.43,3855273.0
801720.SI,20250827,2075.66,4657050.0
801720.SI,20250828,2082.83,4018559.0
801720.SI,20250829,2072.65,3893880.0
801720.SI,20250901,2078.45,3720355.0
801720.SI,20250902,2060.23,3580594.0
801720.SI,20250903,2032.03,2872675.0
801720.SI,20250904,2020.6,2944093.0
801720.SI,20250905,2044.18,2533341.0
801720.SI,20250908,2062.17,2815862.0
801720.SI,20250909,2050.3,2380785.0
801720.SI,20250910,2046.59,2281414.0
801720.SI,20250911,2073.67,2869372.0
801720.SI,20250912,2093.59,3749571.0
801720.SI,20250915,2106.22,3283843.0
801720.SI,20250916,2120.92,3230391.0
801720.SI,20250917,2132.87,4008944.0
801720.SI,20250918,2107.1,4865062.0
801720.SI,20250919,2102.76,3657556.0
801720.SI,20250922,2080.3,3207761.0
801720.SI,20250923,2074.63,3710845.0
801720.SI,20250924,2083.41,3090998.0
801720.SI,20250925,2072.79,3081770.0
801720.SI,20250926,2071.09,2773319.0
801720.SI,20250929,2084.53,2809295.0
801720.SI,20250930,2100.43,3088559.0
801720.SI,20251009,2146.06,4480198.0
801720.SI,20251010,2160.06,4480246.0
801720.SI,20251013,2151.05,4228196.0
801720.SI,20251014,2148.23,4542295.0
801720.SI,20251015,2171.95,3720085.0
801720.SI,20251016,2153.83,3306365.0
801720.SI,20251017,2124.03,3601844.0
801720.SI,20251020,2133.66,2854956.0
801720.SI,20251021,2183.99,3669233.0
801720.SI,20251022,2186.81,4108717.0
801720.SI,20251023,2190.31,3804417.0
801720.SI,20251024,2185.84,3933612.0
801720.SI,20251027,2194.61,4499990.0
801720.SI,20251028,2175.33,3909490.0
801720.SI,20251029,2178.68,3607268.0
801720.SI,20251030,2166.8,3897217.0
801720.SI,20251031,2153.34,4263515.0
801720.SI,20251103,2175.23,3987938.0
801720.SI,20251104,2169.3,3992910.0
801720.SI,20251105,2186.83,3917379.0
801720.SI,20251106,2194.08,4552878.0
801720.SI,20251107,2193.15,3904995.0
801720.SI,20251110,2203.43,3780646.0
801720.SI,20251111,2207.21,3737439.0
801720.SI,20251112,2197.03,3574510.0
801720.SI,20251113,2208.55,3532770.0
801720.SI,20251114,2200.93,3686531.0
801720.SI,20251117,2191.8,3331676.0
801720.SI,20251118,2166.68,3530318.0
801720.SI,20251119,2139.57,2931756.0
801720.SI,20251120,2131.11,2653782.0
801720.SI,20251121,2066.49,3183809.0
801720.SI,20251124,2094.63,2817216.0
801720.SI,20251125,2110.44,3060935.0
801720.SI,20251126,2104.66,3175305.0
801720.SI,20251127,2096.63,2699653.0
801720.SI,20251128,2124.5,2967713.0
801720.SI,20251201,2132.44,3142049.0
801720.SI,20251202,2126.94,2805826.0
801720.SI,20251203,2112.32,2902541.0
801720.SI,20251204,2101.59,2811136.0
801720.SI,20251205,2123.09,2839657.0
801720.SI,20251208,2127.01,3184965.0
801720.SI,20251209,2095.06,3260776.0
801720.SI,20251210,2102.45,2885686.0
801720.SI,20251211,2080.05,3210355.0
801720.SI,20251212,2089.28,3054668.0
801720.SI,20251215,2086.57,2838951.0
801720.SI,20251216,2055.35,2572015.0
801720.SI,20251217,2061.59,2444732.0
801720.SI,20251218,2064.74,2261760.0
801720.SI,20251219,2087.16,2340901.0
801720.SI,20251222,2097.63,2264327.0
801720.SI,20251223,2098.79,2410745.0
801720.SI,20251224,2118.57,2846127.0
801720.SI,20251225,2130.72,3182894.0
801720.SI,20251226,2134.42,3568621.0
801720.SI,20251229,2140.08,3553402.0
801720.SI,20251230,2116.41,3346060.0
801720.SI,20251231,2124.98,3238897.0
801730.SI,20221010,9514.39,5918860.0
801730.SI,20221011,9761.61,6621076.0
801730.SI,20221012,10186.48,9114374.0
801730.SI,20221013,10148.78,8376402.0
801730.SI,20221014,10439.65,10521296.0
801730.SI,20221017,10344.43,7830240.0
801730.SI,20221018,10436.7,8808565.0
801730.SI,20221019,10399.64,9286415.0
801730.SI,20221020,10110.05,8569077.0
801730.SI,20221021,10167.6,7725566.0
801730.SI,20221024,9997.98,8881488.0
801730.SI,20221025,10134.36,8867220.0
801730.SI,20221026,10236.35,9850066.0
801730.SI,20221027,10053.76,10759360.0
801730.SI,20221028,9634.58,9780742.0
801730.SI,20221031,9608.91,8277366.0
801730.SI,20221101,10002.19,10053430.0
801730.SI,20221102,10149.31,9520091.0
801730.SI,20221103,10156.71,8950842.0
801730.SI,20221104,10596.85,12002897.0
801730.SI,20221107,10605.04,11178580.0
801730.SI,20221108,10535.29,8760476.0
801730.SI,20221109,10345.28,7324389.0
801730.SI,20221110,10108.84,7827308.0
801730.SI,20221111,10234.4,9597803.0
801730.SI,20221114,9930.87,8818172.0
801730.SI,20221115,10172.36,8622035.0
801730.SI,20221116,9961.77,7425533.0
801730.SI,20221117,9820.94,7021575.0
801730.SI,20221118,9876.24,8491694.0
801730.SI,20221121,9970.2,7612746.0
801730.SI,20221122,9724.8,7266190.0
801730.SI,20221123,9913.8,8749143.0
801730.SI,20221124,9920.03,8197069.0
801730.SI,20221125,9679.9,6332133.0
801730.SI,20221128,9652.01,6466662.0
801730.SI,20221129,9679.26,6611329.0
801730.SI,20221130,9738.09,6691428.0
801730.SI,20221201,9874.48,8563163.0
801730.SI,20221202,9935.09,8238494.0
801730.SI,20221205,9793.84,8637178.0
801730.SI,20221206,9858.65,8239485.0
801730.SI,20221207,9967.99,8878864.0
801730.SI,20221208,9993.58,7663660.0
801730.SI,20221209,9958.54,7720474.0
801730.SI,20221212,9823.85,5905264.0
801730.SI,20221213,9624.29,6076941.0
801730.SI,20221214,9545.32,5169031.0
801730.SI,20221215,9772.93,5977639.0
801730.SI,20221216,9583.36,5332249.0
801730.SI,20221219,9550.68,5007165.0
801730.SI,20221220,9491.57,4690916.0
801730.SI,20221221,9357.33,4585060.0
801730.SI,20221222,9109.96,5753766.0
801730.SI,20221223,9005.47,4504638.0
801730.SI,20221226,9395.97,6526686.0
801730.SI,20221227,9501.55,6148689.0
801730.SI,20221228,9415.15,5956127.0
801730.SI,20221229,9375.26,4651559.0
801730.SI,20221230,9348.25,5019772.0
801730.SI,20230103,9474.1,6744498.0
801730.SI,20230104,9297.21,6553118.0
801730.SI,20230105,9555.61,8019834.0
801730.SI,20230106,9810.71,10477939.0
801730.SI,20230109,9863.31,9138007.0
801730.SI,20230110,9957.21,8095898.0
801730.SI,20230111,9843.36,7245583.0
801730.SI,20230112,9946.86,7155013.0
801730.SI,20230113,9937.27,7751102.0
801730.SI,20230116,10020.98,8172501.0
801730.SI,20230117,10064.94,6360416.0
801730.SI,20230118,10102.61,5876148.0
801730.SI,20230119,10063.27,5661772.0
801730.SI,20230120,10234.98,7603996.0
801730.SI,20230130,10427.98,10906868.0
801730.SI,20230131,10453.33,8453628.0
801730.SI,20230201,10556.22,9621817.0
801730.SI,20230202,10452.23,8484922.0
801730.SI,20230203,10277.27,7974858.0
801730.SI,20230206,10212.57,7151125.0
801730.SI,20230207,10199.55,7312418.0
801730.SI,20230208,10201.42,7783888.0
801730.SI,20230209,10306.68,8220202.0
801730.SI,20230210,10158.03,7368291.0
801730.SI,20230213,10243.78,7813384.0
801730.SI,20230214,10239.78,8377949.0
801730.SI,20230215,10204.24,8398593.0
801730.SI,20230216,9984.91,9644506.0
801730.SI,20230217,9745.35,7489104.0
801730.SI,20230220,9826.53,7478694.0
801730.SI,20230221,9889.94,7699787.0
801730.SI,20230222,9822.29,6708860.0
801730.SI,20230223,9933.61,7429486.0
801730.SI,20230224,9804.62,5838882.0
801730.SI,20230227,9785.74,6675149.0
801730.SI,20230228,9824.03,6172560.0
801730.SI,20230301,9810.3,6317257.0
801730.SI,20230302,9642.63,7188459.0
801730.SI,20230303,9644.81,5197558.0
801730.SI,20230306,9819.88,8645848.0
801730.SI,20230307,9669.77,6768055.0
801730.SI,20230308,9611.19,5693003.0
801730.SI,20230309,9567.31,5429225.0
801730.SI,20230310,9496.25,6145365.0
801730.SI,20230313,9409.84,6140506.0
801730.SI,20230314,9256.22,7498332.0
801730.SI,20230315,9291.09,5612013.0
801730.SI,20230316,9000.3,7030970.0
801730.SI,20230317,8936.01,6929268.0
801730.SI,20230320,9028.23,7439804.0
801730.SI,20230321,9180.46,6460562.0
801730.SI,20230322,9205.54,6505705.0
801730.SI,20230323,9169.4,5432684.0
801730.SI,20230324,9220.28,6735792.0
801730.SI,20230327,9314.73,8167535.0
801730.SI,20230328,9202.58,5989068.0
801730.SI,20230329,9232.23,5936577.0
801730.SI,20230330,9287.5,5782463.0
801730.SI,20230331,9314.6,6450505.0
801730.SI,20230403,9323.3,6985463.0
801730.SI,20230404,9107.58,8080782.0
801730.SI,20230406,9126.64,5897515.0
801730.SI,20230407,9153.12,5263212.0
801730.SI,20230410,9324.32,8309987.0
801730.SI,20230411,9263.65,7242168.0
801730.SI,20230412,9132.33,6180703.0
801730.SI,20230413,9064.84,5678560.0
801730.SI,20230414,9162.01,6731779.0
801730.SI,20230417,9254.66,6770863.0
801730.SI,20230418,9312.39,7428160.0
801730.SI,20230419,9224.35,6589413.0
801730.SI,20230420,9008.23,6918213.0
801730.SI,20230421,8932.92,7289065.0
801730.SI,20230424,8774.26,6502450.0
801730.SI,20230425,8517.05,7495895.0
801730.SI,20230426,8933.09,9998909.0
801730.SI,20230427,8950.76,7504395.0
801730.SI,20230428,8931.96,7156160.0
801730.SI,20230504,8870.56,6728348.0
801730.SI,20230505,8740.0,5949552.0
801730.SI,20230508,8836.28,6082885.0
801730.SI,20230509,8666.95,5624012.0
801730.SI,20230510,8879.05,7518055.0
801730.SI,20230511,8993.71,7266058.0
801730.SI,20230512,8848.97,5382533.0
801730.SI,20230515,9105.64,8503020.0
801730.SI,20230516,9137.1,8512951.0
801730.SI,20230517,9175.2,7582105.0
801730.SI,20230518,9026.7,6997167.0
801730.SI,20230519,8997.09,5798948.0
801730.SI,20230522,9044.61,6581511.0
801730.SI,20230523,8934.53,6537170.0
801730.SI,20230524,8984.27,7409995.0
801730.SI,20230525,9050.72,8918692.0
801730.SI,20230526,8950.66,7636174.0
801730.SI,20230529,8762.54,7126044.0
801730.SI,20230530,8810.2,7067420.0
801730.SI,20230531,8667.72,6057027.0
801730.SI,20230601,8659.08,6110287.0
801730.SI,20230602,8797.19,6697416.0
801730.SI,20230605,8639.16,6294331.0
801730.SI,20230606,8538.09,6483473.0
801730.SI,20230607,8347.66,6175993.0
801730.SI,20230608,8325.79,5623868.0
801730.SI,20230609,8415.26,6400888.0
801730.SI,20230612,8456.6,6069539.0
801730.SI,20230613,8460.38,5149049.0
801730.SI,20230614,8374.34,5399346.0
801730.SI,20230615,8820.5,10089004.0
801730.SI,20230616,8915.9,8513096.0
801730.SI,20230619,8857.82,6627868.0
801730.SI,20230620,8864.56,6737391.0
801730.SI,20230621,8746.04,6647292.0
801730.SI,20230626,8744.32,6956245.0
801730.SI,20230627,8800.19,6276869.0
801730.SI,20230628,8862.13,6921634.0
801730.SI,20230629,8867.3,6967508.0
801730.SI,20230630,9021.42,8013830.0
801730.SI,20230703,9077.11,9176190.0
801730.SI,20230704,9048.99,6929836.0
801730.SI,20230705,8948.1,6070814.0
801730.SI,20230706,8876.49,5568833.0
801730.SI,20230707,8750.16,5229510.0
801730.SI,20230710,8949.6,7651226.0
801730.SI,20230711,8953.48,6037844.0
801730.SI,20230712,8982.2,8527013.0
801730.SI,20230713,9049.61,8286340.0
801730.SI,20230714,8908.22,7461871.0
801730.SI,20230717,8863.83,6655370.0
801730.SI,20230718,8822.02,6124600.0
801730.SI,20230719,8703.77,5526681.0
801730.SI,20230720,8654.07,6233728.0
801730.SI,20230721,8574.0,5301916.0
801730.SI,20230724,8494.49,4378391.0
801730.SI,20230725,8655.53,5688264.0
801730.SI,20230726,8647.8,4925683.0
801730.SI,20230727,8611.97,5414057.0
801730.SI,20230728,8678.71,5242123.0
801730.SI,20230731,8800.39,6303353.0
801730.SI,20230801,8729.89,5531664.0
801730.SI,20230802,8710.34,4996519.0
801730.SI,20230803,8805.35,6260400.0
801730.SI,20230804,8886.98,6623305.0
801730.SI,20230807,8850.89,4979537.0
801730.SI,20230808,8797.46,4873858.0
801730.SI,20230809,8755.21,3971413.0
801730.SI,20230810,8800.84,4095805.0
801730.SI,20230811,8604.28,4292872.0
801730.SI,20230814,8511.2,4483816.0
801730.SI,20230815,8375.63,4738501.0
801730.SI,20230816,8295.56,4218160.0
801730.SI,20230817,8355.06,4841713.0
801730.SI,20230818,8280.51,4855798.0
801730.SI,20230821,8116.55,4809443.0
801730.SI,20230822,8044.83,5799082.0
801730.SI,20230823,7839.55,4531725.0
801730.SI,20230824,7915.17,5009440.0
801730.SI,20230825,7833.51,4407581.0
801730.SI,20230828,7907.88,6744527.0
801730.SI,20230829,8142.76,6619889.0
801730.SI,20230830,8139.32,5656987.0
801730.SI,20230831,8067.49,4598766.0
801730.SI,20230901,8062.85,3550846.0
801730.SI,20230904,8130.81,4595737.0
801730.SI,20230905,8148.73,5322570.0
801730.SI,20230906,8103.91,5135952.0
801730.SI,20230907,7882.66,4759595.0
801730.SI,20230908,7807.99,4003240.0
801730.SI,20230911,7850.65,4645947.0
801730.SI,20230912,7830.41,3850803.0
801730.SI,20230913,7731.37,3656701.0
801730.SI,20230914,7644.3,3582809.0
801730.SI,20230915,7562.77,4223666.0
801730.SI,20230918,7652.39,4299840.0
801730.SI,20230919,7563.16,3499043.0
801730.SI,20230920,7473.38,3095186.0
801730.SI,20230921,7395.65,3334726.0
801730.SI,20230922,7541.79,4234923.0
801730.SI,20230925,7510.14,4297149.0
801730.SI,20230926,7441.0,4332305.0
801730.SI,20230927,7587.86,7486097.0
801730.SI,20230928,7607.06,5516004.0
801730.SI,20231009,7539.28,5629092.0
801730.SI,20231010,7476.16,5052667.0
801730.SI,20231011,7464.88,5276792.0
801730.SI,20231012,7600.0,6802903.0
801730.SI,20231013,7461.55,5543211.0
801730.SI,20231016,7306.26,5333518.0
801730.SI,20231017,7335.8,5083852.0
801730.SI,20231018,7229.62,4587680.0
801730.SI,20231019,7153.81,4922149.0
801730.SI,20231020,7203.73,6702150.0
801730.SI,20231023,6990.61,5708802.0
801730.SI,20231024,7029.81,5445073.0
801730.SI,20231025,7016.99,5507763.0
801730.SI,20231026,6991.34,6806810.0
801730.SI,20231027,7225.14,8537185.0
801730.SI,20231030,7303.88,7711774.0
801730.SI,20231031,7196.38,6030116.0
801730.SI,20231101,7167.65,5445262.0
801730.SI,20231102,7034.86,4821963.0
801730.SI,20231103,7151.79,5666566.0
801730.SI,20231106,7393.02,8131051.0
801730.SI,20231107,7362.38,5900113.0
801730.SI,20231108,7363.89,6058062.0
801730.SI,20231109,7425.14,7254783.0
801730.SI,20231110,7342.99,4921660.0
801730.SI,20231113,7369.08,4992831.0
801730.SI,20231114,7335.15,5307644.0
801730.SI,20231115,7431.2,7604552.0
801730.SI,20231116,7264.96,5996425.0
801730.SI,20231117,7293.82,4940985.0
801730.SI,20231120,7321.07,5273913.0
801730.SI,20231121,7265.75,5690340.0
801730.SI,20231122,7112.55,5045690.0
801730.SI,20231123,7160.17,4077361.0
801730.SI,20231124,7042.44,4204145.0
801730.SI,20231127,6971.38,4855774.0
801730.SI,20231128,7018.9,4854765.0
801730.SI,20231129,6926.78,5168056.0
801730.SI,20231130,6883.39,4971159.0
801730.SI,20231201,6841.85,4561823.0
801730.SI,20231204,6770.48,4484404.0
801730.SI,20231205,6655.56,4767836.0
801730.SI,20231206,6751.34,5923516.0
801730.SI,20231207,6700.84,4757273.0
801730.SI,20231208,6677.66,5429559.0
801730.SI,20231211,6713.14,5197260.0
801730.SI,20231212,6671.34,3706058.0
801730.SI,20231213,6538.56,4383773.0
801730.SI,20231214,6509.3,3983565.0
801730.SI,20231215,6494.42,4824475.0
801730.SI,20231218,6331.97,4446726.0
801730.SI,20231219,6383.04,4094045.0
801730.SI,20231220,6312.65,3647297.0
801730.SI,20231221,6480.47,6477155.0
801730.SI,20231222,6543.19,6680848.0
801730.SI,20231225,6569.44,4315245.0
801730.SI,20231226,6517.9,4116812.0
801730.SI,20231227,6489.02,4227997.0
801730.SI,20231228,6876.69,10471701.0
801730.SI,20231229,6900.21,8309248.0
801730.SI,20240102,6787.07,6571577.0
801730.SI,20240103,6779.93,5851659.0
801730.SI,20240104,6669.15,5422726.0
801730.SI,20240105,6558.75,6314825.0
801730.SI,20240108,6484.38,5637678.0
801730.SI,20240109,6536.99,7233939.0
801730.SI,20240110,6591.49,7634346.0
801730.SI,20240111,6733.25,8551254.0
801730.SI,20240112,6740.49,8586760.0
801730.SI,20240115,6663.54,6420262.0
801730.SI,20240116,6749.15,7447491.0
801730.SI,20240117,6544.26,6377590.0
801730.SI,20240118,6663.6,9655872.0
801730.SI,20240119,6539.69,8009242.0
801730.SI,20240122,6311.42,8230376.0
801730.SI,20240123,6357.91,7577812.0
801730.SI,20240124,6327.44,7231059.0
801730.SI,20240125,6436.13,7277985.0
801730.SI,20240126,6316.86,5967642.0
801730.SI,20240129,6044.55,6700635.0
801730.SI,20240130,5867.57,5424025.0
801730.SI,20240131,5774.01,6676970.0
801730.SI,20240201,5757.42,5917029.0
801730.SI,20240202,5550.85,6421870.0
801730.SI,20240205,5387.54,6821770.0
801730.SI,20240206,5714.21,7158683.0
801730.SI,20240207,5850.15,7968285.0
801730.SI,20240208,6018.71,7792436.0
801730.SI,20240219,6016.8,6313728.0
801730.SI,20240220,5986.4,4830872.0
801730.SI,20240221,6062.27,6693335.0
801730.SI,20240222,6111.5,5425555.0
801730.SI,20240223,6191.73,6435362.0
801730.SI,20240226,6186.84,7000843.0
801730.SI,20240227,6297.45,6431426.0
801730.SI,20240228,6137.57,10464359.0
801730.SI,20240229,6364.01,7955323.0
801730.SI,20240301,6429.26,7450165.0
801730.SI,20240304,6458.46,7532631.0
801730.SI,20240305,6375.73,6683101.0
801730.SI,20240306,6506.33,8207886.0
801730.SI,20240307,6361.01,7063588.0
801730.SI,20240308,6468.93,7350552.0
801730.SI,20240311,6867.19,12302920.0
801730.SI,20240312,6880.9,11132570.0
801730.SI,20240313,6851.09,8009119.0
801730.SI,20240314,6775.09,7157872.0
801730.SI,20240315,6756.56,6897453.0
801730.SI,20240318,6939.44,8586449.0
801730.SI,20240319,6852.98,7699496.0
801730.SI,20240320,6886.72,6584782.0
801730.SI,20240321,6828.56,7107347.0
801730.SI,20240322,6685.05,7086475.0
801730.SI,20240325,6570.24,6404162.0
801730.SI,20240326,6693.38,7378908.0
801730.SI,20240327,6468.25,6625819.0
801730.SI,20240328,6537.49,6133144.0
801730.SI,20240329,6600.94,6024378.0
801730.SI,20240401,6797.72,7779748.0
801730.SI,20240402,6838.21,8566397.0
801730.SI,20240403,6758.31,7754406.0
801730.SI,20240408,6612.29,7188497.0
801730.SI,20240409,6754.17,7742027.0
801730.SI,20240410,6623.03,7555263.0
801730.SI,20240411,6653.13,7540172.0
801730.SI,20240412,6510.42,7089305.0
801730.SI,20240415,6560.68,8288276.0
801730.SI,20240416,6334.69,7675070.0
801730.SI,20240417,6525.22,7315375.0
801730.SI,20240418,6508.15,7571593.0
801730.SI,20240419,6363.53,7119425.0
801730.SI,20240422,6329.69,6112871.0
801730.SI,20240423,6285.93,5755205.0
801730.SI,20240424,6289.55,5871849.0
801730.SI,20240425,6317.26,6336683.0
801730.SI,20240426,6429.89,7726899.0
801730.SI,20240429,6684.59,10024164.0
801730.SI,20240430,6549.8,7952065.0
801730.SI,20240506,6691.14,8051964.0
801730.SI,20240507,6704.92,6413541.0
801730.SI,20240508,6590.06,5709957.0
801730.SI,20240509,6786.95,8853314.0
801730.SI,20240510,6716.15,7821121.0
801730.SI,20240513,6677.24,8233300.0
801730.SI,20240514,6645.14,6361017.0
801730.SI,20240515,6574.82,6224707.0
801730.SI,20240516,6555.86,5713442.0
801730.SI,20240517,6603.11,6253323.0
801730.SI,20240520,6612.49,6737354.0
801730.SI,20240521,6534.63,5378851.0
801730.SI,20240522,6712.47,9171754.0
801730.SI,20240523,6580.83,7838613.0
801730.SI,20240524,6521.37,7099509.0
801730.SI,20240527,6552.5,7304976.0
801730.SI,20240528,6516.99,6959001.0
801730.SI,20240529,6591.81,8661622.0
801730.SI,20240530,6571.26,6943123.0
801730.SI,20240531,6512.23,6230202.0
801730.SI,20240603,6496.61,6373340.0
801730.SI,20240604,6611.95,7038048.0
801730.SI,20240605,6516.98,6148197.0
801730.SI,20240606,6381.9,6904361.0
801730.SI,20240607,6254.6,6238915.0
801730.SI,20240611,6250.78,4918853.0
801730.SI,20240612,6226.57,4428279.0
801730.SI,20240613,6230.28,5472242.0
801730.SI,20240614,6228.45,7235674.0
801730.SI,20240617,6293.86,6950751.0
801730.SI,20240618,6337.18,5577674.0
801730.SI,20240619,6210.43,5073166.0
801730.SI,20240620,6085.11,4926445.0
801730.SI,20240621,6045.85,4227336.0
801730.SI,20240624,5938.19,4807676.0
801730.SI,20240625,5855.06,4323480.0
801730.SI,20240626,5937.52,4249149.0
801730.SI,20240627,5829.65,3754799.0
801730.SI,20240628,5826.76,5308934.0
801730.SI,20240701,5805.41,5401736.0
801730.SI,20240702,5728.86,4815343.0
801730.SI,20240703,5706.06,4387728.0
801730.SI,20240704,5627.79,4217991.0
801730.SI,20240705,5641.44,3975790.0
801730.SI,20240708,5531.65,4136532.0
801730.SI,20240709,5591.5,5170812.0
801730.SI,20240710,5537.9,5186620.0
801730.SI,20240711,5699.03,6195936.0
801730.SI,20240712,5731.77,5681531.0
801730.SI,20240715,5646.84,4495431.0
801730.SI,20240716,5711.04,4898681.0
801730.SI,20240717,5686.72,5134211.0
801730.SI,20240718,5775.2,5480266.0
801730.SI,20240719,5820.83,4744159.0
801730.SI,20240722,5839.0,4986021.0
801730.SI,20240723,5704.68,4774361.0
801730.SI,20240724,5646.62,4636858.0
801730.SI,20240725,5732.25,5628732.0
801730.SI,20240726,5804.27,5495736.0
801730.SI,20240729,5704.65,4667912.0
801730.SI,20240730,5692.94,3797497.0
801730.SI,20240731,5856.07,5951683.0
801730.SI,20240801,5777.23,5040866.0
801730.SI,20240802,5685.63,4334980.0
801730.SI,20240805,5596.4,5048399.0
801730.SI,20240806,5695.31,5059858.0
801730.SI,20240807,5710.75,4709098.0
801730.SI,20240808,5667.23,4234475.0
801730.SI,20240809,5600.07,3545352.0
801730.SI,20240812,5574.52,3538394.0
801730.SI,20240813,5641.83,3833807.0
801730.SI,20240814,5558.33,3447933.0
801730.SI,20240815,5602.59,3998317.0
801730.SI,20240816,5547.27,3600134.0
801730.SI,20240819,5520.69,3480078.0
801730.SI,20240820,5447.33,3374022.0
801730.SI,20240821,5433.18,3416326.0
801730.SI,20240822,5419.55,4215433.0
801730.SI,20240823,5403.16,3634710.0
801730.SI,20240826,5481.51,4165664.0
801730.SI,20240827,5406.08,3877874.0
801730.SI,20240828,5418.96,3253695.0
801730.SI,20240829,5534.94,5328475.0
801730.SI,20240830,5636.39,6549809.0
801730.SI,20240902,5534.81,5014180.0
801730.SI,20240903,5656.86,5027532.0
801730.SI,20240904,5684.54,5608137.0
801730.SI,20240905,5682.27,4994808.0
801730.SI,20240906,5584.37,4097688.0
801730.SI,20240909,5545.23,3528604.0
801730.SI,20240910,5524.45,4035837.0
801730.SI,20240911,5651.47,5550290.0
801730.SI,20240912,5668.23,5434753.0
801730.SI,20240913,5537.82,4635371.0
801730.SI,20240918,5542.73,3874091.0
801730.SI,20240919,5584.33,4596753.0
801730.SI,20240920,5517.37,4144080.0
801730.SI,20240923,5496.57,3851298.0
801730.SI,20240924,5721.55,7725750.0
801730.SI,20240925,5804.61,8481507.0
801730.SI,20240926,5952.27,8059164.0
801730.SI,20240927,6406.21,12006152.0
801730.SI,20240930,7164.63,20665183.0
801730.SI,20241008,8019.98,29260165.0
801730.SI,20241009,7142.11,21492550.0
801730.SI,20241010,7135.87,14134094.0
801730.SI,20241011,6774.66,10784803.0
801730.SI,20241014,6930.31,10373096.0
801730.SI,20241015,6744.85,10404890.0
801730.SI,20241016,6616.0,8329893.0
801730.SI,20241017,6543.66,8050370.0
801730.SI,20241018,6904.87,13870447.0
801730.SI,20241021,7040.44,15301103.0
801730.SI,20241022,7168.28,14045394.0
801730.SI,20241023,7336.32,20473051.0
801730.SI,20241024,7153.87,14218674.0
801730.SI,20241025,7533.16,20459325.0
801730.SI,20241028,7549.34,18123316.0
801730.SI,20241029,7403.18,17186298.0
801730.SI,20241030,7375.69,14530029.0
801730.SI,20241031,7475.8,16626335.0
801730.SI,20241101,7320.41,16304781.0
801730.SI,20241104,7462.86,12676407.0
801730.SI,20241105,7707.26,16367956.0
801730.SI,20241106,7705.03,18942509.0
801730.SI,20241107,7766.18,18476485.0
801730.SI,20241108,7769.62,18976179.0
801730.SI,20241111,8021.03,20150621.0
801730.SI,20241112,7962.63,21558959.0
801730.SI,20241113,8068.94,16191888.0
801730.SI,20241114,7822.81,15774542.0
801730.SI,20241115,7562.85,14169675.0
801730.SI,20241118,7436.77,12809008.0
801730.SI,20241119,7670.44,12454144.0
801730.SI,20241120,7695.45,12830954.0
801730.SI,20241121,7728.78,13340255.0
801730.SI,20241122,7436.96,13542328.0
801730.SI,20241125,7529.41,12454895.0
801730.SI,20241126,7368.51,10705822.0
801730.SI,20241127,7523.92,10627188.0
801730.SI,20241128,7446.32,10260546.0
801730.SI,20241129,7566.53,11472168.0
801730.SI,20241202,7655.13,12557043.0
801730.SI,20241203,7652.81,11673124.0
801730.SI,20241204,7490.26,10249311.0
801730.SI,20241205,7500.52,9182413.0
801730.SI,20241206,7588.83,11021540.0
801730.SI,20241209,7565.58,9622415.0
801730.SI,20241210,7569.61,12443761.0
801730.SI,20241211,7543.91,8940394.0
801730.SI,20241212,7606.67,9245258.0
801730.SI,20241213,7425.94,10886435.0
801730.SI,20241216,7347.4,8709758.0
801730.SI,20241217,7315.33,8360835.0
801730.SI,20241218,7309.94,6720110.0
801730.SI,20241219,7311.31,7553022.0
801730.SI,20241220,7269.76,8219467.0
801730.SI,20241223,7179.69,9076294.0
801730.SI,20241224,7315.83,8710274.0
801730.SI,20241225,7236.64,8382739.0
801730.SI,20241226,7223.34,8660069.0
801730.SI,20241227,7228.41,9981545.0
801730.SI,20241230,7255.17,9380292.0
801730.SI,20241231,7112.74,9435307.0
801730.SI,20250102,6911.62,9298597.0
801730.SI,20250103,6748.31,8606767.0
801730.SI,20250106,6775.92,8112232.0
801730.SI,20250107,6818.44,8589225.0
801730.SI,20250108,6790.02,9607719.0
801730.SI,20250109,6807.8,8815172.0
801730.SI,20250110,6658.67,8336331.0
801730.SI,20250113,6656.48,7025246.0
801730.SI,20250114,6922.63,9461037.0
801730.SI,20250115,6859.14,9267216.0
801730.SI,20250116,6885.92,8358564.0
801730.SI,20250117,6902.59,7549457.0
801730.SI,20250120,7051.35,9300384.0
801730.SI,20250121,7017.99,8520774.0
801730.SI,20250122,6923.61,9177217.0
801730.SI,20250123,6879.9,10247709.0
801730.SI,20250124,6985.61,9628390.0
801730.SI,20250127,6851.81,7564757.0
801730.SI,20250205,6812.72,7818548.0
801730.SI,20250206,6955.0,10024882.0
801730.SI,20250207,7138.51,13355066.0
801730.SI,20250210,7100.17,11539553.0
801730.SI,20250211,6999.96,9923287.0
801730.SI,20250212,7108.06,11018264.0
801730.SI,20250213,7071.89,12378170.0
801730.SI,20250214,7144.09,10732386.0
801730.SI,20250217,7171.65,11251641.0
801730.SI,20250218,7131.92,13905050.0
801730.SI,20250219,7254.78,13527847.0
801730.SI,20250220,7207.84,12969538.0
801730.SI,20250221,7351.6,16104236.0
801730.SI,20250224,7349.47,15504827.0
801730.SI,20250225,7329.82,14423897.0
801730.SI,20250226,7462.44,16316939.0
801730.SI,20250227,7461.49,16712777.0
801730.SI,20250228,7290.91,15849522.0
801730.SI,20250303,7429.62,17204215.0
801730.SI,20250304,7346.32,13183922.0
801730.SI,20250305,7307.94,12299402.0
801730.SI,20250306,7418.79,14353987.0
801730.SI,20250307,7337.65,13784786.0
801730.SI,20250310,7359.18,12195315.0
801730.SI,20250311,7373.37,11748694.0
801730.SI,20250312,7394.57,14098834.0
801730.SI,20250313,7323.45,14006838.0
801730.SI,20250314,7455.94,14051879.0
801730.SI,20250317,7437.26,12466545.0
801730.SI,20250318,7488.32,13053295.0
801730.SI,20250319,7500.15,13528699.0
801730.SI,20250320,7446.59,12303597.0
801730.SI,20250321,7327.56,12891094.0
801730.SI,20250324,7290.49,11773691.0
801730.SI,20250325,7310.79,11755993.0
801730.SI,20250326,7344.2,11732973.0
801730.SI,20250327,7272.27,9863404.0
801730.SI,20250328,7202.72,8804729.0
801730.SI,20250331,7063.23,10016571.0
801730.SI,20250401,7081.22,8472005.0
801730.SI,20250402,7094.5,7360992.0
801730.SI,20250403,6949.91,8495976.0
801730.SI,20250407,6107.84,10882582.0
801730.SI,20250408,6131.28,11118450.0
801730.SI,20250409,6168.59,10929293.0
801730.SI,20250410,6317.3,10322808.0
801730.SI,20250411,6387.7,8180985.0
801730.SI,20250414,6438.67,7596725.0
801730.SI,20250415,6451.76,6824686.0
801730.SI,20250416,6360.18,6460396.0
801730.SI,20250417,6358.45,5132767.0
801730.SI,20250418,6364.38,4688560.0
801730.SI,20250421,6485.16,6221501.0
801730.SI,20250422,6442.04,6102141.0
801730.SI,20250423,6517.86,7453749.0
801730.SI,20250424,6501.78,7252046.0
801730.SI,20250425,6517.17,6558138.0
801730.SI,20250428,6478.8,6942002.0
801730.SI,20250429,6449.5,6879555.0
801730.SI,20250430,6481.81,7770051.0
801730.SI,20250506,6621.7,8880994.0
801730.SI,20250507,6680.46,9417851.0
801730.SI,20250508,6788.37,8723916.0
801730.SI,20250509,6742.69,7543684.0
801730.SI,20250512,6924.2,9699229.0
801730.SI,20250513,6954.1,10774488.0
801730.SI,20250514,6942.87,8560514.0
801730.SI,20250515,6824.13,6772323.0
801730.SI,20250516,6836.68,6642172.0
801730.SI,20250519,6849.83,6924214.0
801730.SI,20250520,6889.27,7519322.0
801730.SI,20250521,6966.05,9931145.0
801730.SI,20250522,6874.16,8620370.0
801730.SI,20250523,6788.25,8628153.0
801730.SI,20250526,6745.13,7978224.0
801730.SI,20250527,6708.57,7690973.0
801730.SI,20250528,6673.07,7850246.0
801730.SI,20250529,6725.54,8434112.0
801730.SI,20250530,6622.59,7785975.0
801730.SI,20250603,6630.98,6912005.0
801730.SI,20250604,6692.07,7907003.0
801730.SI,20250605,6725.95,8208798.0
801730.SI,20250606,6713.78,8223649.0
801730.SI,20250609,6766.86,9465315.0
801730.SI,20250610,6712.02,10738187.0
801730.SI,20250611,6780.39,9340097.0
801730.SI,20250612,6768.39,8161684.0
801730.SI,20250613,6683.06,9481111.0
801730.SI,20250616,6718.38,7645753.0
801730.SI,20250617,6731.45,8194843.0
801730.SI,20250618,6752.77,8503799.0
801730.SI,20250619,6654.72,10451158.0
801730.SI,20250620,6629.95,9203804.0
801730.SI,20250623,6704.68,9388469.0
801730.SI,20250624,6895.89,13609218.0
801730.SI,20250625,7010.11,14294022.0
801730.SI,20250626,6957.81,13968966.0
801730.SI,20250627,6968.82,12753298.0
801730.SI,20250630,7065.29,12599549.0
801730.SI,20250701,7038.92,11870005.0
801730.SI,20250702,7069.99,12458722.0
801730.SI,20250703,7167.72,12685927.0
801730.SI,20250704,7107.24,11842546.0
801730.SI,20250707,7104.07,9722065.0
801730.SI,20250708,7267.65,14015623.0
801730.SI,20250709,7279.79,13701137.0
801730.SI,20250710,7298.47,12534546.0
801730.SI,20250711,7285.15,11734983.0
801730.SI,20250714,7302.97,11568747.0
801730.SI,20250715,7248.65,12476587.0
801730.SI,20250716,7235.16,10256266.0
801730.SI,20250717,7295.08,11417352.0
801730.SI,20250718,7326.92,12161489.0
801730.SI,20250721,7477.57,14765913.0
801730.SI,20250722,7616.04,17805930.0
801730.SI,20250723,7524.48,16037557.0
801730.SI,20250724,7612.81,14138723.0
801730.SI,20250725,7548.79,11332564.0
801730.SI,20250728,7583.94,11599483.0
801730.SI,20250729,7662.41,13123884.0
801730.SI,20250730,7492.05,12665209.0
801730.SI,20250731,7311.64,13299106.0
801730.SI,20250801,7350.91,11568690.0
801730.SI,20250804,7403.1,10661411.0
801730.SI,20250805,7449.23,10827182.0
801730.SI,20250806,7502.42,12232747.0
801730.SI,20250807,7447.23,11707358.0
801730.SI,20250808,7493.71,12876786.0
801730.SI,20250811,7646.6,16044121.0
801730.SI,20250812,7639.21,14933187.0
801730.SI,20250813,7765.82,16939430.0
801730.SI,20250814,7711.4,17449698.0
801730.SI,20250815,7931.06,19924899.0
801730.SI,20250818,8035.7,21776513.0
801730.SI,20250819,8018.92,20100937.0
801730.SI,20250820,8055.44,18123495.0
801730.SI,20250821,7976.55,16910170.0
801730.SI,20250822,8111.74,17180547.0
801730.SI,20250825,8265.17,21970661.0
801730.SI,20250826,8244.41,19015191.0
801730.SI,20250827,8081.51,23191201.0
801730.SI,20250828,8180.03,21881159.0
801730.SI,20250829,8435.46,23475804.0
801730.SI,20250901,8488.8,22464805.0
801730.SI,20250902,8367.1,24509364.0
801730.SI,20250903,8487.28,24332453.0
801730.SI,20250904,8451.63,30582856.0
801730.SI,20250905,9058.99,35674677.0
801730.SI,20250908,9141.79,37170667.0
801730.SI,20250909,9021.66,29783071.0
801730.SI,20250910,8915.45,26043258.0
801730.SI,20250911,9132.37,27100478.0
801730.SI,20250912,9107.28,27150655.0
801730.SI,20250915,9309.88,30015768.0
801730.SI,20250916,9336.8,25551916.0
801730.SI,20250917,9574.91,27139568.0
801730.SI,20250918,9437.19,32818543.0
801730.SI,20250919,9386.8,23778265.0
801730.SI,20250922,9412.02,19665800.0
801730.SI,20250923,9452.74,26499625.0
801730.SI,20250924,9725.34,27376719.0
801730.SI,20250925,9880.61,28972255.0
801730.SI,20250926,9749.37,26338028.0
801730.SI,20250929,10048.99,28722695.0
801730.SI,20250930,10221.22,28502323.0
801730.SI,20251009,10428.72,31771661.0
801730.SI,20251010,9963.15,31728118.0
801730.SI,20251013,9895.44,26188963.0
801730.SI,20251014,9661.64,30033060.0
801730.SI,20251015,9924.4,24963995.0
801730.SI,20251016,9930.59,24259290.0
801730.SI,20251017,9435.18,23910161.0
801730.SI,20251020,9580.01,19460860.0
801730.SI,20251021,9753.94,19456831.0
801730.SI,20251022,9627.83,16312068.0
801730.SI,20251023,9684.32,16323054.0
801730.SI,20251024,9897.67,19483811.0
801730.SI,20251027,9969.7,24516547.0
801730.SI,20251028,9954.66,22197886.0
801730.SI,20251029,10431.7,29877575.0
801730.SI,20251030,10393.73,31391019.0
801730.SI,20251031,10321.86,29371710.0
801730.SI,20251103,10418.38,27267754.0
801730.SI,20251104,10205.25,24844785.0
801730.SI,20251105,10551.93,31529533.0
801730.SI,20251106,10728.43,32583322.0
801730.SI,20251107,10836.31,34580305.0
801730.SI,20251110,10718.07,34788789.0
801730.SI,20251111,10722.67,31082249.0
801730.SI,20251112,10497.5,30371073.0
801730.SI,20251113,10950.05,34613852.0
801730.SI,20251114,10749.97,30806134.0
801730.SI,20251117,10675.71,28100236.0
801730.SI,20251118,10359.01,26918137.0
801730.SI,20251119,10344.69,21647732.0
801730.SI,20251120,10141.96,21553744.0
801730.SI,20251121,9617.17,22776640.0
801730.SI,20251124,9664.68,16996636.0
801730.SI,20251125,9819.83,17858772.0
801730.SI,20251126,9813.11,16854363.0
801730.SI,20251127,9831.73,18114268.0
801730.SI,20251128,9962.15,16948279.0
801730.SI,20251201,10018.59,18485076.0
801730.SI,20251202,9899.94,14016124.0
801730.SI,20251203,9798.82,14130818.0
801730.SI,20251204,9825.21,12476162.0
801730.SI,20251205,9983.62,15294428.0
801730.SI,20251208,10117.5,18199410.0
801730.SI,20251209,10074.08,16900036.0
801730.SI,20251210,9986.79,15793072.0
801730.SI,20251211,9961.5,17810252.0
801730.SI,20251212,10102.7,21605241.0
801730.SI,20251215,9986.55,18496687.0
801730.SI,20251216,9721.09,17535975.0
801730.SI,20251217,9924.0,17954039.0
801730.SI,20251218,9703.86,15475490.0
801730.SI,20251219,9787.33,15472178.0
801730.SI,20251222,9890.33,17672753.0
801730.SI,20251223,10001.05,20916640.0
801730.SI,20251224,10104.44,20835300.0
801730.SI,20251225,10170.4,20447458.0
801730.SI,20251226,10312.68,26840226.0
801730.SI,20251229,10196.23,23544336.0
801730.SI,20251230,10179.56,22059828.0
801730.SI,20251231,10088.23,19349276.0
801740.SI,20221010,1440.67,1636529.0
801740.SI,20221011,1444.92,1398304.0
801740.SI,20221012,1473.22,1968714.0
801740.SI,20221013,1486.17,1955148.0
801740.SI,20221014,1519.95,2124762.0
801740.SI,20221017,1561.92,2580336.0
801740.SI,20221018,1562.01,2458531.0
801740.SI,20221019,1556.49,2003525.0
801740.SI,20221020,1558.81,2078699.0
801740.SI,20221021,1559.74,1758162.0
801740.SI,20221024,1612.67,3847000.0
801740.SI,20221025,1616.98,3156842.0
801740.SI,20221026,1641.47,3066266.0
801740.SI,20221027,1626.93,2531225.0
801740.SI,20221028,1594.48,2460665.0
801740.SI,20221031,1635.82,3231315.0
801740.SI,20221101,1626.93,2933316.0
801740.SI,20221102,1618.97,3067024.0
801740.SI,20221103,1637.76,2702633.0
801740.SI,20221104,1641.72,3032076.0
801740.SI,20221107,1613.36,3374335.0
801740.SI,20221108,1615.13,2366070.0
801740.SI,20221109,1603.74,2370025.0
801740.SI,20221110,1573.54,2218881.0
801740.SI,20221111,1589.64,2719101.0
801740.SI,20221114,1570.98,2345966.0
801740.SI,20221115,1596.15,2304045.0
801740.SI,20221116,1601.84,2791595.0
801740.SI,20221117,1605.7,2246083.0
801740.SI,20221118,1579.6,2006239.0
801740.SI,20221121,1597.7,1949900.0
801740.SI,20221122,1590.36,2381171.0
801740.SI,20221123,1582.71,2006493.0
801740.SI,20221124,1567.06,1594194.0
801740.SI,20221125,1544.74,1592837.0
801740.SI,20221128,1544.61,1728902.0
801740.SI,20221129,1548.27,1866092.0
801740.SI,20221130,1549.43,2041609.0
801740.SI,20221201,1562.61,2012900.0
801740.SI,20221202,1549.73,1764409.0
801740.SI,20221205,1556.27,2308814.0
801740.SI,20221206,1561.01,2125805.0
801740.SI,20221207,1550.71,1819915.0
801740.SI,20221208,1528.5,1621616.0
801740.SI,20221209,1524.81,2154098.0
801740.SI,20221212,1539.49,1971444.0
801740.SI,20221213,1510.71,1540421.0
801740.SI,20221214,1505.59,1380149.0
801740.SI,20221215,1507.09,1236767.0
801740.SI,20221216,1485.57,1342140.0
801740.SI,20221219,1470.39,1126414.0
801740.SI,20221220,1469.89,1158601.0
801740.SI,20221221,1442.99,1122726.0
801740.SI,20221222,1426.92,1237665.0
801740.SI,20221223,1413.25,942883.0
801740.SI,20221226,1459.03,1302815.0
801740.SI,20221227,1468.53,1145404.0
801740.SI,20221228,1451.92,1241999.0
801740.SI,20221229,1475.21,1460589.0
801740.SI,20221230,1477.62,1088944.0
801740.SI,20230103,1517.5,1786189.0
801740.SI,20230104,1514.08,1486990.0
801740.SI,20230105,1518.53,1328665.0
801740.SI,20230106,1508.1,1449080.0
801740.SI,20230109,1480.92,1818505.0
801740.SI,20230110,1467.13,1749414.0
801740.SI,20230111,1452.54,1713721.0
801740.SI,20230112,1456.4,1779737.0
801740.SI,20230113,1452.07,1548026.0
801740.SI,20230116,1477.27,2223857.0
801740.SI,20230117,1489.89,1951479.0
801740.SI,20230118,1498.03,1517106.0
801740.SI,20230119,1520.87,1769299.0
801740.SI,20230120,1527.31,1761543.0
801740.SI,20230130,1567.59,3287587.0
801740.SI,20230131,1572.93,2614686.0
801740.SI,20230201,1587.88,2592159.0
801740.SI,20230202,1565.36,2791279.0
801740.SI,20230203,1586.3,2473308.0
801740.SI,20230206,1578.35,2190606.0
801740.SI,20230207,1575.08,2095594.0
801740.SI,20230208,1554.73,1787743.0
801740.SI,20230209,1594.07,2518127.0
801740.SI,20230210,1579.83,2298301.0
801740.SI,20230213,1595.94,2842680.0
801740.SI,20230214,1589.74,2940766.0
801740.SI,20230215,1593.96,2766504.0
801740.SI,20230216,1559.31,2908423.0
801740.SI,20230217,1550.24,2526866.0
801740.SI,20230220,1553.31,2170798.0
801740.SI,20230221,1573.14,2758530.0
801740.SI,20230222,1582.46,2813478.0
801740.SI,20230223,1571.78,2836616.0
801740.SI,20230224,1597.86,3939560.0
801740.SI,20230227,1588.84,3290397.0
801740.SI,20230228,1593.42,2498549.0
801740.SI,20230301,1601.77,2769788.0
801740.SI,20230302,1604.84,3638679.0
801740.SI,20230303,1629.94,4313875.0
801740.SI,20230306,1652.07,5138495.0
801740.SI,20230307,1607.42,4442574.0
801740.SI,20230308,1638.13,3915407.0
801740.SI,20230309,1624.57,3374600.0
801740.SI,20230310,1597.83,3693974.0
801740.SI,20230313,1609.02,3154207.0
801740.SI,20230314,1603.06,4034257.0
801740.SI,20230315,1592.0,3360034.0
801740.SI,20230316,1553.71,3483681.0
801740.SI,20230317,1560.85,3241049.0
801740.SI,20230320,1542.27,3110441.0
801740.SI,20230321,1578.68,3988041.0
801740.SI,20230322,1571.56,3325563.0
801740.SI,20230323,1596.51,3872199.0
801740.SI,20230324,1583.62,3716482.0
801740.SI,20230327,1574.09,3267801.0
801740.SI,20230328,1545.46,2949078.0
801740.SI,20230329,1524.76,2997581.0
801740.SI,20230330,1531.8,2638567.0
801740.SI,20230331,1534.69,2284612.0
801740.SI,20230403,1566.75,3311281.0
801740.SI,20230404,1556.72,3602267.0
801740.SI,20230406,1574.53,3360539.0
801740.SI,20230407,1577.54,2621687.0
801740.SI,20230410,1561.61,3141619.0
801740.SI,20230411,1549.07,2398507.0
801740.SI,20230412,1549.79,2186143.0
801740.SI,20230413,1539.19,2427145.0
801740.SI,20230414,1541.31,2075375.0
801740.SI,20230417,1546.15,2219829.0
801740.SI,20230418,1543.0,2376471.0
801740.SI,20230419,1529.58,2914373.0
801740.SI,20230420,1519.79,2791499.0
801740.SI,20230421,1520.55,4572822.0
801740.SI,20230424,1501.22,3566942.0
801740.SI,20230425,1469.14,3243797.0
801740.SI,20230426,1485.67,3190248.0
801740.SI,20230427,1516.49,3588538.0
801740.SI,20230428,1521.23,3367639.0
801740.SI,20230504,1520.0,3230344.0
801740.SI,20230505,1500.92,2861697.0
801740.SI,20230508,1553.07,4130804.0
801740.SI,20230509,1523.67,4787208.0
801740.SI,20230510,1510.43,3173975.0
801740.SI,20230511,1493.96,2359471.0
801740.SI,20230512,1471.0,2222770.0
801740.SI,20230515,1516.92,2913631.0
801740.SI,20230516,1499.94,2801838.0
801740.SI,20230517,1540.68,3833920.0
801740.SI,20230518,1541.4,3257742.0
801740.SI,20230519,1541.51,2819566.0
801740.SI,20230522,1530.26,2121604.0
801740.SI,20230523,1504.87,2235186.0
801740.SI,20230524,1499.01,2023578.0
801740.SI,20230525,1509.31,2255420.0
801740.SI,20230526,1508.22,2135480.0
801740.SI,20230529,1518.01,2733849.0
801740.SI,20230530,1513.05,2572117.0
801740.SI,20230531,1516.24,2652030.0
801740.SI,20230601,1527.0,3264080.0
801740.SI,20230602,1514.01,2724442.0
801740.SI,20230605,1499.64,2448465.0
801740.SI,20230606,1459.21,2502645.0
801740.SI,20230607,1453.57,1908838.0
801740.SI,20230608,1447.2,1883793.0
801740.SI,20230609,1458.17,2201106.0
801740.SI,20230612,1450.66,2036748.0
801740.SI,20230613,1454.63,2014982.0
801740.SI,20230614,1455.06,2324980.0
801740.SI,20230615,1464.51,2160873.0
801740.SI,20230616,1492.0,3114019.0
801740.SI,20230619,1507.06,3182451.0
801740.SI,20230620,1553.04,4823421.0
801740.SI,20230621,1533.41,4002740.0
801740.SI,20230626,1509.73,3361787.0
801740.SI,20230627,1533.77,3558975.0
801740.SI,20230628,1539.84,3621786.0
801740.SI,20230629,1551.77,3389098.0
801740.SI,20230630,1577.5,3572843.0
801740.SI,20230703,1587.15,3501755.0
801740.SI,20230704,1590.03,3488944.0
801740.SI,20230705,1567.35,2901975.0
801740.SI,20230706,1557.56,2555824.0
801740.SI,20230707,1539.28,2300882.0
801740.SI,20230710,1547.05,2260536.0
801740.SI,20230711,1564.18,2472717.0
801740.SI,20230712,1531.98,2646868.0
801740.SI,20230713,1538.98,2230222.0
801740.SI,20230714,1538.02,2455225.0
801740.SI,20230717,1535.87,2161941.0
801740.SI,20230718,1541.35,2133184.0
801740.SI,20230719,1526.55,1739611.0
801740.SI,20230720,1498.98,1828481.0
801740.SI,20230721,1492.71,1423793.0
801740.SI,20230724,1503.69,1558406.0
801740.SI,20230725,1517.05,1746340.0
801740.SI,20230726,1502.38,1501138.0
801740.SI,20230727,1503.55,2641008.0
801740.SI,20230728,1497.43,2630329.0
801740.SI,20230731,1509.05,2682113.0
801740.SI,20230801,1508.34,2178926.0
801740.SI,20230802,1496.96,1796010.0
801740.SI,20230803,1492.16,1361477.0
801740.SI,20230804,1492.41,1849596.0
801740.SI,20230807,1488.81,1352841.0
801740.SI,20230808,1471.55,1620230.0
801740.SI,20230809,1464.92,1187645.0
801740.SI,20230810,1466.6,1091883.0
801740.SI,20230811,1447.61,1248580.0
801740.SI,20230814,1456.85,1303674.0
801740.SI,20230815,1443.14,1099613.0
801740.SI,20230816,1420.77,1149167.0
801740.SI,20230817,1469.27,2299107.0
801740.SI,20230818,1454.48,1922705.0
801740.SI,20230821,1432.87,1514666.0
801740.SI,20230822,1456.2,1924660.0
801740.SI,20230823,1417.58,1624304.0
801740.SI,20230824,1418.85,1511940.0
801740.SI,20230825,1395.13,1697178.0
801740.SI,20230828,1404.95,2176919.0
801740.SI,20230829,1447.94,2263040.0
801740.SI,20230830,1462.15,2493956.0
801740.SI,20230831,1450.18,1786293.0
801740.SI,20230901,1445.46,1455736.0
801740.SI,20230904,1462.9,1912730.0
801740.SI,20230905,1460.37,2166594.0
801740.SI,20230906,1491.01,2875536.0
801740.SI,20230907,1468.36,2811164.0
801740.SI,20230908,1507.6,3531174.0
801740.SI,20230911,1492.18,3761433.0
801740.SI,20230912,1484.66,2581979.0
801740.SI,20230913,1462.72,2313561.0
801740.SI,20230914,1457.68,2058858.0
801740.SI,20230915,1454.71,1956852.0
801740.SI,20230918,1445.42,2084129.0
801740.SI,20230919,1423.13,1782235.0
801740.SI,20230920,1410.47,1397412.0
801740.SI,20230921,1413.13,1818405.0
801740.SI,20230922,1432.36,1928683.0
801740.SI,20230925,1415.53,2111618.0
801740.SI,20230926,1400.9,1947454.0
801740.SI,20230927,1404.53,2014473.0
801740.SI,20230928,1429.2,2323157.0
801740.SI,20231009,1438.12,2697257.0
801740.SI,20231010,1438.58,2669016.0
801740.SI,20231011,1426.11,3250777.0
801740.SI,20231012,1420.81,2700512.0
801740.SI,20231013,1401.59,2620721.0
801740.SI,20231016,1389.87,2543872.0
801740.SI,20231017,1398.74,2401263.0
801740.SI,20231018,1375.22,2357800.0
801740.SI,20231019,1366.8,2910976.0
801740.SI,20231020,1342.41,2412701.0
801740.SI,20231023,1335.65,2855975.0
801740.SI,20231024,1344.91,3071724.0
801740.SI,20231025,1364.82,3184923.0
801740.SI,20231026,1379.54,3580718.0
801740.SI,20231027,1383.97,3358911.0
801740.SI,20231030,1398.7,3362069.0
801740.SI,20231031,1394.96,3110624.0
801740.SI,20231101,1392.31,2759346.0
801740.SI,20231102,1362.02,2708652.0
801740.SI,20231103,1388.68,2774363.0
801740.SI,20231106,1407.8,3018365.0
801740.SI,20231107,1409.06,2825820.0
801740.SI,20231108,1408.74,3063064.0
801740.SI,20231109,1397.36,2661387.0
801740.SI,20231110,1404.2,2379854.0
801740.SI,20231113,1447.82,3843768.0
801740.SI,20231114,1459.57,3663468.0
801740.SI,20231115,1454.39,3144077.0
801740.SI,20231116,1439.98,2583496.0
801740.SI,20231117,1440.99,2159713.0
801740.SI,20231120,1467.66,2988925.0
801740.SI,20231121,1445.38,2709369.0
801740.SI,20231122,1426.3,2211398.0
801740.SI,20231123,1436.85,2014373.0
801740.SI,20231124,1408.55,2119663.0
801740.SI,20231127,1414.66,1880976.0
801740.SI,20231128,1419.49,1736396.0
801740.SI,20231129,1413.32,1774821.0
801740.SI,20231130,1403.04,2156847.0
801740.SI,20231201,1406.73,1754924.0
801740.SI,20231204,1415.43,2162298.0
801740.SI,20231205,1379.01,2026913.0
801740.SI,20231206,1377.48,1700550.0
801740.SI,20231207,1370.15,1718726.0
801740.SI,20231208,1353.23,2380260.0
801740.SI,20231211,1377.89,2243934.0
801740.SI,20231212,1385.87,2119375.0
801740.SI,20231213,1377.94,2111903.0
801740.SI,20231214,1369.72,1563251.0
801740.SI,20231215,1356.65,1451594.0
801740.SI,20231218,1329.15,1626890.0
801740.SI,20231219,1330.91,1556885.0
801740.SI,20231220,1302.94,1642419.0
801740.SI,20231221,1311.84,1686506.0
801740.SI,20231222,1337.47,2594650.0
801740.SI,20231225,1355.19,2339738.0
801740.SI,20231226,1337.15,2082663.0
801740.SI,20231227,1338.13,1771350.0
801740.SI,20231228,1357.16,2308491.0
801740.SI,20231229,1377.33,2315099.0
801740.SI,20240102,1384.5,2853780.0
801740.SI,20240103,1367.7,2063725.0
801740.SI,20240104,1353.91,1671475.0
801740.SI,20240105,1311.5,2176849.0
801740.SI,20240108,1273.82,1778696.0
801740.SI,20240109,1266.54,1691486.0
801740.SI,20240110,1251.86,1455206.0
801740.SI,20240111,1274.78,1627148.0
801740.SI,20240112,1272.99,1893660.0
801740.SI,20240115,1245.2,1933668.0
801740.SI,20240116,1236.88,1861211.0
801740.SI,20240117,1199.77,1662520.0
801740.SI,20240118,1200.94,2220090.0
801740.SI,20240119,1185.71,1461176.0
801740.SI,20240122,1131.29,1958613.0
801740.SI,20240123,1143.75,1675866.0
801740.SI,20240124,1160.19,1912033.0
801740.SI,20240125,1209.86,2540067.0
801740.SI,20240126,1195.02,1817546.0
801740.SI,20240129,1169.73,1794221.0
801740.SI,20240130,1148.12,1692282.0
801740.SI,20240131,1095.17,1984663.0
801740.SI,20240201,1089.95,1693600.0
801740.SI,20240202,1046.78,2116415.0
801740.SI,20240205,999.45,2319662.0
801740.SI,20240206,1060.54,2342405.0
801740.SI,20240207,1104.47,2854260.0
801740.SI,20240208,1143.7,2846228.0
801740.SI,20240219,1151.01,2639602.0
801740.SI,20240220,1153.65,1929696.0
801740.SI,20240221,1159.76,2376382.0
801740.SI,20240222,1175.78,1992205.0
801740.SI,20240223,1191.21,2312330.0
801740.SI,20240226,1202.02,2658031.0
801740.SI,20240227,1240.12,2947758.0
801740.SI,20240228,1185.52,3814713.0
801740.SI,20240229,1236.1,3074937.0
801740.SI,20240301,1255.96,2948803.0
801740.SI,20240304,1256.34,2743593.0
801740.SI,20240305,1265.15,3278380.0
801740.SI,20240306,1264.34,2642970.0
801740.SI,20240307,1232.74,2500294.0
801740.SI,20240308,1257.15,2509572.0
801740.SI,20240311,1274.21,2583482.0
801740.SI,20240312,1287.59,3726423.0
801740.SI,20240313,1292.5,4131744.0
801740.SI,20240314,1271.44,3163146.0
801740.SI,20240315,1281.71,2716303.0
801740.SI,20240318,1314.14,3726679.0
801740.SI,20240319,1311.2,3854008.0
801740.SI,20240320,1315.65,3125683.0
801740.SI,20240321,1319.21,3730766.0
801740.SI,20240322,1298.56,3463679.0
801740.SI,20240325,1265.43,3163065.0
801740.SI,20240326,1258.8,2891734.0
801740.SI,20240327,1211.85,2869904.0
801740.SI,20240328,1265.5,3883569.0
801740.SI,20240329,1290.63,3553193.0
801740.SI,20240401,1303.59,3785240.0
801740.SI,20240402,1283.94,3415852.0
801740.SI,20240403,1265.23,2859215.0
801740.SI,20240408,1236.72,2675294.0
801740.SI,20240409,1240.91,2305971.0
801740.SI,20240410,1218.3,2467935.0
801740.SI,20240411,1208.83,2021726.0
801740.SI,20240412,1201.32,2029973.0
801740.SI,20240415,1218.6,3167688.0
801740.SI,20240416,1161.22,3039577.0
801740.SI,20240417,1208.67,2640734.0
801740.SI,20240418,1215.91,3099440.0
801740.SI,20240419,1234.18,3459471.0
801740.SI,20240422,1254.73,4479839.0
801740.SI,20240423,1239.49,3896213.0
801740.SI,20240424,1270.22,3834004.0
801740.SI,20240425,1249.87,3337019.0
801740.SI,20240426,1269.66,4211598.0
801740.SI,20240429,1286.11,4499662.0
801740.SI,20240430,1264.86,3711354.0
801740.SI,20240506,1278.25,3238308.0
801740.SI,20240507,1316.75,4824486.0
801740.SI,20240508,1299.87,3934135.0
801740.SI,20240509,1340.35,4740708.0
801740.SI,20240510,1323.94,4093021.0
801740.SI,20240513,1305.15,3384428.0
801740.SI,20240514,1298.23,2555002.0
801740.SI,20240515,1283.24,2604818.0
801740.SI,20240516,1280.47,2614175.0
801740.SI,20240517,1306.92,3401704.0
801740.SI,20240520,1323.74,3871194.0
801740.SI,20240521,1299.77,2765033.0
801740.SI,20240522,1296.98,2357423.0
801740.SI,20240523,1287.43,3594908.0
801740.SI,20240524,1257.48,3093683.0
801740.SI,20240527,1262.28,2586249.0
801740.SI,20240528,1255.26,2387538.0
801740.SI,20240529,1249.19,2143433.0
801740.SI,20240530,1270.14,2946692.0
801740.SI,20240531,1288.06,3228106.0
801740.SI,20240603,1278.49,3038315.0
801740.SI,20240604,1285.04,2716171.0
801740.SI,20240605,1293.79,3552563.0
801740.SI,20240606,1259.46,3326536.0
801740.SI,20240607,1266.09,2651879.0
801740.SI,20240611,1282.67,2799616.0
801740.SI,20240612,1287.43,2493899.0
801740.SI,20240613,1291.69,2546297.0
801740.SI,20240614,1275.18,2584003.0
801740.SI,20240617,1277.96,2380160.0
801740.SI,20240618,1289.84,2486045.0
801740.SI,20240619,1272.25,2393944.0
801740.SI,20240620,1244.07,2416002.0
801740.SI,20240621,1244.76,1688113.0
801740.SI,20240624,1209.67,2050776.0
801740.SI,20240625,1193.41,1970243.0
801740.SI,20240626,1219.72,1784553.0
801740.SI,20240627,1200.76,1759996.0
801740.SI,20240628,1239.21,2805206.0
801740.SI,20240701,1237.02,1967050.0
801740.SI,20240702,1227.1,1764464.0
801740.SI,20240703,1206.38,1631339.0
801740.SI,20240704,1187.52,1580980.0
801740.SI,20240705,1192.69,1579074.0
801740.SI,20240708,1167.05,1547974.0
801740.SI,20240709,1185.27,2143076.0
801740.SI,20240710,1182.47,1725061.0
801740.SI,20240711,1213.23,2013214.0
801740.SI,20240712,1206.6,1700576.0
801740.SI,20240715,1199.72,1861913.0
801740.SI,20240716,1208.92,1863700.0
801740.SI,20240717,1195.69,1745027.0
801740.SI,20240718,1219.7,2269038.0
801740.SI,20240719,1239.21,2240012.0
801740.SI,20240722,1248.62,2141610.0
801740.SI,20240723,1212.41,1869685.0
801740.SI,20240724,1221.16,2249715.0
801740.SI,20240725,1212.74,2011598.0
801740.SI,20240726,1256.91,3031631.0
801740.SI,20240729,1269.49,3217616.0
801740.SI,20240730,1275.22,2963331.0
801740.SI,20240731,1294.46,3819804.0
801740.SI,20240801,1301.48,3827533.0
801740.SI,20240802,1287.09,3648981.0
801740.SI,20240805,1244.7,3534130.0
801740.SI,20240806,1276.99,3171237.0
801740.SI,20240807,1289.1,3596646.0
801740.SI,20240808,1244.38,3353346.0
801740.SI,20240809,1229.28,1974608.0
801740.SI,20240812,1214.46,1663550.0
801740.SI,20240813,1231.45,1755780.0
801740.SI,20240814,1218.18,1462576.0
801740.SI,20240815,1222.68,1702190.0
801740.SI,20240816,1204.41,1795283.0
801740.SI,20240819,1199.53,1577041.0
801740.SI,20240820,1178.78,1519035.0
801740.SI,20240821,1172.73,1193100.0
801740.SI,20240822,1166.98,1435186.0
801740.SI,20240823,1165.05,1383550.0
801740.SI,20240826,1157.34,1418837.0
801740.SI,20240827,1135.43,1311935.0
801740.SI,20240828,1146.27,1427163.0
801740.SI,20240829,1163.58,1698814.0
801740.SI,20240830,1179.19,2211288.0
801740.SI,20240902,1141.01,2019171.0
801740.SI,20240903,1155.57,1418711.0
801740.SI,20240904,1151.74,1279962.0
801740.SI,20240905,1159.86,1270198.0
801740.SI,20240906,1142.07,1349741.0
801740.SI,20240909,1138.79,1215955.0
801740.SI,20240910,1144.62,1291729.0
801740.SI,20240911,1140.1,946932.0
801740.SI,20240912,1133.81,995482.0
801740.SI,20240913,1122.4,1013557.0
801740.SI,20240918,1121.2,1181807.0
801740.SI,20240919,1127.0,2019400.0
801740.SI,20240920,1113.62,1747772.0
801740.SI,20240923,1117.74,1659722.0
801740.SI,20240924,1152.46,2456060.0
801740.SI,20240925,1173.62,3074745.0
801740.SI,20240926,1211.48,2813329.0
801740.SI,20240927,1272.17,3646548.0
801740.SI,20240930,1410.92,7454062.0
801740.SI,20241008,1557.78,10689886.0
801740.SI,20241009,1447.62,9560892.0
801740.SI,20241010,1455.56,7494982.0
801740.SI,20241011,1375.97,5477528.0
801740.SI,20241014,1440.63,6469247.0
801740.SI,20241015,1441.72,7630852.0
801740.SI,20241016,1420.4,5850301.0
801740.SI,20241017,1428.91,6009202.0
801740.SI,20241018,1484.54,8056371.0
801740.SI,20241021,1554.54,10283911.0
801740.SI,20241022,1531.22,8844476.0
801740.SI,20241023,1571.38,10140995.0
801740.SI,20241024,1531.12,6682845.0
801740.SI,20241025,1544.58,6523726.0
801740.SI,20241028,1572.3,7230142.0
801740.SI,20241029,1546.72,7390510.0
801740.SI,20241030,1549.02,6297356.0
801740.SI,20241031,1554.99,7622277.0
801740.SI,20241101,1492.35,6822523.0
801740.SI,20241104,1531.58,5104053.0
801740.SI,20241105,1628.54,9550185.0
801740.SI,20241106,1644.83,10841041.0
801740.SI,20241107,1627.1,9327803.0
801740.SI,20241108,1674.92,10854216.0
801740.SI,20241111,1712.48,10566408.0
801740.SI,20241112,1651.9,9616063.0
801740.SI,20241113,1652.16,7104162.0
801740.SI,20241114,1589.16,5700842.0
801740.SI,20241115,1527.73,5925282.0
801740.SI,20241118,1495.4,5309913.0
801740.SI,20241119,1519.64,4564023.0
801740.SI,20241120,1543.86,4926713.0
801740.SI,20241121,1539.52,4288123.0
801740.SI,20241122,1485.28,5165753.0
801740.SI,20241125,1466.74,4113433.0
801740.SI,20241126,1454.9,3014975.0
801740.SI,20241127,1504.33,4524317.0
801740.SI,20241128,1496.04,4248953.0
801740.SI,20241129,1514.89,4181729.0
801740.SI,20241202,1534.16,4390061.0
801740.SI,20241203,1518.73,3809904.0
801740.SI,20241204,1502.81,3891820.0
801740.SI,20241205,1523.69,4226335.0
801740.SI,20241206,1536.0,4545240.0
801740.SI,20241209,1515.81,3790067.0
801740.SI,20241210,1537.2,5789550.0
801740.SI,20241211,1546.84,4414559.0
801740.SI,20241212,1572.06,5683632.0
801740.SI,20241213,1525.84,5686812.0
801740.SI,20241216,1504.43,4120270.0
801740.SI,20241217,1477.45,3773884.0
801740.SI,20241218,1491.57,3378975.0
801740.SI,20241219,1494.13,3119207.0
801740.SI,20241220,1513.19,3676828.0
801740.SI,20241223,1479.39,4129204.0
801740.SI,20241224,1484.49,3093373.0
801740.SI,20241225,1470.28,3206954.0
801740.SI,20241226,1493.82,3837177.0
801740.SI,20241227,1518.18,5776439.0
801740.SI,20241230,1511.31,4233663.0
801740.SI,20241231,1474.78,4110929.0
801740.SI,20250102,1408.68,3837555.0
801740.SI,20250103,1359.0,3257593.0
801740.SI,20250106,1343.53,2410405.0
801740.SI,20250107,1370.34,2215069.0
801740.SI,20250108,1362.39,2896600.0
801740.SI,20250109,1384.54,2901629.0
801740.SI,20250110,1363.22,2835800.0
801740.SI,20250113,1363.75,2248230.0
801740.SI,20250114,1412.7,3148436.0
801740.SI,20250115,1387.27,2494336.0
801740.SI,20250116,1387.16,2520747.0
801740.SI,20250117,1402.36,2542189.0
801740.SI,20250120,1410.78,2714916.0
801740.SI,20250121,1400.43,2278912.0
801740.SI,20250122,1388.63,2254453.0
801740.SI,20250123,1376.5,3031696.0
801740.SI,20250124,1385.84,2462914.0
801740.SI,20250127,1367.46,2112074.0
801740.SI,20250205,1381.38,2457779.0
801740.SI,20250206,1428.26,3608742.0
801740.SI,20250207,1437.23,4063492.0
801740.SI,20250210,1453.43,3602945.0
801740.SI,20250211,1437.67,3325111.0
801740.SI,20250212,1449.92,3074570.0
801740.SI,20250213,1433.8,3482298.0
801740.SI,20250214,1428.81,3101198.0
801740.SI,20250217,1432.36,3525752.0
801740.SI,20250218,1394.19,3696633.0
801740.SI,20250219,1424.74,3509195.0
801740.SI,20250220,1448.9,4653679.0
801740.SI,20250221,1467.95,5147672.0
801740.SI,20250224,1476.27,4897101.0
801740.SI,20250225,1465.96,4458636.0
801740.SI,20250226,1480.36,4716826.0
801740.SI,20250227,1463.99,4198310.0
801740.SI,20250228,1417.56,3940316.0
801740.SI,20250303,1420.74,3307945.0
801740.SI,20250304,1471.1,5050980.0
801740.SI,20250305,1477.91,4816189.0
801740.SI,20250306,1494.25,4854619.0
801740.SI,20250307,1516.29,6421517.0
801740.SI,20250310,1526.09,5031448.0
801740.SI,20250311,1560.6,5982135.0
801740.SI,20250312,1552.22,5836723.0
801740.SI,20250313,1553.26,5462449.0
801740.SI,20250314,1555.26,5550848.0
801740.SI,20250317,1552.33,5378369.0
801740.SI,20250318,1546.23,4834084.0
801740.SI,20250319,1532.07,4074360.0
801740.SI,20250320,1544.43,5316111.0
801740.SI,20250321,1536.67,6456756.0
801740.SI,20250324,1510.83,5856988.0
801740.SI,20250325,1505.7,5128849.0
801740.SI,20250326,1504.58,3828064.0
801740.SI,20250327,1492.44,3932112.0
801740.SI,20250328,1475.47,3168472.0
801740.SI,20250331,1448.81,3422773.0
801740.SI,20250401,1469.92,3981589.0
801740.SI,20250402,1452.72,3215436.0
801740.SI,20250403,1446.48,2806076.0
801740.SI,20250407,1304.16,5073092.0
801740.SI,20250408,1331.88,4224627.0
801740.SI,20250409,1415.45,6127543.0
801740.SI,20250410,1433.45,5928816.0
801740.SI,20250411,1450.6,4755654.0
801740.SI,20250414,1455.28,4048703.0
801740.SI,20250415,1429.42,3212112.0
801740.SI,20250416,1422.34,3266436.0
801740.SI,20250417,1421.8,3336555.0
801740.SI,20250418,1413.55,2913140.0
801740.SI,20250421,1438.42,3201709.0
801740.SI,20250422,1429.4,3095769.0
801740.SI,20250423,1425.44,3126263.0
801740.SI,20250424,1412.7,3251357.0
801740.SI,20250425,1415.71,2780460.0
801740.SI,20250428,1400.72,2490909.0
801740.SI,20250429,1404.23,2787460.0
801740.SI,20250430,1413.12,2853365.0
801740.SI,20250506,1439.46,3468574.0
801740.SI,20250507,1492.79,7926589.0
801740.SI,20250508,1531.12,7890755.0
801740.SI,20250509,1502.54,8083280.0
801740.SI,20250512,1574.72,11432044.0
801740.SI,20250513,1526.43,9072033.0
801740.SI,20250514,1515.15,6078038.0
801740.SI,20250515,1487.9,5496720.0
801740.SI,20250516,1484.75,4487001.0
801740.SI,20250519,1500.36,4873958.0
801740.SI,20250520,1492.82,4938063.0
801740.SI,20250521,1490.79,4225484.0
801740.SI,20250522,1487.21,5144727.0
801740.SI,20250523,1471.28,4422090.0
801740.SI,20250526,1486.39,3653088.0
801740.SI,20250527,1482.58,3806148.0
801740.SI,20250528,1471.88,3667376.0
801740.SI,20250529,1500.15,4293699.0
801740.SI,20250530,1502.68,5012093.0
801740.SI,20250603,1509.9,5961564.0
801740.SI,20250604,1506.25,4696226.0
801740.SI,20250605,1511.25,4667325.0
801740.SI,20250606,1508.79,4606385.0
801740.SI,20250609,1531.75,5415697.0
801740.SI,20250610,1501.63,5049718.0
801740.SI,20250611,1506.63,3153825.0
801740.SI,20250612,1498.63,3283273.0
801740.SI,20250613,1524.38,7541370.0
801740.SI,20250616,1524.67,5371561.0
801740.SI,20250617,1525.27,4880697.0
801740.SI,20250618,1539.76,6238653.0
801740.SI,20250619,1513.42,5859380.0
801740.SI,20250620,1493.76,4389139.0
801740.SI,20250623,1523.2,4946612.0
801740.SI,20250624,1525.25,5917121.0
801740.SI,20250625,1576.56,8423309.0
801740.SI,20250626,1585.26,9784452.0
801740.SI,20250627,1596.82,8320179.0
801740.SI,20250630,1666.32,10484190.0
801740.SI,20250701,1662.32,10459647.0
801740.SI,20250702,1630.1,8640386.0
801740.SI,20250703,1633.43,7115642.0
801740.SI,20250704,1618.51,6288937.0
801740.SI,20250707,1619.97,5234620.0
801740.SI,20250708,1630.39,5125300.0
801740.SI,20250709,1618.48,6052776.0
801740.SI,20250710,1611.82,4907480.0
801740.SI,20250711,1632.72,5983183.0
801740.SI,20250714,1625.13,4929980.0
801740.SI,20250715,1615.1,4701284.0
801740.SI,20250716,1612.94,4095990.0
801740.SI,20250717,1657.11,6764296.0
801740.SI,20250718,1669.63,7005651.0
801740.SI,20250721,1684.16,6537083.0
801740.SI,20250722,1686.97,8155261.0
801740.SI,20250723,1659.9,6565906.0
801740.SI,20250724,1688.84,6420658.0
801740.SI,20250725,1691.05,5664995.0
801740.SI,20250728,1722.45,7655060.0
801740.SI,20250729,1742.95,7704053.0
801740.SI,20250730,1724.42,8952973.0
801740.SI,20250731,1717.62,7762415.0
801740.SI,20250801,1692.39,6879095.0
801740.SI,20250804,1744.21,8564360.0
801740.SI,20250805,1755.9,9859180.0
801740.SI,20250806,1809.85,12483758.0
801740.SI,20250807,1802.86,11498180.0
801740.SI,20250808,1792.69,9538510.0
801740.SI,20250811,1805.3,9406126.0
801740.SI,20250812,1786.69,9941292.0
801740.SI,20250813,1812.09,8960718.0
801740.SI,20250814,1773.09,10047820.0
801740.SI,20250815,1795.45,7969857.0
801740.SI,20250818,1838.6,10430965.0
801740.SI,20250819,1810.03,10579106.0
801740.SI,20250820,1821.76,9431242.0
801740.SI,20250821,1809.27,8517411.0
801740.SI,20250822,1850.63,10132977.0
801740.SI,20250825,1887.89,12587063.0
801740.SI,20250826,1870.26,10203918.0
801740.SI,20250827,1831.25,10796066.0
801740.SI,20250828,1873.18,11171826.0
801740.SI,20250829,1887.49,11649766.0
801740.SI,20250901,1882.45,10364658.0
801740.SI,20250902,1833.51,9415761.0
801740.SI,20250903,1726.61,9523783.0
801740.SI,20250904,1669.58,7646175.0
801740.SI,20250905,1693.95,6118656.0
801740.SI,20250908,1705.72,6315876.0
801740.SI,20250909,1673.34,5335947.0
801740.SI,20250910,1687.11,4852905.0
801740.SI,20250911,1726.56,5946560.0
801740.SI,20250912,1725.2,6408781.0
801740.SI,20250915,1707.07,4773673.0
801740.SI,20250916,1698.48,4787613.0
801740.SI,20250917,1703.22,4695049.0
801740.SI,20250918,1694.04,7373699.0
801740.SI,20250919,1708.45,6370860.0
801740.SI,20250922,1717.3,5114720.0
801740.SI,20250923,1701.29,5706099.0
801740.SI,20250924,1717.33,4522410.0
801740.SI,20250925,1706.09,4848231.0
801740.SI,20250926,1701.34,5509110.0
801740.SI,20250929,1707.11,4511552.0
801740.SI,20250930,1751.33,6432453.0
801740.SI,20251009,1770.08,6833737.0
801740.SI,20251010,1753.03,6793716.0
801740.SI,20251013,1768.09,6943246.0
801740.SI,20251014,1745.27,8008147.0
801740.SI,20251015,1748.71,5522038.0
801740.SI,20251016,1729.16,5417997.0
801740.SI,20251017,1670.6,5190119.0
801740.SI,20251020,1683.47,4403912.0
801740.SI,20251021,1708.09,4890947.0
801740.SI,20251022,1688.18,4389203.0
801740.SI,20251023,1678.26,4146238.0
801740.SI,20251024,1717.61,6382266.0
801740.SI,20251027,1742.34,7307708.0
801740.SI,20251028,1761.02,8434113.0
801740.SI,20251029,1767.61,7355421.0
801740.SI,20251030,1733.06,7434336.0
801740.SI,20251031,1716.47,5529528.0
801740.SI,20251103,1728.71,5467236.0
801740.SI,20251104,1705.37,5098511.0
801740.SI,20251105,1700.67,4153203.0
801740.SI,20251106,1716.78,5230925.0
801740.SI,20251107,1708.35,5762535.0
801740.SI,20251110,1703.42,5395193.0
801740.SI,20251111,1683.24,4685961.0
801740.SI,20251112,1668.52,4589657.0
801740.SI,20251113,1678.92,4182748.0
801740.SI,20251114,1671.6,4699048.0
801740.SI,20251117,1698.14,6547951.0
801740.SI,20251118,1672.98,5648157.0
801740.SI,20251119,1691.53,6614556.0
801740.SI,20251120,1673.52,5890915.0
801740.SI,20251121,1642.78,7273094.0
801740.SI,20251124,1713.61,9453214.0
801740.SI,20251125,1708.16,9121457.0
801740.SI,20251126,1669.67,7300021.0
801740.SI,20251127,1666.23,5857100.0
801740.SI,20251128,1689.66,6152923.0
801740.SI,20251201,1712.26,6726918.0
801740.SI,20251202,1710.88,7269056.0
801740.SI,20251203,1690.49,8357485.0
801740.SI,20251204,1699.77,8382915.0
801740.SI,20251205,1737.34,9167381.0
801740.SI,20251208,1755.61,11752531.0
801740.SI,20251209,1757.92,10284193.0
801740.SI,20251210,1770.05,8998441.0
801740.SI,20251211,1765.84,9615589.0
801740.SI,20251212,1785.95,11450463.0
801740.SI,20251215,1800.69,11356572.0
801740.SI,20251216,1775.32,11968335.0
801740.SI,20251217,1771.82,9758067.0
801740.SI,20251218,1787.82,11211194.0
801740.SI,20251219,1813.19,11180496.0
801740.SI,20251222,1823.51,10962982.0
801740.SI,20251223,1797.56,12112415.0
801740.SI,20251224,1849.35,12196265.0
801740.SI,20251225,1903.22,14508344.0
801740.SI,20251226,1922.01,16088013.0
801740.SI,20251229,1949.46,15599923.0
801740.SI,20251230,1939.4,18325124.0
801740.SI,20251231,1980.68,16441873.0
801750.SI,20221010,3303.08,2882914.0
801750.SI,20221011,3317.39,2520655.0
801750.SI,20221012,3449.4,3639819.0
801750.SI,20221013,3541.67,5223101.0
801750.SI,20221014,3616.59,5081313.0
801750.SI,20221017,3701.29,5307898.0
801750.SI,20221018,3677.0,4302965.0
801750.SI,20221019,3655.81,4402219.0
801750.SI,20221020,3681.99,5589212.0
801750.SI,20221021,3696.83,4821082.0
801750.SI,20221024,3683.22,5626408.0
801750.SI,20221025,3629.84,4828464.0
801750.SI,20221026,3801.94,6919321.0
801750.SI,20221027,3875.96,7474548.0
801750.SI,20221028,3779.99,7290354.0
801750.SI,20221031,3936.29,8631370.0
801750.SI,20221101,3986.07,8411543.0
801750.SI,20221102,4016.08,8180900.0
801750.SI,20221103,3933.87,7602714.0
801750.SI,20221104,3988.91,6799147.0
801750.SI,20221107,3983.47,6686801.0
801750.SI,20221108,4026.85,7440156.0
801750.SI,20221109,3975.95,6087659.0
801750.SI,20221110,3988.63,6637902.0
801750.SI,20221111,3986.97,8518588.0
801750.SI,20221114,4035.28,6897883.0
801750.SI,20221115,4114.84,7925878.0
801750.SI,20221116,4093.87,6900353.0
801750.SI,20221117,4201.38,8090213.0
801750.SI,20221118,4140.82,9198773.0
801750.SI,20221121,4130.87,6956269.0
801750.SI,20221122,4063.7,6306433.0
801750.SI,20221123,4013.2,5674822.0
801750.SI,20221124,3964.43,4646955.0
801750.SI,20221125,3914.49,4261740.0
801750.SI,20221128,3872.47,4191444.0
801750.SI,20221129,3949.55,4476477.0
801750.SI,20221130,3937.12,4284455.0
801750.SI,20221201,4043.77,5978054.0
801750.SI,20221202,4051.06,6205464.0
801750.SI,20221205,4114.68,5846668.0
801750.SI,20221206,4099.63,5119806.0
801750.SI,20221207,4075.83,4609298.0
801750.SI,20221208,4011.66,4450256.0
801750.SI,20221209,3996.42,4177117.0
801750.SI,20221212,4054.5,4462015.0
801750.SI,20221213,3956.92,4433989.0
801750.SI,20221214,3972.42,3869743.0
801750.SI,20221215,4013.08,4279679.0
801750.SI,20221216,3933.82,3805489.0
801750.SI,20221219,3869.61,3264250.0
801750.SI,20221220,3791.97,3631330.0
801750.SI,20221221,3760.92,2678749.0
801750.SI,20221222,3756.13,2764641.0
801750.SI,20221223,3819.49,3116023.0
801750.SI,20221226,3862.12,2887378.0
801750.SI,20221227,3851.24,2958175.0
801750.SI,20221228,3793.92,3020562.0
801750.SI,20221229,3832.96,3355922.0
801750.SI,20221230,3873.45,3101087.0
801750.SI,20230103,4056.8,5944569.0
801750.SI,20230104,4087.09,5951022.0
801750.SI,20230105,4107.83,5597475.0
801750.SI,20230106,4073.1,5114517.0
801750.SI,20230109,4080.16,4674510.0
801750.SI,20230110,4087.44,4620407.0
801750.SI,20230111,4011.47,4517961.0
801750.SI,20230112,4035.38,4515219.0
801750.SI,20230113,4034.22,3638128.0
801750.SI,20230116,4136.54,5456148.0
801750.SI,20230117,4114.66,4158206.0
801750.SI,20230118,4199.24,4929481.0
801750.SI,20230119,4315.85,6495641.0
801750.SI,20230120,4355.95,6573669.0
801750.SI,20230130,4443.59,8358905.0
801750.SI,20230131,4369.17,7476030.0
801750.SI,20230201,4486.58,8313681.0
801750.SI,20230202,4485.46,9427108.0
801750.SI,20230203,4564.98,9101348.0
801750.SI,20230206,4598.53,10782464.0
801750.SI,20230207,4592.91,10750875.0
801750.SI,20230208,4543.32,9521642.0
801750.SI,20230209,4640.99,10163817.0
801750.SI,20230210,4586.43,10505983.0
801750.SI,20230213,4632.77,9361117.0
801750.SI,20230214,4612.62,9171623.0
801750.SI,20230215,4737.14,11668846.0
801750.SI,20230216,4670.65,14936418.0
801750.SI,20230217,4493.66,11077344.0
801750.SI,20230220,4635.46,9548873.0
801750.SI,20230221,4627.85,10270342.0
801750.SI,20230222,4648.92,9070166.0
801750.SI,20230223,4537.52,8356226.0
801750.SI,20230224,4579.15,8153133.0
801750.SI,20230227,4516.41,7764009.0
801750.SI,20230228,4617.62,9904766.0
801750.SI,20230301,4800.49,14469644.0
801750.SI,20230302,4825.39,12613822.0
801750.SI,20230303,4774.17,10747171.0
801750.SI,20230306,4757.04,9479803.0
801750.SI,20230307,4631.27,8959484.0
801750.SI,20230308,4710.32,8565019.0
801750.SI,20230309,4723.09,8492189.0
801750.SI,20230310,4696.95,9824571.0
801750.SI,20230313,4878.09,12418117.0
801750.SI,20230314,4830.9,11757686.0
801750.SI,20230315,4769.91,8940570.0
801750.SI,20230316,4714.41,8535972.0
801750.SI,20230317,4908.22,12466225.0
801750.SI,20230320,4841.22,13185619.0
801750.SI,20230321,4891.5,10617935.0
801750.SI,20230322,5008.52,14164621.0
801750.SI,20230323,5140.55,15734658.0
801750.SI,20230324,5237.54,17279447.0
801750.SI,20230327,5315.53,19701641.0
801750.SI,20230328,5219.84,17368464.0
801750.SI,20230329,5208.25,16669377.0
801750.SI,20230330,5100.08,14321790.0
801750.SI,20230331,5298.33,14387484.0
801750.SI,20230403,5536.7,20712358.0
801750.SI,20230404,5583.11,21789729.0
801750.SI,20230406,5483.82,17955054.0
801750.SI,20230407,5592.36,15924376.0
801750.SI,20230410,5293.71,18169279.0
801750.SI,20230411,5341.8,15182245.0
801750.SI,20230412,5506.4,17360171.0
801750.SI,20230413,5355.67,16661659.0
801750.SI,20230414,5355.49,13957222.0
801750.SI,20230417,5276.65,12651592.0
801750.SI,20230418,5295.01,12256309.0
801750.SI,20230419,5306.43,15095912.0
801750.SI,20230420,5417.9,15777853.0
801750.SI,20230421,5106.6,17301025.0
801750.SI,20230424,5079.59,13109290.0
801750.SI,20230425,5026.24,14152193.0
801750.SI,20230426,4824.52,14468014.0
801750.SI,20230427,4750.37,11548988.0
801750.SI,20230428,4927.84,12039232.0
801750.SI,20230504,4873.22,11460733.0
801750.SI,20230505,4870.98,11392267.0
801750.SI,20230508,4977.48,12220938.0
801750.SI,20230509,4929.3,12961198.0
801750.SI,20230510,4909.6,10635878.0
801750.SI,20230511,4835.82,9408731.0
801750.SI,20230512,4786.28,7881226.0
801750.SI,20230515,4782.73,8339206.0
801750.SI,20230516,4634.95,7956175.0
801750.SI,20230517,4677.06,7060877.0
801750.SI,20230518,4805.41,10080335.0
801750.SI,20230519,4785.1,8647197.0
801750.SI,20230522,4747.53,7561091.0
801750.SI,20230523,4682.95,7063666.0
801750.SI,20230524,4656.97,7668408.0
801750.SI,20230525,4633.67,8458474.0
801750.SI,20230526,4735.96,8905546.0
801750.SI,20230529,4720.27,10441015.0
801750.SI,20230530,4855.79,11563862.0
801750.SI,20230531,4929.19,12518131.0
801750.SI,20230601,5034.16,14103037.0
801750.SI,20230602,5038.8,11589257.0
801750.SI,20230605,5063.13,10319426.0
801750.SI,20230606,4928.11,11161734.0
801750.SI,20230607,4995.83,10055634.0
801750.SI,20230608,4958.69,10346366.0
801750.SI,20230609,5020.96,12210811.0
801750.SI,20230612,5041.2,11623727.0
801750.SI,20230613,5205.29,15588460.0
801750.SI,20230614,5233.42,14358420.0
801750.SI,20230615,5168.4,11895916.0
801750.SI,20230616,5325.47,13795719.0
801750.SI,20230619,5477.49,16381527.0
801750.SI,20230620,5556.7,16554465.0
801750.SI,20230621,5318.51,14227304.0
801750.SI,20230626,5014.76,12442819.0
801750.SI,20230627,5042.23,8599371.0
801750.SI,20230628,4891.07,10375441.0
801750.SI,20230629,4924.85,9280131.0
801750.SI,20230630,4941.44,8876330.0
801750.SI,20230703,4935.38,9699905.0
801750.SI,20230704,4993.68,9226953.0
801750.SI,20230705,4904.52,8752005.0
801750.SI,20230706,4920.85,8459503.0
801750.SI,20230707,4827.51,8679916.0
801750.SI,20230710,4811.26,6608070.0
801750.SI,20230711,4855.77,8137759.0
801750.SI,20230712,4710.78,9474849.0
801750.SI,20230713,4768.23,8232396.0
801750.SI,20230714,4867.24,10514807.0
801750.SI,20230717,4867.29,8872352.0
801750.SI,20230718,4786.92,7442622.0
801750.SI,20230719,4785.83,6523402.0
801750.SI,20230720,4650.55,7256075.0
801750.SI,20230721,4612.11,5386626.0
801750.SI,20230724,4649.56,6255239.0
801750.SI,20230725,4749.79,7940585.0
801750.SI,20230726,4649.88,6501865.0
801750.SI,20230727,4606.07,5533522.0
801750.SI,20230728,4694.8,7316528.0
801750.SI,20230731,4733.33,7893079.0
801750.SI,20230801,4739.43,7378131.0
801750.SI,20230802,4751.77,6224971.0
801750.SI,20230803,4749.66,6385423.0
801750.SI,20230804,4886.79,11061745.0
801750.SI,20230807,4900.21,9402401.0
801750.SI,20230808,4845.05,7213609.0
801750.SI,20230809,4802.14,7961012.0
801750.SI,20230810,4805.14,7251184.0
801750.SI,20230811,4676.61,6963073.0
801750.SI,20230814,4761.84,7594989.0
801750.SI,20230815,4702.05,7167545.0
801750.SI,20230816,4576.89,7788609.0
801750.SI,20230817,4606.3,7264025.0
801750.SI,20230818,4477.41,6732770.0
801750.SI,20230821,4479.98,6342710.0
801750.SI,20230822,4622.1,9835606.0
801750.SI,20230823,4492.26,9196815.0
801750.SI,20230824,4473.4,9653795.0
801750.SI,20230825,4289.51,9377950.0
801750.SI,20230828,4314.34,10953651.0
801750.SI,20230829,4481.94,10169186.0
801750.SI,20230830,4585.97,11088551.0
801750.SI,20230831,4557.13,8307614.0
801750.SI,20230901,4510.78,6432738.0
801750.SI,20230904,4585.27,7759067.0
801750.SI,20230905,4524.33,8535724.0
801750.SI,20230906,4535.1,7559665.0
801750.SI,20230907,4473.22,7959825.0
801750.SI,20230908,4476.17,8446881.0
801750.SI,20230911,4534.53,8978312.0
801750.SI,20230912,4518.25,7827624.0
801750.SI,20230913,4389.4,7376885.0
801750.SI,20230914,4350.35,5773110.0
801750.SI,20230915,4301.16,5550004.0
801750.SI,20230918,4300.9,5135337.0
801750.SI,20230919,4221.09,4950173.0
801750.SI,20230920,4205.38,5128170.0
801750.SI,20230921,4204.52,5353532.0
801750.SI,20230922,4353.59,8275155.0
801750.SI,20230925,4303.73,7928667.0
801750.SI,20230926,4343.22,8178778.0
801750.SI,20230927,4332.55,7129545.0
801750.SI,20230928,4362.9,6413054.0
801750.SI,20231009,4389.59,7131392.0
801750.SI,20231010,4421.54,9522948.0
801750.SI,20231011,4468.94,10666876.0
801750.SI,20231012,4450.71,9146985.0
801750.SI,20231013,4391.37,8573045.0
801750.SI,20231016,4360.87,8818002.0
801750.SI,20231017,4364.57,8634548.0
801750.SI,20231018,4299.57,9999637.0
801750.SI,20231019,4246.0,9905943.0
801750.SI,20231020,4117.16,8350752.0
801750.SI,20231023,4025.48,7443003.0
801750.SI,20231024,4049.27,8313935.0
801750.SI,20231025,4145.32,9528643.0
801750.SI,20231026,4175.61,9621336.0
801750.SI,20231027,4160.01,8974417.0
801750.SI,20231030,4241.58,9514184.0
801750.SI,20231031,4197.15,8861948.0
801750.SI,20231101,4156.91,6812719.0
801750.SI,20231102,4107.6,6571015.0
801750.SI,20231103,4200.86,7282590.0
801750.SI,20231106,4334.57,9276623.0
801750.SI,20231107,4384.02,9790984.0
801750.SI,20231108,4434.13,11785929.0
801750.SI,20231109,4430.92,10915346.0
801750.SI,20231110,4381.34,8821304.0
801750.SI,20231113,4496.8,11025405.0
801750.SI,20231114,4569.72,12520111.0
801750.SI,20231115,4581.72,13136530.0
801750.SI,20231116,4549.61,11244957.0
801750.SI,20231117,4551.29,10142813.0
801750.SI,20231120,4600.65,11362962.0
801750.SI,20231121,4533.15,11142560.0
801750.SI,20231122,4474.33,9836863.0
801750.SI,20231123,4505.22,8825957.0
801750.SI,20231124,4385.02,8550309.0
801750.SI,20231127,4387.91,7495516.0
801750.SI,20231128,4389.59,6791420.0
801750.SI,20231129,4342.98,6518885.0
801750.SI,20231130,4305.95,6454545.0
801750.SI,20231201,4429.56,8603197.0
801750.SI,20231204,4456.4,9653339.0
801750.SI,20231205,4297.68,8331861.0
801750.SI,20231206,4302.97,6813574.0
801750.SI,20231207,4369.96,8434335.0
801750.SI,20231208,4427.53,11375315.0
801750.SI,20231211,4510.28,10019759.0
801750.SI,20231212,4517.59,9587518.0
801750.SI,20231213,4448.08,8514928.0
801750.SI,20231214,4409.59,7780144.0
801750.SI,20231215,4361.81,6955100.0
801750.SI,20231218,4291.36,6575823.0
801750.SI,20231219,4319.14,6379728.0
801750.SI,20231220,4186.94,6987976.0
801750.SI,20231221,4218.5,6811294.0
801750.SI,20231222,4108.34,7011084.0
801750.SI,20231225,4103.72,5112048.0
801750.SI,20231226,4013.36,5405947.0
801750.SI,20231227,4051.72,5827902.0
801750.SI,20231228,4144.37,6961968.0
801750.SI,20231229,4220.78,7201356.0
801750.SI,20240102,4141.54,6035541.0
801750.SI,20240103,4077.55,6433755.0
801750.SI,20240104,4039.45,6392461.0
801750.SI,20240105,3960.59,6226633.0
801750.SI,20240108,3859.61,5931190.0
801750.SI,20240109,3825.71,5979572.0
801750.SI,20240110,3744.41,5197807.0
801750.SI,20240111,3865.26,6573509.0
801750.SI,20240112,3792.73,5552019.0
801750.SI,20240115,3761.9,4696715.0
801750.SI,20240116,3739.98,5440485.0
801750.SI,20240117,3655.72,5068690.0
801750.SI,20240118,3691.68,6766732.0
801750.SI,20240119,3610.81,5404069.0
801750.SI,20240122,3422.34,6035301.0
801750.SI,20240123,3492.74,6055446.0
801750.SI,20240124,3541.07,6351587.0
801750.SI,20240125,3653.54,7411268.0
801750.SI,20240126,3608.34,6389679.0
801750.SI,20240129,3481.49,5666641.0
801750.SI,20240130,3399.65,4749208.0
801750.SI,20240131,3222.55,5955643.0
801750.SI,20240201,3234.42,5584566.0
801750.SI,20240202,3095.84,6031928.0
801750.SI,20240205,2892.47,6603218.0
801750.SI,20240206,3057.21,6804804.0
801750.SI,20240207,3099.76,7372004.0
801750.SI,20240208,3275.81,7528866.0
801750.SI,20240219,3419.75,8603415.0
801750.SI,20240220,3426.7,7567810.0
801750.SI,20240221,3440.74,8209726.0
801750.SI,20240222,3567.71,9088618.0
801750.SI,20240223,3655.38,9926329.0
801750.SI,20240226,3683.56,10548044.0
801750.SI,20240227,3853.39,11811917.0
801750.SI,20240228,3629.59,15418706.0
801750.SI,20240229,3795.43,11350585.0
801750.SI,20240301,3930.6,13330462.0
801750.SI,20240304,3951.49,13764561.0
801750.SI,20240305,3917.77,13273167.0
801750.SI,20240306,3899.64,10465147.0
801750.SI,20240307,3791.42,10553754.0
801750.SI,20240308,3849.05,8749438.0
801750.SI,20240311,3922.92,9811367.0
801750.SI,20240312,3942.98,10550877.0
801750.SI,20240313,3972.91,11875486.0
801750.SI,20240314,3913.03,10129178.0
801750.SI,20240315,3940.4,8636903.0
801750.SI,20240318,4027.06,11341954.0
801750.SI,20240319,4008.35,10897548.0
801750.SI,20240320,4086.45,11817997.0
801750.SI,20240321,4077.99,12272224.0
801750.SI,20240322,4038.7,12315421.0
801750.SI,20240325,3921.7,11999241.0
801750.SI,20240326,3835.45,10530047.0
801750.SI,20240327,3653.39,8914506.0
801750.SI,20240328,3799.47,10041144.0
801750.SI,20240329,3777.26,7946408.0
801750.SI,20240401,3863.73,8011421.0
801750.SI,20240402,3780.73,7421362.0
801750.SI,20240403,3681.39,6490288.0
801750.SI,20240408,3627.36,6143498.0
801750.SI,20240409,3642.99,5222671.0
801750.SI,20240410,3543.63,5760588.0
801750.SI,20240411,3561.26,5890612.0
801750.SI,20240412,3525.93,5317041.0
801750.SI,20240415,3475.68,6577193.0
801750.SI,20240416,3309.62,6617656.0
801750.SI,20240417,3478.3,6455938.0
801750.SI,20240418,3458.93,6280166.0
801750.SI,20240419,3387.08,5526196.0
801750.SI,20240422,3376.24,4926623.0
801750.SI,20240423,3385.3,4652102.0
801750.SI,20240424,3496.47,6278008.0
801750.SI,20240425,3464.1,5336258.0
801750.SI,20240426,3582.72,8413874.0
801750.SI,20240429,3686.24,9009042.0
801750.SI,20240430,3649.96,8025796.0
801750.SI,20240506,3674.53,7208164.0
801750.SI,20240507,3658.37,6803776.0
801750.SI,20240508,3554.94,6068103.0
801750.SI,20240509,3588.11,5223528.0
801750.SI,20240510,3531.85,5589008.0
801750.SI,20240513,3471.64,5193229.0
801750.SI,20240514,3501.32,4943298.0
801750.SI,20240515,3453.99,4220890.0
801750.SI,20240516,3478.21,5266148.0
801750.SI,20240517,3531.41,5456099.0
801750.SI,20240520,3560.53,5987166.0
801750.SI,20240521,3518.63,4868802.0
801750.SI,20240522,3540.23,4646214.0
801750.SI,20240523,3458.27,5366243.0
801750.SI,20240524,3384.16,5122246.0
801750.SI,20240527,3406.6,4814739.0
801750.SI,20240528,3357.09,4169595.0
801750.SI,20240529,3347.59,3979637.0
801750.SI,20240530,3346.28,3672261.0
801750.SI,20240531,3395.09,4802775.0
801750.SI,20240603,3358.33,5052418.0
801750.SI,20240604,3344.01,4818517.0
801750.SI,20240605,3331.36,4586045.0
801750.SI,20240606,3229.28,5867362.0
801750.SI,20240607,3229.21,4489863.0
801750.SI,20240611,3291.77,4369924.0
801750.SI,20240612,3314.83,4458374.0
801750.SI,20240613,3320.11,4907010.0
801750.SI,20240614,3347.28,5477590.0
801750.SI,20240617,3324.88,4923996.0
801750.SI,20240618,3391.05,5957052.0
801750.SI,20240619,3372.47,6536603.0
801750.SI,20240620,3286.45,6420391.0
801750.SI,20240621,3283.27,4838319.0
801750.SI,20240624,3170.5,5480305.0
801750.SI,20240625,3108.43,5178227.0
801750.SI,20240626,3251.82,6044873.0
801750.SI,20240627,3192.58,5355894.0
801750.SI,20240628,3170.7,5467967.0
801750.SI,20240701,3163.7,4658082.0
801750.SI,20240702,3185.34,5836515.0
801750.SI,20240703,3127.09,5481028.0
801750.SI,20240704,3046.46,5027999.0
801750.SI,20240705,3083.68,4766241.0
801750.SI,20240708,2978.96,4538239.0
801750.SI,20240709,3041.02,5351606.0
801750.SI,20240710,3043.96,5011628.0
801750.SI,20240711,3118.62,5913206.0
801750.SI,20240712,3086.37,4909977.0
801750.SI,20240715,3035.91,4140804.0
801750.SI,20240716,3086.07,4948755.0
801750.SI,20240717,3045.17,4805836.0
801750.SI,20240718,3028.79,4658347.0
801750.SI,20240719,3078.41,5027127.0
801750.SI,20240722,3126.82,5943628.0
801750.SI,20240723,3051.61,5680709.0
801750.SI,20240724,2994.9,4952812.0
801750.SI,20240725,2998.25,4311206.0
801750.SI,20240726,3026.82,4074552.0
801750.SI,20240729,3031.8,4105016.0
801750.SI,20240730,3037.17,4375725.0
801750.SI,20240731,3161.17,7088919.0
801750.SI,20240801,3146.65,5743180.0
801750.SI,20240802,3081.2,5180012.0
801750.SI,20240805,2974.32,5254919.0
801750.SI,20240806,3011.21,3889905.0
801750.SI,20240807,2996.82,3852283.0
801750.SI,20240808,2969.32,3951046.0
801750.SI,20240809,2938.5,3166417.0
801750.SI,20240812,2897.88,3046382.0
801750.SI,20240813,2916.95,2591126.0
801750.SI,20240814,2905.63,2829319.0
801750.SI,20240815,2947.47,4053653.0
801750.SI,20240816,2941.24,3903024.0
801750.SI,20240819,2958.3,4625970.0
801750.SI,20240820,2892.48,3998857.0
801750.SI,20240821,2881.63,3459483.0
801750.SI,20240822,2818.47,4311471.0
801750.SI,20240823,2862.07,4386665.0
801750.SI,20240826,2859.62,4183953.0
801750.SI,20240827,2805.53,4293182.0
801750.SI,20240828,2810.39,3659983.0
801750.SI,20240829,2855.41,3979268.0
801750.SI,20240830,2941.32,6479247.0
801750.SI,20240902,2856.76,4881808.0
801750.SI,20240903,2914.98,4595033.0
801750.SI,20240904,2892.38,4117577.0
801750.SI,20240905,2931.58,4597612.0
801750.SI,20240906,2877.14,4814544.0
801750.SI,20240909,2844.68,3740488.0
801750.SI,20240910,2909.24,4704793.0
801750.SI,20240911,2904.29,3940654.0
801750.SI,20240912,2908.44,4828700.0
801750.SI,20240913,2862.28,4549047.0
801750.SI,20240918,2855.49,4150448.0
801750.SI,20240919,2931.85,5788885.0
801750.SI,20240920,2976.67,6802564.0
801750.SI,20240923,3001.77,7159456.0
801750.SI,20240924,3095.35,10275958.0
801750.SI,20240925,3140.47,11788448.0
801750.SI,20240926,3253.27,11174149.0
801750.SI,20240927,3504.87,15125420.0
801750.SI,20240930,3968.77,21443683.0
801750.SI,20241008,4493.74,27135507.0
801750.SI,20241009,4286.56,33378159.0
801750.SI,20241010,4081.44,25899598.0
801750.SI,20241011,3911.64,19427950.0
801750.SI,20241014,4127.56,20564335.0
801750.SI,20241015,4051.27,25519181.0
801750.SI,20241016,4056.65,18462441.0
801750.SI,20241017,4125.25,25052638.0
801750.SI,20241018,4314.01,29067166.0
801750.SI,20241021,4449.04,30471198.0
801750.SI,20241022,4335.39,23753488.0
801750.SI,20241023,4311.11,21644601.0
801750.SI,20241024,4270.69,16792119.0
801750.SI,20241025,4310.47,17253971.0
801750.SI,20241028,4395.85,19086381.0
801750.SI,20241029,4390.51,24681837.0
801750.SI,20241030,4461.87,22999365.0
801750.SI,20241031,4542.76,29884172.0
801750.SI,20241101,4268.38,26443516.0
801750.SI,20241104,4380.14,17803691.0
801750.SI,20241105,4625.54,26436501.0
801750.SI,20241106,4653.92,29340011.0
801750.SI,20241107,4809.92,27459188.0
801750.SI,20241108,4883.34,31228446.0
801750.SI,20241111,5095.65,32770181.0
801750.SI,20241112,4993.5,29869892.0
801750.SI,20241113,5029.71,25338742.0
801750.SI,20241114,4862.44,24754924.0
801750.SI,20241115,4716.79,25981101.0
801750.SI,20241118,4449.87,20935751.0
801750.SI,20241119,4585.97,18543893.0
801750.SI,20241120,4688.75,20297157.0
801750.SI,20241121,4734.77,20757841.0
801750.SI,20241122,4562.76,22848340.0
801750.SI,20241125,4565.87,18517635.0
801750.SI,20241126,4475.18,14929792.0
801750.SI,20241127,4622.12,17077456.0
801750.SI,20241128,4599.79,19043670.0
801750.SI,20241129,4742.35,22986984.0
801750.SI,20241202,4800.41,20992865.0
801750.SI,20241203,4782.03,21728951.0
801750.SI,20241204,4716.22,20426893.0
801750.SI,20241205,4811.75,20107965.0
801750.SI,20241206,4859.01,23968225.0
801750.SI,20241209,4827.67,20213201.0
801750.SI,20241210,4899.57,26771786.0
801750.SI,20241211,4896.26,20274835.0
801750.SI,20241212,4929.19,20908097.0
801750.SI,20241213,4798.21,21431714.0
801750.SI,20241216,4722.15,17228131.0
801750.SI,20241217,4595.16,15169675.0
801750.SI,20241218,4673.36,14705088.0
801750.SI,20241219,4755.13,18266586.0
801750.SI,20241220,4795.93,17936331.0
801750.SI,20241223,4613.32,16176121.0
801750.SI,20241224,4622.02,13653568.0
801750.SI,20241225,4543.29,13216192.0
801750.SI,20241226,4617.87,12902776.0
801750.SI,20241227,4591.97,14992323.0
801750.SI,20241230,4591.19,12692354.0
801750.SI,20241231,4407.29,14005810.0
801750.SI,20250102,4228.08,13499410.0
801750.SI,20250103,4018.44,11839321.0
801750.SI,20250106,3963.29,9069790.0
801750.SI,20250107,4071.49,9422219.0
801750.SI,20250108,4050.23,11315876.0
801750.SI,20250109,4084.78,9920491.0
801750.SI,20250110,3966.07,9998006.0
801750.SI,20250113,3994.26,8723253.0
801750.SI,20250114,4239.35,14278870.0
801750.SI,20250115,4195.85,11982882.0
801750.SI,20250116,4217.47,12783713.0
801750.SI,20250117,4209.51,10441680.0
801750.SI,20250120,4228.49,9862342.0
801750.SI,20250121,4260.61,10169980.0
801750.SI,20250122,4228.64,10201404.0
801750.SI,20250123,4218.8,14395396.0
801750.SI,20250124,4375.93,14945247.0
801750.SI,20250127,4311.96,14914164.0
801750.SI,20250205,4582.24,20124112.0
801750.SI,20250206,4740.4,23704506.0
801750.SI,20250207,4892.72,32651934.0
801750.SI,20250210,5086.72,31579594.0
801750.SI,20250211,5031.82,30035429.0
801750.SI,20250212,5160.6,28692421.0
801750.SI,20250213,5093.94,31397525.0
801750.SI,20250214,5273.09,34145191.0
801750.SI,20250217,5305.95,37670487.0
801750.SI,20250218,5112.52,30926188.0
801750.SI,20250219,5249.01,27276762.0
801750.SI,20250220,5233.25,26029040.0
801750.SI,20250221,5440.49,36291263.0
801750.SI,20250224,5419.23,32723599.0
801750.SI,20250225,5350.73,30316697.0
801750.SI,20250226,5400.5,27843033.0
801750.SI,20250227,5298.86,28108612.0
801750.SI,20250228,5015.04,25217462.0
801750.SI,20250303,5027.23,21360304.0
801750.SI,20250304,5114.93,18855678.0
801750.SI,20250305,5171.32,21367969.0
801750.SI,20250306,5430.23,31883735.0
801750.SI,20250307,5352.89,30969819.0
801750.SI,20250310,5265.56,22198623.0
801750.SI,20250311,5262.89,18650153.0
801750.SI,20250312,5304.84,23776839.0
801750.SI,20250313,5192.78,21986643.0
801750.SI,20250314,5280.35,21000720.0
801750.SI,20250317,5272.8,18485737.0
801750.SI,20250318,5296.84,18357505.0
801750.SI,20250319,5221.1,16571744.0
801750.SI,20250320,5164.39,17463686.0
801750.SI,20250321,4999.51,17401393.0
801750.SI,20250324,4903.71,15115817.0
801750.SI,20250325,4798.23,11454557.0
801750.SI,20250326,4802.03,9016388.0
801750.SI,20250327,4790.52,9995046.0
801750.SI,20250328,4755.15,8405508.0
801750.SI,20250331,4742.95,11738660.0
801750.SI,20250401,4696.74,9881867.0
801750.SI,20250402,4715.58,8029190.0
801750.SI,20250403,4666.19,8684152.0
801750.SI,20250407,4080.58,12895957.0
801750.SI,20250408,4111.79,13916856.0
801750.SI,20250409,4270.82,15326903.0
801750.SI,20250410,4358.65,14511111.0
801750.SI,20250411,4396.07,11176580.0
801750.SI,20250414,4437.53,10294137.0
801750.SI,20250415,4401.63,8518590.0
801750.SI,20250416,4346.05,8825352.0
801750.SI,20250417,4353.67,8344684.0
801750.SI,20250418,4358.98,8535442.0
801750.SI,20250421,4477.54,10243509.0
801750.SI,20250422,4437.35,10558410.0
801750.SI,20250423,4473.57,11811700.0
801750.SI,20250424,4368.05,9858853.0
801750.SI,20250425,4402.22,10058088.0
801750.SI,20250428,4378.6,10008660.0
801750.SI,20250429,4408.2,9820275.0
801750.SI,20250430,4510.79,12594785.0
801750.SI,20250506,4675.65,14983357.0
801750.SI,20250507,4656.16,16026512.0
801750.SI,20250508,4689.3,12598666.0
801750.SI,20250509,4597.56,11906404.0
801750.SI,20250512,4678.3,11271850.0
801750.SI,20250513,4640.66,11273551.0
801750.SI,20250514,4680.77,12497814.0
801750.SI,20250515,4541.84,10430489.0
801750.SI,20250516,4539.44,7876353.0
801750.SI,20250519,4548.23,8027418.0
801750.SI,20250520,4557.35,8244063.0
801750.SI,20250521,4530.66,7853538.0
801750.SI,20250522,4490.72,7345319.0
801750.SI,20250523,4402.26,8772425.0
801750.SI,20250526,4463.45,7425472.0
801750.SI,20250527,4427.49,7326671.0
801750.SI,20250528,4397.86,7387485.0
801750.SI,20250529,4557.07,12189541.0
801750.SI,20250530,4480.16,10984792.0
801750.SI,20250603,4494.29,9916135.0
801750.SI,20250604,4529.19,9476870.0
801750.SI,20250605,4625.35,13702178.0
801750.SI,20250606,4605.38,11584637.0
801750.SI,20250609,4645.13,11465987.0
801750.SI,20250610,4558.47,12216056.0
801750.SI,20250611,4575.87,10911123.0
801750.SI,20250612,4575.83,10679036.0
801750.SI,20250613,4489.3,12377484.0
801750.SI,20250616,4578.5,12177040.0
801750.SI,20250617,4575.18,12712941.0
801750.SI,20250618,4566.2,11490044.0
801750.SI,20250619,4487.61,11839432.0
801750.SI,20250620,4407.3,9769469.0
801750.SI,20250623,4506.51,11165926.0
801750.SI,20250624,4615.29,14510783.0
801750.SI,20250625,4753.06,19488059.0
801750.SI,20250626,4763.82,21075218.0
801750.SI,20250627,4746.88,17999938.0
801750.SI,20250630,4798.64,15138676.0
801750.SI,20250701,4741.92,13842621.0
801750.SI,20250702,4664.15,11204863.0
801750.SI,20250703,4688.53,10018460.0
801750.SI,20250704,4686.2,14354872.0
801750.SI,20250707,4691.12,12058079.0
801750.SI,20250708,4772.16,14296243.0
801750.SI,20250709,4757.88,13547657.0
801750.SI,20250710,4745.16,14403397.0
801750.SI,20250711,4836.94,19451413.0
801750.SI,20250714,4794.4,14439860.0
801750.SI,20250715,4862.39,18015195.0
801750.SI,20250716,4857.63,15499127.0
801750.SI,20250717,4922.23,17207334.0
801750.SI,20250718,4939.7,17553889.0
801750.SI,20250721,4924.37,14448446.0
801750.SI,20250722,4888.49,14207550.0
801750.SI,20250723,4893.79,14839100.0
801750.SI,20250724,4961.46,13698313.0
801750.SI,20250725,5024.09,17047380.0
801750.SI,20250728,5016.83,15998105.0
801750.SI,20250729,5044.94,15307793.0
801750.SI,20250730,4964.56,14563027.0
801750.SI,20250731,4983.8,18182422.0
801750.SI,20250801,5013.9,16823414.0
801750.SI,20250804,5044.89,13476796.0
801750.SI,20250805,5057.5,13807399.0
801750.SI,20250806,5123.24,16089803.0
801750.SI,20250807,5114.88,16362220.0
801750.SI,20250808,4993.28,16290713.0
801750.SI,20250811,5090.32,15669786.0
801750.SI,20250812,5119.4,17316426.0
801750.SI,20250813,5171.55,21073859.0
801750.SI,20250814,5141.81,24320284.0
801750.SI,20250815,5261.95,23561755.0
801750.SI,20250818,5437.13,30909691.0
801750.SI,20250819,5445.3,28517811.0
801750.SI,20250820,5477.0,24835022.0
801750.SI,20250821,5487.14,27976459.0
801750.SI,20250822,5679.41,31582144.0
801750.SI,20250825,5758.76,35346978.0
801750.SI,20250826,5804.0,31877590.0
801750.SI,20250827,5724.15,38591906.0
801750.SI,20250828,5841.52,34232134.0
801750.SI,20250829,5755.35,28124918.0
801750.SI,20250901,5786.18,27751023.0
801750.SI,20250902,5551.13,27116798.0
801750.SI,20250903,5400.47,20696045.0
801750.SI,20250904,5229.53,20226566.0
801750.SI,20250905,5336.87,16014259.0
801750.SI,20250908,5378.36,15461344.0
801750.SI,20250909,5267.07,14209292.0
801750.SI,20250910,5307.24,13388423.0
801750.SI,20250911,5504.39,20537137.0
801750.SI,20250912,5516.68,21707917.0
801750.SI,20250915,5503.47,17897409.0
801750.SI,20250916,5617.07,19095494.0
801750.SI,20250917,5648.76,19657320.0
801750.SI,20250918,5578.51,27594544.0
801750.SI,20250919,5508.0,17266510.0
801750.SI,20250922,5601.57,17277720.0
801750.SI,20250923,5467.8,20587475.0
801750.SI,20250924,5605.64,19239240.0
801750.SI,20250925,5692.5,21307775.0
801750.SI,20250926,5507.08,17499237.0
801750.SI,20250929,5579.48,16096585.0
801750.SI,20250930,5642.86,16627491.0
801750.SI,20251009,5752.42,21903725.0
801750.SI,20251010,5539.48,18600143.0
801750.SI,20251013,5551.76,17896692.0
801750.SI,20251014,5386.26,17871475.0
801750.SI,20251015,5468.37,13469966.0
801750.SI,20251016,5405.06,13222577.0
801750.SI,20251017,5228.93,13475206.0
801750.SI,20251020,5261.87,11111041.0
801750.SI,20251021,5338.64,11167945.0
801750.SI,20251022,5306.41,9508564.0
801750.SI,20251023,5333.27,10743448.0
801750.SI,20251024,5415.96,13271318.0
801750.SI,20251027,5473.28,15985469.0
801750.SI,20251028,5480.49,16251629.0
801750.SI,20251029,5521.08,16297924.0
801750.SI,20251030,5452.58,17587923.0
801750.SI,20251031,5514.4,17934899.0
801750.SI,20251103,5567.22,17193514.0
801750.SI,20251104,5490.04,15321159.0
801750.SI,20251105,5436.54,13686797.0
801750.SI,20251106,5474.49,13684999.0
801750.SI,20251107,5374.2,12361165.0
801750.SI,20251110,5384.32,11590892.0
801750.SI,20251111,5308.31,12057917.0
801750.SI,20251112,5252.89,10767052.0
801750.SI,20251113,5308.46,10425767.0
801750.SI,20251114,5211.21,10271438.0
801750.SI,20251117,5298.45,12630598.0
801750.SI,20251118,5347.59,14953521.0
801750.SI,20251119,5272.42,13115088.0
801750.SI,20251120,5225.67,12583401.0
801750.SI,20251121,5068.36,14463635.0
801750.SI,20251124,5190.3,15533587.0
801750.SI,20251125,5247.18,16313318.0
801750.SI,20251126,5225.23,14475703.0
801750.SI,20251127,5182.24,12352617.0
801750.SI,20251128,5224.25,11333948.0
801750.SI,20251201,5257.58,12376342.0
801750.SI,20251202,5187.37,10551098.0
801750.SI,20251203,5069.98,11083516.0
801750.SI,20251204,5062.68,9566765.0
801750.SI,20251205,5133.8,11796046.0
801750.SI,20251208,5210.38,13844592.0
801750.SI,20251209,5159.75,11827152.0
801750.SI,20251210,5127.47,10734829.0
801750.SI,20251211,5026.36,10671547.0
801750.SI,20251212,5075.14,12045078.0
801750.SI,20251215,5010.88,10091349.0
801750.SI,20251216,4949.85,11238616.0
801750.SI,20251217,5024.59,11984783.0
801750.SI,20251218,5000.24,9774425.0
801750.SI,20251219,5040.48,10207046.0
801750.SI,20251222,5073.15,10303835.0
801750.SI,20251223,5020.06,9601790.0
801750.SI,20251224,5088.35,9760976.0
801750.SI,20251225,5131.41,10458247.0
801750.SI,20251226,5151.58,13186993.0
801750.SI,20251229,5159.54,12989553.0
801750.SI,20251230,5168.31,13041346.0
801750.SI,20251231,5211.26,14137366.0
801760.SI,20221010,463.09,977726.0
801760.SI,20221011,462.58,913410.0
801760.SI,20221012,472.75,1072979.0
801760.SI,20221013,474.32,1116115.0
801760.SI,20221014,484.07,1264352.0
801760.SI,20221017,489.67,1188236.0
801760.SI,20221018,488.11,1133229.0
801760.SI,20221019,480.8,1002285.0
801760.SI,20221020,483.1,1111729.0
801760.SI,20221021,476.35,967590.0
801760.SI,20221024,461.64,1222550.0
801760.SI,20221025,457.19,1028044.0
801760.SI,20221026,467.32,1210151.0
801760.SI,20221027,473.89,1317287.0
801760.SI,20221028,455.5,1506964.0
801760.SI,20221031,460.78,1318813.0
801760.SI,20221101,474.41,1460543.0
801760.SI,20221102,488.06,2327744.0
801760.SI,20221103,481.57,1823449.0
801760.SI,20221104,492.68,1930833.0
801760.SI,20221107,503.91,2260312.0
801760.SI,20221108,503.12,1979381.0
801760.SI,20221109,499.48,1630905.0
801760.SI,20221110,513.09,2498065.0
801760.SI,20221111,514.8,3263113.0
801760.SI,20221114,517.91,2392638.0
801760.SI,20221115,522.96,2143169.0
801760.SI,20221116,530.18,2795652.0
801760.SI,20221117,541.52,3698280.0
801760.SI,20221118,541.16,4087458.0
801760.SI,20221121,525.41,2895774.0
801760.SI,20221122,520.9,2344372.0
801760.SI,20221123,516.95,2307555.0
801760.SI,20221124,511.6,1652168.0
801760.SI,20221125,512.67,1648992.0
801760.SI,20221128,512.6,1965333.0
801760.SI,20221129,527.22,2290949.0
801760.SI,20221130,527.53,2144622.0
801760.SI,20221201,536.0,2748440.0
801760.SI,20221202,538.66,2480344.0
801760.SI,20221205,548.19,2771626.0
801760.SI,20221206,542.29,2500946.0
801760.SI,20221207,545.38,2468829.0
801760.SI,20221208,545.36,2201471.0
801760.SI,20221209,541.71,2213203.0
801760.SI,20221212,533.55,1823058.0
801760.SI,20221213,537.34,2156965.0
801760.SI,20221214,542.71,1989952.0
801760.SI,20221215,538.03,2092843.0
801760.SI,20221216,532.83,1825901.0
801760.SI,20221219,523.35,1802765.0
801760.SI,20221220,514.91,1603359.0
801760.SI,20221221,517.48,1598052.0
801760.SI,20221222,519.92,1943589.0
801760.SI,20221223,529.58,2269490.0
801760.SI,20221226,530.72,2059357.0
801760.SI,20221227,530.89,2014025.0
801760.SI,20221228,531.36,2330438.0
801760.SI,20221229,527.02,2592551.0
801760.SI,20221230,539.82,2980011.0
801760.SI,20230103,554.78,3618589.0
801760.SI,20230104,560.89,3740159.0
801760.SI,20230105,566.04,3473815.0
801760.SI,20230106,552.14,2809985.0
801760.SI,20230109,558.55,2274928.0
801760.SI,20230110,563.65,2456584.0
801760.SI,20230111,550.35,2363977.0
801760.SI,20230112,551.73,2064634.0
801760.SI,20230113,558.79,2305101.0
801760.SI,20230116,558.01,2410055.0
801760.SI,20230117,550.71,2116392.0
801760.SI,20230118,557.9,2344973.0
801760.SI,20230119,562.63,1993758.0
801760.SI,20230120,566.22,1903585.0
801760.SI,20230130,566.13,3117252.0
801760.SI,20230131,567.14,2457056.0
801760.SI,20230201,576.97,3093660.0
801760.SI,20230202,581.24,3778906.0
801760.SI,20230203,587.97,3379954.0
801760.SI,20230206,592.05,3717186.0
801760.SI,20230207,601.12,4170732.0
801760.SI,20230208,589.02,3743741.0
801760.SI,20230209,600.1,3266271.0
801760.SI,20230210,602.67,4203886.0
801760.SI,20230213,609.3,3840261.0
801760.SI,20230214,604.08,3444996.0
801760.SI,20230215,615.08,4356234.0
801760.SI,20230216,611.84,6206590.0
801760.SI,20230217,599.82,4392916.0
801760.SI,20230220,619.47,4523787.0
801760.SI,20230221,611.23,4303062.0
801760.SI,20230222,604.77,3125949.0
801760.SI,20230223,594.34,3059122.0
801760.SI,20230224,593.98,2441765.0
801760.SI,20230227,583.41,2336039.0
801760.SI,20230228,590.74,2272271.0
801760.SI,20230301,611.74,4059339.0
801760.SI,20230302,623.22,4585723.0
801760.SI,20230303,620.29,3663758.0
801760.SI,20230306,615.62,3167466.0
801760.SI,20230307,603.13,3361404.0
801760.SI,20230308,611.5,2772031.0
801760.SI,20230309,611.02,3073412.0
801760.SI,20230310,602.44,2996662.0
801760.SI,20230313,614.53,3387485.0
801760.SI,20230314,608.55,3877862.0
801760.SI,20230315,607.63,2984245.0
801760.SI,20230316,607.97,3558527.0
801760.SI,20230317,637.72,5752579.0
801760.SI,20230320,651.83,7202259.0
801760.SI,20230321,667.56,5999133.0
801760.SI,20230322,685.35,6999558.0
801760.SI,20230323,684.35,6387364.0
801760.SI,20230324,707.65,7533632.0
801760.SI,20230327,713.77,8203472.0
801760.SI,20230328,701.09,7020670.0
801760.SI,20230329,698.37,6307774.0
801760.SI,20230330,688.69,5298655.0
801760.SI,20230331,724.68,6670990.0
801760.SI,20230403,756.73,8883815.0
801760.SI,20230404,749.93,8200970.0
801760.SI,20230406,725.33,6834148.0
801760.SI,20230407,750.53,6922881.0
801760.SI,20230410,721.06,7630349.0
801760.SI,20230411,756.8,8855642.0
801760.SI,20230412,794.15,10288807.0
801760.SI,20230413,790.08,11574328.0
801760.SI,20230414,774.08,9692732.0
801760.SI,20230417,744.05,7100233.0
801760.SI,20230418,744.76,6696471.0
801760.SI,20230419,753.11,7268592.0
801760.SI,20230420,787.05,9232780.0
801760.SI,20230421,751.16,9284676.0
801760.SI,20230424,778.48,9563301.0
801760.SI,20230425,797.32,10730174.0
801760.SI,20230426,793.36,11423149.0
801760.SI,20230427,756.61,10251560.0
801760.SI,20230428,819.35,11899425.0
801760.SI,20230504,866.97,13466166.0
801760.SI,20230505,848.07,12651737.0
801760.SI,20230508,846.37,11230445.0
801760.SI,20230509,822.07,11161113.0
801760.SI,20230510,815.37,10518840.0
801760.SI,20230511,835.22,11496002.0
801760.SI,20230512,797.4,10009687.0
801760.SI,20230515,782.62,9451183.0
801760.SI,20230516,748.63,8418556.0
801760.SI,20230517,750.47,6798399.0
801760.SI,20230518,771.71,7766337.0
801760.SI,20230519,752.76,6723393.0
801760.SI,20230522,741.67,5579106.0
801760.SI,20230523,726.24,5031541.0
801760.SI,20230524,732.84,5587730.0
801760.SI,20230525,715.78,5899684.0
801760.SI,20230526,730.37,5425411.0
801760.SI,20230529,742.24,7575170.0
801760.SI,20230530,772.37,8537366.0
801760.SI,20230531,782.19,8073378.0
801760.SI,20230601,802.67,9669024.0
801760.SI,20230602,800.99,8492863.0
801760.SI,20230605,821.32,8546400.0
801760.SI,20230606,804.81,9202066.0
801760.SI,20230607,816.39,8628791.0
801760.SI,20230608,797.19,8074074.0
801760.SI,20230609,823.57,9376656.0
801760.SI,20230612,821.51,8049904.0
801760.SI,20230613,842.42,9665789.0
801760.SI,20230614,852.32,10060008.0
801760.SI,20230615,847.72,9560908.0
801760.SI,20230616,860.88,9230240.0
801760.SI,20230619,868.58,9802444.0
801760.SI,20230620,873.64,9849457.0
801760.SI,20230621,809.41,9372578.0
801760.SI,20230626,763.73,7240623.0
801760.SI,20230627,773.56,5443273.0
801760.SI,20230628,762.22,6876501.0
801760.SI,20230629,775.45,5572406.0
801760.SI,20230630,770.62,5162929.0
801760.SI,20230703,741.79,6091375.0
801760.SI,20230704,744.31,4764896.0
801760.SI,20230705,735.36,4055930.0
801760.SI,20230706,736.83,4315859.0
801760.SI,20230707,730.46,4117058.0
801760.SI,20230710,741.71,3637333.0
801760.SI,20230711,735.54,3555095.0
801760.SI,20230712,717.33,4489384.0
801760.SI,20230713,740.48,5506865.0
801760.SI,20230714,751.03,5949462.0
801760.SI,20230717,736.27,4977948.0
801760.SI,20230718,724.24,3880261.0
801760.SI,20230719,732.94,3931491.0
801760.SI,20230720,716.81,4542661.0
801760.SI,20230721,714.7,4036410.0
801760.SI,20230724,714.67,3592071.0
801760.SI,20230725,725.02,4618644.0
801760.SI,20230726,705.11,4321236.0
801760.SI,20230727,696.31,3583160.0
801760.SI,20230728,692.72,3259777.0
801760.SI,20230731,712.26,4474162.0
801760.SI,20230801,709.81,3180529.0
801760.SI,20230802,705.45,2966004.0
801760.SI,20230803,701.7,2779229.0
801760.SI,20230804,717.03,4200896.0
801760.SI,20230807,730.34,5571689.0
801760.SI,20230808,730.16,5011127.0
801760.SI,20230809,706.66,4229145.0
801760.SI,20230810,707.97,3282619.0
801760.SI,20230811,696.53,3400592.0
801760.SI,20230814,716.22,4022714.0
801760.SI,20230815,698.64,3426919.0
801760.SI,20230816,684.15,3282732.0
801760.SI,20230817,692.0,3239280.0
801760.SI,20230818,668.25,3506244.0
801760.SI,20230821,665.42,2746897.0
801760.SI,20230822,685.46,3909135.0
801760.SI,20230823,675.12,4230781.0
801760.SI,20230824,689.82,5502055.0
801760.SI,20230825,665.73,4525906.0
801760.SI,20230828,676.82,4907897.0
801760.SI,20230829,701.84,5537481.0
801760.SI,20230830,715.54,5868338.0
801760.SI,20230831,704.3,4576057.0
801760.SI,20230901,697.37,3839633.0
801760.SI,20230904,700.0,3605209.0
801760.SI,20230905,686.56,3465906.0
801760.SI,20230906,676.15,3130133.0
801760.SI,20230907,667.75,3572245.0
801760.SI,20230908,651.44,3411181.0
801760.SI,20230911,665.44,3399730.0
801760.SI,20230912,655.25,2501822.0
801760.SI,20230913,646.36,2646182.0
801760.SI,20230914,640.19,2180553.0
801760.SI,20230915,637.83,2085734.0
801760.SI,20230918,641.52,2324697.0
801760.SI,20230919,630.45,2134210.0
801760.SI,20230920,625.32,1853562.0
801760.SI,20230921,619.59,1815754.0
801760.SI,20230922,647.34,3753078.0
801760.SI,20230925,642.41,2944046.0
801760.SI,20230926,650.89,3711316.0
801760.SI,20230927,652.37,2918581.0
801760.SI,20230928,650.56,2601065.0
801760.SI,20231009,639.59,2563318.0
801760.SI,20231010,640.94,2346681.0
801760.SI,20231011,647.46,3042472.0
801760.SI,20231012,638.78,2591387.0
801760.SI,20231013,627.91,2352512.0
801760.SI,20231016,620.59,2328114.0
801760.SI,20231017,619.76,1946386.0
801760.SI,20231018,607.54,2115198.0
801760.SI,20231019,604.35,1982783.0
801760.SI,20231020,591.08,1889799.0
801760.SI,20231023,575.37,1833740.0
801760.SI,20231024,590.33,2317324.0
801760.SI,20231025,591.36,2603845.0
801760.SI,20231026,590.63,2230027.0
801760.SI,20231027,598.67,2563975.0
801760.SI,20231030,609.73,2977052.0
801760.SI,20231031,611.62,3513280.0
801760.SI,20231101,615.36,3793491.0
801760.SI,20231102,629.18,5274321.0
801760.SI,20231103,629.38,4678213.0
801760.SI,20231106,662.25,6120333.0
801760.SI,20231107,667.22,6295853.0
801760.SI,20231108,689.63,8193330.0
801760.SI,20231109,676.03,6363857.0
801760.SI,20231110,662.62,4696355.0
801760.SI,20231113,669.59,5076333.0
801760.SI,20231114,671.38,4370100.0
801760.SI,20231115,664.34,4303460.0
801760.SI,20231116,670.05,4958653.0
801760.SI,20231117,674.59,5538916.0
801760.SI,20231120,679.73,5460482.0
801760.SI,20231121,686.88,7111211.0
801760.SI,20231122,692.79,7596551.0
801760.SI,20231123,680.31,5973114.0
801760.SI,20231124,670.52,5163646.0
801760.SI,20231127,656.32,4519022.0
801760.SI,20231128,657.46,3328903.0
801760.SI,20231129,650.02,3214442.0
801760.SI,20231130,648.32,3356059.0
801760.SI,20231201,682.74,6799230.0
801760.SI,20231204,687.8,6966541.0
801760.SI,20231205,668.32,5543050.0
801760.SI,20231206,685.96,7042752.0
801760.SI,20231207,700.13,8248606.0
801760.SI,20231208,695.06,7762915.0
801760.SI,20231211,715.71,8072487.0
801760.SI,20231212,717.45,7793616.0
801760.SI,20231213,709.39,6305359.0
801760.SI,20231214,706.46,6726904.0
801760.SI,20231215,712.21,7424160.0
801760.SI,20231218,695.92,6228813.0
801760.SI,20231219,704.56,6086114.0
801760.SI,20231220,682.42,6111562.0
801760.SI,20231221,691.74,6238264.0
801760.SI,20231222,633.03,8082924.0
801760.SI,20231225,620.88,5885507.0
801760.SI,20231226,610.89,4588419.0
801760.SI,20231227,605.33,3931719.0
801760.SI,20231228,611.43,4159839.0
801760.SI,20231229,630.49,5066419.0
801760.SI,20240102,627.14,4628508.0
801760.SI,20240103,632.2,4339098.0
801760.SI,20240104,626.52,3496943.0
801760.SI,20240105,611.62,3409662.0
801760.SI,20240108,605.13,2841701.0
801760.SI,20240109,603.74,3048862.0
801760.SI,20240110,587.03,2790476.0
801760.SI,20240111,605.61,2960572.0
801760.SI,20240112,593.09,2703041.0
801760.SI,20240115,592.91,2297281.0
801760.SI,20240116,587.61,2523158.0
801760.SI,20240117,572.19,2144205.0
801760.SI,20240118,577.6,3007943.0
801760.SI,20240119,583.2,3795300.0
801760.SI,20240122,544.99,3503703.0
801760.SI,20240123,564.56,3553032.0
801760.SI,20240124,571.17,3277147.0
801760.SI,20240125,591.67,4128674.0
801760.SI,20240126,591.4,4772204.0
801760.SI,20240129,571.45,3510816.0
801760.SI,20240130,551.39,2744108.0
801760.SI,20240131,532.97,3744473.0
801760.SI,20240201,528.75,3657999.0
801760.SI,20240202,519.91,3997304.0
801760.SI,20240205,480.84,3527470.0
801760.SI,20240206,506.18,3982674.0
801760.SI,20240207,510.34,4135633.0
801760.SI,20240208,530.43,4054179.0
801760.SI,20240219,563.86,4931368.0
801760.SI,20240220,571.22,5219228.0
801760.SI,20240221,570.97,5716414.0
801760.SI,20240222,583.17,4715830.0
801760.SI,20240223,601.47,6190396.0
801760.SI,20240226,598.78,5450328.0
801760.SI,20240227,622.16,6151047.0
801760.SI,20240228,589.61,8001699.0
801760.SI,20240229,611.98,5431926.0
801760.SI,20240301,623.38,6163674.0
801760.SI,20240304,630.11,5982463.0
801760.SI,20240305,623.33,6472514.0
801760.SI,20240306,616.63,4803713.0
801760.SI,20240307,598.78,4835274.0
801760.SI,20240308,607.53,3500179.0
801760.SI,20240311,617.86,3940181.0
801760.SI,20240312,623.38,4715551.0
801760.SI,20240313,640.83,7339990.0
801760.SI,20240314,625.06,5370106.0
801760.SI,20240315,627.52,3933149.0
801760.SI,20240318,645.69,5667023.0
801760.SI,20240319,641.14,6007575.0
801760.SI,20240320,664.92,7721124.0
801760.SI,20240321,673.52,8547176.0
801760.SI,20240322,686.52,9829069.0
801760.SI,20240325,653.25,8280092.0
801760.SI,20240326,636.77,6175103.0
801760.SI,20240327,610.95,5487043.0
801760.SI,20240328,629.27,5415200.0
801760.SI,20240329,621.18,4281426.0
801760.SI,20240401,642.19,4794492.0
801760.SI,20240402,627.07,4463748.0
801760.SI,20240403,611.6,3520120.0
801760.SI,20240408,600.32,2910972.0
801760.SI,20240409,605.7,2537422.0
801760.SI,20240410,587.86,2896705.0
801760.SI,20240411,599.03,3514969.0
801760.SI,20240412,587.86,2821527.0
801760.SI,20240415,577.83,3275154.0
801760.SI,20240416,551.01,3217293.0
801760.SI,20240417,576.34,3279438.0
801760.SI,20240418,570.79,3059903.0
801760.SI,20240419,561.51,2412708.0
801760.SI,20240422,554.97,2307238.0
801760.SI,20240423,559.36,2661817.0
801760.SI,20240424,570.73,3112269.0
801760.SI,20240425,565.14,2665784.0
801760.SI,20240426,578.88,3589526.0
801760.SI,20240429,597.5,4121778.0
801760.SI,20240430,588.7,3820539.0
801760.SI,20240506,593.92,3552830.0
801760.SI,20240507,594.97,3484779.0
801760.SI,20240508,575.74,3134944.0
801760.SI,20240509,582.37,2339295.0
801760.SI,20240510,577.07,2578938.0
801760.SI,20240513,566.7,2548968.0
801760.SI,20240514,579.76,3430541.0
801760.SI,20240515,574.17,2995657.0
801760.SI,20240516,574.2,2830407.0
801760.SI,20240517,573.78,2495483.0
801760.SI,20240520,575.04,2798192.0
801760.SI,20240521,574.07,2703946.0
801760.SI,20240522,575.43,2383195.0
801760.SI,20240523,559.45,2423525.0
801760.SI,20240524,551.46,1976908.0
801760.SI,20240527,554.05,2037653.0
801760.SI,20240528,540.6,1658737.0
801760.SI,20240529,540.3,1508792.0
801760.SI,20240530,537.0,1570474.0
801760.SI,20240531,542.92,1831864.0
801760.SI,20240603,538.02,2158197.0
801760.SI,20240604,538.54,2020530.0
801760.SI,20240605,526.88,1793011.0
801760.SI,20240606,513.02,2286262.0
801760.SI,20240607,517.11,1785951.0
801760.SI,20240611,519.28,1591345.0
801760.SI,20240612,531.17,2096403.0
801760.SI,20240613,525.76,1762922.0
801760.SI,20240614,527.83,2019239.0
801760.SI,20240617,521.1,1619946.0
801760.SI,20240618,523.12,1574911.0
801760.SI,20240619,515.34,1558429.0
801760.SI,20240620,501.61,1691621.0
801760.SI,20240621,500.78,1216962.0
801760.SI,20240624,483.61,1553228.0
801760.SI,20240625,479.44,1383824.0
801760.SI,20240626,505.94,2781465.0
801760.SI,20240627,499.06,2762862.0
801760.SI,20240628,495.99,2181378.0
801760.SI,20240701,500.06,1648526.0
801760.SI,20240702,502.36,2002303.0
801760.SI,20240703,499.28,1475151.0
801760.SI,20240704,487.11,1495211.0
801760.SI,20240705,493.04,1573886.0
801760.SI,20240708,477.38,1496288.0
801760.SI,20240709,482.92,1697066.0
801760.SI,20240710,475.29,1659909.0
801760.SI,20240711,481.73,1932527.0
801760.SI,20240712,478.52,1623159.0
801760.SI,20240715,475.65,1629542.0
801760.SI,20240716,475.39,1457447.0
801760.SI,20240717,476.9,1964954.0
801760.SI,20240718,473.99,1611436.0
801760.SI,20240719,477.52,1602466.0
801760.SI,20240722,477.91,1487405.0
801760.SI,20240723,465.11,1589193.0
801760.SI,20240724,456.84,1419713.0
801760.SI,20240725,462.45,1404576.0
801760.SI,20240726,469.85,1452244.0
801760.SI,20240729,470.38,1432009.0
801760.SI,20240730,470.02,1252231.0
801760.SI,20240731,489.25,2420500.0
801760.SI,20240801,485.22,1830424.0
801760.SI,20240802,478.86,1754054.0
801760.SI,20240805,476.68,2393191.0
801760.SI,20240806,487.13,2179540.0
801760.SI,20240807,485.2,1861318.0
801760.SI,20240808,486.12,1867591.0
801760.SI,20240809,475.24,1570016.0
801760.SI,20240812,472.62,1336030.0
801760.SI,20240813,473.54,1036869.0
801760.SI,20240814,479.39,1795928.0
801760.SI,20240815,489.73,2617428.0
801760.SI,20240816,483.77,1977077.0
801760.SI,20240819,487.0,2075444.0
801760.SI,20240820,483.25,2579362.0
801760.SI,20240821,476.17,2532226.0
801760.SI,20240822,463.14,2277255.0
801760.SI,20240823,460.88,1709442.0
801760.SI,20240826,461.7,1469632.0
801760.SI,20240827,457.93,1665887.0
801760.SI,20240828,462.09,1695029.0
801760.SI,20240829,465.65,1578107.0
801760.SI,20240830,481.19,2833591.0
801760.SI,20240902,468.21,2063632.0
801760.SI,20240903,473.38,1534000.0
801760.SI,20240904,470.41,1339723.0
801760.SI,20240905,482.44,2042286.0
801760.SI,20240906,477.64,1611010.0
801760.SI,20240909,473.94,1367914.0
801760.SI,20240910,479.28,1479573.0
801760.SI,20240911,477.85,1394141.0
801760.SI,20240912,473.08,1630907.0
801760.SI,20240913,467.11,1531153.0
801760.SI,20240918,462.63,1303345.0
801760.SI,20240919,473.88,1810954.0
801760.SI,20240920,473.5,1536632.0
801760.SI,20240923,473.76,1557690.0
801760.SI,20240924,491.24,2675902.0
801760.SI,20240925,501.47,4109256.0
801760.SI,20240926,521.19,3790376.0
801760.SI,20240927,548.98,4712517.0
801760.SI,20240930,610.38,7831827.0
801760.SI,20241008,663.71,10559347.0
801760.SI,20241009,590.73,7415758.0
801760.SI,20241010,587.13,5175850.0
801760.SI,20241011,558.1,3945459.0
801760.SI,20241014,575.21,3672933.0
801760.SI,20241015,574.14,5057237.0
801760.SI,20241016,581.74,4350732.0
801760.SI,20241017,586.65,5546676.0
801760.SI,20241018,598.57,6089576.0
801760.SI,20241021,618.66,6996706.0
801760.SI,20241022,634.69,9218042.0
801760.SI,20241023,623.35,7024354.0
801760.SI,20241024,616.8,4956741.0
801760.SI,20241025,634.72,6127719.0
801760.SI,20241028,652.52,7167683.0
801760.SI,20241029,638.66,7637831.0
801760.SI,20241030,636.38,6009429.0
801760.SI,20241031,641.85,6578865.0
801760.SI,20241101,617.16,6754476.0
801760.SI,20241104,627.45,4007750.0
801760.SI,20241105,646.17,6108478.0
801760.SI,20241106,661.42,7695730.0
801760.SI,20241107,671.15,6271031.0
801760.SI,20241108,661.9,6719772.0
801760.SI,20241111,690.37,8132394.0
801760.SI,20241112,670.38,7973447.0
801760.SI,20241113,689.26,8008250.0
801760.SI,20241114,665.66,7736654.0
801760.SI,20241115,669.0,9023881.0
801760.SI,20241118,633.94,7812648.0
801760.SI,20241119,640.99,5144892.0
801760.SI,20241120,666.28,7465138.0
801760.SI,20241121,668.68,7864452.0
801760.SI,20241122,655.19,9390017.0
801760.SI,20241125,665.17,7846052.0
801760.SI,20241126,659.25,8500588.0
801760.SI,20241127,685.38,9058017.0
801760.SI,20241128,674.98,10003701.0
801760.SI,20241129,684.54,8866724.0
801760.SI,20241202,699.18,9210459.0
801760.SI,20241203,692.33,8096724.0
801760.SI,20241204,670.11,6678709.0
801760.SI,20241205,698.94,8631139.0
801760.SI,20241206,720.75,11166856.0
801760.SI,20241209,720.44,9553598.0
801760.SI,20241210,727.52,12256769.0
801760.SI,20241211,735.78,10499942.0
801760.SI,20241212,739.7,11147428.0
801760.SI,20241213,750.35,13404394.0
801760.SI,20241216,739.91,12906243.0
801760.SI,20241217,710.39,9926427.0
801760.SI,20241218,717.75,8593306.0
801760.SI,20241219,718.38,8079529.0
801760.SI,20241220,718.48,7037417.0
801760.SI,20241223,677.37,7166382.0
801760.SI,20241224,679.91,5172727.0
801760.SI,20241225,665.5,4936104.0
801760.SI,20241226,668.57,4185191.0
801760.SI,20241227,666.58,4524495.0
801760.SI,20241230,665.09,4100938.0
801760.SI,20241231,644.57,4225572.0
801760.SI,20250102,630.85,4387988.0
801760.SI,20250103,603.7,4300502.0
801760.SI,20250106,596.82,3156469.0
801760.SI,20250107,607.97,3082105.0
801760.SI,20250108,609.44,3780921.0
801760.SI,20250109,611.07,3943089.0
801760.SI,20250110,591.5,3786208.0
801760.SI,20250113,590.32,2669202.0
801760.SI,20250114,624.07,4867607.0
801760.SI,20250115,632.13,6318263.0
801760.SI,20250116,633.71,6122849.0
801760.SI,20250117,627.96,4788658.0
801760.SI,20250120,629.0,4536576.0
801760.SI,20250121,632.68,4821636.0
801760.SI,20250122,620.24,3753292.0
801760.SI,20250123,623.95,4587156.0
801760.SI,20250124,640.23,5267477.0
801760.SI,20250127,640.75,4944968.0
801760.SI,20250205,663.04,6816972.0
801760.SI,20250206,679.51,7831045.0
801760.SI,20250207,686.97,9080820.0
801760.SI,20250210,709.29,8600170.0
801760.SI,20250211,714.53,9234921.0
801760.SI,20250212,728.09,8911437.0
801760.SI,20250213,740.64,11815405.0
801760.SI,20250214,752.49,11962190.0
801760.SI,20250217,745.98,12469512.0
801760.SI,20250218,714.0,10343836.0
801760.SI,20250219,726.42,8019191.0
801760.SI,20250220,721.11,7302172.0
801760.SI,20250221,738.98,9099288.0
801760.SI,20250224,733.0,8364253.0
801760.SI,20250225,715.75,6916068.0
801760.SI,20250226,716.39,5974324.0
801760.SI,20250227,712.83,7560567.0
801760.SI,20250228,679.83,6428536.0
801760.SI,20250303,683.49,5135009.0
801760.SI,20250304,688.64,3953852.0
801760.SI,20250305,692.4,4013771.0
801760.SI,20250306,723.93,7700528.0
801760.SI,20250307,714.94,7748061.0
801760.SI,20250310,708.05,4766950.0
801760.SI,20250311,709.44,4141277.0
801760.SI,20250312,723.01,6204512.0
801760.SI,20250313,709.99,5367040.0
801760.SI,20250314,727.66,5910071.0
801760.SI,20250317,726.75,4980074.0
801760.SI,20250318,725.22,4375442.0
801760.SI,20250319,714.28,4275618.0
801760.SI,20250320,705.22,3810807.0
801760.SI,20250321,691.6,3816948.0
801760.SI,20250324,687.9,4105322.0
801760.SI,20250325,677.01,3006313.0
801760.SI,20250326,678.87,2539714.0
801760.SI,20250327,679.0,2517078.0
801760.SI,20250328,682.02,3442522.0
801760.SI,20250331,671.01,3426108.0
801760.SI,20250401,669.54,2615967.0
801760.SI,20250402,672.47,2486331.0
801760.SI,20250403,673.29,2536843.0
801760.SI,20250407,591.71,3745990.0
801760.SI,20250408,595.64,3859834.0
801760.SI,20250409,609.69,3928498.0
801760.SI,20250410,629.21,4069332.0
801760.SI,20250411,627.62,3211408.0
801760.SI,20250414,637.41,2867619.0
801760.SI,20250415,643.52,3030734.0
801760.SI,20250416,637.36,3023274.0
801760.SI,20250417,637.25,2349105.0
801760.SI,20250418,639.59,2094772.0
801760.SI,20250421,652.56,2951412.0
801760.SI,20250422,645.53,2820094.0
801760.SI,20250423,643.89,2868384.0
801760.SI,20250424,634.92,2541157.0
801760.SI,20250425,638.87,2438456.0
801760.SI,20250428,638.99,3326997.0
801760.SI,20250429,647.08,2982827.0
801760.SI,20250430,656.08,3471348.0
801760.SI,20250506,674.59,4076472.0
801760.SI,20250507,670.82,3670901.0
801760.SI,20250508,677.54,3879972.0
801760.SI,20250509,665.24,3061781.0
801760.SI,20250512,670.81,2606430.0
801760.SI,20250513,667.83,3057314.0
801760.SI,20250514,671.72,2779264.0
801760.SI,20250515,658.75,2568484.0
801760.SI,20250516,660.14,2129529.0
801760.SI,20250519,663.07,2349797.0
801760.SI,20250520,676.19,3519323.0
801760.SI,20250521,670.29,2691514.0
801760.SI,20250522,671.09,3422776.0
801760.SI,20250523,659.1,3260757.0
801760.SI,20250526,673.18,3351124.0
801760.SI,20250527,669.58,2738575.0
801760.SI,20250528,668.47,2696156.0
801760.SI,20250529,679.46,3276251.0
801760.SI,20250530,670.54,3311098.0
801760.SI,20250603,679.7,4163173.0
801760.SI,20250604,685.04,3434037.0
801760.SI,20250605,693.77,4142274.0
801760.SI,20250606,687.88,3296128.0
801760.SI,20250609,695.09,4101767.0
801760.SI,20250610,696.15,5055624.0
801760.SI,20250611,707.26,5296463.0
801760.SI,20250612,716.66,6400447.0
801760.SI,20250613,698.55,5840873.0
801760.SI,20250616,717.41,5765627.0
801760.SI,20250617,708.64,5160490.0
801760.SI,20250618,702.63,3604248.0
801760.SI,20250619,699.23,4593677.0
801760.SI,20250620,685.88,3943149.0
801760.SI,20250623,689.53,3284814.0
801760.SI,20250624,703.11,4187397.0
801760.SI,20250625,708.86,4152954.0
801760.SI,20250626,707.3,4444694.0
801760.SI,20250627,706.9,3654075.0
801760.SI,20250630,726.87,4987079.0
801760.SI,20250701,724.13,4061070.0
801760.SI,20250702,718.87,3356921.0
801760.SI,20250703,719.45,2887488.0
801760.SI,20250704,726.02,4124070.0
801760.SI,20250707,731.45,3875528.0
801760.SI,20250708,744.11,4255906.0
801760.SI,20250709,754.13,5267468.0
801760.SI,20250710,750.07,4530454.0
801760.SI,20250711,748.63,4818442.0
801760.SI,20250714,739.36,4448593.0
801760.SI,20250715,739.67,4598240.0
801760.SI,20250716,737.97,4971533.0
801760.SI,20250717,739.13,4273791.0
801760.SI,20250718,731.89,4503343.0
801760.SI,20250721,737.67,3808964.0
801760.SI,20250722,736.33,3654132.0
801760.SI,20250723,736.28,3422788.0
801760.SI,20250724,745.15,3440730.0
801760.SI,20250725,747.66,4790355.0
801760.SI,20250728,747.18,4547817.0
801760.SI,20250729,750.4,4712551.0
801760.SI,20250730,757.87,6174235.0
801760.SI,20250731,749.96,6380682.0
801760.SI,20250801,756.08,5914473.0
801760.SI,20250804,765.74,5536791.0
801760.SI,20250805,775.51,5273134.0
801760.SI,20250806,779.27,5515276.0
801760.SI,20250807,781.02,5081142.0
801760.SI,20250808,773.5,5370749.0
801760.SI,20250811,779.17,4684094.0
801760.SI,20250812,779.6,4740367.0
801760.SI,20250813,785.94,5344962.0
801760.SI,20250814,777.25,5901321.0
801760.SI,20250815,781.22,4841374.0
801760.SI,20250818,798.72,8250950.0
801760.SI,20250819,795.18,6595157.0
801760.SI,20250820,800.68,5733022.0
801760.SI,20250821,806.88,5969904.0
801760.SI,20250822,821.6,7000833.0
801760.SI,20250825,831.63,8682936.0
801760.SI,20250826,841.88,8254236.0
801760.SI,20250827,823.14,9458944.0
801760.SI,20250828,829.23,7494132.0
801760.SI,20250829,830.23,6110727.0
801760.SI,20250901,836.72,6264021.0
801760.SI,20250902,820.63,7052972.0
801760.SI,20250903,819.37,6121292.0
801760.SI,20250904,804.67,5767941.0
801760.SI,20250905,824.84,6046382.0
801760.SI,20250908,843.78,6352786.0
801760.SI,20250909,843.9,6139370.0
801760.SI,20250910,858.06,7223434.0
801760.SI,20250911,862.16,6795346.0
801760.SI,20250912,860.1,6886000.0
801760.SI,20250915,876.75,7032840.0
801760.SI,20250916,877.85,6955817.0
801760.SI,20250917,883.7,6481401.0
801760.SI,20250918,863.79,7381203.0
801760.SI,20250919,868.03,6186434.0
801760.SI,20250922,862.17,5055692.0
801760.SI,20250923,855.6,5855019.0
801760.SI,20250924,877.72,5547771.0
801760.SI,20250925,897.3,7453454.0
801760.SI,20250926,873.49,6181586.0
801760.SI,20250929,873.84,4942702.0
801760.SI,20250930,874.61,5118880.0
801760.SI,20251009,862.14,6320340.0
801760.SI,20251010,841.15,5264319.0
801760.SI,20251013,828.21,4437667.0
801760.SI,20251014,815.06,4363295.0
801760.SI,20251015,819.82,3853319.0
801760.SI,20251016,809.4,3123163.0
801760.SI,20251017,788.4,3490344.0
801760.SI,20251020,793.26,3186908.0
801760.SI,20251021,807.39,3491649.0
801760.SI,20251022,812.16,3790248.0
801760.SI,20251023,819.47,4207706.0
801760.SI,20251024,822.3,4035608.0
801760.SI,20251027,814.46,4518741.0
801760.SI,20251028,810.91,4068957.0
801760.SI,20251029,817.98,4308089.0
801760.SI,20251030,802.62,5328473.0
801760.SI,20251031,821.82,6850155.0
801760.SI,20251103,847.5,7196771.0
801760.SI,20251104,845.15,6784240.0
801760.SI,20251105,841.7,6532478.0
801760.SI,20251106,830.31,5446423.0
801760.SI,20251107,823.11,4565007.0
801760.SI,20251110,827.15,5421982.0
801760.SI,20251111,822.79,4353388.0
801760.SI,20251112,821.51,5044500.0
801760.SI,20251113,829.82,4478391.0
801760.SI,20251114,811.92,4359768.0
801760.SI,20251117,813.23,5375187.0
801760.SI,20251118,826.23,7467989.0
801760.SI,20251119,812.01,6116863.0
801760.SI,20251120,804.36,4611649.0
801760.SI,20251121,801.77,7602404.0
801760.SI,20251124,829.75,9833500.0
801760.SI,20251125,853.37,11604549.0
801760.SI,20251126,846.37,8543433.0
801760.SI,20251127,834.5,6936118.0
801760.SI,20251128,835.69,6580757.0
801760.SI,20251201,842.81,6552142.0
801760.SI,20251202,828.06,6037179.0
801760.SI,20251203,804.34,5693804.0
801760.SI,20251204,800.98,4388119.0
801760.SI,20251205,803.45,4252904.0
801760.SI,20251208,810.65,5020739.0
801760.SI,20251209,809.14,4773636.0
801760.SI,20251210,817.24,4630681.0
801760.SI,20251211,799.89,4785756.0
801760.SI,20251212,805.5,4467595.0
801760.SI,20251215,792.35,3854906.0
801760.SI,20251216,773.22,3654336.0
801760.SI,20251217,788.15,3981318.0
801760.SI,20251218,793.25,3836472.0
801760.SI,20251219,804.08,4081984.0
801760.SI,20251222,799.15,3573953.0
801760.SI,20251223,797.17,3177717.0
801760.SI,20251224,797.21,3402732.0
801760.SI,20251225,803.06,3388577.0
801760.SI,20251226,802.63,3714569.0
801760.SI,20251229,800.93,3747027.0
801760.SI,20251230,807.29,5336013.0
801760.SI,20251231,819.69,6701847.0
801770.SI,20221010,1766.86,1001428.0
801770.SI,20221011,1791.92,965084.0
801770.SI,20221012,1856.34,1360116.0
801770.SI,20221013,1875.86,1488619.0
801770.SI,20221014,1885.93,1607638.0
801770.SI,20221017,1908.08,1392781.0
801770.SI,20221018,1928.58,1531020.0
801770.SI,20221019,1912.31,1658085.0
801770.SI,20221020,1903.87,1729760.0
801770.SI,20221021,1922.27,1654959.0
801770.SI,20221024,1900.65,1648854.0
801770.SI,20221025,1897.1,1493509.0
801770.SI,20221026,1925.22,1644320.0
801770.SI,20221027,1902.36,2615905.0
801770.SI,20221028,1858.08,2008414.0
801770.SI,20221031,1895.21,2003959.0
801770.SI,20221101,1896.73,2134042.0
801770.SI,20221102,1923.57,2482190.0
801770.SI,20221103,1909.42,2362173.0
801770.SI,20221104,1935.14,2164031.0
801770.SI,20221107,1923.14,2340613.0
801770.SI,20221108,1929.43,2001757.0
801770.SI,20221109,1904.77,1530260.0
801770.SI,20221110,1892.13,1595993.0
801770.SI,20221111,1910.98,2137799.0
801770.SI,20221114,1901.52,1929904.0
801770.SI,20221115,1939.4,2069877.0
801770.SI,20221116,1939.57,2241047.0
801770.SI,20221117,1950.24,2308725.0
801770.SI,20221118,1946.15,2637155.0
801770.SI,20221121,1936.44,1760911.0
801770.SI,20221122,1951.38,2496924.0
801770.SI,20221123,1928.09,2385993.0
801770.SI,20221124,1913.97,1699799.0
801770.SI,20221125,1903.67,1979612.0
801770.SI,20221128,1881.35,2233428.0
801770.SI,20221129,1898.99,1815600.0
801770.SI,20221130,1917.45,2053877.0
801770.SI,20221201,1954.03,2665069.0
801770.SI,20221202,1965.98,2057786.0
801770.SI,20221205,2017.05,2779925.0
801770.SI,20221206,1988.93,2324900.0
801770.SI,20221207,1972.82,1984114.0
801770.SI,20221208,1954.48,1665816.0
801770.SI,20221209,1934.29,1670104.0
801770.SI,20221212,1952.11,1565190.0
801770.SI,20221213,1918.39,1314963.0
801770.SI,20221214,1904.78,1387405.0
801770.SI,20221215,1918.1,1296016.0
801770.SI,20221216,1886.79,1328672.0
801770.SI,20221219,1843.21,1254414.0
801770.SI,20221220,1842.97,1154092.0
801770.SI,20221221,1826.61,993372.0
801770.SI,20221222,1800.42,1193308.0
801770.SI,20221223,1816.26,1212253.0
801770.SI,20221226,1842.17,1119688.0
801770.SI,20221227,1860.52,1140305.0
801770.SI,20221228,1832.85,1238761.0
801770.SI,20221229,1828.21,1007931.0
801770.SI,20221230,1838.28,1033355.0
801770.SI,20230103,1921.38,2069992.0
801770.SI,20230104,1934.01,2045329.0
801770.SI,20230105,1941.73,1773851.0
801770.SI,20230106,1931.2,1570299.0
801770.SI,20230109,1931.89,1434468.0
801770.SI,20230110,1929.06,1256165.0
801770.SI,20230111,1926.61,1544384.0
801770.SI,20230112,1947.93,1522128.0
801770.SI,20230113,1940.45,1621264.0
801770.SI,20230116,1945.43,1729085.0
801770.SI,20230117,1936.27,1354562.0
801770.SI,20230118,1956.79,1419754.0
801770.SI,20230119,1953.91,1790769.0
801770.SI,20230120,2004.96,2222522.0
801770.SI,20230130,2008.15,2406485.0
801770.SI,20230131,2008.1,1979726.0
801770.SI,20230201,2041.98,2257004.0
801770.SI,20230202,2038.06,2531800.0
801770.SI,20230203,2046.54,2561926.0
801770.SI,20230206,2040.5,2531939.0
801770.SI,20230207,2058.32,2657989.0
801770.SI,20230208,2025.54,2598827.0
801770.SI,20230209,2089.82,3077207.0
801770.SI,20230210,2098.85,3577695.0
801770.SI,20230213,2117.75,2996549.0
801770.SI,20230214,2104.12,2432984.0
801770.SI,20230215,2158.13,3526629.0
801770.SI,20230216,2146.21,4626586.0
801770.SI,20230217,2070.19,3066045.0
801770.SI,20230220,2141.98,2993310.0
801770.SI,20230221,2160.42,2954530.0
801770.SI,20230222,2146.87,2833838.0
801770.SI,20230223,2117.07,2680916.0
801770.SI,20230224,2130.56,2346392.0
801770.SI,20230227,2132.33,2623342.0
801770.SI,20230228,2180.57,3742564.0
801770.SI,20230301,2264.47,5133217.0
801770.SI,20230302,2287.31,5314643.0
801770.SI,20230303,2272.0,4570491.0
801770.SI,20230306,2288.09,4261911.0
801770.SI,20230307,2202.55,4016568.0
801770.SI,20230308,2257.52,3313645.0
801770.SI,20230309,2285.32,4141249.0
801770.SI,20230310,2237.62,3792490.0
801770.SI,20230313,2318.65,4432122.0
801770.SI,20230314,2300.64,4514931.0
801770.SI,20230315,2279.9,3596926.0
801770.SI,20230316,2244.46,3238484.0
801770.SI,20230317,2332.82,4734814.0
801770.SI,20230320,2281.59,5650015.0
801770.SI,20230321,2304.22,3851920.0
801770.SI,20230322,2385.17,5280386.0
801770.SI,20230323,2437.84,6206409.0
801770.SI,20230324,2418.22,6185696.0
801770.SI,20230327,2421.04,6328687.0
801770.SI,20230328,2391.26,5452556.0
801770.SI,20230329,2398.21,4997809.0
801770.SI,20230330,2323.53,4982649.0
801770.SI,20230331,2380.76,4399175.0
801770.SI,20230403,2459.63,6688472.0
801770.SI,20230404,2486.42,6573923.0
801770.SI,20230406,2513.05,6562942.0
801770.SI,20230407,2569.77,5996816.0
801770.SI,20230410,2513.34,6406404.0
801770.SI,20230411,2498.26,4938635.0
801770.SI,20230412,2582.86,6039912.0
801770.SI,20230413,2486.98,5671260.0
801770.SI,20230414,2508.75,4716794.0
801770.SI,20230417,2480.55,4440237.0
801770.SI,20230418,2566.19,5833472.0
801770.SI,20230419,2556.21,6447152.0
801770.SI,20230420,2623.95,6211530.0
801770.SI,20230421,2516.08,6424069.0
801770.SI,20230424,2570.53,5924660.0
801770.SI,20230425,2491.29,5841549.0
801770.SI,20230426,2424.9,5748173.0
801770.SI,20230427,2374.71,4694703.0
801770.SI,20230428,2463.47,4696260.0
801770.SI,20230504,2419.35,4647555.0
801770.SI,20230505,2373.45,4268879.0
801770.SI,20230508,2419.28,4296827.0
801770.SI,20230509,2368.39,4068153.0
801770.SI,20230510,2345.08,3594850.0
801770.SI,20230511,2324.65,3184477.0
801770.SI,20230512,2298.6,3351835.0
801770.SI,20230515,2315.48,3743406.0
801770.SI,20230516,2273.09,3178932.0
801770.SI,20230517,2282.7,3446886.0
801770.SI,20230518,2387.9,4909609.0
801770.SI,20230519,2370.95,4590079.0
801770.SI,20230522,2343.58,3292591.0
801770.SI,20230523,2299.24,3578425.0
801770.SI,20230524,2309.33,4008155.0
801770.SI,20230525,2346.52,5168256.0
801770.SI,20230526,2379.68,5013592.0
801770.SI,20230529,2412.65,5174060.0
801770.SI,20230530,2477.0,5355758.0
801770.SI,20230531,2497.02,4869708.0
801770.SI,20230601,2522.1,4918852.0
801770.SI,20230602,2528.59,4579733.0
801770.SI,20230605,2559.85,4550852.0
801770.SI,20230606,2509.13,4610502.0
801770.SI,20230607,2531.72,4097195.0
801770.SI,20230608,2514.13,4664414.0
801770.SI,20230609,2603.09,5894593.0
801770.SI,20230612,2616.93,5816279.0
801770.SI,20230613,2632.86,5164918.0
801770.SI,20230614,2679.27,6263434.0
801770.SI,20230615,2698.12,7181881.0
801770.SI,20230616,2785.29,7355556.0
801770.SI,20230619,2869.3,8313197.0
801770.SI,20230620,2899.7,7791247.0
801770.SI,20230621,2792.56,7035086.0
801770.SI,20230626,2696.99,6198319.0
801770.SI,20230627,2736.46,5029907.0
801770.SI,20230628,2659.65,5394070.0
801770.SI,20230629,2728.25,5585672.0
801770.SI,20230630,2769.56,6488415.0
801770.SI,20230703,2768.24,5894818.0
801770.SI,20230704,2776.29,4960131.0
801770.SI,20230705,2715.89,4964310.0
801770.SI,20230706,2728.81,4908081.0
801770.SI,20230707,2702.59,4891406.0
801770.SI,20230710,2670.3,3783908.0
801770.SI,20230711,2703.2,3901520.0
801770.SI,20230712,2598.5,5236013.0
801770.SI,20230713,2672.93,4857072.0
801770.SI,20230714,2758.12,6649011.0
801770.SI,20230717,2777.14,5047637.0
801770.SI,20230718,2719.43,3930070.0
801770.SI,20230719,2701.28,3129985.0
801770.SI,20230720,2594.61,4408516.0
801770.SI,20230721,2586.46,3349410.0
801770.SI,20230724,2611.54,3308955.0
801770.SI,20230725,2632.88,3719736.0
801770.SI,20230726,2576.14,3284379.0
801770.SI,20230727,2546.26,2536152.0
801770.SI,20230728,2568.75,2956569.0
801770.SI,20230731,2557.5,3242919.0
801770.SI,20230801,2591.85,3611705.0
801770.SI,20230802,2590.54,3032876.0
801770.SI,20230803,2564.9,2680054.0
801770.SI,20230804,2654.5,4752624.0
801770.SI,20230807,2616.39,5079601.0
801770.SI,20230808,2596.07,3789105.0
801770.SI,20230809,2531.32,3608922.0
801770.SI,20230810,2524.86,2778780.0
801770.SI,20230811,2488.22,2841839.0
801770.SI,20230814,2528.82,3043241.0
801770.SI,20230815,2505.91,3344682.0
801770.SI,20230816,2449.26,3090345.0
801770.SI,20230817,2477.24,2910448.0
801770.SI,20230818,2397.73,3152386.0
801770.SI,20230821,2414.1,2895776.0
801770.SI,20230822,2507.48,4413682.0
801770.SI,20230823,2437.58,3246771.0
801770.SI,20230824,2431.22,3596903.0
801770.SI,20230825,2329.07,3708256.0
801770.SI,20230828,2363.25,3672307.0
801770.SI,20230829,2432.91,3794951.0
801770.SI,20230830,2461.76,3773444.0
801770.SI,20230831,2457.23,2954889.0
801770.SI,20230901,2429.11,2495104.0
801770.SI,20230904,2466.4,2814887.0
801770.SI,20230905,2431.22,2967660.0
801770.SI,20230906,2449.18,3020953.0
801770.SI,20230907,2403.81,2950708.0
801770.SI,20230908,2416.58,2817026.0
801770.SI,20230911,2466.93,4201812.0
801770.SI,20230912,2477.61,3911608.0
801770.SI,20230913,2430.87,3788914.0
801770.SI,20230914,2443.57,4153853.0
801770.SI,20230915,2399.54,4056541.0
801770.SI,20230918,2372.45,3282169.0
801770.SI,20230919,2351.68,3001541.0
801770.SI,20230920,2349.72,3120737.0
801770.SI,20230921,2363.58,3107975.0
801770.SI,20230922,2470.74,5100471.0
801770.SI,20230925,2448.63,4863153.0
801770.SI,20230926,2440.0,5022734.0
801770.SI,20230927,2440.28,4180988.0
801770.SI,20230928,2474.55,4684835.0
801770.SI,20231009,2487.84,5347814.0
801770.SI,20231010,2491.91,4748731.0
801770.SI,20231011,2502.98,5059878.0
801770.SI,20231012,2498.22,4638948.0
801770.SI,20231013,2486.58,4922269.0
801770.SI,20231016,2460.38,4381115.0
801770.SI,20231017,2469.43,4278410.0
801770.SI,20231018,2420.53,4401875.0
801770.SI,20231019,2379.27,3892684.0
801770.SI,20231020,2303.74,3501673.0
801770.SI,20231023,2258.97,3685488.0
801770.SI,20231024,2254.25,4638473.0
801770.SI,20231025,2240.83,4895264.0
801770.SI,20231026,2268.27,5087777.0
801770.SI,20231027,2260.82,4282890.0
801770.SI,20231030,2281.47,4384401.0
801770.SI,20231031,2249.63,3784959.0
801770.SI,20231101,2236.46,3149551.0
801770.SI,20231102,2210.48,3312618.0
801770.SI,20231103,2249.26,3451533.0
801770.SI,20231106,2298.69,4329553.0
801770.SI,20231107,2354.89,5543737.0
801770.SI,20231108,2352.79,5181083.0
801770.SI,20231109,2358.72,4781992.0
801770.SI,20231110,2342.11,3650959.0
801770.SI,20231113,2385.88,4614885.0
801770.SI,20231114,2409.42,4467661.0
801770.SI,20231115,2410.45,4606176.0
801770.SI,20231116,2384.47,4049074.0
801770.SI,20231117,2416.98,4711811.0
801770.SI,20231120,2421.86,4385229.0
801770.SI,20231121,2401.5,5138817.0
801770.SI,20231122,2360.45,4840063.0
801770.SI,20231123,2374.34,3505697.0
801770.SI,20231124,2324.76,3466615.0
801770.SI,20231127,2335.95,3666003.0
801770.SI,20231128,2318.25,3170179.0
801770.SI,20231129,2306.54,3019793.0
801770.SI,20231130,2307.58,3406903.0
801770.SI,20231201,2366.67,4777814.0
801770.SI,20231204,2365.9,4292522.0
801770.SI,20231205,2306.72,3983265.0
801770.SI,20231206,2294.76,3088420.0
801770.SI,20231207,2316.22,3715599.0
801770.SI,20231208,2386.09,5841769.0
801770.SI,20231211,2410.26,4460067.0
801770.SI,20231212,2399.75,3996956.0
801770.SI,20231213,2364.02,3142526.0
801770.SI,20231214,2358.42,3465980.0
801770.SI,20231215,2330.41,3121800.0
801770.SI,20231218,2304.03,2812350.0
801770.SI,20231219,2310.67,2389876.0
801770.SI,20231220,2258.95,2602926.0
801770.SI,20231221,2278.8,2910055.0
801770.SI,20231222,2240.4,2827403.0
801770.SI,20231225,2242.18,2040088.0
801770.SI,20231226,2200.92,2192455.0
801770.SI,20231227,2227.68,2320399.0
801770.SI,20231228,2272.55,3392235.0
801770.SI,20231229,2311.69,3157120.0
801770.SI,20240102,2277.23,2573362.0
801770.SI,20240103,2247.39,2421601.0
801770.SI,20240104,2238.26,2179539.0
801770.SI,20240105,2179.35,2499020.0
801770.SI,20240108,2133.87,2059525.0
801770.SI,20240109,2137.94,2252285.0
801770.SI,20240110,2101.5,1867547.0
801770.SI,20240111,2145.69,2302870.0
801770.SI,20240112,2109.46,1847154.0
801770.SI,20240115,2115.8,1774537.0
801770.SI,20240116,2116.93,2094092.0
801770.SI,20240117,2074.74,1911591.0
801770.SI,20240118,2134.35,3275210.0
801770.SI,20240119,2118.49,2632970.0
801770.SI,20240122,2049.2,3431949.0
801770.SI,20240123,2088.2,3136650.0
801770.SI,20240124,2112.14,3392779.0
801770.SI,20240125,2198.35,4168990.0
801770.SI,20240126,2168.64,3245243.0
801770.SI,20240129,2078.42,3624937.0
801770.SI,20240130,2023.2,2457134.0
801770.SI,20240131,1960.59,2764719.0
801770.SI,20240201,1978.76,3070875.0
801770.SI,20240202,1933.66,3188985.0
801770.SI,20240205,1867.65,3462770.0
801770.SI,20240206,1955.38,3727216.0
801770.SI,20240207,1967.99,3652455.0
801770.SI,20240208,2037.45,3996415.0
801770.SI,20240219,2180.24,4808831.0
801770.SI,20240220,2196.73,4443433.0
801770.SI,20240221,2176.73,4399362.0
801770.SI,20240222,2245.93,4692568.0
801770.SI,20240223,2264.18,5159529.0
801770.SI,20240226,2264.09,4991674.0
801770.SI,20240227,2381.11,6414762.0
801770.SI,20240228,2245.06,7198804.0
801770.SI,20240229,2343.36,5784239.0
801770.SI,20240301,2401.09,6288559.0
801770.SI,20240304,2440.34,6443844.0
801770.SI,20240305,2411.69,7073817.0
801770.SI,20240306,2422.65,5387036.0
801770.SI,20240307,2365.26,4902924.0
801770.SI,20240308,2462.32,5839388.0
801770.SI,20240311,2467.71,5499817.0
801770.SI,20240312,2438.22,5834537.0
801770.SI,20240313,2448.12,5976444.0
801770.SI,20240314,2443.86,5231207.0
801770.SI,20240315,2494.24,5827871.0
801770.SI,20240318,2540.88,6205121.0
801770.SI,20240319,2529.89,6211325.0
801770.SI,20240320,2534.67,5828080.0
801770.SI,20240321,2525.84,5682426.0
801770.SI,20240322,2538.33,6553782.0
801770.SI,20240325,2479.72,6145638.0
801770.SI,20240326,2428.69,6475865.0
801770.SI,20240327,2338.16,5169594.0
801770.SI,20240328,2408.61,5472127.0
801770.SI,20240329,2442.9,4652919.0
801770.SI,20240401,2486.98,4858019.0
801770.SI,20240402,2449.28,4367902.0
801770.SI,20240403,2388.7,3419580.0
801770.SI,20240408,2384.57,3391644.0
801770.SI,20240409,2378.37,2867054.0
801770.SI,20240410,2317.98,2995506.0
801770.SI,20240411,2322.14,2788965.0
801770.SI,20240412,2358.2,3997285.0
801770.SI,20240415,2355.59,4067719.0
801770.SI,20240416,2272.89,3786060.0
801770.SI,20240417,2383.82,4025227.0
801770.SI,20240418,2370.96,3895906.0
801770.SI,20240419,2342.35,3440908.0
801770.SI,20240422,2294.47,3251013.0
801770.SI,20240423,2298.45,3036626.0
801770.SI,20240424,2384.32,4510747.0
801770.SI,20240425,2366.14,3414818.0
801770.SI,20240426,2456.25,5894561.0
801770.SI,20240429,2497.88,5576970.0
801770.SI,20240430,2479.65,4090604.0
801770.SI,20240506,2471.43,4379205.0
801770.SI,20240507,2449.32,4374446.0
801770.SI,20240508,2415.64,3347384.0
801770.SI,20240509,2418.87,3144373.0
801770.SI,20240510,2401.62,3332300.0
801770.SI,20240513,2389.52,3604991.0
801770.SI,20240514,2385.38,3181431.0
801770.SI,20240515,2370.68,2650242.0
801770.SI,20240516,2390.73,3957010.0
801770.SI,20240517,2414.55,3752969.0
801770.SI,20240520,2438.52,4164393.0
801770.SI,20240521,2421.34,2922367.0
801770.SI,20240522,2410.6,2991501.0
801770.SI,20240523,2379.96,3389647.0
801770.SI,20240524,2344.68,3855111.0
801770.SI,20240527,2376.78,3484763.0
801770.SI,20240528,2335.94,3082935.0
801770.SI,20240529,2326.54,2529832.0
801770.SI,20240530,2318.89,2208631.0
801770.SI,20240531,2327.55,2669418.0
801770.SI,20240603,2356.1,3601378.0
801770.SI,20240604,2352.41,2779358.0
801770.SI,20240605,2313.08,2389871.0
801770.SI,20240606,2288.52,3436345.0
801770.SI,20240607,2270.27,2601048.0
801770.SI,20240611,2284.31,2121634.0
801770.SI,20240612,2300.35,2257097.0
801770.SI,20240613,2325.98,2677565.0
801770.SI,20240614,2406.7,4315452.0
801770.SI,20240617,2421.36,3483161.0
801770.SI,20240618,2471.84,3941846.0
801770.SI,20240619,2467.53,3408971.0
801770.SI,20240620,2427.95,3141154.0
801770.SI,20240621,2437.49,2882200.0
801770.SI,20240624,2372.1,3030258.0
801770.SI,20240625,2318.55,2887005.0
801770.SI,20240626,2381.75,2808507.0
801770.SI,20240627,2345.33,2559504.0
801770.SI,20240628,2395.55,3333696.0
801770.SI,20240701,2423.58,3132167.0
801770.SI,20240702,2415.19,2886680.0
801770.SI,20240703,2386.33,2174097.0
801770.SI,20240704,2360.99,2339386.0
801770.SI,20240705,2369.58,2245687.0
801770.SI,20240708,2355.92,2315520.0
801770.SI,20240709,2447.52,3646639.0
801770.SI,20240710,2449.29,3154223.0
801770.SI,20240711,2458.07,3534704.0
801770.SI,20240712,2432.5,2536509.0
801770.SI,20240715,2406.6,2178525.0
801770.SI,20240716,2423.03,2915623.0
801770.SI,20240717,2361.49,2626376.0
801770.SI,20240718,2354.27,3143183.0
801770.SI,20240719,2352.29,2406272.0
801770.SI,20240722,2354.74,2295721.0
801770.SI,20240723,2304.49,2315156.0
801770.SI,20240724,2300.39,2427796.0
801770.SI,20240725,2258.44,2575613.0
801770.SI,20240726,2275.75,2413317.0
801770.SI,20240729,2300.59,2665101.0
801770.SI,20240730,2306.48,2372044.0
801770.SI,20240731,2341.19,3406321.0
801770.SI,20240801,2346.5,3139460.0
801770.SI,20240802,2273.12,3091562.0
801770.SI,20240805,2173.89,3089201.0
801770.SI,20240806,2198.98,2347104.0
801770.SI,20240807,2218.16,2501764.0
801770.SI,20240808,2192.9,2486487.0
801770.SI,20240809,2188.31,2555813.0
801770.SI,20240812,2166.79,1933296.0
801770.SI,20240813,2187.47,1763604.0
801770.SI,20240814,2182.95,2018930.0
801770.SI,20240815,2206.67,2256818.0
801770.SI,20240816,2241.29,2823378.0
801770.SI,20240819,2250.66,2406430.0
801770.SI,20240820,2227.97,2155930.0
801770.SI,20240821,2223.58,1866181.0
801770.SI,20240822,2203.24,2225614.0
801770.SI,20240823,2207.0,2140883.0
801770.SI,20240826,2185.81,2341130.0
801770.SI,20240827,2161.22,2027505.0
801770.SI,20240828,2168.19,1933081.0
801770.SI,20240829,2161.56,2655801.0
801770.SI,20240830,2196.0,3361205.0
801770.SI,20240902,2140.38,2517923.0
801770.SI,20240903,2166.37,2021812.0
801770.SI,20240904,2150.21,2283838.0
801770.SI,20240905,2159.73,2026742.0
801770.SI,20240906,2122.67,1902340.0
801770.SI,20240909,2123.2,1974905.0
801770.SI,20240910,2162.3,2528753.0
801770.SI,20240911,2151.65,2047891.0
801770.SI,20240912,2149.62,2132355.0
801770.SI,20240913,2167.49,2629743.0
801770.SI,20240918,2158.2,1727406.0
801770.SI,20240919,2161.74,2241135.0
801770.SI,20240920,2173.83,2232786.0
801770.SI,20240923,2188.08,2730221.0
801770.SI,20240924,2286.15,4211972.0
801770.SI,20240925,2295.22,4663459.0
801770.SI,20240926,2363.29,3979888.0
801770.SI,20240927,2456.48,6084305.0
801770.SI,20240930,2736.19,10005127.0
801770.SI,20241008,3046.52,13106352.0
801770.SI,20241009,2797.55,10371571.0
801770.SI,20241010,2784.4,7616949.0
801770.SI,20241011,2681.73,5942220.0
801770.SI,20241014,2760.67,6066815.0
801770.SI,20241015,2704.81,5852858.0
801770.SI,20241016,2663.92,4749272.0
801770.SI,20241017,2673.35,5395933.0
801770.SI,20241018,2821.27,8391182.0
801770.SI,20241021,2873.73,9309562.0
801770.SI,20241022,2880.57,8635831.0
801770.SI,20241023,2851.61,8639042.0
801770.SI,20241024,2878.1,8352034.0
801770.SI,20241025,2906.89,7553444.0
801770.SI,20241028,2917.33,7603082.0
801770.SI,20241029,2879.87,8141513.0
801770.SI,20241030,2889.03,7335179.0
801770.SI,20241031,2908.04,7915452.0
801770.SI,20241101,2811.63,8100980.0
801770.SI,20241104,2860.95,5893427.0
801770.SI,20241105,2940.68,8342112.0
801770.SI,20241106,2936.19,9214320.0
801770.SI,20241107,2982.08,7782760.0
801770.SI,20241108,3002.9,10037592.0
801770.SI,20241111,3085.09,9752739.0
801770.SI,20241112,3040.29,9970259.0
801770.SI,20241113,3119.97,9905366.0
801770.SI,20241114,3008.01,8224749.0
801770.SI,20241115,2939.37,8593140.0
801770.SI,20241118,2846.81,7860381.0
801770.SI,20241119,2883.07,6673283.0
801770.SI,20241120,2951.78,7037935.0
801770.SI,20241121,2926.22,8177678.0
801770.SI,20241122,2828.38,7492021.0
801770.SI,20241125,2789.74,6262466.0
801770.SI,20241126,2795.25,5866909.0
801770.SI,20241127,2852.64,6714814.0
801770.SI,20241128,2812.24,6611331.0
801770.SI,20241129,2852.54,6813239.0
801770.SI,20241202,2918.97,7531359.0
801770.SI,20241203,2904.8,6393501.0
801770.SI,20241204,2866.48,5485640.0
801770.SI,20241205,2900.38,5499953.0
801770.SI,20241206,2908.73,5376863.0
801770.SI,20241209,2877.9,5511044.0
801770.SI,20241210,2888.57,7203439.0
801770.SI,20241211,2951.96,6789971.0
801770.SI,20241212,2992.98,7530543.0
801770.SI,20241213,2964.33,8574306.0
801770.SI,20241216,2968.51,8338816.0
801770.SI,20241217,2949.55,9723730.0
801770.SI,20241218,2987.52,8239631.0
801770.SI,20241219,3086.29,11288508.0
801770.SI,20241220,3091.02,10773502.0
801770.SI,20241223,3028.13,10287402.0
801770.SI,20241224,3037.05,8091592.0
801770.SI,20241225,3036.1,8587984.0
801770.SI,20241226,3144.72,10136549.0
801770.SI,20241227,3102.94,8909187.0
801770.SI,20241230,3065.56,8631446.0
801770.SI,20241231,2977.81,8595739.0
801770.SI,20250102,2889.23,8187764.0
801770.SI,20250103,2794.19,7090291.0
801770.SI,20250106,2770.31,5809841.0
801770.SI,20250107,2848.35,6885352.0
801770.SI,20250108,2838.47,7215935.0
801770.SI,20250109,2852.7,7207102.0
801770.SI,20250110,2752.92,6754250.0
801770.SI,20250113,2749.44,5210017.0
801770.SI,20250114,2872.64,7388333.0
801770.SI,20250115,2842.31,6283343.0
801770.SI,20250116,2912.44,8578726.0
801770.SI,20250117,2921.64,7516544.0
801770.SI,20250120,2954.43,7427109.0
801770.SI,20250121,3002.88,8463089.0
801770.SI,20250122,3054.22,8884996.0
801770.SI,20250123,3009.1,9707522.0
801770.SI,20250124,3074.69,8536325.0
801770.SI,20250127,2952.53,8071292.0
801770.SI,20250205,2892.86,9296035.0
801770.SI,20250206,2979.77,9588379.0
801770.SI,20250207,3042.05,11397527.0
801770.SI,20250210,3105.35,10864414.0
801770.SI,20250211,3107.36,9915872.0
801770.SI,20250212,3152.26,9497236.0
801770.SI,20250213,3094.99,11021848.0
801770.SI,20250214,3133.51,10912364.0
801770.SI,20250217,3244.0,14069318.0
801770.SI,20250218,3151.99,11254309.0
801770.SI,20250219,3211.46,10154662.0
801770.SI,20250220,3208.92,10391170.0
801770.SI,20250221,3387.14,15615692.0
801770.SI,20250224,3349.95,15134274.0
801770.SI,20250225,3307.84,12357896.0
801770.SI,20250226,3316.26,11488261.0
801770.SI,20250227,3224.45,11461401.0
801770.SI,20250228,3060.7,10183303.0
801770.SI,20250303,3026.29,8499014.0
801770.SI,20250304,3060.04,7074393.0
801770.SI,20250305,3135.04,9292014.0
801770.SI,20250306,3208.65,12239734.0
801770.SI,20250307,3146.74,9761229.0
801770.SI,20250310,3126.15,6786982.0
801770.SI,20250311,3133.17,6496688.0
801770.SI,20250312,3164.93,9753118.0
801770.SI,20250313,3114.16,8492968.0
801770.SI,20250314,3165.69,8656927.0
801770.SI,20250317,3172.7,7510911.0
801770.SI,20250318,3201.77,8657305.0
801770.SI,20250319,3122.58,8091067.0
801770.SI,20250320,3099.66,7026187.0
801770.SI,20250321,3043.72,7743754.0
801770.SI,20250324,3025.41,7249042.0
801770.SI,20250325,2957.49,5740221.0
801770.SI,20250326,2964.54,4385104.0
801770.SI,20250327,2946.11,4675047.0
801770.SI,20250328,2926.07,4148328.0
801770.SI,20250331,2943.05,4906595.0
801770.SI,20250401,2929.39,3868253.0
801770.SI,20250402,2957.84,4248149.0
801770.SI,20250403,2902.96,5020791.0
801770.SI,20250407,2562.59,5730038.0
801770.SI,20250408,2538.67,6440018.0
801770.SI,20250409,2595.43,6166548.0
801770.SI,20250410,2659.49,6260746.0
801770.SI,20250411,2680.25,4651066.0
801770.SI,20250414,2709.64,4506455.0
801770.SI,20250415,2698.44,3295767.0
801770.SI,20250416,2660.32,3806163.0
801770.SI,20250417,2652.28,2965153.0
801770.SI,20250418,2694.34,3779744.0
801770.SI,20250421,2735.76,4532077.0
801770.SI,20250422,2709.16,4644028.0
801770.SI,20250423,2756.02,6158304.0
801770.SI,20250424,2698.82,4790802.0
801770.SI,20250425,2729.95,5330137.0
801770.SI,20250428,2709.38,4457952.0
801770.SI,20250429,2717.55,4178334.0
801770.SI,20250430,2746.04,4699503.0
801770.SI,20250506,2844.52,6399817.0
801770.SI,20250507,2847.08,6275091.0
801770.SI,20250508,2921.09,7625622.0
801770.SI,20250509,2882.14,5969974.0
801770.SI,20250512,2930.64,5858672.0
801770.SI,20250513,2912.73,5911502.0
801770.SI,20250514,2934.81,6255578.0
801770.SI,20250515,2862.88,5113888.0
801770.SI,20250516,2878.72,4775596.0
801770.SI,20250519,2872.17,4095088.0
801770.SI,20250520,2893.44,4307677.0
801770.SI,20250521,2875.66,4423077.0
801770.SI,20250522,2853.96,3829804.0
801770.SI,20250523,2812.28,4058682.0
801770.SI,20250526,2843.26,3648018.0
801770.SI,20250527,2819.82,3857491.0
801770.SI,20250528,2837.2,4273776.0
801770.SI,20250529,2888.49,5236574.0
801770.SI,20250530,2855.2,4208674.0
801770.SI,20250603,2849.07,3716439.0
801770.SI,20250604,2900.07,5364544.0
801770.SI,20250605,2976.01,6851671.0
801770.SI,20250606,3005.81,6683007.0
801770.SI,20250609,3038.74,7210576.0
801770.SI,20250610,2995.28,6791699.0
801770.SI,20250611,2986.94,5075351.0
801770.SI,20250612,3016.19,7297719.0
801770.SI,20250613,2982.26,6113115.0
801770.SI,20250616,3045.05,6288278.0
801770.SI,20250617,3041.69,5359226.0
801770.SI,20250618,3083.83,6728053.0
801770.SI,20250619,3058.38,7037744.0
801770.SI,20250620,3029.51,5905013.0
801770.SI,20250623,3035.27,5822170.0
801770.SI,20250624,3083.19,6808361.0
801770.SI,20250625,3116.83,7439013.0
801770.SI,20250626,3140.91,7772481.0
801770.SI,20250627,3197.01,8742295.0
801770.SI,20250630,3257.61,8710044.0
801770.SI,20250701,3242.87,6559899.0
801770.SI,20250702,3179.22,6014196.0
801770.SI,20250703,3221.22,6001572.0
801770.SI,20250704,3193.83,6904339.0
801770.SI,20250707,3169.08,5801506.0
801770.SI,20250708,3260.75,7495424.0
801770.SI,20250709,3266.31,7103385.0
801770.SI,20250710,3263.85,7143417.0
801770.SI,20250711,3261.76,7064327.0
801770.SI,20250714,3273.03,6302883.0
801770.SI,20250715,3424.0,10509017.0
801770.SI,20250716,3436.7,10706070.0
801770.SI,20250717,3519.38,9509117.0
801770.SI,20250718,3508.36,8817633.0
801770.SI,20250721,3512.91,7675632.0
801770.SI,20250722,3497.68,8505980.0
801770.SI,20250723,3490.39,7283015.0
801770.SI,20250724,3485.14,7432802.0
801770.SI,20250725,3481.35,6310734.0
801770.SI,20250728,3524.49,8039427.0
801770.SI,20250729,3640.36,9956639.0
801770.SI,20250730,3605.62,8148645.0
801770.SI,20250731,3607.94,11336651.0
801770.SI,20250801,3569.79,8448032.0
801770.SI,20250804,3576.67,6263223.0
801770.SI,20250805,3621.39,8830056.0
801770.SI,20250806,3639.19,7730576.0
801770.SI,20250807,3621.97,8621038.0
801770.SI,20250808,3616.14,8222407.0
801770.SI,20250811,3686.5,8754309.0
801770.SI,20250812,3769.14,9730715.0
801770.SI,20250813,3954.16,12803596.0
801770.SI,20250814,3870.37,11427186.0
801770.SI,20250815,3893.0,10757654.0
801770.SI,20250818,4066.73,15323570.0
801770.SI,20250819,4142.67,14045331.0
801770.SI,20250820,4166.8,13115301.0
801770.SI,20250821,4158.24,14140723.0
801770.SI,20250822,4315.08,14546357.0
801770.SI,20250825,4524.47,18381719.0
801770.SI,20250826,4488.52,14923866.0
801770.SI,20250827,4562.92,19446492.0
801770.SI,20250828,4888.7,20679761.0
801770.SI,20250829,4849.39,17673605.0
801770.SI,20250901,5102.61,19485455.0
801770.SI,20250902,4810.46,21759878.0
801770.SI,20250903,4887.73,16155818.0
801770.SI,20250904,4473.41,19147231.0
801770.SI,20250905,4719.2,15329416.0
801770.SI,20250908,4555.63,14256961.0
801770.SI,20250909,4468.74,10680886.0
801770.SI,20250910,4624.79,14230993.0
801770.SI,20250911,4966.69,18193836.0
801770.SI,20250912,4860.93,15538548.0
801770.SI,20250915,4787.07,11987671.0
801770.SI,20250916,4822.5,12938054.0
801770.SI,20250917,4845.39,12417412.0
801770.SI,20250918,4854.7,18357730.0
801770.SI,20250919,4886.17,14416267.0
801770.SI,20250922,4904.21,13440723.0
801770.SI,20250923,4903.24,15860222.0
801770.SI,20250924,4902.6,12925982.0
801770.SI,20250925,5000.18,14961029.0
801770.SI,20250926,4872.45,12328857.0
801770.SI,20250929,4932.72,11144574.0
801770.SI,20250930,4842.3,11383011.0
801770.SI,20251009,4865.35,13838212.0
801770.SI,20251010,4764.65,13345179.0
801770.SI,20251013,4745.07,11444595.0
801770.SI,20251014,4508.6,12988549.0
801770.SI,20251015,4572.53,9092096.0
801770.SI,20251016,4606.41,9135307.0
801770.SI,20251017,4482.48,10198214.0
801770.SI,20251020,4626.47,10816605.0
801770.SI,20251021,4853.37,12596533.0
801770.SI,20251022,4847.32,10299720.0
801770.SI,20251023,4774.09,8551783.0
801770.SI,20251024,5000.01,11935999.0
801770.SI,20251027,5160.94,13894836.0
801770.SI,20251028,5165.3,12887409.0
801770.SI,20251029,5171.16,13822933.0
801770.SI,20251030,5025.05,14634672.0
801770.SI,20251031,4820.57,12216447.0
801770.SI,20251103,4846.18,9562407.0
801770.SI,20251104,4796.99,8857608.0
801770.SI,20251105,4776.23,7503499.0
801770.SI,20251106,4889.38,9604582.0
801770.SI,20251107,4864.72,8436862.0
801770.SI,20251110,4840.29,9788243.0
801770.SI,20251111,4733.8,9378489.0
801770.SI,20251112,4759.45,9152563.0
801770.SI,20251113,4749.48,7891167.0
801770.SI,20251114,4632.74,7861523.0
801770.SI,20251117,4683.61,7977102.0
801770.SI,20251118,4683.58,8273022.0
801770.SI,20251119,4706.05,8720346.0
801770.SI,20251120,4729.88,9390340.0
801770.SI,20251121,4516.55,9837385.0
801770.SI,20251124,4540.04,10228579.0
801770.SI,20251125,4700.72,12066687.0
801770.SI,20251126,4918.73,15557939.0
801770.SI,20251127,4903.57,14706349.0
801770.SI,20251128,4909.52,10964424.0
801770.SI,20251201,5047.48,13200125.0
801770.SI,20251202,5061.1,12411060.0
801770.SI,20251203,5003.73,13995903.0
801770.SI,20251204,5028.55,10550157.0
801770.SI,20251205,5090.56,12749586.0
801770.SI,20251208,5334.59,16840721.0
801770.SI,20251209,5453.49,16318105.0
801770.SI,20251210,5519.43,14493152.0
801770.SI,20251211,5346.14,16787371.0
801770.SI,20251212,5409.72,18203826.0
801770.SI,20251215,5307.43,13049488.0
801770.SI,20251216,5150.78,11792807.0
801770.SI,20251217,5411.7,14922349.0
801770.SI,20251218,5326.38,13650144.0
801770.SI,20251219,5361.78,12635677.0
801770.SI,20251222,5591.4,15608077.0
801770.SI,20251223,5561.78,13742484.0
801770.SI,20251224,5624.05,13166790.0
801770.SI,20251225,5614.19,12915941.0
801770.SI,20251226,5580.23,12092386.0
801770.SI,20251229,5555.99,12508681.0
801770.SI,20251230,5576.54,12528183.0
801770.SI,20251231,5501.52,12293836.0
801780.SI,20221010,2990.41,1658869.0
801780.SI,20221011,2980.8,1091382.0
801780.SI,20221012,2992.02,1339893.0
801780.SI,20221013,2943.86,1444602.0
801780.SI,20221014,2977.62,1599559.0
801780.SI,20221017,2973.82,1105869.0
801780.SI,20221018,2968.85,1067186.0
801780.SI,20221019,2933.28,1031697.0
801780.SI,20221020,2924.33,1049188.0
801780.SI,20221021,2910.95,1070029.0
801780.SI,20221024,2827.91,2001770.0
801780.SI,20221025,2823.36,1449322.0
801780.SI,20221026,2798.52,1602524.0
801780.SI,20221027,2792.36,1321380.0
801780.SI,20221028,2771.33,1402881.0
801780.SI,20221031,2738.01,1597871.0
801780.SI,20221101,2788.34,1907626.0
801780.SI,20221102,2786.63,1526505.0
801780.SI,20221103,2762.18,994756.0
801780.SI,20221104,2817.93,1577629.0
801780.SI,20221107,2816.39,1223224.0
801780.SI,20221108,2814.67,874933.0
801780.SI,20221109,2816.15,854560.0
801780.SI,20221110,2821.42,867689.0
801780.SI,20221111,2920.32,2569216.0
801780.SI,20221114,2985.56,2974725.0
801780.SI,20221115,2993.14,1634638.0
801780.SI,20221116,2974.17,1193088.0
801780.SI,20221117,2950.64,1185439.0
801780.SI,20221118,2933.72,1118338.0
801780.SI,20221121,2924.78,1005601.0
801780.SI,20221122,2977.86,1640888.0
801780.SI,20221123,2987.25,1667093.0
801780.SI,20221124,2981.86,985860.0
801780.SI,20221125,3052.53,2247415.0
801780.SI,20221128,2995.92,1719889.0
801780.SI,20221129,3138.68,3722485.0
801780.SI,20221130,3124.74,2315468.0
801780.SI,20221201,3107.64,1939512.0
801780.SI,20221202,3082.75,1486949.0
801780.SI,20221205,3171.46,2213514.0
801780.SI,20221206,3165.56,1546840.0
801780.SI,20221207,3130.46,1533302.0
801780.SI,20221208,3156.99,1346248.0
801780.SI,20221209,3194.7,2034084.0
801780.SI,20221212,3129.95,1523402.0
801780.SI,20221213,3155.71,1129026.0
801780.SI,20221214,3169.03,1152031.0
801780.SI,20221215,3130.46,974194.0
801780.SI,20221216,3169.45,1300900.0
801780.SI,20221219,3117.25,1231315.0
801780.SI,20221220,3071.57,1223308.0
801780.SI,20221221,3087.45,748160.0
801780.SI,20221222,3099.47,782667.0
801780.SI,20221223,3087.2,726905.0
801780.SI,20221226,3071.08,895256.0
801780.SI,20221227,3125.02,1052619.0
801780.SI,20221228,3156.62,1164416.0
801780.SI,20221229,3139.41,1051696.0
801780.SI,20221230,3158.22,1198193.0
801780.SI,20230103,3173.73,1590127.0
801780.SI,20230104,3238.1,2015535.0
801780.SI,20230105,3234.08,1479512.0
801780.SI,20230106,3227.64,1318156.0
801780.SI,20230109,3234.32,1127852.0
801780.SI,20230110,3197.95,1177088.0
801780.SI,20230111,3229.17,1153716.0
801780.SI,20230112,3230.08,919132.0
801780.SI,20230113,3265.1,1127560.0
801780.SI,20230116,3274.62,2010703.0
801780.SI,20230117,3273.68,1260318.0
801780.SI,20230118,3274.45,1146073.0
801780.SI,20230119,3277.02,1141625.0
801780.SI,20230120,3284.26,1140211.0
801780.SI,20230130,3296.51,1882621.0
801780.SI,20230131,3263.33,1432801.0
801780.SI,20230201,3246.08,1689027.0
801780.SI,20230202,3227.63,1466693.0
801780.SI,20230203,3195.94,1301770.0
801780.SI,20230206,3164.74,1352944.0
801780.SI,20230207,3175.18,1019720.0
801780.SI,20230208,3169.31,872020.0
801780.SI,20230209,3179.82,1159325.0
801780.SI,20230210,3175.53,1049001.0
801780.SI,20230213,3150.19,1819133.0
801780.SI,20230214,3163.77,1204151.0
801780.SI,20230215,3132.65,1249160.0
801780.SI,20230216,3129.22,1494695.0
801780.SI,20230217,3103.01,1286800.0
801780.SI,20230220,3187.51,2124550.0
801780.SI,20230221,3191.6,1327352.0
801780.SI,20230222,3167.15,905734.0
801780.SI,20230223,3170.35,1064443.0
801780.SI,20230224,3143.17,1038790.0
801780.SI,20230227,3127.16,912695.0
801780.SI,20230228,3139.45,978766.0
801780.SI,20230301,3178.12,1467740.0
801780.SI,20230302,3187.21,1218823.0
801780.SI,20230303,3212.64,1645171.0
801780.SI,20230306,3161.51,1928828.0
801780.SI,20230307,3161.78,2976905.0
801780.SI,20230308,3141.78,1682602.0
801780.SI,20230309,3122.18,1522021.0
801780.SI,20230310,3079.51,1464646.0
801780.SI,20230313,3086.19,1338280.0
801780.SI,20230314,3061.86,1385235.0
801780.SI,20230315,3091.25,1423330.0
801780.SI,20230316,3095.85,1969049.0
801780.SI,20230317,3089.57,2013803.0
801780.SI,20230320,3082.25,1860653.0
801780.SI,20230321,3074.38,1382252.0
801780.SI,20230322,3103.49,1315994.0
801780.SI,20230323,3125.9,1289760.0
801780.SI,20230324,3092.08,1260938.0
801780.SI,20230327,3062.58,1369914.0
801780.SI,20230328,3076.49,1112073.0
801780.SI,20230329,3064.61,1039405.0
801780.SI,20230330,3086.51,1356870.0
801780.SI,20230331,3072.81,1451863.0
801780.SI,20230403,3077.59,1288825.0
801780.SI,20230404,3093.97,1384747.0
801780.SI,20230406,3080.49,1105728.0
801780.SI,20230407,3089.61,915432.0
801780.SI,20230410,3095.48,1114709.0
801780.SI,20230411,3086.25,1290930.0
801780.SI,20230412,3097.93,1480857.0
801780.SI,20230413,3124.29,1638305.0
801780.SI,20230414,3137.23,1429847.0
801780.SI,20230417,3194.11,2216847.0
801780.SI,20230418,3226.94,2581695.0
801780.SI,20230419,3221.27,1965803.0
801780.SI,20230420,3213.75,1804275.0
801780.SI,20230421,3173.8,1853802.0
801780.SI,20230424,3145.83,2002835.0
801780.SI,20230425,3199.0,2478408.0
801780.SI,20230426,3174.55,2277460.0
801780.SI,20230427,3166.32,2140786.0
801780.SI,20230428,3201.38,2371258.0
801780.SI,20230504,3282.58,4025991.0
801780.SI,20230505,3321.28,3889475.0
801780.SI,20230508,3459.66,6093945.0
801780.SI,20230509,3424.99,5896258.0
801780.SI,20230510,3320.0,4148354.0
801780.SI,20230511,3309.5,2386633.0
801780.SI,20230512,3280.37,2094407.0
801780.SI,20230515,3314.56,2751356.0
801780.SI,20230516,3309.16,2215218.0
801780.SI,20230517,3283.7,1548447.0
801780.SI,20230518,3311.88,2147482.0
801780.SI,20230519,3263.62,1622476.0
801780.SI,20230522,3272.4,1402066.0
801780.SI,20230523,3215.24,1800748.0
801780.SI,20230524,3145.77,2262445.0
801780.SI,20230525,3133.51,1683145.0
801780.SI,20230526,3161.11,1140287.0
801780.SI,20230529,3170.83,1543191.0
801780.SI,20230530,3154.43,1361900.0
801780.SI,20230531,3133.09,1333316.0
801780.SI,20230601,3120.93,1415373.0
801780.SI,20230602,3161.03,1404776.0
801780.SI,20230605,3182.22,1221287.0
801780.SI,20230606,3177.68,1500919.0
801780.SI,20230607,3202.99,1214849.0
801780.SI,20230608,3262.77,1802460.0
801780.SI,20230609,3244.97,1527006.0
801780.SI,20230612,3205.32,1605891.0
801780.SI,20230613,3212.83,1092725.0
801780.SI,20230614,3163.5,1700114.0
801780.SI,20230615,3182.15,1220228.0
801780.SI,20230616,3173.14,1345102.0
801780.SI,20230619,3113.52,1450234.0
801780.SI,20230620,3095.77,1070015.0
801780.SI,20230621,3087.96,1229485.0
801780.SI,20230626,3037.72,1352774.0
801780.SI,20230627,3067.28,1120861.0
801780.SI,20230628,3066.95,960179.0
801780.SI,20230629,3046.52,877231.0
801780.SI,20230630,3068.63,980864.0
801780.SI,20230703,3121.6,1366821.0
801780.SI,20230704,3092.83,1060328.0
801780.SI,20230705,3076.07,865930.0
801780.SI,20230706,3043.18,1098526.0
801780.SI,20230707,3042.44,905232.0
801780.SI,20230710,3043.05,771105.0
801780.SI,20230711,3063.52,921929.0
801780.SI,20230712,3060.84,1221995.0
801780.SI,20230713,3072.3,1376472.0
801780.SI,20230714,3071.55,1214762.0
801780.SI,20230717,3031.91,1021079.0
801780.SI,20230718,3009.65,967133.0
801780.SI,20230719,3018.58,852481.0
801780.SI,20230720,3023.76,950262.0
801780.SI,20230721,3021.96,773790.0
801780.SI,20230724,3008.85,752866.0
801780.SI,20230725,3094.16,2164803.0
801780.SI,20230726,3090.42,1035897.0
801780.SI,20230727,3116.1,1498436.0
801780.SI,20230728,3211.66,2860313.0
801780.SI,20230731,3238.99,2989607.0
801780.SI,20230801,3219.21,1791526.0
801780.SI,20230802,3157.17,2204585.0
801780.SI,20230803,3198.82,1788328.0
801780.SI,20230804,3209.65,2315082.0
801780.SI,20230807,3179.74,1408550.0
801780.SI,20230808,3165.37,1204401.0
801780.SI,20230809,3172.14,993772.0
801780.SI,20230810,3168.93,954839.0
801780.SI,20230811,3108.02,1414885.0
801780.SI,20230814,3066.88,1367867.0
801780.SI,20230815,3099.83,1373657.0
801780.SI,20230816,3094.01,1092299.0
801780.SI,20230817,3068.89,1383653.0
801780.SI,20230818,3082.92,1569866.0
801780.SI,20230821,3033.63,1380534.0
801780.SI,20230822,3066.85,1327443.0
801780.SI,20230823,3058.33,1311022.0
801780.SI,20230824,3045.18,1281540.0
801780.SI,20230825,3070.93,1400644.0
801780.SI,20230828,3118.87,2896730.0
801780.SI,20230829,3076.91,2225781.0
801780.SI,20230830,3040.11,1749101.0
801780.SI,20230831,3030.18,1484932.0
801780.SI,20230901,3060.59,1597754.0
801780.SI,20230904,3122.16,2256675.0
801780.SI,20230905,3086.19,1404397.0
801780.SI,20230906,3095.94,1067865.0
801780.SI,20230907,3085.79,1119553.0
801780.SI,20230908,3076.91,777331.0
801780.SI,20230911,3083.43,1325646.0
801780.SI,20230912,3077.93,825291.0
801780.SI,20230913,3078.44,949712.0
801780.SI,20230914,3107.61,1570704.0
801780.SI,20230915,3093.12,1628153.0
801780.SI,20230918,3097.21,1129805.0
801780.SI,20230919,3114.21,1363239.0
801780.SI,20230920,3125.05,1455681.0
801780.SI,20230921,3106.34,1333904.0
801780.SI,20230922,3139.23,1698619.0
801780.SI,20230925,3138.78,1480103.0
801780.SI,20230926,3125.81,1083501.0
801780.SI,20230927,3107.77,1167716.0
801780.SI,20230928,3114.79,1036993.0
801780.SI,20231009,3095.96,1282437.0
801780.SI,20231010,3086.27,1091882.0
801780.SI,20231011,3082.77,1322471.0
801780.SI,20231012,3124.8,2399815.0
801780.SI,20231013,3125.62,1837635.0
801780.SI,20231016,3122.2,1263948.0
801780.SI,20231017,3132.23,1069495.0
801780.SI,20231018,3124.32,1263389.0
801780.SI,20231019,3053.22,1855839.0
801780.SI,20231020,3047.68,1291001.0
801780.SI,20231023,3026.16,1217768.0
801780.SI,20231024,3006.92,1495733.0
801780.SI,20231025,3013.85,1505434.0
801780.SI,20231026,3040.69,1220441.0
801780.SI,20231027,3036.91,1542131.0
801780.SI,20231030,2986.8,2186430.0
801780.SI,20231031,2993.33,1690409.0
801780.SI,20231101,2991.64,1356842.0
801780.SI,20231102,3009.71,1189131.0
801780.SI,20231103,3002.18,1157841.0
801780.SI,20231106,3003.03,1620871.0
801780.SI,20231107,3000.1,1169406.0
801780.SI,20231108,2987.17,1153403.0
801780.SI,20231109,3000.73,1148530.0
801780.SI,20231110,2977.84,1275397.0
801780.SI,20231113,2964.02,1136508.0
801780.SI,20231114,2971.86,1149376.0
801780.SI,20231115,2985.28,1156792.0
801780.SI,20231116,2981.59,972718.0
801780.SI,20231117,2964.51,1010202.0
801780.SI,20231120,2981.04,948517.0
801780.SI,20231121,2987.03,1199420.0
801780.SI,20231122,2976.58,859238.0
801780.SI,20231123,2976.11,864476.0
801780.SI,20231124,2976.78,969949.0
801780.SI,20231127,2954.96,1318575.0
801780.SI,20231128,2943.15,1035518.0
801780.SI,20231129,2908.82,1465320.0
801780.SI,20231130,2921.54,1292886.0
801780.SI,20231201,2915.9,1384231.0
801780.SI,20231204,2906.68,1093412.0
801780.SI,20231205,2863.84,1286655.0
801780.SI,20231206,2852.66,1408281.0
801780.SI,20231207,2859.29,1298303.0
801780.SI,20231208,2853.25,1589538.0
801780.SI,20231211,2867.42,1660144.0
801780.SI,20231212,2899.29,1350825.0
801780.SI,20231213,2864.34,1221742.0
801780.SI,20231214,2853.67,865311.0
801780.SI,20231215,2841.87,1295381.0
801780.SI,20231218,2849.46,1130058.0
801780.SI,20231219,2847.07,926590.0
801780.SI,20231220,2838.64,1067737.0
801780.SI,20231221,2851.31,1321905.0
801780.SI,20231222,2853.55,1235084.0
801780.SI,20231225,2856.32,769441.0
801780.SI,20231226,2849.55,841869.0
801780.SI,20231227,2860.38,1088943.0
801780.SI,20231228,2883.69,1930161.0
801780.SI,20231229,2908.9,1236751.0
801780.SI,20240102,2877.55,1396219.0
801780.SI,20240103,2891.12,1315567.0
801780.SI,20240104,2897.72,1442105.0
801780.SI,20240105,2928.6,2536897.0
801780.SI,20240108,2908.0,1765668.0
801780.SI,20240109,2918.06,1439704.0
801780.SI,20240110,2903.52,1179717.0
801780.SI,20240111,2899.06,1513943.0
801780.SI,20240112,2919.46,1345275.0
801780.SI,20240115,2936.72,1168459.0
801780.SI,20240116,2972.62,1963438.0
801780.SI,20240117,2953.03,2175210.0
801780.SI,20240118,2959.17,2793801.0
801780.SI,20240119,2958.59,1787182.0
801780.SI,20240122,2952.48,2645017.0
801780.SI,20240123,2949.9,1771620.0
801780.SI,20240124,2995.39,2103536.0
801780.SI,20240125,3042.24,2470067.0
801780.SI,20240126,3089.78,2798103.0
801780.SI,20240129,3116.54,2844472.0
801780.SI,20240130,3085.67,2078520.0
801780.SI,20240131,3088.49,2045373.0
801780.SI,20240201,3068.32,1916401.0
801780.SI,20240202,3071.62,2553174.0
801780.SI,20240205,3106.44,3249061.0
801780.SI,20240206,3144.51,3144695.0
801780.SI,20240207,3122.99,3852919.0
801780.SI,20240208,3107.92,3068212.0
801780.SI,20240219,3167.05,2787381.0
801780.SI,20240220,3190.15,1981536.0
801780.SI,20240221,3275.67,3510953.0
801780.SI,20240222,3278.79,2277024.0
801780.SI,20240223,3297.12,2418737.0
801780.SI,20240226,3214.42,2345115.0
801780.SI,20240227,3217.04,1730055.0
801780.SI,20240228,3208.91,2317322.0
801780.SI,20240229,3223.97,1776379.0
801780.SI,20240301,3220.28,1693706.0
801780.SI,20240304,3193.07,1795968.0
801780.SI,20240305,3249.91,2299652.0
801780.SI,20240306,3223.11,1705250.0
801780.SI,20240307,3236.24,1599633.0
801780.SI,20240308,3231.84,1306683.0
801780.SI,20240311,3223.7,1532219.0
801780.SI,20240312,3196.27,2126412.0
801780.SI,20240313,3170.62,1576917.0
801780.SI,20240314,3165.66,1358864.0
801780.SI,20240315,3186.92,1850257.0
801780.SI,20240318,3179.97,1425304.0
801780.SI,20240319,3152.0,1382475.0
801780.SI,20240320,3176.27,1311669.0
801780.SI,20240321,3199.2,1458704.0
801780.SI,20240322,3188.11,1551898.0
801780.SI,20240325,3201.46,1519958.0
801780.SI,20240326,3247.39,1990403.0
801780.SI,20240327,3260.88,1996224.0
801780.SI,20240328,3215.74,2280306.0
801780.SI,20240329,3217.12,1687366.0
801780.SI,20240401,3247.85,1803816.0
801780.SI,20240402,3252.55,1821942.0
801780.SI,20240403,3234.39,1420465.0
801780.SI,20240408,3252.76,1666384.0
801780.SI,20240409,3237.8,1523868.0
801780.SI,20240410,3241.54,1643197.0
801780.SI,20240411,3234.28,1346758.0
801780.SI,20240412,3216.55,1564634.0
801780.SI,20240415,3275.9,2201171.0
801780.SI,20240416,3276.8,2322423.0
801780.SI,20240417,3332.83,2628853.0
801780.SI,20240418,3365.84,3177385.0
801780.SI,20240419,3360.77,1879769.0
801780.SI,20240422,3336.03,2167475.0
801780.SI,20240423,3332.61,1883097.0
801780.SI,20240424,3322.76,1508734.0
801780.SI,20240425,3370.22,1856749.0
801780.SI,20240426,3324.27,3351775.0
801780.SI,20240429,3358.22,3070220.0
801780.SI,20240430,3373.57,2335308.0
801780.SI,20240506,3373.48,2765345.0
801780.SI,20240507,3371.84,1977122.0
801780.SI,20240508,3373.29,1752977.0
801780.SI,20240509,3380.71,1713582.0
801780.SI,20240510,3419.05,2200510.0
801780.SI,20240513,3441.66,2056465.0
801780.SI,20240514,3420.76,1772375.0
801780.SI,20240515,3418.7,1478338.0
801780.SI,20240516,3479.55,2817667.0
801780.SI,20240517,3519.63,2505510.0
801780.SI,20240520,3503.73,2584108.0
801780.SI,20240521,3530.74,1985515.0
801780.SI,20240522,3547.04,2328951.0
801780.SI,20240523,3525.23,2066799.0
801780.SI,20240524,3495.16,1967034.0
801780.SI,20240527,3537.37,1990863.0
801780.SI,20240528,3524.11,1652832.0
801780.SI,20240529,3494.26,1878367.0
801780.SI,20240530,3466.95,1844744.0
801780.SI,20240531,3473.38,1587733.0
801780.SI,20240603,3441.07,2439714.0
801780.SI,20240604,3454.97,1679129.0
801780.SI,20240605,3421.11,1725635.0
801780.SI,20240606,3414.05,1789545.0
801780.SI,20240607,3432.17,1929309.0
801780.SI,20240611,3372.29,2122862.0
801780.SI,20240612,3358.81,1894752.0
801780.SI,20240613,3335.89,1708525.0
801780.SI,20240614,3346.23,2787583.0
801780.SI,20240617,3317.64,1830710.0
801780.SI,20240618,3328.09,1406590.0
801780.SI,20240619,3364.49,1603380.0
801780.SI,20240620,3347.07,1326721.0
801780.SI,20240621,3338.06,1531365.0
801780.SI,20240624,3344.2,1781978.0
801780.SI,20240625,3359.53,1732297.0
801780.SI,20240626,3360.65,1472284.0
801780.SI,20240627,3388.6,1976971.0
801780.SI,20240628,3404.03,1835816.0
801780.SI,20240701,3446.08,1833570.0
801780.SI,20240702,3501.34,2233022.0
801780.SI,20240703,3468.22,1777202.0
801780.SI,20240704,3473.93,1703068.0
801780.SI,20240705,3399.32,2327089.0
801780.SI,20240708,3415.73,1792085.0
801780.SI,20240709,3432.76,1855521.0
801780.SI,20240710,3422.35,1679333.0
801780.SI,20240711,3368.41,1870950.0
801780.SI,20240712,3427.63,2145990.0
801780.SI,20240715,3458.17,1816735.0
801780.SI,20240716,3438.76,1870726.0
801780.SI,20240717,3454.61,1846049.0
801780.SI,20240718,3446.7,1688232.0
801780.SI,20240719,3440.11,2039975.0
801780.SI,20240722,3386.57,1961794.0
801780.SI,20240723,3415.82,2197556.0
801780.SI,20240724,3409.41,1800577.0
801780.SI,20240725,3379.45,2118964.0
801780.SI,20240726,3329.28,1968906.0
801780.SI,20240729,3375.64,1650099.0
801780.SI,20240730,3362.05,1401402.0
801780.SI,20240731,3354.69,2043998.0
801780.SI,20240801,3360.91,1806217.0
801780.SI,20240802,3346.46,1368281.0
801780.SI,20240805,3319.4,1792543.0
801780.SI,20240806,3284.46,1676053.0
801780.SI,20240807,3289.96,1310099.0
801780.SI,20240808,3297.37,1086219.0
801780.SI,20240809,3311.6,1168563.0
801780.SI,20240812,3305.33,1078825.0
801780.SI,20240813,3319.66,1282477.0
801780.SI,20240814,3317.21,1031517.0
801780.SI,20240815,3360.94,1551792.0
801780.SI,20240816,3399.64,1729195.0
801780.SI,20240819,3464.05,2210494.0
801780.SI,20240820,3473.51,2118785.0
801780.SI,20240821,3448.53,1762896.0
801780.SI,20240822,3477.75,1917308.0
801780.SI,20240823,3497.02,1736106.0
801780.SI,20240826,3501.42,1490864.0
801780.SI,20240827,3510.44,1683895.0
801780.SI,20240828,3482.84,1682274.0
801780.SI,20240829,3370.67,2613850.0
801780.SI,20240830,3296.08,3636781.0
801780.SI,20240902,3308.69,2651543.0
801780.SI,20240903,3251.14,2435471.0
801780.SI,20240904,3239.87,1681384.0
801780.SI,20240905,3234.81,1623905.0
801780.SI,20240906,3240.62,1451765.0
801780.SI,20240909,3182.17,1910796.0
801780.SI,20240910,3206.71,1648447.0
801780.SI,20240911,3132.76,1814308.0
801780.SI,20240912,3155.18,1462666.0
801780.SI,20240913,3145.38,1319142.0
801780.SI,20240918,3176.72,1176486.0
801780.SI,20240919,3176.98,1453582.0
801780.SI,20240920,3200.96,1624289.0
801780.SI,20240923,3252.39,1474795.0
801780.SI,20240924,3390.82,3216509.0
801780.SI,20240925,3457.75,3932221.0
801780.SI,20240926,3583.68,4049594.0
801780.SI,20240927,3552.99,3653465.0
801780.SI,20240930,3720.81,8513924.0
801780.SI,20241008,3829.94,9876645.0
801780.SI,20241009,3592.49,6295145.0
801780.SI,20241010,3733.43,5749430.0
801780.SI,20241011,3692.21,3585189.0
801780.SI,20241014,3815.79,5445556.0
801780.SI,20241015,3735.35,3732389.0
801780.SI,20241016,3829.09,3870656.0
801780.SI,20241017,3770.91,2993510.0
801780.SI,20241018,3788.79,3797971.0
801780.SI,20241021,3742.17,3402029.0
801780.SI,20241022,3742.36,2395291.0
801780.SI,20241023,3756.97,2208600.0
801780.SI,20241024,3747.31,1709403.0
801780.SI,20241025,3725.02,1958297.0
801780.SI,20241028,3694.29,2261035.0
801780.SI,20241029,3695.41,2269016.0
801780.SI,20241030,3650.41,2277454.0
801780.SI,20241031,3627.45,2584532.0
801780.SI,20241101,3663.09,2754314.0
801780.SI,20241104,3692.99,2242948.0
801780.SI,20241105,3721.8,2544115.0
801780.SI,20241106,3688.64,2411963.0
801780.SI,20241107,3766.22,3016548.0
801780.SI,20241108,3713.11,2941400.0
801780.SI,20241111,3661.15,2780059.0
801780.SI,20241112,3625.17,2695790.0
801780.SI,20241113,3644.8,2212786.0
801780.SI,20241114,3652.57,2580781.0
801780.SI,20241115,3639.42,2714565.0
801780.SI,20241118,3712.47,5446097.0
801780.SI,20241119,3702.48,3770745.0
801780.SI,20241120,3684.12,2378993.0
801780.SI,20241121,3679.38,1694737.0
801780.SI,20241122,3596.91,2459430.0
801780.SI,20241125,3602.39,2211275.0
801780.SI,20241126,3635.57,2185626.0
801780.SI,20241127,3673.32,2287056.0
801780.SI,20241128,3663.77,1887247.0
801780.SI,20241129,3664.47,2477042.0
801780.SI,20241202,3652.0,2595373.0
801780.SI,20241203,3709.1,2741157.0
801780.SI,20241204,3713.81,2476164.0
801780.SI,20241205,3706.86,1870206.0
801780.SI,20241206,3750.52,2786452.0
801780.SI,20241209,3762.09,2304996.0
801780.SI,20241210,3804.43,3477837.0
801780.SI,20241211,3758.61,2674570.0
801780.SI,20241212,3806.69,2738168.0
801780.SI,20241213,3730.31,3628209.0
801780.SI,20241216,3765.32,2932196.0
801780.SI,20241217,3757.18,2406998.0
801780.SI,20241218,3800.14,2793112.0
801780.SI,20241219,3765.47,2372031.0
801780.SI,20241220,3760.35,2161842.0
801780.SI,20241223,3822.95,3420550.0
801780.SI,20241224,3874.16,2939787.0
801780.SI,20241225,3915.94,3215556.0
801780.SI,20241226,3907.11,2374539.0
801780.SI,20241227,3904.72,2871810.0
801780.SI,20241230,3952.93,3119930.0
801780.SI,20241231,3909.35,3291272.0
801780.SI,20250102,3823.51,3571015.0
801780.SI,20250103,3797.19,2871350.0
801780.SI,20250106,3828.06,2835516.0
801780.SI,20250107,3849.33,2225379.0
801780.SI,20250108,3876.49,2816396.0
801780.SI,20250109,3844.19,2083582.0
801780.SI,20250110,3817.45,2083537.0
801780.SI,20250113,3773.19,2251404.0
801780.SI,20250114,3826.22,2411938.0
801780.SI,20250115,3857.11,2425082.0
801780.SI,20250116,3893.0,2226366.0
801780.SI,20250117,3867.6,1941005.0
801780.SI,20250120,3851.04,2024960.0
801780.SI,20250121,3850.67,1761719.0
801780.SI,20250122,3779.85,2353509.0
801780.SI,20250123,3866.82,3223192.0
801780.SI,20250124,3869.12,2369698.0
801780.SI,20250127,3923.12,2569380.0
801780.SI,20250205,3859.74,2340528.0
801780.SI,20250206,3860.26,2087159.0
801780.SI,20250207,3847.91,2562956.0
801780.SI,20250210,3853.65,2190501.0
801780.SI,20250211,3889.5,2427298.0
801780.SI,20250212,3920.99,2193142.0
801780.SI,20250213,3924.14,2145143.0
801780.SI,20250214,3940.76,2050426.0
801780.SI,20250217,3929.58,2461023.0
801780.SI,20250218,3970.95,3121130.0
801780.SI,20250219,3952.61,2184964.0
801780.SI,20250220,3947.61,1657905.0
801780.SI,20250221,3898.61,2903208.0
801780.SI,20250224,3869.61,2461171.0
801780.SI,20250225,3838.72,2271732.0
801780.SI,20250226,3858.59,2150276.0
801780.SI,20250227,3908.27,2455291.0
801780.SI,20250228,3884.47,2624805.0
801780.SI,20250303,3883.65,2245061.0
801780.SI,20250304,3877.45,1799445.0
801780.SI,20250305,3944.34,2823307.0
801780.SI,20250306,3922.59,2436230.0
801780.SI,20250307,3928.43,2101344.0
801780.SI,20250310,3892.58,2028408.0
801780.SI,20250311,3921.44,1952570.0
801780.SI,20250312,3911.19,1938961.0
801780.SI,20250313,3933.17,2182975.0
801780.SI,20250314,3983.69,3419583.0
801780.SI,20250317,3996.16,2833215.0
801780.SI,20250318,3991.45,1759061.0
801780.SI,20250319,4048.07,2562847.0
801780.SI,20250320,4024.93,2128562.0
801780.SI,20250321,3976.39,2427488.0
801780.SI,20250324,4011.35,2310826.0
801780.SI,20250325,4029.74,1861192.0
801780.SI,20250326,3971.34,2336168.0
801780.SI,20250327,3989.28,1882953.0
801780.SI,20250328,3974.95,1958417.0
801780.SI,20250331,3988.9,3124410.0
801780.SI,20250401,3965.4,2491878.0
801780.SI,20250402,4000.98,2290127.0
801780.SI,20250403,4012.13,2172694.0
801780.SI,20250407,3824.91,5922258.0
801780.SI,20250408,3889.05,4614243.0
801780.SI,20250409,3852.55,3471319.0
801780.SI,20250410,3878.7,2674830.0
801780.SI,20250411,3889.11,2222440.0
801780.SI,20250414,3913.92,2305012.0
801780.SI,20250415,3972.79,2603213.0
801780.SI,20250416,4012.47,2832790.0
801780.SI,20250417,4015.18,2053649.0
801780.SI,20250418,4046.39,2099316.0
801780.SI,20250421,3996.46,2462554.0
801780.SI,20250422,4023.11,2156686.0
801780.SI,20250423,4003.62,1803444.0
801780.SI,20250424,4050.11,2112904.0
801780.SI,20250425,4029.85,2017255.0
801780.SI,20250428,4069.2,2260594.0
801780.SI,20250429,4054.66,2251576.0
801780.SI,20250430,3970.09,3694096.0
801780.SI,20250506,3964.94,2737033.0
801780.SI,20250507,4023.93,2843401.0
801780.SI,20250508,4068.71,2718021.0
801780.SI,20250509,4124.15,2898132.0
801780.SI,20250512,4130.6,2842969.0
801780.SI,20250513,4193.45,2970345.0
801780.SI,20250514,4227.95,3276883.0
801780.SI,20250515,4222.75,2589494.0
801780.SI,20250516,4183.23,2528547.0
801780.SI,20250519,4169.76,2078751.0
801780.SI,20250520,4177.78,2049934.0
801780.SI,20250521,4207.62,2242240.0
801780.SI,20250522,4249.7,2528659.0
801780.SI,20250523,4208.62,2628337.0
801780.SI,20250526,4176.9,2335385.0
801780.SI,20250527,4199.25,2201746.0
801780.SI,20250528,4193.47,2145995.0
801780.SI,20250529,4183.52,2252424.0
801780.SI,20250530,4210.35,2868728.0
801780.SI,20250603,4293.58,3865889.0
801780.SI,20250604,4295.3,2660229.0
801780.SI,20250605,4264.01,2637719.0
801780.SI,20250606,4276.14,2189725.0
801780.SI,20250609,4287.07,2659835.0
801780.SI,20250610,4307.52,3292289.0
801780.SI,20250611,4321.08,2470201.0
801780.SI,20250612,4333.96,2630674.0
801780.SI,20250613,4294.18,3892557.0
801780.SI,20250616,4350.91,2934935.0
801780.SI,20250617,4343.57,2305040.0
801780.SI,20250618,4383.55,2781929.0
801780.SI,20250619,4377.05,2572034.0
801780.SI,20250620,4407.13,3243954.0
801780.SI,20250623,4460.88,3659164.0
801780.SI,20250624,4479.03,4016359.0
801780.SI,20250625,4525.87,3688279.0
801780.SI,20250626,4571.58,3712006.0
801780.SI,20250627,4436.65,5480493.0
801780.SI,20250630,4421.54,3292979.0
801780.SI,20250701,4489.41,2933321.0
801780.SI,20250702,4523.25,2746152.0
801780.SI,20250703,4520.62,2396836.0
801780.SI,20250704,4603.91,3636384.0
801780.SI,20250707,4623.87,2969476.0
801780.SI,20250708,4612.64,2971708.0
801780.SI,20250709,4627.87,3190961.0
801780.SI,20250710,4670.31,4805030.0
801780.SI,20250711,4557.87,6071617.0
801780.SI,20250714,4581.24,4059127.0
801780.SI,20250715,4536.98,3206361.0
801780.SI,20250716,4503.63,3276259.0
801780.SI,20250717,4484.75,2369179.0
801780.SI,20250718,4511.14,2793528.0
801780.SI,20250721,4476.38,2956296.0
801780.SI,20250722,4432.35,4128920.0
801780.SI,20250723,4450.15,3788637.0
801780.SI,20250724,4387.02,3975969.0
801780.SI,20250725,4381.5,3224785.0
801780.SI,20250728,4382.12,3083972.0
801780.SI,20250729,4329.88,3197658.0
801780.SI,20250730,4357.13,3396467.0
801780.SI,20250731,4335.15,3716931.0
801780.SI,20250801,4344.82,3248187.0
801780.SI,20250804,4377.59,3245711.0
801780.SI,20250805,4447.3,3426965.0
801780.SI,20250806,4441.26,2681763.0
801780.SI,20250807,4459.7,2665082.0
801780.SI,20250808,4445.77,2407398.0
801780.SI,20250811,4400.65,2909187.0
801780.SI,20250812,4414.97,2618816.0
801780.SI,20250813,4368.12,3574284.0
801780.SI,20250814,4367.46,2950006.0
801780.SI,20250815,4303.74,4820158.0
801780.SI,20250818,4317.84,3848972.0
801780.SI,20250819,4323.51,2922013.0
801780.SI,20250820,4343.36,3246759.0
801780.SI,20250821,4370.52,3055834.0
801780.SI,20250822,4357.56,3640663.0
801780.SI,20250825,4389.83,4185124.0
801780.SI,20250826,4361.09,3074936.0
801780.SI,20250827,4281.12,4052243.0
801780.SI,20250828,4297.32,3750866.0
801780.SI,20250829,4264.77,5126838.0
801780.SI,20250901,4220.8,4950311.0
801780.SI,20250902,4303.25,4941827.0
801780.SI,20250903,4252.41,3471273.0
801780.SI,20250904,4286.12,4895449.0
801780.SI,20250905,4243.9,3248383.0
801780.SI,20250908,4218.66,3510234.0
801780.SI,20250909,4253.63,2693844.0
801780.SI,20250910,4258.85,2654646.0
801780.SI,20250911,4281.01,3343149.0
801780.SI,20250912,4216.08,3496546.0
801780.SI,20250915,4178.07,3304689.0
801780.SI,20250916,4130.01,3836270.0
801780.SI,20250917,4114.38,2934362.0
801780.SI,20250918,4035.93,4071602.0
801780.SI,20250919,4038.44,3453371.0
801780.SI,20250922,3996.24,2548903.0
801780.SI,20250923,4057.07,4551448.0
801780.SI,20250924,4042.62,3207123.0
801780.SI,20250925,4015.93,2840261.0
801780.SI,20250926,4018.96,2616967.0
801780.SI,20250929,4000.3,3514158.0
801780.SI,20250930,3970.79,2901363.0
801780.SI,20251009,3963.49,3398600.0
801780.SI,20251010,3981.95,3976500.0
801780.SI,20251013,4011.35,4430557.0
801780.SI,20251014,4111.92,5738494.0
801780.SI,20251015,4134.49,4007194.0
801780.SI,20251016,4190.35,4219402.0
801780.SI,20251017,4176.85,3915396.0
801780.SI,20251020,4172.65,3543796.0
801780.SI,20251021,4186.35,3383406.0
801780.SI,20251022,4227.01,3446641.0
801780.SI,20251023,4253.91,4244214.0
801780.SI,20251024,4235.5,3828438.0
801780.SI,20251027,4237.79,4086560.0
801780.SI,20251028,4230.69,3300965.0
801780.SI,20251029,4146.8,3958895.0
801780.SI,20251030,4149.65,3549494.0
801780.SI,20251031,4143.81,3936365.0
801780.SI,20251103,4199.01,3603940.0
801780.SI,20251104,4284.33,4528419.0
801780.SI,20251105,4282.65,3359535.0
801780.SI,20251106,4264.45,2997775.0
801780.SI,20251107,4259.34,2660495.0
801780.SI,20251110,4286.01,2588811.0
801780.SI,20251111,4301.16,2331551.0
801780.SI,20251112,4322.59,3445984.0
801780.SI,20251113,4320.59,3047964.0
801780.SI,20251114,4331.72,3271607.0
801780.SI,20251117,4275.07,3188519.0
801780.SI,20251118,4260.58,2336478.0
801780.SI,20251119,4299.57,2767796.0
801780.SI,20251120,4336.67,4251498.0
801780.SI,20251121,4293.15,4136544.0
801780.SI,20251124,4259.04,3505049.0
801780.SI,20251125,4315.61,3062748.0
801780.SI,20251126,4281.63,2743460.0
801780.SI,20251127,4303.27,2622430.0
801780.SI,20251128,4267.63,2524647.0
801780.SI,20251201,4299.99,3179924.0
801780.SI,20251202,4300.14,2299473.0
801780.SI,20251203,4260.56,2659933.0
801780.SI,20251204,4242.12,2081231.0
801780.SI,20251205,4217.35,2703006.0
801780.SI,20251208,4218.18,2527859.0
801780.SI,20251209,4215.44,2371466.0
801780.SI,20251210,4148.81,3051552.0
801780.SI,20251211,4155.95,2574180.0
801780.SI,20251212,4142.67,3793449.0
801780.SI,20251215,4139.12,2462315.0
801780.SI,20251216,4116.56,2219182.0
801780.SI,20251217,4121.35,2318979.0
801780.SI,20251218,4202.65,2672609.0
801780.SI,20251219,4183.98,2384891.0
801780.SI,20251222,4162.12,2039184.0
801780.SI,20251223,4177.6,2128859.0
801780.SI,20251224,4164.9,1947750.0
801780.SI,20251225,4157.5,1753805.0
801780.SI,20251226,4141.6,1724676.0
801780.SI,20251229,4184.22,2661467.0
801780.SI,20251230,4178.0,2305165.0
801780.SI,20251231,4183.0,2152678.0
801790.SI,20221010,1343.24,1480132.0
801790.SI,20221011,1347.84,1478971.0
801790.SI,20221012,1379.06,1877095.0
801790.SI,20221013,1371.42,1606714.0
801790.SI,20221014,1389.23,2088980.0
801790.SI,20221017,1396.8,1622410.0
801790.SI,20221018,1388.45,1602761.0
801790.SI,20221019,1372.69,1522684.0
801790.SI,20221020,1367.16,1875303.0
801790.SI,20221021,1365.34,2432249.0
801790.SI,20221024,1328.01,3012968.0
801790.SI,20221025,1308.61,2675721.0
801790.SI,20221026,1316.82,2377823.0
801790.SI,20221027,1322.28,2114618.0
801790.SI,20221028,1289.12,2295091.0
801790.SI,20221031,1289.85,2105916.0
801790.SI,20221101,1333.13,2670588.0
801790.SI,20221102,1334.77,2320867.0
801790.SI,20221103,1324.58,1608164.0
801790.SI,20221104,1366.45,3407177.0
801790.SI,20221107,1371.19,2282359.0
801790.SI,20221108,1366.96,1555433.0
801790.SI,20221109,1357.43,1378172.0
801790.SI,20221110,1365.44,1890819.0
801790.SI,20221111,1407.98,4683043.0
801790.SI,20221114,1426.03,4429612.0
801790.SI,20221115,1469.15,5615538.0
801790.SI,20221116,1447.9,3542100.0
801790.SI,20221117,1458.34,3000040.0
801790.SI,20221118,1439.8,2740476.0
801790.SI,20221121,1414.09,2351487.0
801790.SI,20221122,1427.43,2367828.0
801790.SI,20221123,1425.77,2107444.0
801790.SI,20221124,1419.92,1793946.0
801790.SI,20221125,1440.57,2423777.0
801790.SI,20221128,1414.96,2572347.0
801790.SI,20221129,1484.45,5123269.0
801790.SI,20221130,1483.14,3923342.0
801790.SI,20221201,1487.69,4714266.0
801790.SI,20221202,1480.8,2814744.0
801790.SI,20221205,1545.37,5497817.0
801790.SI,20221206,1542.32,4458629.0
801790.SI,20221207,1524.99,3786897.0
801790.SI,20221208,1526.36,2683654.0
801790.SI,20221209,1536.88,4068413.0
801790.SI,20221212,1497.29,3057672.0
801790.SI,20221213,1503.13,2061274.0
801790.SI,20221214,1511.35,2121592.0
801790.SI,20221215,1496.74,1805176.0
801790.SI,20221216,1502.76,1924724.0
801790.SI,20221219,1461.57,2534677.0
801790.SI,20221220,1450.14,1739210.0
801790.SI,20221221,1452.1,1344897.0
801790.SI,20221222,1454.53,1701872.0
801790.SI,20221223,1454.44,1365951.0
801790.SI,20221226,1443.03,1509810.0
801790.SI,20221227,1465.99,1898580.0
801790.SI,20221228,1465.57,1660236.0
801790.SI,20221229,1457.35,1942649.0
801790.SI,20221230,1473.12,1865172.0
801790.SI,20230103,1469.34,2923895.0
801790.SI,20230104,1486.35,2438220.0
801790.SI,20230105,1509.36,3486974.0
801790.SI,20230106,1512.23,2535370.0
801790.SI,20230109,1540.1,3634457.0
801790.SI,20230110,1521.52,3153324.0
801790.SI,20230111,1528.39,2929258.0
801790.SI,20230112,1541.14,2452964.0
801790.SI,20230113,1576.23,3784112.0
801790.SI,20230116,1607.51,7473339.0
801790.SI,20230117,1612.32,4595833.0
801790.SI,20230118,1610.24,3601241.0
801790.SI,20230119,1634.88,4360352.0
801790.SI,20230120,1632.51,4022836.0
801790.SI,20230130,1619.18,4581476.0
801790.SI,20230131,1604.27,3706155.0
801790.SI,20230201,1640.32,4615174.0
801790.SI,20230202,1610.7,6069501.0
801790.SI,20230203,1595.36,3822624.0
801790.SI,20230206,1564.33,3571210.0
801790.SI,20230207,1571.51,2484131.0
801790.SI,20230208,1559.02,2194973.0
801790.SI,20230209,1586.26,3492659.0
801790.SI,20230210,1576.33,2472356.0
801790.SI,20230213,1584.36,2625573.0
801790.SI,20230214,1588.85,2265618.0
801790.SI,20230215,1570.24,2170286.0
801790.SI,20230216,1561.56,4463619.0
801790.SI,20230217,1540.01,2778993.0
801790.SI,20230220,1594.81,4328647.0
801790.SI,20230221,1599.34,3105211.0
801790.SI,20230222,1582.29,2665219.0
801790.SI,20230223,1587.26,3408350.0
801790.SI,20230224,1562.94,3176471.0
801790.SI,20230227,1547.29,2267865.0
801790.SI,20230228,1562.79,2166767.0
801790.SI,20230301,1592.56,3304660.0
801790.SI,20230302,1591.15,2278930.0
801790.SI,20230303,1600.36,2745359.0
801790.SI,20230306,1569.66,2991234.0
801790.SI,20230307,1542.38,3589247.0
801790.SI,20230308,1536.19,2102630.0
801790.SI,20230309,1524.39,1835181.0
801790.SI,20230310,1503.47,2215712.0
801790.SI,20230313,1516.26,2058733.0
801790.SI,20230314,1493.14,2410092.0
801790.SI,20230315,1505.53,2282951.0
801790.SI,20230316,1488.04,2416845.0
801790.SI,20230317,1516.3,3583661.0
801790.SI,20230320,1501.02,2956522.0
801790.SI,20230321,1511.48,2224869.0
801790.SI,20230322,1508.38,2975504.0
801790.SI,20230323,1527.78,2796192.0
801790.SI,20230324,1522.58,2804027.0
801790.SI,20230327,1523.71,3055856.0
801790.SI,20230328,1512.08,2437283.0
801790.SI,20230329,1501.4,2278025.0
801790.SI,20230330,1506.05,2584357.0
801790.SI,20230331,1508.0,2263611.0
801790.SI,20230403,1554.96,5865233.0
801790.SI,20230404,1559.53,4786125.0
801790.SI,20230406,1543.43,3278398.0
801790.SI,20230407,1560.39,3363042.0
801790.SI,20230410,1554.69,3751102.0
801790.SI,20230411,1560.66,3888356.0
801790.SI,20230412,1565.54,3236293.0
801790.SI,20230413,1548.42,2940097.0
801790.SI,20230414,1551.86,2597589.0
801790.SI,20230417,1600.03,5686569.0
801790.SI,20230418,1607.2,4881954.0
801790.SI,20230419,1587.81,3569129.0
801790.SI,20230420,1595.17,3137345.0
801790.SI,20230421,1534.2,4086976.0
801790.SI,20230424,1517.15,3383337.0
801790.SI,20230425,1518.56,2995322.0
801790.SI,20230426,1510.77,2426660.0
801790.SI,20230427,1560.09,4228127.0
801790.SI,20230428,1595.75,5650051.0
801790.SI,20230504,1633.33,5441251.0
801790.SI,20230505,1648.28,6453405.0
801790.SI,20230508,1683.74,8120129.0
801790.SI,20230509,1682.29,12765739.0
801790.SI,20230510,1639.64,7705991.0
801790.SI,20230511,1637.8,4656428.0
801790.SI,20230512,1613.09,3966601.0
801790.SI,20230515,1656.38,5584729.0
801790.SI,20230516,1638.95,3928717.0
801790.SI,20230517,1621.69,3054742.0
801790.SI,20230518,1619.27,3068673.0
801790.SI,20230519,1595.92,3053674.0
801790.SI,20230522,1596.08,2322976.0
801790.SI,20230523,1563.3,2538449.0
801790.SI,20230524,1531.91,3013013.0
801790.SI,20230525,1532.83,2953934.0
801790.SI,20230526,1536.38,2149024.0
801790.SI,20230529,1525.17,2729739.0
801790.SI,20230530,1527.88,2736964.0
801790.SI,20230531,1512.04,2572757.0
801790.SI,20230601,1518.74,2692099.0
801790.SI,20230602,1538.77,2685519.0
801790.SI,20230605,1528.24,1958804.0
801790.SI,20230606,1516.49,2683319.0
801790.SI,20230607,1522.43,1979024.0
801790.SI,20230608,1539.86,2647227.0
801790.SI,20230609,1533.71,2525066.0
801790.SI,20230612,1524.41,2385441.0
801790.SI,20230613,1531.69,1979301.0
801790.SI,20230614,1520.05,2556026.0
801790.SI,20230615,1535.35,3343039.0
801790.SI,20230616,1543.12,2989471.0
801790.SI,20230619,1522.03,2522031.0
801790.SI,20230620,1510.69,2317410.0
801790.SI,20230621,1486.05,2260923.0
801790.SI,20230626,1455.23,2344279.0
801790.SI,20230627,1470.44,1712006.0
801790.SI,20230628,1472.09,1578689.0
801790.SI,20230629,1464.99,1410727.0
801790.SI,20230630,1480.46,1991729.0
801790.SI,20230703,1516.7,2732518.0
801790.SI,20230704,1513.95,1845915.0
801790.SI,20230705,1501.24,1422101.0
801790.SI,20230706,1497.96,1553168.0
801790.SI,20230707,1505.42,1969057.0
801790.SI,20230710,1500.94,1656297.0
801790.SI,20230711,1510.34,1465320.0
801790.SI,20230712,1500.28,1797871.0
801790.SI,20230713,1532.64,3029340.0
801790.SI,20230714,1530.97,1870196.0
801790.SI,20230717,1518.6,1585007.0
801790.SI,20230718,1516.41,1470868.0
801790.SI,20230719,1523.98,1700664.0
801790.SI,20230720,1510.66,1878632.0
801790.SI,20230721,1508.64,1661813.0
801790.SI,20230724,1503.42,1445020.0
801790.SI,20230725,1586.66,7874621.0
801790.SI,20230726,1586.67,4955057.0
801790.SI,20230727,1579.43,4052769.0
801790.SI,20230728,1681.28,11919566.0
801790.SI,20230731,1693.84,12269265.0
801790.SI,20230801,1680.36,9788543.0
801790.SI,20230802,1685.97,8207188.0
801790.SI,20230803,1736.47,11184058.0
801790.SI,20230804,1749.77,18739178.0
801790.SI,20230807,1742.8,10206164.0
801790.SI,20230808,1731.5,10182598.0
801790.SI,20230809,1724.84,6618689.0
801790.SI,20230810,1747.38,8315242.0
801790.SI,20230811,1675.82,9338779.0
801790.SI,20230814,1655.92,7074360.0
801790.SI,20230815,1678.21,6581029.0
801790.SI,20230816,1678.24,8255008.0
801790.SI,20230817,1672.13,8081207.0
801790.SI,20230818,1651.91,6254789.0
801790.SI,20230821,1602.05,6180686.0
801790.SI,20230822,1623.99,6128024.0
801790.SI,20230823,1591.37,4826405.0
801790.SI,20230824,1603.56,5361191.0
801790.SI,20230825,1610.97,4851363.0
801790.SI,20230828,1648.86,14415051.0
801790.SI,20230829,1644.41,9233155.0
801790.SI,20230830,1610.23,6285113.0
801790.SI,20230831,1592.56,4960282.0
801790.SI,20230901,1609.29,4247042.0
801790.SI,20230904,1632.62,4336632.0
801790.SI,20230905,1608.67,3481287.0
801790.SI,20230906,1611.55,3188084.0
801790.SI,20230907,1599.35,3508511.0
801790.SI,20230908,1604.18,2742219.0
801790.SI,20230911,1621.57,4161450.0
801790.SI,20230912,1604.16,2712427.0
801790.SI,20230913,1588.45,2488969.0
801790.SI,20230914,1590.15,2401575.0
801790.SI,20230915,1583.76,2854831.0
801790.SI,20230918,1586.48,2193551.0
801790.SI,20230919,1586.34,2247638.0
801790.SI,20230920,1579.25,2059355.0
801790.SI,20230921,1567.01,2310825.0
801790.SI,20230922,1614.46,4298507.0
801790.SI,20230925,1577.95,3368400.0
801790.SI,20230926,1574.31,2210143.0
801790.SI,20230927,1575.03,2183783.0
801790.SI,20230928,1563.72,2383109.0
801790.SI,20231009,1550.62,2414343.0
801790.SI,20231010,1542.11,1879052.0
801790.SI,20231011,1540.69,2068722.0
801790.SI,20231012,1563.39,2563952.0
801790.SI,20231013,1549.2,1848261.0
801790.SI,20231016,1542.75,2038823.0
801790.SI,20231017,1561.55,3324278.0
801790.SI,20231018,1553.83,2740928.0
801790.SI,20231019,1533.52,3817160.0
801790.SI,20231020,1530.95,3477368.0
801790.SI,20231023,1505.56,3361901.0
801790.SI,20231024,1538.83,4519167.0
801790.SI,20231025,1534.59,4147865.0
801790.SI,20231026,1535.12,2927404.0
801790.SI,20231027,1532.89,3506756.0
801790.SI,20231030,1526.95,3447925.0
801790.SI,20231031,1532.67,2926620.0
801790.SI,20231101,1527.63,2499304.0
801790.SI,20231102,1516.73,2281823.0
801790.SI,20231103,1530.15,2718814.0
801790.SI,20231106,1579.64,6309008.0
801790.SI,20231107,1576.73,5376072.0
801790.SI,20231108,1557.56,4722151.0
801790.SI,20231109,1542.96,4027353.0
801790.SI,20231110,1533.0,4247825.0
801790.SI,20231113,1529.67,3105186.0
801790.SI,20231114,1544.28,5227110.0
801790.SI,20231115,1553.48,4776537.0
801790.SI,20231116,1540.31,3386890.0
801790.SI,20231117,1541.95,3063794.0
801790.SI,20231120,1538.22,2968324.0
801790.SI,20231121,1539.83,3925405.0
801790.SI,20231122,1527.25,2654378.0
801790.SI,20231123,1533.96,2613284.0
801790.SI,20231124,1519.04,2481856.0
801790.SI,20231127,1500.75,2796772.0
801790.SI,20231128,1496.45,2156109.0
801790.SI,20231129,1476.6,2363445.0
801790.SI,20231130,1480.64,2441807.0
801790.SI,20231201,1488.85,2382948.0
801790.SI,20231204,1480.59,2240405.0
801790.SI,20231205,1458.34,2673759.0
801790.SI,20231206,1453.66,2300237.0
801790.SI,20231207,1460.46,2668135.0
801790.SI,20231208,1450.35,2841036.0
801790.SI,20231211,1472.69,3807355.0
801790.SI,20231212,1472.75,2661772.0
801790.SI,20231213,1451.18,2249710.0
801790.SI,20231214,1444.48,2089382.0
801790.SI,20231215,1444.48,2397545.0
801790.SI,20231218,1439.32,2393262.0
801790.SI,20231219,1438.17,2684401.0
801790.SI,20231220,1406.4,2649806.0
801790.SI,20231221,1408.94,2274749.0
801790.SI,20231222,1409.56,2079065.0
801790.SI,20231225,1401.52,1518987.0
801790.SI,20231226,1389.95,1547495.0
801790.SI,20231227,1395.83,2444302.0
801790.SI,20231228,1432.48,3314227.0
801790.SI,20231229,1433.75,2357328.0
801790.SI,20240102,1415.34,1990505.0
801790.SI,20240103,1418.46,1826462.0
801790.SI,20240104,1403.04,1957820.0
801790.SI,20240105,1396.47,2242545.0
801790.SI,20240108,1371.97,2207428.0
801790.SI,20240109,1367.46,1898289.0
801790.SI,20240110,1355.49,1799976.0
801790.SI,20240111,1369.69,2079870.0
801790.SI,20240112,1356.32,1762060.0
801790.SI,20240115,1355.96,1644873.0
801790.SI,20240116,1371.61,2565464.0
801790.SI,20240117,1346.65,2425905.0
801790.SI,20240118,1364.73,3997831.0
801790.SI,20240119,1356.72,2597879.0
801790.SI,20240122,1332.53,3450575.0
801790.SI,20240123,1352.3,3399854.0
801790.SI,20240124,1406.75,5595702.0
801790.SI,20240125,1434.95,6404928.0
801790.SI,20240126,1435.8,5402969.0
801790.SI,20240129,1415.43,4392903.0
801790.SI,20240130,1392.46,3791528.0
801790.SI,20240131,1385.32,4016896.0
801790.SI,20240201,1375.58,3802416.0
801790.SI,20240202,1351.04,4509515.0
801790.SI,20240205,1332.83,4317539.0
801790.SI,20240206,1398.51,4640502.0
801790.SI,20240207,1418.41,4920755.0
801790.SI,20240208,1432.95,4759281.0
801790.SI,20240219,1422.73,3739980.0
801790.SI,20240220,1432.27,3928447.0
801790.SI,20240221,1453.6,5773002.0
801790.SI,20240222,1467.72,4067224.0
801790.SI,20240223,1473.06,4070906.0
801790.SI,20240226,1451.59,3690553.0
801790.SI,20240227,1470.63,3952042.0
801790.SI,20240228,1449.91,7075217.0
801790.SI,20240229,1474.71,5153674.0
801790.SI,20240301,1479.16,4630815.0
801790.SI,20240304,1459.38,3691782.0
801790.SI,20240305,1456.86,3313484.0
801790.SI,20240306,1453.6,3098266.0
801790.SI,20240307,1445.3,3512440.0
801790.SI,20240308,1444.16,2314818.0
801790.SI,20240311,1462.66,2972312.0
801790.SI,20240312,1473.55,3612772.0
801790.SI,20240313,1446.73,3299444.0
801790.SI,20240314,1436.07,2830637.0
801790.SI,20240315,1442.29,2682786.0
801790.SI,20240318,1466.95,4784358.0
801790.SI,20240319,1441.35,3119979.0
801790.SI,20240320,1444.53,2608329.0
801790.SI,20240321,1449.59,3472394.0
801790.SI,20240322,1419.37,3655002.0
801790.SI,20240325,1387.29,3347830.0
801790.SI,20240326,1395.02,2299324.0
801790.SI,20240327,1372.47,2306922.0
801790.SI,20240328,1377.92,2507946.0
801790.SI,20240329,1383.83,2515657.0
801790.SI,20240401,1404.92,2794522.0
801790.SI,20240402,1396.11,2514273.0
801790.SI,20240403,1385.14,2011824.0
801790.SI,20240408,1364.29,2282242.0
801790.SI,20240409,1366.61,1629155.0
801790.SI,20240410,1340.1,2217656.0
801790.SI,20240411,1335.82,1918211.0
801790.SI,20240412,1306.2,2333497.0
801790.SI,20240415,1332.97,3890425.0
801790.SI,20240416,1312.07,3175665.0
801790.SI,20240417,1339.46,2992216.0
801790.SI,20240418,1353.92,3804976.0
801790.SI,20240419,1345.96,2458526.0
801790.SI,20240422,1348.61,2201087.0
801790.SI,20240423,1347.49,1934790.0
801790.SI,20240424,1356.95,2291030.0
801790.SI,20240425,1357.97,1958420.0
801790.SI,20240426,1418.25,6336922.0
801790.SI,20240429,1440.9,7083827.0
801790.SI,20240430,1415.81,4586020.0
801790.SI,20240506,1433.92,4689628.0
801790.SI,20240507,1432.25,3462750.0
801790.SI,20240508,1410.88,2646979.0
801790.SI,20240509,1422.35,2794890.0
801790.SI,20240510,1436.17,3355016.0
801790.SI,20240513,1436.44,3646319.0
801790.SI,20240514,1439.57,3236678.0
801790.SI,20240515,1408.5,3820262.0
801790.SI,20240516,1420.44,3259535.0
801790.SI,20240517,1454.12,3941415.0
801790.SI,20240520,1458.66,3941812.0
801790.SI,20240521,1451.88,2201927.0
801790.SI,20240522,1453.94,2435732.0
801790.SI,20240523,1428.1,2871252.0
801790.SI,20240524,1406.16,2212442.0
801790.SI,20240527,1418.24,2123856.0
801790.SI,20240528,1404.01,1790759.0
801790.SI,20240529,1402.6,1688969.0
801790.SI,20240530,1397.29,1732470.0
801790.SI,20240531,1395.44,1742781.0
801790.SI,20240603,1385.09,2338042.0
801790.SI,20240604,1393.26,2114685.0
801790.SI,20240605,1385.98,1737214.0
801790.SI,20240606,1366.92,2372133.0
801790.SI,20240607,1359.98,2363731.0
801790.SI,20240611,1356.27,1983166.0
801790.SI,20240612,1352.2,1674304.0
801790.SI,20240613,1350.26,1825553.0
801790.SI,20240614,1376.33,4122608.0
801790.SI,20240617,1373.62,2326765.0
801790.SI,20240618,1381.47,2202475.0
801790.SI,20240619,1370.47,1840197.0
801790.SI,20240620,1356.04,1902628.0
801790.SI,20240621,1358.46,1868065.0
801790.SI,20240624,1347.93,1997895.0
801790.SI,20240625,1332.08,2062508.0
801790.SI,20240626,1343.48,1689948.0
801790.SI,20240627,1330.69,1635128.0
801790.SI,20240628,1310.79,2650669.0
801790.SI,20240701,1316.41,1928457.0
801790.SI,20240702,1316.21,1807047.0
801790.SI,20240703,1318.97,1480216.0
801790.SI,20240704,1298.79,1653459.0
801790.SI,20240705,1291.52,1795327.0
801790.SI,20240708,1266.48,1834424.0
801790.SI,20240709,1290.91,1997930.0
801790.SI,20240710,1295.35,1666632.0
801790.SI,20240711,1307.88,1958645.0
801790.SI,20240712,1310.67,1439692.0
801790.SI,20240715,1309.81,1236639.0
801790.SI,20240716,1306.32,1661428.0
801790.SI,20240717,1322.47,1890311.0
801790.SI,20240718,1329.6,1860348.0
801790.SI,20240719,1344.17,2286137.0
801790.SI,20240722,1349.64,2748636.0
801790.SI,20240723,1325.06,2403705.0
801790.SI,20240724,1311.66,1927332.0
801790.SI,20240725,1320.95,1931404.0
801790.SI,20240726,1325.55,2199935.0
801790.SI,20240729,1322.55,1674924.0
801790.SI,20240730,1325.35,1681549.0
801790.SI,20240731,1384.89,5121897.0
801790.SI,20240801,1380.75,3699382.0
801790.SI,20240802,1354.18,2801696.0
801790.SI,20240805,1350.52,2860556.0
801790.SI,20240806,1337.45,2504244.0
801790.SI,20240807,1329.89,1760518.0
801790.SI,20240808,1334.22,2176806.0
801790.SI,20240809,1322.94,1874344.0
801790.SI,20240812,1320.62,1454590.0
801790.SI,20240813,1334.02,1759181.0
801790.SI,20240814,1324.6,1691036.0
801790.SI,20240815,1342.1,2659940.0
801790.SI,20240816,1337.3,1851879.0
801790.SI,20240819,1344.27,1696337.0
801790.SI,20240820,1332.29,1708011.0
801790.SI,20240821,1327.6,1321436.0
801790.SI,20240822,1309.75,1840647.0
801790.SI,20240823,1332.06,2004037.0
801790.SI,20240826,1330.32,1476888.0
801790.SI,20240827,1320.86,1297796.0
801790.SI,20240828,1320.14,1282296.0
801790.SI,20240829,1319.24,1920005.0
801790.SI,20240830,1359.13,3921842.0
801790.SI,20240902,1333.41,2597379.0
801790.SI,20240903,1338.17,1736043.0
801790.SI,20240904,1331.31,1682412.0
801790.SI,20240905,1348.3,1765522.0
801790.SI,20240906,1352.22,3446359.0
801790.SI,20240909,1346.27,2533324.0
801790.SI,20240910,1340.28,2134276.0
801790.SI,20240911,1339.3,1746978.0
801790.SI,20240912,1337.42,1813119.0
801790.SI,20240913,1341.92,2103600.0
801790.SI,20240918,1352.79,2262194.0
801790.SI,20240919,1368.06,3140398.0
801790.SI,20240920,1367.66,2275889.0
801790.SI,20240923,1368.31,1787048.0
801790.SI,20240924,1451.03,6887679.0
801790.SI,20240925,1484.39,9054303.0
801790.SI,20240926,1572.84,10469282.0
801790.SI,20240927,1682.18,11849189.0
801790.SI,20240930,1857.02,18328859.0
801790.SI,20241008,2039.53,19587928.0
801790.SI,20241009,1920.41,33853932.0
801790.SI,20241010,1858.98,22731525.0
801790.SI,20241011,1845.12,15150040.0
801790.SI,20241014,1869.75,16842713.0
801790.SI,20241015,1809.75,13393434.0
801790.SI,20241016,1813.78,11485959.0
801790.SI,20241017,1802.79,10804934.0
801790.SI,20241018,1891.11,20466948.0
801790.SI,20241021,1868.0,15106375.0
801790.SI,20241022,1878.82,11363204.0
801790.SI,20241023,1885.43,13225049.0
801790.SI,20241024,1879.53,9419003.0
801790.SI,20241025,1885.9,10589114.0
801790.SI,20241028,1889.88,9066895.0
801790.SI,20241029,1878.52,11097196.0
801790.SI,20241030,1858.9,9938929.0
801790.SI,20241031,1901.08,17295906.0
801790.SI,20241101,1887.26,16713131.0
801790.SI,20241104,1947.18,13906979.0
801790.SI,20241105,2043.91,21184881.0
801790.SI,20241106,2024.27,23626148.0
801790.SI,20241107,2168.67,25740540.0
801790.SI,20241108,2113.82,23808619.0
801790.SI,20241111,2107.58,15412809.0
801790.SI,20241112,2058.63,14209319.0
801790.SI,20241113,2050.68,10909767.0
801790.SI,20241114,2027.58,10298384.0
801790.SI,20241115,1952.15,11738735.0
801790.SI,20241118,1935.96,9799064.0
801790.SI,20241119,1961.54,8833291.0
801790.SI,20241120,1963.71,7627312.0
801790.SI,20241121,1976.89,8879864.0
801790.SI,20241122,1881.6,9585054.0
801790.SI,20241125,1866.06,7147384.0
801790.SI,20241126,1867.91,5721842.0
801790.SI,20241127,1906.46,7486018.0
801790.SI,20241128,1889.69,6711410.0
801790.SI,20241129,1929.7,12216033.0
801790.SI,20241202,1956.02,9589944.0
801790.SI,20241203,1961.18,8267256.0
801790.SI,20241204,1937.86,6770828.0
801790.SI,20241205,1950.4,6941012.0
801790.SI,20241206,1984.98,10274455.0
801790.SI,20241209,1968.68,7155837.0
801790.SI,20241210,1989.4,13812613.0
801790.SI,20241211,1976.99,7185704.0
801790.SI,20241212,2003.68,8880542.0
801790.SI,20241213,1939.62,10274994.0
801790.SI,20241216,1912.03,6587866.0
801790.SI,20241217,1908.72,6266629.0
801790.SI,20241218,1907.82,4947515.0
801790.SI,20241219,1904.45,4694121.0
801790.SI,20241220,1905.94,5061987.0
801790.SI,20241223,1890.48,5140367.0
801790.SI,20241224,1922.56,5358917.0
801790.SI,20241225,1914.74,4902869.0
801790.SI,20241226,1912.12,4124038.0
801790.SI,20241227,1922.18,7347335.0
801790.SI,20241230,1942.16,5837589.0
801790.SI,20241231,1866.3,7618989.0
801790.SI,20250102,1774.7,8407314.0
801790.SI,20250103,1732.07,5799859.0
801790.SI,20250106,1729.73,4023499.0
801790.SI,20250107,1742.31,3891699.0
801790.SI,20250108,1732.81,4991002.0
801790.SI,20250109,1721.55,3059944.0
801790.SI,20250110,1689.86,3402834.0
801790.SI,20250113,1691.25,3152173.0
801790.SI,20250114,1753.05,6423856.0
801790.SI,20250115,1739.01,4139825.0
801790.SI,20250116,1740.38,4108117.0
801790.SI,20250117,1746.03,3524367.0
801790.SI,20250120,1757.13,4287789.0
801790.SI,20250121,1759.16,3788096.0
801790.SI,20250122,1744.33,3696093.0
801790.SI,20250123,1767.52,8129428.0
801790.SI,20250124,1784.84,5194993.0
801790.SI,20250127,1749.59,4407338.0
801790.SI,20250205,1740.42,3613844.0
801790.SI,20250206,1768.06,4653485.0
801790.SI,20250207,1803.28,8628169.0
801790.SI,20250210,1808.39,5732461.0
801790.SI,20250211,1795.12,5075064.0
801790.SI,20250212,1821.94,6049809.0
801790.SI,20250213,1813.92,8132135.0
801790.SI,20250214,1822.12,5869784.0
801790.SI,20250217,1826.46,6728990.0
801790.SI,20250218,1786.21,6437919.0
801790.SI,20250219,1803.91,5629978.0
801790.SI,20250220,1791.35,4666522.0
801790.SI,20250221,1823.85,7977584.0
801790.SI,20250224,1823.55,6404287.0
801790.SI,20250225,1792.63,4966440.0
801790.SI,20250226,1831.9,6989415.0
801790.SI,20250227,1828.35,8055206.0
801790.SI,20250228,1771.62,7500616.0
801790.SI,20250303,1765.36,5058401.0
801790.SI,20250304,1768.01,3794944.0
801790.SI,20250305,1772.18,4078748.0
801790.SI,20250306,1818.6,7770776.0
801790.SI,20250307,1793.64,6053758.0
801790.SI,20250310,1778.57,4112638.0
801790.SI,20250311,1785.06,4049495.0
801790.SI,20250312,1790.02,6033624.0
801790.SI,20250313,1779.49,4671947.0
801790.SI,20250314,1850.17,11840434.0
801790.SI,20250317,1839.29,6183097.0
801790.SI,20250318,1842.57,4365773.0
801790.SI,20250319,1844.56,4412885.0
801790.SI,20250320,1817.22,4546512.0
801790.SI,20250321,1788.65,5160293.0
801790.SI,20250324,1791.19,4174497.0
801790.SI,20250325,1783.69,3157399.0
801790.SI,20250326,1781.45,2859530.0
801790.SI,20250327,1787.07,3651166.0
801790.SI,20250328,1786.93,3845289.0
801790.SI,20250331,1760.89,5150947.0
801790.SI,20250401,1757.86,4065018.0
801790.SI,20250402,1767.99,3669513.0
801790.SI,20250403,1763.44,3995281.0
801790.SI,20250407,1604.91,8191077.0
801790.SI,20250408,1628.51,6436591.0
801790.SI,20250409,1650.21,6593474.0
801790.SI,20250410,1673.27,6427690.0
801790.SI,20250411,1671.97,4390593.0
801790.SI,20250414,1678.19,3889191.0
801790.SI,20250415,1676.93,3042969.0
801790.SI,20250416,1673.26,3350107.0
801790.SI,20250417,1675.07,2692842.0
801790.SI,20250418,1685.27,3260516.0
801790.SI,20250421,1692.24,3309751.0
801790.SI,20250422,1696.62,3792432.0
801790.SI,20250423,1699.09,4223509.0
801790.SI,20250424,1695.91,3667143.0
801790.SI,20250425,1705.03,4011187.0
801790.SI,20250428,1693.55,3448665.0
801790.SI,20250429,1686.74,2826793.0
801790.SI,20250430,1687.17,3480397.0
801790.SI,20250506,1710.44,4365432.0
801790.SI,20250507,1722.77,6332921.0
801790.SI,20250508,1732.88,4196328.0
801790.SI,20250509,1716.63,3142264.0
801790.SI,20250512,1752.28,4812841.0
801790.SI,20250513,1743.69,3938459.0
801790.SI,20250514,1813.2,10504523.0
801790.SI,20250515,1780.96,5626223.0
801790.SI,20250516,1759.36,3650490.0
801790.SI,20250519,1758.53,3160630.0
801790.SI,20250520,1763.06,3186921.0
801790.SI,20250521,1760.22,2983273.0
801790.SI,20250522,1753.68,2594923.0
801790.SI,20250523,1729.02,3375125.0
801790.SI,20250526,1731.25,2424164.0
801790.SI,20250527,1728.16,2013851.0
801790.SI,20250528,1722.37,2066234.0
801790.SI,20250529,1740.85,3209493.0
801790.SI,20250530,1731.99,3164300.0
801790.SI,20250603,1748.77,3709837.0
801790.SI,20250604,1766.05,4197215.0
801790.SI,20250605,1781.56,4752741.0
801790.SI,20250606,1766.54,3389279.0
801790.SI,20250609,1787.7,4810487.0
801790.SI,20250610,1767.77,4515040.0
801790.SI,20250611,1801.44,6270215.0
801790.SI,20250612,1804.95,5277019.0
801790.SI,20250613,1787.09,5102677.0
801790.SI,20250616,1806.5,4496774.0
801790.SI,20250617,1810.94,4476867.0
801790.SI,20250618,1789.98,4384089.0
801790.SI,20250619,1758.06,4243742.0
801790.SI,20250620,1767.53,3564848.0
801790.SI,20250623,1786.64,3916270.0
801790.SI,20250624,1834.44,7378931.0
801790.SI,20250625,1916.22,13964147.0
801790.SI,20250626,1893.24,11035916.0
801790.SI,20250627,1885.18,11498857.0
801790.SI,20250630,1870.63,7340089.0
801790.SI,20250701,1864.12,5710482.0
801790.SI,20250702,1856.91,4585920.0
801790.SI,20250703,1864.22,4214452.0
801790.SI,20250704,1871.55,7214325.0
801790.SI,20250707,1875.82,4854488.0
801790.SI,20250708,1892.79,6756840.0
801790.SI,20250709,1881.31,7501784.0
801790.SI,20250710,1907.13,9004871.0
801790.SI,20250711,1945.59,15404405.0
801790.SI,20250714,1925.53,8573004.0
801790.SI,20250715,1914.19,7126683.0
801790.SI,20250716,1906.02,5719118.0
801790.SI,20250717,1915.03,5815393.0
801790.SI,20250718,1921.37,6474040.0
801790.SI,20250721,1937.35,7698578.0
801790.SI,20250722,1935.15,7458524.0
801790.SI,20250723,1960.08,11905035.0
801790.SI,20250724,2000.45,11540585.0
801790.SI,20250725,1989.03,9012614.0
801790.SI,20250728,2019.03,8931408.0
801790.SI,20250729,2015.61,8196848.0
801790.SI,20250730,2008.13,8075467.0
801790.SI,20250731,1956.59,8025371.0
801790.SI,20250801,1941.35,5624751.0
801790.SI,20250804,1944.77,4190705.0
801790.SI,20250805,1968.72,5372180.0
801790.SI,20250806,1972.39,4519938.0
801790.SI,20250807,1968.55,5067817.0
801790.SI,20250808,1952.79,4425915.0
801790.SI,20250811,1968.61,6232641.0
801790.SI,20250812,1981.34,6123523.0
801790.SI,20250813,2003.82,11495903.0
801790.SI,20250814,2015.72,12336703.0
801790.SI,20250815,2079.34,18168678.0
801790.SI,20250818,2096.19,17982403.0
801790.SI,20250819,2061.9,12135475.0
801790.SI,20250820,2086.22,10173376.0
801790.SI,20250821,2077.85,8929168.0
801790.SI,20250822,2135.22,13392196.0
801790.SI,20250825,2154.74,15244700.0
801790.SI,20250826,2131.96,9506560.0
801790.SI,20250827,2075.14,12970365.0
801790.SI,20250828,2105.98,11126322.0
801790.SI,20250829,2118.3,12947557.0
801790.SI,20250901,2091.09,9865145.0
801790.SI,20250902,2069.11,10638618.0
801790.SI,20250903,2005.92,9704037.0
801790.SI,20250904,1997.96,9356524.0
801790.SI,20250905,2013.17,7069130.0
801790.SI,20250908,2000.22,6202567.0
801790.SI,20250909,2001.27,6044416.0
801790.SI,20250910,1996.61,4765488.0
801790.SI,20250911,2048.83,9384867.0
801790.SI,20250912,2018.88,7565953.0
801790.SI,20250915,2011.44,6271943.0
801790.SI,20250916,2007.97,7945640.0
801790.SI,20250917,2018.97,10181330.0
801790.SI,20250918,1962.2,12267222.0
801790.SI,20250919,1944.95,6093101.0
801790.SI,20250922,1960.78,5011215.0
801790.SI,20250923,1934.79,6672022.0
801790.SI,20250924,1950.2,5965405.0
801790.SI,20250925,1947.24,5239071.0
801790.SI,20250926,1943.12,5049623.0
801790.SI,20250929,2017.8,14800684.0
801790.SI,20250930,1994.85,9446886.0
801790.SI,20251009,1996.87,9508816.0
801790.SI,20251010,2004.82,9562741.0
801790.SI,20251013,1980.99,7720529.0
801790.SI,20251014,1988.89,8897953.0
801790.SI,20251015,2018.42,7567920.0
801790.SI,20251016,2018.46,6612776.0
801790.SI,20251017,1977.98,7045040.0
801790.SI,20251020,1987.74,5326111.0
801790.SI,20251021,2006.23,7534031.0
801790.SI,20251022,1992.96,4403644.0
801790.SI,20251023,2012.05,5089856.0
801790.SI,20251024,2017.91,6265641.0
801790.SI,20251027,2034.08,9434656.0
801790.SI,20251028,2024.55,6299610.0
801790.SI,20251029,2066.69,10117731.0
801790.SI,20251030,2035.29,8732579.0
801790.SI,20251031,2008.58,7176671.0
801790.SI,20251103,2007.29,5328517.0
801790.SI,20251104,2004.94,4647471.0
801790.SI,20251105,1995.09,4090474.0
801790.SI,20251106,2018.51,5784859.0
801790.SI,20251107,2005.2,4332387.0
801790.SI,20251110,2029.59,5349277.0
801790.SI,20251111,2009.22,4756248.0
801790.SI,20251112,2009.53,5262010.0
801790.SI,20251113,2032.39,4857770.0
801790.SI,20251114,2008.36,4521649.0
801790.SI,20251117,1986.16,4067858.0
801790.SI,20251118,1983.3,4089220.0
801790.SI,20251119,1989.5,4123430.0
801790.SI,20251120,1980.63,4970895.0
801790.SI,20251121,1919.09,5606109.0
801790.SI,20251124,1918.09,3602406.0
801790.SI,20251125,1933.08,3568272.0
801790.SI,20251126,1930.51,2869852.0
801790.SI,20251127,1928.92,2925087.0
801790.SI,20251128,1932.15,2845233.0
801790.SI,20251201,1932.72,3880708.0
801790.SI,20251202,1921.4,3052169.0
801790.SI,20251203,1903.6,3098706.0
801790.SI,20251204,1909.15,2662536.0
801790.SI,20251205,1975.96,7136371.0
801790.SI,20251208,2013.58,9081696.0
801790.SI,20251209,1986.08,4814466.0
801790.SI,20251210,1992.28,4135277.0
801790.SI,20251211,1972.21,3826072.0
801790.SI,20251212,1991.97,4934472.0
801790.SI,20251215,2023.71,5199180.0
801790.SI,20251216,2011.15,4425131.0
801790.SI,20251217,2049.97,6418896.0
801790.SI,20251218,2040.74,4909062.0
801790.SI,20251219,2049.66,4699701.0
801790.SI,20251222,2050.19,4049097.0
801790.SI,20251223,2053.99,4616019.0
801790.SI,20251224,2060.14,4128481.0
801790.SI,20251225,2082.35,4846810.0
801790.SI,20251226,2092.58,6279683.0
801790.SI,20251229,2077.28,5117469.0
801790.SI,20251230,2063.6,4994888.0
801790.SI,20251231,2054.14,4363076.0
801880.SI,20221010,5223.09,2596298.0
801880.SI,20221011,5302.81,2377471.0
801880.SI,20221012,5498.81,3295875.0
801880.SI,20221013,5486.78,3152880.0
801880.SI,20221014,5599.35,3406306.0
801880.SI,20221017,5580.92,3258582.0
801880.SI,20221018,5622.08,3799988.0
801880.SI,20221019,5567.21,3214923.0
801880.SI,20221020,5476.86,3685718.0
801880.SI,20221021,5457.54,2816935.0
801880.SI,20221024,5376.56,3322140.0
801880.SI,20221025,5491.92,3837017.0
801880.SI,20221026,5507.04,4309527.0
801880.SI,20221027,5480.09,3703794.0
801880.SI,20221028,5235.17,4251595.0
801880.SI,20221031,5285.21,3547847.0
801880.SI,20221101,5490.18,3970851.0
801880.SI,20221102,5671.78,5100822.0
801880.SI,20221103,5684.09,4394351.0
801880.SI,20221104,5901.88,5568105.0
801880.SI,20221107,5888.58,4373668.0
801880.SI,20221108,5843.3,3525606.0
801880.SI,20221109,5790.01,3305285.0
801880.SI,20221110,5709.48,3687508.0
801880.SI,20221111,5763.34,4645507.0
801880.SI,20221114,5665.47,3624290.0
801880.SI,20221115,5787.81,3773679.0
801880.SI,20221116,5718.92,3523436.0
801880.SI,20221117,5635.64,3523918.0
801880.SI,20221118,5573.52,3229376.0
801880.SI,20221121,5623.09,3283958.0
801880.SI,20221122,5556.66,3198841.0
801880.SI,20221123,5553.12,3071641.0
801880.SI,20221124,5541.39,2836458.0
801880.SI,20221125,5459.45,2592219.0
801880.SI,20221128,5431.27,2494040.0
801880.SI,20221129,5504.87,3049607.0
801880.SI,20221130,5710.0,6001229.0
801880.SI,20221201,5745.41,5805864.0
801880.SI,20221202,5667.28,3513221.0
801880.SI,20221205,5695.23,3670697.0
801880.SI,20221206,5730.24,4023410.0
801880.SI,20221207,5745.88,3980013.0
801880.SI,20221208,5722.76,2969901.0
801880.SI,20221209,5703.49,2908962.0
801880.SI,20221212,5631.56,2707600.0
801880.SI,20221213,5589.26,2644915.0
801880.SI,20221214,5559.73,2400230.0
801880.SI,20221215,5691.42,3423116.0
801880.SI,20221216,5596.39,2647467.0
801880.SI,20221219,5551.92,3236892.0
801880.SI,20221220,5531.73,2969925.0
801880.SI,20221221,5446.62,2443687.0
801880.SI,20221222,5411.67,2661959.0
801880.SI,20221223,5304.32,2387623.0
801880.SI,20221226,5455.46,2436422.0
801880.SI,20221227,5460.33,2194225.0
801880.SI,20221228,5314.79,2508168.0
801880.SI,20221229,5304.86,2196355.0
801880.SI,20221230,5342.91,2280914.0
801880.SI,20230103,5416.62,2782257.0
801880.SI,20230104,5385.99,2463458.0
801880.SI,20230105,5488.97,3293751.0
801880.SI,20230106,5552.36,3544149.0
801880.SI,20230109,5587.39,3797428.0
801880.SI,20230110,5673.2,4543822.0
801880.SI,20230111,5614.94,3472252.0
801880.SI,20230112,5664.25,3439646.0
801880.SI,20230113,5668.8,3137559.0
801880.SI,20230116,5653.52,3662032.0
801880.SI,20230117,5641.5,2671494.0
801880.SI,20230118,5641.99,2700797.0
801880.SI,20230119,5650.17,2478320.0
801880.SI,20230120,5689.4,3025884.0
801880.SI,20230130,5884.7,5830502.0
801880.SI,20230131,5924.99,4920560.0
801880.SI,20230201,6097.4,5698950.0
801880.SI,20230202,6088.2,4787186.0
801880.SI,20230203,6014.63,4275467.0
801880.SI,20230206,5957.98,3755655.0
801880.SI,20230207,6006.67,3556952.0
801880.SI,20230208,5971.2,3561635.0
801880.SI,20230209,6023.22,4081344.0
801880.SI,20230210,5946.0,3661816.0
801880.SI,20230213,6003.65,3948455.0
801880.SI,20230214,5991.35,3604432.0
801880.SI,20230215,5981.01,3762582.0
801880.SI,20230216,5881.51,4596441.0
801880.SI,20230217,5831.57,3302343.0
801880.SI,20230220,5909.37,3768635.0
801880.SI,20230221,5989.1,4645764.0
801880.SI,20230222,5979.18,3858283.0
801880.SI,20230223,6005.69,4219096.0
801880.SI,20230224,5922.84,3695792.0
801880.SI,20230227,5858.12,3571823.0
801880.SI,20230228,5885.11,3043667.0
801880.SI,20230301,5928.54,3547790.0
801880.SI,20230302,5855.66,3809275.0
801880.SI,20230303,5847.44,2857341.0
801880.SI,20230306,5826.15,3315988.0
801880.SI,20230307,5724.08,3306677.0
801880.SI,20230308,5716.08,2528809.0
801880.SI,20230309,5680.75,2735087.0
801880.SI,20230310,5482.76,4618802.0
801880.SI,20230313,5423.45,3527408.0
801880.SI,20230314,5382.08,3732653.0
801880.SI,20230315,5395.3,2739579.0
801880.SI,20230316,5314.06,2631953.0
801880.SI,20230317,5320.63,2702044.0
801880.SI,20230320,5327.21,2767032.0
801880.SI,20230321,5435.13,3157207.0
801880.SI,20230322,5454.44,3182491.0
801880.SI,20230323,5439.28,2447578.0
801880.SI,20230324,5433.92,2548913.0
801880.SI,20230327,5432.26,2624537.0
801880.SI,20230328,5471.48,2845019.0
801880.SI,20230329,5490.92,3184351.0
801880.SI,20230330,5520.08,2954998.0
801880.SI,20230331,5552.97,2988543.0
801880.SI,20230403,5532.25,3259771.0
801880.SI,20230404,5437.75,3459002.0
801880.SI,20230406,5399.0,2589280.0
801880.SI,20230407,5419.48,2109377.0
801880.SI,20230410,5383.71,2702072.0
801880.SI,20230411,5367.27,2307964.0
801880.SI,20230412,5320.61,2319030.0
801880.SI,20230413,5271.43,2526668.0
801880.SI,20230414,5343.17,2904218.0
801880.SI,20230417,5402.45,2746383.0
801880.SI,20230418,5395.69,2369108.0
801880.SI,20230419,5342.44,2387031.0
801880.SI,20230420,5259.19,2297009.0
801880.SI,20230421,5149.18,2482961.0
801880.SI,20230424,5184.98,2905101.0
801880.SI,20230425,5052.7,2676309.0
801880.SI,20230426,5155.49,2585838.0
801880.SI,20230427,5210.77,2781787.0
801880.SI,20230428,5228.43,2966634.0
801880.SI,20230504,5252.8,2924821.0
801880.SI,20230505,5188.98,2477997.0
801880.SI,20230508,5226.28,2580334.0
801880.SI,20230509,5146.99,2460122.0
801880.SI,20230510,5334.14,4218171.0
801880.SI,20230511,5342.53,3746708.0
801880.SI,20230512,5268.13,2434392.0
801880.SI,20230515,5342.39,2523783.0
801880.SI,20230516,5288.72,2206483.0
801880.SI,20230517,5276.72,2073760.0
801880.SI,20230518,5257.36,2311236.0
801880.SI,20230519,5233.8,1866794.0
801880.SI,20230522,5309.34,2538260.0
801880.SI,20230523,5274.14,2304742.0
801880.SI,20230524,5242.81,2047358.0
801880.SI,20230525,5201.13,2353797.0
801880.SI,20230526,5243.52,3171289.0
801880.SI,20230529,5167.93,2695777.0
801880.SI,20230530,5222.33,3047515.0
801880.SI,20230531,5195.32,2553943.0
801880.SI,20230601,5194.67,2652705.0
801880.SI,20230602,5280.89,2695816.0
801880.SI,20230605,5299.47,2821059.0
801880.SI,20230606,5221.72,2633086.0
801880.SI,20230607,5158.6,2153975.0
801880.SI,20230608,5136.48,2006129.0
801880.SI,20230609,5234.2,3153857.0
801880.SI,20230612,5393.34,4812664.0
801880.SI,20230613,5438.91,4560922.0
801880.SI,20230614,5454.58,4529741.0
801880.SI,20230615,5547.97,5336660.0
801880.SI,20230616,5542.78,4495024.0
801880.SI,20230619,5569.48,4404022.0
801880.SI,20230620,5593.41,4656721.0
801880.SI,20230621,5584.02,4835979.0
801880.SI,20230626,5540.38,5561681.0
801880.SI,20230627,5565.82,4608257.0
801880.SI,20230628,5593.77,4787162.0
801880.SI,20230629,5611.03,4971777.0
801880.SI,20230630,5657.44,4913896.0
801880.SI,20230703,5744.98,6350907.0
801880.SI,20230704,5898.17,8466793.0
801880.SI,20230705,5826.43,7170743.0
801880.SI,20230706,5854.57,6156836.0
801880.SI,20230707,5809.52,6149017.0
801880.SI,20230710,5767.66,5542709.0
801880.SI,20230711,5951.34,7529457.0
801880.SI,20230712,5906.27,9172219.0
801880.SI,20230713,5860.22,6868125.0
801880.SI,20230714,5788.7,5786792.0
801880.SI,20230717,5765.53,5068823.0
801880.SI,20230718,5844.28,6235354.0
801880.SI,20230719,5818.64,4803501.0
801880.SI,20230720,5716.08,5349149.0
801880.SI,20230721,5664.66,4142867.0
801880.SI,20230724,5637.57,3570444.0
801880.SI,20230725,5823.45,6015163.0
801880.SI,20230726,5707.49,4437539.0
801880.SI,20230727,5750.84,5994740.0
801880.SI,20230728,5865.99,7025058.0
801880.SI,20230731,5982.01,7451376.0
801880.SI,20230801,5932.05,6013755.0
801880.SI,20230802,5951.93,5579099.0
801880.SI,20230803,5898.55,4534967.0
801880.SI,20230804,5919.45,4765683.0
801880.SI,20230807,5910.9,3840799.0
801880.SI,20230808,5870.28,4139053.0
801880.SI,20230809,5818.14,3790188.0
801880.SI,20230810,5780.3,3030731.0
801880.SI,20230811,5680.95,3372683.0
801880.SI,20230814,5589.12,3978089.0
801880.SI,20230815,5546.18,3110147.0
801880.SI,20230816,5470.54,2722284.0
801880.SI,20230817,5576.2,3833109.0
801880.SI,20230818,5490.1,3658337.0
801880.SI,20230821,5416.29,3070607.0
801880.SI,20230822,5451.04,3355186.0
801880.SI,20230823,5360.38,3223769.0
801880.SI,20230824,5402.74,3392447.0
801880.SI,20230825,5309.99,2991411.0
801880.SI,20230828,5352.89,4207842.0
801880.SI,20230829,5571.26,5389532.0
801880.SI,20230830,5595.07,4862326.0
801880.SI,20230831,5549.32,3774160.0
801880.SI,20230901,5598.65,4204811.0
801880.SI,20230904,5678.19,4476369.0
801880.SI,20230905,5625.95,3651742.0
801880.SI,20230906,5655.43,3421352.0
801880.SI,20230907,5554.29,3263414.0
801880.SI,20230908,5542.46,2950912.0
801880.SI,20230911,5663.07,4659309.0
801880.SI,20230912,5721.74,4906472.0
801880.SI,20230913,5622.05,3883797.0
801880.SI,20230914,5532.66,3582031.0
801880.SI,20230915,5527.59,3439017.0
801880.SI,20230918,5666.43,5144822.0
801880.SI,20230919,5637.53,4275036.0
801880.SI,20230920,5577.44,3424159.0
801880.SI,20230921,5495.92,3384669.0
801880.SI,20230922,5577.71,3585587.0
801880.SI,20230925,5594.84,3890128.0
801880.SI,20230926,5533.54,3690091.0
801880.SI,20230927,5512.85,3603429.0
801880.SI,20230928,5575.28,4339679.0
801880.SI,20231009,5694.6,5424707.0
801880.SI,20231010,5696.51,5363215.0
801880.SI,20231011,5655.25,5471615.0
801880.SI,20231012,5770.81,5904028.0
801880.SI,20231013,5763.74,5877450.0
801880.SI,20231016,5780.27,6143060.0
801880.SI,20231017,5739.4,5166229.0
801880.SI,20231018,5821.92,6643494.0
801880.SI,20231019,5638.72,6452307.0
801880.SI,20231020,5588.2,5088403.0
801880.SI,20231023,5513.9,5297561.0
801880.SI,20231024,5536.31,5539640.0
801880.SI,20231025,5677.19,6388657.0
801880.SI,20231026,5765.15,6828123.0
801880.SI,20231027,5824.76,7432109.0
801880.SI,20231030,5806.26,7842528.0
801880.SI,20231031,5709.83,6930749.0
801880.SI,20231101,5744.19,6230646.0
801880.SI,20231102,5732.21,6601223.0
801880.SI,20231103,5815.25,6243192.0
801880.SI,20231106,5928.32,7742301.0
801880.SI,20231107,5938.96,8233260.0
801880.SI,20231108,5926.17,7886054.0
801880.SI,20231109,5863.99,7323775.0
801880.SI,20231110,5774.1,6428291.0
801880.SI,20231113,5777.31,5529977.0
801880.SI,20231114,5826.22,5660555.0
801880.SI,20231115,5928.51,7662572.0
801880.SI,20231116,5894.26,6861998.0
801880.SI,20231117,5981.82,6942982.0
801880.SI,20231120,6000.17,7172689.0
801880.SI,20231121,5956.02,6770125.0
801880.SI,20231122,5839.12,5913024.0
801880.SI,20231123,5981.34,8670459.0
801880.SI,20231124,5853.42,7168176.0
801880.SI,20231127,5913.79,7211605.0
801880.SI,20231128,6031.97,9723246.0
801880.SI,20231129,5953.16,9143869.0
801880.SI,20231130,5866.41,7980182.0
801880.SI,20231201,5791.86,7530195.0
801880.SI,20231204,5788.52,6832856.0
801880.SI,20231205,5702.43,6566632.0
801880.SI,20231206,5721.62,6663437.0
801880.SI,20231207,5681.75,6169322.0
801880.SI,20231208,5600.49,5626269.0
801880.SI,20231211,5694.51,5484012.0
801880.SI,20231212,5707.4,4832050.0
801880.SI,20231213,5669.41,4875198.0
801880.SI,20231214,5617.53,4614487.0
801880.SI,20231215,5589.08,4194459.0
801880.SI,20231218,5558.66,4561648.0
801880.SI,20231219,5524.49,4064014.0
801880.SI,20231220,5406.15,4172672.0
801880.SI,20231221,5450.02,4060810.0
801880.SI,20231222,5429.54,3944810.0
801880.SI,20231225,5484.73,3890454.0
801880.SI,20231226,5409.75,3672241.0
801880.SI,20231227,5400.11,3602025.0
801880.SI,20231228,5449.79,4579219.0
801880.SI,20231229,5518.47,4363964.0
801880.SI,20240102,5458.19,4089939.0
801880.SI,20240103,5402.13,3841908.0
801880.SI,20240104,5367.01,3390059.0
801880.SI,20240105,5309.67,3689559.0
801880.SI,20240108,5217.05,3374199.0
801880.SI,20240109,5243.41,3220378.0
801880.SI,20240110,5218.73,3290810.0
801880.SI,20240111,5319.09,3538198.0
801880.SI,20240112,5302.06,3110885.0
801880.SI,20240115,5277.21,2854388.0
801880.SI,20240116,5309.84,3762592.0
801880.SI,20240117,5151.58,3697123.0
801880.SI,20240118,5166.78,4004461.0
801880.SI,20240119,5091.9,2722774.0
801880.SI,20240122,4891.98,3542157.0
801880.SI,20240123,4924.77,3229410.0
801880.SI,20240124,4977.35,3252473.0
801880.SI,20240125,5076.61,4186967.0
801880.SI,20240126,5029.16,3507738.0
801880.SI,20240129,4893.5,3273516.0
801880.SI,20240130,4796.6,3120158.0
801880.SI,20240131,4668.98,3350745.0
801880.SI,20240201,4658.47,3247804.0
801880.SI,20240202,4518.78,3665985.0
801880.SI,20240205,4351.27,4141977.0
801880.SI,20240206,4537.84,4334040.0
801880.SI,20240207,4651.31,4953757.0
801880.SI,20240208,4808.42,5021596.0
801880.SI,20240219,4844.79,4637320.0
801880.SI,20240220,4822.24,3826055.0
801880.SI,20240221,4921.29,5059009.0
801880.SI,20240222,4973.83,3859414.0
801880.SI,20240223,5088.39,5061904.0
801880.SI,20240226,5184.52,6080032.0
801880.SI,20240227,5361.8,6276392.0
801880.SI,20240228,5090.99,7500810.0
801880.SI,20240229,5305.74,5819895.0
801880.SI,20240301,5319.7,5536833.0
801880.SI,20240304,5287.04,4860283.0
801880.SI,20240305,5311.75,5784892.0
801880.SI,20240306,5335.37,5349580.0
801880.SI,20240307,5279.7,5143761.0
801880.SI,20240308,5290.22,3958899.0
801880.SI,20240311,5424.66,5448587.0
801880.SI,20240312,5500.24,6906249.0
801880.SI,20240313,5553.69,7087789.0
801880.SI,20240314,5543.81,6664077.0
801880.SI,20240315,5612.22,6854309.0
801880.SI,20240318,5752.65,7731344.0
801880.SI,20240319,5683.36,6908286.0
801880.SI,20240320,5714.88,6021982.0
801880.SI,20240321,5719.07,6584118.0
801880.SI,20240322,5665.78,5724125.0
801880.SI,20240325,5578.29,5634392.0
801880.SI,20240326,5643.43,6071553.0
801880.SI,20240327,5452.19,5893324.0
801880.SI,20240328,5534.3,5505374.0
801880.SI,20240329,5550.51,5710327.0
801880.SI,20240401,5726.62,6595560.0
801880.SI,20240402,5689.82,6042161.0
801880.SI,20240403,5594.43,5009244.0
801880.SI,20240408,5601.64,5209356.0
801880.SI,20240409,5597.32,4427034.0
801880.SI,20240410,5538.2,4724692.0
801880.SI,20240411,5583.66,4932690.0
801880.SI,20240412,5551.96,4897954.0
801880.SI,20240415,5524.91,5121287.0
801880.SI,20240416,5326.59,5221525.0
801880.SI,20240417,5528.89,5137305.0
801880.SI,20240418,5568.81,6151259.0
801880.SI,20240419,5559.13,5248552.0
801880.SI,20240422,5502.18,4301878.0
801880.SI,20240423,5459.6,4389213.0
801880.SI,20240424,5556.34,4643002.0
801880.SI,20240425,5541.53,5073586.0
801880.SI,20240426,5693.74,6756256.0
801880.SI,20240429,5763.03,7474283.0
801880.SI,20240430,5692.34,7194629.0
801880.SI,20240506,5799.87,6866333.0
801880.SI,20240507,5796.17,5882441.0
801880.SI,20240508,5709.49,5191154.0
801880.SI,20240509,5784.02,4579314.0
801880.SI,20240510,5735.38,4289551.0
801880.SI,20240513,5687.06,4240987.0
801880.SI,20240514,5733.76,4445412.0
801880.SI,20240515,5650.42,4258659.0
801880.SI,20240516,5615.24,4134268.0
801880.SI,20240517,5634.53,4472173.0
801880.SI,20240520,5644.4,4697150.0
801880.SI,20240521,5601.53,4445909.0
801880.SI,20240522,5573.74,4261647.0
801880.SI,20240523,5481.08,3946753.0
801880.SI,20240524,5398.65,3461863.0
801880.SI,20240527,5443.5,3518199.0
801880.SI,20240528,5377.4,3223742.0
801880.SI,20240529,5446.2,3689039.0
801880.SI,20240530,5471.62,3858306.0
801880.SI,20240531,5490.73,4263031.0
801880.SI,20240603,5481.87,5023822.0
801880.SI,20240604,5484.69,4205310.0
801880.SI,20240605,5456.99,4016650.0
801880.SI,20240606,5348.61,4542114.0
801880.SI,20240607,5361.34,3567443.0
801880.SI,20240611,5384.3,3401972.0
801880.SI,20240612,5399.71,3129670.0
801880.SI,20240613,5418.49,3859321.0
801880.SI,20240614,5432.84,3549948.0
801880.SI,20240617,5477.81,4365856.0
801880.SI,20240618,5582.47,4846493.0
801880.SI,20240619,5510.75,4156969.0
801880.SI,20240620,5427.82,3945353.0
801880.SI,20240621,5451.31,3600277.0
801880.SI,20240624,5313.16,3958124.0
801880.SI,20240625,5330.22,4717816.0
801880.SI,20240626,5394.39,4126480.0
801880.SI,20240627,5280.32,3532348.0
801880.SI,20240628,5337.35,4023726.0
801880.SI,20240701,5358.08,4013460.0
801880.SI,20240702,5283.31,3860064.0
801880.SI,20240703,5235.15,3512971.0
801880.SI,20240704,5196.74,3761348.0
801880.SI,20240705,5205.86,3508081.0
801880.SI,20240708,5143.99,3486262.0
801880.SI,20240709,5312.36,4430115.0
801880.SI,20240710,5361.77,5223571.0
801880.SI,20240711,5455.22,5621501.0
801880.SI,20240712,5485.54,5673232.0
801880.SI,20240715,5450.99,5347731.0
801880.SI,20240716,5458.94,5149436.0
801880.SI,20240717,5383.12,4800550.0
801880.SI,20240718,5396.86,4139713.0
801880.SI,20240719,5359.93,4594506.0
801880.SI,20240722,5378.27,4535411.0
801880.SI,20240723,5230.3,4839377.0
801880.SI,20240724,5099.18,4521668.0
801880.SI,20240725,5123.55,3765196.0
801880.SI,20240726,5263.34,5050537.0
801880.SI,20240729,5234.07,5034942.0
801880.SI,20240730,5189.26,5142594.0
801880.SI,20240731,5350.42,6700337.0
801880.SI,20240801,5319.55,6184954.0
801880.SI,20240802,5207.57,6169825.0
801880.SI,20240805,5063.78,5639007.0
801880.SI,20240806,5082.53,4413290.0
801880.SI,20240807,5109.3,4386508.0
801880.SI,20240808,5045.42,4488288.0
801880.SI,20240809,5039.24,3486577.0
801880.SI,20240812,4994.34,3009814.0
801880.SI,20240813,5015.75,3132420.0
801880.SI,20240814,4969.15,2863407.0
801880.SI,20240815,5037.73,3922105.0
801880.SI,20240816,5024.28,3890317.0
801880.SI,20240819,5019.65,3497457.0
801880.SI,20240820,4951.23,3531954.0
801880.SI,20240821,4954.32,3000551.0
801880.SI,20240822,4887.35,3222994.0
801880.SI,20240823,4914.84,2928044.0
801880.SI,20240826,4924.8,2997368.0
801880.SI,20240827,4873.57,2876196.0
801880.SI,20240828,4837.01,2829105.0
801880.SI,20240829,4906.64,3012248.0
801880.SI,20240830,5046.06,4765311.0
801880.SI,20240902,4940.92,3584714.0
801880.SI,20240903,5020.48,3182078.0
801880.SI,20240904,5040.39,2989937.0
801880.SI,20240905,5094.76,3436890.0
801880.SI,20240906,5072.98,4130777.0
801880.SI,20240909,5036.31,3162837.0
801880.SI,20240910,5040.94,2876740.0
801880.SI,20240911,5086.28,2999373.0
801880.SI,20240912,5049.75,2652975.0
801880.SI,20240913,4999.77,2514882.0
801880.SI,20240918,5060.63,2567507.0
801880.SI,20240919,5124.86,3152249.0
801880.SI,20240920,5109.31,2767421.0
801880.SI,20240923,5104.78,2933956.0
801880.SI,20240924,5208.24,4888643.0
801880.SI,20240925,5271.55,5677278.0
801880.SI,20240926,5445.67,5368861.0
801880.SI,20240927,5674.93,6549777.0
801880.SI,20240930,6179.61,12104492.0
801880.SI,20241008,6503.16,16249505.0
801880.SI,20241009,6047.88,11534092.0
801880.SI,20241010,6121.73,8442349.0
801880.SI,20241011,5897.11,7125177.0
801880.SI,20241014,6002.57,6492520.0
801880.SI,20241015,5835.39,6183612.0
801880.SI,20241016,5786.4,5197430.0
801880.SI,20241017,5767.41,5527415.0
801880.SI,20241018,5965.02,8187081.0
801880.SI,20241021,5998.09,8261542.0
801880.SI,20241022,6099.19,8660566.0
801880.SI,20241023,6179.52,8991608.0
801880.SI,20241024,6109.29,7195210.0
801880.SI,20241025,6174.34,7148352.0
801880.SI,20241028,6251.28,8277701.0
801880.SI,20241029,6238.89,9416515.0
801880.SI,20241030,6272.66,8730056.0
801880.SI,20241031,6269.41,10458905.0
801880.SI,20241101,6147.45,10990616.0
801880.SI,20241104,6370.5,10155728.0
801880.SI,20241105,6510.8,12608077.0
801880.SI,20241106,6523.26,14989745.0
801880.SI,20241107,6590.16,12040793.0
801880.SI,20241108,6595.43,12120271.0
801880.SI,20241111,6779.88,13016902.0
801880.SI,20241112,6742.04,13983079.0
801880.SI,20241113,6731.01,11400754.0
801880.SI,20241114,6541.94,9832863.0
801880.SI,20241115,6433.02,9618426.0
801880.SI,20241118,6382.21,9661369.0
801880.SI,20241119,6468.81,9171970.0
801880.SI,20241120,6517.39,8425729.0
801880.SI,20241121,6529.96,7994779.0
801880.SI,20241122,6293.12,8603696.0
801880.SI,20241125,6352.53,7779082.0
801880.SI,20241126,6232.67,5998965.0
801880.SI,20241127,6287.68,6629499.0
801880.SI,20241128,6217.8,6474199.0
801880.SI,20241129,6312.9,7566178.0
801880.SI,20241202,6507.69,9204584.0
801880.SI,20241203,6520.81,8886702.0
801880.SI,20241204,6468.66,8556560.0
801880.SI,20241205,6517.84,8575599.0
801880.SI,20241206,6537.41,8459813.0
801880.SI,20241209,6586.47,9705051.0
801880.SI,20241210,6633.0,12779128.0
801880.SI,20241211,6667.53,9810326.0
801880.SI,20241212,6698.4,9538403.0
801880.SI,20241213,6580.63,10181174.0
801880.SI,20241216,6506.03,8088645.0
801880.SI,20241217,6484.51,7481054.0
801880.SI,20241218,6525.94,6229970.0
801880.SI,20241219,6514.71,6367021.0
801880.SI,20241220,6511.85,6522201.0
801880.SI,20241223,6397.02,6820519.0
801880.SI,20241224,6499.72,6433241.0
801880.SI,20241225,6472.5,6632438.0
801880.SI,20241226,6551.05,7163785.0
801880.SI,20241227,6556.92,6968529.0
801880.SI,20241230,6536.38,6027985.0
801880.SI,20241231,6420.22,6203620.0
801880.SI,20250102,6225.23,6593569.0
801880.SI,20250103,6068.6,5854360.0
801880.SI,20250106,6065.91,5058737.0
801880.SI,20250107,6192.08,5232160.0
801880.SI,20250108,6202.76,6569407.0
801880.SI,20250109,6229.38,5948740.0
801880.SI,20250110,6147.9,6854449.0
801880.SI,20250113,6123.18,5977402.0
801880.SI,20250114,6427.46,8443057.0
801880.SI,20250115,6387.32,6849550.0
801880.SI,20250116,6401.29,6992730.0
801880.SI,20250117,6428.59,5916717.0
801880.SI,20250120,6501.26,6502429.0
801880.SI,20250121,6563.6,7076648.0
801880.SI,20250122,6490.37,6796069.0
801880.SI,20250123,6436.09,7212300.0
801880.SI,20250124,6540.7,6782440.0
801880.SI,20250127,6473.85,5720814.0
801880.SI,20250205,6513.05,6807418.0
801880.SI,20250206,6773.51,9480040.0
801880.SI,20250207,6922.44,12606809.0
801880.SI,20250210,6972.35,10243619.0
801880.SI,20250211,6940.31,9970563.0
801880.SI,20250212,7016.94,9523632.0
801880.SI,20250213,6921.52,9401691.0
801880.SI,20250214,7004.64,8915795.0
801880.SI,20250217,7012.65,9008251.0
801880.SI,20250218,6944.38,9021479.0
801880.SI,20250219,7112.76,9866479.0
801880.SI,20250220,7143.8,9816052.0
801880.SI,20250221,7265.86,10727423.0
801880.SI,20250224,7263.38,10939840.0
801880.SI,20250225,7285.75,11089011.0
801880.SI,20250226,7351.8,12425170.0
801880.SI,20250227,7357.42,12158997.0
801880.SI,20250228,7068.05,11099772.0
801880.SI,20250303,7046.56,8884390.0
801880.SI,20250304,7065.82,8583128.0
801880.SI,20250305,7158.43,8801075.0
801880.SI,20250306,7258.36,10841421.0
801880.SI,20250307,7285.56,10873548.0
801880.SI,20250310,7257.0,9355402.0
801880.SI,20250311,7233.67,9728711.0
801880.SI,20250312,7271.15,10517175.0
801880.SI,20250313,7132.95,10223529.0
801880.SI,20250314,7340.44,10488651.0
801880.SI,20250317,7408.7,9620367.0
801880.SI,20250318,7451.16,9788652.0
801880.SI,20250319,7501.41,11135745.0
801880.SI,20250320,7563.63,11549364.0
801880.SI,20250321,7285.29,11886185.0
801880.SI,20250324,7249.99,9128815.0
801880.SI,20250325,7140.02,7945150.0
801880.SI,20250326,7227.95,7607953.0
801880.SI,20250327,7242.03,7563413.0
801880.SI,20250328,7209.99,6656842.0
801880.SI,20250331,7152.42,8068527.0
801880.SI,20250401,7088.27,7018146.0
801880.SI,20250402,7103.69,6637878.0
801880.SI,20250403,6955.07,6776870.0
801880.SI,20250407,6256.82,7136112.0
801880.SI,20250408,6155.05,9310046.0
801880.SI,20250409,6230.68,8845241.0
801880.SI,20250410,6430.42,8602031.0
801880.SI,20250411,6571.58,6783227.0
801880.SI,20250414,6689.01,7021556.0
801880.SI,20250415,6680.39,5811292.0
801880.SI,20250416,6576.61,5925537.0
801880.SI,20250417,6523.69,4891782.0
801880.SI,20250418,6519.48,3916105.0
801880.SI,20250421,6647.43,5095687.0
801880.SI,20250422,6635.02,4931060.0
801880.SI,20250423,6848.13,8210978.0
801880.SI,20250424,6791.95,7708360.0
801880.SI,20250425,6836.99,6583740.0
801880.SI,20250428,6728.42,6003541.0
801880.SI,20250429,6763.99,6289316.0
801880.SI,20250430,6871.66,7885256.0
801880.SI,20250506,7023.07,8343794.0
801880.SI,20250507,7030.2,9434006.0
801880.SI,20250508,7080.14,8595773.0
801880.SI,20250509,7011.35,8244924.0
801880.SI,20250512,7145.34,8807823.0
801880.SI,20250513,7109.19,8463487.0
801880.SI,20250514,7112.18,7490900.0
801880.SI,20250515,7045.52,7214770.0
801880.SI,20250516,7179.76,9309212.0
801880.SI,20250519,7156.4,8781332.0
801880.SI,20250520,7235.76,8559133.0
801880.SI,20250521,7272.09,9473439.0
801880.SI,20250522,7238.34,8851013.0
801880.SI,20250523,7268.98,10663818.0
801880.SI,20250526,7139.93,8386616.0
801880.SI,20250527,7065.18,7628641.0
801880.SI,20250528,7014.38,7651101.0
801880.SI,20250529,7106.25,8721642.0
801880.SI,20250530,6970.5,8547074.0
801880.SI,20250603,6951.4,7545383.0
801880.SI,20250604,6976.56,6589781.0
801880.SI,20250605,7026.54,7663922.0
801880.SI,20250606,6982.39,6642933.0
801880.SI,20250609,6984.61,7552027.0
801880.SI,20250610,6937.99,7995212.0
801880.SI,20250611,7055.74,8300079.0
801880.SI,20250612,7063.17,7789653.0
801880.SI,20250613,6923.15,8143423.0
801880.SI,20250616,6908.22,5736886.0
801880.SI,20250617,6869.94,5666244.0
801880.SI,20250618,6890.48,5875386.0
801880.SI,20250619,6789.47,6624844.0
801880.SI,20250620,6746.19,4918273.0
801880.SI,20250623,6766.37,4869556.0
801880.SI,20250624,6944.22,8262912.0
801880.SI,20250625,7042.73,8715476.0
801880.SI,20250626,6945.95,8549315.0
801880.SI,20250627,6940.78,7982494.0
801880.SI,20250630,6992.03,7511638.0
801880.SI,20250701,6989.39,7577745.0
801880.SI,20250702,6940.26,6294982.0
801880.SI,20250703,6985.04,5855350.0
801880.SI,20250704,6947.88,6107807.0
801880.SI,20250707,6940.12,5407633.0
801880.SI,20250708,6988.39,6296244.0
801880.SI,20250709,6951.57,7109921.0
801880.SI,20250710,6908.67,6210979.0
801880.SI,20250711,6919.33,6749099.0
801880.SI,20250714,6952.56,7127732.0
801880.SI,20250715,6992.59,7858655.0
801880.SI,20250716,7067.67,8803604.0
801880.SI,20250717,7158.33,10012748.0
801880.SI,20250718,7145.99,8081649.0
801880.SI,20250721,7203.85,8639320.0
801880.SI,20250722,7207.45,8483488.0
801880.SI,20250723,7168.06,7688623.0
801880.SI,20250724,7225.76,7368021.0
801880.SI,20250725,7219.27,7844688.0
801880.SI,20250728,7235.51,7838926.0
801880.SI,20250729,7212.81,7629529.0
801880.SI,20250730,7121.16,8029539.0
801880.SI,20250731,7021.49,7917084.0
801880.SI,20250801,7049.13,6507659.0
801880.SI,20250804,7110.19,7450661.0
801880.SI,20250805,7193.4,8673541.0
801880.SI,20250806,7278.53,10380313.0
801880.SI,20250807,7267.28,9348139.0
801880.SI,20250808,7238.17,8177287.0
801880.SI,20250811,7322.66,8691095.0
801880.SI,20250812,7350.37,9102535.0
801880.SI,20250813,7441.12,10616981.0
801880.SI,20250814,7341.52,11259866.0
801880.SI,20250815,7461.22,10959572.0
801880.SI,20250818,7563.0,13123551.0
801880.SI,20250819,7607.9,14086651.0
801880.SI,20250820,7754.99,12948670.0
801880.SI,20250821,7707.98,12582981.0
801880.SI,20250822,7812.21,12012219.0
801880.SI,20250825,7867.39,14032800.0
801880.SI,20250826,7896.71,12741263.0
801880.SI,20250827,7720.02,14790798.0
801880.SI,20250828,7743.52,13394050.0
801880.SI,20250829,7839.33,13977903.0
801880.SI,20250901,7804.0,12650656.0
801880.SI,20250902,7833.72,14016987.0
801880.SI,20250903,7718.88,12119983.0
801880.SI,20250904,7558.0,11522245.0
801880.SI,20250905,7739.4,10826211.0
801880.SI,20250908,7834.83,11793630.0
801880.SI,20250909,7848.17,11616835.0
801880.SI,20250910,7822.61,10868520.0
801880.SI,20250911,7929.43,11427468.0
801880.SI,20250912,7874.22,11368558.0
801880.SI,20250915,7987.65,13181834.0
801880.SI,20250916,8132.65,14965527.0
801880.SI,20250917,8299.02,14828343.0
801880.SI,20250918,8266.57,20007493.0
801880.SI,20250919,8106.53,15121282.0
801880.SI,20250922,8171.23,12733181.0
801880.SI,20250923,8138.61,14970557.0
801880.SI,20250924,8167.58,12929571.0
801880.SI,20250925,8152.34,12819884.0
801880.SI,20250926,8106.63,13321735.0
801880.SI,20250929,8204.57,11508150.0
801880.SI,20250930,8244.77,11491308.0
801880.SI,20251009,8212.8,12882413.0
801880.SI,20251010,8141.23,12973650.0
801880.SI,20251013,7951.33,11924569.0
801880.SI,20251014,7805.12,11411964.0
801880.SI,20251015,7990.0,11373862.0
801880.SI,20251016,7935.26,10369226.0
801880.SI,20251017,7653.53,10005328.0
801880.SI,20251020,7735.61,8249422.0
801880.SI,20251021,7831.04,8335308.0
801880.SI,20251022,7790.56,7768723.0
801880.SI,20251023,7785.3,7596947.0
801880.SI,20251024,7877.13,8317959.0
801880.SI,20251027,7929.37,9629258.0
801880.SI,20251028,7925.57,9740108.0
801880.SI,20251029,7984.9,9768121.0
801880.SI,20251030,7904.75,10604098.0
801880.SI,20251031,7949.25,10829715.0
801880.SI,20251103,7920.77,9746847.0
801880.SI,20251104,7807.04,9134908.0
801880.SI,20251105,7803.66,8174507.0
801880.SI,20251106,7942.91,9873162.0
801880.SI,20251107,7850.78,10171928.0
801880.SI,20251110,7814.23,9110897.0
801880.SI,20251111,7780.44,8437965.0
801880.SI,20251112,7717.61,7773609.0
801880.SI,20251113,7776.73,7484048.0
801880.SI,20251114,7684.8,7393599.0
801880.SI,20251117,7682.57,7369394.0
801880.SI,20251118,7593.12,6739920.0
801880.SI,20251119,7540.89,6273894.0
801880.SI,20251120,7449.47,5847593.0
801880.SI,20251121,7308.64,7587143.0
801880.SI,20251124,7378.0,6197055.0
801880.SI,20251125,7424.23,6585035.0
801880.SI,20251126,7463.69,6421316.0
801880.SI,20251127,7455.32,6032141.0
801880.SI,20251128,7545.76,6235498.0
801880.SI,20251201,7632.33,8022145.0
801880.SI,20251202,7590.77,6545677.0
801880.SI,20251203,7534.41,6453328.0
801880.SI,20251204,7555.63,7135891.0
801880.SI,20251205,7649.89,6811612.0
801880.SI,20251208,7676.45,7751660.0
801880.SI,20251209,7631.73,7452388.0
801880.SI,20251210,7700.71,7462321.0
801880.SI,20251211,7629.02,8048982.0
801880.SI,20251212,7662.0,8489098.0
801880.SI,20251215,7585.29,6851704.0
801880.SI,20251216,7534.08,8333774.0
801880.SI,20251217,7591.81,7929347.0
801880.SI,20251218,7542.9,7405544.0
801880.SI,20251219,7654.14,9054150.0
801880.SI,20251222,7722.06,9312266.0
801880.SI,20251223,7648.57,9224868.0
801880.SI,20251224,7707.51,8356784.0
801880.SI,20251225,7820.4,9673309.0
801880.SI,20251226,7863.75,11248354.0
801880.SI,20251229,7895.96,10436443.0
801880.SI,20251230,8002.57,11562566.0
801880.SI,20251231,7976.9,11676742.0
801890.SI,20221010,1298.09,2842322.0
801890.SI,20221011,1312.34,2633311.0
801890.SI,20221012,1364.91,3805121.0
801890.SI,20221013,1368.29,3695036.0
801890.SI,20221014,1397.31,3998911.0
801890.SI,20221017,1434.59,4498566.0
801890.SI,20221018,1438.77,4777076.0
801890.SI,20221019,1429.61,4366181.0
801890.SI,20221020,1416.63,4218583.0
801890.SI,20221021,1429.76,3914998.0
801890.SI,20221024,1425.3,4983754.0
801890.SI,20221025,1442.99,5656618.0
801890.SI,20221026,1462.21,5747447.0
801890.SI,20221027,1446.58,5265857.0
801890.SI,20221028,1396.91,4917802.0
801890.SI,20221031,1398.05,4455181.0
801890.SI,20221101,1443.27,4903442.0
801890.SI,20221102,1465.78,5276365.0
801890.SI,20221103,1473.41,4417844.0
801890.SI,20221104,1495.92,5535110.0
801890.SI,20221107,1491.31,4930863.0
801890.SI,20221108,1487.18,4088918.0
801890.SI,20221109,1488.55,3958691.0
801890.SI,20221110,1467.11,4254811.0
801890.SI,20221111,1490.04,5352432.0
801890.SI,20221114,1471.91,4573188.0
801890.SI,20221115,1508.37,4811260.0
801890.SI,20221116,1496.65,4391030.0
801890.SI,20221117,1493.44,3810474.0
801890.SI,20221118,1490.49,4487900.0
801890.SI,20221121,1508.69,4483062.0
801890.SI,20221122,1489.34,4339483.0
801890.SI,20221123,1488.68,4118341.0
801890.SI,20221124,1488.22,3882561.0
801890.SI,20221125,1469.5,3505089.0
801890.SI,20221128,1457.36,3292547.0
801890.SI,20221129,1481.31,3886525.0
801890.SI,20221130,1479.67,3632576.0
801890.SI,20221201,1485.84,4069838.0
801890.SI,20221202,1490.87,3666272.0
801890.SI,20221205,1504.83,4489582.0
801890.SI,20221206,1497.7,3905709.0
801890.SI,20221207,1487.51,3483806.0
801890.SI,20221208,1479.15,3315270.0
801890.SI,20221209,1479.13,3901743.0
801890.SI,20221212,1472.94,3609528.0
801890.SI,20221213,1454.01,3133986.0
801890.SI,20221214,1453.73,3268540.0
801890.SI,20221215,1462.44,3097515.0
801890.SI,20221216,1443.72,3128975.0
801890.SI,20221219,1420.7,2921236.0
801890.SI,20221220,1416.73,2855978.0
801890.SI,20221221,1400.68,2651057.0
801890.SI,20221222,1383.25,2616881.0
801890.SI,20221223,1371.55,2309921.0
801890.SI,20221226,1405.47,2538897.0
801890.SI,20221227,1412.63,2541537.0
801890.SI,20221228,1395.47,2310685.0
801890.SI,20221229,1394.02,2265981.0
801890.SI,20221230,1398.74,2225702.0
801890.SI,20230103,1426.24,3108975.0
801890.SI,20230104,1425.35,3395072.0
801890.SI,20230105,1435.31,3581581.0
801890.SI,20230106,1440.18,3664391.0
801890.SI,20230109,1449.88,3486552.0
801890.SI,20230110,1449.65,3079036.0
801890.SI,20230111,1436.11,3243608.0
801890.SI,20230112,1444.62,3470910.0
801890.SI,20230113,1451.42,3289610.0
801890.SI,20230116,1457.13,3436153.0
801890.SI,20230117,1467.82,3132856.0
801890.SI,20230118,1469.84,3081182.0
801890.SI,20230119,1478.61,3034533.0
801890.SI,20230120,1498.83,3482419.0
801890.SI,20230130,1521.8,4963862.0
801890.SI,20230131,1534.63,5015958.0
801890.SI,20230201,1550.56,5559247.0
801890.SI,20230202,1550.44,5475217.0
801890.SI,20230203,1545.37,4951660.0
801890.SI,20230206,1540.81,4532912.0
801890.SI,20230207,1557.36,5227183.0
801890.SI,20230208,1548.03,4561920.0
801890.SI,20230209,1572.55,4781148.0
801890.SI,20230210,1568.04,4558302.0
801890.SI,20230213,1606.0,6189936.0
801890.SI,20230214,1605.33,5424530.0
801890.SI,20230215,1605.16,5166287.0
801890.SI,20230216,1566.17,5977004.0
801890.SI,20230217,1553.86,4222599.0
801890.SI,20230220,1591.81,4965350.0
801890.SI,20230221,1598.1,4468025.0
801890.SI,20230222,1598.15,3775303.0
801890.SI,20230223,1597.63,3883191.0
801890.SI,20230224,1589.24,3639659.0
801890.SI,20230227,1577.72,3921657.0
801890.SI,20230228,1585.71,3336952.0
801890.SI,20230301,1601.62,4298717.0
801890.SI,20230302,1602.82,4808261.0
801890.SI,20230303,1600.26,4166490.0
801890.SI,20230306,1597.01,4693780.0
801890.SI,20230307,1559.42,4249450.0
801890.SI,20230308,1568.46,2999662.0
801890.SI,20230309,1568.07,3409733.0
801890.SI,20230310,1547.55,3355578.0
801890.SI,20230313,1552.92,3662738.0
801890.SI,20230314,1528.16,3938201.0
801890.SI,20230315,1539.44,3560271.0
801890.SI,20230316,1511.61,3581747.0
801890.SI,20230317,1515.72,3933259.0
801890.SI,20230320,1510.2,4189916.0
801890.SI,20230321,1529.47,3425816.0
801890.SI,20230322,1533.7,3651269.0
801890.SI,20230323,1534.77,3847772.0
801890.SI,20230324,1533.46,4306637.0
801890.SI,20230327,1540.29,4565222.0
801890.SI,20230328,1528.23,4083923.0
801890.SI,20230329,1529.24,4048931.0
801890.SI,20230330,1532.0,3719717.0
801890.SI,20230331,1539.88,3579972.0
801890.SI,20230403,1557.57,4402488.0
801890.SI,20230404,1547.3,5089812.0
801890.SI,20230406,1553.03,4622155.0
801890.SI,20230407,1557.79,4251204.0
801890.SI,20230410,1553.15,4917037.0
801890.SI,20230411,1552.7,4126058.0
801890.SI,20230412,1567.57,4403402.0
801890.SI,20230413,1545.26,4377420.0
801890.SI,20230414,1556.47,4099202.0
801890.SI,20230417,1561.88,4786805.0
801890.SI,20230418,1551.29,4471889.0
801890.SI,20230419,1543.34,4443499.0
801890.SI,20230420,1538.98,4433212.0
801890.SI,20230421,1509.52,5265900.0
801890.SI,20230424,1492.26,4738546.0
801890.SI,20230425,1460.53,4966465.0
801890.SI,20230426,1472.04,4703019.0
801890.SI,20230427,1472.01,4290746.0
801890.SI,20230428,1494.59,4428342.0
801890.SI,20230504,1489.64,4965703.0
801890.SI,20230505,1467.96,4561892.0
801890.SI,20230508,1478.84,4324358.0
801890.SI,20230509,1451.39,4316368.0
801890.SI,20230510,1455.8,3650838.0
801890.SI,20230511,1452.08,3244696.0
801890.SI,20230512,1431.43,3058419.0
801890.SI,20230515,1452.69,3321597.0
801890.SI,20230516,1448.89,3424862.0
801890.SI,20230517,1472.02,3889223.0
801890.SI,20230518,1491.35,5117127.0
801890.SI,20230519,1488.89,4964080.0
801890.SI,20230522,1498.2,4604763.0
801890.SI,20230523,1483.45,4585104.0
801890.SI,20230524,1487.0,5061880.0
801890.SI,20230525,1490.81,5588113.0
801890.SI,20230526,1489.47,5013546.0
801890.SI,20230529,1479.57,4723028.0
801890.SI,20230530,1488.69,5249830.0
801890.SI,20230531,1478.02,5047805.0
801890.SI,20230601,1480.2,4872158.0
801890.SI,20230602,1480.64,4564364.0
801890.SI,20230605,1478.8,4010195.0
801890.SI,20230606,1450.76,4831608.0
801890.SI,20230607,1451.92,4238589.0
801890.SI,20230608,1445.2,4102094.0
801890.SI,20230609,1449.84,4416319.0
801890.SI,20230612,1470.99,4671682.0
801890.SI,20230613,1478.41,4368983.0
801890.SI,20230614,1488.62,5095876.0
801890.SI,20230615,1524.05,6571232.0
801890.SI,20230616,1544.19,6753618.0
801890.SI,20230619,1551.71,7065433.0
801890.SI,20230620,1564.47,7468236.0
801890.SI,20230621,1543.88,7126097.0
801890.SI,20230626,1521.79,7019880.0
801890.SI,20230627,1544.22,5935841.0
801890.SI,20230628,1547.06,6560257.0
801890.SI,20230629,1571.66,7331489.0
801890.SI,20230630,1586.75,7360466.0
801890.SI,20230703,1582.93,7444604.0
801890.SI,20230704,1594.48,6619742.0
801890.SI,20230705,1590.47,6611411.0
801890.SI,20230706,1583.54,5776381.0
801890.SI,20230707,1570.83,5420672.0
801890.SI,20230710,1562.73,4842318.0
801890.SI,20230711,1583.67,4977070.0
801890.SI,20230712,1561.62,5726148.0
801890.SI,20230713,1570.95,5250569.0
801890.SI,20230714,1579.74,5865409.0
801890.SI,20230717,1580.31,5088888.0
801890.SI,20230718,1580.32,5288904.0
801890.SI,20230719,1570.43,4670716.0
801890.SI,20230720,1551.87,5369265.0
801890.SI,20230721,1535.1,4534090.0
801890.SI,20230724,1533.38,3504869.0
801890.SI,20230725,1560.93,4292175.0
801890.SI,20230726,1542.46,3828271.0
801890.SI,20230727,1531.56,3607671.0
801890.SI,20230728,1543.35,3745838.0
801890.SI,20230731,1559.16,4197448.0
801890.SI,20230801,1550.6,4041482.0
801890.SI,20230802,1558.76,4030986.0
801890.SI,20230803,1554.28,3386415.0
801890.SI,20230804,1555.85,3902240.0
801890.SI,20230807,1550.76,3540064.0
801890.SI,20230808,1539.15,3473666.0
801890.SI,20230809,1516.4,3411139.0
801890.SI,20230810,1519.31,2824517.0
801890.SI,20230811,1486.15,3378720.0
801890.SI,20230814,1489.5,3345313.0
801890.SI,20230815,1479.06,3231977.0
801890.SI,20230816,1461.28,2901304.0
801890.SI,20230817,1496.88,4085864.0
801890.SI,20230818,1475.67,4408644.0
801890.SI,20230821,1457.52,3950596.0
801890.SI,20230822,1466.38,4207671.0
801890.SI,20230823,1441.36,3812660.0
801890.SI,20230824,1429.39,3621306.0
801890.SI,20230825,1402.08,3661551.0
801890.SI,20230828,1415.12,4650350.0
801890.SI,20230829,1462.44,5641421.0
801890.SI,20230830,1475.13,5896453.0
801890.SI,20230831,1471.95,4936111.0
801890.SI,20230901,1480.47,4378814.0
801890.SI,20230904,1509.71,5165018.0
801890.SI,20230905,1506.97,4660198.0
801890.SI,20230906,1513.2,4568629.0
801890.SI,20230907,1485.46,4277676.0
801890.SI,20230908,1493.99,4203571.0
801890.SI,20230911,1498.91,4373080.0
801890.SI,20230912,1499.18,4159835.0
801890.SI,20230913,1479.8,4023163.0
801890.SI,20230914,1468.54,3524171.0
801890.SI,20230915,1463.32,3500150.0
801890.SI,20230918,1472.17,3755263.0
801890.SI,20230919,1460.41,3900988.0
801890.SI,20230920,1450.84,3571993.0
801890.SI,20230921,1442.03,3414286.0
801890.SI,20230922,1471.95,4364340.0
801890.SI,20230925,1471.61,5343352.0
801890.SI,20230926,1480.2,5772479.0
801890.SI,20230927,1485.64,5990080.0
801890.SI,20230928,1488.32,5701591.0
801890.SI,20231009,1480.96,5254428.0
801890.SI,20231010,1464.75,5524641.0
801890.SI,20231011,1466.97,5733436.0
801890.SI,20231012,1467.57,5046164.0
801890.SI,20231013,1451.93,4947155.0
801890.SI,20231016,1436.1,5034401.0
801890.SI,20231017,1431.73,4230529.0
801890.SI,20231018,1407.56,4352626.0
801890.SI,20231019,1391.33,4158145.0
801890.SI,20231020,1377.6,3742602.0
801890.SI,20231023,1343.43,3943100.0
801890.SI,20231024,1360.44,4397512.0
801890.SI,20231025,1381.18,4699342.0
801890.SI,20231026,1388.24,4652675.0
801890.SI,20231027,1404.98,5245450.0
801890.SI,20231030,1418.66,5642882.0
801890.SI,20231031,1400.41,5494650.0
801890.SI,20231101,1398.36,4698264.0
801890.SI,20231102,1380.95,4369866.0
801890.SI,20231103,1418.37,5905161.0
801890.SI,20231106,1448.45,6674473.0
801890.SI,20231107,1453.21,6220908.0
801890.SI,20231108,1454.15,6215235.0
801890.SI,20231109,1445.67,5815331.0
801890.SI,20231110,1440.46,4845442.0
801890.SI,20231113,1453.65,5466721.0
801890.SI,20231114,1460.76,5568932.0
801890.SI,20231115,1471.37,6079201.0
801890.SI,20231116,1455.8,5170341.0
801890.SI,20231117,1471.23,5410653.0
801890.SI,20231120,1494.93,7070617.0
801890.SI,20231121,1478.92,7083360.0
801890.SI,20231122,1452.94,5926352.0
801890.SI,20231123,1468.49,5208995.0
801890.SI,20231124,1448.01,5144516.0
801890.SI,20231127,1456.09,5050083.0
801890.SI,20231128,1470.12,5153267.0
801890.SI,20231129,1465.89,5647655.0
801890.SI,20231130,1461.98,5893624.0
801890.SI,20231201,1460.16,5378470.0
801890.SI,20231204,1456.41,5140028.0
801890.SI,20231205,1423.95,4786388.0
801890.SI,20231206,1422.62,4423088.0
801890.SI,20231207,1416.06,4656119.0
801890.SI,20231208,1412.11,5083945.0
801890.SI,20231211,1434.12,5474735.0
801890.SI,20231212,1432.63,4486852.0
801890.SI,20231213,1429.43,5662633.0
801890.SI,20231214,1421.29,5348580.0
801890.SI,20231215,1414.41,4465543.0
801890.SI,20231218,1393.67,4403023.0
801890.SI,20231219,1404.16,4307915.0
801890.SI,20231220,1394.05,4749850.0
801890.SI,20231221,1408.74,5220002.0
801890.SI,20231222,1397.57,5414442.0
801890.SI,20231225,1403.62,4549130.0
801890.SI,20231226,1380.87,4745070.0
801890.SI,20231227,1391.69,4293132.0
801890.SI,20231228,1423.56,5728328.0
801890.SI,20231229,1445.09,5791348.0
801890.SI,20240102,1443.61,5519143.0
801890.SI,20240103,1427.13,5385247.0
801890.SI,20240104,1417.63,4457717.0
801890.SI,20240105,1393.41,5016739.0
801890.SI,20240108,1364.48,4400186.0
801890.SI,20240109,1382.49,5176530.0
801890.SI,20240110,1363.69,5048730.0
801890.SI,20240111,1383.69,4767923.0
801890.SI,20240112,1371.84,4646823.0
801890.SI,20240115,1364.9,3917246.0
801890.SI,20240116,1359.54,4198524.0
801890.SI,20240117,1324.47,3986475.0
801890.SI,20240118,1320.6,4991481.0
801890.SI,20240119,1301.16,3703530.0
801890.SI,20240122,1236.49,4654128.0
801890.SI,20240123,1244.34,3996073.0
801890.SI,20240124,1261.26,4188649.0
801890.SI,20240125,1301.95,4845548.0
801890.SI,20240126,1292.3,4208741.0
801890.SI,20240129,1259.62,4166905.0
801890.SI,20240130,1227.62,3590083.0
801890.SI,20240131,1186.38,4253004.0
801890.SI,20240201,1178.27,3905327.0
801890.SI,20240202,1144.03,4560114.0
801890.SI,20240205,1090.08,5000480.0
801890.SI,20240206,1138.15,5438507.0
801890.SI,20240207,1149.6,5929700.0
801890.SI,20240208,1204.56,6465180.0
801890.SI,20240219,1225.91,5831192.0
801890.SI,20240220,1237.22,4546797.0
801890.SI,20240221,1246.77,5744006.0
801890.SI,20240222,1267.57,5103910.0
801890.SI,20240223,1288.91,6451422.0
801890.SI,20240226,1329.8,8968047.0
801890.SI,20240227,1355.34,8486631.0
801890.SI,20240228,1285.91,10511402.0
801890.SI,20240229,1340.06,8325194.0
801890.SI,20240301,1361.03,8615146.0
801890.SI,20240304,1369.18,8468717.0
801890.SI,20240305,1355.77,7836281.0
801890.SI,20240306,1377.68,8162292.0
801890.SI,20240307,1377.13,9933071.0
801890.SI,20240308,1391.42,8193206.0
801890.SI,20240311,1399.15,7853120.0
801890.SI,20240312,1398.76,8709735.0
801890.SI,20240313,1397.38,8055590.0
801890.SI,20240314,1390.6,7745685.0
801890.SI,20240315,1407.71,7465299.0
801890.SI,20240318,1431.09,8697394.0
801890.SI,20240319,1415.98,8667221.0
801890.SI,20240320,1422.18,7488003.0
801890.SI,20240321,1418.43,8227072.0
801890.SI,20240322,1401.83,7664387.0
801890.SI,20240325,1378.17,7413897.0
801890.SI,20240326,1374.54,6521703.0
801890.SI,20240327,1334.19,5887117.0
801890.SI,20240328,1364.79,6509515.0
801890.SI,20240329,1388.41,6235800.0
801890.SI,20240401,1416.79,6982592.0
801890.SI,20240402,1406.0,6670308.0
801890.SI,20240403,1390.17,5688888.0
801890.SI,20240408,1364.27,5226662.0
801890.SI,20240409,1369.06,4445995.0
801890.SI,20240410,1359.44,5781829.0
801890.SI,20240411,1376.56,6005636.0
801890.SI,20240412,1370.03,5617889.0
801890.SI,20240415,1363.27,7302642.0
801890.SI,20240416,1299.1,6702645.0
801890.SI,20240417,1369.98,6955167.0
801890.SI,20240418,1363.68,6667489.0
801890.SI,20240419,1360.64,5770437.0
801890.SI,20240422,1340.18,5410339.0
801890.SI,20240423,1336.07,5508504.0
801890.SI,20240424,1356.88,5794068.0
801890.SI,20240425,1348.11,5560242.0
801890.SI,20240426,1368.85,7187522.0
801890.SI,20240429,1391.67,7791436.0
801890.SI,20240430,1379.98,6455715.0
801890.SI,20240506,1415.48,6958697.0
801890.SI,20240507,1421.97,6331964.0
801890.SI,20240508,1400.41,5634554.0
801890.SI,20240509,1429.57,5903166.0
801890.SI,20240510,1414.47,5637651.0
801890.SI,20240513,1399.8,5629519.0
801890.SI,20240514,1397.84,4781075.0
801890.SI,20240515,1386.79,4452727.0
801890.SI,20240516,1385.49,4927407.0
801890.SI,20240517,1397.77,5310719.0
801890.SI,20240520,1396.02,5871702.0
801890.SI,20240521,1383.23,4663561.0
801890.SI,20240522,1384.35,4679199.0
801890.SI,20240523,1363.95,5071198.0
801890.SI,20240524,1352.49,4645560.0
801890.SI,20240527,1365.6,4627177.0
801890.SI,20240528,1347.39,4295654.0
801890.SI,20240529,1345.07,4154680.0
801890.SI,20240530,1342.44,4217199.0
801890.SI,20240531,1349.68,4767735.0
801890.SI,20240603,1332.74,5540946.0
801890.SI,20240604,1327.9,4996914.0
801890.SI,20240605,1302.45,4230674.0
801890.SI,20240606,1280.76,5542749.0
801890.SI,20240607,1291.45,4585927.0
801890.SI,20240611,1292.46,4246784.0
801890.SI,20240612,1308.75,4536243.0
801890.SI,20240613,1305.97,4808683.0
801890.SI,20240614,1298.37,4653255.0
801890.SI,20240617,1296.9,4399776.0
801890.SI,20240618,1318.92,5009643.0
801890.SI,20240619,1303.88,4753999.0
801890.SI,20240620,1278.35,4541884.0
801890.SI,20240621,1276.4,3762926.0
801890.SI,20240624,1240.24,4062773.0
801890.SI,20240625,1246.48,4084954.0
801890.SI,20240626,1266.98,4025531.0
801890.SI,20240627,1241.57,4133808.0
801890.SI,20240628,1256.85,4496998.0
801890.SI,20240701,1261.07,3947705.0
801890.SI,20240702,1241.47,4297290.0
801890.SI,20240703,1223.95,3526864.0
801890.SI,20240704,1207.88,3625487.0
801890.SI,20240705,1212.59,3416427.0
801890.SI,20240708,1184.4,3305649.0
801890.SI,20240709,1206.62,4370516.0
801890.SI,20240710,1202.24,3678449.0
801890.SI,20240711,1237.29,4420957.0
801890.SI,20240712,1225.12,3674011.0
801890.SI,20240715,1208.29,3220019.0
801890.SI,20240716,1206.3,3214314.0
801890.SI,20240717,1188.65,3376626.0
801890.SI,20240718,1199.62,3862182.0
801890.SI,20240719,1211.67,3790176.0
801890.SI,20240722,1212.17,3683234.0
801890.SI,20240723,1182.53,3891244.0
801890.SI,20240724,1169.52,4074490.0
801890.SI,20240725,1165.43,3802989.0
801890.SI,20240726,1189.65,4403904.0
801890.SI,20240729,1181.59,4514011.0
801890.SI,20240730,1181.36,4463230.0
801890.SI,20240731,1227.53,6099719.0
801890.SI,20240801,1230.94,6204141.0
801890.SI,20240802,1209.81,5383589.0
801890.SI,20240805,1178.17,5475604.0
801890.SI,20240806,1194.93,4555492.0
801890.SI,20240807,1194.56,4216790.0
801890.SI,20240808,1185.36,4070486.0
801890.SI,20240809,1179.01,3470723.0
801890.SI,20240812,1172.4,3159667.0
801890.SI,20240813,1177.64,3045853.0
801890.SI,20240814,1162.05,3139625.0
801890.SI,20240815,1176.41,3986379.0
801890.SI,20240816,1171.69,4062730.0
801890.SI,20240819,1177.88,3978766.0
801890.SI,20240820,1160.26,3938986.0
801890.SI,20240821,1157.23,3695678.0
801890.SI,20240822,1142.49,3911542.0
801890.SI,20240823,1142.17,3383489.0
801890.SI,20240826,1147.05,3482567.0
801890.SI,20240827,1130.16,3287821.0
801890.SI,20240828,1136.78,3119869.0
801890.SI,20240829,1155.09,4220189.0
801890.SI,20240830,1172.16,5653183.0
801890.SI,20240902,1150.63,4336411.0
801890.SI,20240903,1161.63,3500407.0
801890.SI,20240904,1155.39,3290220.0
801890.SI,20240905,1159.45,2996692.0
801890.SI,20240906,1138.53,3412993.0
801890.SI,20240909,1126.77,3137445.0
801890.SI,20240910,1137.91,3208722.0
801890.SI,20240911,1140.9,2789290.0
801890.SI,20240912,1138.79,2992271.0
801890.SI,20240913,1122.98,2863036.0
801890.SI,20240918,1130.43,2976566.0
801890.SI,20240919,1146.66,3800234.0
801890.SI,20240920,1140.67,3162506.0
801890.SI,20240923,1143.18,2933826.0
801890.SI,20240924,1189.34,5149469.0
801890.SI,20240925,1199.07,5998330.0
801890.SI,20240926,1238.73,5766401.0
801890.SI,20240927,1295.05,7496285.0
801890.SI,20240930,1431.32,14526436.0
801890.SI,20241008,1558.16,20102699.0
801890.SI,20241009,1419.8,15166737.0
801890.SI,20241010,1425.66,10863782.0
801890.SI,20241011,1358.11,8282174.0
801890.SI,20241014,1398.83,8067682.0
801890.SI,20241015,1369.16,8378949.0
801890.SI,20241016,1364.34,6911986.0
801890.SI,20241017,1358.05,7726103.0
801890.SI,20241018,1413.83,10719739.0
801890.SI,20241021,1428.93,11568252.0
801890.SI,20241022,1441.94,10832982.0
801890.SI,20241023,1442.83,11276918.0
801890.SI,20241024,1436.23,8817225.0
801890.SI,20241025,1462.78,10348599.0
801890.SI,20241028,1489.68,11327777.0
801890.SI,20241029,1469.31,13326709.0
801890.SI,20241030,1473.95,12430848.0
801890.SI,20241031,1496.36,14023718.0
801890.SI,20241101,1462.11,12765623.0
801890.SI,20241104,1502.5,10606943.0
801890.SI,20241105,1542.33,15381466.0
801890.SI,20241106,1550.64,16785708.0
801890.SI,20241107,1573.27,14919694.0
801890.SI,20241108,1577.52,15708935.0
801890.SI,20241111,1617.51,15913996.0
801890.SI,20241112,1583.61,14825895.0
801890.SI,20241113,1586.9,11115264.0
801890.SI,20241114,1541.38,10272735.0
801890.SI,20241115,1503.93,10247371.0
801890.SI,20241118,1475.78,10063336.0
801890.SI,20241119,1520.85,10315047.0
801890.SI,20241120,1551.7,11974789.0
801890.SI,20241121,1553.56,11639851.0
801890.SI,20241122,1498.9,11704460.0
801890.SI,20241125,1513.83,10026532.0
801890.SI,20241126,1487.16,9994163.0
801890.SI,20241127,1517.46,9677535.0
801890.SI,20241128,1513.16,10217684.0
801890.SI,20241129,1547.65,12374292.0
801890.SI,20241202,1585.78,14223239.0
801890.SI,20241203,1593.4,14860619.0
801890.SI,20241204,1597.35,17230260.0
801890.SI,20241205,1619.2,15631276.0
801890.SI,20241206,1629.83,18268773.0
801890.SI,20241209,1627.53,16441047.0
801890.SI,20241210,1647.84,20821518.0
801890.SI,20241211,1651.26,17863018.0
801890.SI,20241212,1651.24,16378162.0
801890.SI,20241213,1617.02,16263470.0
801890.SI,20241216,1595.62,13392383.0
801890.SI,20241217,1553.35,11367315.0
801890.SI,20241218,1557.8,10071266.0
801890.SI,20241219,1567.54,10471688.0
801890.SI,20241220,1580.34,12205706.0
801890.SI,20241223,1537.75,12129970.0
801890.SI,20241224,1558.58,9992894.0
801890.SI,20241225,1535.53,10120085.0
801890.SI,20241226,1559.17,10362016.0
801890.SI,20241227,1559.61,10509270.0
801890.SI,20241230,1553.27,8994400.0
801890.SI,20241231,1517.89,9294625.0
801890.SI,20250102,1480.61,9651668.0
801890.SI,20250103,1432.06,9381109.0
801890.SI,20250106,1420.7,7397691.0
801890.SI,20250107,1453.0,8219691.0
801890.SI,20250108,1464.02,10890139.0
801890.SI,20250109,1469.41,10657938.0
801890.SI,20250110,1454.16,11803972.0
801890.SI,20250113,1444.79,9763172.0
801890.SI,20250114,1526.88,12600329.0
801890.SI,20250115,1518.61,11078989.0
801890.SI,20250116,1528.48,12541901.0
801890.SI,20250117,1532.31,10754776.0
801890.SI,20250120,1542.57,10669105.0
801890.SI,20250121,1557.75,12049786.0
801890.SI,20250122,1544.88,10799432.0
801890.SI,20250123,1543.1,12909115.0
801890.SI,20250124,1567.68,11347397.0
801890.SI,20250127,1532.55,10068998.0
801890.SI,20250205,1544.79,11464213.0
801890.SI,20250206,1595.44,14738871.0
801890.SI,20250207,1616.1,17027220.0
801890.SI,20250210,1624.44,13553155.0
801890.SI,20250211,1626.07,13548152.0
801890.SI,20250212,1644.25,14328592.0
801890.SI,20250213,1612.08,14737879.0
801890.SI,20250214,1613.57,12419036.0
801890.SI,20250217,1644.7,14917487.0
801890.SI,20250218,1618.89,14735280.0
801890.SI,20250219,1688.29,18138744.0
801890.SI,20250220,1709.23,19316086.0
801890.SI,20250221,1738.98,20092916.0
801890.SI,20250224,1740.83,19985410.0
801890.SI,20250225,1747.82,19384511.0
801890.SI,20250226,1780.64,22310181.0
801890.SI,20250227,1772.86,20392042.0
801890.SI,20250228,1696.66,17307862.0
801890.SI,20250303,1690.96,14100521.0
801890.SI,20250304,1722.13,13275587.0
801890.SI,20250305,1753.76,15572201.0
801890.SI,20250306,1782.89,17438194.0
801890.SI,20250307,1789.24,17496499.0
801890.SI,20250310,1802.83,16155637.0
801890.SI,20250311,1803.12,15526171.0
801890.SI,20250312,1793.79,15981284.0
801890.SI,20250313,1746.36,15295004.0
801890.SI,20250314,1777.06,13884150.0
801890.SI,20250317,1780.95,13674611.0
801890.SI,20250318,1791.96,14144560.0
801890.SI,20250319,1793.67,14547100.0
801890.SI,20250320,1797.04,16326750.0
801890.SI,20250321,1762.65,17006159.0
801890.SI,20250324,1744.76,15569338.0
801890.SI,20250325,1725.15,13618914.0
801890.SI,20250326,1739.09,13634221.0
801890.SI,20250327,1722.17,12615803.0
801890.SI,20250328,1701.14,11597684.0
801890.SI,20250331,1678.87,12166356.0
801890.SI,20250401,1682.64,10473775.0
801890.SI,20250402,1691.39,9983356.0
801890.SI,20250403,1658.41,10410263.0
801890.SI,20250407,1456.28,10505958.0
801890.SI,20250408,1446.85,12492522.0
801890.SI,20250409,1484.63,13274093.0
801890.SI,20250410,1525.55,12573094.0
801890.SI,20250411,1545.89,10416505.0
801890.SI,20250414,1562.02,9718977.0
801890.SI,20250415,1558.13,8385523.0
801890.SI,20250416,1532.61,8163901.0
801890.SI,20250417,1532.89,7056991.0
801890.SI,20250418,1534.65,6459757.0
801890.SI,20250421,1565.78,7973814.0
801890.SI,20250422,1553.27,7602537.0
801890.SI,20250423,1591.57,11326513.0
801890.SI,20250424,1571.66,9729156.0
801890.SI,20250425,1575.92,7806433.0
801890.SI,20250428,1557.97,7583313.0
801890.SI,20250429,1580.39,8543839.0
801890.SI,20250430,1600.92,10401777.0
801890.SI,20250506,1649.54,12115027.0
801890.SI,20250507,1659.21,13414463.0
801890.SI,20250508,1676.32,12792826.0
801890.SI,20250509,1655.75,11723774.0
801890.SI,20250512,1692.87,12911905.0
801890.SI,20250513,1681.7,12057911.0
801890.SI,20250514,1675.49,11529389.0
801890.SI,20250515,1647.88,10079809.0
801890.SI,20250516,1661.6,10844409.0
801890.SI,20250519,1661.15,10565091.0
801890.SI,20250520,1667.16,10621766.0
801890.SI,20250521,1653.29,9263294.0
801890.SI,20250522,1635.43,8693007.0
801890.SI,20250523,1620.45,9350362.0
801890.SI,20250526,1632.73,8458321.0
801890.SI,20250527,1618.31,8908195.0
801890.SI,20250528,1620.27,9279961.0
801890.SI,20250529,1643.21,10186719.0
801890.SI,20250530,1613.54,9372490.0
801890.SI,20250603,1610.71,7778583.0
801890.SI,20250604,1619.12,8218048.0
801890.SI,20250605,1634.95,9865796.0
801890.SI,20250606,1628.53,8428852.0
801890.SI,20250609,1640.22,8520669.0
801890.SI,20250610,1622.53,9797477.0
801890.SI,20250611,1628.26,7826073.0
801890.SI,20250612,1629.3,7884273.0
801890.SI,20250613,1609.53,9289973.0
801890.SI,20250616,1613.78,7666663.0
801890.SI,20250617,1613.42,7880668.0
801890.SI,20250618,1616.58,7946395.0
801890.SI,20250619,1591.43,9326763.0
801890.SI,20250620,1574.84,7646934.0
801890.SI,20250623,1587.76,7206212.0
801890.SI,20250624,1626.31,10159569.0
801890.SI,20250625,1642.86,10155229.0
801890.SI,20250626,1634.21,9884683.0
801890.SI,20250627,1639.4,8344118.0
801890.SI,20250630,1659.05,9308702.0
801890.SI,20250701,1659.53,9734108.0
801890.SI,20250702,1654.21,10095160.0
801890.SI,20250703,1659.86,9135728.0
801890.SI,20250704,1643.73,8708571.0
801890.SI,20250707,1643.22,7430904.0
801890.SI,20250708,1666.46,9041581.0
801890.SI,20250709,1664.67,10751560.0
801890.SI,20250710,1663.91,8936396.0
801890.SI,20250711,1674.53,9676000.0
801890.SI,20250714,1695.06,10710112.0
801890.SI,20250715,1692.39,11256485.0
801890.SI,20250716,1705.05,11227771.0
801890.SI,20250717,1721.46,11477226.0
801890.SI,20250718,1723.25,10549392.0
801890.SI,20250721,1756.94,14409747.0
801890.SI,20250722,1777.9,16579498.0
801890.SI,20250723,1754.96,14688266.0
801890.SI,20250724,1774.75,13526054.0
801890.SI,20250725,1767.28,12873326.0
801890.SI,20250728,1776.95,12822804.0
801890.SI,20250729,1779.99,12428006.0
801890.SI,20250730,1764.04,12589371.0
801890.SI,20250731,1753.05,13231649.0
801890.SI,20250801,1753.79,12020580.0
801890.SI,20250804,1787.57,12650012.0
801890.SI,20250805,1805.11,14472048.0
801890.SI,20250806,1840.84,18507198.0
801890.SI,20250807,1839.58,17146568.0
801890.SI,20250808,1847.91,17077276.0
801890.SI,20250811,1872.59,16909645.0
801890.SI,20250812,1874.48,15904153.0
801890.SI,20250813,1898.03,17950242.0
801890.SI,20250814,1870.81,19431657.0
801890.SI,20250815,1907.19,18292733.0
801890.SI,20250818,1934.54,22159509.0
801890.SI,20250819,1939.18,22646012.0
801890.SI,20250820,1958.2,20035885.0
801890.SI,20250821,1937.01,18819009.0
801890.SI,20250822,1959.72,17835532.0
801890.SI,20250825,1991.6,22611800.0
801890.SI,20250826,1995.42,19865928.0
801890.SI,20250827,1954.89,23512579.0
801890.SI,20250828,1978.67,21615114.0
801890.SI,20250829,1979.45,18600519.0
801890.SI,20250901,1998.13,17976088.0
801890.SI,20250902,1976.03,23469558.0
801890.SI,20250903,1946.05,18588005.0
801890.SI,20250904,1894.17,18172251.0
801890.SI,20250905,1952.33,16043557.0
801890.SI,20250908,1999.21,19258644.0
801890.SI,20250909,1975.92,15396597.0
801890.SI,20250910,1981.1,14735703.0
801890.SI,20250911,2027.37,18025499.0
801890.SI,20250912,2020.96,18384856.0
801890.SI,20250915,2021.36,16053423.0
801890.SI,20250916,2063.09,20695663.0
801890.SI,20250917,2091.14,21225103.0
801890.SI,20250918,2078.51,27626089.0
801890.SI,20250919,2066.06,19934377.0
801890.SI,20250922,2083.84,17094830.0
801890.SI,20250923,2066.91,19908060.0
801890.SI,20250924,2104.41,18306048.0
801890.SI,20250925,2097.68,17606027.0
801890.SI,20250926,2049.28,16156297.0
801890.SI,20250929,2084.53,14004235.0
801890.SI,20250930,2084.16,13916370.0
801890.SI,20251009,2110.66,16968081.0
801890.SI,20251010,2078.65,16071948.0
801890.SI,20251013,2061.14,15777742.0
801890.SI,20251014,2022.24,17847969.0
801890.SI,20251015,2059.95,14443828.0
801890.SI,20251016,2032.08,12738960.0
801890.SI,20251017,1957.19,11973932.0
801890.SI,20251020,1985.29,11147151.0
801890.SI,20251021,2026.78,12659064.0
801890.SI,20251022,2031.56,13108864.0
801890.SI,20251023,2025.52,13054480.0
801890.SI,20251024,2049.39,15048261.0
801890.SI,20251027,2072.44,17514952.0
801890.SI,20251028,2062.55,15456421.0
801890.SI,20251029,2084.45,14879351.0
801890.SI,20251030,2056.84,16246823.0
801890.SI,20251031,2050.17,15648064.0
801890.SI,20251103,2049.85,14409933.0
801890.SI,20251104,2024.72,13107701.0
801890.SI,20251105,2033.12,12646877.0
801890.SI,20251106,2061.6,14109903.0
801890.SI,20251107,2047.17,12791119.0
801890.SI,20251110,2032.69,12812648.0
801890.SI,20251111,2029.15,12402121.0
801890.SI,20251112,2004.26,11942939.0
801890.SI,20251113,2020.94,11812936.0
801890.SI,20251114,2001.72,11555662.0
801890.SI,20251117,2006.95,11385873.0
801890.SI,20251118,1995.7,11466651.0
801890.SI,20251119,1974.74,10273176.0
801890.SI,20251120,1958.93,9254872.0
801890.SI,20251121,1906.12,11879478.0
801890.SI,20251124,1931.97,10153647.0
801890.SI,20251125,1949.69,10853471.0
801890.SI,20251126,1954.45,10707327.0
801890.SI,20251127,1953.11,10201498.0
801890.SI,20251128,1980.56,10195989.0
801890.SI,20251201,1993.44,11587090.0
801890.SI,20251202,1974.94,9654436.0
801890.SI,20251203,1971.11,10438751.0
801890.SI,20251204,1988.9,12098535.0
801890.SI,20251205,2035.35,14167206.0
801890.SI,20251208,2062.48,15810774.0
801890.SI,20251209,2050.05,14222136.0
801890.SI,20251210,2066.06,13018103.0
801890.SI,20251211,2038.66,13187032.0
801890.SI,20251212,2063.41,14838233.0
801890.SI,20251215,2035.28,13310370.0
801890.SI,20251216,1989.66,12577022.0
801890.SI,20251217,2020.43,12544388.0
801890.SI,20251218,2007.43,12012351.0
801890.SI,20251219,2031.21,11970623.0
801890.SI,20251222,2054.57,13625493.0
801890.SI,20251223,2054.53,14283245.0
801890.SI,20251224,2085.08,14188997.0
801890.SI,20251225,2116.63,17151457.0
801890.SI,20251226,2122.66,17135632.0
801890.SI,20251229,2125.38,16325766.0
801890.SI,20251230,2152.77,19244889.0
801890.SI,20251231,2150.73,18300584.0
801950.SI,20221010,3229.29,1628050.0
801950.SI,20221011,3206.89,1273561.0
801950.SI,20221012,3228.74,1262950.0
801950.SI,20221013,3093.9,1627810.0
801950.SI,20221014,3121.08,1303001.0
801950.SI,20221017,3086.45,1616842.0
801950.SI,20221018,3082.98,1254627.0
801950.SI,20221019,3084.14,1360342.0
801950.SI,20221020,3019.56,1154195.0
801950.SI,20221021,3036.54,898572.0
801950.SI,20221024,2970.51,1088407.0
801950.SI,20221025,2942.39,991345.0
801950.SI,20221026,2903.76,1132733.0
801950.SI,20221027,2923.43,1120539.0
801950.SI,20221028,2906.11,1440839.0
801950.SI,20221031,2793.26,1567974.0
801950.SI,20221101,2810.07,1464313.0
801950.SI,20221102,2855.81,1200580.0
801950.SI,20221103,2839.28,828330.0
801950.SI,20221104,2947.18,1366135.0
801950.SI,20221107,3002.01,1311156.0
801950.SI,20221108,2986.05,1015078.0
801950.SI,20221109,2941.46,786427.0
801950.SI,20221110,2939.78,853801.0
801950.SI,20221111,2997.28,1310058.0
801950.SI,20221114,2917.36,1589560.0
801950.SI,20221115,2935.47,1005373.0
801950.SI,20221116,2950.72,955581.0
801950.SI,20221117,2851.07,1505056.0
801950.SI,20221118,2822.81,1043878.0
801950.SI,20221121,2812.0,784837.0
801950.SI,20221122,2827.36,887885.0
801950.SI,20221123,2862.25,938543.0
801950.SI,20221124,2885.61,887008.0
801950.SI,20221125,2948.57,1309774.0
801950.SI,20221128,2919.31,1096836.0
801950.SI,20221129,2965.04,1289272.0
801950.SI,20221130,2998.37,1542508.0
801950.SI,20221201,2965.34,1344491.0
801950.SI,20221202,2935.67,886996.0
801950.SI,20221205,2981.14,1156073.0
801950.SI,20221206,2975.96,931910.0
801950.SI,20221207,2915.45,1043723.0
801950.SI,20221208,2907.74,720947.0
801950.SI,20221209,2928.4,1181624.0
801950.SI,20221212,2851.03,1314499.0
801950.SI,20221213,2863.43,712068.0
801950.SI,20221214,2879.7,778039.0
801950.SI,20221215,2835.61,739249.0
801950.SI,20221216,2845.6,686794.0
801950.SI,20221219,2776.29,682290.0
801950.SI,20221220,2757.88,540386.0
801950.SI,20221221,2740.61,411122.0
801950.SI,20221222,2678.61,641908.0
801950.SI,20221223,2683.19,487756.0
801950.SI,20221226,2695.77,470193.0
801950.SI,20221227,2745.13,665302.0
801950.SI,20221228,2727.59,535630.0
801950.SI,20221229,2667.78,560547.0
801950.SI,20221230,2672.19,426709.0
801950.SI,20230103,2694.61,675447.0
801950.SI,20230104,2640.68,821570.0
801950.SI,20230105,2647.05,671269.0
801950.SI,20230106,2673.76,693030.0
801950.SI,20230109,2694.19,794347.0
801950.SI,20230110,2669.48,589041.0
801950.SI,20230111,2776.39,1585250.0
801950.SI,20230112,2771.8,1044198.0
801950.SI,20230113,2770.1,779160.0
801950.SI,20230116,2761.75,841923.0
801950.SI,20230117,2750.26,663266.0
801950.SI,20230118,2764.46,769835.0
801950.SI,20230119,2789.5,747799.0
801950.SI,20230120,2837.1,1132053.0
801950.SI,20230130,2790.99,1305093.0
801950.SI,20230131,2809.86,974521.0
801950.SI,20230201,2813.36,872659.0
801950.SI,20230202,2835.58,1032296.0
801950.SI,20230203,2806.17,840997.0
801950.SI,20230206,2794.57,650761.0
801950.SI,20230207,2804.72,675266.0
801950.SI,20230208,2782.71,613086.0
801950.SI,20230209,2795.52,600130.0
801950.SI,20230210,2758.66,695240.0
801950.SI,20230213,2747.01,821715.0
801950.SI,20230214,2760.84,777059.0
801950.SI,20230215,2738.61,722634.0
801950.SI,20230216,2698.5,842719.0
801950.SI,20230217,2744.64,1144240.0
801950.SI,20230220,2814.78,1352144.0
801950.SI,20230221,2885.83,1675928.0
801950.SI,20230222,2893.44,1296610.0
801950.SI,20230223,2912.88,1847585.0
801950.SI,20230224,2898.97,985510.0
801950.SI,20230227,2912.48,1127527.0
801950.SI,20230228,2892.28,799466.0
801950.SI,20230301,2898.94,755011.0
801950.SI,20230302,2903.87,861187.0
801950.SI,20230303,2908.11,711140.0
801950.SI,20230306,2847.16,1027145.0
801950.SI,20230307,2864.56,1176723.0
801950.SI,20230308,2845.6,642250.0
801950.SI,20230309,2841.75,644292.0
801950.SI,20230310,2784.33,697193.0
801950.SI,20230313,2817.74,657841.0
801950.SI,20230314,2775.26,770694.0
801950.SI,20230315,2781.37,695000.0
801950.SI,20230316,2689.89,967477.0
801950.SI,20230317,2712.48,764799.0
801950.SI,20230320,2702.94,755465.0
801950.SI,20230321,2699.88,583796.0
801950.SI,20230322,2724.5,653194.0
801950.SI,20230323,2750.38,711990.0
801950.SI,20230324,2723.44,765657.0
801950.SI,20230327,2728.21,1158806.0
801950.SI,20230328,2706.65,882549.0
801950.SI,20230329,2694.11,691815.0
801950.SI,20230330,2772.08,1114098.0
801950.SI,20230331,2763.69,734796.0
801950.SI,20230403,2763.64,895185.0
801950.SI,20230404,2764.35,741740.0
801950.SI,20230406,2727.97,718828.0
801950.SI,20230407,2708.11,593028.0
801950.SI,20230410,2676.73,688359.0
801950.SI,20230411,2665.88,604944.0
801950.SI,20230412,2686.39,668555.0
801950.SI,20230413,2681.31,639038.0
801950.SI,20230414,2687.02,688103.0
801950.SI,20230417,2744.87,1232861.0
801950.SI,20230418,2799.04,1399724.0
801950.SI,20230419,2792.13,1071463.0
801950.SI,20230420,2768.7,939842.0
801950.SI,20230421,2724.49,787416.0
801950.SI,20230424,2691.97,782367.0
801950.SI,20230425,2659.56,866708.0
801950.SI,20230426,2686.39,812335.0
801950.SI,20230427,2681.96,1025936.0
801950.SI,20230428,2714.09,908143.0
801950.SI,20230504,2721.98,1013169.0
801950.SI,20230505,2711.57,802247.0
801950.SI,20230508,2809.28,1466781.0
801950.SI,20230509,2808.24,1420495.0
801950.SI,20230510,2782.72,833815.0
801950.SI,20230511,2790.83,720354.0
801950.SI,20230512,2753.61,705293.0
801950.SI,20230515,2792.2,815602.0
801950.SI,20230516,2795.59,789873.0
801950.SI,20230517,2775.0,517100.0
801950.SI,20230518,2783.72,576849.0
801950.SI,20230519,2763.96,549693.0
801950.SI,20230522,2742.63,635696.0
801950.SI,20230523,2722.44,586614.0
801950.SI,20230524,2685.66,649430.0
801950.SI,20230525,2652.4,726189.0
801950.SI,20230526,2592.01,799488.0
801950.SI,20230529,2582.9,807918.0
801950.SI,20230530,2573.36,690480.0
801950.SI,20230531,2495.74,1026301.0
801950.SI,20230601,2486.75,621850.0
801950.SI,20230602,2518.39,605807.0
801950.SI,20230605,2530.0,566397.0
801950.SI,20230606,2543.61,752039.0
801950.SI,20230607,2528.71,510203.0
801950.SI,20230608,2525.46,562214.0
801950.SI,20230609,2523.76,504838.0
801950.SI,20230612,2538.1,587271.0
801950.SI,20230613,2512.81,569806.0
801950.SI,20230614,2514.25,546648.0
801950.SI,20230615,2531.95,611694.0
801950.SI,20230616,2530.38,591187.0
801950.SI,20230619,2515.63,514244.0
801950.SI,20230620,2494.06,454377.0
801950.SI,20230621,2459.03,475521.0
801950.SI,20230626,2438.25,507275.0
801950.SI,20230627,2481.03,543437.0
801950.SI,20230628,2538.53,985187.0
801950.SI,20230629,2505.67,742204.0
801950.SI,20230630,2537.09,643032.0
801950.SI,20230703,2584.96,832546.0
801950.SI,20230704,2585.1,634126.0
801950.SI,20230705,2560.73,645135.0
801950.SI,20230706,2556.9,502793.0
801950.SI,20230707,2572.35,572272.0
801950.SI,20230710,2576.91,580329.0
801950.SI,20230711,2554.74,565852.0
801950.SI,20230712,2514.43,521113.0
801950.SI,20230713,2525.7,479201.0
801950.SI,20230714,2537.42,539689.0
801950.SI,20230717,2468.11,543281.0
801950.SI,20230718,2465.68,427435.0
801950.SI,20230719,2470.04,383511.0
801950.SI,20230720,2472.48,468139.0
801950.SI,20230721,2452.5,371401.0
801950.SI,20230724,2431.2,353883.0
801950.SI,20230725,2477.79,569562.0
801950.SI,20230726,2487.82,491255.0
801950.SI,20230727,2474.28,455463.0
801950.SI,20230728,2497.26,552472.0
801950.SI,20230731,2488.42,787848.0
801950.SI,20230801,2506.08,688580.0
801950.SI,20230802,2465.8,650884.0
801950.SI,20230803,2465.18,431095.0
801950.SI,20230804,2453.47,496572.0
801950.SI,20230807,2441.28,408737.0
801950.SI,20230808,2456.79,492114.0
801950.SI,20230809,2438.62,396328.0
801950.SI,20230810,2490.93,767813.0
801950.SI,20230811,2435.45,574369.0
801950.SI,20230814,2424.89,412960.0
801950.SI,20230815,2426.09,352242.0
801950.SI,20230816,2414.51,291275.0
801950.SI,20230817,2410.7,391092.0
801950.SI,20230818,2395.81,414509.0
801950.SI,20230821,2365.23,379069.0
801950.SI,20230822,2389.97,428315.0
801950.SI,20230823,2426.45,845501.0
801950.SI,20230824,2401.99,515506.0
801950.SI,20230825,2386.68,415848.0
801950.SI,20230828,2459.97,1248833.0
801950.SI,20230829,2463.3,800520.0
801950.SI,20230830,2445.46,628909.0
801950.SI,20230831,2436.41,550806.0
801950.SI,20230901,2534.94,1460237.0
801950.SI,20230904,2614.25,1794523.0
801950.SI,20230905,2628.09,1190665.0
801950.SI,20230906,2633.64,1028942.0
801950.SI,20230907,2634.05,1108218.0
801950.SI,20230908,2591.97,715253.0
801950.SI,20230911,2610.65,988538.0
801950.SI,20230912,2602.08,632967.0
801950.SI,20230913,2630.47,857298.0
801950.SI,20230914,2720.14,1831159.0
801950.SI,20230915,2704.48,1280726.0
801950.SI,20230918,2725.12,1089391.0
801950.SI,20230919,2732.77,1256511.0
801950.SI,20230920,2719.46,853292.0
801950.SI,20230921,2699.77,798888.0
801950.SI,20230922,2685.01,942046.0
801950.SI,20230925,2686.91,756543.0
801950.SI,20230926,2664.04,594653.0
801950.SI,20230927,2642.09,561866.0
801950.SI,20230928,2670.53,779633.0
801950.SI,20231009,2695.21,757598.0
801950.SI,20231010,2651.97,621203.0
801950.SI,20231011,2623.09,724771.0
801950.SI,20231012,2622.37,538112.0
801950.SI,20231013,2634.71,458517.0
801950.SI,20231016,2670.3,730569.0
801950.SI,20231017,2680.53,599704.0
801950.SI,20231018,2666.02,607255.0
801950.SI,20231019,2625.74,568382.0
801950.SI,20231020,2612.86,480501.0
801950.SI,20231023,2578.54,533924.0
801950.SI,20231024,2602.7,595436.0
801950.SI,20231025,2625.36,784721.0
801950.SI,20231026,2594.49,755152.0
801950.SI,20231027,2584.51,616980.0
801950.SI,20231030,2557.69,744896.0
801950.SI,20231031,2590.1,666512.0
801950.SI,20231101,2575.58,487259.0
801950.SI,20231102,2572.78,421984.0
801950.SI,20231103,2577.8,519189.0
801950.SI,20231106,2537.97,808412.0
801950.SI,20231107,2557.43,573791.0
801950.SI,20231108,2546.03,533956.0
801950.SI,20231109,2622.52,1159291.0
801950.SI,20231110,2652.52,948771.0
801950.SI,20231113,2658.9,816893.0
801950.SI,20231114,2629.19,647413.0
801950.SI,20231115,2650.17,647408.0
801950.SI,20231116,2655.63,719945.0
801950.SI,20231117,2652.28,656203.0
801950.SI,20231120,2645.78,535607.0
801950.SI,20231121,2655.87,768967.0
801950.SI,20231122,2651.73,600117.0
801950.SI,20231123,2685.28,626997.0
801950.SI,20231124,2712.18,1045251.0
801950.SI,20231127,2755.13,1247119.0
801950.SI,20231128,2751.78,869512.0
801950.SI,20231129,2778.33,1030646.0
801950.SI,20231130,2772.94,927573.0
801950.SI,20231201,2794.49,859246.0
801950.SI,20231204,2816.22,840941.0
801950.SI,20231205,2760.93,849369.0
801950.SI,20231206,2763.37,677686.0
801950.SI,20231207,2742.54,629233.0
801950.SI,20231208,2725.6,1022307.0
801950.SI,20231211,2793.21,1046367.0
801950.SI,20231212,2809.3,656260.0
801950.SI,20231213,2781.71,561765.0
801950.SI,20231214,2793.72,730661.0
801950.SI,20231215,2770.72,660213.0
801950.SI,20231218,2777.03,704557.0
801950.SI,20231219,2764.15,577236.0
801950.SI,20231220,2774.68,802150.0
801950.SI,20231221,2771.26,850444.0
801950.SI,20231222,2798.87,952768.0
801950.SI,20231225,2823.63,750185.0
801950.SI,20231226,2781.88,1175782.0
801950.SI,20231227,2807.31,792184.0
801950.SI,20231228,2763.41,1136942.0
801950.SI,20231229,2782.24,739482.0
801950.SI,20240102,2876.0,1378001.0
801950.SI,20240103,2916.13,1228323.0
801950.SI,20240104,2944.74,1255119.0
801950.SI,20240105,2937.7,1159877.0
801950.SI,20240108,2922.74,1016947.0
801950.SI,20240109,2954.13,962416.0
801950.SI,20240110,2928.49,824189.0
801950.SI,20240111,2886.46,963733.0
801950.SI,20240112,2903.69,709992.0
801950.SI,20240115,2917.16,827549.0
801950.SI,20240116,2916.98,756863.0
801950.SI,20240117,2880.68,761104.0
801950.SI,20240118,2866.79,1071204.0
801950.SI,20240119,2813.09,825678.0
801950.SI,20240122,2740.08,861033.0
801950.SI,20240123,2797.34,780568.0
801950.SI,20240124,2862.51,858661.0
801950.SI,20240125,2955.09,1168802.0
801950.SI,20240126,2988.11,1008401.0
801950.SI,20240129,2975.96,934055.0
801950.SI,20240130,2949.26,779639.0
801950.SI,20240131,2967.68,1008630.0
801950.SI,20240201,2918.34,853752.0
801950.SI,20240202,2918.29,985359.0
801950.SI,20240205,2932.01,1169751.0
801950.SI,20240206,2940.71,1235422.0
801950.SI,20240207,3005.76,1462226.0
801950.SI,20240208,3016.23,1247452.0
801950.SI,20240219,3149.2,1463942.0
801950.SI,20240220,3173.39,1190038.0
801950.SI,20240221,3155.08,1295003.0
801950.SI,20240222,3314.19,1694065.0
801950.SI,20240223,3261.78,1406882.0
801950.SI,20240226,3189.08,1408587.0
801950.SI,20240227,3195.37,990729.0
801950.SI,20240228,3183.86,1489978.0
801950.SI,20240229,3192.27,1172040.0
801950.SI,20240301,3229.01,1422916.0
801950.SI,20240304,3296.38,1549389.0
801950.SI,20240305,3294.69,1282618.0
801950.SI,20240306,3313.57,1317192.0
801950.SI,20240307,3344.11,1217729.0
801950.SI,20240308,3319.85,1147238.0
801950.SI,20240311,3223.22,1541514.0
801950.SI,20240312,3111.42,1708820.0
801950.SI,20240313,3096.61,1137522.0
801950.SI,20240314,3115.23,1117851.0
801950.SI,20240315,3079.53,1453662.0
801950.SI,20240318,3037.42,1357727.0
801950.SI,20240319,3071.88,1479081.0
801950.SI,20240320,3085.49,1201602.0
801950.SI,20240321,3079.83,1114522.0
801950.SI,20240322,3089.52,1104713.0
801950.SI,20240325,3081.33,1300608.0
801950.SI,20240326,3016.71,1239058.0
801950.SI,20240327,3010.04,913162.0
801950.SI,20240328,3018.73,879742.0
801950.SI,20240329,3073.39,931061.0
801950.SI,20240401,3041.53,1235305.0
801950.SI,20240402,3068.69,1131417.0
801950.SI,20240403,3145.41,1331856.0
801950.SI,20240408,3130.98,1362595.0
801950.SI,20240409,3138.45,914297.0
801950.SI,20240410,3179.91,1260179.0
801950.SI,20240411,3217.95,1281091.0
801950.SI,20240412,3203.86,988236.0
801950.SI,20240415,3279.73,1479405.0
801950.SI,20240416,3276.31,1578360.0
801950.SI,20240417,3310.3,1100040.0
801950.SI,20240418,3303.14,1293860.0
801950.SI,20240419,3309.15,1182462.0
801950.SI,20240422,3160.22,1524554.0
801950.SI,20240423,3088.17,1156499.0
801950.SI,20240424,3071.74,952343.0
801950.SI,20240425,3099.56,861168.0
801950.SI,20240426,3077.35,1225781.0
801950.SI,20240429,3074.4,1407820.0
801950.SI,20240430,3101.49,990122.0
801950.SI,20240506,3116.88,1169391.0
801950.SI,20240507,3144.09,870675.0
801950.SI,20240508,3222.13,1323065.0
801950.SI,20240509,3221.65,933016.0
801950.SI,20240510,3230.94,836620.0
801950.SI,20240513,3199.26,955385.0
801950.SI,20240514,3151.84,1101667.0
801950.SI,20240515,3162.49,752087.0
801950.SI,20240516,3138.12,790881.0
801950.SI,20240517,3163.03,629125.0
801950.SI,20240520,3268.67,1218800.0
801950.SI,20240521,3299.65,923112.0
801950.SI,20240522,3302.02,1034008.0
801950.SI,20240523,3258.76,793057.0
801950.SI,20240524,3232.24,716730.0
801950.SI,20240527,3298.5,1061079.0
801950.SI,20240528,3324.21,901673.0
801950.SI,20240529,3358.08,898043.0
801950.SI,20240530,3293.5,971144.0
801950.SI,20240531,3297.75,813608.0
801950.SI,20240603,3300.54,880306.0
801950.SI,20240604,3241.83,961233.0
801950.SI,20240605,3219.0,782090.0
801950.SI,20240606,3271.56,1024251.0
801950.SI,20240607,3291.45,735432.0
801950.SI,20240611,3242.45,892491.0
801950.SI,20240612,3350.85,1004832.0
801950.SI,20240613,3315.31,820659.0
801950.SI,20240614,3295.16,871906.0
801950.SI,20240617,3223.13,911693.0
801950.SI,20240618,3224.41,607416.0
801950.SI,20240619,3201.13,609787.0
801950.SI,20240620,3240.08,748182.0
801950.SI,20240621,3208.86,631527.0
801950.SI,20240624,3148.31,781290.0
801950.SI,20240625,3138.42,593701.0
801950.SI,20240626,3138.31,645366.0
801950.SI,20240627,3104.95,659532.0
801950.SI,20240628,3115.01,629743.0
801950.SI,20240701,3216.74,748985.0
801950.SI,20240702,3213.26,651584.0
801950.SI,20240703,3159.38,560825.0
801950.SI,20240704,3140.41,558634.0
801950.SI,20240705,3127.73,594426.0
801950.SI,20240708,3062.25,652495.0
801950.SI,20240709,3086.54,659536.0
801950.SI,20240710,2946.51,1127920.0
801950.SI,20240711,2965.45,814496.0
801950.SI,20240712,2893.44,803794.0
801950.SI,20240715,2950.57,753947.0
801950.SI,20240716,2948.71,531155.0
801950.SI,20240717,2888.49,625582.0
801950.SI,20240718,2892.46,500699.0
801950.SI,20240719,2888.79,478967.0
801950.SI,20240722,2851.22,731249.0
801950.SI,20240723,2795.65,512654.0
801950.SI,20240724,2800.6,666780.0
801950.SI,20240725,2763.3,486907.0
801950.SI,20240726,2776.76,432873.0
801950.SI,20240729,2757.31,391444.0
801950.SI,20240730,2707.2,448544.0
801950.SI,20240731,2776.72,680327.0
801950.SI,20240801,2747.07,573445.0
801950.SI,20240802,2731.39,429010.0
801950.SI,20240805,2691.14,534036.0
801950.SI,20240806,2699.75,501970.0
801950.SI,20240807,2736.59,547715.0
801950.SI,20240808,2731.09,469465.0
801950.SI,20240809,2743.71,608851.0
801950.SI,20240812,2764.93,529273.0
801950.SI,20240813,2755.03,462997.0
801950.SI,20240814,2726.81,357044.0
801950.SI,20240815,2787.5,571762.0
801950.SI,20240816,2797.18,439505.0
801950.SI,20240819,2795.07,508981.0
801950.SI,20240820,2701.71,681616.0
801950.SI,20240821,2698.26,621189.0
801950.SI,20240822,2687.9,463374.0
801950.SI,20240823,2699.07,463058.0
801950.SI,20240826,2703.64,431040.0
801950.SI,20240827,2745.33,544334.0
801950.SI,20240828,2740.81,507429.0
801950.SI,20240829,2729.26,433952.0
801950.SI,20240830,2750.62,760717.0
801950.SI,20240902,2779.47,773037.0
801950.SI,20240903,2745.9,602409.0
801950.SI,20240904,2707.24,476281.0
801950.SI,20240905,2668.93,500424.0
801950.SI,20240906,2610.13,450202.0
801950.SI,20240909,2547.82,636756.0
801950.SI,20240910,2556.24,462315.0
801950.SI,20240911,2510.08,503425.0
801950.SI,20240912,2541.04,482809.0
801950.SI,20240913,2529.72,408458.0
801950.SI,20240918,2590.82,480379.0
801950.SI,20240919,2603.78,555500.0
801950.SI,20240920,2621.71,458590.0
801950.SI,20240923,2666.08,485091.0
801950.SI,20240924,2815.21,1025373.0
801950.SI,20240925,2833.98,1130843.0
801950.SI,20240926,2943.23,1029216.0
801950.SI,20240927,2972.95,893811.0
801950.SI,20240930,3153.7,2624263.0
801950.SI,20241008,3121.6,3307937.0
801950.SI,20241009,2893.22,1992183.0
801950.SI,20241010,3046.53,2187133.0
801950.SI,20241011,2974.26,1499474.0
801950.SI,20241014,3027.76,1236421.0
801950.SI,20241015,2944.03,993425.0
801950.SI,20241016,2934.74,766436.0
801950.SI,20241017,2901.34,744747.0
801950.SI,20241018,2947.29,1093833.0
801950.SI,20241021,2934.2,1025177.0
801950.SI,20241022,2956.29,822015.0
801950.SI,20241023,2958.3,1091126.0
801950.SI,20241024,2955.01,914655.0
801950.SI,20241025,2956.83,927422.0
801950.SI,20241028,3009.43,1385701.0
801950.SI,20241029,2935.05,1319241.0
801950.SI,20241030,2914.29,984145.0
801950.SI,20241031,2900.21,1120870.0
801950.SI,20241101,2939.25,1231618.0
801950.SI,20241104,2946.41,868680.0
801950.SI,20241105,2982.3,1377472.0
801950.SI,20241106,2954.91,1764070.0
801950.SI,20241107,3022.8,1981988.0
801950.SI,20241108,2996.76,1907788.0
801950.SI,20241111,2950.65,1606376.0
801950.SI,20241112,2910.81,1560127.0
801950.SI,20241113,2929.85,1144603.0
801950.SI,20241114,2889.97,1060811.0
801950.SI,20241115,2893.24,978864.0
801950.SI,20241118,2959.81,1777450.0
801950.SI,20241119,2948.34,1372305.0
801950.SI,20241120,2961.56,1055644.0
801950.SI,20241121,2970.03,998004.0
801950.SI,20241122,2867.86,1120397.0
801950.SI,20241125,2864.79,801312.0
801950.SI,20241126,2854.74,630475.0
801950.SI,20241127,2886.31,795230.0
801950.SI,20241128,2857.84,708851.0
801950.SI,20241129,2867.41,840760.0
801950.SI,20241202,2891.92,1135137.0
801950.SI,20241203,2925.36,1005692.0
801950.SI,20241204,2989.54,1364601.0
801950.SI,20241205,2986.5,987434.0
801950.SI,20241206,3022.0,1503635.0
801950.SI,20241209,3028.03,2050620.0
801950.SI,20241210,3024.47,2028557.0
801950.SI,20241211,3080.44,1665258.0
801950.SI,20241212,3063.45,1338162.0
801950.SI,20241213,2991.11,1714916.0
801950.SI,20241216,3022.48,1309518.0
801950.SI,20241217,2997.18,1117808.0
801950.SI,20241218,3023.95,1105651.0
801950.SI,20241219,2964.7,1216181.0
801950.SI,20241220,2897.37,1159952.0
801950.SI,20241223,2879.34,965257.0
801950.SI,20241224,2884.28,930248.0
801950.SI,20241225,2917.0,976949.0
801950.SI,20241226,2880.25,878266.0
801950.SI,20241227,2881.84,923415.0
801950.SI,20241230,2916.73,1072801.0
801950.SI,20241231,2904.91,1271279.0
801950.SI,20250102,2834.78,1225076.0
801950.SI,20250103,2835.48,1135850.0
801950.SI,20250106,2824.39,1015637.0
801950.SI,20250107,2792.74,873585.0
801950.SI,20250108,2767.48,863323.0
801950.SI,20250109,2724.98,883915.0
801950.SI,20250110,2688.97,869181.0
801950.SI,20250113,2680.59,672400.0
801950.SI,20250114,2724.64,796543.0
801950.SI,20250115,2708.78,716956.0
801950.SI,20250116,2748.61,945630.0
801950.SI,20250117,2732.97,635674.0
801950.SI,20250120,2698.48,751585.0
801950.SI,20250121,2662.33,681418.0
801950.SI,20250122,2638.93,566871.0
801950.SI,20250123,2651.48,654189.0
801950.SI,20250124,2680.21,659495.0
801950.SI,20250127,2712.17,664178.0
801950.SI,20250205,2652.49,708331.0
801950.SI,20250206,2661.08,661376.0
801950.SI,20250207,2688.84,900083.0
801950.SI,20250210,2681.43,793372.0
801950.SI,20250211,2671.01,667655.0
801950.SI,20250212,2659.68,703465.0
801950.SI,20250213,2652.75,729716.0
801950.SI,20250214,2648.63,645097.0
801950.SI,20250217,2616.26,921083.0
801950.SI,20250218,2576.05,877991.0
801950.SI,20250219,2553.35,789132.0
801950.SI,20250220,2553.01,700875.0
801950.SI,20250221,2534.5,872354.0
801950.SI,20250224,2540.89,915092.0
801950.SI,20250225,2531.76,964635.0
801950.SI,20250226,2546.05,754104.0
801950.SI,20250227,2535.59,752149.0
801950.SI,20250228,2506.49,815691.0
801950.SI,20250303,2517.82,673154.0
801950.SI,20250304,2491.32,604592.0
801950.SI,20250305,2486.71,635296.0
801950.SI,20250306,2497.0,610469.0
801950.SI,20250307,2517.67,789700.0
801950.SI,20250310,2552.86,798706.0
801950.SI,20250311,2557.01,748572.0
801950.SI,20250312,2536.64,602694.0
801950.SI,20250313,2642.66,2055793.0
801950.SI,20250314,2639.56,1345893.0
801950.SI,20250317,2630.23,951235.0
801950.SI,20250318,2613.8,757031.0
801950.SI,20250319,2610.76,753382.0
801950.SI,20250320,2621.95,977759.0
801950.SI,20250321,2616.87,986417.0
801950.SI,20250324,2627.78,995075.0
801950.SI,20250325,2677.62,1298272.0
801950.SI,20250326,2675.79,1024523.0
801950.SI,20250327,2655.36,796278.0
801950.SI,20250328,2614.27,790794.0
801950.SI,20250331,2597.39,809143.0
801950.SI,20250401,2630.97,634691.0
801950.SI,20250402,2629.09,514619.0
801950.SI,20250403,2629.92,578786.0
801950.SI,20250407,2440.15,1315226.0
801950.SI,20250408,2521.01,1048963.0
801950.SI,20250409,2524.8,1045794.0
801950.SI,20250410,2527.08,834303.0
801950.SI,20250411,2497.38,613587.0
801950.SI,20250414,2559.9,750898.0
801950.SI,20250415,2561.46,574456.0
801950.SI,20250416,2578.37,691921.0
801950.SI,20250417,2576.16,561263.0
801950.SI,20250418,2564.99,558404.0
801950.SI,20250421,2556.69,580868.0
801950.SI,20250422,2553.86,559142.0
801950.SI,20250423,2547.43,526164.0
801950.SI,20250424,2563.84,615329.0
801950.SI,20250425,2548.73,709228.0
801950.SI,20250428,2510.48,820771.0
801950.SI,20250429,2497.64,575960.0
801950.SI,20250430,2485.03,574205.0
801950.SI,20250506,2503.52,606665.0
801950.SI,20250507,2524.87,648848.0
801950.SI,20250508,2520.34,487941.0
801950.SI,20250509,2522.92,528918.0
801950.SI,20250512,2524.22,641735.0
801950.SI,20250513,2539.93,700395.0
801950.SI,20250514,2565.88,769810.0
801950.SI,20250515,2576.63,831183.0
801950.SI,20250516,2560.89,638462.0
801950.SI,20250519,2568.63,752998.0
801950.SI,20250520,2560.14,587019.0
801950.SI,20250521,2625.4,1208870.0
801950.SI,20250522,2614.1,724082.0
801950.SI,20250523,2587.34,664098.0
801950.SI,20250526,2580.29,557761.0
801950.SI,20250527,2561.8,523715.0
801950.SI,20250528,2580.66,466937.0
801950.SI,20250529,2593.12,511013.0
801950.SI,20250530,2578.75,476437.0
801950.SI,20250603,2557.0,651691.0
801950.SI,20250604,2569.94,644601.0
801950.SI,20250605,2555.62,533164.0
801950.SI,20250606,2565.75,624686.0
801950.SI,20250609,2569.17,629169.0
801950.SI,20250610,2564.84,678275.0
801950.SI,20250611,2580.54,679848.0
801950.SI,20250612,2551.16,661206.0
801950.SI,20250613,2542.41,871322.0
801950.SI,20250616,2540.63,668357.0
801950.SI,20250617,2563.33,726154.0
801950.SI,20250618,2539.72,593887.0
801950.SI,20250619,2516.33,626821.0
801950.SI,20250620,2522.79,554995.0
801950.SI,20250623,2565.26,729725.0
801950.SI,20250624,2559.73,676391.0
801950.SI,20250625,2534.16,633333.0
801950.SI,20250626,2521.91,629054.0
801950.SI,20250627,2539.55,745138.0
801950.SI,20250630,2548.02,637326.0
801950.SI,20250701,2548.98,541659.0
801950.SI,20250702,2599.59,985072.0
801950.SI,20250703,2569.45,741616.0
801950.SI,20250704,2580.17,813943.0
801950.SI,20250707,2527.54,792497.0
801950.SI,20250708,2535.49,694768.0
801950.SI,20250709,2539.81,783757.0
801950.SI,20250710,2567.62,1182364.0
801950.SI,20250711,2552.25,1239056.0
801950.SI,20250714,2563.44,1151985.0
801950.SI,20250715,2514.11,1069632.0
801950.SI,20250716,2503.76,576593.0
801950.SI,20250717,2506.48,501610.0
801950.SI,20250718,2530.07,808742.0
801950.SI,20250721,2584.61,1241352.0
801950.SI,20250722,2744.24,2913559.0
801950.SI,20250723,2723.98,2738783.0
801950.SI,20250724,2768.86,2111676.0
801950.SI,20250725,2731.93,1650908.0
801950.SI,20250728,2660.89,1425295.0
801950.SI,20250729,2679.77,1042313.0
801950.SI,20250730,2687.64,1179471.0
801950.SI,20250731,2614.51,1256885.0
801950.SI,20250801,2604.28,672153.0
801950.SI,20250804,2620.06,567643.0
801950.SI,20250805,2646.33,652161.0
801950.SI,20250806,2696.41,1156528.0
801950.SI,20250807,2703.93,918205.0
801950.SI,20250808,2699.31,607616.0
801950.SI,20250811,2689.88,650954.0
801950.SI,20250812,2716.97,835387.0
801950.SI,20250813,2695.06,748072.0
801950.SI,20250814,2659.79,740576.0
801950.SI,20250815,2675.94,623204.0
801950.SI,20250818,2683.87,1395259.0
801950.SI,20250819,2669.88,932877.0
801950.SI,20250820,2685.34,783469.0
801950.SI,20250821,2704.56,955586.0
801950.SI,20250822,2700.59,944059.0
801950.SI,20250825,2739.7,1266273.0
801950.SI,20250826,2729.86,1036406.0
801950.SI,20250827,2659.94,1256788.0
801950.SI,20250828,2638.31,1254324.0
801950.SI,20250829,2626.05,1012467.0
801950.SI,20250901,2643.49,1016038.0
801950.SI,20250902,2639.01,944188.0
801950.SI,20250903,2596.13,775618.0
801950.SI,20250904,2607.48,875133.0
801950.SI,20250905,2634.16,784331.0
801950.SI,20250908,2646.64,808487.0
801950.SI,20250909,2646.3,712305.0
801950.SI,20250910,2626.13,585952.0
801950.SI,20250911,2638.43,709052.0
801950.SI,20250912,2642.87,1005144.0
801950.SI,20250915,2677.71,1165301.0
801950.SI,20250916,2686.44,1253881.0
801950.SI,20250917,2729.86,1486123.0
801950.SI,20250918,2682.73,1494234.0
801950.SI,20250919,2735.68,1918944.0
801950.SI,20250922,2710.79,1153407.0
801950.SI,20250923,2740.99,1524486.0
801950.SI,20250924,2732.92,1058557.0
801950.SI,20250925,2710.37,916130.0
801950.SI,20250926,2698.2,936269.0
801950.SI,20250929,2675.46,1021091.0
801950.SI,20250930,2675.51,741494.0
801950.SI,20251009,2755.76,1315848.0
801950.SI,20251010,2793.56,1608002.0
801950.SI,20251013,2790.0,1357284.0
801950.SI,20251014,2850.75,2167393.0
801950.SI,20251015,2863.33,1617171.0
801950.SI,20251016,2930.57,2180704.0
801950.SI,20251017,2910.0,2103267.0
801950.SI,20251020,2998.6,2574987.0
801950.SI,20251021,2968.07,2465080.0
801950.SI,20251022,2937.57,1575326.0
801950.SI,20251023,2988.91,2218152.0
801950.SI,20251024,2950.22,2218770.0
801950.SI,20251027,2966.75,2045906.0
801950.SI,20251028,2943.3,1652308.0
801950.SI,20251029,2971.13,1898561.0
801950.SI,20251030,2971.35,1931085.0
801950.SI,20251031,2943.6,1296209.0
801950.SI,20251103,3017.69,1723108.0
801950.SI,20251104,3016.53,1567341.0
801950.SI,20251105,3058.52,1918420.0
801950.SI,20251106,3083.43,1982043.0
801950.SI,20251107,3076.78,1570227.0
801950.SI,20251110,3092.43,1679188.0
801950.SI,20251111,3051.05,1757139.0
801950.SI,20251112,3027.64,1407199.0
801950.SI,20251113,3059.83,1414667.0
801950.SI,20251114,3047.3,1803561.0
801950.SI,20251117,3087.59,2316531.0
801950.SI,20251118,2989.62,2069638.0
801950.SI,20251119,2996.8,1277460.0
801950.SI,20251120,2933.96,1188546.0
801950.SI,20251121,2867.84,1377406.0
801950.SI,20251124,2836.68,1065026.0
801950.SI,20251125,2850.86,883569.0
801950.SI,20251126,2834.64,807498.0
801950.SI,20251127,2857.26,844802.0
801950.SI,20251128,2853.3,837277.0
801950.SI,20251201,2876.51,1030177.0
801950.SI,20251202,2882.51,1099707.0
801950.SI,20251203,2898.93,1327029.0
801950.SI,20251204,2878.45,1130078.0
801950.SI,20251205,2887.25,994367.0
801950.SI,20251208,2845.87,1190184.0
801950.SI,20251209,2799.63,984939.0
801950.SI,20251210,2802.34,810478.0
801950.SI,20251211,2781.62,896701.0
801950.SI,20251212,2782.1,1227223.0
801950.SI,20251215,2785.57,923820.0
801950.SI,20251216,2750.56,913917.0
801950.SI,20251217,2747.41,739140.0
801950.SI,20251218,2799.46,928992.0
801950.SI,20251219,2791.37,778165.0
801950.SI,20251222,2801.2,879843.0
801950.SI,20251223,2790.39,707510.0
801950.SI,20251224,2770.89,772307.0
801950.SI,20251225,2764.25,579668.0
801950.SI,20251226,2772.29,781170.0
801950.SI,20251229,2775.15,910250.0
801950.SI,20251230,2766.23,732664.0
801950.SI,20251231,2751.81,660649.0
801960.SI,20221010,2214.4,1208534.0
801960.SI,20221011,2221.35,947071.0
801960.SI,20221012,2219.91,931398.0
801960.SI,20221013,2173.25,1022847.0
801960.SI,20221014,2206.57,1071923.0
801960.SI,20221017,2207.13,1030407.0
801960.SI,20221018,2195.59,852194.0
801960.SI,20221019,2144.49,826301.0
801960.SI,20221020,2149.5,888763.0
801960.SI,20221021,2155.8,931289.0
801960.SI,20221024,2134.53,1098038.0
801960.SI,20221025,2094.91,1056179.0
801960.SI,20221026,2092.94,1021880.0
801960.SI,20221027,2108.06,832190.0
801960.SI,20221028,2060.97,890936.0
801960.SI,20221031,2008.55,1115511.0
801960.SI,20221101,2043.83,1031844.0
801960.SI,20221102,2075.54,921351.0
801960.SI,20221103,2082.43,777043.0
801960.SI,20221104,2134.76,1051389.0
801960.SI,20221107,2185.59,1230209.0
801960.SI,20221108,2171.46,865359.0
801960.SI,20221109,2155.69,709189.0
801960.SI,20221110,2136.98,765217.0
801960.SI,20221111,2181.48,1003042.0
801960.SI,20221114,2149.53,1004465.0
801960.SI,20221115,2170.77,724659.0
801960.SI,20221116,2178.5,780257.0
801960.SI,20221117,2160.22,757496.0
801960.SI,20221118,2148.46,779253.0
801960.SI,20221121,2146.88,647681.0
801960.SI,20221122,2160.51,843833.0
801960.SI,20221123,2179.99,923121.0
801960.SI,20221124,2187.23,842205.0
801960.SI,20221125,2206.1,903259.0
801960.SI,20221128,2171.54,993454.0
801960.SI,20221129,2206.05,921951.0
801960.SI,20221130,2218.59,1063851.0
801960.SI,20221201,2228.86,1017427.0
801960.SI,20221202,2246.21,979545.0
801960.SI,20221205,2279.15,1151889.0
801960.SI,20221206,2262.09,1090902.0
801960.SI,20221207,2233.23,1007262.0
801960.SI,20221208,2227.76,827654.0
801960.SI,20221209,2228.75,905703.0
801960.SI,20221212,2183.13,942501.0
801960.SI,20221213,2188.25,668121.0
801960.SI,20221214,2200.57,757583.0
801960.SI,20221215,2173.43,667628.0
801960.SI,20221216,2175.49,655617.0
801960.SI,20221219,2111.34,747499.0
801960.SI,20221220,2115.79,514376.0
801960.SI,20221221,2116.41,624072.0
801960.SI,20221222,2082.88,670695.0
801960.SI,20221223,2064.02,536638.0
801960.SI,20221226,2081.72,587704.0
801960.SI,20221227,2116.03,643366.0
801960.SI,20221228,2111.75,586465.0
801960.SI,20221229,2083.64,627372.0
801960.SI,20221230,2090.68,530624.0
801960.SI,20230103,2106.98,616216.0
801960.SI,20230104,2099.37,682459.0
801960.SI,20230105,2113.64,650375.0
801960.SI,20230106,2138.84,777320.0
801960.SI,20230109,2147.61,860621.0
801960.SI,20230110,2123.42,706202.0
801960.SI,20230111,2143.05,881545.0
801960.SI,20230112,2133.51,817430.0
801960.SI,20230113,2141.88,697242.0
801960.SI,20230116,2182.95,830915.0
801960.SI,20230117,2180.95,626110.0
801960.SI,20230118,2195.43,633316.0
801960.SI,20230119,2195.9,548168.0
801960.SI,20230120,2230.05,788759.0
801960.SI,20230130,2225.3,987749.0
801960.SI,20230131,2255.83,1028979.0
801960.SI,20230201,2277.8,973433.0
801960.SI,20230202,2282.42,860302.0
801960.SI,20230203,2254.66,765704.0
801960.SI,20230206,2249.2,650876.0
801960.SI,20230207,2255.64,589171.0
801960.SI,20230208,2246.74,727542.0
801960.SI,20230209,2256.39,593369.0
801960.SI,20230210,2248.36,621950.0
801960.SI,20230213,2267.23,793969.0
801960.SI,20230214,2298.91,865165.0
801960.SI,20230215,2280.02,727036.0
801960.SI,20230216,2242.97,910123.0
801960.SI,20230217,2263.95,688744.0
801960.SI,20230220,2307.78,931047.0
801960.SI,20230221,2321.04,778452.0
801960.SI,20230222,2307.42,578438.0
801960.SI,20230223,2318.12,762589.0
801960.SI,20230224,2304.06,543798.0
801960.SI,20230227,2295.91,582545.0
801960.SI,20230228,2301.03,625049.0
801960.SI,20230301,2314.55,687084.0
801960.SI,20230302,2329.61,896750.0
801960.SI,20230303,2354.67,1033655.0
801960.SI,20230306,2336.73,964941.0
801960.SI,20230307,2359.31,1737738.0
801960.SI,20230308,2339.18,1011495.0
801960.SI,20230309,2328.03,803638.0
801960.SI,20230310,2276.26,804446.0
801960.SI,20230313,2329.7,1058590.0
801960.SI,20230314,2282.58,981404.0
801960.SI,20230315,2304.24,983431.0
801960.SI,20230316,2232.93,1162848.0
801960.SI,20230317,2275.05,1368933.0
801960.SI,20230320,2248.97,1445604.0
801960.SI,20230321,2247.76,945886.0
801960.SI,20230322,2254.18,804603.0
801960.SI,20230323,2255.84,801506.0
801960.SI,20230324,2235.22,987234.0
801960.SI,20230327,2239.25,1107601.0
801960.SI,20230328,2322.64,1645672.0
801960.SI,20230329,2296.53,1256695.0
801960.SI,20230330,2311.09,1913688.0
801960.SI,20230331,2312.87,1200660.0
801960.SI,20230403,2327.46,1621310.0
801960.SI,20230404,2341.4,1429909.0
801960.SI,20230406,2338.02,1032106.0
801960.SI,20230407,2351.51,1079943.0
801960.SI,20230410,2369.75,1286013.0
801960.SI,20230411,2391.9,1108448.0
801960.SI,20230412,2419.72,1176505.0
801960.SI,20230413,2421.41,1634970.0
801960.SI,20230414,2424.56,1182825.0
801960.SI,20230417,2503.92,1887678.0
801960.SI,20230418,2481.54,1245203.0
801960.SI,20230419,2453.81,1045398.0
801960.SI,20230420,2445.2,1174264.0
801960.SI,20230421,2405.89,1172426.0
801960.SI,20230424,2382.77,1120675.0
801960.SI,20230425,2407.38,1281875.0
801960.SI,20230426,2407.56,1001258.0
801960.SI,20230427,2396.76,948428.0
801960.SI,20230428,2445.78,1169599.0
801960.SI,20230504,2436.25,1232800.0
801960.SI,20230505,2407.57,968677.0
801960.SI,20230508,2482.65,1413457.0
801960.SI,20230509,2437.03,1344773.0
801960.SI,20230510,2379.33,1284225.0
801960.SI,20230511,2360.1,774858.0
801960.SI,20230512,2328.16,918825.0
801960.SI,20230515,2339.42,841669.0
801960.SI,20230516,2331.27,736181.0
801960.SI,20230517,2332.54,566468.0
801960.SI,20230518,2342.44,753877.0
801960.SI,20230519,2314.75,640829.0
801960.SI,20230522,2319.38,624620.0
801960.SI,20230523,2286.23,597743.0
801960.SI,20230524,2262.17,618257.0
801960.SI,20230525,2250.63,767221.0
801960.SI,20230526,2240.4,653105.0
801960.SI,20230529,2275.82,908264.0
801960.SI,20230530,2275.62,707949.0
801960.SI,20230531,2248.18,746147.0
801960.SI,20230601,2270.56,695151.0
801960.SI,20230602,2297.41,649918.0
801960.SI,20230605,2297.38,611779.0
801960.SI,20230606,2271.35,561489.0
801960.SI,20230607,2261.1,498930.0
801960.SI,20230608,2285.27,588843.0
801960.SI,20230609,2285.36,725985.0
801960.SI,20230612,2276.2,710661.0
801960.SI,20230613,2256.07,730326.0
801960.SI,20230614,2273.01,620459.0
801960.SI,20230615,2270.0,627096.0
801960.SI,20230616,2277.85,727968.0
801960.SI,20230619,2258.26,583033.0
801960.SI,20230620,2223.34,633947.0
801960.SI,20230621,2205.64,654636.0
801960.SI,20230626,2187.24,573999.0
801960.SI,20230627,2243.91,727071.0
801960.SI,20230628,2246.64,541604.0
801960.SI,20230629,2216.01,498347.0
801960.SI,20230630,2242.56,549471.0
801960.SI,20230703,2289.33,736012.0
801960.SI,20230704,2293.57,602471.0
801960.SI,20230705,2295.02,469329.0
801960.SI,20230706,2286.45,453066.0
801960.SI,20230707,2291.53,430231.0
801960.SI,20230710,2284.52,448292.0
801960.SI,20230711,2291.08,390017.0
801960.SI,20230712,2308.19,623673.0
801960.SI,20230713,2350.38,768201.0
801960.SI,20230714,2354.61,649314.0
801960.SI,20230717,2336.75,548668.0
801960.SI,20230718,2328.23,446483.0
801960.SI,20230719,2341.11,452479.0
801960.SI,20230720,2311.24,548334.0
801960.SI,20230721,2301.87,405357.0
801960.SI,20230724,2290.57,424260.0
801960.SI,20230725,2332.16,622684.0
801960.SI,20230726,2311.51,515345.0
801960.SI,20230727,2310.11,556671.0
801960.SI,20230728,2329.87,685624.0
801960.SI,20230731,2339.92,844599.0
801960.SI,20230801,2363.9,797469.0
801960.SI,20230802,2315.44,954227.0
801960.SI,20230803,2312.16,652495.0
801960.SI,20230804,2312.74,663643.0
801960.SI,20230807,2312.83,536644.0
801960.SI,20230808,2323.38,491405.0
801960.SI,20230809,2308.57,446566.0
801960.SI,20230810,2351.5,900605.0
801960.SI,20230811,2299.84,747458.0
801960.SI,20230814,2298.94,552346.0
801960.SI,20230815,2302.56,497904.0
801960.SI,20230816,2268.31,494547.0
801960.SI,20230817,2273.77,483547.0
801960.SI,20230818,2257.81,519728.0
801960.SI,20230821,2233.2,484816.0
801960.SI,20230822,2262.82,584766.0
801960.SI,20230823,2252.23,474530.0
801960.SI,20230824,2245.62,481524.0
801960.SI,20230825,2246.56,488213.0
801960.SI,20230828,2278.66,913463.0
801960.SI,20230829,2277.18,676110.0
801960.SI,20230830,2272.97,554438.0
801960.SI,20230831,2261.7,460084.0
801960.SI,20230901,2285.2,577217.0
801960.SI,20230904,2354.57,1172785.0
801960.SI,20230905,2349.16,667511.0
801960.SI,20230906,2358.96,789459.0
801960.SI,20230907,2352.95,836961.0
801960.SI,20230908,2328.04,585597.0
801960.SI,20230911,2344.58,660699.0
801960.SI,20230912,2344.88,574209.0
801960.SI,20230913,2359.42,720053.0
801960.SI,20230914,2376.38,887627.0
801960.SI,20230915,2354.24,1053586.0
801960.SI,20230918,2340.99,747325.0
801960.SI,20230919,2366.16,856362.0
801960.SI,20230920,2352.61,707269.0
801960.SI,20230921,2333.02,638111.0
801960.SI,20230922,2347.34,775438.0
801960.SI,20230925,2330.27,674450.0
801960.SI,20230926,2321.54,588678.0
801960.SI,20230927,2334.21,663623.0
801960.SI,20230928,2340.53,978764.0
801960.SI,20231009,2327.03,1150618.0
801960.SI,20231010,2302.41,1000741.0
801960.SI,20231011,2269.14,865239.0
801960.SI,20231012,2271.56,762327.0
801960.SI,20231013,2269.57,665951.0
801960.SI,20231016,2311.57,1309216.0
801960.SI,20231017,2327.16,1286199.0
801960.SI,20231018,2297.76,1007674.0
801960.SI,20231019,2245.24,927663.0
801960.SI,20231020,2232.45,754689.0
801960.SI,20231023,2178.61,787912.0
801960.SI,20231024,2198.58,782654.0
801960.SI,20231025,2191.88,918306.0
801960.SI,20231026,2215.82,736839.0
801960.SI,20231027,2229.52,850719.0
801960.SI,20231030,2210.19,984114.0
801960.SI,20231031,2214.53,710590.0
801960.SI,20231101,2221.34,639860.0
801960.SI,20231102,2223.82,637590.0
801960.SI,20231103,2224.89,587564.0
801960.SI,20231106,2191.86,1043660.0
801960.SI,20231107,2199.18,727487.0
801960.SI,20231108,2178.47,661318.0
801960.SI,20231109,2188.58,610363.0
801960.SI,20231110,2191.03,576507.0
801960.SI,20231113,2208.51,722906.0
801960.SI,20231114,2202.08,575188.0
801960.SI,20231115,2223.05,589326.0
801960.SI,20231116,2211.12,560626.0
801960.SI,20231117,2197.2,614237.0
801960.SI,20231120,2207.44,678206.0
801960.SI,20231121,2208.52,710033.0
801960.SI,20231122,2192.66,616267.0
801960.SI,20231123,2203.67,548355.0
801960.SI,20231124,2202.74,557246.0
801960.SI,20231127,2194.52,624955.0
801960.SI,20231128,2195.71,579244.0
801960.SI,20231129,2183.45,547611.0
801960.SI,20231130,2198.33,644678.0
801960.SI,20231201,2189.74,599929.0
801960.SI,20231204,2196.5,707318.0
801960.SI,20231205,2153.24,675814.0
801960.SI,20231206,2150.97,821628.0
801960.SI,20231207,2135.14,772366.0
801960.SI,20231208,2146.29,1027828.0
801960.SI,20231211,2152.18,931606.0
801960.SI,20231212,2158.4,712146.0
801960.SI,20231213,2122.43,634968.0
801960.SI,20231214,2121.29,485816.0
801960.SI,20231215,2112.43,519229.0
801960.SI,20231218,2103.9,496446.0
801960.SI,20231219,2098.92,463499.0
801960.SI,20231220,2097.04,522134.0
801960.SI,20231221,2097.58,516578.0
801960.SI,20231222,2110.51,642019.0
801960.SI,20231225,2118.62,467579.0
801960.SI,20231226,2122.08,536114.0
801960.SI,20231227,2154.76,649259.0
801960.SI,20231228,2165.53,726069.0
801960.SI,20231229,2180.94,701699.0
801960.SI,20240102,2197.72,822247.0
801960.SI,20240103,2214.09,748555.0
801960.SI,20240104,2224.84,862570.0
801960.SI,20240105,2207.53,799971.0
801960.SI,20240108,2183.03,655581.0
801960.SI,20240109,2190.11,653767.0
801960.SI,20240110,2173.57,600545.0
801960.SI,20240111,2139.94,845368.0
801960.SI,20240112,2141.41,792685.0
801960.SI,20240115,2152.09,662074.0
801960.SI,20240116,2145.79,662036.0
801960.SI,20240117,2108.71,636748.0
801960.SI,20240118,2091.38,955291.0
801960.SI,20240119,2086.06,632157.0
801960.SI,20240122,2020.24,754447.0
801960.SI,20240123,2032.33,613376.0
801960.SI,20240124,2080.24,754447.0
801960.SI,20240125,2197.97,1224534.0
801960.SI,20240126,2227.99,1357881.0
801960.SI,20240129,2208.36,1407775.0
801960.SI,20240130,2181.32,945170.0
801960.SI,20240131,2154.36,930145.0
801960.SI,20240201,2112.42,989391.0
801960.SI,20240202,2079.75,1046696.0
801960.SI,20240205,2058.71,1265254.0
801960.SI,20240206,2105.92,1126006.0
801960.SI,20240207,2146.89,1221333.0
801960.SI,20240208,2171.7,1098370.0
801960.SI,20240219,2235.01,1182399.0
801960.SI,20240220,2234.62,789529.0
801960.SI,20240221,2245.5,1065587.0
801960.SI,20240222,2301.31,1130426.0
801960.SI,20240223,2290.11,1022601.0
801960.SI,20240226,2268.6,960254.0
801960.SI,20240227,2287.12,855855.0
801960.SI,20240228,2242.26,1182845.0
801960.SI,20240229,2275.08,824067.0
801960.SI,20240301,2276.22,795506.0
801960.SI,20240304,2324.2,1197922.0
801960.SI,20240305,2316.0,984879.0
801960.SI,20240306,2324.21,897216.0
801960.SI,20240307,2350.04,1042550.0
801960.SI,20240308,2395.51,968690.0
801960.SI,20240311,2362.99,1144898.0
801960.SI,20240312,2311.67,1211164.0
801960.SI,20240313,2308.0,854401.0
801960.SI,20240314,2326.61,1025191.0
801960.SI,20240315,2333.11,947129.0
801960.SI,20240318,2342.79,868736.0
801960.SI,20240319,2332.11,1011150.0
801960.SI,20240320,2359.86,989418.0
801960.SI,20240321,2353.19,814415.0
801960.SI,20240322,2317.11,870062.0
801960.SI,20240325,2335.78,1057319.0
801960.SI,20240326,2327.89,963665.0
801960.SI,20240327,2303.78,744802.0
801960.SI,20240328,2326.41,858439.0
801960.SI,20240329,2411.73,1292442.0
801960.SI,20240401,2416.55,1094971.0
801960.SI,20240402,2464.75,1378738.0
801960.SI,20240403,2494.17,1517436.0
801960.SI,20240408,2477.99,1532916.0
801960.SI,20240409,2441.35,1111839.0
801960.SI,20240410,2446.35,953167.0
801960.SI,20240411,2458.82,990133.0
801960.SI,20240412,2471.6,1087483.0
801960.SI,20240415,2506.24,1515625.0
801960.SI,20240416,2474.86,1534414.0
801960.SI,20240417,2505.27,1322812.0
801960.SI,20240418,2475.54,1228224.0
801960.SI,20240419,2544.33,2008945.0
801960.SI,20240422,2452.41,1863717.0
801960.SI,20240423,2410.91,1327798.0
801960.SI,20240424,2429.63,948738.0
801960.SI,20240425,2436.66,890520.0
801960.SI,20240426,2453.39,1377303.0
801960.SI,20240429,2431.86,1459818.0
801960.SI,20240430,2433.92,1269090.0
801960.SI,20240506,2454.26,1559105.0
801960.SI,20240507,2459.97,1172102.0
801960.SI,20240508,2445.19,1018453.0
801960.SI,20240509,2446.53,952907.0
801960.SI,20240510,2451.71,1165723.0
801960.SI,20240513,2438.58,1069875.0
801960.SI,20240514,2431.17,967364.0
801960.SI,20240515,2415.41,885623.0
801960.SI,20240516,2412.24,882569.0
801960.SI,20240517,2430.79,847229.0
801960.SI,20240520,2468.2,1456556.0
801960.SI,20240521,2440.98,901347.0
801960.SI,20240522,2424.36,849230.0
801960.SI,20240523,2397.05,925866.0
801960.SI,20240524,2404.95,755081.0
801960.SI,20240527,2435.13,933390.0
801960.SI,20240528,2441.55,981512.0
801960.SI,20240529,2462.06,881286.0
801960.SI,20240530,2417.51,838260.0
801960.SI,20240531,2401.68,720911.0
801960.SI,20240603,2377.91,951695.0
801960.SI,20240604,2375.83,886209.0
801960.SI,20240605,2329.67,842027.0
801960.SI,20240606,2333.26,968229.0
801960.SI,20240607,2341.98,729366.0
801960.SI,20240611,2319.76,897458.0
801960.SI,20240612,2356.49,928097.0
801960.SI,20240613,2323.41,803134.0
801960.SI,20240614,2323.27,796965.0
801960.SI,20240617,2293.0,716064.0
801960.SI,20240618,2312.56,619538.0
801960.SI,20240619,2331.37,776146.0
801960.SI,20240620,2337.57,850071.0
801960.SI,20240621,2331.59,825134.0
801960.SI,20240624,2316.71,769591.0
801960.SI,20240625,2331.56,791005.0
801960.SI,20240626,2339.09,685229.0
801960.SI,20240627,2302.23,656534.0
801960.SI,20240628,2353.2,929321.0
801960.SI,20240701,2388.88,833955.0
801960.SI,20240702,2394.88,851078.0
801960.SI,20240703,2379.71,676095.0
801960.SI,20240704,2371.96,646365.0
801960.SI,20240705,2363.5,765148.0
801960.SI,20240708,2348.19,729081.0
801960.SI,20240709,2352.97,743689.0
801960.SI,20240710,2313.97,706279.0
801960.SI,20240711,2355.23,776112.0
801960.SI,20240712,2346.17,738820.0
801960.SI,20240715,2359.15,703955.0
801960.SI,20240716,2353.16,610522.0
801960.SI,20240717,2304.49,883058.0
801960.SI,20240718,2328.5,690902.0
801960.SI,20240719,2300.96,785238.0
801960.SI,20240722,2255.53,885803.0
801960.SI,20240723,2223.15,700281.0
801960.SI,20240724,2226.03,778856.0
801960.SI,20240725,2201.18,789083.0
801960.SI,20240726,2210.16,661572.0
801960.SI,20240729,2222.48,594694.0
801960.SI,20240730,2167.78,769528.0
801960.SI,20240731,2222.0,892911.0
801960.SI,20240801,2226.1,687027.0
801960.SI,20240802,2201.01,604187.0
801960.SI,20240805,2143.49,959297.0
801960.SI,20240806,2159.26,596969.0
801960.SI,20240807,2171.5,601221.0
801960.SI,20240808,2178.32,501698.0
801960.SI,20240809,2191.73,573721.0
801960.SI,20240812,2191.67,500116.0
801960.SI,20240813,2212.06,625455.0
801960.SI,20240814,2188.45,499268.0
801960.SI,20240815,2201.56,531854.0
801960.SI,20240816,2207.38,570783.0
801960.SI,20240819,2219.11,518766.0
801960.SI,20240820,2177.7,590911.0
801960.SI,20240821,2173.36,405072.0
801960.SI,20240822,2168.79,458173.0
801960.SI,20240823,2174.89,442131.0
801960.SI,20240826,2197.99,633294.0
801960.SI,20240827,2235.02,809534.0
801960.SI,20240828,2236.96,608847.0
801960.SI,20240829,2207.25,634761.0
801960.SI,20240830,2219.84,730585.0
801960.SI,20240902,2216.65,746647.0
801960.SI,20240903,2176.08,643791.0
801960.SI,20240904,2125.51,712412.0
801960.SI,20240905,2111.14,570980.0
801960.SI,20240906,2098.96,441958.0
801960.SI,20240909,2050.29,617237.0
801960.SI,20240910,2058.65,500188.0
801960.SI,20240911,2019.47,682063.0
801960.SI,20240912,2027.57,493258.0
801960.SI,20240913,2020.57,525752.0
801960.SI,20240918,2033.79,468238.0
801960.SI,20240919,2046.56,574937.0
801960.SI,20240920,2046.99,538640.0
801960.SI,20240923,2061.93,408105.0
801960.SI,20240924,2149.42,813801.0
801960.SI,20240925,2164.39,1010913.0
801960.SI,20240926,2198.18,1127088.0
801960.SI,20240927,2234.62,1031861.0
801960.SI,20240930,2400.32,2563526.0
801960.SI,20241008,2487.44,3347319.0
801960.SI,20241009,2291.03,2073493.0
801960.SI,20241010,2347.72,1707658.0
801960.SI,20241011,2310.03,1259849.0
801960.SI,20241014,2326.3,1040313.0
801960.SI,20241015,2255.24,1046982.0
801960.SI,20241016,2253.76,846393.0
801960.SI,20241017,2230.85,973996.0
801960.SI,20241018,2263.85,1176527.0
801960.SI,20241021,2266.61,1242707.0
801960.SI,20241022,2292.19,994395.0
801960.SI,20241023,2305.29,1085543.0
801960.SI,20241024,2290.6,814155.0
801960.SI,20241025,2295.74,940131.0
801960.SI,20241028,2313.22,1314046.0
801960.SI,20241029,2259.61,1275174.0
801960.SI,20241030,2241.87,1144662.0
801960.SI,20241031,2230.26,1160794.0
801960.SI,20241101,2252.03,1416309.0
801960.SI,20241104,2262.44,1061824.0
801960.SI,20241105,2293.03,1259837.0
801960.SI,20241106,2307.57,1542033.0
801960.SI,20241107,2348.56,1586691.0
801960.SI,20241108,2330.39,1487697.0
801960.SI,20241111,2310.77,1314317.0
801960.SI,20241112,2295.15,1306698.0
801960.SI,20241113,2318.66,1169977.0
801960.SI,20241114,2307.33,1152789.0
801960.SI,20241115,2298.25,1384241.0
801960.SI,20241118,2291.07,1445614.0
801960.SI,20241119,2303.02,1132226.0
801960.SI,20241120,2329.47,1057328.0
801960.SI,20241121,2314.2,997749.0
801960.SI,20241122,2262.13,1186064.0
801960.SI,20241125,2279.64,1310658.0
801960.SI,20241126,2266.91,885520.0
801960.SI,20241127,2273.65,831963.0
801960.SI,20241128,2273.51,884680.0
801960.SI,20241129,2279.18,893784.0
801960.SI,20241202,2297.63,1025456.0
801960.SI,20241203,2310.17,1022161.0
801960.SI,20241204,2333.56,1490749.0
801960.SI,20241205,2312.48,947256.0
801960.SI,20241206,2325.22,1091061.0
801960.SI,20241209,2340.31,1132767.0
801960.SI,20241210,2329.29,1266104.0
801960.SI,20241211,2346.28,940480.0
801960.SI,20241212,2359.05,1000189.0
801960.SI,20241213,2309.95,1267831.0
801960.SI,20241216,2327.04,1127008.0
801960.SI,20241217,2307.71,1023025.0
801960.SI,20241218,2316.41,923504.0
801960.SI,20241219,2293.61,828766.0
801960.SI,20241220,2277.44,740677.0
801960.SI,20241223,2292.87,1239133.0
801960.SI,20241224,2321.28,1052575.0
801960.SI,20241225,2327.86,980162.0
801960.SI,20241226,2313.3,798969.0
801960.SI,20241227,2322.77,829643.0
801960.SI,20241230,2333.72,926512.0
801960.SI,20241231,2315.6,1012078.0
801960.SI,20250102,2266.26,1056814.0
801960.SI,20250103,2266.38,1068509.0
801960.SI,20250106,2264.82,882463.0
801960.SI,20250107,2272.14,743069.0
801960.SI,20250108,2273.37,953805.0
801960.SI,20250109,2235.4,738051.0
801960.SI,20250110,2201.73,705875.0
801960.SI,20250113,2222.82,921919.0
801960.SI,20250114,2261.01,982644.0
801960.SI,20250115,2247.99,808871.0
801960.SI,20250116,2274.32,1000050.0
801960.SI,20250117,2267.42,858127.0
801960.SI,20250120,2244.39,991918.0
801960.SI,20250121,2209.41,870530.0
801960.SI,20250122,2188.06,750042.0
801960.SI,20250123,2193.25,768230.0
801960.SI,20250124,2195.47,812460.0
801960.SI,20250127,2217.84,822996.0
801960.SI,20250205,2197.6,744039.0
801960.SI,20250206,2209.21,646181.0
801960.SI,20250207,2225.96,875947.0
801960.SI,20250210,2232.97,768433.0
801960.SI,20250211,2242.09,800712.0
801960.SI,20250212,2245.34,843193.0
801960.SI,20250213,2228.08,795810.0
801960.SI,20250214,2220.53,803455.0
801960.SI,20250217,2217.24,884096.0
801960.SI,20250218,2209.48,969904.0
801960.SI,20250219,2201.01,1023095.0
801960.SI,20250220,2200.21,831619.0
801960.SI,20250221,2188.93,839922.0
801960.SI,20250224,2181.76,1013062.0
801960.SI,20250225,2166.14,822365.0
801960.SI,20250226,2177.76,860129.0
801960.SI,20250227,2200.14,961744.0
801960.SI,20250228,2194.28,1285349.0
801960.SI,20250303,2182.97,1014094.0
801960.SI,20250304,2166.1,962768.0
801960.SI,20250305,2153.35,715668.0
801960.SI,20250306,2156.9,906659.0
801960.SI,20250307,2161.53,842645.0
801960.SI,20250310,2160.65,762876.0
801960.SI,20250311,2173.95,727588.0
801960.SI,20250312,2160.06,727903.0
801960.SI,20250313,2177.6,989667.0
801960.SI,20250314,2191.02,1016349.0
801960.SI,20250317,2206.66,1111633.0
801960.SI,20250318,2203.43,826186.0
801960.SI,20250319,2196.95,774591.0
801960.SI,20250320,2217.56,1087705.0
801960.SI,20250321,2224.19,1678988.0
801960.SI,20250324,2212.62,1369930.0
801960.SI,20250325,2231.57,1124791.0
801960.SI,20250326,2226.48,1027035.0
801960.SI,20250327,2229.65,939462.0
801960.SI,20250328,2191.51,915781.0
801960.SI,20250331,2179.02,903785.0
801960.SI,20250401,2200.8,966257.0
801960.SI,20250402,2191.64,837071.0
801960.SI,20250403,2187.29,769061.0
801960.SI,20250407,2000.16,1553923.0
801960.SI,20250408,2047.63,1424416.0
801960.SI,20250409,2046.22,1266706.0
801960.SI,20250410,2066.66,1083955.0
801960.SI,20250411,2060.1,728457.0
801960.SI,20250414,2086.89,818851.0
801960.SI,20250415,2085.97,649990.0
801960.SI,20250416,2093.76,805488.0
801960.SI,20250417,2099.41,648646.0
801960.SI,20250418,2106.59,676169.0
801960.SI,20250421,2114.27,657209.0
801960.SI,20250422,2123.35,685971.0
801960.SI,20250423,2132.27,767468.0
801960.SI,20250424,2133.57,752894.0
801960.SI,20250425,2134.96,756169.0
801960.SI,20250428,2134.39,711621.0
801960.SI,20250429,2122.75,769727.0
801960.SI,20250430,2132.94,790001.0
801960.SI,20250506,2147.11,803103.0
801960.SI,20250507,2166.61,877426.0
801960.SI,20250508,2160.37,698409.0
801960.SI,20250509,2153.15,700468.0
801960.SI,20250512,2164.38,681206.0
801960.SI,20250513,2176.08,782518.0
801960.SI,20250514,2200.66,940030.0
801960.SI,20250515,2185.5,790133.0
801960.SI,20250516,2167.23,736233.0
801960.SI,20250519,2171.76,657091.0
801960.SI,20250520,2177.13,601847.0
801960.SI,20250521,2188.56,755771.0
801960.SI,20250522,2183.55,675224.0
801960.SI,20250523,2164.34,658826.0
801960.SI,20250526,2168.92,605994.0
801960.SI,20250527,2170.57,567791.0
801960.SI,20250528,2181.12,796524.0
801960.SI,20250529,2176.94,647995.0
801960.SI,20250530,2173.08,633086.0
801960.SI,20250603,2174.14,597704.0
801960.SI,20250604,2181.65,550167.0
801960.SI,20250605,2176.06,523790.0
801960.SI,20250606,2195.28,700411.0
801960.SI,20250609,2210.91,834092.0
801960.SI,20250610,2206.46,912541.0
801960.SI,20250611,2220.46,788801.0
801960.SI,20250612,2226.39,982906.0
801960.SI,20250613,2272.11,2266601.0
801960.SI,20250616,2269.85,2364253.0
801960.SI,20250617,2286.28,2327646.0
801960.SI,20250618,2268.23,1855882.0
801960.SI,20250619,2287.72,2475809.0
801960.SI,20250620,2248.68,1948146.0
801960.SI,20250623,2270.84,2230351.0
801960.SI,20250624,2223.13,2011114.0
801960.SI,20250625,2210.42,1474096.0
801960.SI,20250626,2216.47,1573784.0
801960.SI,20250627,2202.18,1153626.0
801960.SI,20250630,2204.58,1123674.0
801960.SI,20250701,2211.93,957019.0
801960.SI,20250702,2223.2,1071062.0
801960.SI,20250703,2220.79,853857.0
801960.SI,20250704,2213.33,790903.0
801960.SI,20250707,2203.4,774456.0
801960.SI,20250708,2224.28,858227.0
801960.SI,20250709,2224.66,975970.0
801960.SI,20250710,2258.93,1351254.0
801960.SI,20250711,2247.26,1301930.0
801960.SI,20250714,2266.51,1026391.0
801960.SI,20250715,2243.62,1030595.0
801960.SI,20250716,2253.43,773745.0
801960.SI,20250717,2256.41,845655.0
801960.SI,20250718,2272.55,981509.0
801960.SI,20250721,2316.64,1289395.0
801960.SI,20250722,2363.34,1532743.0
801960.SI,20250723,2344.01,1416439.0
801960.SI,20250724,2344.32,1285688.0
801960.SI,20250725,2331.15,1285035.0
801960.SI,20250728,2307.37,1098108.0
801960.SI,20250729,2306.33,946203.0
801960.SI,20250730,2348.73,1554426.0
801960.SI,20250731,2303.97,1264960.0
801960.SI,20250801,2262.71,1098344.0
801960.SI,20250804,2254.55,821569.0
801960.SI,20250805,2268.48,762685.0
801960.SI,20250806,2275.58,699720.0
801960.SI,20250807,2275.86,850255.0
801960.SI,20250808,2283.38,929351.0
801960.SI,20250811,2273.93,1048190.0
801960.SI,20250812,2285.27,1051183.0
801960.SI,20250813,2280.96,962396.0
801960.SI,20250814,2261.3,907084.0
801960.SI,20250815,2282.32,1013418.0
801960.SI,20250818,2280.05,1268468.0
801960.SI,20250819,2266.85,952384.0
801960.SI,20250820,2320.28,1379481.0
801960.SI,20250821,2352.44,1775097.0
801960.SI,20250822,2349.01,1371970.0
801960.SI,20250825,2358.19,1472655.0
801960.SI,20250826,2376.54,1402174.0
801960.SI,20250827,2327.21,1574115.0
801960.SI,20250828,2334.24,1348372.0
801960.SI,20250829,2335.6,1371579.0
801960.SI,20250901,2337.82,1299195.0
801960.SI,20250902,2346.51,1696492.0
801960.SI,20250903,2321.25,1132123.0
801960.SI,20250904,2301.04,1462278.0
801960.SI,20250905,2309.92,932015.0
801960.SI,20250908,2337.28,1140385.0
801960.SI,20250909,2315.21,846168.0
801960.SI,20250910,2312.22,1170075.0
801960.SI,20250911,2316.87,1227499.0
801960.SI,20250912,2300.38,1048169.0
801960.SI,20250915,2301.39,1061298.0
801960.SI,20250916,2296.45,1023549.0
801960.SI,20250917,2291.47,1028620.0
801960.SI,20250918,2249.04,1332398.0
801960.SI,20250919,2254.69,892505.0
801960.SI,20250922,2230.85,800683.0
801960.SI,20250923,2217.35,912274.0
801960.SI,20250924,2229.76,910786.0
801960.SI,20250925,2225.9,800992.0
801960.SI,20250926,2251.88,1063035.0
801960.SI,20250929,2246.98,1003564.0
801960.SI,20250930,2243.28,965314.0
801960.SI,20251009,2282.69,1272114.0
801960.SI,20251010,2310.46,1418099.0
801960.SI,20251013,2282.51,1304230.0
801960.SI,20251014,2290.45,1309661.0
801960.SI,20251015,2287.31,1027622.0
801960.SI,20251016,2277.79,952379.0
801960.SI,20251017,2250.51,1103706.0
801960.SI,20251020,2277.78,1152226.0
801960.SI,20251021,2307.98,1510576.0
801960.SI,20251022,2344.54,2011275.0
801960.SI,20251023,2380.29,2038176.0
801960.SI,20251024,2348.03,1603444.0
801960.SI,20251027,2361.18,1444670.0
801960.SI,20251028,2349.18,1144684.0
801960.SI,20251029,2361.51,1130221.0
801960.SI,20251030,2352.56,1211492.0
801960.SI,20251031,2349.32,1178360.0
801960.SI,20251103,2402.82,1550300.0
801960.SI,20251104,2383.8,1252763.0
801960.SI,20251105,2384.2,1255577.0
801960.SI,20251106,2420.8,1374153.0
801960.SI,20251107,2454.22,1685233.0
801960.SI,20251110,2496.44,1705296.0
801960.SI,20251111,2492.16,1221630.0
801960.SI,20251112,2513.22,1743929.0
801960.SI,20251113,2510.25,1651463.0
801960.SI,20251114,2510.3,1637519.0
801960.SI,20251117,2534.63,1663231.0
801960.SI,20251118,2497.56,1520080.0
801960.SI,20251119,2539.37,1623938.0
801960.SI,20251120,2500.81,1386936.0
801960.SI,20251121,2435.15,1591086.0
801960.SI,20251124,2405.72,1295318.0
801960.SI,20251125,2405.88,1008397.0
801960.SI,20251126,2386.54,1088664.0
801960.SI,20251127,2408.07,986509.0
801960.SI,20251128,2417.34,954272.0
801960.SI,20251201,2447.37,1250277.0
801960.SI,20251202,2464.67,1158105.0
801960.SI,20251203,2461.68,964091.0
801960.SI,20251204,2449.74,965950.0
801960.SI,20251205,2461.33,886849.0
801960.SI,20251208,2440.69,930581.0
801960.SI,20251209,2411.94,889963.0
801960.SI,20251210,2405.55,825621.0
801960.SI,20251211,2385.13,878730.0
801960.SI,20251212,2374.72,936951.0
801960.SI,20251215,2388.91,769897.0
801960.SI,20251216,2361.47,944985.0
801960.SI,20251217,2379.79,782425.0
801960.SI,20251218,2409.62,903245.0
801960.SI,20251219,2412.65,916376.0
801960.SI,20251222,2443.25,1071117.0
801960.SI,20251223,2450.61,1038603.0
801960.SI,20251224,2466.49,970017.0
801960.SI,20251225,2474.11,909409.0
801960.SI,20251226,2489.28,1061808.0
801960.SI,20251229,2526.04,1505892.0
801960.SI,20251230,2592.49,1959217.0
801960.SI,20251231,2586.74,1349905.0
801970.SI,20221010,1699.46,456088.0
801970.SI,20221011,1720.92,457958.0
801970.SI,20221012,1758.94,517267.0
801970.SI,20221013,1773.03,569907.0
801970.SI,20221014,1803.07,587656.0
801970.SI,20221017,1824.72,632687.0
801970.SI,20221018,1834.31,644472.0
801970.SI,20221019,1821.98,634939.0
801970.SI,20221020,1796.52,568802.0
801970.SI,20221021,1789.29,538987.0
801970.SI,20221024,1757.07,647580.0
801970.SI,20221025,1749.85,618310.0
801970.SI,20221026,1779.36,649977.0
801970.SI,20221027,1777.2,595668.0
801970.SI,20221028,1724.99,783302.0
801970.SI,20221031,1734.43,623029.0
801970.SI,20221101,1784.26,658880.0
801970.SI,20221102,1796.98,824108.0
801970.SI,20221103,1804.35,694157.0
801970.SI,20221104,1855.25,1056192.0
801970.SI,20221107,1861.39,1147696.0
801970.SI,20221108,1867.55,843584.0
801970.SI,20221109,1869.31,780857.0
801970.SI,20221110,1861.38,805224.0
801970.SI,20221111,1862.27,902747.0
801970.SI,20221114,1841.63,720580.0
801970.SI,20221115,1868.25,660037.0
801970.SI,20221116,1865.71,576720.0
801970.SI,20221117,1860.28,542870.0
801970.SI,20221118,1855.78,646398.0
801970.SI,20221121,1858.46,589311.0
801970.SI,20221122,1847.14,687254.0
801970.SI,20221123,1857.51,808012.0
801970.SI,20221124,1858.01,758980.0
801970.SI,20221125,1850.48,692075.0
801970.SI,20221128,1847.89,799059.0
801970.SI,20221129,1862.07,792299.0
801970.SI,20221130,1863.98,748208.0
801970.SI,20221201,1864.16,756829.0
801970.SI,20221202,1869.84,623625.0
801970.SI,20221205,1880.21,816711.0
801970.SI,20221206,1872.4,720664.0
801970.SI,20221207,1875.07,678970.0
801970.SI,20221208,1863.93,598868.0
801970.SI,20221209,1859.54,656377.0
801970.SI,20221212,1844.42,663246.0
801970.SI,20221213,1841.35,552011.0
801970.SI,20221214,1834.75,512296.0
801970.SI,20221215,1841.53,502993.0
801970.SI,20221216,1823.36,611532.0
801970.SI,20221219,1779.23,630358.0
801970.SI,20221220,1781.29,501723.0
801970.SI,20221221,1764.62,421296.0
801970.SI,20221222,1733.2,443452.0
801970.SI,20221223,1728.29,406003.0
801970.SI,20221226,1763.76,436667.0
801970.SI,20221227,1775.36,468951.0
801970.SI,20221228,1763.19,427967.0
801970.SI,20221229,1751.25,358983.0
801970.SI,20221230,1769.44,531509.0
801970.SI,20230103,1795.42,559382.0
801970.SI,20230104,1800.56,564073.0
801970.SI,20230105,1814.75,528228.0
801970.SI,20230106,1813.31,569936.0
801970.SI,20230109,1815.93,528923.0
801970.SI,20230110,1807.29,530880.0
801970.SI,20230111,1799.95,514998.0
801970.SI,20230112,1797.48,490808.0
801970.SI,20230113,1800.46,469033.0
801970.SI,20230116,1809.97,553374.0
801970.SI,20230117,1807.68,427079.0
801970.SI,20230118,1813.01,419247.0
801970.SI,20230119,1828.98,412792.0
801970.SI,20230120,1847.86,457925.0
801970.SI,20230130,1866.77,752358.0
801970.SI,20230131,1874.81,661217.0
801970.SI,20230201,1897.36,674185.0
801970.SI,20230202,1895.25,796309.0
801970.SI,20230203,1895.35,791499.0
801970.SI,20230206,1903.7,791002.0
801970.SI,20230207,1929.92,964198.0
801970.SI,20230208,1922.78,842321.0
801970.SI,20230209,1933.57,840071.0
801970.SI,20230210,1940.51,859257.0
801970.SI,20230213,1950.42,895112.0
801970.SI,20230214,1950.3,835613.0
801970.SI,20230215,1937.97,711613.0
801970.SI,20230216,1897.55,1024533.0
801970.SI,20230217,1899.91,750385.0
801970.SI,20230220,1905.68,673083.0
801970.SI,20230221,1918.49,647404.0
801970.SI,20230222,1915.81,605990.0
801970.SI,20230223,1923.94,603123.0
801970.SI,20230224,1912.7,523232.0
801970.SI,20230227,1893.76,508816.0
801970.SI,20230228,1908.33,492319.0
801970.SI,20230301,1912.48,514454.0
801970.SI,20230302,1907.04,678623.0
801970.SI,20230303,1914.78,579171.0
801970.SI,20230306,1922.38,675907.0
801970.SI,20230307,1893.84,796410.0
801970.SI,20230308,1904.22,564772.0
801970.SI,20230309,1927.74,920238.0
801970.SI,20230310,1901.65,851293.0
801970.SI,20230313,1889.81,695143.0
801970.SI,20230314,1866.03,776650.0
801970.SI,20230315,1894.44,724044.0
801970.SI,20230316,1865.22,673766.0
801970.SI,20230317,1870.71,647029.0
801970.SI,20230320,1854.01,737689.0
801970.SI,20230321,1872.06,585711.0
801970.SI,20230322,1876.88,621792.0
801970.SI,20230323,1870.41,671411.0
801970.SI,20230324,1861.2,619449.0
801970.SI,20230327,1849.11,715724.0
801970.SI,20230328,1845.32,710281.0
801970.SI,20230329,1828.99,645107.0
801970.SI,20230330,1819.53,536392.0
801970.SI,20230331,1836.84,574873.0
801970.SI,20230403,1845.63,652049.0
801970.SI,20230404,1830.47,704355.0
801970.SI,20230406,1828.85,640828.0
801970.SI,20230407,1842.52,643538.0
801970.SI,20230410,1827.72,607887.0
801970.SI,20230411,1819.16,540622.0
801970.SI,20230412,1830.46,604594.0
801970.SI,20230413,1826.92,609613.0
801970.SI,20230414,1831.99,612692.0
801970.SI,20230417,1842.28,672434.0
801970.SI,20230418,1830.57,557592.0
801970.SI,20230419,1822.9,607957.0
801970.SI,20230420,1801.06,612867.0
801970.SI,20230421,1768.78,644810.0
801970.SI,20230424,1767.35,579804.0
801970.SI,20230425,1740.84,670187.0
801970.SI,20230426,1761.71,597396.0
801970.SI,20230427,1767.16,609642.0
801970.SI,20230428,1790.09,628898.0
801970.SI,20230504,1811.86,777036.0
801970.SI,20230505,1801.76,636009.0
801970.SI,20230508,1808.9,694436.0
801970.SI,20230509,1801.44,955298.0
801970.SI,20230510,1809.68,690651.0
801970.SI,20230511,1829.99,758800.0
801970.SI,20230512,1817.71,653448.0
801970.SI,20230515,1826.88,689797.0
801970.SI,20230516,1825.71,645253.0
801970.SI,20230517,1838.36,579052.0
801970.SI,20230518,1827.76,516678.0
801970.SI,20230519,1814.7,479345.0
801970.SI,20230522,1831.62,547323.0
801970.SI,20230523,1810.3,593444.0
801970.SI,20230524,1803.92,581658.0
801970.SI,20230525,1807.11,607345.0
801970.SI,20230526,1818.97,698918.0
801970.SI,20230529,1810.02,710426.0
801970.SI,20230530,1821.84,716338.0
801970.SI,20230531,1798.65,740323.0
801970.SI,20230601,1782.74,663280.0
801970.SI,20230602,1793.88,582637.0
801970.SI,20230605,1802.2,565447.0
801970.SI,20230606,1763.02,665241.0
801970.SI,20230607,1762.22,462952.0
801970.SI,20230608,1764.85,519908.0
801970.SI,20230609,1765.89,597936.0
801970.SI,20230612,1758.17,586771.0
801970.SI,20230613,1755.83,519153.0
801970.SI,20230614,1756.12,587517.0
801970.SI,20230615,1763.09,589318.0
801970.SI,20230616,1765.01,588337.0
801970.SI,20230619,1752.88,557117.0
801970.SI,20230620,1747.38,556844.0
801970.SI,20230621,1741.13,548316.0
801970.SI,20230626,1734.94,646903.0
801970.SI,20230627,1762.45,582180.0
801970.SI,20230628,1767.92,531081.0
801970.SI,20230629,1772.19,520122.0
801970.SI,20230630,1790.78,575778.0
801970.SI,20230703,1797.26,576264.0
801970.SI,20230704,1791.18,522878.0
801970.SI,20230705,1796.2,590143.0
801970.SI,20230706,1787.31,469176.0
801970.SI,20230707,1789.88,492670.0
801970.SI,20230710,1798.47,557748.0
801970.SI,20230711,1808.47,533980.0
801970.SI,20230712,1793.9,545550.0
801970.SI,20230713,1804.64,574609.0
801970.SI,20230714,1799.77,557903.0
801970.SI,20230717,1813.91,831209.0
801970.SI,20230718,1811.2,697094.0
801970.SI,20230719,1814.47,869583.0
801970.SI,20230720,1793.64,712186.0
801970.SI,20230721,1794.16,665341.0
801970.SI,20230724,1792.15,552842.0
801970.SI,20230725,1810.53,570702.0
801970.SI,20230726,1835.46,1028356.0
801970.SI,20230727,1824.33,890066.0
801970.SI,20230728,1823.86,789503.0
801970.SI,20230731,1843.06,823996.0
801970.SI,20230801,1841.97,809343.0
801970.SI,20230802,1834.88,614610.0
801970.SI,20230803,1832.96,700163.0
801970.SI,20230804,1827.69,740263.0
801970.SI,20230807,1816.42,661608.0
801970.SI,20230808,1808.56,616361.0
801970.SI,20230809,1799.72,663240.0
801970.SI,20230810,1805.13,612007.0
801970.SI,20230811,1771.63,614574.0
801970.SI,20230814,1772.09,514873.0
801970.SI,20230815,1767.22,538875.0
801970.SI,20230816,1759.72,479834.0
801970.SI,20230817,1779.1,569918.0
801970.SI,20230818,1794.09,1220266.0
801970.SI,20230821,1821.0,1534911.0
801970.SI,20230822,1795.5,1686512.0
801970.SI,20230823,1809.84,1831611.0
801970.SI,20230824,1796.06,1981391.0
801970.SI,20230825,1809.33,2516752.0
801970.SI,20230828,1834.89,2665585.0
801970.SI,20230829,1843.09,2139071.0
801970.SI,20230830,1799.54,1721588.0
801970.SI,20230831,1771.91,1313776.0
801970.SI,20230901,1755.1,1062544.0
801970.SI,20230904,1780.46,1077428.0
801970.SI,20230905,1774.17,1106465.0
801970.SI,20230906,1765.17,895097.0
801970.SI,20230907,1733.24,874877.0
801970.SI,20230908,1728.53,647428.0
801970.SI,20230911,1748.65,725504.0
801970.SI,20230912,1755.09,630407.0
801970.SI,20230913,1762.51,1003467.0
801970.SI,20230914,1744.09,827585.0
801970.SI,20230915,1738.83,680505.0
801970.SI,20230918,1741.37,640636.0
801970.SI,20230919,1734.65,615145.0
801970.SI,20230920,1721.37,536449.0
801970.SI,20230921,1704.29,543687.0
801970.SI,20230922,1719.55,524001.0
801970.SI,20230925,1711.78,516818.0
801970.SI,20230926,1714.46,520817.0
801970.SI,20230927,1721.23,533464.0
801970.SI,20230928,1731.36,488752.0
801970.SI,20231009,1717.1,621806.0
801970.SI,20231010,1705.84,517185.0
801970.SI,20231011,1701.14,544903.0
801970.SI,20231012,1708.21,514160.0
801970.SI,20231013,1686.64,517562.0
801970.SI,20231016,1677.36,466579.0
801970.SI,20231017,1673.76,400110.0
801970.SI,20231018,1637.51,480298.0
801970.SI,20231019,1632.32,419564.0
801970.SI,20231020,1627.14,412829.0
801970.SI,20231023,1585.27,469665.0
801970.SI,20231024,1626.02,540134.0
801970.SI,20231025,1666.17,789791.0
801970.SI,20231026,1669.22,699362.0
801970.SI,20231027,1693.87,1008673.0
801970.SI,20231030,1693.4,857580.0
801970.SI,20231031,1688.65,672237.0
801970.SI,20231101,1694.74,620348.0
801970.SI,20231102,1685.23,579383.0
801970.SI,20231103,1695.03,659709.0
801970.SI,20231106,1718.37,735199.0
801970.SI,20231107,1724.8,815214.0
801970.SI,20231108,1717.44,920257.0
801970.SI,20231109,1710.47,902189.0
801970.SI,20231110,1705.89,688200.0
801970.SI,20231113,1719.16,624284.0
801970.SI,20231114,1719.43,631207.0
801970.SI,20231115,1735.49,821552.0
801970.SI,20231116,1722.07,698533.0
801970.SI,20231117,1723.4,599036.0
801970.SI,20231120,1740.65,758254.0
801970.SI,20231121,1728.93,798822.0
801970.SI,20231122,1720.08,649386.0
801970.SI,20231123,1735.16,647999.0
801970.SI,20231124,1719.84,664732.0
801970.SI,20231127,1712.12,630864.0
801970.SI,20231128,1726.67,603090.0
801970.SI,20231129,1717.12,596341.0
801970.SI,20231130,1711.23,644554.0
801970.SI,20231201,1714.32,618370.0
801970.SI,20231204,1713.72,628093.0
801970.SI,20231205,1687.49,608015.0
801970.SI,20231206,1692.22,585957.0
801970.SI,20231207,1685.24,553684.0
801970.SI,20231208,1667.75,748891.0
801970.SI,20231211,1680.44,758534.0
801970.SI,20231212,1683.2,538586.0
801970.SI,20231213,1673.71,604736.0
801970.SI,20231214,1677.62,594964.0
801970.SI,20231215,1667.44,531369.0
801970.SI,20231218,1642.04,572296.0
801970.SI,20231219,1637.15,533368.0
801970.SI,20231220,1630.48,564369.0
801970.SI,20231221,1641.14,617661.0
801970.SI,20231222,1623.99,541346.0
801970.SI,20231225,1608.34,482242.0
801970.SI,20231226,1608.97,718359.0
801970.SI,20231227,1610.05,674419.0
801970.SI,20231228,1632.06,716587.0
801970.SI,20231229,1644.91,659612.0
801970.SI,20240102,1666.37,897466.0
801970.SI,20240103,1666.27,779713.0
801970.SI,20240104,1670.91,790637.0
801970.SI,20240105,1650.93,831530.0
801970.SI,20240108,1618.3,674972.0
801970.SI,20240109,1625.5,604108.0
801970.SI,20240110,1615.63,588014.0
801970.SI,20240111,1637.77,654640.0
801970.SI,20240112,1650.0,1208943.0
801970.SI,20240115,1624.08,828838.0
801970.SI,20240116,1610.47,676658.0
801970.SI,20240117,1575.55,591260.0
801970.SI,20240118,1560.98,822459.0
801970.SI,20240119,1545.14,635141.0
801970.SI,20240122,1463.3,871102.0
801970.SI,20240123,1475.73,755818.0
801970.SI,20240124,1503.11,883322.0
801970.SI,20240125,1564.81,989658.0
801970.SI,20240126,1574.22,1032169.0
801970.SI,20240129,1535.42,1082343.0
801970.SI,20240130,1492.13,940412.0
801970.SI,20240131,1447.87,1098037.0
801970.SI,20240201,1416.18,1072844.0
801970.SI,20240202,1353.25,1029407.0
801970.SI,20240205,1258.49,1026598.0
801970.SI,20240206,1302.56,1103773.0
801970.SI,20240207,1303.5,1137047.0
801970.SI,20240208,1367.16,1174770.0
801970.SI,20240219,1385.09,994758.0
801970.SI,20240220,1393.33,727761.0
801970.SI,20240221,1411.17,939313.0
801970.SI,20240222,1432.53,753564.0
801970.SI,20240223,1452.07,946287.0
801970.SI,20240226,1466.77,1168793.0
801970.SI,20240227,1490.43,970468.0
801970.SI,20240228,1421.61,1427012.0
801970.SI,20240229,1464.56,1011735.0
801970.SI,20240301,1477.46,1001816.0
801970.SI,20240304,1472.8,1002337.0
801970.SI,20240305,1448.19,908962.0
801970.SI,20240306,1466.03,782623.0
801970.SI,20240307,1460.57,878136.0
801970.SI,20240308,1472.52,742240.0
801970.SI,20240311,1500.51,906005.0
801970.SI,20240312,1505.59,911985.0
801970.SI,20240313,1497.87,718547.0
801970.SI,20240314,1510.18,1000513.0
801970.SI,20240315,1543.14,1114496.0
801970.SI,20240318,1560.31,1156171.0
801970.SI,20240319,1544.52,1022591.0
801970.SI,20240320,1552.89,881577.0
801970.SI,20240321,1548.52,925808.0
801970.SI,20240322,1526.53,961223.0
801970.SI,20240325,1506.45,948429.0
801970.SI,20240326,1526.59,979182.0
801970.SI,20240327,1485.83,924060.0
801970.SI,20240328,1505.16,822254.0
801970.SI,20240329,1536.82,973635.0
801970.SI,20240401,1570.99,1146975.0
801970.SI,20240402,1579.97,1146956.0
801970.SI,20240403,1583.9,1155714.0
801970.SI,20240408,1555.42,1124651.0
801970.SI,20240409,1561.14,811899.0
801970.SI,20240410,1538.38,857768.0
801970.SI,20240411,1559.51,965504.0
801970.SI,20240412,1539.32,919006.0
801970.SI,20240415,1493.9,1177201.0
801970.SI,20240416,1417.87,1088220.0
801970.SI,20240417,1498.23,1070455.0
801970.SI,20240418,1484.69,965468.0
801970.SI,20240419,1498.47,961358.0
801970.SI,20240422,1480.56,806313.0
801970.SI,20240423,1479.81,680835.0
801970.SI,20240424,1497.23,620021.0
801970.SI,20240425,1504.34,664749.0
801970.SI,20240426,1516.43,820275.0
801970.SI,20240429,1555.82,1028015.0
801970.SI,20240430,1552.66,959817.0
801970.SI,20240506,1580.78,1020199.0
801970.SI,20240507,1581.79,844541.0
801970.SI,20240508,1567.65,815991.0
801970.SI,20240509,1588.81,881321.0
801970.SI,20240510,1578.65,824322.0
801970.SI,20240513,1576.32,1057074.0
801970.SI,20240514,1585.85,843757.0
801970.SI,20240515,1568.09,730516.0
801970.SI,20240516,1571.86,731947.0
801970.SI,20240517,1579.31,726456.0
801970.SI,20240520,1577.39,787715.0
801970.SI,20240521,1561.1,605535.0
801970.SI,20240522,1565.62,648439.0
801970.SI,20240523,1530.29,697245.0
801970.SI,20240524,1531.39,566811.0
801970.SI,20240527,1544.38,578881.0
801970.SI,20240528,1532.93,521720.0
801970.SI,20240529,1539.69,577627.0
801970.SI,20240530,1539.22,682282.0
801970.SI,20240531,1536.44,622418.0
801970.SI,20240603,1504.08,717293.0
801970.SI,20240604,1496.01,665770.0
801970.SI,20240605,1470.02,548947.0
801970.SI,20240606,1421.73,752426.0
801970.SI,20240607,1456.8,677076.0
801970.SI,20240611,1450.87,614118.0
801970.SI,20240612,1465.08,544347.0
801970.SI,20240613,1455.8,542808.0
801970.SI,20240614,1450.94,521936.0
801970.SI,20240617,1447.25,565220.0
801970.SI,20240618,1460.84,506335.0
801970.SI,20240619,1451.26,454976.0
801970.SI,20240620,1425.22,508768.0
801970.SI,20240621,1431.25,476058.0
801970.SI,20240624,1388.21,627527.0
801970.SI,20240625,1389.56,524093.0
801970.SI,20240626,1411.99,493040.0
801970.SI,20240627,1385.72,442145.0
801970.SI,20240628,1392.33,446492.0
801970.SI,20240701,1417.7,497343.0
801970.SI,20240702,1419.72,483981.0
801970.SI,20240703,1409.62,438146.0
801970.SI,20240704,1371.63,468904.0
801970.SI,20240705,1379.09,421166.0
801970.SI,20240708,1358.4,477560.0
801970.SI,20240709,1377.09,530680.0
801970.SI,20240710,1362.56,459923.0
801970.SI,20240711,1395.66,540643.0
801970.SI,20240712,1391.7,477054.0
801970.SI,20240715,1378.4,430084.0
801970.SI,20240716,1373.73,421371.0
801970.SI,20240717,1361.43,414124.0
801970.SI,20240718,1370.08,509933.0
801970.SI,20240719,1369.16,499476.0
801970.SI,20240722,1367.25,468868.0
801970.SI,20240723,1360.52,589537.0
801970.SI,20240724,1353.74,674958.0
801970.SI,20240725,1367.78,595249.0
801970.SI,20240726,1381.08,606323.0
801970.SI,20240729,1382.85,623632.0
801970.SI,20240730,1393.98,598380.0
801970.SI,20240731,1418.8,888413.0
801970.SI,20240801,1411.98,714349.0
801970.SI,20240802,1401.72,628527.0
801970.SI,20240805,1369.1,642083.0
801970.SI,20240806,1385.34,554289.0
801970.SI,20240807,1383.73,469334.0
801970.SI,20240808,1389.7,473695.0
801970.SI,20240809,1381.01,465627.0
801970.SI,20240812,1401.99,811023.0
801970.SI,20240813,1410.63,840129.0
801970.SI,20240814,1400.85,840838.0
801970.SI,20240815,1407.45,783166.0
801970.SI,20240816,1390.16,861062.0
801970.SI,20240819,1393.18,720165.0
801970.SI,20240820,1369.46,713715.0
801970.SI,20240821,1363.27,611589.0
801970.SI,20240822,1344.5,656212.0
801970.SI,20240823,1335.51,656583.0
801970.SI,20240826,1335.36,551473.0
801970.SI,20240827,1325.16,495005.0
801970.SI,20240828,1314.56,630731.0
801970.SI,20240829,1323.16,571617.0
801970.SI,20240830,1335.74,718050.0
801970.SI,20240902,1324.7,725489.0
801970.SI,20240903,1324.7,597658.0
801970.SI,20240904,1319.48,532189.0
801970.SI,20240905,1333.49,476439.0
801970.SI,20240906,1312.66,528627.0
801970.SI,20240909,1307.23,449134.0
801970.SI,20240910,1306.41,512465.0
801970.SI,20240911,1302.53,511813.0
801970.SI,20240912,1307.65,544523.0
801970.SI,20240913,1300.26,612831.0
801970.SI,20240918,1283.6,513867.0
801970.SI,20240919,1310.27,537293.0
801970.SI,20240920,1298.49,570887.0
801970.SI,20240923,1299.95,499034.0
801970.SI,20240924,1354.2,913522.0
801970.SI,20240925,1372.06,1093352.0
801970.SI,20240926,1407.27,983732.0
801970.SI,20240927,1462.75,1307539.0
801970.SI,20240930,1608.25,2570957.0
801970.SI,20241008,1711.7,3457094.0
801970.SI,20241009,1577.97,2584932.0
801970.SI,20241010,1605.29,2173450.0
801970.SI,20241011,1546.84,1594023.0
801970.SI,20241014,1609.39,1768761.0
801970.SI,20241015,1570.37,1686944.0
801970.SI,20241016,1584.84,1460760.0
801970.SI,20241017,1566.05,1530464.0
801970.SI,20241018,1609.89,1901037.0
801970.SI,20241021,1632.03,2018653.0
801970.SI,20241022,1653.1,1875352.0
801970.SI,20241023,1662.38,1833552.0
801970.SI,20241024,1661.41,1555714.0
801970.SI,20241025,1704.05,2021798.0
801970.SI,20241028,1749.99,2282195.0
801970.SI,20241029,1711.37,2287814.0
801970.SI,20241030,1717.36,1941598.0
801970.SI,20241031,1749.44,2309466.0
801970.SI,20241101,1707.84,2514584.0
801970.SI,20241104,1716.79,1544459.0
801970.SI,20241105,1753.26,2034790.0
801970.SI,20241106,1763.47,2196395.0
801970.SI,20241107,1823.63,2510756.0
801970.SI,20241108,1816.65,2552172.0
801970.SI,20241111,1849.13,2536567.0
801970.SI,20241112,1817.05,2307352.0
801970.SI,20241113,1816.25,1901098.0
801970.SI,20241114,1764.24,1688415.0
801970.SI,20241115,1729.17,1777249.0
801970.SI,20241118,1721.75,1802713.0
801970.SI,20241119,1757.88,1672946.0
801970.SI,20241120,1780.42,1699998.0
801970.SI,20241121,1778.85,1867937.0
801970.SI,20241122,1725.03,1919402.0
801970.SI,20241125,1735.75,1495569.0
801970.SI,20241126,1709.77,1164602.0
801970.SI,20241127,1726.87,1295309.0
801970.SI,20241128,1750.75,1730455.0
801970.SI,20241129,1763.36,1680069.0
801970.SI,20241202,1788.34,1679202.0
801970.SI,20241203,1797.96,1674066.0
801970.SI,20241204,1774.82,2030139.0
801970.SI,20241205,1781.23,1653136.0
801970.SI,20241206,1814.86,2008007.0
801970.SI,20241209,1803.85,1698624.0
801970.SI,20241210,1797.66,1995306.0
801970.SI,20241211,1819.78,1649388.0
801970.SI,20241212,1832.66,1774922.0
801970.SI,20241213,1792.67,1734519.0
801970.SI,20241216,1789.45,1393896.0
801970.SI,20241217,1734.81,1479191.0
801970.SI,20241218,1744.31,1292761.0
801970.SI,20241219,1739.41,1141123.0
801970.SI,20241220,1745.9,1190670.0
801970.SI,20241223,1696.09,1395016.0
801970.SI,20241224,1714.73,1103031.0
801970.SI,20241225,1691.25,1160974.0
801970.SI,20241226,1700.31,979124.0
801970.SI,20241227,1719.19,1328905.0
801970.SI,20241230,1706.34,910606.0
801970.SI,20241231,1675.45,1162079.0
801970.SI,20250102,1639.44,1204760.0
801970.SI,20250103,1588.96,1128644.0
801970.SI,20250106,1579.09,893760.0
801970.SI,20250107,1590.59,835530.0
801970.SI,20250108,1582.41,934311.0
801970.SI,20250109,1574.84,746044.0
801970.SI,20250110,1540.66,773768.0
801970.SI,20250113,1547.28,720017.0
801970.SI,20250114,1603.59,1043800.0
801970.SI,20250115,1597.45,860346.0
801970.SI,20250116,1611.36,998336.0
801970.SI,20250117,1608.46,846704.0
801970.SI,20250120,1619.73,966080.0
801970.SI,20250121,1611.06,831104.0
801970.SI,20250122,1596.26,771912.0
801970.SI,20250123,1594.21,915934.0
801970.SI,20250124,1602.0,841316.0
801970.SI,20250127,1604.61,847034.0
801970.SI,20250205,1608.59,866783.0
801970.SI,20250206,1623.04,883750.0
801970.SI,20250207,1641.87,1174890.0
801970.SI,20250210,1656.25,1123400.0
801970.SI,20250211,1655.22,1106569.0
801970.SI,20250212,1669.8,1096288.0
801970.SI,20250213,1657.52,1087937.0
801970.SI,20250214,1655.7,1014699.0
801970.SI,20250217,1684.48,1384148.0
801970.SI,20250218,1654.64,1406860.0
801970.SI,20250219,1678.47,1186717.0
801970.SI,20250220,1682.78,1249354.0
801970.SI,20250221,1692.15,1413244.0
801970.SI,20250224,1717.26,1734042.0
801970.SI,20250225,1711.53,1410555.0
801970.SI,20250226,1728.27,1412209.0
801970.SI,20250227,1717.02,1301504.0
801970.SI,20250228,1680.78,1339191.0
801970.SI,20250303,1691.31,1215686.0
801970.SI,20250304,1707.7,1174594.0
801970.SI,20250305,1697.82,1141128.0
801970.SI,20250306,1725.69,1498644.0
801970.SI,20250307,1719.26,1636861.0
801970.SI,20250310,1737.62,1465135.0
801970.SI,20250311,1742.99,1417054.0
801970.SI,20250312,1752.49,1372378.0
801970.SI,20250313,1742.92,1368279.0
801970.SI,20250314,1762.68,1503326.0
801970.SI,20250317,1795.84,1915050.0
801970.SI,20250318,1806.17,1788075.0
801970.SI,20250319,1793.0,1515882.0
801970.SI,20250320,1785.88,1583317.0
801970.SI,20250321,1783.06,1674374.0
801970.SI,20250324,1762.4,1701747.0
801970.SI,20250325,1758.88,1467969.0
801970.SI,20250326,1771.13,1315226.0
801970.SI,20250327,1758.59,1396813.0
801970.SI,20250328,1747.84,1545045.0
801970.SI,20250331,1728.15,1481942.0
801970.SI,20250401,1750.46,1373996.0
801970.SI,20250402,1744.17,1135892.0
801970.SI,20250403,1743.49,1317566.0
801970.SI,20250407,1550.06,1971515.0
801970.SI,20250408,1581.08,1770389.0
801970.SI,20250409,1622.38,1795419.0
801970.SI,20250410,1651.3,1656252.0
801970.SI,20250411,1657.77,1400331.0
801970.SI,20250414,1681.38,1360647.0
801970.SI,20250415,1683.56,1204723.0
801970.SI,20250416,1666.24,1130868.0
801970.SI,20250417,1663.98,1056032.0
801970.SI,20250418,1658.38,1028696.0
801970.SI,20250421,1668.59,1052471.0
801970.SI,20250422,1676.35,1137237.0
801970.SI,20250423,1678.18,1070988.0
801970.SI,20250424,1671.86,1066955.0
801970.SI,20250425,1675.25,1192135.0
801970.SI,20250428,1656.19,1170444.0
801970.SI,20250429,1663.27,1054830.0
801970.SI,20250430,1674.85,1106490.0
801970.SI,20250506,1703.79,1267112.0
801970.SI,20250507,1712.15,1313070.0
801970.SI,20250508,1728.22,1185684.0
801970.SI,20250509,1723.97,1121196.0
801970.SI,20250512,1735.9,1168818.0
801970.SI,20250513,1734.08,1146740.0
801970.SI,20250514,1737.63,1158122.0
801970.SI,20250515,1723.52,995386.0
801970.SI,20250516,1723.96,986483.0
801970.SI,20250519,1756.25,1394765.0
801970.SI,20250520,1773.21,1472851.0
801970.SI,20250521,1766.49,1348401.0
801970.SI,20250522,1740.38,1190185.0
801970.SI,20250523,1730.0,1210595.0
801970.SI,20250526,1751.07,1127801.0
801970.SI,20250527,1764.34,1334088.0
801970.SI,20250528,1779.97,1684762.0
801970.SI,20250529,1803.06,1732711.0
801970.SI,20250530,1789.23,2101658.0
801970.SI,20250603,1782.12,1643288.0
801970.SI,20250604,1801.5,1581473.0
801970.SI,20250605,1799.48,1435871.0
801970.SI,20250606,1797.45,1270500.0
801970.SI,20250609,1812.39,1381816.0
801970.SI,20250610,1797.7,1531506.0
801970.SI,20250611,1802.79,1248719.0
801970.SI,20250612,1801.2,1249903.0
801970.SI,20250613,1776.07,1551516.0
801970.SI,20250616,1773.4,1174797.0
801970.SI,20250617,1776.91,1067669.0
801970.SI,20250618,1768.21,1011738.0
801970.SI,20250619,1738.27,1155019.0
801970.SI,20250620,1731.49,956363.0
801970.SI,20250623,1752.31,1081814.0
801970.SI,20250624,1782.07,1302124.0
801970.SI,20250625,1794.66,1379915.0
801970.SI,20250626,1794.56,1308704.0
801970.SI,20250627,1799.88,1337102.0
801970.SI,20250630,1808.48,1328221.0
801970.SI,20250701,1819.86,1321905.0
801970.SI,20250702,1823.75,1493648.0
801970.SI,20250703,1833.34,1498262.0
801970.SI,20250704,1814.4,1538712.0
801970.SI,20250707,1834.36,1339634.0
801970.SI,20250708,1849.65,1412355.0
801970.SI,20250709,1857.25,1387154.0
801970.SI,20250710,1864.21,1268099.0
801970.SI,20250711,1871.86,1356294.0
801970.SI,20250714,1868.83,1600576.0
801970.SI,20250715,1858.31,1627058.0
801970.SI,20250716,1851.34,1494970.0
801970.SI,20250717,1846.51,1413183.0
801970.SI,20250718,1862.61,1513852.0
801970.SI,20250721,1882.78,2126315.0
801970.SI,20250722,1886.98,1964409.0
801970.SI,20250723,1893.97,2059278.0
801970.SI,20250724,1903.85,2285256.0
801970.SI,20250725,1893.5,1948442.0
801970.SI,20250728,1894.31,1759461.0
801970.SI,20250729,1882.99,1757089.0
801970.SI,20250730,1868.67,1638781.0
801970.SI,20250731,1837.43,1576224.0
801970.SI,20250801,1853.68,1389722.0
801970.SI,20250804,1867.92,1331279.0
801970.SI,20250805,1884.96,1439964.0
801970.SI,20250806,1893.82,1531078.0
801970.SI,20250807,1892.26,1579040.0
801970.SI,20250808,1901.43,1530090.0
801970.SI,20250811,1920.13,1795710.0
801970.SI,20250812,1924.32,1754472.0
801970.SI,20250813,1935.97,1996649.0
801970.SI,20250814,1912.87,2125347.0
801970.SI,20250815,1934.17,1789070.0
801970.SI,20250818,1947.03,2427308.0
801970.SI,20250819,1953.21,2229523.0
801970.SI,20250820,1957.08,1973206.0
801970.SI,20250821,1956.61,1994217.0
801970.SI,20250822,1959.86,1943656.0
801970.SI,20250825,1989.08,2536828.0
801970.SI,20250826,2003.01,2404166.0
801970.SI,20250827,1948.6,2662702.0
801970.SI,20250828,1946.88,2355763.0
801970.SI,20250829,1934.42,1834824.0
801970.SI,20250901,1950.93,2010461.0
801970.SI,20250902,1934.19,2422940.0
801970.SI,20250903,1902.11,1928302.0
801970.SI,20250904,1902.22,2209051.0
801970.SI,20250905,1929.16,1853788.0
801970.SI,20250908,1944.45,1978501.0
801970.SI,20250909,1935.43,1995040.0
801970.SI,20250910,1934.71,1640568.0
801970.SI,20250911,1954.58,1934671.0
801970.SI,20250912,1948.47,1934034.0
801970.SI,20250915,1942.66,1741210.0
801970.SI,20250916,1956.18,1847897.0
801970.SI,20250917,1955.4,1918925.0
801970.SI,20250918,1923.7,2372922.0
801970.SI,20250919,1920.88,1863384.0
801970.SI,20250922,1919.94,1708993.0
801970.SI,20250923,1917.98,2189845.0
801970.SI,20250924,1947.33,2277219.0
801970.SI,20250925,1933.97,2334688.0
801970.SI,20250926,1941.23,2192519.0
801970.SI,20250929,1964.67,2083935.0
801970.SI,20250930,1949.36,2131382.0
801970.SI,20251009,1973.06,2403508.0
801970.SI,20251010,1978.33,2804973.0
801970.SI,20251013,2010.98,2724518.0
801970.SI,20251014,2001.25,2691320.0
801970.SI,20251015,2012.6,1957960.0
801970.SI,20251016,1986.87,1846605.0
801970.SI,20251017,1956.36,1844044.0
801970.SI,20251020,1964.14,1803763.0
801970.SI,20251021,1996.05,1864733.0
801970.SI,20251022,1995.79,1825161.0
801970.SI,20251023,1990.29,2106906.0
801970.SI,20251024,1984.58,1907167.0
801970.SI,20251027,1995.15,2078756.0
801970.SI,20251028,1997.63,2025063.0
801970.SI,20251029,2006.85,2113425.0
801970.SI,20251030,1986.78,2257648.0
801970.SI,20251031,1999.72,2038491.0
801970.SI,20251103,2012.87,2652420.0
801970.SI,20251104,2015.88,2310595.0
801970.SI,20251105,2037.29,2611086.0
801970.SI,20251106,2040.93,2212230.0
801970.SI,20251107,2053.99,2481137.0
801970.SI,20251110,2049.47,2783031.0
801970.SI,20251111,2058.1,2572509.0
801970.SI,20251112,2042.98,2461332.0
801970.SI,20251113,2054.22,2401195.0
801970.SI,20251114,2052.16,2462125.0
801970.SI,20251117,2056.73,2282026.0
801970.SI,20251118,2024.62,2133342.0
801970.SI,20251119,2004.07,1869387.0
801970.SI,20251120,2008.9,2226252.0
801970.SI,20251121,1928.6,2204258.0
801970.SI,20251124,1933.57,1728374.0
801970.SI,20251125,1949.29,1725053.0
801970.SI,20251126,1935.99,1759989.0
801970.SI,20251127,1942.31,1581363.0
801970.SI,20251128,1959.26,1572776.0
801970.SI,20251201,1954.82,1843470.0
801970.SI,20251202,1949.1,1758856.0
801970.SI,20251203,1938.42,1758532.0
801970.SI,20251204,1928.62,1612931.0
801970.SI,20251205,1956.24,1691425.0
801970.SI,20251208,1965.3,1779649.0
801970.SI,20251209,1950.43,1746914.0
801970.SI,20251210,1952.72,1810849.0
801970.SI,20251211,1937.31,1919805.0
801970.SI,20251212,1944.37,1946774.0
801970.SI,20251215,1939.56,1628865.0
801970.SI,20251216,1907.98,1635680.0
801970.SI,20251217,1909.97,1656568.0
801970.SI,20251218,1909.87,1464681.0
801970.SI,20251219,1949.25,1583524.0
801970.SI,20251222,1950.22,1821548.0
801970.SI,20251223,1945.75,1652973.0
801970.SI,20251224,1972.67,1561681.0
801970.SI,20251225,1986.66,1727593.0
801970.SI,20251226,1986.67,2215427.0
801970.SI,20251229,1970.86,2056980.0
801970.SI,20251230,1955.74,1965883.0
801970.SI,20251231,1958.5,1776498.0
801980.SI,20221010,6395.27,235881.0
801980.SI,20221011,6384.24,191383.0
801980.SI,20221012,6442.77,216682.0
801980.SI,20221013,6522.14,256349.0
801980.SI,20221014,6673.87,359292.0
801980.SI,20221017,6645.84,301036.0
801980.SI,20221018,6592.81,264572.0
801980.SI,20221019,6492.7,245848.0
801980.SI,20221020,6565.04,299712.0
801980.SI,20221021,6364.78,270535.0
801980.SI,20221024,6088.25,363126.0
801980.SI,20221025,6064.83,293451.0
801980.SI,20221026,6475.58,453447.0
801980.SI,20221027,6242.76,423561.0
801980.SI,20221028,6068.4,320892.0
801980.SI,20221031,6040.27,301255.0
801980.SI,20221101,6346.3,359427.0
801980.SI,20221102,6485.73,406021.0
801980.SI,20221103,6501.57,259132.0
801980.SI,20221104,6664.98,372445.0
801980.SI,20221107,6680.24,318342.0
801980.SI,20221108,6645.91,220218.0
801980.SI,20221109,6603.97,215063.0
801980.SI,20221110,6662.42,288466.0
801980.SI,20221111,6689.05,395047.0
801980.SI,20221114,6521.1,427843.0
801980.SI,20221115,6638.17,351317.0
801980.SI,20221116,6606.69,317197.0
801980.SI,20221117,6554.45,317027.0
801980.SI,20221118,6634.4,406849.0
801980.SI,20221121,6460.89,404085.0
801980.SI,20221122,6377.55,393562.0
801980.SI,20221123,6366.78,336181.0
801980.SI,20221124,6347.74,259349.0
801980.SI,20221125,6326.15,226357.0
801980.SI,20221128,6375.57,271548.0
801980.SI,20221129,6531.83,369771.0
801980.SI,20221130,6482.26,285806.0
801980.SI,20221201,6652.14,464685.0
801980.SI,20221202,6732.8,412598.0
801980.SI,20221205,6734.27,489978.0
801980.SI,20221206,6848.9,581218.0
801980.SI,20221207,6882.09,542609.0
801980.SI,20221208,6877.08,449923.0
801980.SI,20221209,6862.64,465922.0
801980.SI,20221212,6770.1,426062.0
801980.SI,20221213,6865.47,403400.0
801980.SI,20221214,6999.22,520117.0
801980.SI,20221215,6976.09,520699.0
801980.SI,20221216,6897.79,437395.0
801980.SI,20221219,6774.46,427152.0
801980.SI,20221220,6613.96,347448.0
801980.SI,20221221,6658.06,333539.0
801980.SI,20221222,6931.57,701387.0
801980.SI,20221223,6884.24,517140.0
801980.SI,20221226,6859.45,426913.0
801980.SI,20221227,7140.83,707156.0
801980.SI,20221228,7096.79,571649.0
801980.SI,20221229,7138.25,510677.0
801980.SI,20221230,7151.56,482053.0
801980.SI,20230103,7098.78,687488.0
801980.SI,20230104,7102.39,557247.0
801980.SI,20230105,7250.78,576424.0
801980.SI,20230106,7155.48,458901.0
801980.SI,20230109,7276.4,479910.0
801980.SI,20230110,7347.22,484504.0
801980.SI,20230111,7274.04,459734.0
801980.SI,20230112,7191.01,498714.0
801980.SI,20230113,7308.74,494233.0
801980.SI,20230116,7427.93,627334.0
801980.SI,20230117,7397.13,365647.0
801980.SI,20230118,7334.55,339315.0
801980.SI,20230119,7355.0,318851.0
801980.SI,20230120,7277.65,390637.0
801980.SI,20230130,7284.92,442157.0
801980.SI,20230131,7209.51,451496.0
801980.SI,20230201,7279.8,435125.0
801980.SI,20230202,7283.0,438903.0
801980.SI,20230203,7224.93,357497.0
801980.SI,20230206,7141.43,367449.0
801980.SI,20230207,7157.19,330062.0
801980.SI,20230208,7121.95,311890.0
801980.SI,20230209,7236.81,356275.0
801980.SI,20230210,7276.23,354074.0
801980.SI,20230213,7582.24,626134.0
801980.SI,20230214,7593.81,373582.0
801980.SI,20230215,7518.73,306364.0
801980.SI,20230216,7451.83,413367.0
801980.SI,20230217,7532.78,503961.0
801980.SI,20230220,7610.63,476289.0
801980.SI,20230221,7484.93,394067.0
801980.SI,20230222,7505.07,307279.0
801980.SI,20230223,7420.1,359908.0
801980.SI,20230224,7378.93,296990.0
801980.SI,20230227,7324.37,320054.0
801980.SI,20230228,7378.86,309939.0
801980.SI,20230301,7356.28,279991.0
801980.SI,20230302,7351.53,320889.0
801980.SI,20230303,7315.95,275614.0
801980.SI,20230306,7306.07,294313.0
801980.SI,20230307,7074.05,425339.0
801980.SI,20230308,7128.19,253617.0
801980.SI,20230309,7071.33,364947.0
801980.SI,20230310,6914.13,319329.0
801980.SI,20230313,6928.52,269079.0
801980.SI,20230314,6892.5,289063.0
801980.SI,20230315,6792.36,278225.0
801980.SI,20230316,6872.75,319030.0
801980.SI,20230317,6767.7,326693.0
801980.SI,20230320,6633.12,382011.0
801980.SI,20230321,6784.09,318399.0
801980.SI,20230322,6814.79,268283.0
801980.SI,20230323,6783.17,211839.0
801980.SI,20230324,6787.81,225704.0
801980.SI,20230327,6783.73,252762.0
801980.SI,20230328,6904.99,302821.0
801980.SI,20230329,6948.04,290750.0
801980.SI,20230330,7020.45,358732.0
801980.SI,20230331,7034.69,295413.0
801980.SI,20230403,7062.6,401536.0
801980.SI,20230404,7006.49,359252.0
801980.SI,20230406,6961.22,292794.0
801980.SI,20230407,7012.02,248666.0
801980.SI,20230410,7011.86,301066.0
801980.SI,20230411,6997.57,289965.0
801980.SI,20230412,6890.16,297408.0
801980.SI,20230413,6963.92,340414.0
801980.SI,20230414,6936.11,311552.0
801980.SI,20230417,6866.45,326597.0
801980.SI,20230418,6849.8,401307.0
801980.SI,20230419,6747.28,410057.0
801980.SI,20230420,6675.2,398352.0
801980.SI,20230421,6587.54,380325.0
801980.SI,20230424,6465.93,405967.0
801980.SI,20230425,6561.53,423039.0
801980.SI,20230426,6527.98,486736.0
801980.SI,20230427,6700.6,430910.0
801980.SI,20230428,6691.94,334177.0
801980.SI,20230504,6661.85,394336.0
801980.SI,20230505,6591.43,385858.0
801980.SI,20230508,6522.53,326825.0
801980.SI,20230509,6386.98,347684.0
801980.SI,20230510,6475.31,295339.0
801980.SI,20230511,6508.27,256762.0
801980.SI,20230512,6458.83,213251.0
801980.SI,20230515,6505.26,225955.0
801980.SI,20230516,6498.96,281054.0
801980.SI,20230517,6428.61,240989.0
801980.SI,20230518,6377.7,304599.0
801980.SI,20230519,6451.66,383079.0
801980.SI,20230522,6627.61,507711.0
801980.SI,20230523,6546.56,372859.0
801980.SI,20230524,6434.52,320477.0
801980.SI,20230525,6413.24,338834.0
801980.SI,20230526,6379.47,290274.0
801980.SI,20230529,6326.19,401351.0
801980.SI,20230530,6277.22,400122.0
801980.SI,20230531,6256.07,311458.0
801980.SI,20230601,6278.85,358294.0
801980.SI,20230602,6290.14,306466.0
801980.SI,20230605,6269.91,256413.0
801980.SI,20230606,6237.25,322679.0
801980.SI,20230607,6174.79,301123.0
801980.SI,20230608,6131.32,308112.0
801980.SI,20230609,6045.63,414935.0
801980.SI,20230612,6160.08,403077.0
801980.SI,20230613,6131.96,285619.0
801980.SI,20230614,6282.96,449980.0
801980.SI,20230615,6358.23,413368.0
801980.SI,20230616,6342.58,330393.0
801980.SI,20230619,6218.55,315825.0
801980.SI,20230620,6200.06,288639.0
801980.SI,20230621,6085.54,289580.0
801980.SI,20230626,6018.79,295983.0
801980.SI,20230627,6134.85,257849.0
801980.SI,20230628,6134.59,254797.0
801980.SI,20230629,6110.19,206270.0
801980.SI,20230630,6177.98,261637.0
801980.SI,20230703,6260.17,320291.0
801980.SI,20230704,6261.96,262831.0
801980.SI,20230705,6175.12,232210.0
801980.SI,20230706,6134.65,212295.0
801980.SI,20230707,6097.02,161643.0
801980.SI,20230710,6081.34,212114.0
801980.SI,20230711,6096.39,211652.0
801980.SI,20230712,6044.66,202206.0
801980.SI,20230713,6203.57,294056.0
801980.SI,20230714,6144.6,237556.0
801980.SI,20230717,6044.59,233565.0
801980.SI,20230718,6051.58,177757.0
801980.SI,20230719,6044.55,176561.0
801980.SI,20230720,6048.21,227361.0
801980.SI,20230721,6149.48,318542.0
801980.SI,20230724,6091.72,218233.0
801980.SI,20230725,6208.49,342637.0
801980.SI,20230726,6249.67,307741.0
801980.SI,20230727,6274.79,292650.0
801980.SI,20230728,6431.48,461947.0
801980.SI,20230731,6404.53,555392.0
801980.SI,20230801,6309.57,442758.0
801980.SI,20230802,6224.8,358366.0
801980.SI,20230803,6257.56,293930.0
801980.SI,20230804,6320.78,457221.0
801980.SI,20230807,6215.09,326009.0
801980.SI,20230808,6193.27,272441.0
801980.SI,20230809,6173.03,303496.0
801980.SI,20230810,6171.11,261954.0
801980.SI,20230811,6081.87,272141.0
801980.SI,20230814,6092.52,285672.0
801980.SI,20230815,6064.16,289771.0
801980.SI,20230816,6045.42,292154.0
801980.SI,20230817,6108.96,302197.0
801980.SI,20230818,6031.1,356999.0
801980.SI,20230821,5952.36,358319.0
801980.SI,20230822,5811.7,423184.0
801980.SI,20230823,5716.0,303674.0
801980.SI,20230824,5832.23,339499.0
801980.SI,20230825,5777.37,374083.0
801980.SI,20230828,5818.99,489678.0
801980.SI,20230829,5965.01,407980.0
801980.SI,20230830,6059.07,364839.0
801980.SI,20230831,6087.8,301032.0
801980.SI,20230901,6110.48,304525.0
801980.SI,20230904,6215.85,382688.0
801980.SI,20230905,6179.65,286739.0
801980.SI,20230906,6143.18,217746.0
801980.SI,20230907,6018.27,251454.0
801980.SI,20230908,5960.18,184015.0
801980.SI,20230911,6051.53,245693.0
801980.SI,20230912,6011.69,206882.0
801980.SI,20230913,5953.5,211193.0
801980.SI,20230914,5902.53,196741.0
801980.SI,20230915,5936.65,251143.0
801980.SI,20230918,5991.53,332527.0
801980.SI,20230919,5858.85,327417.0
801980.SI,20230920,5821.55,251922.0
801980.SI,20230921,5736.36,243725.0
801980.SI,20230922,5745.61,291988.0
801980.SI,20230925,5759.02,256973.0
801980.SI,20230926,5711.48,188462.0
801980.SI,20230927,5766.98,247634.0
801980.SI,20230928,5688.46,277721.0
801980.SI,20231009,5650.87,307831.0
801980.SI,20231010,5603.64,239887.0
801980.SI,20231011,5634.78,244565.0
801980.SI,20231012,5617.14,214028.0
801980.SI,20231013,5544.93,252816.0
801980.SI,20231016,5463.41,229603.0
801980.SI,20231017,5483.94,169934.0
801980.SI,20231018,5366.91,174215.0
801980.SI,20231019,5311.26,198232.0
801980.SI,20231020,5263.09,172936.0
801980.SI,20231023,5195.36,193748.0
801980.SI,20231024,5343.09,328716.0
801980.SI,20231025,5042.28,532960.0
801980.SI,20231026,5031.67,379483.0
801980.SI,20231027,5148.53,440094.0
801980.SI,20231030,5161.09,345963.0
801980.SI,20231031,5224.31,329724.0
801980.SI,20231101,5212.55,342664.0
801980.SI,20231102,5137.79,279133.0
801980.SI,20231103,5199.93,273342.0
801980.SI,20231106,5269.95,339617.0
801980.SI,20231107,5288.84,269254.0
801980.SI,20231108,5306.86,289218.0
801980.SI,20231109,5290.07,251362.0
801980.SI,20231110,5245.25,201243.0
801980.SI,20231113,5205.35,248067.0
801980.SI,20231114,5219.34,252447.0
801980.SI,20231115,5261.39,295338.0
801980.SI,20231116,5208.88,258725.0
801980.SI,20231117,5226.11,221643.0
801980.SI,20231120,5291.39,286126.0
801980.SI,20231121,5267.44,277687.0
801980.SI,20231122,5203.49,212884.0
801980.SI,20231123,5235.34,191073.0
801980.SI,20231124,5205.34,189224.0
801980.SI,20231127,5132.86,235848.0
801980.SI,20231128,5172.39,194599.0
801980.SI,20231129,5145.95,200739.0
801980.SI,20231130,5070.09,214872.0
801980.SI,20231201,5009.03,276236.0
801980.SI,20231204,4924.17,264793.0
801980.SI,20231205,4832.58,312307.0
801980.SI,20231206,4873.53,282645.0
801980.SI,20231207,4850.03,251549.0
801980.SI,20231208,4844.52,284817.0
801980.SI,20231211,4889.77,302639.0
801980.SI,20231212,4866.08,279394.0
801980.SI,20231213,4765.61,328148.0
801980.SI,20231214,4763.72,267574.0
801980.SI,20231215,4800.47,304356.0
801980.SI,20231218,4747.57,262499.0
801980.SI,20231219,4711.24,220071.0
801980.SI,20231220,4666.03,193484.0
801980.SI,20231221,4755.39,259848.0
801980.SI,20231222,4695.44,284105.0
801980.SI,20231225,4707.96,207212.0
801980.SI,20231226,4653.61,200115.0
801980.SI,20231227,4621.93,212117.0
801980.SI,20231228,4886.75,414589.0
801980.SI,20231229,4861.05,280247.0
801980.SI,20240102,4811.38,294156.0
801980.SI,20240103,4804.91,273181.0
801980.SI,20240104,4742.51,285113.0
801980.SI,20240105,4665.42,259763.0
801980.SI,20240108,4674.61,367694.0
801980.SI,20240109,4773.91,369395.0
801980.SI,20240110,4951.9,599469.0
801980.SI,20240111,5002.67,444965.0
801980.SI,20240112,4902.35,373189.0
801980.SI,20240115,4948.72,395421.0
801980.SI,20240116,4935.35,392564.0
801980.SI,20240117,4837.49,354914.0
801980.SI,20240118,4926.79,515632.0
801980.SI,20240119,4864.92,376040.0
801980.SI,20240122,4606.69,415383.0
801980.SI,20240123,4641.23,335423.0
801980.SI,20240124,4684.51,380535.0
801980.SI,20240125,4728.69,393610.0
801980.SI,20240126,4613.97,338913.0
801980.SI,20240129,4469.81,322622.0
801980.SI,20240130,4334.49,295129.0
801980.SI,20240131,4211.91,311968.0
801980.SI,20240201,4202.64,298316.0
801980.SI,20240202,4118.35,324252.0
801980.SI,20240205,4071.68,414815.0
801980.SI,20240206,4315.44,446205.0
801980.SI,20240207,4394.74,447860.0
801980.SI,20240208,4489.44,436468.0
801980.SI,20240219,4531.94,372713.0
801980.SI,20240220,4550.2,304073.0
801980.SI,20240221,4617.2,400815.0
801980.SI,20240222,4663.16,278118.0
801980.SI,20240223,4754.16,332097.0
801980.SI,20240226,4715.87,351230.0
801980.SI,20240227,4766.04,321766.0
801980.SI,20240228,4645.5,472538.0
801980.SI,20240229,4819.55,403827.0
801980.SI,20240301,4761.81,327662.0
801980.SI,20240304,4753.32,304895.0
801980.SI,20240305,4678.19,299961.0
801980.SI,20240306,4702.03,296891.0
801980.SI,20240307,4661.95,338577.0
801980.SI,20240308,4655.26,242727.0
801980.SI,20240311,4818.03,395074.0
801980.SI,20240312,4930.13,455925.0
801980.SI,20240313,4900.66,341570.0
801980.SI,20240314,4867.04,299490.0
801980.SI,20240315,4864.33,239187.0
801980.SI,20240318,4898.77,317598.0
801980.SI,20240319,4927.78,333862.0
801980.SI,20240320,4917.63,340288.0
801980.SI,20240321,4849.1,331263.0
801980.SI,20240322,4804.57,310888.0
801980.SI,20240325,4748.92,257522.0
801980.SI,20240326,4753.1,236352.0
801980.SI,20240327,4684.52,275361.0
801980.SI,20240328,4696.22,240595.0
801980.SI,20240329,4759.77,227097.0
801980.SI,20240401,4837.93,270682.0
801980.SI,20240402,4797.0,237574.0
801980.SI,20240403,4698.87,335073.0
801980.SI,20240408,4498.15,363337.0
801980.SI,20240409,4588.85,296199.0
801980.SI,20240410,4542.42,245063.0
801980.SI,20240411,4536.88,221791.0
801980.SI,20240412,4511.67,199118.0
801980.SI,20240415,4505.07,273080.0
801980.SI,20240416,4423.1,279137.0
801980.SI,20240417,4516.87,281527.0
801980.SI,20240418,4511.82,269321.0
801980.SI,20240419,4431.22,309597.0
801980.SI,20240422,4512.97,281559.0
801980.SI,20240423,4622.86,378255.0
801980.SI,20240424,4645.52,367747.0
801980.SI,20240425,4640.59,286568.0
801980.SI,20240426,4662.25,382810.0
801980.SI,20240429,4761.36,424992.0
801980.SI,20240430,4750.69,304519.0
801980.SI,20240506,4942.63,497064.0
801980.SI,20240507,4942.26,376953.0
801980.SI,20240508,4875.3,317913.0
801980.SI,20240509,4958.56,351784.0
801980.SI,20240510,4873.27,340183.0
801980.SI,20240513,4805.41,302331.0
801980.SI,20240514,4901.85,321081.0
801980.SI,20240515,4851.56,284571.0
801980.SI,20240516,4811.34,274712.0
801980.SI,20240517,4838.31,269967.0
801980.SI,20240520,4851.7,307246.0
801980.SI,20240521,4816.56,207250.0
801980.SI,20240522,4829.59,438159.0
801980.SI,20240523,4720.42,338092.0
801980.SI,20240524,4641.3,206492.0
801980.SI,20240527,4680.3,203415.0
801980.SI,20240528,4598.25,186785.0
801980.SI,20240529,4590.93,166215.0
801980.SI,20240530,4571.66,172226.0
801980.SI,20240531,4575.45,160633.0
801980.SI,20240603,4517.76,208189.0
801980.SI,20240604,4584.89,227996.0
801980.SI,20240605,4537.91,191233.0
801980.SI,20240606,4457.23,243053.0
801980.SI,20240607,4449.09,185958.0
801980.SI,20240611,4448.93,200477.0
801980.SI,20240612,4438.6,195938.0
801980.SI,20240613,4389.22,212349.0
801980.SI,20240614,4365.39,255435.0
801980.SI,20240617,4329.15,189663.0
801980.SI,20240618,4375.02,180605.0
801980.SI,20240619,4318.32,150757.0
801980.SI,20240620,4254.64,172552.0
801980.SI,20240621,4235.34,206856.0
801980.SI,20240624,4186.54,262058.0
801980.SI,20240625,4159.21,212825.0
801980.SI,20240626,4273.35,224683.0
801980.SI,20240627,4198.17,199503.0
801980.SI,20240628,4167.1,184870.0
801980.SI,20240701,4171.79,170353.0
801980.SI,20240702,4128.39,176685.0
801980.SI,20240703,4075.88,182785.0
801980.SI,20240704,3978.8,194246.0
801980.SI,20240705,4022.85,177671.0
801980.SI,20240708,3932.22,183321.0
801980.SI,20240709,3993.82,209747.0
801980.SI,20240710,4023.26,192911.0
801980.SI,20240711,4138.37,280282.0
801980.SI,20240712,4149.69,182427.0
801980.SI,20240715,4078.93,138761.0
801980.SI,20240716,3994.18,182807.0
801980.SI,20240717,4028.59,187804.0
801980.SI,20240718,4052.99,183317.0
801980.SI,20240719,4049.66,141775.0
801980.SI,20240722,4024.16,151468.0
801980.SI,20240723,3872.73,173839.0
801980.SI,20240724,3806.47,155937.0
801980.SI,20240725,3851.28,149920.0
801980.SI,20240726,3887.97,125313.0
801980.SI,20240729,3834.07,125108.0
801980.SI,20240730,3848.43,137704.0
801980.SI,20240731,4061.11,288664.0
801980.SI,20240801,3986.76,211207.0
801980.SI,20240802,3963.26,171372.0
801980.SI,20240805,3928.05,223854.0
801980.SI,20240806,4005.5,179533.0
801980.SI,20240807,4019.91,140450.0
801980.SI,20240808,4058.6,205268.0
801980.SI,20240809,3987.98,170349.0
801980.SI,20240812,3966.45,130189.0
801980.SI,20240813,3961.92,126594.0
801980.SI,20240814,3903.42,125757.0
801980.SI,20240815,3897.43,145935.0
801980.SI,20240816,3904.57,178991.0
801980.SI,20240819,3842.39,192403.0
801980.SI,20240820,3771.06,166146.0
801980.SI,20240821,3751.84,129685.0
801980.SI,20240822,3590.45,241377.0
801980.SI,20240823,3581.0,166163.0
801980.SI,20240826,3524.71,170411.0
801980.SI,20240827,3521.94,134019.0
801980.SI,20240828,3539.72,188925.0
801980.SI,20240829,3650.86,212087.0
801980.SI,20240830,3731.08,266698.0
801980.SI,20240902,3620.43,189919.0
801980.SI,20240903,3654.36,147007.0
801980.SI,20240904,3649.26,130246.0
801980.SI,20240905,3671.95,123801.0
801980.SI,20240906,3588.07,119475.0
801980.SI,20240909,3547.27,122498.0
801980.SI,20240910,3580.77,133297.0
801980.SI,20240911,3596.53,103585.0
801980.SI,20240912,3551.55,102194.0
801980.SI,20240913,3491.26,129425.0
801980.SI,20240918,3476.61,136982.0
801980.SI,20240919,3544.61,197505.0
801980.SI,20240920,3488.61,175789.0
801980.SI,20240923,3471.59,148032.0
801980.SI,20240924,3654.8,305580.0
801980.SI,20240925,3684.68,350092.0
801980.SI,20240926,3958.41,430649.0
801980.SI,20240927,4338.72,638548.0
801980.SI,20240930,4925.81,1089675.0
801980.SI,20241008,5486.86,1488777.0
801980.SI,20241009,4764.6,1014587.0
801980.SI,20241010,4771.95,595301.0
801980.SI,20241011,4531.94,502006.0
801980.SI,20241014,4557.76,537191.0
801980.SI,20241015,4393.88,481246.0
801980.SI,20241016,4347.88,431441.0
801980.SI,20241017,4361.49,460161.0
801980.SI,20241018,4560.03,697167.0
801980.SI,20241021,4550.48,617653.0
801980.SI,20241022,4638.89,556376.0
801980.SI,20241023,4617.53,537690.0
801980.SI,20241024,4573.99,581700.0
801980.SI,20241025,4649.03,678845.0
801980.SI,20241028,4775.27,590788.0
801980.SI,20241029,4703.92,580641.0
801980.SI,20241030,4760.14,739476.0
801980.SI,20241031,4707.94,676891.0
801980.SI,20241101,4695.9,835099.0
801980.SI,20241104,4710.52,462704.0
801980.SI,20241105,4815.7,877796.0
801980.SI,20241106,4825.2,980525.0
801980.SI,20241107,5047.66,1037381.0
801980.SI,20241108,4950.73,871819.0
801980.SI,20241111,4935.51,695604.0
801980.SI,20241112,4924.24,824530.0
801980.SI,20241113,4864.32,600628.0
801980.SI,20241114,4737.74,537957.0
801980.SI,20241115,4610.2,540561.0
801980.SI,20241118,4542.94,452254.0
801980.SI,20241119,4654.47,399835.0
801980.SI,20241120,4689.14,425183.0
801980.SI,20241121,4683.4,470510.0
801980.SI,20241122,4484.02,477268.0
801980.SI,20241125,4499.94,390587.0
801980.SI,20241126,4506.24,318969.0
801980.SI,20241127,4583.73,410338.0
801980.SI,20241128,4583.28,363616.0
801980.SI,20241129,4668.58,582812.0
801980.SI,20241202,4795.71,639515.0
801980.SI,20241203,4754.19,547032.0
801980.SI,20241204,4649.6,520919.0
801980.SI,20241205,4645.4,413927.0
801980.SI,20241206,4725.24,513413.0
801980.SI,20241209,4679.1,475379.0
801980.SI,20241210,4784.21,966943.0
801980.SI,20241211,4869.71,699749.0
801980.SI,20241212,4978.48,750526.0
801980.SI,20241213,4845.64,811244.0
801980.SI,20241216,4799.93,643646.0
801980.SI,20241217,4696.74,564113.0
801980.SI,20241218,4684.57,476225.0
801980.SI,20241219,4648.12,471894.0
801980.SI,20241220,4712.19,595868.0
801980.SI,20241223,4546.61,509543.0
801980.SI,20241224,4619.19,440325.0
801980.SI,20241225,4589.94,412444.0
801980.SI,20241226,4592.53,395082.0
801980.SI,20241227,4572.76,402081.0
801980.SI,20241230,4441.61,447061.0
801980.SI,20241231,4358.5,411641.0
801980.SI,20250102,4321.55,503548.0
801980.SI,20250103,4183.63,427116.0
801980.SI,20250106,4179.12,351931.0
801980.SI,20250107,4213.46,306089.0
801980.SI,20250108,4221.35,385416.0
801980.SI,20250109,4173.88,274473.0
801980.SI,20250110,4069.5,275402.0
801980.SI,20250113,4117.77,256214.0
801980.SI,20250114,4268.42,377089.0
801980.SI,20250115,4238.5,246832.0
801980.SI,20250116,4247.35,330846.0
801980.SI,20250117,4246.27,305029.0
801980.SI,20250120,4266.83,310007.0
801980.SI,20250121,4266.25,262818.0
801980.SI,20250122,4212.54,241063.0
801980.SI,20250123,4214.6,281447.0
801980.SI,20250124,4234.84,243080.0
801980.SI,20250127,4197.05,245729.0
801980.SI,20250205,4154.87,256853.0
801980.SI,20250206,4212.36,292347.0
801980.SI,20250207,4271.05,419245.0
801980.SI,20250210,4309.22,403315.0
801980.SI,20250211,4277.18,340521.0
801980.SI,20250212,4303.09,357680.0
801980.SI,20250213,4340.03,450021.0
801980.SI,20250214,4351.35,338589.0
801980.SI,20250217,4336.15,368610.0
801980.SI,20250218,4218.06,339432.0
801980.SI,20250219,4257.05,255359.0
801980.SI,20250220,4328.24,439921.0
801980.SI,20250221,4318.05,400369.0
801980.SI,20250224,4297.83,391294.0
801980.SI,20250225,4243.31,301915.0
801980.SI,20250226,4290.27,341142.0
801980.SI,20250227,4377.9,464200.0
801980.SI,20250228,4294.26,481238.0
801980.SI,20250303,4355.64,540848.0
801980.SI,20250304,4352.36,452035.0
801980.SI,20250305,4326.72,368245.0
801980.SI,20250306,4408.84,452243.0
801980.SI,20250307,4384.11,374248.0
801980.SI,20250310,4418.76,363669.0
801980.SI,20250311,4630.19,788359.0
801980.SI,20250312,4583.46,624446.0
801980.SI,20250313,4658.66,655330.0
801980.SI,20250314,4742.76,771844.0
801980.SI,20250317,4708.12,789547.0
801980.SI,20250318,4675.31,630435.0
801980.SI,20250319,4638.76,409130.0
801980.SI,20250320,4592.99,361285.0
801980.SI,20250321,4550.42,404168.0
801980.SI,20250324,4532.11,368901.0
801980.SI,20250325,4529.49,325511.0
801980.SI,20250326,4528.43,274392.0
801980.SI,20250327,4523.97,316078.0
801980.SI,20250328,4475.76,307239.0
801980.SI,20250331,4440.78,335119.0
801980.SI,20250401,4466.81,363805.0
801980.SI,20250402,4512.09,310340.0
801980.SI,20250403,4528.44,448514.0
801980.SI,20250407,4095.7,643389.0
801980.SI,20250408,4226.6,585765.0
801980.SI,20250409,4317.53,606252.0
801980.SI,20250410,4435.09,648599.0
801980.SI,20250411,4413.03,628189.0
801980.SI,20250414,4501.74,664188.0
801980.SI,20250415,4603.85,873284.0
801980.SI,20250416,4555.94,689973.0
801980.SI,20250417,4543.88,598358.0
801980.SI,20250418,4432.03,537028.0
801980.SI,20250421,4525.71,598330.0
801980.SI,20250422,4528.06,481035.0
801980.SI,20250423,4484.86,531175.0
801980.SI,20250424,4556.87,854214.0
801980.SI,20250425,4600.55,805991.0
801980.SI,20250428,4581.41,747652.0
801980.SI,20250429,4700.5,710902.0
801980.SI,20250430,4713.82,725413.0
801980.SI,20250506,4734.16,601177.0
801980.SI,20250507,4773.82,674740.0
801980.SI,20250508,4727.91,526784.0
801980.SI,20250509,4794.49,687616.0
801980.SI,20250512,4792.54,583079.0
801980.SI,20250513,4848.94,712153.0
801980.SI,20250514,4830.15,764464.0
801980.SI,20250515,5008.03,1227622.0
801980.SI,20250516,4942.21,1078799.0
801980.SI,20250519,4987.75,995996.0
801980.SI,20250520,5112.37,1390383.0
801980.SI,20250521,5056.47,1080724.0
801980.SI,20250522,4954.03,1159094.0
801980.SI,20250523,4869.06,868387.0
801980.SI,20250526,4868.69,690992.0
801980.SI,20250527,4911.62,846037.0
801980.SI,20250528,4924.31,995026.0
801980.SI,20250529,4895.02,897457.0
801980.SI,20250530,4833.94,867319.0
801980.SI,20250603,5020.66,1200277.0
801980.SI,20250604,5152.87,1303282.0
801980.SI,20250605,4994.59,1152351.0
801980.SI,20250606,4909.44,845582.0
801980.SI,20250609,4943.0,757496.0
801980.SI,20250610,4997.36,1106513.0
801980.SI,20250611,4992.44,911788.0
801980.SI,20250612,5057.72,1019624.0
801980.SI,20250613,4849.54,1007582.0
801980.SI,20250616,4825.65,724864.0
801980.SI,20250617,4765.84,687397.0
801980.SI,20250618,4683.32,665487.0
801980.SI,20250619,4576.48,615303.0
801980.SI,20250620,4565.44,429943.0
801980.SI,20250623,4591.03,445813.0
801980.SI,20250624,4642.89,488109.0
801980.SI,20250625,4651.09,569433.0
801980.SI,20250626,4602.85,504162.0
801980.SI,20250627,4613.04,462749.0
801980.SI,20250630,4659.39,531879.0
801980.SI,20250701,4690.15,576549.0
801980.SI,20250702,4638.99,449956.0
801980.SI,20250703,4674.89,484041.0
801980.SI,20250704,4587.59,524284.0
801980.SI,20250707,4608.69,457494.0
801980.SI,20250708,4658.77,652593.0
801980.SI,20250709,4659.6,619088.0
801980.SI,20250710,4647.49,493125.0
801980.SI,20250711,4657.4,529967.0
801980.SI,20250714,4677.73,512002.0
801980.SI,20250715,4606.14,613073.0
801980.SI,20250716,4637.92,434848.0
801980.SI,20250717,4652.77,467570.0
801980.SI,20250718,4650.78,511395.0
801980.SI,20250721,4687.02,525829.0
801980.SI,20250722,4760.43,706135.0
801980.SI,20250723,4788.43,844601.0
801980.SI,20250724,4936.88,1052928.0
801980.SI,20250725,4903.02,864404.0
801980.SI,20250728,4865.36,791572.0
801980.SI,20250729,4830.85,722553.0
801980.SI,20250730,4821.95,649049.0
801980.SI,20250731,4728.94,565294.0
801980.SI,20250801,4741.16,447696.0
801980.SI,20250804,4755.7,445336.0
801980.SI,20250805,4782.73,437855.0
801980.SI,20250806,4796.02,429893.0
801980.SI,20250807,4843.45,690306.0
801980.SI,20250808,4821.7,564347.0
801980.SI,20250811,4861.81,584662.0
801980.SI,20250812,4860.19,578307.0
801980.SI,20250813,4873.53,578001.0
801980.SI,20250814,4794.07,633781.0
801980.SI,20250815,4824.91,511061.0
801980.SI,20250818,4879.65,614503.0
801980.SI,20250819,4886.31,654864.0
801980.SI,20250820,5004.8,878306.0
801980.SI,20250821,5053.77,963705.0
801980.SI,20250822,5083.02,827166.0
801980.SI,20250825,5083.55,868130.0
801980.SI,20250826,5187.41,961660.0
801980.SI,20250827,4987.11,1064578.0
801980.SI,20250828,4998.28,900375.0
801980.SI,20250829,5052.44,798268.0
801980.SI,20250901,5078.77,731153.0
801980.SI,20250902,4999.67,670375.0
801980.SI,20250903,4887.44,605263.0
801980.SI,20250904,4945.67,721209.0
801980.SI,20250905,5012.27,626989.0
801980.SI,20250908,5114.05,821124.0
801980.SI,20250909,5061.58,588890.0
801980.SI,20250910,5043.74,552011.0
801980.SI,20250911,5101.29,581763.0
801980.SI,20250912,5023.63,555711.0
801980.SI,20250915,5014.29,475740.0
801980.SI,20250916,5014.74,480306.0
801980.SI,20250917,4994.68,461379.0
801980.SI,20250918,4883.47,602388.0
801980.SI,20250919,4895.96,417142.0
801980.SI,20250922,4829.14,363323.0
801980.SI,20250923,4749.59,443883.0
801980.SI,20250924,4798.1,341080.0
801980.SI,20250925,4780.29,334365.0
801980.SI,20250926,4785.58,360069.0
801980.SI,20250929,4782.99,360628.0
801980.SI,20250930,4799.7,306993.0
801980.SI,20251009,4797.44,406442.0
801980.SI,20251010,4846.14,520469.0
801980.SI,20251013,4769.56,477056.0
801980.SI,20251014,4773.32,437632.0
801980.SI,20251015,4857.17,598283.0
801980.SI,20251016,4825.88,532353.0
801980.SI,20251017,4723.6,423192.0
801980.SI,20251020,4705.81,344044.0
801980.SI,20251021,4720.38,374241.0
801980.SI,20251022,4696.81,384154.0
801980.SI,20251023,4705.83,341073.0
801980.SI,20251024,4719.58,438249.0
801980.SI,20251027,4741.5,512972.0
801980.SI,20251028,4670.09,598518.0
801980.SI,20251029,4665.15,537146.0
801980.SI,20251030,4603.89,518647.0
801980.SI,20251031,4615.16,479508.0
801980.SI,20251103,4599.15,474710.0
801980.SI,20251104,4519.26,429922.0
801980.SI,20251105,4504.21,361720.0
801980.SI,20251106,4484.11,394406.0
801980.SI,20251107,4472.18,368989.0
801980.SI,20251110,4633.26,702908.0
801980.SI,20251111,4659.76,549122.0
801980.SI,20251112,4666.41,510910.0
801980.SI,20251113,4686.43,432820.0
801980.SI,20251114,4639.8,432713.0
801980.SI,20251117,4606.19,402513.0
801980.SI,20251118,4603.16,485979.0
801980.SI,20251119,4653.28,723409.0
801980.SI,20251120,4541.85,582749.0
801980.SI,20251121,4429.45,531726.0
801980.SI,20251124,4429.02,400245.0
801980.SI,20251125,4449.65,392537.0
801980.SI,20251126,4416.18,379433.0
801980.SI,20251127,4448.41,434106.0
801980.SI,20251128,4451.46,374552.0
801980.SI,20251201,4470.07,330704.0
801980.SI,20251202,4440.39,279181.0
801980.SI,20251203,4408.98,293378.0
801980.SI,20251204,4325.56,350175.0
801980.SI,20251205,4362.21,281730.0
801980.SI,20251208,4366.69,291775.0
801980.SI,20251209,4341.1,322053.0
801980.SI,20251210,4346.88,298194.0
801980.SI,20251211,4300.13,357696.0
801980.SI,20251212,4290.8,400214.0
801980.SI,20251215,4283.27,371418.0
801980.SI,20251216,4311.73,431514.0
801980.SI,20251217,4347.58,427486.0
801980.SI,20251218,4333.14,330847.0
801980.SI,20251219,4413.8,407323.0
801980.SI,20251222,4393.76,346562.0
801980.SI,20251223,4321.08,331036.0
801980.SI,20251224,4354.45,291534.0
801980.SI,20251225,4372.71,288673.0
801980.SI,20251226,4366.13,289699.0
801980.SI,20251229,4331.85,314535.0
801980.SI,20251230,4339.13,356476.0
801980.SI,20251231,4375.58,449861.0
