ts_code,trade_date,pb
801010.SI,20221010,3.4
801010.SI,20221011,3.41
801010.SI,20221012,3.48
801010.SI,20221013,3.53
801010.SI,20221014,3.52
801010.SI,20221017,3.54
801010.SI,20221018,3.54
801010.SI,20221019,3.42
801010.SI,20221020,3.39
801010.SI,20221021,3.38
801010.SI,20221024,3.29
801010.SI,20221025,3.18
801010.SI,20221026,3.02
801010.SI,20221027,3.03
801010.SI,20221028,2.89
801010.SI,20221031,2.87
801010.SI,20221101,2.97
801010.SI,20221102,2.98
801010.SI,20221103,2.98
801010.SI,20221104,3.02
801010.SI,20221107,3.05
801010.SI,20221108,3.03
801010.SI,20221109,3.0
801010.SI,20221110,3.02
801010.SI,20221111,3.04
801010.SI,20221114,3.04
801010.SI,20221115,3.05
801010.SI,20221116,3.04
801010.SI,20221117,3.06
801010.SI,20221118,3.01
801010.SI,20221121,3.01
801010.SI,20221122,2.97
801010.SI,20221123,2.95
801010.SI,20221124,2.95
801010.SI,20221125,2.97
801010.SI,20221128,2.96
801010.SI,20221129,2.99
801010.SI,20221130,3.02
801010.SI,20221201,3.06
801010.SI,20221202,3.1
801010.SI,20221205,3.12
801010.SI,20221206,3.14
801010.SI,20221207,3.16
801010.SI,20221208,3.08
801010.SI,20221209,3.07
801010.SI,20221212,3.05
801010.SI,20221213,3.13
801010.SI,20221214,3.13
801010.SI,20221215,3.1
801010.SI,20221216,3.1
801010.SI,20221219,3.02
801010.SI,20221220,2.96
801010.SI,20221221,3.0
801010.SI,20221222,3.04
801010.SI,20221223,3.02
801010.SI,20221226,3.04
801010.SI,20221227,3.12
801010.SI,20221228,3.06
801010.SI,20221229,3.04
801010.SI,20221230,3.09
801010.SI,20230103,3.06
801010.SI,20230104,3.06
801010.SI,20230105,3.07
801010.SI,20230106,3.05
801010.SI,20230109,3.1
801010.SI,20230110,3.09
801010.SI,20230111,3.08
801010.SI,20230112,3.06
801010.SI,20230113,3.14
801010.SI,20230116,3.2
801010.SI,20230117,3.18
801010.SI,20230118,3.15
801010.SI,20230119,3.15
801010.SI,20230120,3.16
801010.SI,20230130,3.17
801010.SI,20230131,3.2
801010.SI,20230201,3.25
801010.SI,20230202,3.26
801010.SI,20230203,3.24
801010.SI,20230206,3.25
801010.SI,20230207,3.23
801010.SI,20230208,3.2
801010.SI,20230209,3.21
801010.SI,20230210,3.22
801010.SI,20230213,3.22
801010.SI,20230214,3.2
801010.SI,20230215,3.17
801010.SI,20230216,3.13
801010.SI,20230217,3.13
801010.SI,20230220,3.17
801010.SI,20230221,3.2
801010.SI,20230222,3.22
801010.SI,20230223,3.22
801010.SI,20230224,3.21
801010.SI,20230227,3.2
801010.SI,20230228,3.21
801010.SI,20230301,3.22
801010.SI,20230302,3.2
801010.SI,20230303,3.2
801010.SI,20230306,3.22
801010.SI,20230307,3.14
801010.SI,20230308,3.13
801010.SI,20230309,3.11
801010.SI,20230310,3.08
801010.SI,20230313,3.11
801010.SI,20230314,3.17
801010.SI,20230315,3.18
801010.SI,20230316,3.1
801010.SI,20230317,3.09
801010.SI,20230320,3.04
801010.SI,20230321,3.06
801010.SI,20230322,3.06
801010.SI,20230323,3.06
801010.SI,20230324,3.07
801010.SI,20230327,3.09
801010.SI,20230328,3.12
801010.SI,20230329,3.07
801010.SI,20230330,3.09
801010.SI,20230331,3.14
801010.SI,20230403,3.17
801010.SI,20230404,3.23
801010.SI,20230406,3.22
801010.SI,20230407,3.19
801010.SI,20230410,3.16
801010.SI,20230411,3.16
801010.SI,20230412,3.12
801010.SI,20230413,3.11
801010.SI,20230414,3.09
801010.SI,20230417,3.11
801010.SI,20230418,3.1
801010.SI,20230419,3.1
801010.SI,20230420,3.07
801010.SI,20230421,3.04
801010.SI,20230424,2.99
801010.SI,20230425,2.98
801010.SI,20230426,2.98
801010.SI,20230427,2.96
801010.SI,20230428,2.9
801010.SI,20230504,2.9
801010.SI,20230505,2.87
801010.SI,20230508,2.85
801010.SI,20230509,2.86
801010.SI,20230510,2.84
801010.SI,20230511,2.85
801010.SI,20230512,2.83
801010.SI,20230515,2.82
801010.SI,20230516,2.81
801010.SI,20230517,2.81
801010.SI,20230518,2.75
801010.SI,20230519,2.76
801010.SI,20230522,2.78
801010.SI,20230523,2.75
801010.SI,20230524,2.73
801010.SI,20230525,2.69
801010.SI,20230526,2.69
801010.SI,20230529,2.66
801010.SI,20230530,2.65
801010.SI,20230531,2.62
801010.SI,20230601,2.63
801010.SI,20230602,2.65
801010.SI,20230605,2.63
801010.SI,20230606,2.59
801010.SI,20230607,2.6
801010.SI,20230608,2.66
801010.SI,20230609,2.66
801010.SI,20230612,2.67
801010.SI,20230613,2.66
801010.SI,20230614,2.66
801010.SI,20230615,2.67
801010.SI,20230616,2.7
801010.SI,20230619,2.69
801010.SI,20230620,2.68
801010.SI,20230621,2.65
801010.SI,20230626,2.63
801010.SI,20230627,2.65
801010.SI,20230628,2.64
801010.SI,20230629,2.66
801010.SI,20230630,2.69
801010.SI,20230703,2.7
801010.SI,20230704,2.7
801010.SI,20230705,2.66
801010.SI,20230706,2.67
801010.SI,20230707,2.71
801010.SI,20230710,2.71
801010.SI,20230711,2.71
801010.SI,20230712,2.71
801010.SI,20230713,2.73
801010.SI,20230714,2.72
801010.SI,20230717,2.74
801010.SI,20230718,2.75
801010.SI,20230719,2.76
801010.SI,20230720,2.74
801010.SI,20230721,2.78
801010.SI,20230724,2.74
801010.SI,20230725,2.73
801010.SI,20230726,2.74
801010.SI,20230727,2.76
801010.SI,20230728,2.78
801010.SI,20230731,2.85
801010.SI,20230801,2.81
801010.SI,20230802,2.77
801010.SI,20230803,2.79
801010.SI,20230804,2.78
801010.SI,20230807,2.8
801010.SI,20230808,2.79
801010.SI,20230809,2.76
801010.SI,20230810,2.77
801010.SI,20230811,2.7
801010.SI,20230814,2.68
801010.SI,20230815,2.67
801010.SI,20230816,2.66
801010.SI,20230817,2.68
801010.SI,20230818,2.66
801010.SI,20230821,2.62
801010.SI,20230822,2.62
801010.SI,20230823,2.61
801010.SI,20230824,2.66
801010.SI,20230825,2.66
801010.SI,20230828,2.69
801010.SI,20230829,2.71
801010.SI,20230830,2.68
801010.SI,20230831,2.71
801010.SI,20230901,2.73
801010.SI,20230904,2.75
801010.SI,20230905,2.73
801010.SI,20230906,2.72
801010.SI,20230907,2.69
801010.SI,20230908,2.67
801010.SI,20230911,2.7
801010.SI,20230912,2.74
801010.SI,20230913,2.71
801010.SI,20230914,2.69
801010.SI,20230915,2.69
801010.SI,20230918,2.7
801010.SI,20230919,2.7
801010.SI,20230920,2.72
801010.SI,20230921,2.67
801010.SI,20230922,2.7
801010.SI,20230925,2.7
801010.SI,20230926,2.69
801010.SI,20230927,2.69
801010.SI,20230928,2.65
801010.SI,20231009,2.6
801010.SI,20231010,2.62
801010.SI,20231011,2.6
801010.SI,20231012,2.62
801010.SI,20231013,2.59
801010.SI,20231016,2.59
801010.SI,20231017,2.59
801010.SI,20231018,2.58
801010.SI,20231019,2.5
801010.SI,20231020,2.48
801010.SI,20231023,2.45
801010.SI,20231024,2.48
801010.SI,20231025,2.52
801010.SI,20231026,2.52
801010.SI,20231027,2.58
801010.SI,20231030,2.65
801010.SI,20231031,2.64
801010.SI,20231101,2.65
801010.SI,20231102,2.63
801010.SI,20231103,2.64
801010.SI,20231106,2.63
801010.SI,20231107,2.64
801010.SI,20231108,2.63
801010.SI,20231109,2.62
801010.SI,20231110,2.63
801010.SI,20231113,2.64
801010.SI,20231114,2.65
801010.SI,20231115,2.64
801010.SI,20231116,2.62
801010.SI,20231117,2.63
801010.SI,20231120,2.68
801010.SI,20231121,2.67
801010.SI,20231122,2.68
801010.SI,20231123,2.69
801010.SI,20231124,2.71
801010.SI,20231127,2.72
801010.SI,20231128,2.71
801010.SI,20231129,2.7
801010.SI,20231130,2.71
801010.SI,20231201,2.68
801010.SI,20231204,2.7
801010.SI,20231205,2.68
801010.SI,20231206,2.74
801010.SI,20231207,2.74
801010.SI,20231208,2.69
801010.SI,20231211,2.71
801010.SI,20231212,2.71
801010.SI,20231213,2.67
801010.SI,20231214,2.65
801010.SI,20231215,2.66
801010.SI,20231218,2.65
801010.SI,20231219,2.64
801010.SI,20231220,2.61
801010.SI,20231221,2.61
801010.SI,20231222,2.61
801010.SI,20231225,2.61
801010.SI,20231226,2.59
801010.SI,20231227,2.66
801010.SI,20231228,2.66
801010.SI,20231229,2.69
801010.SI,20240102,2.7
801010.SI,20240103,2.68
801010.SI,20240104,2.66
801010.SI,20240105,2.62
801010.SI,20240108,2.56
801010.SI,20240109,2.56
801010.SI,20240110,2.54
801010.SI,20240111,2.58
801010.SI,20240112,2.6
801010.SI,20240115,2.57
801010.SI,20240116,2.58
801010.SI,20240117,2.52
801010.SI,20240118,2.51
801010.SI,20240119,2.48
801010.SI,20240122,2.38
801010.SI,20240123,2.38
801010.SI,20240124,2.4
801010.SI,20240125,2.45
801010.SI,20240126,2.46
801010.SI,20240129,2.43
801010.SI,20240130,2.39
801010.SI,20240131,2.34
801010.SI,20240201,2.33
801010.SI,20240202,2.31
801010.SI,20240205,2.25
801010.SI,20240206,2.3
801010.SI,20240207,2.34
801010.SI,20240208,2.39
801010.SI,20240219,2.38
801010.SI,20240220,2.41
801010.SI,20240221,2.42
801010.SI,20240222,2.44
801010.SI,20240223,2.45
801010.SI,20240226,2.46
801010.SI,20240227,2.5
801010.SI,20240228,2.45
801010.SI,20240229,2.47
801010.SI,20240301,2.44
801010.SI,20240304,2.43
801010.SI,20240305,2.45
801010.SI,20240306,2.44
801010.SI,20240307,2.44
801010.SI,20240308,2.43
801010.SI,20240311,2.46
801010.SI,20240312,2.49
801010.SI,20240313,2.44
801010.SI,20240314,2.42
801010.SI,20240315,2.43
801010.SI,20240318,2.45
801010.SI,20240319,2.5
801010.SI,20240320,2.52
801010.SI,20240321,2.59
801010.SI,20240322,2.54
801010.SI,20240325,2.5
801010.SI,20240326,2.51
801010.SI,20240327,2.48
801010.SI,20240328,2.47
801010.SI,20240329,2.53
801010.SI,20240401,2.59
801010.SI,20240402,2.57
801010.SI,20240403,2.61
801010.SI,20240408,2.59
801010.SI,20240409,2.58
801010.SI,20240410,2.53
801010.SI,20240411,2.5
801010.SI,20240412,2.45
801010.SI,20240415,2.43
801010.SI,20240416,2.38
801010.SI,20240417,2.42
801010.SI,20240418,2.44
801010.SI,20240419,2.43
801010.SI,20240422,2.49
801010.SI,20240423,2.48
801010.SI,20240424,2.47
801010.SI,20240425,2.48
801010.SI,20240426,2.5
801010.SI,20240429,2.56
801010.SI,20240430,2.57
801010.SI,20240506,2.6
801010.SI,20240507,2.61
801010.SI,20240508,2.67
801010.SI,20240509,2.7
801010.SI,20240510,2.71
801010.SI,20240513,2.73
801010.SI,20240514,2.74
801010.SI,20240515,2.7
801010.SI,20240516,2.71
801010.SI,20240517,2.75
801010.SI,20240520,2.81
801010.SI,20240521,2.81
801010.SI,20240522,2.79
801010.SI,20240523,2.75
801010.SI,20240524,2.76
801010.SI,20240527,2.77
801010.SI,20240528,2.73
801010.SI,20240529,2.73
801010.SI,20240530,2.7
801010.SI,20240531,2.68
801010.SI,20240603,2.68
801010.SI,20240604,2.69
801010.SI,20240605,2.64
801010.SI,20240606,2.59
801010.SI,20240607,2.62
801010.SI,20240611,2.6
801010.SI,20240612,2.59
801010.SI,20240613,2.52
801010.SI,20240614,2.54
801010.SI,20240617,2.51
801010.SI,20240618,2.5
801010.SI,20240619,2.47
801010.SI,20240620,2.45
801010.SI,20240621,2.45
801010.SI,20240624,2.39
801010.SI,20240625,2.39
801010.SI,20240626,2.4
801010.SI,20240627,2.39
801010.SI,20240628,2.38
801010.SI,20240701,2.45
801010.SI,20240702,2.43
801010.SI,20240703,2.42
801010.SI,20240704,2.37
801010.SI,20240705,2.39
801010.SI,20240708,2.37
801010.SI,20240709,2.32
801010.SI,20240710,2.34
801010.SI,20240711,2.36
801010.SI,20240712,2.34
801010.SI,20240715,2.38
801010.SI,20240716,2.4
801010.SI,20240717,2.42
801010.SI,20240718,2.42
801010.SI,20240719,2.43
801010.SI,20240722,2.4
801010.SI,20240723,2.34
801010.SI,20240724,2.3
801010.SI,20240725,2.31
801010.SI,20240726,2.32
801010.SI,20240729,2.29
801010.SI,20240730,2.32
801010.SI,20240731,2.38
801010.SI,20240801,2.36
801010.SI,20240802,2.38
801010.SI,20240805,2.36
801010.SI,20240806,2.38
801010.SI,20240807,2.34
801010.SI,20240808,2.37
801010.SI,20240809,2.35
801010.SI,20240812,2.36
801010.SI,20240813,2.37
801010.SI,20240814,2.33
801010.SI,20240815,2.34
801010.SI,20240816,2.3
801010.SI,20240819,2.28
801010.SI,20240820,2.22
801010.SI,20240821,2.18
801010.SI,20240822,2.15
801010.SI,20240823,2.14
801010.SI,20240826,2.16
801010.SI,20240827,2.1
801010.SI,20240828,2.12
801010.SI,20240829,2.13
801010.SI,20240830,2.17
801010.SI,20240902,2.15
801010.SI,20240903,2.17
801010.SI,20240904,2.14
801010.SI,20240905,2.15
801010.SI,20240906,2.13
801010.SI,20240909,2.14
801010.SI,20240910,2.12
801010.SI,20240911,2.1
801010.SI,20240912,2.08
801010.SI,20240913,2.07
801010.SI,20240918,2.02
801010.SI,20240919,2.08
801010.SI,20240920,2.06
801010.SI,20240923,2.05
801010.SI,20240924,2.15
801010.SI,20240925,2.16
801010.SI,20240926,2.26
801010.SI,20240927,2.38
801010.SI,20240930,2.6
801010.SI,20241008,2.67
801010.SI,20241009,2.43
801010.SI,20241010,2.49
801010.SI,20241011,2.4
801010.SI,20241014,2.44
801010.SI,20241015,2.39
801010.SI,20241016,2.38
801010.SI,20241017,2.34
801010.SI,20241018,2.4
801010.SI,20241021,2.43
801010.SI,20241022,2.49
801010.SI,20241023,2.44
801010.SI,20241024,2.41
801010.SI,20241025,2.43
801010.SI,20241028,2.49
801010.SI,20241029,2.44
801010.SI,20241030,2.43
801010.SI,20241031,2.42
801010.SI,20241101,2.4
801010.SI,20241104,2.42
801010.SI,20241105,2.46
801010.SI,20241106,2.51
801010.SI,20241107,2.58
801010.SI,20241108,2.55
801010.SI,20241111,2.53
801010.SI,20241112,2.51
801010.SI,20241113,2.5
801010.SI,20241114,2.44
801010.SI,20241115,2.39
801010.SI,20241118,2.36
801010.SI,20241119,2.39
801010.SI,20241120,2.41
801010.SI,20241121,2.41
801010.SI,20241122,2.33
801010.SI,20241125,2.34
801010.SI,20241126,2.35
801010.SI,20241127,2.37
801010.SI,20241128,2.38
801010.SI,20241129,2.4
801010.SI,20241202,2.44
801010.SI,20241203,2.45
801010.SI,20241204,2.41
801010.SI,20241205,2.4
801010.SI,20241206,2.42
801010.SI,20241209,2.39
801010.SI,20241210,2.41
801010.SI,20241211,2.46
801010.SI,20241212,2.51
801010.SI,20241213,2.46
801010.SI,20241216,2.45
801010.SI,20241217,2.41
801010.SI,20241218,2.39
801010.SI,20241219,2.38
801010.SI,20241220,2.37
801010.SI,20241223,2.32
801010.SI,20241224,2.34
801010.SI,20241225,2.31
801010.SI,20241226,2.31
801010.SI,20241227,2.36
801010.SI,20241230,2.33
801010.SI,20241231,2.3
801010.SI,20250102,2.26
801010.SI,20250103,2.2
801010.SI,20250106,2.2
801010.SI,20250107,2.22
801010.SI,20250108,2.2
801010.SI,20250109,2.19
801010.SI,20250110,2.15
801010.SI,20250113,2.16
801010.SI,20250114,2.22
801010.SI,20250115,2.2
801010.SI,20250116,2.21
801010.SI,20250117,2.23
801010.SI,20250120,2.23
801010.SI,20250121,2.21
801010.SI,20250122,2.19
801010.SI,20250123,2.2
801010.SI,20250124,2.21
801010.SI,20250127,2.23
801010.SI,20250205,2.22
801010.SI,20250206,2.23
801010.SI,20250207,2.24
801010.SI,20250210,2.24
801010.SI,20250211,2.22
801010.SI,20250212,2.23
801010.SI,20250213,2.27
801010.SI,20250214,2.26
801010.SI,20250217,2.28
801010.SI,20250218,2.23
801010.SI,20250219,2.26
801010.SI,20250220,2.25
801010.SI,20250221,2.25
801010.SI,20250224,2.28
801010.SI,20250225,2.24
801010.SI,20250226,2.25
801010.SI,20250227,2.25
801010.SI,20250228,2.23
801010.SI,20250303,2.25
801010.SI,20250304,2.27
801010.SI,20250305,2.25
801010.SI,20250306,2.26
801010.SI,20250307,2.25
801010.SI,20250310,2.27
801010.SI,20250311,2.3
801010.SI,20250312,2.29
801010.SI,20250313,2.28
801010.SI,20250314,2.32
801010.SI,20250317,2.34
801010.SI,20250318,2.32
801010.SI,20250319,2.32
801010.SI,20250320,2.31
801010.SI,20250321,2.3
801010.SI,20250324,2.28
801010.SI,20250325,2.3
801010.SI,20250326,2.33
801010.SI,20250327,2.33
801010.SI,20250328,2.31
801010.SI,20250331,2.27
801010.SI,20250401,2.29
801010.SI,20250402,2.3
801010.SI,20250403,2.34
801010.SI,20250407,2.29
801010.SI,20250408,2.47
801010.SI,20250409,2.48
801010.SI,20250410,2.5
801010.SI,20250411,2.42
801010.SI,20250414,2.43
801010.SI,20250415,2.42
801010.SI,20250416,2.4
801010.SI,20250417,2.4
801010.SI,20250418,2.36
801010.SI,20250421,2.37
801010.SI,20250422,2.37
801010.SI,20250423,2.34
801010.SI,20250424,2.32
801010.SI,20250425,2.29
801010.SI,20250428,2.25
801010.SI,20250429,2.25
801010.SI,20250430,2.26
801010.SI,20250506,2.28
801010.SI,20250507,2.3
801010.SI,20250508,2.3
801010.SI,20250509,2.29
801010.SI,20250512,2.27
801010.SI,20250513,2.27
801010.SI,20250514,2.3
801010.SI,20250515,2.3
801010.SI,20250516,2.29
801010.SI,20250519,2.31
801010.SI,20250520,2.34
801010.SI,20250521,2.33
801010.SI,20250522,2.31
801010.SI,20250523,2.28
801010.SI,20250526,2.29
801010.SI,20250527,2.3
801010.SI,20250528,2.28
801010.SI,20250529,2.29
801010.SI,20250530,2.32
801010.SI,20250603,2.36
801010.SI,20250604,2.38
801010.SI,20250605,2.33
801010.SI,20250606,2.34
801010.SI,20250609,2.38
801010.SI,20250610,2.38
801010.SI,20250611,2.43
801010.SI,20250612,2.4
801010.SI,20250613,2.38
801010.SI,20250616,2.36
801010.SI,20250617,2.36
801010.SI,20250618,2.33
801010.SI,20250619,2.31
801010.SI,20250620,2.3
801010.SI,20250623,2.31
801010.SI,20250624,2.33
801010.SI,20250625,2.34
801010.SI,20250626,2.34
801010.SI,20250627,2.35
801010.SI,20250630,2.36
801010.SI,20250701,2.37
801010.SI,20250702,2.39
801010.SI,20250703,2.4
801010.SI,20250704,2.41
801010.SI,20250707,2.4
801010.SI,20250708,2.41
801010.SI,20250709,2.42
801010.SI,20250710,2.43
801010.SI,20250711,2.44
801010.SI,20250714,2.44
801010.SI,20250715,2.4
801010.SI,20250716,2.42
801010.SI,20250717,2.43
801010.SI,20250718,2.44
801010.SI,20250721,2.49
801010.SI,20250722,2.54
801010.SI,20250723,2.53
801010.SI,20250724,2.53
801010.SI,20250725,2.53
801010.SI,20250728,2.52
801010.SI,20250729,2.47
801010.SI,20250730,2.49
801010.SI,20250731,2.45
801010.SI,20250801,2.44
801010.SI,20250804,2.45
801010.SI,20250805,2.48
801010.SI,20250806,2.48
801010.SI,20250807,2.48
801010.SI,20250808,2.5
801010.SI,20250811,2.5
801010.SI,20250812,2.5
801010.SI,20250813,2.5
801010.SI,20250814,2.47
801010.SI,20250815,2.5
801010.SI,20250818,2.51
801010.SI,20250819,2.53
801010.SI,20250820,2.55
801010.SI,20250821,2.56
801010.SI,20250822,2.56
801010.SI,20250825,2.59
801010.SI,20250826,2.65
801010.SI,20250827,2.61
801010.SI,20250828,2.61
801010.SI,20250829,2.62
801010.SI,20250901,2.62
801010.SI,20250902,2.61
801010.SI,20250903,2.55
801010.SI,20250904,2.56
801010.SI,20250905,2.59
801010.SI,20250908,2.66
801010.SI,20250909,2.64
801010.SI,20250910,2.64
801010.SI,20250911,2.72
801010.SI,20250912,2.71
801010.SI,20250915,2.76
801010.SI,20250916,2.73
801010.SI,20250917,2.7
801010.SI,20250918,2.64
801010.SI,20250919,2.64
801010.SI,20250922,2.62
801010.SI,20250923,2.6
801010.SI,20250924,2.61
801010.SI,20250925,2.58
801010.SI,20250926,2.59
801010.SI,20250929,2.6
801010.SI,20250930,2.59
801010.SI,20251009,2.6
801010.SI,20251010,2.62
801010.SI,20251013,2.62
801010.SI,20251014,2.62
801010.SI,20251015,2.62
801010.SI,20251016,2.58
801010.SI,20251017,2.56
801010.SI,20251020,2.54
801010.SI,20251021,2.55
801010.SI,20251022,2.51
801010.SI,20251023,2.51
801010.SI,20251024,2.51
801010.SI,20251027,2.56
801010.SI,20251028,2.54
801010.SI,20251029,2.56
801010.SI,20251030,2.54
801010.SI,20251031,2.57
801010.SI,20251103,2.6
801010.SI,20251104,2.58
801010.SI,20251105,2.59
801010.SI,20251106,2.58
801010.SI,20251107,2.59
801010.SI,20251110,2.64
801010.SI,20251111,2.66
801010.SI,20251112,2.65
801010.SI,20251113,2.67
801010.SI,20251114,2.66
801010.SI,20251117,2.64
801010.SI,20251118,2.63
801010.SI,20251119,2.63
801010.SI,20251120,2.61
801010.SI,20251121,2.57
801010.SI,20251124,2.58
801010.SI,20251125,2.59
801010.SI,20251126,2.57
801010.SI,20251127,2.57
801010.SI,20251128,2.61
801010.SI,20251201,2.6
801010.SI,20251202,2.59
801010.SI,20251203,2.57
801010.SI,20251204,2.55
801010.SI,20251205,2.57
801010.SI,20251208,2.58
801010.SI,20251209,2.54
801010.SI,20251210,2.57
801010.SI,20251211,2.55
801010.SI,20251212,2.57
801010.SI,20251215,2.6
801010.SI,20251216,2.59
801010.SI,20251217,2.57
801010.SI,20251218,2.57
801010.SI,20251219,2.59
801010.SI,20251222,2.61
801010.SI,20251223,2.59
801010.SI,20251224,2.57
801010.SI,20251225,2.59
801010.SI,20251226,2.6
801010.SI,20251229,2.62
801010.SI,20251230,2.64
801010.SI,20251231,2.61
801030.SI,20221010,2.26
801030.SI,20221011,2.3
801030.SI,20221012,2.35
801030.SI,20221013,2.34
801030.SI,20221014,2.39
801030.SI,20221017,2.4
801030.SI,20221018,2.4
801030.SI,20221019,2.36
801030.SI,20221020,2.35
801030.SI,20221021,2.34
801030.SI,20221024,2.31
801030.SI,20221025,2.28
801030.SI,20221026,2.31
801030.SI,20221027,2.28
801030.SI,20221028,2.17
801030.SI,20221031,2.13
801030.SI,20221101,2.19
801030.SI,20221102,2.22
801030.SI,20221103,2.24
801030.SI,20221104,2.3
801030.SI,20221107,2.32
801030.SI,20221108,2.32
801030.SI,20221109,2.32
801030.SI,20221110,2.28
801030.SI,20221111,2.32
801030.SI,20221114,2.3
801030.SI,20221115,2.35
801030.SI,20221116,2.33
801030.SI,20221117,2.32
801030.SI,20221118,2.3
801030.SI,20221121,2.32
801030.SI,20221122,2.3
801030.SI,20221123,2.3
801030.SI,20221124,2.33
801030.SI,20221125,2.31
801030.SI,20221128,2.29
801030.SI,20221129,2.33
801030.SI,20221130,2.33
801030.SI,20221201,2.35
801030.SI,20221202,2.36
801030.SI,20221205,2.37
801030.SI,20221206,2.39
801030.SI,20221207,2.38
801030.SI,20221208,2.39
801030.SI,20221209,2.4
801030.SI,20221212,2.37
801030.SI,20221213,2.35
801030.SI,20221214,2.35
801030.SI,20221215,2.36
801030.SI,20221216,2.33
801030.SI,20221219,2.3
801030.SI,20221220,2.28
801030.SI,20221221,2.28
801030.SI,20221222,2.23
801030.SI,20221223,2.2
801030.SI,20221226,2.25
801030.SI,20221227,2.27
801030.SI,20221228,2.24
801030.SI,20221229,2.24
801030.SI,20221230,2.24
801030.SI,20230103,2.27
801030.SI,20230104,2.27
801030.SI,20230105,2.29
801030.SI,20230106,2.32
801030.SI,20230109,2.33
801030.SI,20230110,2.31
801030.SI,20230111,2.3
801030.SI,20230112,2.3
801030.SI,20230113,2.31
801030.SI,20230116,2.34
801030.SI,20230117,2.35
801030.SI,20230118,2.35
801030.SI,20230119,2.37
801030.SI,20230120,2.39
801030.SI,20230130,2.41
801030.SI,20230131,2.43
801030.SI,20230201,2.47
801030.SI,20230202,2.48
801030.SI,20230203,2.48
801030.SI,20230206,2.45
801030.SI,20230207,2.46
801030.SI,20230208,2.46
801030.SI,20230209,2.49
801030.SI,20230210,2.49
801030.SI,20230213,2.51
801030.SI,20230214,2.53
801030.SI,20230215,2.51
801030.SI,20230216,2.46
801030.SI,20230217,2.47
801030.SI,20230220,2.5
801030.SI,20230221,2.52
801030.SI,20230222,2.5
801030.SI,20230223,2.5
801030.SI,20230224,2.49
801030.SI,20230227,2.5
801030.SI,20230228,2.51
801030.SI,20230301,2.51
801030.SI,20230302,2.51
801030.SI,20230303,2.5
801030.SI,20230306,2.49
801030.SI,20230307,2.44
801030.SI,20230308,2.44
801030.SI,20230309,2.44
801030.SI,20230310,2.4
801030.SI,20230313,2.39
801030.SI,20230314,2.36
801030.SI,20230315,2.37
801030.SI,20230316,2.33
801030.SI,20230317,2.34
801030.SI,20230320,2.33
801030.SI,20230321,2.35
801030.SI,20230322,2.34
801030.SI,20230323,2.34
801030.SI,20230324,2.33
801030.SI,20230327,2.32
801030.SI,20230328,2.31
801030.SI,20230329,2.29
801030.SI,20230330,2.3
801030.SI,20230331,2.31
801030.SI,20230403,2.31
801030.SI,20230404,2.28
801030.SI,20230406,2.27
801030.SI,20230407,2.29
801030.SI,20230410,2.27
801030.SI,20230411,2.26
801030.SI,20230412,2.25
801030.SI,20230413,2.24
801030.SI,20230414,2.25
801030.SI,20230417,2.28
801030.SI,20230418,2.27
801030.SI,20230419,2.25
801030.SI,20230420,2.22
801030.SI,20230421,2.15
801030.SI,20230424,2.13
801030.SI,20230425,2.08
801030.SI,20230426,2.09
801030.SI,20230427,2.09
801030.SI,20230428,2.07
801030.SI,20230504,2.05
801030.SI,20230505,2.02
801030.SI,20230508,2.03
801030.SI,20230509,2.02
801030.SI,20230510,2.03
801030.SI,20230511,2.03
801030.SI,20230512,2.0
801030.SI,20230515,2.03
801030.SI,20230516,2.02
801030.SI,20230517,2.02
801030.SI,20230518,2.01
801030.SI,20230519,2.01
801030.SI,20230522,2.03
801030.SI,20230523,2.02
801030.SI,20230524,2.02
801030.SI,20230525,2.0
801030.SI,20230526,1.99
801030.SI,20230529,1.97
801030.SI,20230530,1.96
801030.SI,20230531,1.94
801030.SI,20230601,1.95
801030.SI,20230602,2.0
801030.SI,20230605,1.99
801030.SI,20230606,1.97
801030.SI,20230607,1.95
801030.SI,20230608,1.95
801030.SI,20230609,1.94
801030.SI,20230612,1.96
801030.SI,20230613,1.96
801030.SI,20230614,1.96
801030.SI,20230615,1.99
801030.SI,20230616,1.99
801030.SI,20230619,1.98
801030.SI,20230620,1.96
801030.SI,20230621,1.94
801030.SI,20230626,1.93
801030.SI,20230627,1.97
801030.SI,20230628,1.96
801030.SI,20230629,1.96
801030.SI,20230630,1.99
801030.SI,20230703,2.0
801030.SI,20230704,2.0
801030.SI,20230705,2.0
801030.SI,20230706,1.99
801030.SI,20230707,1.98
801030.SI,20230710,2.0
801030.SI,20230711,2.02
801030.SI,20230712,2.02
801030.SI,20230713,2.04
801030.SI,20230714,2.04
801030.SI,20230717,2.03
801030.SI,20230718,2.05
801030.SI,20230719,2.04
801030.SI,20230720,2.04
801030.SI,20230721,2.04
801030.SI,20230724,2.02
801030.SI,20230725,2.05
801030.SI,20230726,2.06
801030.SI,20230727,2.05
801030.SI,20230728,2.06
801030.SI,20230731,2.07
801030.SI,20230801,2.07
801030.SI,20230802,2.06
801030.SI,20230803,2.05
801030.SI,20230804,2.05
801030.SI,20230807,2.03
801030.SI,20230808,2.04
801030.SI,20230809,2.04
801030.SI,20230810,2.04
801030.SI,20230811,2.01
801030.SI,20230814,2.0
801030.SI,20230815,1.99
801030.SI,20230816,1.97
801030.SI,20230817,1.98
801030.SI,20230818,1.96
801030.SI,20230821,1.94
801030.SI,20230822,1.94
801030.SI,20230823,1.91
801030.SI,20230824,1.92
801030.SI,20230825,1.9
801030.SI,20230828,1.92
801030.SI,20230829,1.96
801030.SI,20230830,1.95
801030.SI,20230831,1.96
801030.SI,20230901,1.97
801030.SI,20230904,2.02
801030.SI,20230905,2.01
801030.SI,20230906,2.02
801030.SI,20230907,1.99
801030.SI,20230908,1.98
801030.SI,20230911,2.0
801030.SI,20230912,2.0
801030.SI,20230913,1.99
801030.SI,20230914,1.98
801030.SI,20230915,1.97
801030.SI,20230918,1.98
801030.SI,20230919,1.97
801030.SI,20230920,1.95
801030.SI,20230921,1.94
801030.SI,20230922,1.96
801030.SI,20230925,1.95
801030.SI,20230926,1.92
801030.SI,20230927,1.93
801030.SI,20230928,1.94
801030.SI,20231009,1.93
801030.SI,20231010,1.92
801030.SI,20231011,1.92
801030.SI,20231012,1.94
801030.SI,20231013,1.92
801030.SI,20231016,1.9
801030.SI,20231017,1.9
801030.SI,20231018,1.87
801030.SI,20231019,1.85
801030.SI,20231020,1.84
801030.SI,20231023,1.79
801030.SI,20231024,1.82
801030.SI,20231025,1.84
801030.SI,20231026,1.84
801030.SI,20231027,1.87
801030.SI,20231030,1.88
801030.SI,20231031,1.88
801030.SI,20231101,1.87
801030.SI,20231102,1.85
801030.SI,20231103,1.87
801030.SI,20231106,1.89
801030.SI,20231107,1.89
801030.SI,20231108,1.87
801030.SI,20231109,1.88
801030.SI,20231110,1.87
801030.SI,20231113,1.88
801030.SI,20231114,1.88
801030.SI,20231115,1.9
801030.SI,20231116,1.88
801030.SI,20231117,1.88
801030.SI,20231120,1.9
801030.SI,20231121,1.89
801030.SI,20231122,1.87
801030.SI,20231123,1.89
801030.SI,20231124,1.87
801030.SI,20231127,1.86
801030.SI,20231128,1.87
801030.SI,20231129,1.86
801030.SI,20231130,1.84
801030.SI,20231201,1.84
801030.SI,20231204,1.84
801030.SI,20231205,1.81
801030.SI,20231206,1.83
801030.SI,20231207,1.81
801030.SI,20231208,1.8
801030.SI,20231211,1.81
801030.SI,20231212,1.82
801030.SI,20231213,1.79
801030.SI,20231214,1.79
801030.SI,20231215,1.79
801030.SI,20231218,1.76
801030.SI,20231219,1.76
801030.SI,20231220,1.75
801030.SI,20231221,1.76
801030.SI,20231222,1.77
801030.SI,20231225,1.76
801030.SI,20231226,1.76
801030.SI,20231227,1.76
801030.SI,20231228,1.8
801030.SI,20231229,1.82
801030.SI,20240102,1.82
801030.SI,20240103,1.82
801030.SI,20240104,1.81
801030.SI,20240105,1.79
801030.SI,20240108,1.76
801030.SI,20240109,1.75
801030.SI,20240110,1.75
801030.SI,20240111,1.76
801030.SI,20240112,1.76
801030.SI,20240115,1.74
801030.SI,20240116,1.74
801030.SI,20240117,1.7
801030.SI,20240118,1.69
801030.SI,20240119,1.68
801030.SI,20240122,1.6
801030.SI,20240123,1.61
801030.SI,20240124,1.63
801030.SI,20240125,1.68
801030.SI,20240126,1.67
801030.SI,20240129,1.64
801030.SI,20240130,1.59
801030.SI,20240131,1.54
801030.SI,20240201,1.52
801030.SI,20240202,1.47
801030.SI,20240205,1.41
801030.SI,20240206,1.48
801030.SI,20240207,1.52
801030.SI,20240208,1.57
801030.SI,20240219,1.59
801030.SI,20240220,1.6
801030.SI,20240221,1.62
801030.SI,20240222,1.64
801030.SI,20240223,1.65
801030.SI,20240226,1.66
801030.SI,20240227,1.69
801030.SI,20240228,1.64
801030.SI,20240229,1.69
801030.SI,20240301,1.7
801030.SI,20240304,1.68
801030.SI,20240305,1.67
801030.SI,20240306,1.67
801030.SI,20240307,1.67
801030.SI,20240308,1.68
801030.SI,20240311,1.7
801030.SI,20240312,1.71
801030.SI,20240313,1.71
801030.SI,20240314,1.7
801030.SI,20240315,1.73
801030.SI,20240318,1.76
801030.SI,20240319,1.75
801030.SI,20240320,1.76
801030.SI,20240321,1.75
801030.SI,20240322,1.73
801030.SI,20240325,1.71
801030.SI,20240326,1.72
801030.SI,20240327,1.69
801030.SI,20240328,1.71
801030.SI,20240329,1.73
801030.SI,20240401,1.77
801030.SI,20240402,1.8
801030.SI,20240403,1.8
801030.SI,20240408,1.77
801030.SI,20240409,1.8
801030.SI,20240410,1.78
801030.SI,20240411,1.78
801030.SI,20240412,1.77
801030.SI,20240415,1.75
801030.SI,20240416,1.68
801030.SI,20240417,1.73
801030.SI,20240418,1.73
801030.SI,20240419,1.75
801030.SI,20240422,1.72
801030.SI,20240423,1.7
801030.SI,20240424,1.71
801030.SI,20240425,1.73
801030.SI,20240426,1.74
801030.SI,20240429,1.79
801030.SI,20240430,1.78
801030.SI,20240506,1.87
801030.SI,20240507,1.9
801030.SI,20240508,1.88
801030.SI,20240509,1.89
801030.SI,20240510,1.88
801030.SI,20240513,1.86
801030.SI,20240514,1.85
801030.SI,20240515,1.84
801030.SI,20240516,1.84
801030.SI,20240517,1.87
801030.SI,20240520,1.88
801030.SI,20240521,1.85
801030.SI,20240522,1.84
801030.SI,20240523,1.8
801030.SI,20240524,1.79
801030.SI,20240527,1.81
801030.SI,20240528,1.79
801030.SI,20240529,1.8
801030.SI,20240530,1.79
801030.SI,20240531,1.77
801030.SI,20240603,1.75
801030.SI,20240604,1.75
801030.SI,20240605,1.73
801030.SI,20240606,1.7
801030.SI,20240607,1.71
801030.SI,20240611,1.72
801030.SI,20240612,1.72
801030.SI,20240613,1.7
801030.SI,20240614,1.69
801030.SI,20240617,1.68
801030.SI,20240618,1.7
801030.SI,20240619,1.68
801030.SI,20240620,1.66
801030.SI,20240621,1.66
801030.SI,20240624,1.62
801030.SI,20240625,1.64
801030.SI,20240626,1.66
801030.SI,20240627,1.62
801030.SI,20240628,1.62
801030.SI,20240701,1.65
801030.SI,20240702,1.63
801030.SI,20240703,1.62
801030.SI,20240704,1.59
801030.SI,20240705,1.6
801030.SI,20240708,1.57
801030.SI,20240709,1.59
801030.SI,20240710,1.58
801030.SI,20240711,1.62
801030.SI,20240712,1.64
801030.SI,20240715,1.62
801030.SI,20240716,1.61
801030.SI,20240717,1.6
801030.SI,20240718,1.6
801030.SI,20240719,1.6
801030.SI,20240722,1.59
801030.SI,20240723,1.54
801030.SI,20240724,1.52
801030.SI,20240725,1.52
801030.SI,20240726,1.54
801030.SI,20240729,1.53
801030.SI,20240730,1.52
801030.SI,20240731,1.57
801030.SI,20240801,1.56
801030.SI,20240802,1.54
801030.SI,20240805,1.51
801030.SI,20240806,1.53
801030.SI,20240807,1.53
801030.SI,20240808,1.55
801030.SI,20240809,1.55
801030.SI,20240812,1.54
801030.SI,20240813,1.55
801030.SI,20240814,1.52
801030.SI,20240815,1.52
801030.SI,20240816,1.51
801030.SI,20240819,1.51
801030.SI,20240820,1.49
801030.SI,20240821,1.49
801030.SI,20240822,1.47
801030.SI,20240823,1.47
801030.SI,20240826,1.49
801030.SI,20240827,1.48
801030.SI,20240828,1.49
801030.SI,20240829,1.51
801030.SI,20240830,1.53
801030.SI,20240902,1.51
801030.SI,20240903,1.53
801030.SI,20240904,1.52
801030.SI,20240905,1.52
801030.SI,20240906,1.49
801030.SI,20240909,1.48
801030.SI,20240910,1.48
801030.SI,20240911,1.48
801030.SI,20240912,1.48
801030.SI,20240913,1.46
801030.SI,20240918,1.46
801030.SI,20240919,1.49
801030.SI,20240920,1.48
801030.SI,20240923,1.48
801030.SI,20240924,1.55
801030.SI,20240925,1.56
801030.SI,20240926,1.62
801030.SI,20240927,1.69
801030.SI,20240930,1.85
801030.SI,20241008,1.93
801030.SI,20241009,1.78
801030.SI,20241010,1.79
801030.SI,20241011,1.73
801030.SI,20241014,1.76
801030.SI,20241015,1.72
801030.SI,20241016,1.73
801030.SI,20241017,1.7
801030.SI,20241018,1.74
801030.SI,20241021,1.75
801030.SI,20241022,1.77
801030.SI,20241023,1.79
801030.SI,20241024,1.78
801030.SI,20241025,1.82
801030.SI,20241028,1.84
801030.SI,20241029,1.8
801030.SI,20241030,1.8
801030.SI,20241031,1.81
801030.SI,20241101,1.79
801030.SI,20241104,1.81
801030.SI,20241105,1.85
801030.SI,20241106,1.86
801030.SI,20241107,1.89
801030.SI,20241108,1.88
801030.SI,20241111,1.91
801030.SI,20241112,1.9
801030.SI,20241113,1.9
801030.SI,20241114,1.85
801030.SI,20241115,1.82
801030.SI,20241118,1.79
801030.SI,20241119,1.83
801030.SI,20241120,1.87
801030.SI,20241121,1.88
801030.SI,20241122,1.81
801030.SI,20241125,1.82
801030.SI,20241126,1.8
801030.SI,20241127,1.82
801030.SI,20241128,1.81
801030.SI,20241129,1.84
801030.SI,20241202,1.87
801030.SI,20241203,1.87
801030.SI,20241204,1.84
801030.SI,20241205,1.85
801030.SI,20241206,1.87
801030.SI,20241209,1.88
801030.SI,20241210,1.89
801030.SI,20241211,1.9
801030.SI,20241212,1.91
801030.SI,20241213,1.87
801030.SI,20241216,1.86
801030.SI,20241217,1.83
801030.SI,20241218,1.83
801030.SI,20241219,1.83
801030.SI,20241220,1.83
801030.SI,20241223,1.79
801030.SI,20241224,1.81
801030.SI,20241225,1.79
801030.SI,20241226,1.8
801030.SI,20241227,1.81
801030.SI,20241230,1.8
801030.SI,20241231,1.77
801030.SI,20250102,1.73
801030.SI,20250103,1.7
801030.SI,20250106,1.71
801030.SI,20250107,1.72
801030.SI,20250108,1.7
801030.SI,20250109,1.7
801030.SI,20250110,1.67
801030.SI,20250113,1.68
801030.SI,20250114,1.73
801030.SI,20250115,1.72
801030.SI,20250116,1.73
801030.SI,20250117,1.76
801030.SI,20250120,1.76
801030.SI,20250121,1.75
801030.SI,20250122,1.74
801030.SI,20250123,1.74
801030.SI,20250124,1.75
801030.SI,20250127,1.75
801030.SI,20250205,1.75
801030.SI,20250206,1.76
801030.SI,20250207,1.78
801030.SI,20250210,1.8
801030.SI,20250211,1.8
801030.SI,20250212,1.82
801030.SI,20250213,1.81
801030.SI,20250214,1.81
801030.SI,20250217,1.81
801030.SI,20250218,1.79
801030.SI,20250219,1.81
801030.SI,20250220,1.83
801030.SI,20250221,1.83
801030.SI,20250224,1.83
801030.SI,20250225,1.81
801030.SI,20250226,1.84
801030.SI,20250227,1.84
801030.SI,20250228,1.81
801030.SI,20250303,1.83
801030.SI,20250304,1.83
801030.SI,20250305,1.83
801030.SI,20250306,1.84
801030.SI,20250307,1.85
801030.SI,20250310,1.86
801030.SI,20250311,1.87
801030.SI,20250312,1.87
801030.SI,20250313,1.85
801030.SI,20250314,1.88
801030.SI,20250317,1.89
801030.SI,20250318,1.89
801030.SI,20250319,1.88
801030.SI,20250320,1.88
801030.SI,20250321,1.85
801030.SI,20250324,1.86
801030.SI,20250325,1.88
801030.SI,20250326,1.88
801030.SI,20250327,1.9
801030.SI,20250328,1.85
801030.SI,20250331,1.82
801030.SI,20250401,1.84
801030.SI,20250402,1.84
801030.SI,20250403,1.82
801030.SI,20250407,1.65
801030.SI,20250408,1.67
801030.SI,20250409,1.69
801030.SI,20250410,1.72
801030.SI,20250411,1.73
801030.SI,20250414,1.75
801030.SI,20250415,1.74
801030.SI,20250416,1.72
801030.SI,20250417,1.73
801030.SI,20250418,1.73
801030.SI,20250421,1.75
801030.SI,20250422,1.76
801030.SI,20250423,1.77
801030.SI,20250424,1.76
801030.SI,20250425,1.76
801030.SI,20250428,1.74
801030.SI,20250429,1.74
801030.SI,20250430,1.73
801030.SI,20250506,1.77
801030.SI,20250507,1.79
801030.SI,20250508,1.79
801030.SI,20250509,1.77
801030.SI,20250512,1.79
801030.SI,20250513,1.79
801030.SI,20250514,1.8
801030.SI,20250515,1.79
801030.SI,20250516,1.8
801030.SI,20250519,1.81
801030.SI,20250520,1.81
801030.SI,20250521,1.81
801030.SI,20250522,1.78
801030.SI,20250523,1.78
801030.SI,20250526,1.78
801030.SI,20250527,1.79
801030.SI,20250528,1.78
801030.SI,20250529,1.79
801030.SI,20250530,1.77
801030.SI,20250603,1.78
801030.SI,20250604,1.79
801030.SI,20250605,1.8
801030.SI,20250606,1.81
801030.SI,20250609,1.83
801030.SI,20250610,1.82
801030.SI,20250611,1.82
801030.SI,20250612,1.82
801030.SI,20250613,1.81
801030.SI,20250616,1.82
801030.SI,20250617,1.81
801030.SI,20250618,1.8
801030.SI,20250619,1.78
801030.SI,20250620,1.77
801030.SI,20250623,1.79
801030.SI,20250624,1.81
801030.SI,20250625,1.82
801030.SI,20250626,1.82
801030.SI,20250627,1.83
801030.SI,20250630,1.84
801030.SI,20250701,1.85
801030.SI,20250702,1.86
801030.SI,20250703,1.86
801030.SI,20250704,1.84
801030.SI,20250707,1.85
801030.SI,20250708,1.88
801030.SI,20250709,1.86
801030.SI,20250710,1.87
801030.SI,20250711,1.87
801030.SI,20250714,1.88
801030.SI,20250715,1.86
801030.SI,20250716,1.86
801030.SI,20250717,1.87
801030.SI,20250718,1.9
801030.SI,20250721,1.94
801030.SI,20250722,1.97
801030.SI,20250723,1.96
801030.SI,20250724,1.98
801030.SI,20250725,1.98
801030.SI,20250728,1.98
801030.SI,20250729,1.98
801030.SI,20250730,1.99
801030.SI,20250731,1.95
801030.SI,20250801,1.95
801030.SI,20250804,1.96
801030.SI,20250805,1.98
801030.SI,20250806,1.99
801030.SI,20250807,1.99
801030.SI,20250808,1.99
801030.SI,20250811,2.02
801030.SI,20250812,2.02
801030.SI,20250813,2.02
801030.SI,20250814,1.99
801030.SI,20250815,2.03
801030.SI,20250818,2.05
801030.SI,20250819,2.04
801030.SI,20250820,2.06
801030.SI,20250821,2.08
801030.SI,20250822,2.09
801030.SI,20250825,2.12
801030.SI,20250826,2.15
801030.SI,20250827,2.1
801030.SI,20250828,2.11
801030.SI,20250829,2.12
801030.SI,20250901,2.13
801030.SI,20250902,2.08
801030.SI,20250903,2.05
801030.SI,20250904,2.03
801030.SI,20250905,2.08
801030.SI,20250908,2.14
801030.SI,20250909,2.13
801030.SI,20250910,2.11
801030.SI,20250911,2.13
801030.SI,20250912,2.13
801030.SI,20250915,2.12
801030.SI,20250916,2.12
801030.SI,20250917,2.13
801030.SI,20250918,2.1
801030.SI,20250919,2.1
801030.SI,20250922,2.09
801030.SI,20250923,2.06
801030.SI,20250924,2.09
801030.SI,20250925,2.09
801030.SI,20250926,2.08
801030.SI,20250929,2.12
801030.SI,20250930,2.14
801030.SI,20251009,2.18
801030.SI,20251010,2.18
801030.SI,20251013,2.16
801030.SI,20251014,2.12
801030.SI,20251015,2.13
801030.SI,20251016,2.09
801030.SI,20251017,2.05
801030.SI,20251020,2.07
801030.SI,20251021,2.09
801030.SI,20251022,2.07
801030.SI,20251023,2.09
801030.SI,20251024,2.09
801030.SI,20251027,2.1
801030.SI,20251028,2.1
801030.SI,20251029,2.13
801030.SI,20251030,2.1
801030.SI,20251031,2.11
801030.SI,20251103,2.11
801030.SI,20251104,2.08
801030.SI,20251105,2.09
801030.SI,20251106,2.14
801030.SI,20251107,2.19
801030.SI,20251110,2.22
801030.SI,20251111,2.23
801030.SI,20251112,2.22
801030.SI,20251113,2.28
801030.SI,20251114,2.25
801030.SI,20251117,2.26
801030.SI,20251118,2.2
801030.SI,20251119,2.21
801030.SI,20251120,2.18
801030.SI,20251121,2.08
801030.SI,20251124,2.08
801030.SI,20251125,2.1
801030.SI,20251126,2.09
801030.SI,20251127,2.11
801030.SI,20251128,2.14
801030.SI,20251201,2.15
801030.SI,20251202,2.13
801030.SI,20251203,2.13
801030.SI,20251204,2.11
801030.SI,20251205,2.14
801030.SI,20251208,2.14
801030.SI,20251209,2.12
801030.SI,20251210,2.12
801030.SI,20251211,2.09
801030.SI,20251212,2.09
801030.SI,20251215,2.11
801030.SI,20251216,2.07
801030.SI,20251217,2.12
801030.SI,20251218,2.12
801030.SI,20251219,2.15
801030.SI,20251222,2.18
801030.SI,20251223,2.18
801030.SI,20251224,2.21
801030.SI,20251225,2.23
801030.SI,20251226,2.24
801030.SI,20251229,2.23
801030.SI,20251230,2.24
801030.SI,20251231,2.24
801040.SI,20221010,0.93
801040.SI,20221011,0.93
801040.SI,20221012,0.94
801040.SI,20221013,0.93
801040.SI,20221014,0.95
801040.SI,20221017,0.96
801040.SI,20221018,0.96
801040.SI,20221019,0.95
801040.SI,20221020,0.95
801040.SI,20221021,0.95
801040.SI,20221024,0.95
801040.SI,20221025,0.95
801040.SI,20221026,0.94
801040.SI,20221027,0.94
801040.SI,20221028,0.91
801040.SI,20221031,0.91
801040.SI,20221101,0.93
801040.SI,20221102,0.93
801040.SI,20221103,0.93
801040.SI,20221104,0.96
801040.SI,20221107,0.97
801040.SI,20221108,0.98
801040.SI,20221109,0.98
801040.SI,20221110,0.99
801040.SI,20221111,0.99
801040.SI,20221114,0.99
801040.SI,20221115,1.0
801040.SI,20221116,0.99
801040.SI,20221117,0.99
801040.SI,20221118,0.99
801040.SI,20221121,0.99
801040.SI,20221122,0.99
801040.SI,20221123,1.0
801040.SI,20221124,1.0
801040.SI,20221125,1.01
801040.SI,20221128,1.0
801040.SI,20221129,1.02
801040.SI,20221130,1.03
801040.SI,20221201,1.04
801040.SI,20221202,1.03
801040.SI,20221205,1.06
801040.SI,20221206,1.06
801040.SI,20221207,1.04
801040.SI,20221208,1.04
801040.SI,20221209,1.05
801040.SI,20221212,1.03
801040.SI,20221213,1.04
801040.SI,20221214,1.03
801040.SI,20221215,1.02
801040.SI,20221216,1.04
801040.SI,20221219,1.01
801040.SI,20221220,1.0
801040.SI,20221221,1.0
801040.SI,20221222,0.98
801040.SI,20221223,0.98
801040.SI,20221226,0.99
801040.SI,20221227,1.0
801040.SI,20221228,1.0
801040.SI,20221229,0.99
801040.SI,20221230,0.99
801040.SI,20230103,1.0
801040.SI,20230104,1.0
801040.SI,20230105,1.0
801040.SI,20230106,1.01
801040.SI,20230109,1.01
801040.SI,20230110,1.0
801040.SI,20230111,1.0
801040.SI,20230112,1.0
801040.SI,20230113,1.0
801040.SI,20230116,1.01
801040.SI,20230117,1.01
801040.SI,20230118,1.01
801040.SI,20230119,1.02
801040.SI,20230120,1.04
801040.SI,20230130,1.05
801040.SI,20230131,1.06
801040.SI,20230201,1.08
801040.SI,20230202,1.07
801040.SI,20230203,1.06
801040.SI,20230206,1.05
801040.SI,20230207,1.06
801040.SI,20230208,1.05
801040.SI,20230209,1.07
801040.SI,20230210,1.06
801040.SI,20230213,1.07
801040.SI,20230214,1.08
801040.SI,20230215,1.07
801040.SI,20230216,1.06
801040.SI,20230217,1.06
801040.SI,20230220,1.09
801040.SI,20230221,1.11
801040.SI,20230222,1.11
801040.SI,20230223,1.11
801040.SI,20230224,1.11
801040.SI,20230227,1.1
801040.SI,20230228,1.11
801040.SI,20230301,1.11
801040.SI,20230302,1.12
801040.SI,20230303,1.12
801040.SI,20230306,1.11
801040.SI,20230307,1.1
801040.SI,20230308,1.11
801040.SI,20230309,1.1
801040.SI,20230310,1.08
801040.SI,20230313,1.09
801040.SI,20230314,1.08
801040.SI,20230315,1.1
801040.SI,20230316,1.07
801040.SI,20230317,1.08
801040.SI,20230320,1.06
801040.SI,20230321,1.05
801040.SI,20230322,1.05
801040.SI,20230323,1.04
801040.SI,20230324,1.04
801040.SI,20230327,1.02
801040.SI,20230328,1.02
801040.SI,20230329,1.01
801040.SI,20230330,1.02
801040.SI,20230331,1.03
801040.SI,20230403,1.03
801040.SI,20230404,1.04
801040.SI,20230406,1.03
801040.SI,20230407,1.04
801040.SI,20230410,1.03
801040.SI,20230411,1.04
801040.SI,20230412,1.05
801040.SI,20230413,1.05
801040.SI,20230414,1.06
801040.SI,20230417,1.07
801040.SI,20230418,1.06
801040.SI,20230419,1.06
801040.SI,20230420,1.04
801040.SI,20230421,1.02
801040.SI,20230424,1.01
801040.SI,20230425,0.98
801040.SI,20230426,0.99
801040.SI,20230427,0.99
801040.SI,20230428,1.0
801040.SI,20230504,1.01
801040.SI,20230505,1.0
801040.SI,20230508,1.02
801040.SI,20230509,1.02
801040.SI,20230510,1.02
801040.SI,20230511,1.02
801040.SI,20230512,1.0
801040.SI,20230515,1.0
801040.SI,20230516,0.99
801040.SI,20230517,0.99
801040.SI,20230518,0.99
801040.SI,20230519,0.99
801040.SI,20230522,0.99
801040.SI,20230523,0.98
801040.SI,20230524,0.96
801040.SI,20230525,0.96
801040.SI,20230526,0.97
801040.SI,20230529,0.97
801040.SI,20230530,0.96
801040.SI,20230531,0.95
801040.SI,20230601,0.96
801040.SI,20230602,0.97
801040.SI,20230605,0.97
801040.SI,20230606,0.95
801040.SI,20230607,0.95
801040.SI,20230608,0.95
801040.SI,20230609,0.95
801040.SI,20230612,0.95
801040.SI,20230613,0.95
801040.SI,20230614,0.95
801040.SI,20230615,0.95
801040.SI,20230616,0.96
801040.SI,20230619,0.95
801040.SI,20230620,0.94
801040.SI,20230621,0.93
801040.SI,20230626,0.92
801040.SI,20230627,0.94
801040.SI,20230628,0.94
801040.SI,20230629,0.93
801040.SI,20230630,0.94
801040.SI,20230703,0.96
801040.SI,20230704,0.96
801040.SI,20230705,0.97
801040.SI,20230706,0.96
801040.SI,20230707,0.96
801040.SI,20230710,0.96
801040.SI,20230711,0.96
801040.SI,20230712,0.95
801040.SI,20230713,0.96
801040.SI,20230714,0.96
801040.SI,20230717,0.95
801040.SI,20230718,0.95
801040.SI,20230719,0.95
801040.SI,20230720,0.95
801040.SI,20230721,0.95
801040.SI,20230724,0.95
801040.SI,20230725,0.97
801040.SI,20230726,0.99
801040.SI,20230727,1.01
801040.SI,20230728,1.02
801040.SI,20230731,1.02
801040.SI,20230801,1.05
801040.SI,20230802,1.04
801040.SI,20230803,1.04
801040.SI,20230804,1.03
801040.SI,20230807,1.02
801040.SI,20230808,1.01
801040.SI,20230809,1.0
801040.SI,20230810,1.01
801040.SI,20230811,0.99
801040.SI,20230814,0.99
801040.SI,20230815,0.99
801040.SI,20230816,0.99
801040.SI,20230817,0.99
801040.SI,20230818,0.98
801040.SI,20230821,0.97
801040.SI,20230822,0.97
801040.SI,20230823,0.96
801040.SI,20230824,0.95
801040.SI,20230825,0.95
801040.SI,20230828,0.97
801040.SI,20230829,0.97
801040.SI,20230830,0.96
801040.SI,20230831,0.95
801040.SI,20230901,0.98
801040.SI,20230904,1.01
801040.SI,20230905,1.0
801040.SI,20230906,0.99
801040.SI,20230907,0.97
801040.SI,20230908,0.97
801040.SI,20230911,0.97
801040.SI,20230912,0.97
801040.SI,20230913,0.97
801040.SI,20230914,0.98
801040.SI,20230915,0.98
801040.SI,20230918,0.98
801040.SI,20230919,0.99
801040.SI,20230920,0.99
801040.SI,20230921,0.98
801040.SI,20230922,0.98
801040.SI,20230925,0.97
801040.SI,20230926,0.96
801040.SI,20230927,0.96
801040.SI,20230928,0.96
801040.SI,20231009,0.96
801040.SI,20231010,0.95
801040.SI,20231011,0.95
801040.SI,20231012,0.96
801040.SI,20231013,0.96
801040.SI,20231016,0.95
801040.SI,20231017,0.95
801040.SI,20231018,0.94
801040.SI,20231019,0.92
801040.SI,20231020,0.92
801040.SI,20231023,0.9
801040.SI,20231024,0.91
801040.SI,20231025,0.94
801040.SI,20231026,0.94
801040.SI,20231027,0.95
801040.SI,20231030,0.95
801040.SI,20231031,0.94
801040.SI,20231101,0.94
801040.SI,20231102,0.93
801040.SI,20231103,0.93
801040.SI,20231106,0.93
801040.SI,20231107,0.92
801040.SI,20231108,0.91
801040.SI,20231109,0.92
801040.SI,20231110,0.92
801040.SI,20231113,0.94
801040.SI,20231114,0.93
801040.SI,20231115,0.95
801040.SI,20231116,0.94
801040.SI,20231117,0.94
801040.SI,20231120,0.94
801040.SI,20231121,0.94
801040.SI,20231122,0.93
801040.SI,20231123,0.94
801040.SI,20231124,0.94
801040.SI,20231127,0.93
801040.SI,20231128,0.94
801040.SI,20231129,0.93
801040.SI,20231130,0.92
801040.SI,20231201,0.93
801040.SI,20231204,0.93
801040.SI,20231205,0.92
801040.SI,20231206,0.92
801040.SI,20231207,0.91
801040.SI,20231208,0.92
801040.SI,20231211,0.92
801040.SI,20231212,0.91
801040.SI,20231213,0.9
801040.SI,20231214,0.9
801040.SI,20231215,0.9
801040.SI,20231218,0.88
801040.SI,20231219,0.88
801040.SI,20231220,0.87
801040.SI,20231221,0.88
801040.SI,20231222,0.88
801040.SI,20231225,0.88
801040.SI,20231226,0.87
801040.SI,20231227,0.87
801040.SI,20231228,0.89
801040.SI,20231229,0.89
801040.SI,20240102,0.9
801040.SI,20240103,0.9
801040.SI,20240104,0.9
801040.SI,20240105,0.9
801040.SI,20240108,0.88
801040.SI,20240109,0.88
801040.SI,20240110,0.88
801040.SI,20240111,0.88
801040.SI,20240112,0.88
801040.SI,20240115,0.87
801040.SI,20240116,0.87
801040.SI,20240117,0.85
801040.SI,20240118,0.84
801040.SI,20240119,0.83
801040.SI,20240122,0.8
801040.SI,20240123,0.81
801040.SI,20240124,0.83
801040.SI,20240125,0.86
801040.SI,20240126,0.87
801040.SI,20240129,0.86
801040.SI,20240130,0.85
801040.SI,20240131,0.83
801040.SI,20240201,0.83
801040.SI,20240202,0.81
801040.SI,20240205,0.79
801040.SI,20240206,0.83
801040.SI,20240207,0.86
801040.SI,20240208,0.87
801040.SI,20240219,0.87
801040.SI,20240220,0.88
801040.SI,20240221,0.88
801040.SI,20240222,0.89
801040.SI,20240223,0.89
801040.SI,20240226,0.88
801040.SI,20240227,0.89
801040.SI,20240228,0.88
801040.SI,20240229,0.89
801040.SI,20240301,0.89
801040.SI,20240304,0.88
801040.SI,20240305,0.88
801040.SI,20240306,0.89
801040.SI,20240307,0.9
801040.SI,20240308,0.91
801040.SI,20240311,0.91
801040.SI,20240312,0.89
801040.SI,20240313,0.89
801040.SI,20240314,0.89
801040.SI,20240315,0.9
801040.SI,20240318,0.9
801040.SI,20240319,0.91
801040.SI,20240320,0.92
801040.SI,20240321,0.91
801040.SI,20240322,0.9
801040.SI,20240325,0.9
801040.SI,20240326,0.9
801040.SI,20240327,0.88
801040.SI,20240328,0.89
801040.SI,20240329,0.9
801040.SI,20240401,0.91
801040.SI,20240402,0.92
801040.SI,20240403,0.93
801040.SI,20240408,0.93
801040.SI,20240409,0.93
801040.SI,20240410,0.92
801040.SI,20240411,0.93
801040.SI,20240412,0.93
801040.SI,20240415,0.93
801040.SI,20240416,0.91
801040.SI,20240417,0.94
801040.SI,20240418,0.94
801040.SI,20240419,0.95
801040.SI,20240422,0.94
801040.SI,20240423,0.91
801040.SI,20240424,0.92
801040.SI,20240425,0.92
801040.SI,20240426,0.93
801040.SI,20240429,0.94
801040.SI,20240430,0.92
801040.SI,20240506,0.94
801040.SI,20240507,0.93
801040.SI,20240508,0.92
801040.SI,20240509,0.94
801040.SI,20240510,0.93
801040.SI,20240513,0.93
801040.SI,20240514,0.93
801040.SI,20240515,0.92
801040.SI,20240516,0.93
801040.SI,20240517,0.94
801040.SI,20240520,0.94
801040.SI,20240521,0.93
801040.SI,20240522,0.93
801040.SI,20240523,0.91
801040.SI,20240524,0.91
801040.SI,20240527,0.91
801040.SI,20240528,0.91
801040.SI,20240529,0.91
801040.SI,20240530,0.91
801040.SI,20240531,0.9
801040.SI,20240603,0.88
801040.SI,20240604,0.89
801040.SI,20240605,0.88
801040.SI,20240606,0.86
801040.SI,20240607,0.87
801040.SI,20240611,0.86
801040.SI,20240612,0.86
801040.SI,20240613,0.84
801040.SI,20240614,0.86
801040.SI,20240617,0.84
801040.SI,20240618,0.84
801040.SI,20240619,0.84
801040.SI,20240620,0.83
801040.SI,20240621,0.83
801040.SI,20240624,0.81
801040.SI,20240625,0.82
801040.SI,20240626,0.83
801040.SI,20240627,0.82
801040.SI,20240628,0.82
801040.SI,20240701,0.83
801040.SI,20240702,0.84
801040.SI,20240703,0.84
801040.SI,20240704,0.82
801040.SI,20240705,0.83
801040.SI,20240708,0.83
801040.SI,20240709,0.83
801040.SI,20240710,0.82
801040.SI,20240711,0.84
801040.SI,20240712,0.83
801040.SI,20240715,0.83
801040.SI,20240716,0.83
801040.SI,20240717,0.83
801040.SI,20240718,0.83
801040.SI,20240719,0.82
801040.SI,20240722,0.82
801040.SI,20240723,0.8
801040.SI,20240724,0.8
801040.SI,20240725,0.8
801040.SI,20240726,0.8
801040.SI,20240729,0.81
801040.SI,20240730,0.81
801040.SI,20240731,0.82
801040.SI,20240801,0.82
801040.SI,20240802,0.81
801040.SI,20240805,0.8
801040.SI,20240806,0.8
801040.SI,20240807,0.8
801040.SI,20240808,0.8
801040.SI,20240809,0.8
801040.SI,20240812,0.79
801040.SI,20240813,0.8
801040.SI,20240814,0.78
801040.SI,20240815,0.79
801040.SI,20240816,0.78
801040.SI,20240819,0.78
801040.SI,20240820,0.77
801040.SI,20240821,0.77
801040.SI,20240822,0.76
801040.SI,20240823,0.76
801040.SI,20240826,0.77
801040.SI,20240827,0.76
801040.SI,20240828,0.76
801040.SI,20240829,0.76
801040.SI,20240830,0.77
801040.SI,20240902,0.76
801040.SI,20240903,0.76
801040.SI,20240904,0.75
801040.SI,20240905,0.76
801040.SI,20240906,0.75
801040.SI,20240909,0.74
801040.SI,20240910,0.74
801040.SI,20240911,0.73
801040.SI,20240912,0.73
801040.SI,20240913,0.73
801040.SI,20240918,0.73
801040.SI,20240919,0.74
801040.SI,20240920,0.74
801040.SI,20240923,0.74
801040.SI,20240924,0.79
801040.SI,20240925,0.8
801040.SI,20240926,0.85
801040.SI,20240927,0.87
801040.SI,20240930,0.95
801040.SI,20241008,0.98
801040.SI,20241009,0.9
801040.SI,20241010,0.91
801040.SI,20241011,0.9
801040.SI,20241014,0.92
801040.SI,20241015,0.9
801040.SI,20241016,0.91
801040.SI,20241017,0.9
801040.SI,20241018,0.92
801040.SI,20241021,0.9
801040.SI,20241022,0.91
801040.SI,20241023,0.92
801040.SI,20241024,0.91
801040.SI,20241025,0.92
801040.SI,20241028,0.96
801040.SI,20241029,0.93
801040.SI,20241030,0.94
801040.SI,20241031,0.95
801040.SI,20241101,0.97
801040.SI,20241104,0.96
801040.SI,20241105,1.0
801040.SI,20241106,1.01
801040.SI,20241107,1.03
801040.SI,20241108,1.02
801040.SI,20241111,1.01
801040.SI,20241112,1.0
801040.SI,20241113,1.0
801040.SI,20241114,0.97
801040.SI,20241115,0.96
801040.SI,20241118,0.97
801040.SI,20241119,0.97
801040.SI,20241120,0.97
801040.SI,20241121,0.98
801040.SI,20241122,0.94
801040.SI,20241125,0.95
801040.SI,20241126,0.94
801040.SI,20241127,0.95
801040.SI,20241128,0.95
801040.SI,20241129,0.95
801040.SI,20241202,0.98
801040.SI,20241203,0.98
801040.SI,20241204,0.98
801040.SI,20241205,0.99
801040.SI,20241206,1.01
801040.SI,20241209,1.01
801040.SI,20241210,1.01
801040.SI,20241211,1.03
801040.SI,20241212,1.02
801040.SI,20241213,1.0
801040.SI,20241216,0.99
801040.SI,20241217,0.98
801040.SI,20241218,0.99
801040.SI,20241219,0.98
801040.SI,20241220,0.97
801040.SI,20241223,0.96
801040.SI,20241224,0.97
801040.SI,20241225,0.96
801040.SI,20241226,0.96
801040.SI,20241227,0.96
801040.SI,20241230,0.95
801040.SI,20241231,0.93
801040.SI,20250102,0.92
801040.SI,20250103,0.9
801040.SI,20250106,0.91
801040.SI,20250107,0.91
801040.SI,20250108,0.9
801040.SI,20250109,0.89
801040.SI,20250110,0.88
801040.SI,20250113,0.89
801040.SI,20250114,0.91
801040.SI,20250115,0.9
801040.SI,20250116,0.91
801040.SI,20250117,0.91
801040.SI,20250120,0.91
801040.SI,20250121,0.89
801040.SI,20250122,0.89
801040.SI,20250123,0.89
801040.SI,20250124,0.91
801040.SI,20250127,0.92
801040.SI,20250205,0.91
801040.SI,20250206,0.92
801040.SI,20250207,0.94
801040.SI,20250210,0.95
801040.SI,20250211,0.94
801040.SI,20250212,0.95
801040.SI,20250213,0.95
801040.SI,20250214,0.95
801040.SI,20250217,0.95
801040.SI,20250218,0.94
801040.SI,20250219,0.94
801040.SI,20250220,0.95
801040.SI,20250221,0.95
801040.SI,20250224,0.95
801040.SI,20250225,0.95
801040.SI,20250226,1.0
801040.SI,20250227,1.0
801040.SI,20250228,0.98
801040.SI,20250303,0.99
801040.SI,20250304,0.99
801040.SI,20250305,1.0
801040.SI,20250306,0.99
801040.SI,20250307,1.01
801040.SI,20250310,1.0
801040.SI,20250311,1.02
801040.SI,20250312,1.02
801040.SI,20250313,1.03
801040.SI,20250314,1.03
801040.SI,20250317,1.02
801040.SI,20250318,1.01
801040.SI,20250319,1.01
801040.SI,20250320,1.01
801040.SI,20250321,1.02
801040.SI,20250324,1.02
801040.SI,20250325,1.02
801040.SI,20250326,1.01
801040.SI,20250327,1.0
801040.SI,20250328,1.01
801040.SI,20250331,1.0
801040.SI,20250401,1.01
801040.SI,20250402,1.01
801040.SI,20250403,1.01
801040.SI,20250407,0.92
801040.SI,20250408,0.93
801040.SI,20250409,0.94
801040.SI,20250410,0.95
801040.SI,20250411,0.95
801040.SI,20250414,0.96
801040.SI,20250415,0.95
801040.SI,20250416,0.95
801040.SI,20250417,0.95
801040.SI,20250418,0.95
801040.SI,20250421,0.96
801040.SI,20250422,0.96
801040.SI,20250423,0.96
801040.SI,20250424,0.96
801040.SI,20250425,0.96
801040.SI,20250428,0.96
801040.SI,20250429,0.96
801040.SI,20250430,0.95
801040.SI,20250506,0.97
801040.SI,20250507,0.98
801040.SI,20250508,0.98
801040.SI,20250509,0.97
801040.SI,20250512,0.97
801040.SI,20250513,0.97
801040.SI,20250514,0.97
801040.SI,20250515,0.97
801040.SI,20250516,0.96
801040.SI,20250519,0.97
801040.SI,20250520,0.97
801040.SI,20250521,0.97
801040.SI,20250522,0.96
801040.SI,20250523,0.95
801040.SI,20250526,0.95
801040.SI,20250527,0.95
801040.SI,20250528,0.94
801040.SI,20250529,0.95
801040.SI,20250530,0.95
801040.SI,20250603,0.93
801040.SI,20250604,0.94
801040.SI,20250605,0.94
801040.SI,20250606,0.94
801040.SI,20250609,0.95
801040.SI,20250610,0.95
801040.SI,20250611,0.96
801040.SI,20250612,0.95
801040.SI,20250613,0.95
801040.SI,20250616,0.94
801040.SI,20250617,0.95
801040.SI,20250618,0.94
801040.SI,20250619,0.92
801040.SI,20250620,0.93
801040.SI,20250623,0.93
801040.SI,20250624,0.94
801040.SI,20250625,0.94
801040.SI,20250626,0.94
801040.SI,20250627,0.94
801040.SI,20250630,0.95
801040.SI,20250701,0.95
801040.SI,20250702,0.99
801040.SI,20250703,0.99
801040.SI,20250704,0.99
801040.SI,20250707,0.99
801040.SI,20250708,1.01
801040.SI,20250709,1.0
801040.SI,20250710,1.02
801040.SI,20250711,1.04
801040.SI,20250714,1.04
801040.SI,20250715,1.03
801040.SI,20250716,1.01
801040.SI,20250717,1.03
801040.SI,20250718,1.04
801040.SI,20250721,1.08
801040.SI,20250722,1.1
801040.SI,20250723,1.1
801040.SI,20250724,1.13
801040.SI,20250725,1.12
801040.SI,20250728,1.1
801040.SI,20250729,1.13
801040.SI,20250730,1.15
801040.SI,20250731,1.11
801040.SI,20250801,1.09
801040.SI,20250804,1.09
801040.SI,20250805,1.11
801040.SI,20250806,1.11
801040.SI,20250807,1.11
801040.SI,20250808,1.12
801040.SI,20250811,1.12
801040.SI,20250812,1.11
801040.SI,20250813,1.11
801040.SI,20250814,1.09
801040.SI,20250815,1.1
801040.SI,20250818,1.1
801040.SI,20250819,1.1
801040.SI,20250820,1.11
801040.SI,20250821,1.12
801040.SI,20250822,1.12
801040.SI,20250825,1.15
801040.SI,20250826,1.14
801040.SI,20250827,1.11
801040.SI,20250828,1.11
801040.SI,20250829,1.11
801040.SI,20250901,1.12
801040.SI,20250902,1.1
801040.SI,20250903,1.08
801040.SI,20250904,1.07
801040.SI,20250905,1.08
801040.SI,20250908,1.1
801040.SI,20250909,1.1
801040.SI,20250910,1.09
801040.SI,20250911,1.1
801040.SI,20250912,1.12
801040.SI,20250915,1.11
801040.SI,20250916,1.11
801040.SI,20250917,1.11
801040.SI,20250918,1.09
801040.SI,20250919,1.09
801040.SI,20250922,1.08
801040.SI,20250923,1.06
801040.SI,20250924,1.07
801040.SI,20250925,1.07
801040.SI,20250926,1.08
801040.SI,20250929,1.1
801040.SI,20250930,1.12
801040.SI,20251009,1.15
801040.SI,20251010,1.16
801040.SI,20251013,1.18
801040.SI,20251014,1.18
801040.SI,20251015,1.17
801040.SI,20251016,1.15
801040.SI,20251017,1.14
801040.SI,20251020,1.14
801040.SI,20251021,1.15
801040.SI,20251022,1.15
801040.SI,20251023,1.15
801040.SI,20251024,1.14
801040.SI,20251027,1.16
801040.SI,20251028,1.15
801040.SI,20251029,1.16
801040.SI,20251030,1.17
801040.SI,20251031,1.17
801040.SI,20251103,1.19
801040.SI,20251104,1.19
801040.SI,20251105,1.2
801040.SI,20251106,1.22
801040.SI,20251107,1.22
801040.SI,20251110,1.22
801040.SI,20251111,1.22
801040.SI,20251112,1.22
801040.SI,20251113,1.24
801040.SI,20251114,1.23
801040.SI,20251117,1.24
801040.SI,20251118,1.2
801040.SI,20251119,1.2
801040.SI,20251120,1.2
801040.SI,20251121,1.15
801040.SI,20251124,1.14
801040.SI,20251125,1.15
801040.SI,20251126,1.15
801040.SI,20251127,1.14
801040.SI,20251128,1.16
801040.SI,20251201,1.17
801040.SI,20251202,1.17
801040.SI,20251203,1.16
801040.SI,20251204,1.15
801040.SI,20251205,1.17
801040.SI,20251208,1.16
801040.SI,20251209,1.14
801040.SI,20251210,1.14
801040.SI,20251211,1.12
801040.SI,20251212,1.13
801040.SI,20251215,1.14
801040.SI,20251216,1.12
801040.SI,20251217,1.12
801040.SI,20251218,1.12
801040.SI,20251219,1.14
801040.SI,20251222,1.15
801040.SI,20251223,1.15
801040.SI,20251224,1.16
801040.SI,20251225,1.16
801040.SI,20251226,1.18
801040.SI,20251229,1.17
801040.SI,20251230,1.17
801040.SI,20251231,1.17
801050.SI,20221010,2.68
801050.SI,20221011,2.72
801050.SI,20221012,2.77
801050.SI,20221013,2.74
801050.SI,20221014,2.81
801050.SI,20221017,2.81
801050.SI,20221018,2.8
801050.SI,20221019,2.77
801050.SI,20221020,2.73
801050.SI,20221021,2.7
801050.SI,20221024,2.67
801050.SI,20221025,2.66
801050.SI,20221026,2.68
801050.SI,20221027,2.68
801050.SI,20221028,2.5
801050.SI,20221031,2.45
801050.SI,20221101,2.55
801050.SI,20221102,2.58
801050.SI,20221103,2.58
801050.SI,20221104,2.69
801050.SI,20221107,2.75
801050.SI,20221108,2.76
801050.SI,20221109,2.77
801050.SI,20221110,2.7
801050.SI,20221111,2.77
801050.SI,20221114,2.71
801050.SI,20221115,2.74
801050.SI,20221116,2.71
801050.SI,20221117,2.67
801050.SI,20221118,2.62
801050.SI,20221121,2.63
801050.SI,20221122,2.6
801050.SI,20221123,2.62
801050.SI,20221124,2.63
801050.SI,20221125,2.61
801050.SI,20221128,2.58
801050.SI,20221129,2.62
801050.SI,20221130,2.63
801050.SI,20221201,2.67
801050.SI,20221202,2.64
801050.SI,20221205,2.68
801050.SI,20221206,2.68
801050.SI,20221207,2.67
801050.SI,20221208,2.66
801050.SI,20221209,2.71
801050.SI,20221212,2.64
801050.SI,20221213,2.65
801050.SI,20221214,2.65
801050.SI,20221215,2.64
801050.SI,20221216,2.59
801050.SI,20221219,2.57
801050.SI,20221220,2.54
801050.SI,20221221,2.53
801050.SI,20221222,2.47
801050.SI,20221223,2.46
801050.SI,20221226,2.49
801050.SI,20221227,2.54
801050.SI,20221228,2.52
801050.SI,20221229,2.49
801050.SI,20221230,2.48
801050.SI,20230103,2.55
801050.SI,20230104,2.51
801050.SI,20230105,2.54
801050.SI,20230106,2.57
801050.SI,20230109,2.65
801050.SI,20230110,2.65
801050.SI,20230111,2.65
801050.SI,20230112,2.66
801050.SI,20230113,2.66
801050.SI,20230116,2.69
801050.SI,20230117,2.68
801050.SI,20230118,2.71
801050.SI,20230119,2.73
801050.SI,20230120,2.81
801050.SI,20230130,2.84
801050.SI,20230131,2.86
801050.SI,20230201,2.94
801050.SI,20230202,2.92
801050.SI,20230203,2.89
801050.SI,20230206,2.84
801050.SI,20230207,2.86
801050.SI,20230208,2.85
801050.SI,20230209,2.86
801050.SI,20230210,2.81
801050.SI,20230213,2.82
801050.SI,20230214,2.84
801050.SI,20230215,2.81
801050.SI,20230216,2.74
801050.SI,20230217,2.73
801050.SI,20230220,2.78
801050.SI,20230221,2.83
801050.SI,20230222,2.8
801050.SI,20230223,2.81
801050.SI,20230224,2.77
801050.SI,20230227,2.75
801050.SI,20230228,2.75
801050.SI,20230301,2.79
801050.SI,20230302,2.76
801050.SI,20230303,2.75
801050.SI,20230306,2.75
801050.SI,20230307,2.71
801050.SI,20230308,2.69
801050.SI,20230309,2.69
801050.SI,20230310,2.64
801050.SI,20230313,2.67
801050.SI,20230314,2.66
801050.SI,20230315,2.65
801050.SI,20230316,2.57
801050.SI,20230317,2.59
801050.SI,20230320,2.62
801050.SI,20230321,2.65
801050.SI,20230322,2.65
801050.SI,20230323,2.68
801050.SI,20230324,2.67
801050.SI,20230327,2.64
801050.SI,20230328,2.59
801050.SI,20230329,2.57
801050.SI,20230330,2.57
801050.SI,20230331,2.57
801050.SI,20230403,2.58
801050.SI,20230404,2.56
801050.SI,20230406,2.59
801050.SI,20230407,2.58
801050.SI,20230410,2.59
801050.SI,20230411,2.65
801050.SI,20230412,2.66
801050.SI,20230413,2.63
801050.SI,20230414,2.71
801050.SI,20230417,2.72
801050.SI,20230418,2.72
801050.SI,20230419,2.71
801050.SI,20230420,2.66
801050.SI,20230421,2.59
801050.SI,20230424,2.53
801050.SI,20230425,2.44
801050.SI,20230426,2.46
801050.SI,20230427,2.44
801050.SI,20230428,2.42
801050.SI,20230504,2.4
801050.SI,20230505,2.36
801050.SI,20230508,2.39
801050.SI,20230509,2.35
801050.SI,20230510,2.36
801050.SI,20230511,2.34
801050.SI,20230512,2.27
801050.SI,20230515,2.35
801050.SI,20230516,2.33
801050.SI,20230517,2.32
801050.SI,20230518,2.31
801050.SI,20230519,2.29
801050.SI,20230522,2.3
801050.SI,20230523,2.26
801050.SI,20230524,2.25
801050.SI,20230525,2.22
801050.SI,20230526,2.22
801050.SI,20230529,2.21
801050.SI,20230530,2.21
801050.SI,20230531,2.2
801050.SI,20230601,2.22
801050.SI,20230602,2.3
801050.SI,20230605,2.27
801050.SI,20230606,2.24
801050.SI,20230607,2.23
801050.SI,20230608,2.24
801050.SI,20230609,2.26
801050.SI,20230612,2.26
801050.SI,20230613,2.25
801050.SI,20230614,2.26
801050.SI,20230615,2.28
801050.SI,20230616,2.3
801050.SI,20230619,2.26
801050.SI,20230620,2.24
801050.SI,20230621,2.2
801050.SI,20230626,2.18
801050.SI,20230627,2.22
801050.SI,20230628,2.21
801050.SI,20230629,2.2
801050.SI,20230630,2.22
801050.SI,20230703,2.26
801050.SI,20230704,2.26
801050.SI,20230705,2.31
801050.SI,20230706,2.26
801050.SI,20230707,2.26
801050.SI,20230710,2.27
801050.SI,20230711,2.29
801050.SI,20230712,2.28
801050.SI,20230713,2.33
801050.SI,20230714,2.31
801050.SI,20230717,2.28
801050.SI,20230718,2.29
801050.SI,20230719,2.29
801050.SI,20230720,2.3
801050.SI,20230721,2.28
801050.SI,20230724,2.24
801050.SI,20230725,2.31
801050.SI,20230726,2.31
801050.SI,20230727,2.29
801050.SI,20230728,2.3
801050.SI,20230731,2.34
801050.SI,20230801,2.36
801050.SI,20230802,2.34
801050.SI,20230803,2.33
801050.SI,20230804,2.34
801050.SI,20230807,2.34
801050.SI,20230808,2.35
801050.SI,20230809,2.33
801050.SI,20230810,2.32
801050.SI,20230811,2.27
801050.SI,20230814,2.25
801050.SI,20230815,2.23
801050.SI,20230816,2.21
801050.SI,20230817,2.23
801050.SI,20230818,2.18
801050.SI,20230821,2.16
801050.SI,20230822,2.18
801050.SI,20230823,2.13
801050.SI,20230824,2.17
801050.SI,20230825,2.13
801050.SI,20230828,2.12
801050.SI,20230829,2.16
801050.SI,20230830,2.17
801050.SI,20230831,2.15
801050.SI,20230901,2.2
801050.SI,20230904,2.26
801050.SI,20230905,2.25
801050.SI,20230906,2.25
801050.SI,20230907,2.21
801050.SI,20230908,2.2
801050.SI,20230911,2.23
801050.SI,20230912,2.22
801050.SI,20230913,2.21
801050.SI,20230914,2.23
801050.SI,20230915,2.23
801050.SI,20230918,2.24
801050.SI,20230919,2.23
801050.SI,20230920,2.21
801050.SI,20230921,2.19
801050.SI,20230922,2.19
801050.SI,20230925,2.17
801050.SI,20230926,2.15
801050.SI,20230927,2.15
801050.SI,20230928,2.15
801050.SI,20231009,2.15
801050.SI,20231010,2.15
801050.SI,20231011,2.14
801050.SI,20231012,2.19
801050.SI,20231013,2.16
801050.SI,20231016,2.14
801050.SI,20231017,2.13
801050.SI,20231018,2.1
801050.SI,20231019,2.08
801050.SI,20231020,2.09
801050.SI,20231023,2.02
801050.SI,20231024,2.06
801050.SI,20231025,2.06
801050.SI,20231026,2.06
801050.SI,20231027,2.08
801050.SI,20231030,2.07
801050.SI,20231031,2.06
801050.SI,20231101,2.05
801050.SI,20231102,2.03
801050.SI,20231103,2.03
801050.SI,20231106,2.04
801050.SI,20231107,2.04
801050.SI,20231108,2.02
801050.SI,20231109,2.02
801050.SI,20231110,2.01
801050.SI,20231113,2.03
801050.SI,20231114,2.02
801050.SI,20231115,2.06
801050.SI,20231116,2.03
801050.SI,20231117,2.05
801050.SI,20231120,2.05
801050.SI,20231121,2.05
801050.SI,20231122,2.01
801050.SI,20231123,2.02
801050.SI,20231124,2.0
801050.SI,20231127,1.99
801050.SI,20231128,2.0
801050.SI,20231129,2.0
801050.SI,20231130,1.99
801050.SI,20231201,1.99
801050.SI,20231204,2.01
801050.SI,20231205,1.98
801050.SI,20231206,2.01
801050.SI,20231207,2.0
801050.SI,20231208,1.98
801050.SI,20231211,1.97
801050.SI,20231212,1.97
801050.SI,20231213,1.93
801050.SI,20231214,1.93
801050.SI,20231215,1.95
801050.SI,20231218,1.92
801050.SI,20231219,1.92
801050.SI,20231220,1.92
801050.SI,20231221,1.93
801050.SI,20231222,1.96
801050.SI,20231225,1.97
801050.SI,20231226,1.96
801050.SI,20231227,1.97
801050.SI,20231228,2.03
801050.SI,20231229,2.04
801050.SI,20240102,2.04
801050.SI,20240103,2.04
801050.SI,20240104,2.02
801050.SI,20240105,2.0
801050.SI,20240108,1.97
801050.SI,20240109,1.99
801050.SI,20240110,1.98
801050.SI,20240111,2.01
801050.SI,20240112,2.01
801050.SI,20240115,1.99
801050.SI,20240116,1.98
801050.SI,20240117,1.92
801050.SI,20240118,1.92
801050.SI,20240119,1.91
801050.SI,20240122,1.82
801050.SI,20240123,1.83
801050.SI,20240124,1.86
801050.SI,20240125,1.92
801050.SI,20240126,1.92
801050.SI,20240129,1.89
801050.SI,20240130,1.85
801050.SI,20240131,1.79
801050.SI,20240201,1.78
801050.SI,20240202,1.73
801050.SI,20240205,1.68
801050.SI,20240206,1.76
801050.SI,20240207,1.82
801050.SI,20240208,1.85
801050.SI,20240219,1.87
801050.SI,20240220,1.88
801050.SI,20240221,1.9
801050.SI,20240222,1.92
801050.SI,20240223,1.94
801050.SI,20240226,1.93
801050.SI,20240227,1.95
801050.SI,20240228,1.91
801050.SI,20240229,1.97
801050.SI,20240301,1.98
801050.SI,20240304,1.99
801050.SI,20240305,2.0
801050.SI,20240306,2.01
801050.SI,20240307,2.05
801050.SI,20240308,2.07
801050.SI,20240311,2.1
801050.SI,20240312,2.06
801050.SI,20240313,2.07
801050.SI,20240314,2.1
801050.SI,20240315,2.18
801050.SI,20240318,2.18
801050.SI,20240319,2.17
801050.SI,20240320,2.17
801050.SI,20240321,2.18
801050.SI,20240322,2.13
801050.SI,20240325,2.12
801050.SI,20240326,2.11
801050.SI,20240327,2.08
801050.SI,20240328,2.13
801050.SI,20240329,2.21
801050.SI,20240401,2.25
801050.SI,20240402,2.28
801050.SI,20240403,2.35
801050.SI,20240408,2.35
801050.SI,20240409,2.36
801050.SI,20240410,2.37
801050.SI,20240411,2.37
801050.SI,20240412,2.39
801050.SI,20240415,2.37
801050.SI,20240416,2.26
801050.SI,20240417,2.32
801050.SI,20240418,2.35
801050.SI,20240419,2.33
801050.SI,20240422,2.27
801050.SI,20240423,2.15
801050.SI,20240424,2.18
801050.SI,20240425,2.19
801050.SI,20240426,2.24
801050.SI,20240429,2.21
801050.SI,20240430,2.19
801050.SI,20240506,2.22
801050.SI,20240507,2.23
801050.SI,20240508,2.21
801050.SI,20240509,2.27
801050.SI,20240510,2.29
801050.SI,20240513,2.26
801050.SI,20240514,2.27
801050.SI,20240515,2.25
801050.SI,20240516,2.23
801050.SI,20240517,2.27
801050.SI,20240520,2.35
801050.SI,20240521,2.28
801050.SI,20240522,2.26
801050.SI,20240523,2.18
801050.SI,20240524,2.18
801050.SI,20240527,2.21
801050.SI,20240528,2.21
801050.SI,20240529,2.27
801050.SI,20240530,2.19
801050.SI,20240531,2.18
801050.SI,20240603,2.13
801050.SI,20240604,2.15
801050.SI,20240605,2.1
801050.SI,20240606,2.12
801050.SI,20240607,2.12
801050.SI,20240611,2.08
801050.SI,20240612,2.1
801050.SI,20240613,2.06
801050.SI,20240614,2.07
801050.SI,20240617,2.05
801050.SI,20240618,2.06
801050.SI,20240619,2.07
801050.SI,20240620,2.06
801050.SI,20240621,2.04
801050.SI,20240624,2.0
801050.SI,20240625,2.0
801050.SI,20240626,2.03
801050.SI,20240627,1.98
801050.SI,20240628,2.02
801050.SI,20240701,2.07
801050.SI,20240702,2.04
801050.SI,20240703,2.04
801050.SI,20240704,2.03
801050.SI,20240705,2.08
801050.SI,20240708,2.05
801050.SI,20240709,2.09
801050.SI,20240710,2.06
801050.SI,20240711,2.14
801050.SI,20240712,2.1
801050.SI,20240715,2.12
801050.SI,20240716,2.13
801050.SI,20240717,2.07
801050.SI,20240718,2.07
801050.SI,20240719,2.04
801050.SI,20240722,2.01
801050.SI,20240723,1.92
801050.SI,20240724,1.9
801050.SI,20240725,1.85
801050.SI,20240726,1.89
801050.SI,20240729,1.89
801050.SI,20240730,1.88
801050.SI,20240731,1.96
801050.SI,20240801,1.96
801050.SI,20240802,1.92
801050.SI,20240805,1.88
801050.SI,20240806,1.87
801050.SI,20240807,1.88
801050.SI,20240808,1.86
801050.SI,20240809,1.87
801050.SI,20240812,1.87
801050.SI,20240813,1.88
801050.SI,20240814,1.85
801050.SI,20240815,1.87
801050.SI,20240816,1.87
801050.SI,20240819,1.9
801050.SI,20240820,1.88
801050.SI,20240821,1.9
801050.SI,20240822,1.87
801050.SI,20240823,1.86
801050.SI,20240826,1.87
801050.SI,20240827,1.84
801050.SI,20240828,1.84
801050.SI,20240829,1.86
801050.SI,20240830,1.87
801050.SI,20240902,1.83
801050.SI,20240903,1.84
801050.SI,20240904,1.79
801050.SI,20240905,1.79
801050.SI,20240906,1.78
801050.SI,20240909,1.74
801050.SI,20240910,1.74
801050.SI,20240911,1.76
801050.SI,20240912,1.76
801050.SI,20240913,1.76
801050.SI,20240918,1.77
801050.SI,20240919,1.82
801050.SI,20240920,1.85
801050.SI,20240923,1.85
801050.SI,20240924,1.92
801050.SI,20240925,1.94
801050.SI,20240926,2.01
801050.SI,20240927,2.09
801050.SI,20240930,2.24
801050.SI,20241008,2.3
801050.SI,20241009,2.11
801050.SI,20241010,2.15
801050.SI,20241011,2.1
801050.SI,20241014,2.17
801050.SI,20241015,2.1
801050.SI,20241016,2.12
801050.SI,20241017,2.09
801050.SI,20241018,2.14
801050.SI,20241021,2.18
801050.SI,20241022,2.19
801050.SI,20241023,2.18
801050.SI,20241024,2.16
801050.SI,20241025,2.16
801050.SI,20241028,2.17
801050.SI,20241029,2.13
801050.SI,20241030,2.11
801050.SI,20241031,2.11
801050.SI,20241101,2.17
801050.SI,20241104,2.19
801050.SI,20241105,2.26
801050.SI,20241106,2.28
801050.SI,20241107,2.27
801050.SI,20241108,2.25
801050.SI,20241111,2.26
801050.SI,20241112,2.22
801050.SI,20241113,2.23
801050.SI,20241114,2.16
801050.SI,20241115,2.12
801050.SI,20241118,2.08
801050.SI,20241119,2.15
801050.SI,20241120,2.16
801050.SI,20241121,2.17
801050.SI,20241122,2.12
801050.SI,20241125,2.11
801050.SI,20241126,2.08
801050.SI,20241127,2.1
801050.SI,20241128,2.08
801050.SI,20241129,2.1
801050.SI,20241202,2.12
801050.SI,20241203,2.12
801050.SI,20241204,2.13
801050.SI,20241205,2.11
801050.SI,20241206,2.13
801050.SI,20241209,2.14
801050.SI,20241210,2.15
801050.SI,20241211,2.17
801050.SI,20241212,2.19
801050.SI,20241213,2.12
801050.SI,20241216,2.09
801050.SI,20241217,2.07
801050.SI,20241218,2.07
801050.SI,20241219,2.06
801050.SI,20241220,2.05
801050.SI,20241223,2.05
801050.SI,20241224,2.07
801050.SI,20241225,2.04
801050.SI,20241226,2.05
801050.SI,20241227,2.04
801050.SI,20241230,2.05
801050.SI,20241231,1.99
801050.SI,20250102,1.98
801050.SI,20250103,1.98
801050.SI,20250106,2.0
801050.SI,20250107,2.05
801050.SI,20250108,2.02
801050.SI,20250109,2.03
801050.SI,20250110,2.03
801050.SI,20250113,2.07
801050.SI,20250114,2.1
801050.SI,20250115,2.07
801050.SI,20250116,2.11
801050.SI,20250117,2.12
801050.SI,20250120,2.11
801050.SI,20250121,2.1
801050.SI,20250122,2.1
801050.SI,20250123,2.08
801050.SI,20250124,2.1
801050.SI,20250127,2.09
801050.SI,20250205,2.12
801050.SI,20250206,2.14
801050.SI,20250207,2.17
801050.SI,20250210,2.18
801050.SI,20250211,2.18
801050.SI,20250212,2.17
801050.SI,20250213,2.15
801050.SI,20250214,2.17
801050.SI,20250217,2.12
801050.SI,20250218,2.1
801050.SI,20250219,2.12
801050.SI,20250220,2.14
801050.SI,20250221,2.13
801050.SI,20250224,2.13
801050.SI,20250225,2.11
801050.SI,20250226,2.13
801050.SI,20250227,2.12
801050.SI,20250228,2.08
801050.SI,20250303,2.13
801050.SI,20250304,2.15
801050.SI,20250305,2.17
801050.SI,20250306,2.2
801050.SI,20250307,2.23
801050.SI,20250310,2.26
801050.SI,20250311,2.27
801050.SI,20250312,2.27
801050.SI,20250313,2.28
801050.SI,20250314,2.31
801050.SI,20250317,2.29
801050.SI,20250318,2.32
801050.SI,20250319,2.33
801050.SI,20250320,2.32
801050.SI,20250321,2.27
801050.SI,20250324,2.27
801050.SI,20250325,2.28
801050.SI,20250326,2.28
801050.SI,20250327,2.25
801050.SI,20250328,2.24
801050.SI,20250331,2.22
801050.SI,20250401,2.22
801050.SI,20250402,2.2
801050.SI,20250403,2.17
801050.SI,20250407,1.98
801050.SI,20250408,1.97
801050.SI,20250409,1.99
801050.SI,20250410,2.06
801050.SI,20250411,2.08
801050.SI,20250414,2.12
801050.SI,20250415,2.1
801050.SI,20250416,2.1
801050.SI,20250417,2.09
801050.SI,20250418,2.08
801050.SI,20250421,2.15
801050.SI,20250422,2.14
801050.SI,20250423,2.11
801050.SI,20250424,2.09
801050.SI,20250425,2.08
801050.SI,20250428,2.05
801050.SI,20250429,2.04
801050.SI,20250430,2.03
801050.SI,20250506,2.08
801050.SI,20250507,2.09
801050.SI,20250508,2.08
801050.SI,20250509,2.07
801050.SI,20250512,2.09
801050.SI,20250513,2.09
801050.SI,20250514,2.11
801050.SI,20250515,2.08
801050.SI,20250516,2.08
801050.SI,20250519,2.07
801050.SI,20250520,2.08
801050.SI,20250521,2.13
801050.SI,20250522,2.1
801050.SI,20250523,2.1
801050.SI,20250526,2.11
801050.SI,20250527,2.07
801050.SI,20250528,2.07
801050.SI,20250529,2.07
801050.SI,20250530,2.05
801050.SI,20250603,2.08
801050.SI,20250604,2.11
801050.SI,20250605,2.1
801050.SI,20250606,2.13
801050.SI,20250609,2.14
801050.SI,20250610,2.14
801050.SI,20250611,2.18
801050.SI,20250612,2.21
801050.SI,20250613,2.21
801050.SI,20250616,2.2
801050.SI,20250617,2.19
801050.SI,20250618,2.18
801050.SI,20250619,2.14
801050.SI,20250620,2.13
801050.SI,20250623,2.15
801050.SI,20250624,2.17
801050.SI,20250625,2.19
801050.SI,20250626,2.19
801050.SI,20250627,2.24
801050.SI,20250630,2.24
801050.SI,20250701,2.28
801050.SI,20250702,2.3
801050.SI,20250703,2.3
801050.SI,20250704,2.27
801050.SI,20250707,2.25
801050.SI,20250708,2.28
801050.SI,20250709,2.23
801050.SI,20250710,2.25
801050.SI,20250711,2.29
801050.SI,20250714,2.3
801050.SI,20250715,2.28
801050.SI,20250716,2.27
801050.SI,20250717,2.28
801050.SI,20250718,2.33
801050.SI,20250721,2.39
801050.SI,20250722,2.43
801050.SI,20250723,2.43
801050.SI,20250724,2.49
801050.SI,20250725,2.49
801050.SI,20250728,2.48
801050.SI,20250729,2.47
801050.SI,20250730,2.45
801050.SI,20250731,2.38
801050.SI,20250801,2.37
801050.SI,20250804,2.42
801050.SI,20250805,2.43
801050.SI,20250806,2.45
801050.SI,20250807,2.48
801050.SI,20250808,2.51
801050.SI,20250811,2.52
801050.SI,20250812,2.51
801050.SI,20250813,2.57
801050.SI,20250814,2.54
801050.SI,20250815,2.6
801050.SI,20250818,2.6
801050.SI,20250819,2.59
801050.SI,20250820,2.62
801050.SI,20250821,2.61
801050.SI,20250822,2.63
801050.SI,20250825,2.76
801050.SI,20250826,2.74
801050.SI,20250827,2.72
801050.SI,20250828,2.75
801050.SI,20250829,2.82
801050.SI,20250901,2.91
801050.SI,20250902,2.88
801050.SI,20250903,2.86
801050.SI,20250904,2.76
801050.SI,20250905,2.88
801050.SI,20250908,2.88
801050.SI,20250909,2.9
801050.SI,20250910,2.87
801050.SI,20250911,2.93
801050.SI,20250912,2.98
801050.SI,20250915,2.96
801050.SI,20250916,2.93
801050.SI,20250917,2.94
801050.SI,20250918,2.83
801050.SI,20250919,2.87
801050.SI,20250922,2.89
801050.SI,20250923,2.87
801050.SI,20250924,2.91
801050.SI,20250925,2.97
801050.SI,20250926,2.97
801050.SI,20250929,3.08
801050.SI,20250930,3.18
801050.SI,20251009,3.43
801050.SI,20251010,3.33
801050.SI,20251013,3.44
801050.SI,20251014,3.31
801050.SI,20251015,3.36
801050.SI,20251016,3.29
801050.SI,20251017,3.22
801050.SI,20251020,3.08
801050.SI,20251021,3.12
801050.SI,20251022,3.08
801050.SI,20251023,3.13
801050.SI,20251024,3.17
801050.SI,20251027,3.21
801050.SI,20251028,3.11
801050.SI,20251029,3.23
801050.SI,20251030,3.23
801050.SI,20251031,3.16
801050.SI,20251103,3.13
801050.SI,20251104,3.03
801050.SI,20251105,3.05
801050.SI,20251106,3.14
801050.SI,20251107,3.16
801050.SI,20251110,3.17
801050.SI,20251111,3.13
801050.SI,20251112,3.13
801050.SI,20251113,3.26
801050.SI,20251114,3.19
801050.SI,20251117,3.17
801050.SI,20251118,3.08
801050.SI,20251119,3.16
801050.SI,20251120,3.14
801050.SI,20251121,2.98
801050.SI,20251124,2.96
801050.SI,20251125,3.04
801050.SI,20251126,3.03
801050.SI,20251127,3.03
801050.SI,20251128,3.08
801050.SI,20251201,3.17
801050.SI,20251202,3.12
801050.SI,20251203,3.14
801050.SI,20251204,3.15
801050.SI,20251205,3.24
801050.SI,20251208,3.27
801050.SI,20251209,3.17
801050.SI,20251210,3.21
801050.SI,20251211,3.19
801050.SI,20251212,3.24
801050.SI,20251215,3.22
801050.SI,20251216,3.13
801050.SI,20251217,3.23
801050.SI,20251218,3.23
801050.SI,20251219,3.29
801050.SI,20251222,3.37
801050.SI,20251223,3.38
801050.SI,20251224,3.4
801050.SI,20251225,3.37
801050.SI,20251226,3.5
801050.SI,20251229,3.43
801050.SI,20251230,3.47
801050.SI,20251231,3.51
801080.SI,20221010,2.49
801080.SI,20221011,2.48
801080.SI,20221012,2.59
801080.SI,20221013,2.57
801080.SI,20221014,2.64
801080.SI,20221017,2.7
801080.SI,20221018,2.69
801080.SI,20221019,2.66
801080.SI,20221020,2.72
801080.SI,20221021,2.68
801080.SI,20221024,2.67
801080.SI,20221025,2.65
801080.SI,20221026,2.71
801080.SI,20221027,2.67
801080.SI,20221028,2.57
801080.SI,20221031,2.62
801080.SI,20221101,2.67
801080.SI,20221102,2.7
801080.SI,20221103,2.74
801080.SI,20221104,2.78
801080.SI,20221107,2.78
801080.SI,20221108,2.75
801080.SI,20221109,2.73
801080.SI,20221110,2.66
801080.SI,20221111,2.69
801080.SI,20221114,2.69
801080.SI,20221115,2.84
801080.SI,20221116,2.81
801080.SI,20221117,2.84
801080.SI,20221118,2.79
801080.SI,20221121,2.78
801080.SI,20221122,2.76
801080.SI,20221123,2.74
801080.SI,20221124,2.72
801080.SI,20221125,2.69
801080.SI,20221128,2.66
801080.SI,20221129,2.7
801080.SI,20221130,2.69
801080.SI,20221201,2.72
801080.SI,20221202,2.71
801080.SI,20221205,2.72
801080.SI,20221206,2.75
801080.SI,20221207,2.73
801080.SI,20221208,2.69
801080.SI,20221209,2.71
801080.SI,20221212,2.75
801080.SI,20221213,2.7
801080.SI,20221214,2.7
801080.SI,20221215,2.74
801080.SI,20221216,2.7
801080.SI,20221219,2.63
801080.SI,20221220,2.64
801080.SI,20221221,2.61
801080.SI,20221222,2.59
801080.SI,20221223,2.56
801080.SI,20221226,2.63
801080.SI,20221227,2.65
801080.SI,20221228,2.61
801080.SI,20221229,2.6
801080.SI,20221230,2.59
801080.SI,20230103,2.64
801080.SI,20230104,2.61
801080.SI,20230105,2.65
801080.SI,20230106,2.65
801080.SI,20230109,2.67
801080.SI,20230110,2.7
801080.SI,20230111,2.67
801080.SI,20230112,2.68
801080.SI,20230113,2.68
801080.SI,20230116,2.74
801080.SI,20230117,2.78
801080.SI,20230118,2.78
801080.SI,20230119,2.83
801080.SI,20230120,2.83
801080.SI,20230130,2.88
801080.SI,20230131,2.84
801080.SI,20230201,2.89
801080.SI,20230202,2.91
801080.SI,20230203,2.92
801080.SI,20230206,2.89
801080.SI,20230207,2.89
801080.SI,20230208,2.86
801080.SI,20230209,2.95
801080.SI,20230210,2.94
801080.SI,20230213,2.95
801080.SI,20230214,2.95
801080.SI,20230215,3.0
801080.SI,20230216,2.93
801080.SI,20230217,2.85
801080.SI,20230220,2.89
801080.SI,20230221,2.89
801080.SI,20230222,2.88
801080.SI,20230223,2.88
801080.SI,20230224,2.86
801080.SI,20230227,2.82
801080.SI,20230228,2.84
801080.SI,20230301,2.88
801080.SI,20230302,2.86
801080.SI,20230303,2.88
801080.SI,20230306,2.88
801080.SI,20230307,2.8
801080.SI,20230308,2.83
801080.SI,20230309,2.85
801080.SI,20230310,2.82
801080.SI,20230313,2.82
801080.SI,20230314,2.84
801080.SI,20230315,2.85
801080.SI,20230316,2.81
801080.SI,20230317,2.85
801080.SI,20230320,2.88
801080.SI,20230321,2.89
801080.SI,20230322,2.93
801080.SI,20230323,3.01
801080.SI,20230324,3.03
801080.SI,20230327,3.0
801080.SI,20230328,2.92
801080.SI,20230329,2.96
801080.SI,20230330,2.97
801080.SI,20230331,2.95
801080.SI,20230403,3.03
801080.SI,20230404,3.04
801080.SI,20230406,3.14
801080.SI,20230407,3.14
801080.SI,20230410,3.07
801080.SI,20230411,3.07
801080.SI,20230412,3.12
801080.SI,20230413,3.02
801080.SI,20230414,3.08
801080.SI,20230417,3.05
801080.SI,20230418,3.02
801080.SI,20230419,3.0
801080.SI,20230420,3.05
801080.SI,20230421,2.89
801080.SI,20230424,2.82
801080.SI,20230425,2.74
801080.SI,20230426,2.71
801080.SI,20230427,2.69
801080.SI,20230428,2.71
801080.SI,20230504,2.67
801080.SI,20230505,2.65
801080.SI,20230508,2.65
801080.SI,20230509,2.64
801080.SI,20230510,2.63
801080.SI,20230511,2.64
801080.SI,20230512,2.61
801080.SI,20230515,2.64
801080.SI,20230516,2.65
801080.SI,20230517,2.68
801080.SI,20230518,2.69
801080.SI,20230519,2.74
801080.SI,20230522,2.72
801080.SI,20230523,2.69
801080.SI,20230524,2.69
801080.SI,20230525,2.71
801080.SI,20230526,2.74
801080.SI,20230529,2.75
801080.SI,20230530,2.76
801080.SI,20230531,2.78
801080.SI,20230601,2.79
801080.SI,20230602,2.75
801080.SI,20230605,2.77
801080.SI,20230606,2.67
801080.SI,20230607,2.7
801080.SI,20230608,2.66
801080.SI,20230609,2.7
801080.SI,20230612,2.73
801080.SI,20230613,2.77
801080.SI,20230614,2.77
801080.SI,20230615,2.76
801080.SI,20230616,2.8
801080.SI,20230619,2.85
801080.SI,20230620,2.85
801080.SI,20230621,2.76
801080.SI,20230626,2.71
801080.SI,20230627,2.72
801080.SI,20230628,2.68
801080.SI,20230629,2.72
801080.SI,20230630,2.77
801080.SI,20230703,2.78
801080.SI,20230704,2.83
801080.SI,20230705,2.81
801080.SI,20230706,2.83
801080.SI,20230707,2.79
801080.SI,20230710,2.78
801080.SI,20230711,2.84
801080.SI,20230712,2.78
801080.SI,20230713,2.86
801080.SI,20230714,2.89
801080.SI,20230717,2.88
801080.SI,20230718,2.88
801080.SI,20230719,2.85
801080.SI,20230720,2.77
801080.SI,20230721,2.76
801080.SI,20230724,2.76
801080.SI,20230725,2.8
801080.SI,20230726,2.76
801080.SI,20230727,2.72
801080.SI,20230728,2.74
801080.SI,20230731,2.76
801080.SI,20230801,2.77
801080.SI,20230802,2.78
801080.SI,20230803,2.77
801080.SI,20230804,2.78
801080.SI,20230807,2.78
801080.SI,20230808,2.76
801080.SI,20230809,2.72
801080.SI,20230810,2.72
801080.SI,20230811,2.66
801080.SI,20230814,2.65
801080.SI,20230815,2.62
801080.SI,20230816,2.57
801080.SI,20230817,2.59
801080.SI,20230818,2.53
801080.SI,20230821,2.51
801080.SI,20230822,2.55
801080.SI,20230823,2.48
801080.SI,20230824,2.51
801080.SI,20230825,2.44
801080.SI,20230828,2.46
801080.SI,20230829,2.55
801080.SI,20230830,2.6
801080.SI,20230831,2.62
801080.SI,20230901,2.61
801080.SI,20230904,2.65
801080.SI,20230905,2.65
801080.SI,20230906,2.73
801080.SI,20230907,2.66
801080.SI,20230908,2.68
801080.SI,20230911,2.69
801080.SI,20230912,2.68
801080.SI,20230913,2.64
801080.SI,20230914,2.61
801080.SI,20230915,2.62
801080.SI,20230918,2.6
801080.SI,20230919,2.58
801080.SI,20230920,2.55
801080.SI,20230921,2.55
801080.SI,20230922,2.62
801080.SI,20230925,2.6
801080.SI,20230926,2.57
801080.SI,20230927,2.57
801080.SI,20230928,2.62
801080.SI,20231009,2.66
801080.SI,20231010,2.69
801080.SI,20231011,2.73
801080.SI,20231012,2.74
801080.SI,20231013,2.76
801080.SI,20231016,2.7
801080.SI,20231017,2.7
801080.SI,20231018,2.66
801080.SI,20231019,2.64
801080.SI,20231020,2.57
801080.SI,20231023,2.52
801080.SI,20231024,2.55
801080.SI,20231025,2.57
801080.SI,20231026,2.57
801080.SI,20231027,2.61
801080.SI,20231030,2.71
801080.SI,20231031,2.68
801080.SI,20231101,2.66
801080.SI,20231102,2.62
801080.SI,20231103,2.69
801080.SI,20231106,2.78
801080.SI,20231107,2.79
801080.SI,20231108,2.78
801080.SI,20231109,2.74
801080.SI,20231110,2.75
801080.SI,20231113,2.76
801080.SI,20231114,2.78
801080.SI,20231115,2.79
801080.SI,20231116,2.75
801080.SI,20231117,2.77
801080.SI,20231120,2.76
801080.SI,20231121,2.73
801080.SI,20231122,2.68
801080.SI,20231123,2.72
801080.SI,20231124,2.67
801080.SI,20231127,2.69
801080.SI,20231128,2.71
801080.SI,20231129,2.71
801080.SI,20231130,2.68
801080.SI,20231201,2.69
801080.SI,20231204,2.67
801080.SI,20231205,2.59
801080.SI,20231206,2.59
801080.SI,20231207,2.58
801080.SI,20231208,2.62
801080.SI,20231211,2.65
801080.SI,20231212,2.65
801080.SI,20231213,2.63
801080.SI,20231214,2.61
801080.SI,20231215,2.6
801080.SI,20231218,2.56
801080.SI,20231219,2.59
801080.SI,20231220,2.56
801080.SI,20231221,2.57
801080.SI,20231222,2.55
801080.SI,20231225,2.57
801080.SI,20231226,2.52
801080.SI,20231227,2.56
801080.SI,20231228,2.61
801080.SI,20231229,2.67
801080.SI,20240102,2.63
801080.SI,20240103,2.58
801080.SI,20240104,2.54
801080.SI,20240105,2.5
801080.SI,20240108,2.44
801080.SI,20240109,2.44
801080.SI,20240110,2.4
801080.SI,20240111,2.44
801080.SI,20240112,2.4
801080.SI,20240115,2.41
801080.SI,20240116,2.4
801080.SI,20240117,2.33
801080.SI,20240118,2.36
801080.SI,20240119,2.35
801080.SI,20240122,2.25
801080.SI,20240123,2.27
801080.SI,20240124,2.27
801080.SI,20240125,2.34
801080.SI,20240126,2.28
801080.SI,20240129,2.21
801080.SI,20240130,2.13
801080.SI,20240131,2.05
801080.SI,20240201,2.07
801080.SI,20240202,1.99
801080.SI,20240205,1.92
801080.SI,20240206,2.03
801080.SI,20240207,2.07
801080.SI,20240208,2.16
801080.SI,20240219,2.2
801080.SI,20240220,2.2
801080.SI,20240221,2.22
801080.SI,20240222,2.26
801080.SI,20240223,2.29
801080.SI,20240226,2.3
801080.SI,20240227,2.38
801080.SI,20240228,2.26
801080.SI,20240229,2.37
801080.SI,20240301,2.44
801080.SI,20240304,2.46
801080.SI,20240305,2.46
801080.SI,20240306,2.45
801080.SI,20240307,2.4
801080.SI,20240308,2.48
801080.SI,20240311,2.51
801080.SI,20240312,2.51
801080.SI,20240313,2.51
801080.SI,20240314,2.46
801080.SI,20240315,2.49
801080.SI,20240318,2.56
801080.SI,20240319,2.56
801080.SI,20240320,2.57
801080.SI,20240321,2.56
801080.SI,20240322,2.55
801080.SI,20240325,2.47
801080.SI,20240326,2.46
801080.SI,20240327,2.37
801080.SI,20240328,2.43
801080.SI,20240329,2.45
801080.SI,20240401,2.51
801080.SI,20240402,2.47
801080.SI,20240403,2.45
801080.SI,20240408,2.39
801080.SI,20240409,2.41
801080.SI,20240410,2.34
801080.SI,20240411,2.33
801080.SI,20240412,2.34
801080.SI,20240415,2.33
801080.SI,20240416,2.23
801080.SI,20240417,2.34
801080.SI,20240418,2.32
801080.SI,20240419,2.27
801080.SI,20240422,2.26
801080.SI,20240423,2.26
801080.SI,20240424,2.31
801080.SI,20240425,2.31
801080.SI,20240426,2.38
801080.SI,20240429,2.44
801080.SI,20240430,2.41
801080.SI,20240506,2.69
801080.SI,20240507,2.67
801080.SI,20240508,2.63
801080.SI,20240509,2.67
801080.SI,20240510,2.62
801080.SI,20240513,2.6
801080.SI,20240514,2.6
801080.SI,20240515,2.58
801080.SI,20240516,2.59
801080.SI,20240517,2.63
801080.SI,20240520,2.64
801080.SI,20240521,2.63
801080.SI,20240522,2.65
801080.SI,20240523,2.61
801080.SI,20240524,2.54
801080.SI,20240527,2.6
801080.SI,20240528,2.57
801080.SI,20240529,2.57
801080.SI,20240530,2.61
801080.SI,20240531,2.61
801080.SI,20240603,2.65
801080.SI,20240604,2.64
801080.SI,20240605,2.64
801080.SI,20240606,2.63
801080.SI,20240607,2.62
801080.SI,20240611,2.69
801080.SI,20240612,2.7
801080.SI,20240613,2.72
801080.SI,20240614,2.74
801080.SI,20240617,2.8
801080.SI,20240618,2.82
801080.SI,20240619,2.81
801080.SI,20240620,2.79
801080.SI,20240621,2.79
801080.SI,20240624,2.72
801080.SI,20240625,2.64
801080.SI,20240626,2.72
801080.SI,20240627,2.68
801080.SI,20240628,2.72
801080.SI,20240701,2.71
801080.SI,20240702,2.67
801080.SI,20240703,2.68
801080.SI,20240704,2.64
801080.SI,20240705,2.64
801080.SI,20240708,2.63
801080.SI,20240709,2.75
801080.SI,20240710,2.77
801080.SI,20240711,2.82
801080.SI,20240712,2.81
801080.SI,20240715,2.78
801080.SI,20240716,2.87
801080.SI,20240717,2.8
801080.SI,20240718,2.79
801080.SI,20240719,2.82
801080.SI,20240722,2.83
801080.SI,20240723,2.72
801080.SI,20240724,2.68
801080.SI,20240725,2.64
801080.SI,20240726,2.67
801080.SI,20240729,2.66
801080.SI,20240730,2.67
801080.SI,20240731,2.77
801080.SI,20240801,2.77
801080.SI,20240802,2.69
801080.SI,20240805,2.56
801080.SI,20240806,2.59
801080.SI,20240807,2.57
801080.SI,20240808,2.58
801080.SI,20240809,2.59
801080.SI,20240812,2.57
801080.SI,20240813,2.6
801080.SI,20240814,2.59
801080.SI,20240815,2.6
801080.SI,20240816,2.61
801080.SI,20240819,2.59
801080.SI,20240820,2.56
801080.SI,20240821,2.57
801080.SI,20240822,2.53
801080.SI,20240823,2.54
801080.SI,20240826,2.54
801080.SI,20240827,2.48
801080.SI,20240828,2.49
801080.SI,20240829,2.53
801080.SI,20240830,2.62
801080.SI,20240902,2.54
801080.SI,20240903,2.56
801080.SI,20240904,2.53
801080.SI,20240905,2.53
801080.SI,20240906,2.48
801080.SI,20240909,2.46
801080.SI,20240910,2.48
801080.SI,20240911,2.46
801080.SI,20240912,2.44
801080.SI,20240913,2.42
801080.SI,20240918,2.39
801080.SI,20240919,2.41
801080.SI,20240920,2.42
801080.SI,20240923,2.41
801080.SI,20240924,2.5
801080.SI,20240925,2.51
801080.SI,20240926,2.59
801080.SI,20240927,2.76
801080.SI,20240930,3.11
801080.SI,20241008,3.52
801080.SI,20241009,3.4
801080.SI,20241010,3.3
801080.SI,20241011,3.16
801080.SI,20241014,3.29
801080.SI,20241015,3.22
801080.SI,20241016,3.17
801080.SI,20241017,3.19
801080.SI,20241018,3.46
801080.SI,20241021,3.55
801080.SI,20241022,3.54
801080.SI,20241023,3.49
801080.SI,20241024,3.48
801080.SI,20241025,3.51
801080.SI,20241028,3.51
801080.SI,20241029,3.49
801080.SI,20241030,3.48
801080.SI,20241031,3.56
801080.SI,20241101,3.39
801080.SI,20241104,3.46
801080.SI,20241105,3.61
801080.SI,20241106,3.61
801080.SI,20241107,3.68
801080.SI,20241108,3.71
801080.SI,20241111,3.88
801080.SI,20241112,3.82
801080.SI,20241113,3.81
801080.SI,20241114,3.67
801080.SI,20241115,3.56
801080.SI,20241118,3.45
801080.SI,20241119,3.56
801080.SI,20241120,3.58
801080.SI,20241121,3.58
801080.SI,20241122,3.44
801080.SI,20241125,3.41
801080.SI,20241126,3.38
801080.SI,20241127,3.48
801080.SI,20241128,3.46
801080.SI,20241129,3.52
801080.SI,20241202,3.58
801080.SI,20241203,3.54
801080.SI,20241204,3.52
801080.SI,20241205,3.53
801080.SI,20241206,3.59
801080.SI,20241209,3.55
801080.SI,20241210,3.59
801080.SI,20241211,3.63
801080.SI,20241212,3.64
801080.SI,20241213,3.59
801080.SI,20241216,3.53
801080.SI,20241217,3.49
801080.SI,20241218,3.57
801080.SI,20241219,3.64
801080.SI,20241220,3.72
801080.SI,20241223,3.63
801080.SI,20241224,3.68
801080.SI,20241225,3.65
801080.SI,20241226,3.74
801080.SI,20241227,3.7
801080.SI,20241230,3.7
801080.SI,20241231,3.55
801080.SI,20250102,3.42
801080.SI,20250103,3.35
801080.SI,20250106,3.31
801080.SI,20250107,3.46
801080.SI,20250108,3.44
801080.SI,20250109,3.47
801080.SI,20250110,3.41
801080.SI,20250113,3.39
801080.SI,20250114,3.55
801080.SI,20250115,3.52
801080.SI,20250116,3.49
801080.SI,20250117,3.55
801080.SI,20250120,3.58
801080.SI,20250121,3.65
801080.SI,20250122,3.64
801080.SI,20250123,3.59
801080.SI,20250124,3.65
801080.SI,20250127,3.54
801080.SI,20250205,3.59
801080.SI,20250206,3.73
801080.SI,20250207,3.76
801080.SI,20250210,3.8
801080.SI,20250211,3.78
801080.SI,20250212,3.88
801080.SI,20250213,3.78
801080.SI,20250214,3.77
801080.SI,20250217,3.83
801080.SI,20250218,3.74
801080.SI,20250219,3.87
801080.SI,20250220,3.9
801080.SI,20250221,4.04
801080.SI,20250224,4.04
801080.SI,20250225,4.03
801080.SI,20250226,4.07
801080.SI,20250227,4.04
801080.SI,20250228,3.84
801080.SI,20250303,3.81
801080.SI,20250304,3.88
801080.SI,20250305,3.91
801080.SI,20250306,3.99
801080.SI,20250307,3.95
801080.SI,20250310,3.95
801080.SI,20250311,3.94
801080.SI,20250312,3.94
801080.SI,20250313,3.84
801080.SI,20250314,3.92
801080.SI,20250317,3.94
801080.SI,20250318,3.96
801080.SI,20250319,3.9
801080.SI,20250320,3.86
801080.SI,20250321,3.76
801080.SI,20250324,3.77
801080.SI,20250325,3.7
801080.SI,20250326,3.71
801080.SI,20250327,3.73
801080.SI,20250328,3.68
801080.SI,20250331,3.66
801080.SI,20250401,3.66
801080.SI,20250402,3.66
801080.SI,20250403,3.57
801080.SI,20250407,3.18
801080.SI,20250408,3.13
801080.SI,20250409,3.23
801080.SI,20250410,3.31
801080.SI,20250411,3.43
801080.SI,20250414,3.46
801080.SI,20250415,3.42
801080.SI,20250416,3.4
801080.SI,20250417,3.41
801080.SI,20250418,3.4
801080.SI,20250421,3.45
801080.SI,20250422,3.43
801080.SI,20250423,3.45
801080.SI,20250424,3.4
801080.SI,20250425,3.41
801080.SI,20250428,3.37
801080.SI,20250429,3.38
801080.SI,20250430,3.42
801080.SI,20250506,3.51
801080.SI,20250507,3.49
801080.SI,20250508,3.51
801080.SI,20250509,3.44
801080.SI,20250512,3.5
801080.SI,20250513,3.47
801080.SI,20250514,3.48
801080.SI,20250515,3.41
801080.SI,20250516,3.41
801080.SI,20250519,3.42
801080.SI,20250520,3.44
801080.SI,20250521,3.41
801080.SI,20250522,3.39
801080.SI,20250523,3.34
801080.SI,20250526,3.37
801080.SI,20250527,3.32
801080.SI,20250528,3.31
801080.SI,20250529,3.38
801080.SI,20250530,3.32
801080.SI,20250603,3.33
801080.SI,20250604,3.37
801080.SI,20250605,3.45
801080.SI,20250606,3.44
801080.SI,20250609,3.46
801080.SI,20250610,3.4
801080.SI,20250611,3.41
801080.SI,20250612,3.4
801080.SI,20250613,3.37
801080.SI,20250616,3.4
801080.SI,20250617,3.4
801080.SI,20250618,3.45
801080.SI,20250619,3.43
801080.SI,20250620,3.41
801080.SI,20250623,3.44
801080.SI,20250624,3.5
801080.SI,20250625,3.56
801080.SI,20250626,3.54
801080.SI,20250627,3.58
801080.SI,20250630,3.63
801080.SI,20250701,3.63
801080.SI,20250702,3.56
801080.SI,20250703,3.62
801080.SI,20250704,3.6
801080.SI,20250707,3.58
801080.SI,20250708,3.66
801080.SI,20250709,3.63
801080.SI,20250710,3.63
801080.SI,20250711,3.64
801080.SI,20250714,3.64
801080.SI,20250715,3.68
801080.SI,20250716,3.66
801080.SI,20250717,3.74
801080.SI,20250718,3.73
801080.SI,20250721,3.74
801080.SI,20250722,3.73
801080.SI,20250723,3.73
801080.SI,20250724,3.78
801080.SI,20250725,3.83
801080.SI,20250728,3.87
801080.SI,20250729,3.93
801080.SI,20250730,3.9
801080.SI,20250731,3.88
801080.SI,20250801,3.84
801080.SI,20250804,3.87
801080.SI,20250805,3.89
801080.SI,20250806,3.93
801080.SI,20250807,3.95
801080.SI,20250808,3.67
801080.SI,20250811,3.97
801080.SI,20250812,4.04
801080.SI,20250813,4.13
801080.SI,20250814,4.1
801080.SI,20250815,4.18
801080.SI,20250818,4.29
801080.SI,20250819,4.27
801080.SI,20250820,4.37
801080.SI,20250821,4.35
801080.SI,20250822,4.57
801080.SI,20250825,4.66
801080.SI,20250826,4.64
801080.SI,20250827,4.62
801080.SI,20250828,4.86
801080.SI,20250829,4.82
801080.SI,20250901,4.89
801080.SI,20250902,4.7
801080.SI,20250903,4.65
801080.SI,20250904,4.41
801080.SI,20250905,4.61
801080.SI,20250908,4.61
801080.SI,20250909,4.48
801080.SI,20250910,4.56
801080.SI,20250911,4.84
801080.SI,20250912,4.9
801080.SI,20250915,4.9
801080.SI,20250916,4.96
801080.SI,20250917,5.02
801080.SI,20250918,5.07
801080.SI,20250919,5.04
801080.SI,20250922,5.23
801080.SI,20250923,5.22
801080.SI,20250924,5.37
801080.SI,20250925,5.37
801080.SI,20250926,5.22
801080.SI,20250929,5.31
801080.SI,20250930,5.37
801080.SI,20251009,5.49
801080.SI,20251010,5.22
801080.SI,20251013,5.23
801080.SI,20251014,4.99
801080.SI,20251015,5.1
801080.SI,20251016,5.07
801080.SI,20251017,4.86
801080.SI,20251020,4.91
801080.SI,20251021,5.08
801080.SI,20251022,5.05
801080.SI,20251023,5.02
801080.SI,20251024,5.25
801080.SI,20251027,5.39
801080.SI,20251028,5.34
801080.SI,20251029,5.37
801080.SI,20251030,5.21
801080.SI,20251031,4.99
801080.SI,20251103,4.99
801080.SI,20251104,4.92
801080.SI,20251105,4.91
801080.SI,20251106,5.06
801080.SI,20251107,5.0
801080.SI,20251110,4.97
801080.SI,20251111,4.88
801080.SI,20251112,4.86
801080.SI,20251113,4.9
801080.SI,20251114,4.75
801080.SI,20251117,4.76
801080.SI,20251118,4.77
801080.SI,20251119,4.73
801080.SI,20251120,4.69
801080.SI,20251121,4.48
801080.SI,20251124,4.51
801080.SI,20251125,4.6
801080.SI,20251126,4.68
801080.SI,20251127,4.69
801080.SI,20251128,4.75
801080.SI,20251201,4.83
801080.SI,20251202,4.79
801080.SI,20251203,4.75
801080.SI,20251204,4.79
801080.SI,20251205,4.81
801080.SI,20251208,4.93
801080.SI,20251209,4.97
801080.SI,20251210,4.95
801080.SI,20251211,4.86
801080.SI,20251212,4.95
801080.SI,20251215,4.83
801080.SI,20251216,4.76
801080.SI,20251217,4.88
801080.SI,20251218,4.8
801080.SI,20251219,4.79
801080.SI,20251222,4.91
801080.SI,20251223,4.94
801080.SI,20251224,5.05
801080.SI,20251225,5.07
801080.SI,20251226,5.03
801080.SI,20251229,5.05
801080.SI,20251230,5.08
801080.SI,20251231,5.03
801110.SI,20221010,2.45
801110.SI,20221011,2.45
801110.SI,20221012,2.48
801110.SI,20221013,2.44
801110.SI,20221014,2.48
801110.SI,20221017,2.47
801110.SI,20221018,2.47
801110.SI,20221019,2.38
801110.SI,20221020,2.34
801110.SI,20221021,2.33
801110.SI,20221024,2.26
801110.SI,20221025,2.25
801110.SI,20221026,2.27
801110.SI,20221027,2.27
801110.SI,20221028,2.19
801110.SI,20221031,2.08
801110.SI,20221101,2.15
801110.SI,20221102,2.19
801110.SI,20221103,2.18
801110.SI,20221104,2.25
801110.SI,20221107,2.26
801110.SI,20221108,2.25
801110.SI,20221109,2.25
801110.SI,20221110,2.23
801110.SI,20221111,2.32
801110.SI,20221114,2.35
801110.SI,20221115,2.39
801110.SI,20221116,2.37
801110.SI,20221117,2.36
801110.SI,20221118,2.36
801110.SI,20221121,2.32
801110.SI,20221122,2.31
801110.SI,20221123,2.32
801110.SI,20221124,2.31
801110.SI,20221125,2.33
801110.SI,20221128,2.31
801110.SI,20221129,2.37
801110.SI,20221130,2.37
801110.SI,20221201,2.39
801110.SI,20221202,2.37
801110.SI,20221205,2.43
801110.SI,20221206,2.43
801110.SI,20221207,2.45
801110.SI,20221208,2.46
801110.SI,20221209,2.53
801110.SI,20221212,2.51
801110.SI,20221213,2.5
801110.SI,20221214,2.51
801110.SI,20221215,2.49
801110.SI,20221216,2.48
801110.SI,20221219,2.46
801110.SI,20221220,2.41
801110.SI,20221221,2.41
801110.SI,20221222,2.42
801110.SI,20221223,2.4
801110.SI,20221226,2.4
801110.SI,20221227,2.44
801110.SI,20221228,2.41
801110.SI,20221229,2.39
801110.SI,20221230,2.39
801110.SI,20230103,2.4
801110.SI,20230104,2.45
801110.SI,20230105,2.51
801110.SI,20230106,2.49
801110.SI,20230109,2.49
801110.SI,20230110,2.5
801110.SI,20230111,2.52
801110.SI,20230112,2.51
801110.SI,20230113,2.56
801110.SI,20230116,2.63
801110.SI,20230117,2.63
801110.SI,20230118,2.62
801110.SI,20230119,2.61
801110.SI,20230120,2.61
801110.SI,20230130,2.6
801110.SI,20230131,2.59
801110.SI,20230201,2.61
801110.SI,20230202,2.58
801110.SI,20230203,2.56
801110.SI,20230206,2.5
801110.SI,20230207,2.55
801110.SI,20230208,2.53
801110.SI,20230209,2.55
801110.SI,20230210,2.55
801110.SI,20230213,2.58
801110.SI,20230214,2.59
801110.SI,20230215,2.56
801110.SI,20230216,2.53
801110.SI,20230217,2.52
801110.SI,20230220,2.62
801110.SI,20230221,2.64
801110.SI,20230222,2.63
801110.SI,20230223,2.65
801110.SI,20230224,2.62
801110.SI,20230227,2.59
801110.SI,20230228,2.59
801110.SI,20230301,2.64
801110.SI,20230302,2.63
801110.SI,20230303,2.64
801110.SI,20230306,2.61
801110.SI,20230307,2.56
801110.SI,20230308,2.55
801110.SI,20230309,2.55
801110.SI,20230310,2.49
801110.SI,20230313,2.53
801110.SI,20230314,2.5
801110.SI,20230315,2.51
801110.SI,20230316,2.48
801110.SI,20230317,2.48
801110.SI,20230320,2.48
801110.SI,20230321,2.53
801110.SI,20230322,2.52
801110.SI,20230323,2.51
801110.SI,20230324,2.53
801110.SI,20230327,2.53
801110.SI,20230328,2.52
801110.SI,20230329,2.53
801110.SI,20230330,2.62
801110.SI,20230331,2.58
801110.SI,20230403,2.59
801110.SI,20230404,2.57
801110.SI,20230406,2.56
801110.SI,20230407,2.59
801110.SI,20230410,2.58
801110.SI,20230411,2.63
801110.SI,20230412,2.62
801110.SI,20230413,2.57
801110.SI,20230414,2.57
801110.SI,20230417,2.64
801110.SI,20230418,2.68
801110.SI,20230419,2.65
801110.SI,20230420,2.7
801110.SI,20230421,2.65
801110.SI,20230424,2.63
801110.SI,20230425,2.62
801110.SI,20230426,2.6
801110.SI,20230427,2.6
801110.SI,20230428,2.59
801110.SI,20230504,2.43
801110.SI,20230505,2.38
801110.SI,20230508,2.36
801110.SI,20230509,2.34
801110.SI,20230510,2.36
801110.SI,20230511,2.35
801110.SI,20230512,2.36
801110.SI,20230515,2.38
801110.SI,20230516,2.35
801110.SI,20230517,2.35
801110.SI,20230518,2.37
801110.SI,20230519,2.4
801110.SI,20230522,2.44
801110.SI,20230523,2.41
801110.SI,20230524,2.36
801110.SI,20230525,2.37
801110.SI,20230526,2.38
801110.SI,20230529,2.35
801110.SI,20230530,2.32
801110.SI,20230531,2.29
801110.SI,20230601,2.25
801110.SI,20230602,2.35
801110.SI,20230605,2.38
801110.SI,20230606,2.37
801110.SI,20230607,2.38
801110.SI,20230608,2.43
801110.SI,20230609,2.4
801110.SI,20230612,2.47
801110.SI,20230613,2.46
801110.SI,20230614,2.47
801110.SI,20230615,2.52
801110.SI,20230616,2.53
801110.SI,20230619,2.49
801110.SI,20230620,2.53
801110.SI,20230621,2.52
801110.SI,20230626,2.49
801110.SI,20230627,2.55
801110.SI,20230628,2.56
801110.SI,20230629,2.56
801110.SI,20230630,2.55
801110.SI,20230703,2.56
801110.SI,20230704,2.56
801110.SI,20230705,2.55
801110.SI,20230706,2.48
801110.SI,20230707,2.45
801110.SI,20230710,2.43
801110.SI,20230711,2.45
801110.SI,20230712,2.45
801110.SI,20230713,2.46
801110.SI,20230714,2.44
801110.SI,20230717,2.43
801110.SI,20230718,2.44
801110.SI,20230719,2.47
801110.SI,20230720,2.44
801110.SI,20230721,2.42
801110.SI,20230724,2.41
801110.SI,20230725,2.5
801110.SI,20230726,2.48
801110.SI,20230727,2.47
801110.SI,20230728,2.51
801110.SI,20230731,2.52
801110.SI,20230801,2.49
801110.SI,20230802,2.49
801110.SI,20230803,2.49
801110.SI,20230804,2.49
801110.SI,20230807,2.48
801110.SI,20230808,2.46
801110.SI,20230809,2.45
801110.SI,20230810,2.43
801110.SI,20230811,2.37
801110.SI,20230814,2.37
801110.SI,20230815,2.36
801110.SI,20230816,2.36
801110.SI,20230817,2.38
801110.SI,20230818,2.34
801110.SI,20230821,2.31
801110.SI,20230822,2.32
801110.SI,20230823,2.29
801110.SI,20230824,2.33
801110.SI,20230825,2.31
801110.SI,20230828,2.34
801110.SI,20230829,2.37
801110.SI,20230830,2.4
801110.SI,20230831,2.41
801110.SI,20230901,2.46
801110.SI,20230904,2.48
801110.SI,20230905,2.47
801110.SI,20230906,2.45
801110.SI,20230907,2.43
801110.SI,20230908,2.41
801110.SI,20230911,2.42
801110.SI,20230912,2.45
801110.SI,20230913,2.43
801110.SI,20230914,2.42
801110.SI,20230915,2.4
801110.SI,20230918,2.41
801110.SI,20230919,2.41
801110.SI,20230920,2.42
801110.SI,20230921,2.41
801110.SI,20230922,2.43
801110.SI,20230925,2.42
801110.SI,20230926,2.4
801110.SI,20230927,2.41
801110.SI,20230928,2.41
801110.SI,20231009,2.42
801110.SI,20231010,2.37
801110.SI,20231011,2.37
801110.SI,20231012,2.39
801110.SI,20231013,2.37
801110.SI,20231016,2.37
801110.SI,20231017,2.39
801110.SI,20231018,2.38
801110.SI,20231019,2.34
801110.SI,20231020,2.31
801110.SI,20231023,2.29
801110.SI,20231024,2.3
801110.SI,20231025,2.3
801110.SI,20231026,2.3
801110.SI,20231027,2.34
801110.SI,20231030,2.34
801110.SI,20231031,2.21
801110.SI,20231101,2.21
801110.SI,20231102,2.2
801110.SI,20231103,2.21
801110.SI,20231106,2.23
801110.SI,20231107,2.23
801110.SI,20231108,2.23
801110.SI,20231109,2.22
801110.SI,20231110,2.22
801110.SI,20231113,2.18
801110.SI,20231114,2.19
801110.SI,20231115,2.21
801110.SI,20231116,2.21
801110.SI,20231117,2.22
801110.SI,20231120,2.24
801110.SI,20231121,2.23
801110.SI,20231122,2.21
801110.SI,20231123,2.23
801110.SI,20231124,2.22
801110.SI,20231127,2.2
801110.SI,20231128,2.22
801110.SI,20231129,2.21
801110.SI,20231130,2.2
801110.SI,20231201,2.17
801110.SI,20231204,2.17
801110.SI,20231205,2.13
801110.SI,20231206,2.13
801110.SI,20231207,2.15
801110.SI,20231208,2.14
801110.SI,20231211,2.16
801110.SI,20231212,2.17
801110.SI,20231213,2.15
801110.SI,20231214,2.15
801110.SI,20231215,2.14
801110.SI,20231218,2.14
801110.SI,20231219,2.14
801110.SI,20231220,2.1
801110.SI,20231221,2.13
801110.SI,20231222,2.15
801110.SI,20231225,2.15
801110.SI,20231226,2.13
801110.SI,20231227,2.16
801110.SI,20231228,2.18
801110.SI,20231229,2.2
801110.SI,20240102,2.19
801110.SI,20240103,2.17
801110.SI,20240104,2.19
801110.SI,20240105,2.21
801110.SI,20240108,2.18
801110.SI,20240109,2.2
801110.SI,20240110,2.19
801110.SI,20240111,2.2
801110.SI,20240112,2.19
801110.SI,20240115,2.21
801110.SI,20240116,2.23
801110.SI,20240117,2.2
801110.SI,20240118,2.2
801110.SI,20240119,2.18
801110.SI,20240122,2.13
801110.SI,20240123,2.14
801110.SI,20240124,2.18
801110.SI,20240125,2.18
801110.SI,20240126,2.19
801110.SI,20240129,2.22
801110.SI,20240130,2.19
801110.SI,20240131,2.17
801110.SI,20240201,2.18
801110.SI,20240202,2.15
801110.SI,20240205,2.15
801110.SI,20240206,2.19
801110.SI,20240207,2.24
801110.SI,20240208,2.24
801110.SI,20240219,2.25
801110.SI,20240220,2.29
801110.SI,20240221,2.3
801110.SI,20240222,2.31
801110.SI,20240223,2.29
801110.SI,20240226,2.33
801110.SI,20240227,2.37
801110.SI,20240228,2.33
801110.SI,20240229,2.37
801110.SI,20240301,2.42
801110.SI,20240304,2.45
801110.SI,20240305,2.44
801110.SI,20240306,2.43
801110.SI,20240307,2.45
801110.SI,20240308,2.46
801110.SI,20240311,2.46
801110.SI,20240312,2.43
801110.SI,20240313,2.43
801110.SI,20240314,2.44
801110.SI,20240315,2.43
801110.SI,20240318,2.4
801110.SI,20240319,2.39
801110.SI,20240320,2.38
801110.SI,20240321,2.35
801110.SI,20240322,2.38
801110.SI,20240325,2.37
801110.SI,20240326,2.37
801110.SI,20240327,2.37
801110.SI,20240328,2.39
801110.SI,20240329,2.38
801110.SI,20240401,2.44
801110.SI,20240402,2.44
801110.SI,20240403,2.44
801110.SI,20240408,2.4
801110.SI,20240409,2.37
801110.SI,20240410,2.36
801110.SI,20240411,2.36
801110.SI,20240412,2.38
801110.SI,20240415,2.43
801110.SI,20240416,2.43
801110.SI,20240417,2.47
801110.SI,20240418,2.51
801110.SI,20240419,2.51
801110.SI,20240422,2.49
801110.SI,20240423,2.46
801110.SI,20240424,2.45
801110.SI,20240425,2.46
801110.SI,20240426,2.46
801110.SI,20240429,2.49
801110.SI,20240430,2.45
801110.SI,20240506,2.58
801110.SI,20240507,2.55
801110.SI,20240508,2.53
801110.SI,20240509,2.57
801110.SI,20240510,2.58
801110.SI,20240513,2.61
801110.SI,20240514,2.57
801110.SI,20240515,2.56
801110.SI,20240516,2.53
801110.SI,20240517,2.52
801110.SI,20240520,2.48
801110.SI,20240521,2.47
801110.SI,20240522,2.45
801110.SI,20240523,2.44
801110.SI,20240524,2.44
801110.SI,20240527,2.47
801110.SI,20240528,2.44
801110.SI,20240529,2.42
801110.SI,20240530,2.41
801110.SI,20240531,2.4
801110.SI,20240603,2.43
801110.SI,20240604,2.43
801110.SI,20240605,2.39
801110.SI,20240606,2.42
801110.SI,20240607,2.4
801110.SI,20240611,2.39
801110.SI,20240612,2.4
801110.SI,20240613,2.37
801110.SI,20240614,2.4
801110.SI,20240617,2.37
801110.SI,20240618,2.38
801110.SI,20240619,2.35
801110.SI,20240620,2.33
801110.SI,20240621,2.32
801110.SI,20240624,2.32
801110.SI,20240625,2.33
801110.SI,20240626,2.32
801110.SI,20240627,2.28
801110.SI,20240628,2.28
801110.SI,20240701,2.27
801110.SI,20240702,2.23
801110.SI,20240703,2.21
801110.SI,20240704,2.23
801110.SI,20240705,2.21
801110.SI,20240708,2.2
801110.SI,20240709,2.21
801110.SI,20240710,2.2
801110.SI,20240711,2.23
801110.SI,20240712,2.25
801110.SI,20240715,2.22
801110.SI,20240716,2.21
801110.SI,20240717,2.18
801110.SI,20240718,2.2
801110.SI,20240719,2.2
801110.SI,20240722,2.19
801110.SI,20240723,2.14
801110.SI,20240724,2.08
801110.SI,20240725,2.07
801110.SI,20240726,2.19
801110.SI,20240729,2.18
801110.SI,20240730,2.13
801110.SI,20240731,2.21
801110.SI,20240801,2.21
801110.SI,20240802,2.18
801110.SI,20240805,2.15
801110.SI,20240806,2.12
801110.SI,20240807,2.13
801110.SI,20240808,2.13
801110.SI,20240809,2.12
801110.SI,20240812,2.13
801110.SI,20240813,2.13
801110.SI,20240814,2.11
801110.SI,20240815,2.12
801110.SI,20240816,2.12
801110.SI,20240819,2.13
801110.SI,20240820,2.16
801110.SI,20240821,2.16
801110.SI,20240822,2.17
801110.SI,20240823,2.22
801110.SI,20240826,2.24
801110.SI,20240827,2.21
801110.SI,20240828,2.17
801110.SI,20240829,2.16
801110.SI,20240830,2.21
801110.SI,20240902,2.22
801110.SI,20240903,2.27
801110.SI,20240904,2.26
801110.SI,20240905,2.24
801110.SI,20240906,2.21
801110.SI,20240909,2.16
801110.SI,20240910,2.16
801110.SI,20240911,2.19
801110.SI,20240912,2.19
801110.SI,20240913,2.2
801110.SI,20240918,2.14
801110.SI,20240919,2.17
801110.SI,20240920,2.18
801110.SI,20240923,2.21
801110.SI,20240924,2.29
801110.SI,20240925,2.33
801110.SI,20240926,2.44
801110.SI,20240927,2.48
801110.SI,20240930,2.66
801110.SI,20241008,2.82
801110.SI,20241009,2.61
801110.SI,20241010,2.67
801110.SI,20241011,2.6
801110.SI,20241014,2.67
801110.SI,20241015,2.59
801110.SI,20241016,2.57
801110.SI,20241017,2.53
801110.SI,20241018,2.61
801110.SI,20241021,2.61
801110.SI,20241022,2.69
801110.SI,20241023,2.68
801110.SI,20241024,2.66
801110.SI,20241025,2.66
801110.SI,20241028,2.68
801110.SI,20241029,2.67
801110.SI,20241030,2.64
801110.SI,20241031,2.6
801110.SI,20241101,2.46
801110.SI,20241104,2.49
801110.SI,20241105,2.51
801110.SI,20241106,2.45
801110.SI,20241107,2.5
801110.SI,20241108,2.51
801110.SI,20241111,2.51
801110.SI,20241112,2.52
801110.SI,20241113,2.54
801110.SI,20241114,2.53
801110.SI,20241115,2.48
801110.SI,20241118,2.43
801110.SI,20241119,2.46
801110.SI,20241120,2.47
801110.SI,20241121,2.48
801110.SI,20241122,2.42
801110.SI,20241125,2.41
801110.SI,20241126,2.4
801110.SI,20241127,2.45
801110.SI,20241128,2.41
801110.SI,20241129,2.44
801110.SI,20241202,2.46
801110.SI,20241203,2.46
801110.SI,20241204,2.48
801110.SI,20241205,2.48
801110.SI,20241206,2.51
801110.SI,20241209,2.51
801110.SI,20241210,2.54
801110.SI,20241211,2.57
801110.SI,20241212,2.59
801110.SI,20241213,2.54
801110.SI,20241216,2.51
801110.SI,20241217,2.49
801110.SI,20241218,2.51
801110.SI,20241219,2.52
801110.SI,20241220,2.51
801110.SI,20241223,2.51
801110.SI,20241224,2.56
801110.SI,20241225,2.53
801110.SI,20241226,2.55
801110.SI,20241227,2.54
801110.SI,20241230,2.53
801110.SI,20241231,2.5
801110.SI,20250102,2.5
801110.SI,20250103,2.46
801110.SI,20250106,2.47
801110.SI,20250107,2.5
801110.SI,20250108,2.55
801110.SI,20250109,2.58
801110.SI,20250110,2.55
801110.SI,20250113,2.48
801110.SI,20250114,2.54
801110.SI,20250115,2.52
801110.SI,20250116,2.54
801110.SI,20250117,2.55
801110.SI,20250120,2.55
801110.SI,20250121,2.55
801110.SI,20250122,2.48
801110.SI,20250123,2.49
801110.SI,20250124,2.5
801110.SI,20250127,2.5
801110.SI,20250205,2.47
801110.SI,20250206,2.51
801110.SI,20250207,2.55
801110.SI,20250210,2.55
801110.SI,20250211,2.55
801110.SI,20250212,2.56
801110.SI,20250213,2.55
801110.SI,20250214,2.56
801110.SI,20250217,2.55
801110.SI,20250218,2.51
801110.SI,20250219,2.52
801110.SI,20250220,2.53
801110.SI,20250221,2.54
801110.SI,20250224,2.55
801110.SI,20250225,2.5
801110.SI,20250226,2.54
801110.SI,20250227,2.57
801110.SI,20250228,2.52
801110.SI,20250303,2.48
801110.SI,20250304,2.52
801110.SI,20250305,2.52
801110.SI,20250306,2.54
801110.SI,20250307,2.53
801110.SI,20250310,2.54
801110.SI,20250311,2.54
801110.SI,20250312,2.52
801110.SI,20250313,2.51
801110.SI,20250314,2.58
801110.SI,20250317,2.59
801110.SI,20250318,2.64
801110.SI,20250319,2.66
801110.SI,20250320,2.62
801110.SI,20250321,2.61
801110.SI,20250324,2.63
801110.SI,20250325,2.63
801110.SI,20250326,2.62
801110.SI,20250327,2.63
801110.SI,20250328,2.61
801110.SI,20250331,2.58
801110.SI,20250401,2.54
801110.SI,20250402,2.55
801110.SI,20250403,2.48
801110.SI,20250407,2.26
801110.SI,20250408,2.29
801110.SI,20250409,2.3
801110.SI,20250410,2.35
801110.SI,20250411,2.35
801110.SI,20250414,2.34
801110.SI,20250415,2.37
801110.SI,20250416,2.35
801110.SI,20250417,2.35
801110.SI,20250418,2.36
801110.SI,20250421,2.38
801110.SI,20250422,2.39
801110.SI,20250423,2.4
801110.SI,20250424,2.41
801110.SI,20250425,2.41
801110.SI,20250428,2.34
801110.SI,20250429,2.35
801110.SI,20250430,2.29
801110.SI,20250506,2.32
801110.SI,20250507,2.33
801110.SI,20250508,2.35
801110.SI,20250509,2.36
801110.SI,20250512,2.4
801110.SI,20250513,2.4
801110.SI,20250514,2.4
801110.SI,20250515,2.36
801110.SI,20250516,2.36
801110.SI,20250519,2.38
801110.SI,20250520,2.42
801110.SI,20250521,2.41
801110.SI,20250522,2.41
801110.SI,20250523,2.39
801110.SI,20250526,2.38
801110.SI,20250527,2.37
801110.SI,20250528,2.38
801110.SI,20250529,2.38
801110.SI,20250530,2.37
801110.SI,20250603,2.32
801110.SI,20250604,2.33
801110.SI,20250605,2.33
801110.SI,20250606,2.33
801110.SI,20250609,2.33
801110.SI,20250610,2.31
801110.SI,20250611,2.32
801110.SI,20250612,2.28
801110.SI,20250613,2.25
801110.SI,20250616,2.25
801110.SI,20250617,2.26
801110.SI,20250618,2.26
801110.SI,20250619,2.24
801110.SI,20250620,2.25
801110.SI,20250623,2.24
801110.SI,20250624,2.28
801110.SI,20250625,2.3
801110.SI,20250626,2.3
801110.SI,20250627,2.29
801110.SI,20250630,2.3
801110.SI,20250701,2.31
801110.SI,20250702,2.32
801110.SI,20250703,2.33
801110.SI,20250704,2.33
801110.SI,20250707,2.32
801110.SI,20250708,2.32
801110.SI,20250709,2.31
801110.SI,20250710,2.31
801110.SI,20250711,2.33
801110.SI,20250714,2.35
801110.SI,20250715,2.36
801110.SI,20250716,2.36
801110.SI,20250717,2.37
801110.SI,20250718,2.37
801110.SI,20250721,2.37
801110.SI,20250722,2.38
801110.SI,20250723,2.4
801110.SI,20250724,2.41
801110.SI,20250725,2.38
801110.SI,20250728,2.37
801110.SI,20250729,2.36
801110.SI,20250730,2.37
801110.SI,20250731,2.32
801110.SI,20250801,2.34
801110.SI,20250804,2.36
801110.SI,20250805,2.38
801110.SI,20250806,2.4
801110.SI,20250807,2.39
801110.SI,20250808,2.39
801110.SI,20250811,2.41
801110.SI,20250812,2.42
801110.SI,20250813,2.4
801110.SI,20250814,2.4
801110.SI,20250815,2.42
801110.SI,20250818,2.44
801110.SI,20250819,2.46
801110.SI,20250820,2.46
801110.SI,20250821,2.46
801110.SI,20250822,2.47
801110.SI,20250825,2.51
801110.SI,20250826,2.52
801110.SI,20250827,2.48
801110.SI,20250828,2.5
801110.SI,20250829,2.47
801110.SI,20250901,2.51
801110.SI,20250902,2.53
801110.SI,20250903,2.5
801110.SI,20250904,2.47
801110.SI,20250905,2.51
801110.SI,20250908,2.54
801110.SI,20250909,2.53
801110.SI,20250910,2.53
801110.SI,20250911,2.54
801110.SI,20250912,2.51
801110.SI,20250915,2.52
801110.SI,20250916,2.53
801110.SI,20250917,2.57
801110.SI,20250918,2.56
801110.SI,20250919,2.55
801110.SI,20250922,2.54
801110.SI,20250923,2.54
801110.SI,20250924,2.56
801110.SI,20250925,2.53
801110.SI,20250926,2.54
801110.SI,20250929,2.55
801110.SI,20250930,2.54
801110.SI,20251009,2.55
801110.SI,20251010,2.53
801110.SI,20251013,2.49
801110.SI,20251014,2.47
801110.SI,20251015,2.51
801110.SI,20251016,2.49
801110.SI,20251017,2.46
801110.SI,20251020,2.49
801110.SI,20251021,2.51
801110.SI,20251022,2.53
801110.SI,20251023,2.54
801110.SI,20251024,2.54
801110.SI,20251027,2.55
801110.SI,20251028,2.56
801110.SI,20251029,2.56
801110.SI,20251030,2.53
801110.SI,20251031,2.47
801110.SI,20251103,2.46
801110.SI,20251104,2.44
801110.SI,20251105,2.45
801110.SI,20251106,2.49
801110.SI,20251107,2.46
801110.SI,20251110,2.48
801110.SI,20251111,2.48
801110.SI,20251112,2.51
801110.SI,20251113,2.51
801110.SI,20251114,2.49
801110.SI,20251117,2.47
801110.SI,20251118,2.45
801110.SI,20251119,2.44
801110.SI,20251120,2.44
801110.SI,20251121,2.44
801110.SI,20251124,2.44
801110.SI,20251125,2.45
801110.SI,20251126,2.47
801110.SI,20251127,2.47
801110.SI,20251128,2.48
801110.SI,20251201,2.49
801110.SI,20251202,2.5
801110.SI,20251203,2.51
801110.SI,20251204,2.52
801110.SI,20251205,2.53
801110.SI,20251208,2.52
801110.SI,20251209,2.49
801110.SI,20251210,2.5
801110.SI,20251211,2.47
801110.SI,20251212,2.48
801110.SI,20251215,2.48
801110.SI,20251216,2.46
801110.SI,20251217,2.48
801110.SI,20251218,2.47
801110.SI,20251219,2.48
801110.SI,20251222,2.48
801110.SI,20251223,2.48
801110.SI,20251224,2.48
801110.SI,20251225,2.49
801110.SI,20251226,2.48
801110.SI,20251229,2.48
801110.SI,20251230,2.5
801110.SI,20251231,2.5
801120.SI,20221010,6.56
801120.SI,20221011,6.55
801120.SI,20221012,6.51
801120.SI,20221013,6.41
801120.SI,20221014,6.55
801120.SI,20221017,6.39
801120.SI,20221018,6.36
801120.SI,20221019,6.17
801120.SI,20221020,6.15
801120.SI,20221021,6.07
801120.SI,20221024,5.71
801120.SI,20221025,5.69
801120.SI,20221026,5.68
801120.SI,20221027,5.45
801120.SI,20221028,5.22
801120.SI,20221031,5.12
801120.SI,20221101,5.48
801120.SI,20221102,5.58
801120.SI,20221103,5.5
801120.SI,20221104,5.77
801120.SI,20221107,5.78
801120.SI,20221108,5.69
801120.SI,20221109,5.61
801120.SI,20221110,5.67
801120.SI,20221111,5.83
801120.SI,20221114,5.82
801120.SI,20221115,5.97
801120.SI,20221116,5.98
801120.SI,20221117,5.94
801120.SI,20221118,5.94
801120.SI,20221121,5.79
801120.SI,20221122,5.81
801120.SI,20221123,5.79
801120.SI,20221124,5.73
801120.SI,20221125,5.73
801120.SI,20221128,5.72
801120.SI,20221129,5.98
801120.SI,20221130,5.97
801120.SI,20221201,6.16
801120.SI,20221202,6.17
801120.SI,20221205,6.29
801120.SI,20221206,6.44
801120.SI,20221207,6.45
801120.SI,20221208,6.45
801120.SI,20221209,6.62
801120.SI,20221212,6.56
801120.SI,20221213,6.62
801120.SI,20221214,6.76
801120.SI,20221215,6.71
801120.SI,20221216,6.73
801120.SI,20221219,6.66
801120.SI,20221220,6.43
801120.SI,20221221,6.51
801120.SI,20221222,6.62
801120.SI,20221223,6.66
801120.SI,20221226,6.58
801120.SI,20221227,6.63
801120.SI,20221228,6.61
801120.SI,20221229,6.56
801120.SI,20221230,6.61
801120.SI,20230103,6.53
801120.SI,20230104,6.53
801120.SI,20230105,6.8
801120.SI,20230106,6.79
801120.SI,20230109,6.92
801120.SI,20230110,6.96
801120.SI,20230111,6.92
801120.SI,20230112,6.87
801120.SI,20230113,7.06
801120.SI,20230116,7.2
801120.SI,20230117,7.13
801120.SI,20230118,7.06
801120.SI,20230119,7.03
801120.SI,20230120,7.0
801120.SI,20230130,7.12
801120.SI,20230131,6.95
801120.SI,20230201,6.98
801120.SI,20230202,7.03
801120.SI,20230203,6.96
801120.SI,20230206,6.84
801120.SI,20230207,6.83
801120.SI,20230208,6.78
801120.SI,20230209,6.94
801120.SI,20230210,6.95
801120.SI,20230213,7.16
801120.SI,20230214,7.13
801120.SI,20230215,7.11
801120.SI,20230216,7.14
801120.SI,20230217,7.06
801120.SI,20230220,7.21
801120.SI,20230221,7.15
801120.SI,20230222,7.1
801120.SI,20230223,7.04
801120.SI,20230224,6.94
801120.SI,20230227,7.01
801120.SI,20230228,7.02
801120.SI,20230301,7.09
801120.SI,20230302,7.07
801120.SI,20230303,7.03
801120.SI,20230306,7.01
801120.SI,20230307,6.88
801120.SI,20230308,6.83
801120.SI,20230309,6.79
801120.SI,20230310,6.7
801120.SI,20230313,6.8
801120.SI,20230314,6.76
801120.SI,20230315,6.68
801120.SI,20230316,6.68
801120.SI,20230317,6.6
801120.SI,20230320,6.52
801120.SI,20230321,6.7
801120.SI,20230322,6.69
801120.SI,20230323,6.73
801120.SI,20230324,6.74
801120.SI,20230327,6.69
801120.SI,20230328,6.78
801120.SI,20230329,6.81
801120.SI,20230330,6.88
801120.SI,20230331,6.95
801120.SI,20230403,6.91
801120.SI,20230404,6.94
801120.SI,20230406,6.82
801120.SI,20230407,6.79
801120.SI,20230410,6.71
801120.SI,20230411,6.6
801120.SI,20230412,6.44
801120.SI,20230413,6.51
801120.SI,20230414,6.44
801120.SI,20230417,6.54
801120.SI,20230418,6.58
801120.SI,20230419,6.54
801120.SI,20230420,6.46
801120.SI,20230421,6.41
801120.SI,20230424,6.3
801120.SI,20230425,6.37
801120.SI,20230426,6.19
801120.SI,20230427,6.21
801120.SI,20230428,6.14
801120.SI,20230504,5.89
801120.SI,20230505,5.92
801120.SI,20230508,5.85
801120.SI,20230509,5.85
801120.SI,20230510,5.83
801120.SI,20230511,5.8
801120.SI,20230512,5.75
801120.SI,20230515,5.8
801120.SI,20230516,5.75
801120.SI,20230517,5.7
801120.SI,20230518,5.66
801120.SI,20230519,5.72
801120.SI,20230522,5.87
801120.SI,20230523,5.79
801120.SI,20230524,5.72
801120.SI,20230525,5.67
801120.SI,20230526,5.66
801120.SI,20230529,5.63
801120.SI,20230530,5.57
801120.SI,20230531,5.46
801120.SI,20230601,5.49
801120.SI,20230602,5.6
801120.SI,20230605,5.52
801120.SI,20230606,5.52
801120.SI,20230607,5.46
801120.SI,20230608,5.51
801120.SI,20230609,5.5
801120.SI,20230612,5.63
801120.SI,20230613,5.65
801120.SI,20230614,5.76
801120.SI,20230615,5.85
801120.SI,20230616,5.91
801120.SI,20230619,5.77
801120.SI,20230620,5.72
801120.SI,20230621,5.66
801120.SI,20230626,5.55
801120.SI,20230627,5.57
801120.SI,20230628,5.6
801120.SI,20230629,5.52
801120.SI,20230630,5.48
801120.SI,20230703,5.61
801120.SI,20230704,5.63
801120.SI,20230705,5.55
801120.SI,20230706,5.5
801120.SI,20230707,5.48
801120.SI,20230710,5.5
801120.SI,20230711,5.51
801120.SI,20230712,5.51
801120.SI,20230713,5.65
801120.SI,20230714,5.64
801120.SI,20230717,5.57
801120.SI,20230718,5.54
801120.SI,20230719,5.53
801120.SI,20230720,5.54
801120.SI,20230721,5.65
801120.SI,20230724,5.61
801120.SI,20230725,5.82
801120.SI,20230726,5.82
801120.SI,20230727,5.85
801120.SI,20230728,5.99
801120.SI,20230731,5.99
801120.SI,20230801,5.95
801120.SI,20230802,5.93
801120.SI,20230803,6.06
801120.SI,20230804,6.07
801120.SI,20230807,6.01
801120.SI,20230808,6.01
801120.SI,20230809,6.02
801120.SI,20230810,5.99
801120.SI,20230811,5.86
801120.SI,20230814,5.78
801120.SI,20230815,5.77
801120.SI,20230816,5.78
801120.SI,20230817,5.85
801120.SI,20230818,5.74
801120.SI,20230821,5.72
801120.SI,20230822,5.7
801120.SI,20230823,5.63
801120.SI,20230824,5.75
801120.SI,20230825,5.74
801120.SI,20230828,5.8
801120.SI,20230829,5.97
801120.SI,20230830,5.97
801120.SI,20230831,5.97
801120.SI,20230901,6.04
801120.SI,20230904,6.16
801120.SI,20230905,6.11
801120.SI,20230906,6.11
801120.SI,20230907,6.03
801120.SI,20230908,5.98
801120.SI,20230911,6.03
801120.SI,20230912,6.01
801120.SI,20230913,6.01
801120.SI,20230914,5.98
801120.SI,20230915,5.91
801120.SI,20230918,6.0
801120.SI,20230919,5.97
801120.SI,20230920,5.94
801120.SI,20230921,5.85
801120.SI,20230922,5.97
801120.SI,20230925,5.93
801120.SI,20230926,5.88
801120.SI,20230927,5.88
801120.SI,20230928,5.83
801120.SI,20231009,5.79
801120.SI,20231010,5.76
801120.SI,20231011,5.79
801120.SI,20231012,5.8
801120.SI,20231013,5.7
801120.SI,20231016,5.61
801120.SI,20231017,5.61
801120.SI,20231018,5.59
801120.SI,20231019,5.39
801120.SI,20231020,5.38
801120.SI,20231023,5.28
801120.SI,20231024,5.3
801120.SI,20231025,5.42
801120.SI,20231026,5.44
801120.SI,20231027,5.49
801120.SI,20231030,5.47
801120.SI,20231031,5.42
801120.SI,20231101,5.56
801120.SI,20231102,5.51
801120.SI,20231103,5.58
801120.SI,20231106,5.59
801120.SI,20231107,5.55
801120.SI,20231108,5.55
801120.SI,20231109,5.54
801120.SI,20231110,5.49
801120.SI,20231113,5.45
801120.SI,20231114,5.45
801120.SI,20231115,5.49
801120.SI,20231116,5.44
801120.SI,20231117,5.41
801120.SI,20231120,5.44
801120.SI,20231121,5.51
801120.SI,20231122,5.47
801120.SI,20231123,5.47
801120.SI,20231124,5.46
801120.SI,20231127,5.4
801120.SI,20231128,5.4
801120.SI,20231129,5.4
801120.SI,20231130,5.44
801120.SI,20231201,5.37
801120.SI,20231204,5.31
801120.SI,20231205,5.21
801120.SI,20231206,5.21
801120.SI,20231207,5.19
801120.SI,20231208,5.19
801120.SI,20231211,5.14
801120.SI,20231212,5.18
801120.SI,20231213,5.02
801120.SI,20231214,4.95
801120.SI,20231215,4.97
801120.SI,20231218,4.97
801120.SI,20231219,4.98
801120.SI,20231220,5.02
801120.SI,20231221,5.09
801120.SI,20231222,5.09
801120.SI,20231225,5.12
801120.SI,20231226,5.09
801120.SI,20231227,5.11
801120.SI,20231228,5.29
801120.SI,20231229,5.29
801120.SI,20240102,5.17
801120.SI,20240103,5.16
801120.SI,20240104,5.07
801120.SI,20240105,5.03
801120.SI,20240108,4.96
801120.SI,20240109,4.96
801120.SI,20240110,5.0
801120.SI,20240111,5.02
801120.SI,20240112,5.0
801120.SI,20240115,4.99
801120.SI,20240116,5.0
801120.SI,20240117,4.84
801120.SI,20240118,4.92
801120.SI,20240119,4.95
801120.SI,20240122,4.87
801120.SI,20240123,4.84
801120.SI,20240124,4.86
801120.SI,20240125,4.94
801120.SI,20240126,4.93
801120.SI,20240129,4.95
801120.SI,20240130,4.82
801120.SI,20240131,4.75
801120.SI,20240201,4.76
801120.SI,20240202,4.71
801120.SI,20240205,4.75
801120.SI,20240206,4.93
801120.SI,20240207,5.02
801120.SI,20240208,5.02
801120.SI,20240219,5.03
801120.SI,20240220,4.99
801120.SI,20240221,5.16
801120.SI,20240222,5.18
801120.SI,20240223,5.19
801120.SI,20240226,5.14
801120.SI,20240227,5.14
801120.SI,20240228,5.08
801120.SI,20240229,5.16
801120.SI,20240301,5.15
801120.SI,20240304,5.11
801120.SI,20240305,5.16
801120.SI,20240306,5.1
801120.SI,20240307,5.09
801120.SI,20240308,5.06
801120.SI,20240311,5.16
801120.SI,20240312,5.34
801120.SI,20240313,5.3
801120.SI,20240314,5.28
801120.SI,20240315,5.31
801120.SI,20240318,5.32
801120.SI,20240319,5.35
801120.SI,20240320,5.34
801120.SI,20240321,5.34
801120.SI,20240322,5.26
801120.SI,20240325,5.21
801120.SI,20240326,5.28
801120.SI,20240327,5.22
801120.SI,20240328,5.22
801120.SI,20240329,5.23
801120.SI,20240401,5.3
801120.SI,20240402,5.27
801120.SI,20240403,5.17
801120.SI,20240408,5.01
801120.SI,20240409,5.01
801120.SI,20240410,4.95
801120.SI,20240411,4.94
801120.SI,20240412,4.87
801120.SI,20240415,4.99
801120.SI,20240416,4.94
801120.SI,20240417,4.96
801120.SI,20240418,4.98
801120.SI,20240419,4.91
801120.SI,20240422,4.99
801120.SI,20240423,5.04
801120.SI,20240424,5.04
801120.SI,20240425,5.03
801120.SI,20240426,5.05
801120.SI,20240429,4.77
801120.SI,20240430,4.68
801120.SI,20240506,4.82
801120.SI,20240507,4.83
801120.SI,20240508,4.8
801120.SI,20240509,4.8
801120.SI,20240510,4.76
801120.SI,20240513,4.68
801120.SI,20240514,4.69
801120.SI,20240515,4.67
801120.SI,20240516,4.69
801120.SI,20240517,4.75
801120.SI,20240520,4.76
801120.SI,20240521,4.76
801120.SI,20240522,4.72
801120.SI,20240523,4.67
801120.SI,20240524,4.62
801120.SI,20240527,4.62
801120.SI,20240528,4.58
801120.SI,20240529,4.58
801120.SI,20240530,4.52
801120.SI,20240531,4.51
801120.SI,20240603,4.5
801120.SI,20240604,4.54
801120.SI,20240605,4.49
801120.SI,20240606,4.45
801120.SI,20240607,4.4
801120.SI,20240611,4.31
801120.SI,20240612,4.31
801120.SI,20240613,4.26
801120.SI,20240614,4.28
801120.SI,20240617,4.25
801120.SI,20240618,4.2
801120.SI,20240619,4.16
801120.SI,20240620,4.12
801120.SI,20240621,4.06
801120.SI,20240624,4.06
801120.SI,20240625,4.07
801120.SI,20240626,4.08
801120.SI,20240627,4.05
801120.SI,20240628,3.99
801120.SI,20240701,3.97
801120.SI,20240702,4.04
801120.SI,20240703,4.03
801120.SI,20240704,3.98
801120.SI,20240705,3.94
801120.SI,20240708,3.85
801120.SI,20240709,3.89
801120.SI,20240710,3.89
801120.SI,20240711,3.98
801120.SI,20240712,3.99
801120.SI,20240715,3.98
801120.SI,20240716,3.97
801120.SI,20240717,4.05
801120.SI,20240718,4.06
801120.SI,20240719,4.12
801120.SI,20240722,4.05
801120.SI,20240723,3.91
801120.SI,20240724,3.87
801120.SI,20240725,3.86
801120.SI,20240726,3.86
801120.SI,20240729,3.8
801120.SI,20240730,3.77
801120.SI,20240731,3.85
801120.SI,20240801,3.77
801120.SI,20240802,3.77
801120.SI,20240805,3.81
801120.SI,20240806,3.83
801120.SI,20240807,3.85
801120.SI,20240808,3.91
801120.SI,20240809,3.99
801120.SI,20240812,3.99
801120.SI,20240813,3.95
801120.SI,20240814,3.91
801120.SI,20240815,3.94
801120.SI,20240816,3.93
801120.SI,20240819,3.91
801120.SI,20240820,3.88
801120.SI,20240821,3.86
801120.SI,20240822,3.82
801120.SI,20240823,3.82
801120.SI,20240826,3.8
801120.SI,20240827,3.78
801120.SI,20240828,3.71
801120.SI,20240829,3.85
801120.SI,20240830,4.02
801120.SI,20240902,3.91
801120.SI,20240903,3.95
801120.SI,20240904,3.92
801120.SI,20240905,3.94
801120.SI,20240906,3.9
801120.SI,20240909,3.85
801120.SI,20240910,3.85
801120.SI,20240911,3.85
801120.SI,20240912,3.76
801120.SI,20240913,3.68
801120.SI,20240918,3.63
801120.SI,20240919,3.69
801120.SI,20240920,3.69
801120.SI,20240923,3.69
801120.SI,20240924,3.94
801120.SI,20240925,3.99
801120.SI,20240926,4.34
801120.SI,20240927,4.65
801120.SI,20240930,5.04
801120.SI,20241008,5.09
801120.SI,20241009,4.67
801120.SI,20241010,4.77
801120.SI,20241011,4.66
801120.SI,20241014,4.69
801120.SI,20241015,4.54
801120.SI,20241016,4.47
801120.SI,20241017,4.38
801120.SI,20241018,4.52
801120.SI,20241021,4.51
801120.SI,20241022,4.57
801120.SI,20241023,4.64
801120.SI,20241024,4.57
801120.SI,20241025,4.61
801120.SI,20241028,4.61
801120.SI,20241029,4.51
801120.SI,20241030,4.47
801120.SI,20241031,4.47
801120.SI,20241101,4.4
801120.SI,20241104,4.46
801120.SI,20241105,4.55
801120.SI,20241106,4.53
801120.SI,20241107,4.81
801120.SI,20241108,4.71
801120.SI,20241111,4.68
801120.SI,20241112,4.64
801120.SI,20241113,4.64
801120.SI,20241114,4.59
801120.SI,20241115,4.55
801120.SI,20241118,4.5
801120.SI,20241119,4.48
801120.SI,20241120,4.5
801120.SI,20241121,4.5
801120.SI,20241122,4.36
801120.SI,20241125,4.35
801120.SI,20241126,4.39
801120.SI,20241127,4.44
801120.SI,20241128,4.41
801120.SI,20241129,4.47
801120.SI,20241202,4.51
801120.SI,20241203,4.51
801120.SI,20241204,4.47
801120.SI,20241205,4.45
801120.SI,20241206,4.48
801120.SI,20241209,4.47
801120.SI,20241210,4.57
801120.SI,20241211,4.6
801120.SI,20241212,4.71
801120.SI,20241213,4.57
801120.SI,20241216,4.53
801120.SI,20241217,4.54
801120.SI,20241218,4.55
801120.SI,20241219,4.49
801120.SI,20241220,4.47
801120.SI,20241223,4.44
801120.SI,20241224,4.48
801120.SI,20241225,4.46
801120.SI,20241226,4.45
801120.SI,20241227,4.46
801120.SI,20241230,4.43
801120.SI,20241231,4.42
801120.SI,20250102,4.34
801120.SI,20250103,4.27
801120.SI,20250106,4.17
801120.SI,20250107,4.18
801120.SI,20250108,4.18
801120.SI,20250109,4.18
801120.SI,20250110,4.13
801120.SI,20250113,4.14
801120.SI,20250114,4.23
801120.SI,20250115,4.21
801120.SI,20250116,4.18
801120.SI,20250117,4.21
801120.SI,20250120,4.24
801120.SI,20250121,4.21
801120.SI,20250122,4.14
801120.SI,20250123,4.14
801120.SI,20250124,4.12
801120.SI,20250127,4.11
801120.SI,20250205,4.03
801120.SI,20250206,4.05
801120.SI,20250207,4.11
801120.SI,20250210,4.11
801120.SI,20250211,4.07
801120.SI,20250212,4.13
801120.SI,20250213,4.2
801120.SI,20250214,4.2
801120.SI,20250217,4.2
801120.SI,20250218,4.17
801120.SI,20250219,4.21
801120.SI,20250220,4.19
801120.SI,20250221,4.21
801120.SI,20250224,4.22
801120.SI,20250225,4.15
801120.SI,20250226,4.18
801120.SI,20250227,4.28
801120.SI,20250228,4.28
801120.SI,20250303,4.25
801120.SI,20250304,4.2
801120.SI,20250305,4.2
801120.SI,20250306,4.27
801120.SI,20250307,4.31
801120.SI,20250310,4.3
801120.SI,20250311,4.39
801120.SI,20250312,4.35
801120.SI,20250313,4.34
801120.SI,20250314,4.58
801120.SI,20250317,4.58
801120.SI,20250318,4.54
801120.SI,20250319,4.53
801120.SI,20250320,4.46
801120.SI,20250321,4.39
801120.SI,20250324,4.41
801120.SI,20250325,4.4
801120.SI,20250326,4.4
801120.SI,20250327,4.44
801120.SI,20250328,4.41
801120.SI,20250331,4.36
801120.SI,20250401,4.37
801120.SI,20250402,4.36
801120.SI,20250403,4.41
801120.SI,20250407,4.22
801120.SI,20250408,4.36
801120.SI,20250409,4.43
801120.SI,20250410,4.45
801120.SI,20250411,4.43
801120.SI,20250414,4.42
801120.SI,20250415,4.44
801120.SI,20250416,4.45
801120.SI,20250417,4.48
801120.SI,20250418,4.44
801120.SI,20250421,4.41
801120.SI,20250422,4.4
801120.SI,20250423,4.39
801120.SI,20250424,4.38
801120.SI,20250425,4.37
801120.SI,20250428,4.26
801120.SI,20250429,4.23
801120.SI,20250430,4.1
801120.SI,20250506,4.12
801120.SI,20250507,4.13
801120.SI,20250508,4.16
801120.SI,20250509,4.17
801120.SI,20250512,4.19
801120.SI,20250513,4.18
801120.SI,20250514,4.25
801120.SI,20250515,4.24
801120.SI,20250516,4.19
801120.SI,20250519,4.16
801120.SI,20250520,4.19
801120.SI,20250521,4.18
801120.SI,20250522,4.17
801120.SI,20250523,4.14
801120.SI,20250526,4.12
801120.SI,20250527,4.12
801120.SI,20250528,4.14
801120.SI,20250529,4.13
801120.SI,20250530,4.1
801120.SI,20250603,4.09
801120.SI,20250604,4.11
801120.SI,20250605,4.09
801120.SI,20250606,4.05
801120.SI,20250609,4.04
801120.SI,20250610,4.01
801120.SI,20250611,4.02
801120.SI,20250612,3.97
801120.SI,20250613,3.88
801120.SI,20250616,3.87
801120.SI,20250617,3.87
801120.SI,20250618,3.87
801120.SI,20250619,3.84
801120.SI,20250620,3.87
801120.SI,20250623,3.84
801120.SI,20250624,3.88
801120.SI,20250625,3.89
801120.SI,20250626,3.99
801120.SI,20250627,3.97
801120.SI,20250630,3.99
801120.SI,20250701,3.98
801120.SI,20250702,3.98
801120.SI,20250703,3.99
801120.SI,20250704,3.99
801120.SI,20250707,3.97
801120.SI,20250708,3.99
801120.SI,20250709,4.0
801120.SI,20250710,4.02
801120.SI,20250711,4.03
801120.SI,20250714,4.03
801120.SI,20250715,3.99
801120.SI,20250716,4.0
801120.SI,20250717,4.03
801120.SI,20250718,4.06
801120.SI,20250721,4.06
801120.SI,20250722,4.13
801120.SI,20250723,4.13
801120.SI,20250724,4.15
801120.SI,20250725,4.09
801120.SI,20250728,4.06
801120.SI,20250729,4.05
801120.SI,20250730,4.09
801120.SI,20250731,4.0
801120.SI,20250801,4.0
801120.SI,20250804,4.0
801120.SI,20250805,4.04
801120.SI,20250806,4.03
801120.SI,20250807,4.04
801120.SI,20250808,4.02
801120.SI,20250811,4.08
801120.SI,20250812,4.06
801120.SI,20250813,4.0
801120.SI,20250814,3.99
801120.SI,20250815,3.99
801120.SI,20250818,4.02
801120.SI,20250819,4.06
801120.SI,20250820,4.12
801120.SI,20250821,4.11
801120.SI,20250822,4.13
801120.SI,20250825,4.25
801120.SI,20250826,4.25
801120.SI,20250827,4.15
801120.SI,20250828,4.17
801120.SI,20250829,4.31
801120.SI,20250901,4.31
801120.SI,20250902,4.31
801120.SI,20250903,4.26
801120.SI,20250904,4.25
801120.SI,20250905,4.27
801120.SI,20250908,4.33
801120.SI,20250909,4.33
801120.SI,20250910,4.34
801120.SI,20250911,4.36
801120.SI,20250912,4.31
801120.SI,20250915,4.31
801120.SI,20250916,4.29
801120.SI,20250917,4.27
801120.SI,20250918,4.2
801120.SI,20250919,4.2
801120.SI,20250922,4.15
801120.SI,20250923,4.13
801120.SI,20250924,4.13
801120.SI,20250925,4.11
801120.SI,20250926,4.1
801120.SI,20250929,4.15
801120.SI,20250930,4.13
801120.SI,20251009,4.12
801120.SI,20251010,4.12
801120.SI,20251013,4.08
801120.SI,20251014,4.15
801120.SI,20251015,4.18
801120.SI,20251016,4.22
801120.SI,20251017,4.16
801120.SI,20251020,4.16
801120.SI,20251021,4.17
801120.SI,20251022,4.15
801120.SI,20251023,4.17
801120.SI,20251024,4.12
801120.SI,20251027,4.11
801120.SI,20251028,4.1
801120.SI,20251029,4.07
801120.SI,20251030,3.99
801120.SI,20251031,3.97
801120.SI,20251103,3.98
801120.SI,20251104,3.95
801120.SI,20251105,3.94
801120.SI,20251106,3.95
801120.SI,20251107,3.95
801120.SI,20251110,4.08
801120.SI,20251111,4.08
801120.SI,20251112,4.09
801120.SI,20251113,4.11
801120.SI,20251114,4.06
801120.SI,20251117,4.07
801120.SI,20251118,4.07
801120.SI,20251119,4.06
801120.SI,20251120,4.04
801120.SI,20251121,4.0
801120.SI,20251124,3.98
801120.SI,20251125,3.98
801120.SI,20251126,3.99
801120.SI,20251127,3.98
801120.SI,20251128,4.0
801120.SI,20251201,4.01
801120.SI,20251202,3.98
801120.SI,20251203,3.96
801120.SI,20251204,3.91
801120.SI,20251205,3.93
801120.SI,20251208,3.89
801120.SI,20251209,3.86
801120.SI,20251210,3.86
801120.SI,20251211,3.85
801120.SI,20251212,3.86
801120.SI,20251215,3.89
801120.SI,20251216,3.89
801120.SI,20251217,3.91
801120.SI,20251218,3.89
801120.SI,20251219,3.9
801120.SI,20251222,3.9
801120.SI,20251223,3.88
801120.SI,20251224,3.86
801120.SI,20251225,3.9
801120.SI,20251226,3.88
801120.SI,20251229,3.84
801120.SI,20251230,3.82
801120.SI,20251231,3.79
801130.SI,20221010,1.61
801130.SI,20221011,1.61
801130.SI,20221012,1.64
801130.SI,20221013,1.64
801130.SI,20221014,1.67
801130.SI,20221017,1.69
801130.SI,20221018,1.69
801130.SI,20221019,1.66
801130.SI,20221020,1.66
801130.SI,20221021,1.65
801130.SI,20221024,1.62
801130.SI,20221025,1.61
801130.SI,20221026,1.63
801130.SI,20221027,1.63
801130.SI,20221028,1.56
801130.SI,20221031,1.55
801130.SI,20221101,1.59
801130.SI,20221102,1.61
801130.SI,20221103,1.6
801130.SI,20221104,1.63
801130.SI,20221107,1.67
801130.SI,20221108,1.67
801130.SI,20221109,1.67
801130.SI,20221110,1.67
801130.SI,20221111,1.68
801130.SI,20221114,1.68
801130.SI,20221115,1.69
801130.SI,20221116,1.7
801130.SI,20221117,1.7
801130.SI,20221118,1.7
801130.SI,20221121,1.7
801130.SI,20221122,1.68
801130.SI,20221123,1.66
801130.SI,20221124,1.68
801130.SI,20221125,1.68
801130.SI,20221128,1.68
801130.SI,20221129,1.71
801130.SI,20221130,1.71
801130.SI,20221201,1.73
801130.SI,20221202,1.76
801130.SI,20221205,1.78
801130.SI,20221206,1.79
801130.SI,20221207,1.82
801130.SI,20221208,1.81
801130.SI,20221209,1.8
801130.SI,20221212,1.78
801130.SI,20221213,1.81
801130.SI,20221214,1.82
801130.SI,20221215,1.8
801130.SI,20221216,1.79
801130.SI,20221219,1.74
801130.SI,20221220,1.74
801130.SI,20221221,1.74
801130.SI,20221222,1.75
801130.SI,20221223,1.72
801130.SI,20221226,1.73
801130.SI,20221227,1.75
801130.SI,20221228,1.73
801130.SI,20221229,1.71
801130.SI,20221230,1.73
801130.SI,20230103,1.76
801130.SI,20230104,1.76
801130.SI,20230105,1.76
801130.SI,20230106,1.75
801130.SI,20230109,1.77
801130.SI,20230110,1.78
801130.SI,20230111,1.76
801130.SI,20230112,1.76
801130.SI,20230113,1.78
801130.SI,20230116,1.8
801130.SI,20230117,1.79
801130.SI,20230118,1.79
801130.SI,20230119,1.78
801130.SI,20230120,1.79
801130.SI,20230130,1.82
801130.SI,20230131,1.82
801130.SI,20230201,1.84
801130.SI,20230202,1.84
801130.SI,20230203,1.82
801130.SI,20230206,1.81
801130.SI,20230207,1.82
801130.SI,20230208,1.82
801130.SI,20230209,1.83
801130.SI,20230210,1.83
801130.SI,20230213,1.86
801130.SI,20230214,1.85
801130.SI,20230215,1.85
801130.SI,20230216,1.82
801130.SI,20230217,1.84
801130.SI,20230220,1.86
801130.SI,20230221,1.86
801130.SI,20230222,1.86
801130.SI,20230223,1.87
801130.SI,20230224,1.88
801130.SI,20230227,1.88
801130.SI,20230228,1.91
801130.SI,20230301,1.91
801130.SI,20230302,1.92
801130.SI,20230303,1.9
801130.SI,20230306,1.89
801130.SI,20230307,1.86
801130.SI,20230308,1.87
801130.SI,20230309,1.85
801130.SI,20230310,1.83
801130.SI,20230313,1.84
801130.SI,20230314,1.81
801130.SI,20230315,1.82
801130.SI,20230316,1.82
801130.SI,20230317,1.82
801130.SI,20230320,1.81
801130.SI,20230321,1.84
801130.SI,20230322,1.85
801130.SI,20230323,1.84
801130.SI,20230324,1.83
801130.SI,20230327,1.81
801130.SI,20230328,1.81
801130.SI,20230329,1.8
801130.SI,20230330,1.8
801130.SI,20230331,1.81
801130.SI,20230403,1.8
801130.SI,20230404,1.79
801130.SI,20230406,1.78
801130.SI,20230407,1.8
801130.SI,20230410,1.78
801130.SI,20230411,1.78
801130.SI,20230412,1.78
801130.SI,20230413,1.78
801130.SI,20230414,1.77
801130.SI,20230417,1.77
801130.SI,20230418,1.77
801130.SI,20230419,1.76
801130.SI,20230420,1.75
801130.SI,20230421,1.72
801130.SI,20230424,1.72
801130.SI,20230425,1.7
801130.SI,20230426,1.72
801130.SI,20230427,1.73
801130.SI,20230428,1.75
801130.SI,20230504,1.83
801130.SI,20230505,1.83
801130.SI,20230508,1.82
801130.SI,20230509,1.78
801130.SI,20230510,1.78
801130.SI,20230511,1.81
801130.SI,20230512,1.83
801130.SI,20230515,1.81
801130.SI,20230516,1.78
801130.SI,20230517,1.79
801130.SI,20230518,1.77
801130.SI,20230519,1.77
801130.SI,20230522,1.78
801130.SI,20230523,1.77
801130.SI,20230524,1.75
801130.SI,20230525,1.75
801130.SI,20230526,1.74
801130.SI,20230529,1.73
801130.SI,20230530,1.73
801130.SI,20230531,1.72
801130.SI,20230601,1.72
801130.SI,20230602,1.73
801130.SI,20230605,1.75
801130.SI,20230606,1.72
801130.SI,20230607,1.73
801130.SI,20230608,1.72
801130.SI,20230609,1.72
801130.SI,20230612,1.74
801130.SI,20230613,1.73
801130.SI,20230614,1.74
801130.SI,20230615,1.74
801130.SI,20230616,1.73
801130.SI,20230619,1.72
801130.SI,20230620,1.7
801130.SI,20230621,1.68
801130.SI,20230626,1.66
801130.SI,20230627,1.72
801130.SI,20230628,1.72
801130.SI,20230629,1.73
801130.SI,20230630,1.77
801130.SI,20230703,1.77
801130.SI,20230704,1.77
801130.SI,20230705,1.76
801130.SI,20230706,1.73
801130.SI,20230707,1.74
801130.SI,20230710,1.74
801130.SI,20230711,1.75
801130.SI,20230712,1.74
801130.SI,20230713,1.74
801130.SI,20230714,1.74
801130.SI,20230717,1.74
801130.SI,20230718,1.73
801130.SI,20230719,1.75
801130.SI,20230720,1.75
801130.SI,20230721,1.75
801130.SI,20230724,1.75
801130.SI,20230725,1.76
801130.SI,20230726,1.76
801130.SI,20230727,1.76
801130.SI,20230728,1.79
801130.SI,20230731,1.82
801130.SI,20230801,1.81
801130.SI,20230802,1.8
801130.SI,20230803,1.79
801130.SI,20230804,1.77
801130.SI,20230807,1.75
801130.SI,20230808,1.76
801130.SI,20230809,1.74
801130.SI,20230810,1.75
801130.SI,20230811,1.72
801130.SI,20230814,1.73
801130.SI,20230815,1.75
801130.SI,20230816,1.75
801130.SI,20230817,1.77
801130.SI,20230818,1.74
801130.SI,20230821,1.74
801130.SI,20230822,1.73
801130.SI,20230823,1.7
801130.SI,20230824,1.71
801130.SI,20230825,1.69
801130.SI,20230828,1.7
801130.SI,20230829,1.74
801130.SI,20230830,1.75
801130.SI,20230831,1.75
801130.SI,20230901,1.76
801130.SI,20230904,1.78
801130.SI,20230905,1.77
801130.SI,20230906,1.77
801130.SI,20230907,1.75
801130.SI,20230908,1.75
801130.SI,20230911,1.77
801130.SI,20230912,1.76
801130.SI,20230913,1.75
801130.SI,20230914,1.76
801130.SI,20230915,1.78
801130.SI,20230918,1.8
801130.SI,20230919,1.78
801130.SI,20230920,1.77
801130.SI,20230921,1.75
801130.SI,20230922,1.76
801130.SI,20230925,1.76
801130.SI,20230926,1.75
801130.SI,20230927,1.75
801130.SI,20230928,1.77
801130.SI,20231009,1.73
801130.SI,20231010,1.73
801130.SI,20231011,1.72
801130.SI,20231012,1.72
801130.SI,20231013,1.71
801130.SI,20231016,1.73
801130.SI,20231017,1.75
801130.SI,20231018,1.72
801130.SI,20231019,1.7
801130.SI,20231020,1.69
801130.SI,20231023,1.64
801130.SI,20231024,1.69
801130.SI,20231025,1.7
801130.SI,20231026,1.71
801130.SI,20231027,1.74
801130.SI,20231030,1.72
801130.SI,20231031,1.71
801130.SI,20231101,1.71
801130.SI,20231102,1.71
801130.SI,20231103,1.71
801130.SI,20231106,1.72
801130.SI,20231107,1.72
801130.SI,20231108,1.72
801130.SI,20231109,1.7
801130.SI,20231110,1.7
801130.SI,20231113,1.71
801130.SI,20231114,1.72
801130.SI,20231115,1.73
801130.SI,20231116,1.73
801130.SI,20231117,1.74
801130.SI,20231120,1.74
801130.SI,20231121,1.74
801130.SI,20231122,1.73
801130.SI,20231123,1.75
801130.SI,20231124,1.74
801130.SI,20231127,1.73
801130.SI,20231128,1.75
801130.SI,20231129,1.74
801130.SI,20231130,1.74
801130.SI,20231201,1.75
801130.SI,20231204,1.76
801130.SI,20231205,1.73
801130.SI,20231206,1.74
801130.SI,20231207,1.74
801130.SI,20231208,1.71
801130.SI,20231211,1.72
801130.SI,20231212,1.75
801130.SI,20231213,1.73
801130.SI,20231214,1.74
801130.SI,20231215,1.75
801130.SI,20231218,1.73
801130.SI,20231219,1.72
801130.SI,20231220,1.71
801130.SI,20231221,1.73
801130.SI,20231222,1.71
801130.SI,20231225,1.7
801130.SI,20231226,1.69
801130.SI,20231227,1.69
801130.SI,20231228,1.7
801130.SI,20231229,1.72
801130.SI,20240102,1.74
801130.SI,20240103,1.72
801130.SI,20240104,1.73
801130.SI,20240105,1.71
801130.SI,20240108,1.69
801130.SI,20240109,1.71
801130.SI,20240110,1.71
801130.SI,20240111,1.72
801130.SI,20240112,1.71
801130.SI,20240115,1.73
801130.SI,20240116,1.73
801130.SI,20240117,1.73
801130.SI,20240118,1.71
801130.SI,20240119,1.72
801130.SI,20240122,1.63
801130.SI,20240123,1.62
801130.SI,20240124,1.65
801130.SI,20240125,1.69
801130.SI,20240126,1.69
801130.SI,20240129,1.66
801130.SI,20240130,1.61
801130.SI,20240131,1.55
801130.SI,20240201,1.53
801130.SI,20240202,1.5
801130.SI,20240205,1.43
801130.SI,20240206,1.46
801130.SI,20240207,1.46
801130.SI,20240208,1.51
801130.SI,20240219,1.55
801130.SI,20240220,1.56
801130.SI,20240221,1.57
801130.SI,20240222,1.58
801130.SI,20240223,1.59
801130.SI,20240226,1.6
801130.SI,20240227,1.63
801130.SI,20240228,1.56
801130.SI,20240229,1.6
801130.SI,20240301,1.6
801130.SI,20240304,1.62
801130.SI,20240305,1.61
801130.SI,20240306,1.63
801130.SI,20240307,1.62
801130.SI,20240308,1.64
801130.SI,20240311,1.65
801130.SI,20240312,1.66
801130.SI,20240313,1.66
801130.SI,20240314,1.66
801130.SI,20240315,1.68
801130.SI,20240318,1.68
801130.SI,20240319,1.67
801130.SI,20240320,1.67
801130.SI,20240321,1.67
801130.SI,20240322,1.66
801130.SI,20240325,1.65
801130.SI,20240326,1.65
801130.SI,20240327,1.63
801130.SI,20240328,1.67
801130.SI,20240329,1.7
801130.SI,20240401,1.72
801130.SI,20240402,1.73
801130.SI,20240403,1.74
801130.SI,20240408,1.72
801130.SI,20240409,1.73
801130.SI,20240410,1.72
801130.SI,20240411,1.71
801130.SI,20240412,1.73
801130.SI,20240415,1.68
801130.SI,20240416,1.6
801130.SI,20240417,1.65
801130.SI,20240418,1.65
801130.SI,20240419,1.66
801130.SI,20240422,1.64
801130.SI,20240423,1.63
801130.SI,20240424,1.64
801130.SI,20240425,1.63
801130.SI,20240426,1.63
801130.SI,20240429,1.64
801130.SI,20240430,1.64
801130.SI,20240506,1.67
801130.SI,20240507,1.67
801130.SI,20240508,1.65
801130.SI,20240509,1.66
801130.SI,20240510,1.65
801130.SI,20240513,1.65
801130.SI,20240514,1.69
801130.SI,20240515,1.68
801130.SI,20240516,1.67
801130.SI,20240517,1.67
801130.SI,20240520,1.67
801130.SI,20240521,1.66
801130.SI,20240522,1.65
801130.SI,20240523,1.62
801130.SI,20240524,1.61
801130.SI,20240527,1.62
801130.SI,20240528,1.61
801130.SI,20240529,1.61
801130.SI,20240530,1.6
801130.SI,20240531,1.61
801130.SI,20240603,1.58
801130.SI,20240604,1.6
801130.SI,20240605,1.57
801130.SI,20240606,1.52
801130.SI,20240607,1.55
801130.SI,20240611,1.53
801130.SI,20240612,1.55
801130.SI,20240613,1.52
801130.SI,20240614,1.52
801130.SI,20240617,1.5
801130.SI,20240618,1.51
801130.SI,20240619,1.5
801130.SI,20240620,1.47
801130.SI,20240621,1.47
801130.SI,20240624,1.43
801130.SI,20240625,1.44
801130.SI,20240626,1.46
801130.SI,20240627,1.43
801130.SI,20240628,1.43
801130.SI,20240701,1.45
801130.SI,20240702,1.43
801130.SI,20240703,1.42
801130.SI,20240704,1.4
801130.SI,20240705,1.42
801130.SI,20240708,1.39
801130.SI,20240709,1.39
801130.SI,20240710,1.37
801130.SI,20240711,1.4
801130.SI,20240712,1.4
801130.SI,20240715,1.39
801130.SI,20240716,1.38
801130.SI,20240717,1.37
801130.SI,20240718,1.37
801130.SI,20240719,1.36
801130.SI,20240722,1.36
801130.SI,20240723,1.33
801130.SI,20240724,1.3
801130.SI,20240725,1.31
801130.SI,20240726,1.33
801130.SI,20240729,1.32
801130.SI,20240730,1.31
801130.SI,20240731,1.36
801130.SI,20240801,1.34
801130.SI,20240802,1.34
801130.SI,20240805,1.33
801130.SI,20240806,1.34
801130.SI,20240807,1.34
801130.SI,20240808,1.35
801130.SI,20240809,1.34
801130.SI,20240812,1.34
801130.SI,20240813,1.34
801130.SI,20240814,1.34
801130.SI,20240815,1.34
801130.SI,20240816,1.33
801130.SI,20240819,1.33
801130.SI,20240820,1.31
801130.SI,20240821,1.31
801130.SI,20240822,1.32
801130.SI,20240823,1.31
801130.SI,20240826,1.32
801130.SI,20240827,1.3
801130.SI,20240828,1.31
801130.SI,20240829,1.33
801130.SI,20240830,1.35
801130.SI,20240902,1.34
801130.SI,20240903,1.35
801130.SI,20240904,1.35
801130.SI,20240905,1.36
801130.SI,20240906,1.33
801130.SI,20240909,1.33
801130.SI,20240910,1.33
801130.SI,20240911,1.32
801130.SI,20240912,1.32
801130.SI,20240913,1.31
801130.SI,20240918,1.31
801130.SI,20240919,1.33
801130.SI,20240920,1.32
801130.SI,20240923,1.33
801130.SI,20240924,1.37
801130.SI,20240925,1.39
801130.SI,20240926,1.45
801130.SI,20240927,1.5
801130.SI,20240930,1.62
801130.SI,20241008,1.68
801130.SI,20241009,1.54
801130.SI,20241010,1.55
801130.SI,20241011,1.52
801130.SI,20241014,1.54
801130.SI,20241015,1.52
801130.SI,20241016,1.53
801130.SI,20241017,1.51
801130.SI,20241018,1.53
801130.SI,20241021,1.53
801130.SI,20241022,1.56
801130.SI,20241023,1.57
801130.SI,20241024,1.58
801130.SI,20241025,1.6
801130.SI,20241028,1.62
801130.SI,20241029,1.6
801130.SI,20241030,1.58
801130.SI,20241031,1.58
801130.SI,20241101,1.54
801130.SI,20241104,1.56
801130.SI,20241105,1.59
801130.SI,20241106,1.59
801130.SI,20241107,1.64
801130.SI,20241108,1.63
801130.SI,20241111,1.63
801130.SI,20241112,1.63
801130.SI,20241113,1.63
801130.SI,20241114,1.59
801130.SI,20241115,1.57
801130.SI,20241118,1.57
801130.SI,20241119,1.59
801130.SI,20241120,1.62
801130.SI,20241121,1.62
801130.SI,20241122,1.57
801130.SI,20241125,1.61
801130.SI,20241126,1.6
801130.SI,20241127,1.63
801130.SI,20241128,1.65
801130.SI,20241129,1.69
801130.SI,20241202,1.72
801130.SI,20241203,1.71
801130.SI,20241204,1.67
801130.SI,20241205,1.69
801130.SI,20241206,1.72
801130.SI,20241209,1.72
801130.SI,20241210,1.73
801130.SI,20241211,1.77
801130.SI,20241212,1.81
801130.SI,20241213,1.79
801130.SI,20241216,1.81
801130.SI,20241217,1.73
801130.SI,20241218,1.72
801130.SI,20241219,1.71
801130.SI,20241220,1.74
801130.SI,20241223,1.68
801130.SI,20241224,1.69
801130.SI,20241225,1.65
801130.SI,20241226,1.65
801130.SI,20241227,1.67
801130.SI,20241230,1.66
801130.SI,20241231,1.66
801130.SI,20250102,1.66
801130.SI,20250103,1.6
801130.SI,20250106,1.6
801130.SI,20250107,1.62
801130.SI,20250108,1.62
801130.SI,20250109,1.6
801130.SI,20250110,1.55
801130.SI,20250113,1.54
801130.SI,20250114,1.6
801130.SI,20250115,1.6
801130.SI,20250116,1.62
801130.SI,20250117,1.6
801130.SI,20250120,1.63
801130.SI,20250121,1.61
801130.SI,20250122,1.6
801130.SI,20250123,1.6
801130.SI,20250124,1.62
801130.SI,20250127,1.62
801130.SI,20250205,1.6
801130.SI,20250206,1.61
801130.SI,20250207,1.63
801130.SI,20250210,1.64
801130.SI,20250211,1.66
801130.SI,20250212,1.65
801130.SI,20250213,1.65
801130.SI,20250214,1.65
801130.SI,20250217,1.65
801130.SI,20250218,1.61
801130.SI,20250219,1.63
801130.SI,20250220,1.65
801130.SI,20250221,1.63
801130.SI,20250224,1.65
801130.SI,20250225,1.63
801130.SI,20250226,1.64
801130.SI,20250227,1.68
801130.SI,20250228,1.65
801130.SI,20250303,1.65
801130.SI,20250304,1.65
801130.SI,20250305,1.66
801130.SI,20250306,1.68
801130.SI,20250307,1.67
801130.SI,20250310,1.68
801130.SI,20250311,1.71
801130.SI,20250312,1.71
801130.SI,20250313,1.71
801130.SI,20250314,1.74
801130.SI,20250317,1.75
801130.SI,20250318,1.76
801130.SI,20250319,1.76
801130.SI,20250320,1.75
801130.SI,20250321,1.72
801130.SI,20250324,1.69
801130.SI,20250325,1.69
801130.SI,20250326,1.71
801130.SI,20250327,1.7
801130.SI,20250328,1.68
801130.SI,20250331,1.65
801130.SI,20250401,1.67
801130.SI,20250402,1.7
801130.SI,20250403,1.68
801130.SI,20250407,1.52
801130.SI,20250408,1.51
801130.SI,20250409,1.52
801130.SI,20250410,1.57
801130.SI,20250411,1.58
801130.SI,20250414,1.62
801130.SI,20250415,1.64
801130.SI,20250416,1.63
801130.SI,20250417,1.63
801130.SI,20250418,1.6
801130.SI,20250421,1.62
801130.SI,20250422,1.63
801130.SI,20250423,1.62
801130.SI,20250424,1.61
801130.SI,20250425,1.61
801130.SI,20250428,1.62
801130.SI,20250429,1.62
801130.SI,20250430,1.62
801130.SI,20250506,1.66
801130.SI,20250507,1.67
801130.SI,20250508,1.66
801130.SI,20250509,1.67
801130.SI,20250512,1.68
801130.SI,20250513,1.69
801130.SI,20250514,1.69
801130.SI,20250515,1.69
801130.SI,20250516,1.69
801130.SI,20250519,1.71
801130.SI,20250520,1.73
801130.SI,20250521,1.73
801130.SI,20250522,1.72
801130.SI,20250523,1.69
801130.SI,20250526,1.69
801130.SI,20250527,1.71
801130.SI,20250528,1.73
801130.SI,20250529,1.74
801130.SI,20250530,1.72
801130.SI,20250603,1.76
801130.SI,20250604,1.8
801130.SI,20250605,1.77
801130.SI,20250606,1.76
801130.SI,20250609,1.79
801130.SI,20250610,1.77
801130.SI,20250611,1.79
801130.SI,20250612,1.79
801130.SI,20250613,1.76
801130.SI,20250616,1.75
801130.SI,20250617,1.74
801130.SI,20250618,1.72
801130.SI,20250619,1.68
801130.SI,20250620,1.67
801130.SI,20250623,1.69
801130.SI,20250624,1.71
801130.SI,20250625,1.72
801130.SI,20250626,1.72
801130.SI,20250627,1.74
801130.SI,20250630,1.77
801130.SI,20250701,1.78
801130.SI,20250702,1.76
801130.SI,20250703,1.78
801130.SI,20250704,1.77
801130.SI,20250707,1.78
801130.SI,20250708,1.8
801130.SI,20250709,1.81
801130.SI,20250710,1.8
801130.SI,20250711,1.79
801130.SI,20250714,1.81
801130.SI,20250715,1.78
801130.SI,20250716,1.79
801130.SI,20250717,1.8
801130.SI,20250718,1.8
801130.SI,20250721,1.81
801130.SI,20250722,1.81
801130.SI,20250723,1.8
801130.SI,20250724,1.82
801130.SI,20250725,1.82
801130.SI,20250728,1.81
801130.SI,20250729,1.8
801130.SI,20250730,1.81
801130.SI,20250731,1.78
801130.SI,20250801,1.78
801130.SI,20250804,1.81
801130.SI,20250805,1.82
801130.SI,20250806,1.84
801130.SI,20250807,1.86
801130.SI,20250808,1.86
801130.SI,20250811,1.86
801130.SI,20250812,1.86
801130.SI,20250813,1.86
801130.SI,20250814,1.83
801130.SI,20250815,1.84
801130.SI,20250818,1.85
801130.SI,20250819,1.86
801130.SI,20250820,1.88
801130.SI,20250821,1.89
801130.SI,20250822,1.9
801130.SI,20250825,1.9
801130.SI,20250826,1.92
801130.SI,20250827,1.86
801130.SI,20250828,1.86
801130.SI,20250829,1.85
801130.SI,20250901,1.87
801130.SI,20250902,1.86
801130.SI,20250903,1.84
801130.SI,20250904,1.85
801130.SI,20250905,1.87
801130.SI,20250908,1.89
801130.SI,20250909,1.89
801130.SI,20250910,1.89
801130.SI,20250911,1.89
801130.SI,20250912,1.89
801130.SI,20250915,1.87
801130.SI,20250916,1.9
801130.SI,20250917,1.9
801130.SI,20250918,1.87
801130.SI,20250919,1.88
801130.SI,20250922,1.87
801130.SI,20250923,1.86
801130.SI,20250924,1.87
801130.SI,20250925,1.84
801130.SI,20250926,1.83
801130.SI,20250929,1.84
801130.SI,20250930,1.83
801130.SI,20251009,1.84
801130.SI,20251010,1.86
801130.SI,20251013,1.85
801130.SI,20251014,1.86
801130.SI,20251015,1.89
801130.SI,20251016,1.87
801130.SI,20251017,1.86
801130.SI,20251020,1.86
801130.SI,20251021,1.89
801130.SI,20251022,1.88
801130.SI,20251023,1.88
801130.SI,20251024,1.86
801130.SI,20251027,1.87
801130.SI,20251028,1.87
801130.SI,20251029,1.85
801130.SI,20251030,1.84
801130.SI,20251031,1.86
801130.SI,20251103,1.87
801130.SI,20251104,1.87
801130.SI,20251105,1.88
801130.SI,20251106,1.87
801130.SI,20251107,1.88
801130.SI,20251110,1.91
801130.SI,20251111,1.92
801130.SI,20251112,1.93
801130.SI,20251113,1.96
801130.SI,20251114,1.96
801130.SI,20251117,1.97
801130.SI,20251118,1.96
801130.SI,20251119,1.95
801130.SI,20251120,1.94
801130.SI,20251121,1.87
801130.SI,20251124,1.87
801130.SI,20251125,1.89
801130.SI,20251126,1.9
801130.SI,20251127,1.9
801130.SI,20251128,1.92
801130.SI,20251201,1.92
801130.SI,20251202,1.91
801130.SI,20251203,1.9
801130.SI,20251204,1.87
801130.SI,20251205,1.89
801130.SI,20251208,1.89
801130.SI,20251209,1.88
801130.SI,20251210,1.89
801130.SI,20251211,1.84
801130.SI,20251212,1.84
801130.SI,20251215,1.84
801130.SI,20251216,1.82
801130.SI,20251217,1.83
801130.SI,20251218,1.84
801130.SI,20251219,1.88
801130.SI,20251222,1.87
801130.SI,20251223,1.86
801130.SI,20251224,1.87
801130.SI,20251225,1.89
801130.SI,20251226,1.89
801130.SI,20251229,1.88
801130.SI,20251230,1.89
801130.SI,20251231,1.9
801140.SI,20221010,1.82
801140.SI,20221011,1.8
801140.SI,20221012,1.83
801140.SI,20221013,1.83
801140.SI,20221014,1.87
801140.SI,20221017,1.88
801140.SI,20221018,1.88
801140.SI,20221019,1.86
801140.SI,20221020,1.84
801140.SI,20221021,1.84
801140.SI,20221024,1.8
801140.SI,20221025,1.79
801140.SI,20221026,1.82
801140.SI,20221027,1.83
801140.SI,20221028,1.76
801140.SI,20221031,1.73
801140.SI,20221101,1.78
801140.SI,20221102,1.81
801140.SI,20221103,1.8
801140.SI,20221104,1.83
801140.SI,20221107,1.86
801140.SI,20221108,1.85
801140.SI,20221109,1.87
801140.SI,20221110,1.86
801140.SI,20221111,1.91
801140.SI,20221114,1.92
801140.SI,20221115,1.95
801140.SI,20221116,1.94
801140.SI,20221117,1.94
801140.SI,20221118,1.93
801140.SI,20221121,1.92
801140.SI,20221122,1.92
801140.SI,20221123,1.91
801140.SI,20221124,1.92
801140.SI,20221125,1.93
801140.SI,20221128,1.92
801140.SI,20221129,1.97
801140.SI,20221130,1.95
801140.SI,20221201,1.98
801140.SI,20221202,2.0
801140.SI,20221205,2.03
801140.SI,20221206,2.01
801140.SI,20221207,2.01
801140.SI,20221208,2.01
801140.SI,20221209,2.04
801140.SI,20221212,2.01
801140.SI,20221213,2.04
801140.SI,20221214,2.05
801140.SI,20221215,2.03
801140.SI,20221216,2.03
801140.SI,20221219,2.0
801140.SI,20221220,1.97
801140.SI,20221221,1.98
801140.SI,20221222,1.98
801140.SI,20221223,1.97
801140.SI,20221226,1.98
801140.SI,20221227,2.0
801140.SI,20221228,1.99
801140.SI,20221229,1.97
801140.SI,20221230,1.99
801140.SI,20230103,2.0
801140.SI,20230104,2.05
801140.SI,20230105,2.06
801140.SI,20230106,2.06
801140.SI,20230109,2.06
801140.SI,20230110,2.06
801140.SI,20230111,2.06
801140.SI,20230112,2.05
801140.SI,20230113,2.08
801140.SI,20230116,2.09
801140.SI,20230117,2.08
801140.SI,20230118,2.07
801140.SI,20230119,2.06
801140.SI,20230120,2.06
801140.SI,20230130,2.08
801140.SI,20230131,2.08
801140.SI,20230201,2.1
801140.SI,20230202,2.11
801140.SI,20230203,2.11
801140.SI,20230206,2.1
801140.SI,20230207,2.1
801140.SI,20230208,2.1
801140.SI,20230209,2.12
801140.SI,20230210,2.15
801140.SI,20230213,2.19
801140.SI,20230214,2.21
801140.SI,20230215,2.21
801140.SI,20230216,2.16
801140.SI,20230217,2.15
801140.SI,20230220,2.22
801140.SI,20230221,2.22
801140.SI,20230222,2.24
801140.SI,20230223,2.22
801140.SI,20230224,2.23
801140.SI,20230227,2.21
801140.SI,20230228,2.22
801140.SI,20230301,2.24
801140.SI,20230302,2.24
801140.SI,20230303,2.22
801140.SI,20230306,2.2
801140.SI,20230307,2.15
801140.SI,20230308,2.16
801140.SI,20230309,2.14
801140.SI,20230310,2.11
801140.SI,20230313,2.11
801140.SI,20230314,2.07
801140.SI,20230315,2.1
801140.SI,20230316,2.07
801140.SI,20230317,2.07
801140.SI,20230320,2.06
801140.SI,20230321,2.11
801140.SI,20230322,2.12
801140.SI,20230323,2.12
801140.SI,20230324,2.11
801140.SI,20230327,2.09
801140.SI,20230328,2.08
801140.SI,20230329,2.06
801140.SI,20230330,2.07
801140.SI,20230331,2.07
801140.SI,20230403,2.11
801140.SI,20230404,2.09
801140.SI,20230406,2.07
801140.SI,20230407,2.09
801140.SI,20230410,2.06
801140.SI,20230411,2.07
801140.SI,20230412,2.05
801140.SI,20230413,2.04
801140.SI,20230414,2.03
801140.SI,20230417,2.03
801140.SI,20230418,2.04
801140.SI,20230419,2.01
801140.SI,20230420,2.0
801140.SI,20230421,1.96
801140.SI,20230424,1.94
801140.SI,20230425,1.92
801140.SI,20230426,1.93
801140.SI,20230427,1.95
801140.SI,20230428,1.95
801140.SI,20230504,1.97
801140.SI,20230505,1.96
801140.SI,20230508,1.96
801140.SI,20230509,1.94
801140.SI,20230510,1.95
801140.SI,20230511,1.95
801140.SI,20230512,1.95
801140.SI,20230515,1.96
801140.SI,20230516,1.94
801140.SI,20230517,1.93
801140.SI,20230518,1.93
801140.SI,20230519,1.94
801140.SI,20230522,1.95
801140.SI,20230523,1.93
801140.SI,20230524,1.91
801140.SI,20230525,1.91
801140.SI,20230526,1.9
801140.SI,20230529,1.9
801140.SI,20230530,1.9
801140.SI,20230531,1.89
801140.SI,20230601,1.89
801140.SI,20230602,1.93
801140.SI,20230605,1.92
801140.SI,20230606,1.92
801140.SI,20230607,1.92
801140.SI,20230608,1.93
801140.SI,20230609,1.92
801140.SI,20230612,1.96
801140.SI,20230613,1.96
801140.SI,20230614,1.96
801140.SI,20230615,1.97
801140.SI,20230616,1.97
801140.SI,20230619,1.95
801140.SI,20230620,1.93
801140.SI,20230621,1.91
801140.SI,20230626,1.88
801140.SI,20230627,1.94
801140.SI,20230628,1.94
801140.SI,20230629,1.93
801140.SI,20230630,1.95
801140.SI,20230703,1.97
801140.SI,20230704,1.97
801140.SI,20230705,1.95
801140.SI,20230706,1.94
801140.SI,20230707,1.93
801140.SI,20230710,1.93
801140.SI,20230711,1.94
801140.SI,20230712,1.91
801140.SI,20230713,1.93
801140.SI,20230714,1.92
801140.SI,20230717,1.92
801140.SI,20230718,1.94
801140.SI,20230719,1.96
801140.SI,20230720,1.95
801140.SI,20230721,1.95
801140.SI,20230724,1.95
801140.SI,20230725,2.01
801140.SI,20230726,2.01
801140.SI,20230727,1.99
801140.SI,20230728,2.03
801140.SI,20230731,2.06
801140.SI,20230801,2.04
801140.SI,20230802,2.05
801140.SI,20230803,2.05
801140.SI,20230804,2.04
801140.SI,20230807,2.02
801140.SI,20230808,2.01
801140.SI,20230809,1.99
801140.SI,20230810,1.99
801140.SI,20230811,1.96
801140.SI,20230814,1.97
801140.SI,20230815,1.98
801140.SI,20230816,1.98
801140.SI,20230817,2.0
801140.SI,20230818,1.97
801140.SI,20230821,1.96
801140.SI,20230822,1.96
801140.SI,20230823,1.91
801140.SI,20230824,1.9
801140.SI,20230825,1.88
801140.SI,20230828,1.91
801140.SI,20230829,1.95
801140.SI,20230830,1.98
801140.SI,20230831,1.95
801140.SI,20230901,1.99
801140.SI,20230904,2.04
801140.SI,20230905,2.02
801140.SI,20230906,2.01
801140.SI,20230907,1.98
801140.SI,20230908,1.97
801140.SI,20230911,1.97
801140.SI,20230912,1.96
801140.SI,20230913,1.95
801140.SI,20230914,1.93
801140.SI,20230915,1.95
801140.SI,20230918,1.97
801140.SI,20230919,1.95
801140.SI,20230920,1.94
801140.SI,20230921,1.94
801140.SI,20230922,1.95
801140.SI,20230925,1.93
801140.SI,20230926,1.92
801140.SI,20230927,1.93
801140.SI,20230928,1.94
801140.SI,20231009,1.91
801140.SI,20231010,1.9
801140.SI,20231011,1.9
801140.SI,20231012,1.91
801140.SI,20231013,1.89
801140.SI,20231016,1.9
801140.SI,20231017,1.9
801140.SI,20231018,1.86
801140.SI,20231019,1.85
801140.SI,20231020,1.84
801140.SI,20231023,1.8
801140.SI,20231024,1.84
801140.SI,20231025,1.86
801140.SI,20231026,1.84
801140.SI,20231027,1.87
801140.SI,20231030,1.89
801140.SI,20231031,1.88
801140.SI,20231101,1.88
801140.SI,20231102,1.87
801140.SI,20231103,1.88
801140.SI,20231106,1.89
801140.SI,20231107,1.9
801140.SI,20231108,1.9
801140.SI,20231109,1.89
801140.SI,20231110,1.89
801140.SI,20231113,1.9
801140.SI,20231114,1.9
801140.SI,20231115,1.9
801140.SI,20231116,1.9
801140.SI,20231117,1.9
801140.SI,20231120,1.92
801140.SI,20231121,1.93
801140.SI,20231122,1.91
801140.SI,20231123,1.92
801140.SI,20231124,1.9
801140.SI,20231127,1.89
801140.SI,20231128,1.9
801140.SI,20231129,1.89
801140.SI,20231130,1.88
801140.SI,20231201,1.89
801140.SI,20231204,1.88
801140.SI,20231205,1.85
801140.SI,20231206,1.85
801140.SI,20231207,1.85
801140.SI,20231208,1.82
801140.SI,20231211,1.83
801140.SI,20231212,1.86
801140.SI,20231213,1.84
801140.SI,20231214,1.84
801140.SI,20231215,1.84
801140.SI,20231218,1.82
801140.SI,20231219,1.82
801140.SI,20231220,1.8
801140.SI,20231221,1.82
801140.SI,20231222,1.8
801140.SI,20231225,1.79
801140.SI,20231226,1.77
801140.SI,20231227,1.77
801140.SI,20231228,1.81
801140.SI,20231229,1.83
801140.SI,20240102,1.84
801140.SI,20240103,1.83
801140.SI,20240104,1.83
801140.SI,20240105,1.82
801140.SI,20240108,1.79
801140.SI,20240109,1.8
801140.SI,20240110,1.79
801140.SI,20240111,1.81
801140.SI,20240112,1.8
801140.SI,20240115,1.8
801140.SI,20240116,1.8
801140.SI,20240117,1.77
801140.SI,20240118,1.75
801140.SI,20240119,1.75
801140.SI,20240122,1.66
801140.SI,20240123,1.67
801140.SI,20240124,1.7
801140.SI,20240125,1.75
801140.SI,20240126,1.75
801140.SI,20240129,1.71
801140.SI,20240130,1.65
801140.SI,20240131,1.58
801140.SI,20240201,1.56
801140.SI,20240202,1.51
801140.SI,20240205,1.43
801140.SI,20240206,1.46
801140.SI,20240207,1.47
801140.SI,20240208,1.53
801140.SI,20240219,1.55
801140.SI,20240220,1.58
801140.SI,20240221,1.6
801140.SI,20240222,1.62
801140.SI,20240223,1.65
801140.SI,20240226,1.67
801140.SI,20240227,1.7
801140.SI,20240228,1.63
801140.SI,20240229,1.67
801140.SI,20240301,1.67
801140.SI,20240304,1.66
801140.SI,20240305,1.64
801140.SI,20240306,1.66
801140.SI,20240307,1.65
801140.SI,20240308,1.66
801140.SI,20240311,1.69
801140.SI,20240312,1.73
801140.SI,20240313,1.72
801140.SI,20240314,1.72
801140.SI,20240315,1.74
801140.SI,20240318,1.76
801140.SI,20240319,1.75
801140.SI,20240320,1.76
801140.SI,20240321,1.76
801140.SI,20240322,1.75
801140.SI,20240325,1.74
801140.SI,20240326,1.73
801140.SI,20240327,1.69
801140.SI,20240328,1.72
801140.SI,20240329,1.73
801140.SI,20240401,1.77
801140.SI,20240402,1.78
801140.SI,20240403,1.78
801140.SI,20240408,1.74
801140.SI,20240409,1.76
801140.SI,20240410,1.73
801140.SI,20240411,1.72
801140.SI,20240412,1.7
801140.SI,20240415,1.65
801140.SI,20240416,1.58
801140.SI,20240417,1.64
801140.SI,20240418,1.64
801140.SI,20240419,1.63
801140.SI,20240422,1.62
801140.SI,20240423,1.62
801140.SI,20240424,1.63
801140.SI,20240425,1.64
801140.SI,20240426,1.66
801140.SI,20240429,1.7
801140.SI,20240430,1.68
801140.SI,20240506,1.73
801140.SI,20240507,1.73
801140.SI,20240508,1.71
801140.SI,20240509,1.74
801140.SI,20240510,1.74
801140.SI,20240513,1.71
801140.SI,20240514,1.74
801140.SI,20240515,1.75
801140.SI,20240516,1.76
801140.SI,20240517,1.79
801140.SI,20240520,1.77
801140.SI,20240521,1.75
801140.SI,20240522,1.74
801140.SI,20240523,1.71
801140.SI,20240524,1.69
801140.SI,20240527,1.69
801140.SI,20240528,1.66
801140.SI,20240529,1.66
801140.SI,20240530,1.64
801140.SI,20240531,1.64
801140.SI,20240603,1.61
801140.SI,20240604,1.61
801140.SI,20240605,1.58
801140.SI,20240606,1.53
801140.SI,20240607,1.55
801140.SI,20240611,1.54
801140.SI,20240612,1.55
801140.SI,20240613,1.53
801140.SI,20240614,1.54
801140.SI,20240617,1.51
801140.SI,20240618,1.52
801140.SI,20240619,1.51
801140.SI,20240620,1.47
801140.SI,20240621,1.47
801140.SI,20240624,1.43
801140.SI,20240625,1.45
801140.SI,20240626,1.47
801140.SI,20240627,1.44
801140.SI,20240628,1.44
801140.SI,20240701,1.46
801140.SI,20240702,1.46
801140.SI,20240703,1.45
801140.SI,20240704,1.42
801140.SI,20240705,1.43
801140.SI,20240708,1.39
801140.SI,20240709,1.39
801140.SI,20240710,1.38
801140.SI,20240711,1.42
801140.SI,20240712,1.42
801140.SI,20240715,1.39
801140.SI,20240716,1.38
801140.SI,20240717,1.38
801140.SI,20240718,1.38
801140.SI,20240719,1.37
801140.SI,20240722,1.37
801140.SI,20240723,1.34
801140.SI,20240724,1.31
801140.SI,20240725,1.31
801140.SI,20240726,1.33
801140.SI,20240729,1.33
801140.SI,20240730,1.33
801140.SI,20240731,1.38
801140.SI,20240801,1.36
801140.SI,20240802,1.35
801140.SI,20240805,1.33
801140.SI,20240806,1.36
801140.SI,20240807,1.35
801140.SI,20240808,1.37
801140.SI,20240809,1.36
801140.SI,20240812,1.35
801140.SI,20240813,1.35
801140.SI,20240814,1.34
801140.SI,20240815,1.35
801140.SI,20240816,1.33
801140.SI,20240819,1.33
801140.SI,20240820,1.31
801140.SI,20240821,1.31
801140.SI,20240822,1.3
801140.SI,20240823,1.29
801140.SI,20240826,1.31
801140.SI,20240827,1.28
801140.SI,20240828,1.29
801140.SI,20240829,1.31
801140.SI,20240830,1.33
801140.SI,20240902,1.32
801140.SI,20240903,1.33
801140.SI,20240904,1.32
801140.SI,20240905,1.33
801140.SI,20240906,1.31
801140.SI,20240909,1.3
801140.SI,20240910,1.3
801140.SI,20240911,1.3
801140.SI,20240912,1.29
801140.SI,20240913,1.28
801140.SI,20240918,1.27
801140.SI,20240919,1.31
801140.SI,20240920,1.3
801140.SI,20240923,1.32
801140.SI,20240924,1.37
801140.SI,20240925,1.38
801140.SI,20240926,1.45
801140.SI,20240927,1.52
801140.SI,20240930,1.65
801140.SI,20241008,1.69
801140.SI,20241009,1.56
801140.SI,20241010,1.57
801140.SI,20241011,1.54
801140.SI,20241014,1.58
801140.SI,20241015,1.55
801140.SI,20241016,1.55
801140.SI,20241017,1.53
801140.SI,20241018,1.56
801140.SI,20241021,1.59
801140.SI,20241022,1.62
801140.SI,20241023,1.63
801140.SI,20241024,1.63
801140.SI,20241025,1.68
801140.SI,20241028,1.72
801140.SI,20241029,1.68
801140.SI,20241030,1.67
801140.SI,20241031,1.69
801140.SI,20241101,1.66
801140.SI,20241104,1.67
801140.SI,20241105,1.7
801140.SI,20241106,1.73
801140.SI,20241107,1.78
801140.SI,20241108,1.78
801140.SI,20241111,1.79
801140.SI,20241112,1.79
801140.SI,20241113,1.78
801140.SI,20241114,1.75
801140.SI,20241115,1.71
801140.SI,20241118,1.68
801140.SI,20241119,1.71
801140.SI,20241120,1.74
801140.SI,20241121,1.75
801140.SI,20241122,1.71
801140.SI,20241125,1.73
801140.SI,20241126,1.74
801140.SI,20241127,1.78
801140.SI,20241128,1.77
801140.SI,20241129,1.79
801140.SI,20241202,1.83
801140.SI,20241203,1.82
801140.SI,20241204,1.79
801140.SI,20241205,1.79
801140.SI,20241206,1.81
801140.SI,20241209,1.81
801140.SI,20241210,1.82
801140.SI,20241211,1.87
801140.SI,20241212,1.91
801140.SI,20241213,1.88
801140.SI,20241216,1.86
801140.SI,20241217,1.8
801140.SI,20241218,1.8
801140.SI,20241219,1.78
801140.SI,20241220,1.78
801140.SI,20241223,1.72
801140.SI,20241224,1.73
801140.SI,20241225,1.7
801140.SI,20241226,1.72
801140.SI,20241227,1.74
801140.SI,20241230,1.72
801140.SI,20241231,1.7
801140.SI,20250102,1.68
801140.SI,20250103,1.63
801140.SI,20250106,1.61
801140.SI,20250107,1.63
801140.SI,20250108,1.63
801140.SI,20250109,1.63
801140.SI,20250110,1.58
801140.SI,20250113,1.58
801140.SI,20250114,1.63
801140.SI,20250115,1.63
801140.SI,20250116,1.64
801140.SI,20250117,1.63
801140.SI,20250120,1.65
801140.SI,20250121,1.65
801140.SI,20250122,1.62
801140.SI,20250123,1.62
801140.SI,20250124,1.63
801140.SI,20250127,1.64
801140.SI,20250205,1.64
801140.SI,20250206,1.65
801140.SI,20250207,1.68
801140.SI,20250210,1.7
801140.SI,20250211,1.71
801140.SI,20250212,1.72
801140.SI,20250213,1.71
801140.SI,20250214,1.7
801140.SI,20250217,1.73
801140.SI,20250218,1.67
801140.SI,20250219,1.69
801140.SI,20250220,1.7
801140.SI,20250221,1.69
801140.SI,20250224,1.7
801140.SI,20250225,1.68
801140.SI,20250226,1.7
801140.SI,20250227,1.72
801140.SI,20250228,1.7
801140.SI,20250303,1.7
801140.SI,20250304,1.7
801140.SI,20250305,1.7
801140.SI,20250306,1.72
801140.SI,20250307,1.72
801140.SI,20250310,1.73
801140.SI,20250311,1.73
801140.SI,20250312,1.73
801140.SI,20250313,1.72
801140.SI,20250314,1.76
801140.SI,20250317,1.77
801140.SI,20250318,1.77
801140.SI,20250319,1.76
801140.SI,20250320,1.75
801140.SI,20250321,1.73
801140.SI,20250324,1.7
801140.SI,20250325,1.7
801140.SI,20250326,1.71
801140.SI,20250327,1.72
801140.SI,20250328,1.7
801140.SI,20250331,1.67
801140.SI,20250401,1.72
801140.SI,20250402,1.72
801140.SI,20250403,1.71
801140.SI,20250407,1.55
801140.SI,20250408,1.55
801140.SI,20250409,1.57
801140.SI,20250410,1.61
801140.SI,20250411,1.61
801140.SI,20250414,1.64
801140.SI,20250415,1.64
801140.SI,20250416,1.62
801140.SI,20250417,1.64
801140.SI,20250418,1.63
801140.SI,20250421,1.66
801140.SI,20250422,1.67
801140.SI,20250423,1.66
801140.SI,20250424,1.66
801140.SI,20250425,1.66
801140.SI,20250428,1.64
801140.SI,20250429,1.64
801140.SI,20250430,1.62
801140.SI,20250506,1.66
801140.SI,20250507,1.67
801140.SI,20250508,1.68
801140.SI,20250509,1.67
801140.SI,20250512,1.68
801140.SI,20250513,1.69
801140.SI,20250514,1.68
801140.SI,20250515,1.68
801140.SI,20250516,1.68
801140.SI,20250519,1.7
801140.SI,20250520,1.72
801140.SI,20250521,1.71
801140.SI,20250522,1.7
801140.SI,20250523,1.69
801140.SI,20250526,1.71
801140.SI,20250527,1.72
801140.SI,20250528,1.72
801140.SI,20250529,1.73
801140.SI,20250530,1.7
801140.SI,20250603,1.71
801140.SI,20250604,1.74
801140.SI,20250605,1.74
801140.SI,20250606,1.74
801140.SI,20250609,1.76
801140.SI,20250610,1.75
801140.SI,20250611,1.76
801140.SI,20250612,1.76
801140.SI,20250613,1.73
801140.SI,20250616,1.74
801140.SI,20250617,1.73
801140.SI,20250618,1.71
801140.SI,20250619,1.67
801140.SI,20250620,1.68
801140.SI,20250623,1.69
801140.SI,20250624,1.73
801140.SI,20250625,1.74
801140.SI,20250626,1.73
801140.SI,20250627,1.74
801140.SI,20250630,1.76
801140.SI,20250701,1.76
801140.SI,20250702,1.76
801140.SI,20250703,1.76
801140.SI,20250704,1.74
801140.SI,20250707,1.77
801140.SI,20250708,1.78
801140.SI,20250709,1.78
801140.SI,20250710,1.78
801140.SI,20250711,1.78
801140.SI,20250714,1.79
801140.SI,20250715,1.76
801140.SI,20250716,1.78
801140.SI,20250717,1.79
801140.SI,20250718,1.78
801140.SI,20250721,1.8
801140.SI,20250722,1.8
801140.SI,20250723,1.79
801140.SI,20250724,1.81
801140.SI,20250725,1.81
801140.SI,20250728,1.82
801140.SI,20250729,1.81
801140.SI,20250730,1.8
801140.SI,20250731,1.77
801140.SI,20250801,1.79
801140.SI,20250804,1.8
801140.SI,20250805,1.81
801140.SI,20250806,1.83
801140.SI,20250807,1.83
801140.SI,20250808,1.84
801140.SI,20250811,1.86
801140.SI,20250812,1.86
801140.SI,20250813,1.86
801140.SI,20250814,1.85
801140.SI,20250815,1.86
801140.SI,20250818,1.87
801140.SI,20250819,1.88
801140.SI,20250820,1.9
801140.SI,20250821,1.91
801140.SI,20250822,1.91
801140.SI,20250825,1.93
801140.SI,20250826,1.94
801140.SI,20250827,1.91
801140.SI,20250828,1.91
801140.SI,20250829,1.93
801140.SI,20250901,1.95
801140.SI,20250902,1.93
801140.SI,20250903,1.9
801140.SI,20250904,1.91
801140.SI,20250905,1.95
801140.SI,20250908,1.98
801140.SI,20250909,1.99
801140.SI,20250910,1.99
801140.SI,20250911,2.0
801140.SI,20250912,1.99
801140.SI,20250915,1.99
801140.SI,20250916,2.0
801140.SI,20250917,2.01
801140.SI,20250918,1.98
801140.SI,20250919,1.98
801140.SI,20250922,1.96
801140.SI,20250923,1.93
801140.SI,20250924,1.95
801140.SI,20250925,1.93
801140.SI,20250926,1.93
801140.SI,20250929,1.94
801140.SI,20250930,1.94
801140.SI,20251009,1.94
801140.SI,20251010,1.95
801140.SI,20251013,1.95
801140.SI,20251014,1.95
801140.SI,20251015,1.97
801140.SI,20251016,1.95
801140.SI,20251017,1.91
801140.SI,20251020,1.93
801140.SI,20251021,1.96
801140.SI,20251022,1.96
801140.SI,20251023,1.96
801140.SI,20251024,1.96
801140.SI,20251027,1.97
801140.SI,20251028,1.95
801140.SI,20251029,1.96
801140.SI,20251030,1.93
801140.SI,20251031,1.95
801140.SI,20251103,1.95
801140.SI,20251104,1.95
801140.SI,20251105,1.97
801140.SI,20251106,1.97
801140.SI,20251107,1.97
801140.SI,20251110,2.01
801140.SI,20251111,2.01
801140.SI,20251112,2.01
801140.SI,20251113,2.03
801140.SI,20251114,2.03
801140.SI,20251117,2.02
801140.SI,20251118,2.0
801140.SI,20251119,1.98
801140.SI,20251120,1.98
801140.SI,20251121,1.92
801140.SI,20251124,1.94
801140.SI,20251125,1.97
801140.SI,20251126,1.96
801140.SI,20251127,1.98
801140.SI,20251128,2.0
801140.SI,20251201,2.02
801140.SI,20251202,2.03
801140.SI,20251203,2.03
801140.SI,20251204,2.02
801140.SI,20251205,2.04
801140.SI,20251208,2.05
801140.SI,20251209,2.04
801140.SI,20251210,2.05
801140.SI,20251211,2.02
801140.SI,20251212,2.02
801140.SI,20251215,2.02
801140.SI,20251216,1.99
801140.SI,20251217,1.99
801140.SI,20251218,2.01
801140.SI,20251219,2.06
801140.SI,20251222,2.05
801140.SI,20251223,2.04
801140.SI,20251224,2.07
801140.SI,20251225,2.11
801140.SI,20251226,2.1
801140.SI,20251229,2.09
801140.SI,20251230,2.09
801140.SI,20251231,2.08
801150.SI,20221010,2.87
801150.SI,20221011,2.85
801150.SI,20221012,2.87
801150.SI,20221013,2.95
801150.SI,20221014,3.16
801150.SI,20221017,3.19
801150.SI,20221018,3.25
801150.SI,20221019,3.19
801150.SI,20221020,3.2
801150.SI,20221021,3.2
801150.SI,20221024,3.09
801150.SI,20221025,3.02
801150.SI,20221026,3.15
801150.SI,20221027,3.14
801150.SI,20221028,3.03
801150.SI,20221031,3.01
801150.SI,20221101,3.09
801150.SI,20221102,3.13
801150.SI,20221103,3.12
801150.SI,20221104,3.17
801150.SI,20221107,3.17
801150.SI,20221108,3.15
801150.SI,20221109,3.18
801150.SI,20221110,3.16
801150.SI,20221111,3.16
801150.SI,20221114,3.27
801150.SI,20221115,3.29
801150.SI,20221116,3.28
801150.SI,20221117,3.31
801150.SI,20221118,3.35
801150.SI,20221121,3.35
801150.SI,20221122,3.25
801150.SI,20221123,3.17
801150.SI,20221124,3.22
801150.SI,20221125,3.19
801150.SI,20221128,3.16
801150.SI,20221129,3.25
801150.SI,20221130,3.23
801150.SI,20221201,3.23
801150.SI,20221202,3.23
801150.SI,20221205,3.24
801150.SI,20221206,3.2
801150.SI,20221207,3.25
801150.SI,20221208,3.25
801150.SI,20221209,3.27
801150.SI,20221212,3.33
801150.SI,20221213,3.31
801150.SI,20221214,3.25
801150.SI,20221215,3.24
801150.SI,20221216,3.28
801150.SI,20221219,3.15
801150.SI,20221220,3.1
801150.SI,20221221,3.1
801150.SI,20221222,3.08
801150.SI,20221223,3.11
801150.SI,20221226,3.11
801150.SI,20221227,3.09
801150.SI,20221228,3.1
801150.SI,20221229,3.15
801150.SI,20221230,3.14
801150.SI,20230103,3.18
801150.SI,20230104,3.19
801150.SI,20230105,3.25
801150.SI,20230106,3.22
801150.SI,20230109,3.24
801150.SI,20230110,3.28
801150.SI,20230111,3.26
801150.SI,20230112,3.25
801150.SI,20230113,3.32
801150.SI,20230116,3.4
801150.SI,20230117,3.37
801150.SI,20230118,3.35
801150.SI,20230119,3.4
801150.SI,20230120,3.41
801150.SI,20230130,3.38
801150.SI,20230131,3.33
801150.SI,20230201,3.36
801150.SI,20230202,3.39
801150.SI,20230203,3.36
801150.SI,20230206,3.32
801150.SI,20230207,3.31
801150.SI,20230208,3.32
801150.SI,20230209,3.35
801150.SI,20230210,3.35
801150.SI,20230213,3.37
801150.SI,20230214,3.39
801150.SI,20230215,3.35
801150.SI,20230216,3.33
801150.SI,20230217,3.34
801150.SI,20230220,3.38
801150.SI,20230221,3.37
801150.SI,20230222,3.36
801150.SI,20230223,3.34
801150.SI,20230224,3.31
801150.SI,20230227,3.28
801150.SI,20230228,3.34
801150.SI,20230301,3.34
801150.SI,20230302,3.31
801150.SI,20230303,3.31
801150.SI,20230306,3.32
801150.SI,20230307,3.27
801150.SI,20230308,3.25
801150.SI,20230309,3.26
801150.SI,20230310,3.25
801150.SI,20230313,3.26
801150.SI,20230314,3.23
801150.SI,20230315,3.26
801150.SI,20230316,3.24
801150.SI,20230317,3.19
801150.SI,20230320,3.14
801150.SI,20230321,3.21
801150.SI,20230322,3.22
801150.SI,20230323,3.21
801150.SI,20230324,3.18
801150.SI,20230327,3.21
801150.SI,20230328,3.22
801150.SI,20230329,3.19
801150.SI,20230330,3.19
801150.SI,20230331,3.2
801150.SI,20230403,3.17
801150.SI,20230404,3.2
801150.SI,20230406,3.22
801150.SI,20230407,3.28
801150.SI,20230410,3.28
801150.SI,20230411,3.28
801150.SI,20230412,3.26
801150.SI,20230413,3.31
801150.SI,20230414,3.3
801150.SI,20230417,3.31
801150.SI,20230418,3.27
801150.SI,20230419,3.23
801150.SI,20230420,3.19
801150.SI,20230421,3.15
801150.SI,20230424,3.14
801150.SI,20230425,3.05
801150.SI,20230426,3.05
801150.SI,20230427,3.11
801150.SI,20230428,3.09
801150.SI,20230504,3.13
801150.SI,20230505,3.07
801150.SI,20230508,3.06
801150.SI,20230509,3.02
801150.SI,20230510,3.02
801150.SI,20230511,3.0
801150.SI,20230512,3.0
801150.SI,20230515,3.03
801150.SI,20230516,3.05
801150.SI,20230517,3.04
801150.SI,20230518,3.02
801150.SI,20230519,3.06
801150.SI,20230522,3.07
801150.SI,20230523,3.08
801150.SI,20230524,3.04
801150.SI,20230525,3.02
801150.SI,20230526,3.06
801150.SI,20230529,3.06
801150.SI,20230530,3.03
801150.SI,20230531,3.01
801150.SI,20230601,2.99
801150.SI,20230602,2.99
801150.SI,20230605,3.0
801150.SI,20230606,2.94
801150.SI,20230607,2.92
801150.SI,20230608,2.89
801150.SI,20230609,2.91
801150.SI,20230612,2.9
801150.SI,20230613,2.89
801150.SI,20230614,2.89
801150.SI,20230615,2.93
801150.SI,20230616,2.94
801150.SI,20230619,2.92
801150.SI,20230620,2.9
801150.SI,20230621,2.84
801150.SI,20230626,2.82
801150.SI,20230627,2.84
801150.SI,20230628,2.83
801150.SI,20230629,2.84
801150.SI,20230630,2.87
801150.SI,20230703,2.87
801150.SI,20230704,2.87
801150.SI,20230705,2.86
801150.SI,20230706,2.83
801150.SI,20230707,2.83
801150.SI,20230710,2.84
801150.SI,20230711,2.86
801150.SI,20230712,2.83
801150.SI,20230713,2.87
801150.SI,20230714,2.86
801150.SI,20230717,2.84
801150.SI,20230718,2.83
801150.SI,20230719,2.82
801150.SI,20230720,2.81
801150.SI,20230721,2.83
801150.SI,20230724,2.85
801150.SI,20230725,2.87
801150.SI,20230726,2.89
801150.SI,20230727,2.89
801150.SI,20230728,2.91
801150.SI,20230731,2.87
801150.SI,20230801,2.85
801150.SI,20230802,2.81
801150.SI,20230803,2.86
801150.SI,20230804,2.84
801150.SI,20230807,2.76
801150.SI,20230808,2.78
801150.SI,20230809,2.82
801150.SI,20230810,2.81
801150.SI,20230811,2.79
801150.SI,20230814,2.8
801150.SI,20230815,2.8
801150.SI,20230816,2.79
801150.SI,20230817,2.8
801150.SI,20230818,2.73
801150.SI,20230821,2.7
801150.SI,20230822,2.68
801150.SI,20230823,2.64
801150.SI,20230824,2.68
801150.SI,20230825,2.66
801150.SI,20230828,2.67
801150.SI,20230829,2.73
801150.SI,20230830,2.73
801150.SI,20230831,2.73
801150.SI,20230901,2.72
801150.SI,20230904,2.73
801150.SI,20230905,2.72
801150.SI,20230906,2.69
801150.SI,20230907,2.65
801150.SI,20230908,2.66
801150.SI,20230911,2.73
801150.SI,20230912,2.74
801150.SI,20230913,2.71
801150.SI,20230914,2.72
801150.SI,20230915,2.77
801150.SI,20230918,2.8
801150.SI,20230919,2.79
801150.SI,20230920,2.78
801150.SI,20230921,2.75
801150.SI,20230922,2.78
801150.SI,20230925,2.82
801150.SI,20230926,2.8
801150.SI,20230927,2.86
801150.SI,20230928,2.85
801150.SI,20231009,2.85
801150.SI,20231010,2.81
801150.SI,20231011,2.86
801150.SI,20231012,2.88
801150.SI,20231013,2.91
801150.SI,20231016,2.87
801150.SI,20231017,2.85
801150.SI,20231018,2.8
801150.SI,20231019,2.74
801150.SI,20231020,2.7
801150.SI,20231023,2.67
801150.SI,20231024,2.69
801150.SI,20231025,2.67
801150.SI,20231026,2.68
801150.SI,20231027,2.79
801150.SI,20231030,2.84
801150.SI,20231031,2.82
801150.SI,20231101,2.82
801150.SI,20231102,2.8
801150.SI,20231103,2.81
801150.SI,20231106,2.86
801150.SI,20231107,2.85
801150.SI,20231108,2.88
801150.SI,20231109,2.85
801150.SI,20231110,2.85
801150.SI,20231113,2.83
801150.SI,20231114,2.84
801150.SI,20231115,2.85
801150.SI,20231116,2.82
801150.SI,20231117,2.85
801150.SI,20231120,2.88
801150.SI,20231121,2.88
801150.SI,20231122,2.85
801150.SI,20231123,2.88
801150.SI,20231124,2.89
801150.SI,20231127,2.86
801150.SI,20231128,2.9
801150.SI,20231129,2.88
801150.SI,20231130,2.9
801150.SI,20231201,2.9
801150.SI,20231204,2.85
801150.SI,20231205,2.83
801150.SI,20231206,2.83
801150.SI,20231207,2.8
801150.SI,20231208,2.82
801150.SI,20231211,2.84
801150.SI,20231212,2.83
801150.SI,20231213,2.83
801150.SI,20231214,2.81
801150.SI,20231215,2.77
801150.SI,20231218,2.77
801150.SI,20231219,2.75
801150.SI,20231220,2.73
801150.SI,20231221,2.74
801150.SI,20231222,2.71
801150.SI,20231225,2.72
801150.SI,20231226,2.7
801150.SI,20231227,2.71
801150.SI,20231228,2.74
801150.SI,20231229,2.76
801150.SI,20240102,2.76
801150.SI,20240103,2.75
801150.SI,20240104,2.74
801150.SI,20240105,2.68
801150.SI,20240108,2.64
801150.SI,20240109,2.64
801150.SI,20240110,2.62
801150.SI,20240111,2.64
801150.SI,20240112,2.61
801150.SI,20240115,2.62
801150.SI,20240116,2.61
801150.SI,20240117,2.54
801150.SI,20240118,2.55
801150.SI,20240119,2.54
801150.SI,20240122,2.43
801150.SI,20240123,2.45
801150.SI,20240124,2.47
801150.SI,20240125,2.52
801150.SI,20240126,2.47
801150.SI,20240129,2.42
801150.SI,20240130,2.36
801150.SI,20240131,2.26
801150.SI,20240201,2.27
801150.SI,20240202,2.18
801150.SI,20240205,2.15
801150.SI,20240206,2.31
801150.SI,20240207,2.38
801150.SI,20240208,2.41
801150.SI,20240219,2.41
801150.SI,20240220,2.43
801150.SI,20240221,2.44
801150.SI,20240222,2.45
801150.SI,20240223,2.46
801150.SI,20240226,2.47
801150.SI,20240227,2.5
801150.SI,20240228,2.45
801150.SI,20240229,2.5
801150.SI,20240301,2.5
801150.SI,20240304,2.55
801150.SI,20240305,2.52
801150.SI,20240306,2.51
801150.SI,20240307,2.44
801150.SI,20240308,2.45
801150.SI,20240311,2.51
801150.SI,20240312,2.56
801150.SI,20240313,2.55
801150.SI,20240314,2.55
801150.SI,20240315,2.55
801150.SI,20240318,2.58
801150.SI,20240319,2.54
801150.SI,20240320,2.55
801150.SI,20240321,2.53
801150.SI,20240322,2.49
801150.SI,20240325,2.46
801150.SI,20240326,2.45
801150.SI,20240327,2.42
801150.SI,20240328,2.43
801150.SI,20240329,2.43
801150.SI,20240401,2.48
801150.SI,20240402,2.45
801150.SI,20240403,2.45
801150.SI,20240408,2.39
801150.SI,20240409,2.44
801150.SI,20240410,2.4
801150.SI,20240411,2.39
801150.SI,20240412,2.37
801150.SI,20240415,2.38
801150.SI,20240416,2.32
801150.SI,20240417,2.37
801150.SI,20240418,2.35
801150.SI,20240419,2.34
801150.SI,20240422,2.35
801150.SI,20240423,2.36
801150.SI,20240424,2.36
801150.SI,20240425,2.37
801150.SI,20240426,2.4
801150.SI,20240429,2.45
801150.SI,20240430,2.46
801150.SI,20240506,2.66
801150.SI,20240507,2.67
801150.SI,20240508,2.65
801150.SI,20240509,2.68
801150.SI,20240510,2.65
801150.SI,20240513,2.63
801150.SI,20240514,2.65
801150.SI,20240515,2.61
801150.SI,20240516,2.6
801150.SI,20240517,2.6
801150.SI,20240520,2.6
801150.SI,20240521,2.57
801150.SI,20240522,2.56
801150.SI,20240523,2.52
801150.SI,20240524,2.5
801150.SI,20240527,2.51
801150.SI,20240528,2.49
801150.SI,20240529,2.48
801150.SI,20240530,2.47
801150.SI,20240531,2.48
801150.SI,20240603,2.46
801150.SI,20240604,2.49
801150.SI,20240605,2.48
801150.SI,20240606,2.44
801150.SI,20240607,2.44
801150.SI,20240611,2.46
801150.SI,20240612,2.46
801150.SI,20240613,2.44
801150.SI,20240614,2.42
801150.SI,20240617,2.42
801150.SI,20240618,2.41
801150.SI,20240619,2.38
801150.SI,20240620,2.34
801150.SI,20240621,2.35
801150.SI,20240624,2.3
801150.SI,20240625,2.29
801150.SI,20240626,2.34
801150.SI,20240627,2.29
801150.SI,20240628,2.27
801150.SI,20240701,2.29
801150.SI,20240702,2.27
801150.SI,20240703,2.25
801150.SI,20240704,2.21
801150.SI,20240705,2.28
801150.SI,20240708,2.21
801150.SI,20240709,2.22
801150.SI,20240710,2.21
801150.SI,20240711,2.27
801150.SI,20240712,2.27
801150.SI,20240715,2.25
801150.SI,20240716,2.24
801150.SI,20240717,2.27
801150.SI,20240718,2.3
801150.SI,20240719,2.31
801150.SI,20240722,2.32
801150.SI,20240723,2.24
801150.SI,20240724,2.21
801150.SI,20240725,2.21
801150.SI,20240726,2.21
801150.SI,20240729,2.18
801150.SI,20240730,2.18
801150.SI,20240731,2.28
801150.SI,20240801,2.26
801150.SI,20240802,2.28
801150.SI,20240805,2.27
801150.SI,20240806,2.31
801150.SI,20240807,2.29
801150.SI,20240808,2.31
801150.SI,20240809,2.27
801150.SI,20240812,2.3
801150.SI,20240813,2.29
801150.SI,20240814,2.25
801150.SI,20240815,2.27
801150.SI,20240816,2.28
801150.SI,20240819,2.26
801150.SI,20240820,2.22
801150.SI,20240821,2.2
801150.SI,20240822,2.18
801150.SI,20240823,2.17
801150.SI,20240826,2.16
801150.SI,20240827,2.16
801150.SI,20240828,2.17
801150.SI,20240829,2.2
801150.SI,20240830,2.22
801150.SI,20240902,2.18
801150.SI,20240903,2.2
801150.SI,20240904,2.2
801150.SI,20240905,2.22
801150.SI,20240906,2.18
801150.SI,20240909,2.18
801150.SI,20240910,2.16
801150.SI,20240911,2.17
801150.SI,20240912,2.15
801150.SI,20240913,2.12
801150.SI,20240918,2.11
801150.SI,20240919,2.14
801150.SI,20240920,2.11
801150.SI,20240923,2.1
801150.SI,20240924,2.17
801150.SI,20240925,2.2
801150.SI,20240926,2.29
801150.SI,20240927,2.43
801150.SI,20240930,2.7
801150.SI,20241008,2.93
801150.SI,20241009,2.68
801150.SI,20241010,2.67
801150.SI,20241011,2.54
801150.SI,20241014,2.57
801150.SI,20241015,2.51
801150.SI,20241016,2.49
801150.SI,20241017,2.47
801150.SI,20241018,2.57
801150.SI,20241021,2.59
801150.SI,20241022,2.62
801150.SI,20241023,2.61
801150.SI,20241024,2.6
801150.SI,20241025,2.63
801150.SI,20241028,2.66
801150.SI,20241029,2.59
801150.SI,20241030,2.56
801150.SI,20241031,2.55
801150.SI,20241101,2.54
801150.SI,20241104,2.57
801150.SI,20241105,2.62
801150.SI,20241106,2.62
801150.SI,20241107,2.7
801150.SI,20241108,2.7
801150.SI,20241111,2.74
801150.SI,20241112,2.76
801150.SI,20241113,2.73
801150.SI,20241114,2.65
801150.SI,20241115,2.6
801150.SI,20241118,2.56
801150.SI,20241119,2.6
801150.SI,20241120,2.66
801150.SI,20241121,2.65
801150.SI,20241122,2.54
801150.SI,20241125,2.55
801150.SI,20241126,2.55
801150.SI,20241127,2.6
801150.SI,20241128,2.58
801150.SI,20241129,2.62
801150.SI,20241202,2.66
801150.SI,20241203,2.65
801150.SI,20241204,2.61
801150.SI,20241205,2.61
801150.SI,20241206,2.66
801150.SI,20241209,2.66
801150.SI,20241210,2.66
801150.SI,20241211,2.67
801150.SI,20241212,2.69
801150.SI,20241213,2.63
801150.SI,20241216,2.61
801150.SI,20241217,2.57
801150.SI,20241218,2.57
801150.SI,20241219,2.57
801150.SI,20241220,2.58
801150.SI,20241223,2.53
801150.SI,20241224,2.55
801150.SI,20241225,2.53
801150.SI,20241226,2.51
801150.SI,20241227,2.53
801150.SI,20241230,2.52
801150.SI,20241231,2.47
801150.SI,20250102,2.42
801150.SI,20250103,2.39
801150.SI,20250106,2.42
801150.SI,20250107,2.39
801150.SI,20250108,2.37
801150.SI,20250109,2.36
801150.SI,20250110,2.31
801150.SI,20250113,2.32
801150.SI,20250114,2.39
801150.SI,20250115,2.36
801150.SI,20250116,2.36
801150.SI,20250117,2.37
801150.SI,20250120,2.4
801150.SI,20250121,2.39
801150.SI,20250122,2.37
801150.SI,20250123,2.37
801150.SI,20250124,2.38
801150.SI,20250127,2.38
801150.SI,20250205,2.39
801150.SI,20250206,2.42
801150.SI,20250207,2.45
801150.SI,20250210,2.49
801150.SI,20250211,2.46
801150.SI,20250212,2.47
801150.SI,20250213,2.46
801150.SI,20250214,2.52
801150.SI,20250217,2.53
801150.SI,20250218,2.48
801150.SI,20250219,2.5
801150.SI,20250220,2.54
801150.SI,20250221,2.56
801150.SI,20250224,2.54
801150.SI,20250225,2.51
801150.SI,20250226,2.54
801150.SI,20250227,2.55
801150.SI,20250228,2.5
801150.SI,20250303,2.51
801150.SI,20250304,2.53
801150.SI,20250305,2.51
801150.SI,20250306,2.55
801150.SI,20250307,2.52
801150.SI,20250310,2.54
801150.SI,20250311,2.54
801150.SI,20250312,2.52
801150.SI,20250313,2.51
801150.SI,20250314,2.57
801150.SI,20250317,2.57
801150.SI,20250318,2.58
801150.SI,20250319,2.58
801150.SI,20250320,2.56
801150.SI,20250321,2.52
801150.SI,20250324,2.5
801150.SI,20250325,2.51
801150.SI,20250326,2.51
801150.SI,20250327,2.56
801150.SI,20250328,2.55
801150.SI,20250331,2.52
801150.SI,20250401,2.6
801150.SI,20250402,2.59
801150.SI,20250403,2.58
801150.SI,20250407,2.35
801150.SI,20250408,2.37
801150.SI,20250409,2.38
801150.SI,20250410,2.43
801150.SI,20250411,2.44
801150.SI,20250414,2.47
801150.SI,20250415,2.47
801150.SI,20250416,2.44
801150.SI,20250417,2.44
801150.SI,20250418,2.43
801150.SI,20250421,2.47
801150.SI,20250422,2.49
801150.SI,20250423,2.47
801150.SI,20250424,2.48
801150.SI,20250425,2.45
801150.SI,20250428,2.44
801150.SI,20250429,2.44
801150.SI,20250430,2.46
801150.SI,20250506,2.48
801150.SI,20250507,2.48
801150.SI,20250508,2.48
801150.SI,20250509,2.48
801150.SI,20250512,2.47
801150.SI,20250513,2.49
801150.SI,20250514,2.49
801150.SI,20250515,2.49
801150.SI,20250516,2.51
801150.SI,20250519,2.5
801150.SI,20250520,2.54
801150.SI,20250521,2.56
801150.SI,20250522,2.54
801150.SI,20250523,2.55
801150.SI,20250526,2.52
801150.SI,20250527,2.55
801150.SI,20250528,2.54
801150.SI,20250529,2.6
801150.SI,20250530,2.61
801150.SI,20250603,2.66
801150.SI,20250604,2.67
801150.SI,20250605,2.64
801150.SI,20250606,2.64
801150.SI,20250609,2.7
801150.SI,20250610,2.71
801150.SI,20250611,2.7
801150.SI,20250612,2.73
801150.SI,20250613,2.68
801150.SI,20250616,2.67
801150.SI,20250617,2.63
801150.SI,20250618,2.61
801150.SI,20250619,2.56
801150.SI,20250620,2.56
801150.SI,20250623,2.58
801150.SI,20250624,2.61
801150.SI,20250625,2.62
801150.SI,20250626,2.6
801150.SI,20250627,2.6
801150.SI,20250630,2.63
801150.SI,20250701,2.68
801150.SI,20250702,2.65
801150.SI,20250703,2.69
801150.SI,20250704,2.7
801150.SI,20250707,2.67
801150.SI,20250708,2.68
801150.SI,20250709,2.69
801150.SI,20250710,2.71
801150.SI,20250711,2.75
801150.SI,20250714,2.76
801150.SI,20250715,2.76
801150.SI,20250716,2.78
801150.SI,20250717,2.83
801150.SI,20250718,2.86
801150.SI,20250721,2.86
801150.SI,20250722,2.87
801150.SI,20250723,2.86
801150.SI,20250724,2.92
801150.SI,20250725,2.91
801150.SI,20250728,2.96
801150.SI,20250729,3.02
801150.SI,20250730,3.02
801150.SI,20250731,3.01
801150.SI,20250801,3.0
801150.SI,20250804,3.02
801150.SI,20250805,3.02
801150.SI,20250806,3.01
801150.SI,20250807,2.98
801150.SI,20250808,2.98
801150.SI,20250811,3.02
801150.SI,20250812,3.01
801150.SI,20250813,3.07
801150.SI,20250814,3.03
801150.SI,20250815,3.07
801150.SI,20250818,3.1
801150.SI,20250819,3.09
801150.SI,20250820,3.09
801150.SI,20250821,3.08
801150.SI,20250822,3.1
801150.SI,20250825,3.16
801150.SI,20250826,3.12
801150.SI,20250827,3.04
801150.SI,20250828,3.03
801150.SI,20250829,3.08
801150.SI,20250901,3.16
801150.SI,20250902,3.13
801150.SI,20250903,3.13
801150.SI,20250904,3.05
801150.SI,20250905,3.12
801150.SI,20250908,3.17
801150.SI,20250909,3.11
801150.SI,20250910,3.1
801150.SI,20250911,3.1
801150.SI,20250912,3.11
801150.SI,20250915,3.11
801150.SI,20250916,3.11
801150.SI,20250917,3.11
801150.SI,20250918,3.09
801150.SI,20250919,3.05
801150.SI,20250922,3.05
801150.SI,20250923,2.99
801150.SI,20250924,3.04
801150.SI,20250925,3.04
801150.SI,20250926,2.98
801150.SI,20250929,2.99
801150.SI,20250930,3.03
801150.SI,20251009,3.04
801150.SI,20251010,2.99
801150.SI,20251013,2.95
801150.SI,20251014,2.9
801150.SI,20251015,2.96
801150.SI,20251016,2.97
801150.SI,20251017,2.92
801150.SI,20251020,2.94
801150.SI,20251021,2.97
801150.SI,20251022,2.95
801150.SI,20251023,2.94
801150.SI,20251024,2.94
801150.SI,20251027,2.94
801150.SI,20251028,2.91
801150.SI,20251029,2.92
801150.SI,20251030,2.86
801150.SI,20251031,2.92
801150.SI,20251103,2.91
801150.SI,20251104,2.86
801150.SI,20251105,2.86
801150.SI,20251106,2.86
801150.SI,20251107,2.85
801150.SI,20251110,2.88
801150.SI,20251111,2.88
801150.SI,20251112,2.9
801150.SI,20251113,2.94
801150.SI,20251114,2.94
801150.SI,20251117,2.89
801150.SI,20251118,2.87
801150.SI,20251119,2.83
801150.SI,20251120,2.82
801150.SI,20251121,2.74
801150.SI,20251124,2.78
801150.SI,20251125,2.8
801150.SI,20251126,2.82
801150.SI,20251127,2.81
801150.SI,20251128,2.82
801150.SI,20251201,2.83
801150.SI,20251202,2.8
801150.SI,20251203,2.79
801150.SI,20251204,2.79
801150.SI,20251205,2.8
801150.SI,20251208,2.81
801150.SI,20251209,2.78
801150.SI,20251210,2.79
801150.SI,20251211,2.77
801150.SI,20251212,2.78
801150.SI,20251215,2.74
801150.SI,20251216,2.7
801150.SI,20251217,2.73
801150.SI,20251218,2.74
801150.SI,20251219,2.77
801150.SI,20251222,2.77
801150.SI,20251223,2.75
801150.SI,20251224,2.76
801150.SI,20251225,2.78
801150.SI,20251226,2.77
801150.SI,20251229,2.74
801150.SI,20251230,2.72
801150.SI,20251231,2.71
801160.SI,20221010,1.65
801160.SI,20221011,1.69
801160.SI,20221012,1.71
801160.SI,20221013,1.72
801160.SI,20221014,1.74
801160.SI,20221017,1.73
801160.SI,20221018,1.72
801160.SI,20221019,1.7
801160.SI,20221020,1.69
801160.SI,20221021,1.7
801160.SI,20221024,1.67
801160.SI,20221025,1.68
801160.SI,20221026,1.68
801160.SI,20221027,1.63
801160.SI,20221028,1.57
801160.SI,20221031,1.54
801160.SI,20221101,1.57
801160.SI,20221102,1.58
801160.SI,20221103,1.57
801160.SI,20221104,1.6
801160.SI,20221107,1.61
801160.SI,20221108,1.61
801160.SI,20221109,1.61
801160.SI,20221110,1.6
801160.SI,20221111,1.61
801160.SI,20221114,1.59
801160.SI,20221115,1.62
801160.SI,20221116,1.63
801160.SI,20221117,1.62
801160.SI,20221118,1.62
801160.SI,20221121,1.63
801160.SI,20221122,1.63
801160.SI,20221123,1.65
801160.SI,20221124,1.66
801160.SI,20221125,1.67
801160.SI,20221128,1.67
801160.SI,20221129,1.67
801160.SI,20221130,1.67
801160.SI,20221201,1.67
801160.SI,20221202,1.67
801160.SI,20221205,1.68
801160.SI,20221206,1.66
801160.SI,20221207,1.64
801160.SI,20221208,1.63
801160.SI,20221209,1.62
801160.SI,20221212,1.6
801160.SI,20221213,1.6
801160.SI,20221214,1.6
801160.SI,20221215,1.6
801160.SI,20221216,1.6
801160.SI,20221219,1.57
801160.SI,20221220,1.57
801160.SI,20221221,1.56
801160.SI,20221222,1.53
801160.SI,20221223,1.54
801160.SI,20221226,1.56
801160.SI,20221227,1.57
801160.SI,20221228,1.59
801160.SI,20221229,1.58
801160.SI,20221230,1.6
801160.SI,20230103,1.63
801160.SI,20230104,1.63
801160.SI,20230105,1.63
801160.SI,20230106,1.65
801160.SI,20230109,1.63
801160.SI,20230110,1.62
801160.SI,20230111,1.62
801160.SI,20230112,1.62
801160.SI,20230113,1.62
801160.SI,20230116,1.62
801160.SI,20230117,1.61
801160.SI,20230118,1.62
801160.SI,20230119,1.61
801160.SI,20230120,1.64
801160.SI,20230130,1.63
801160.SI,20230131,1.64
801160.SI,20230201,1.65
801160.SI,20230202,1.65
801160.SI,20230203,1.64
801160.SI,20230206,1.64
801160.SI,20230207,1.66
801160.SI,20230208,1.65
801160.SI,20230209,1.66
801160.SI,20230210,1.67
801160.SI,20230213,1.68
801160.SI,20230214,1.69
801160.SI,20230215,1.7
801160.SI,20230216,1.67
801160.SI,20230217,1.67
801160.SI,20230220,1.68
801160.SI,20230221,1.69
801160.SI,20230222,1.68
801160.SI,20230223,1.68
801160.SI,20230224,1.68
801160.SI,20230227,1.67
801160.SI,20230228,1.69
801160.SI,20230301,1.7
801160.SI,20230302,1.7
801160.SI,20230303,1.71
801160.SI,20230306,1.72
801160.SI,20230307,1.71
801160.SI,20230308,1.7
801160.SI,20230309,1.69
801160.SI,20230310,1.67
801160.SI,20230313,1.68
801160.SI,20230314,1.68
801160.SI,20230315,1.7
801160.SI,20230316,1.69
801160.SI,20230317,1.69
801160.SI,20230320,1.67
801160.SI,20230321,1.67
801160.SI,20230322,1.68
801160.SI,20230323,1.68
801160.SI,20230324,1.67
801160.SI,20230327,1.65
801160.SI,20230328,1.65
801160.SI,20230329,1.65
801160.SI,20230330,1.66
801160.SI,20230331,1.65
801160.SI,20230403,1.65
801160.SI,20230404,1.65
801160.SI,20230406,1.64
801160.SI,20230407,1.65
801160.SI,20230410,1.67
801160.SI,20230411,1.67
801160.SI,20230412,1.67
801160.SI,20230413,1.67
801160.SI,20230414,1.69
801160.SI,20230417,1.7
801160.SI,20230418,1.69
801160.SI,20230419,1.68
801160.SI,20230420,1.68
801160.SI,20230421,1.65
801160.SI,20230424,1.65
801160.SI,20230425,1.65
801160.SI,20230426,1.66
801160.SI,20230427,1.67
801160.SI,20230428,1.65
801160.SI,20230504,1.67
801160.SI,20230505,1.66
801160.SI,20230508,1.69
801160.SI,20230509,1.68
801160.SI,20230510,1.67
801160.SI,20230511,1.69
801160.SI,20230512,1.71
801160.SI,20230515,1.71
801160.SI,20230516,1.71
801160.SI,20230517,1.71
801160.SI,20230518,1.71
801160.SI,20230519,1.69
801160.SI,20230522,1.73
801160.SI,20230523,1.7
801160.SI,20230524,1.68
801160.SI,20230525,1.71
801160.SI,20230526,1.71
801160.SI,20230529,1.74
801160.SI,20230530,1.74
801160.SI,20230531,1.72
801160.SI,20230601,1.7
801160.SI,20230602,1.7
801160.SI,20230605,1.7
801160.SI,20230606,1.67
801160.SI,20230607,1.66
801160.SI,20230608,1.68
801160.SI,20230609,1.7
801160.SI,20230612,1.67
801160.SI,20230613,1.67
801160.SI,20230614,1.65
801160.SI,20230615,1.66
801160.SI,20230616,1.66
801160.SI,20230619,1.66
801160.SI,20230620,1.65
801160.SI,20230621,1.66
801160.SI,20230626,1.69
801160.SI,20230627,1.69
801160.SI,20230628,1.72
801160.SI,20230629,1.7
801160.SI,20230630,1.7
801160.SI,20230703,1.71
801160.SI,20230704,1.7
801160.SI,20230705,1.69
801160.SI,20230706,1.69
801160.SI,20230707,1.7
801160.SI,20230710,1.71
801160.SI,20230711,1.7
801160.SI,20230712,1.7
801160.SI,20230713,1.71
801160.SI,20230714,1.69
801160.SI,20230717,1.69
801160.SI,20230718,1.68
801160.SI,20230719,1.68
801160.SI,20230720,1.66
801160.SI,20230721,1.65
801160.SI,20230724,1.65
801160.SI,20230725,1.65
801160.SI,20230726,1.64
801160.SI,20230727,1.63
801160.SI,20230728,1.64
801160.SI,20230731,1.65
801160.SI,20230801,1.67
801160.SI,20230802,1.66
801160.SI,20230803,1.67
801160.SI,20230804,1.66
801160.SI,20230807,1.66
801160.SI,20230808,1.66
801160.SI,20230809,1.64
801160.SI,20230810,1.65
801160.SI,20230811,1.62
801160.SI,20230814,1.63
801160.SI,20230815,1.63
801160.SI,20230816,1.62
801160.SI,20230817,1.63
801160.SI,20230818,1.62
801160.SI,20230821,1.6
801160.SI,20230822,1.6
801160.SI,20230823,1.58
801160.SI,20230824,1.56
801160.SI,20230825,1.57
801160.SI,20230828,1.57
801160.SI,20230829,1.57
801160.SI,20230830,1.56
801160.SI,20230831,1.56
801160.SI,20230901,1.55
801160.SI,20230904,1.56
801160.SI,20230905,1.57
801160.SI,20230906,1.56
801160.SI,20230907,1.54
801160.SI,20230908,1.56
801160.SI,20230911,1.57
801160.SI,20230912,1.57
801160.SI,20230913,1.57
801160.SI,20230914,1.59
801160.SI,20230915,1.57
801160.SI,20230918,1.57
801160.SI,20230919,1.57
801160.SI,20230920,1.56
801160.SI,20230921,1.55
801160.SI,20230922,1.55
801160.SI,20230925,1.55
801160.SI,20230926,1.54
801160.SI,20230927,1.54
801160.SI,20230928,1.55
801160.SI,20231009,1.55
801160.SI,20231010,1.55
801160.SI,20231011,1.54
801160.SI,20231012,1.55
801160.SI,20231013,1.54
801160.SI,20231016,1.54
801160.SI,20231017,1.55
801160.SI,20231018,1.53
801160.SI,20231019,1.51
801160.SI,20231020,1.51
801160.SI,20231023,1.48
801160.SI,20231024,1.5
801160.SI,20231025,1.49
801160.SI,20231026,1.51
801160.SI,20231027,1.52
801160.SI,20231030,1.51
801160.SI,20231031,1.45
801160.SI,20231101,1.46
801160.SI,20231102,1.45
801160.SI,20231103,1.46
801160.SI,20231106,1.45
801160.SI,20231107,1.45
801160.SI,20231108,1.44
801160.SI,20231109,1.45
801160.SI,20231110,1.46
801160.SI,20231113,1.46
801160.SI,20231114,1.46
801160.SI,20231115,1.47
801160.SI,20231116,1.46
801160.SI,20231117,1.46
801160.SI,20231120,1.47
801160.SI,20231121,1.47
801160.SI,20231122,1.46
801160.SI,20231123,1.46
801160.SI,20231124,1.45
801160.SI,20231127,1.45
801160.SI,20231128,1.46
801160.SI,20231129,1.45
801160.SI,20231130,1.46
801160.SI,20231201,1.46
801160.SI,20231204,1.46
801160.SI,20231205,1.45
801160.SI,20231206,1.45
801160.SI,20231207,1.45
801160.SI,20231208,1.46
801160.SI,20231211,1.47
801160.SI,20231212,1.48
801160.SI,20231213,1.48
801160.SI,20231214,1.48
801160.SI,20231215,1.47
801160.SI,20231218,1.46
801160.SI,20231219,1.45
801160.SI,20231220,1.45
801160.SI,20231221,1.45
801160.SI,20231222,1.45
801160.SI,20231225,1.45
801160.SI,20231226,1.45
801160.SI,20231227,1.46
801160.SI,20231228,1.46
801160.SI,20231229,1.47
801160.SI,20240102,1.49
801160.SI,20240103,1.51
801160.SI,20240104,1.51
801160.SI,20240105,1.5
801160.SI,20240108,1.48
801160.SI,20240109,1.48
801160.SI,20240110,1.48
801160.SI,20240111,1.47
801160.SI,20240112,1.49
801160.SI,20240115,1.49
801160.SI,20240116,1.48
801160.SI,20240117,1.46
801160.SI,20240118,1.45
801160.SI,20240119,1.44
801160.SI,20240122,1.39
801160.SI,20240123,1.4
801160.SI,20240124,1.43
801160.SI,20240125,1.47
801160.SI,20240126,1.48
801160.SI,20240129,1.48
801160.SI,20240130,1.46
801160.SI,20240131,1.45
801160.SI,20240201,1.43
801160.SI,20240202,1.42
801160.SI,20240205,1.39
801160.SI,20240206,1.42
801160.SI,20240207,1.43
801160.SI,20240208,1.45
801160.SI,20240219,1.48
801160.SI,20240220,1.49
801160.SI,20240221,1.48
801160.SI,20240222,1.5
801160.SI,20240223,1.51
801160.SI,20240226,1.48
801160.SI,20240227,1.49
801160.SI,20240228,1.48
801160.SI,20240229,1.5
801160.SI,20240301,1.5
801160.SI,20240304,1.52
801160.SI,20240305,1.53
801160.SI,20240306,1.54
801160.SI,20240307,1.55
801160.SI,20240308,1.56
801160.SI,20240311,1.57
801160.SI,20240312,1.53
801160.SI,20240313,1.53
801160.SI,20240314,1.53
801160.SI,20240315,1.54
801160.SI,20240318,1.56
801160.SI,20240319,1.54
801160.SI,20240320,1.55
801160.SI,20240321,1.55
801160.SI,20240322,1.54
801160.SI,20240325,1.54
801160.SI,20240326,1.55
801160.SI,20240327,1.53
801160.SI,20240328,1.54
801160.SI,20240329,1.56
801160.SI,20240401,1.56
801160.SI,20240402,1.57
801160.SI,20240403,1.56
801160.SI,20240408,1.6
801160.SI,20240409,1.59
801160.SI,20240410,1.6
801160.SI,20240411,1.61
801160.SI,20240412,1.59
801160.SI,20240415,1.61
801160.SI,20240416,1.57
801160.SI,20240417,1.6
801160.SI,20240418,1.58
801160.SI,20240419,1.58
801160.SI,20240422,1.57
801160.SI,20240423,1.54
801160.SI,20240424,1.56
801160.SI,20240425,1.55
801160.SI,20240426,1.55
801160.SI,20240429,1.54
801160.SI,20240430,1.53
801160.SI,20240506,1.55
801160.SI,20240507,1.53
801160.SI,20240508,1.53
801160.SI,20240509,1.54
801160.SI,20240510,1.56
801160.SI,20240513,1.58
801160.SI,20240514,1.58
801160.SI,20240515,1.55
801160.SI,20240516,1.53
801160.SI,20240517,1.54
801160.SI,20240520,1.56
801160.SI,20240521,1.56
801160.SI,20240522,1.56
801160.SI,20240523,1.54
801160.SI,20240524,1.57
801160.SI,20240527,1.59
801160.SI,20240528,1.61
801160.SI,20240529,1.61
801160.SI,20240530,1.59
801160.SI,20240531,1.58
801160.SI,20240603,1.58
801160.SI,20240604,1.6
801160.SI,20240605,1.6
801160.SI,20240606,1.6
801160.SI,20240607,1.62
801160.SI,20240611,1.61
801160.SI,20240612,1.62
801160.SI,20240613,1.63
801160.SI,20240614,1.6
801160.SI,20240617,1.59
801160.SI,20240618,1.59
801160.SI,20240619,1.58
801160.SI,20240620,1.57
801160.SI,20240621,1.57
801160.SI,20240624,1.57
801160.SI,20240625,1.57
801160.SI,20240626,1.57
801160.SI,20240627,1.56
801160.SI,20240628,1.59
801160.SI,20240701,1.63
801160.SI,20240702,1.63
801160.SI,20240703,1.62
801160.SI,20240704,1.61
801160.SI,20240705,1.61
801160.SI,20240708,1.63
801160.SI,20240709,1.64
801160.SI,20240710,1.61
801160.SI,20240711,1.62
801160.SI,20240712,1.61
801160.SI,20240715,1.61
801160.SI,20240716,1.62
801160.SI,20240717,1.59
801160.SI,20240718,1.61
801160.SI,20240719,1.61
801160.SI,20240722,1.59
801160.SI,20240723,1.59
801160.SI,20240724,1.61
801160.SI,20240725,1.61
801160.SI,20240726,1.6
801160.SI,20240729,1.6
801160.SI,20240730,1.59
801160.SI,20240731,1.57
801160.SI,20240801,1.57
801160.SI,20240802,1.56
801160.SI,20240805,1.54
801160.SI,20240806,1.54
801160.SI,20240807,1.56
801160.SI,20240808,1.55
801160.SI,20240809,1.54
801160.SI,20240812,1.53
801160.SI,20240813,1.54
801160.SI,20240814,1.55
801160.SI,20240815,1.56
801160.SI,20240816,1.55
801160.SI,20240819,1.55
801160.SI,20240820,1.53
801160.SI,20240821,1.52
801160.SI,20240822,1.53
801160.SI,20240823,1.52
801160.SI,20240826,1.52
801160.SI,20240827,1.51
801160.SI,20240828,1.52
801160.SI,20240829,1.5
801160.SI,20240830,1.5
801160.SI,20240902,1.51
801160.SI,20240903,1.48
801160.SI,20240904,1.48
801160.SI,20240905,1.48
801160.SI,20240906,1.47
801160.SI,20240909,1.45
801160.SI,20240910,1.45
801160.SI,20240911,1.41
801160.SI,20240912,1.41
801160.SI,20240913,1.42
801160.SI,20240918,1.42
801160.SI,20240919,1.43
801160.SI,20240920,1.43
801160.SI,20240923,1.44
801160.SI,20240924,1.49
801160.SI,20240925,1.49
801160.SI,20240926,1.51
801160.SI,20240927,1.54
801160.SI,20240930,1.64
801160.SI,20241008,1.66
801160.SI,20241009,1.56
801160.SI,20241010,1.59
801160.SI,20241011,1.56
801160.SI,20241014,1.58
801160.SI,20241015,1.54
801160.SI,20241016,1.55
801160.SI,20241017,1.53
801160.SI,20241018,1.55
801160.SI,20241021,1.54
801160.SI,20241022,1.56
801160.SI,20241023,1.57
801160.SI,20241024,1.56
801160.SI,20241025,1.55
801160.SI,20241028,1.57
801160.SI,20241029,1.55
801160.SI,20241030,1.53
801160.SI,20241031,1.55
801160.SI,20241101,1.52
801160.SI,20241104,1.53
801160.SI,20241105,1.54
801160.SI,20241106,1.53
801160.SI,20241107,1.56
801160.SI,20241108,1.55
801160.SI,20241111,1.56
801160.SI,20241112,1.54
801160.SI,20241113,1.55
801160.SI,20241114,1.52
801160.SI,20241115,1.51
801160.SI,20241118,1.52
801160.SI,20241119,1.52
801160.SI,20241120,1.53
801160.SI,20241121,1.54
801160.SI,20241122,1.5
801160.SI,20241125,1.49
801160.SI,20241126,1.48
801160.SI,20241127,1.5
801160.SI,20241128,1.5
801160.SI,20241129,1.5
801160.SI,20241202,1.52
801160.SI,20241203,1.54
801160.SI,20241204,1.54
801160.SI,20241205,1.54
801160.SI,20241206,1.56
801160.SI,20241209,1.56
801160.SI,20241210,1.55
801160.SI,20241211,1.57
801160.SI,20241212,1.57
801160.SI,20241213,1.56
801160.SI,20241216,1.58
801160.SI,20241217,1.56
801160.SI,20241218,1.58
801160.SI,20241219,1.56
801160.SI,20241220,1.55
801160.SI,20241223,1.56
801160.SI,20241224,1.57
801160.SI,20241225,1.57
801160.SI,20241226,1.55
801160.SI,20241227,1.57
801160.SI,20241230,1.55
801160.SI,20241231,1.54
801160.SI,20250102,1.51
801160.SI,20250103,1.48
801160.SI,20250106,1.48
801160.SI,20250107,1.47
801160.SI,20250108,1.48
801160.SI,20250109,1.46
801160.SI,20250110,1.44
801160.SI,20250113,1.43
801160.SI,20250114,1.46
801160.SI,20250115,1.46
801160.SI,20250116,1.46
801160.SI,20250117,1.46
801160.SI,20250120,1.46
801160.SI,20250121,1.46
801160.SI,20250122,1.45
801160.SI,20250123,1.45
801160.SI,20250124,1.45
801160.SI,20250127,1.47
801160.SI,20250205,1.46
801160.SI,20250206,1.47
801160.SI,20250207,1.47
801160.SI,20250210,1.47
801160.SI,20250211,1.47
801160.SI,20250212,1.47
801160.SI,20250213,1.47
801160.SI,20250214,1.47
801160.SI,20250217,1.49
801160.SI,20250218,1.48
801160.SI,20250219,1.48
801160.SI,20250220,1.48
801160.SI,20250221,1.47
801160.SI,20250224,1.47
801160.SI,20250225,1.46
801160.SI,20250226,1.47
801160.SI,20250227,1.47
801160.SI,20250228,1.46
801160.SI,20250303,1.45
801160.SI,20250304,1.45
801160.SI,20250305,1.46
801160.SI,20250306,1.45
801160.SI,20250307,1.45
801160.SI,20250310,1.45
801160.SI,20250311,1.45
801160.SI,20250312,1.47
801160.SI,20250313,1.48
801160.SI,20250314,1.48
801160.SI,20250317,1.49
801160.SI,20250318,1.48
801160.SI,20250319,1.5
801160.SI,20250320,1.5
801160.SI,20250321,1.5
801160.SI,20250324,1.5
801160.SI,20250325,1.52
801160.SI,20250326,1.51
801160.SI,20250327,1.49
801160.SI,20250328,1.49
801160.SI,20250331,1.49
801160.SI,20250401,1.51
801160.SI,20250402,1.5
801160.SI,20250403,1.52
801160.SI,20250407,1.44
801160.SI,20250408,1.47
801160.SI,20250409,1.48
801160.SI,20250410,1.49
801160.SI,20250411,1.48
801160.SI,20250414,1.5
801160.SI,20250415,1.5
801160.SI,20250416,1.51
801160.SI,20250417,1.51
801160.SI,20250418,1.5
801160.SI,20250421,1.51
801160.SI,20250422,1.51
801160.SI,20250423,1.5
801160.SI,20250424,1.52
801160.SI,20250425,1.54
801160.SI,20250428,1.54
801160.SI,20250429,1.49
801160.SI,20250430,1.47
801160.SI,20250506,1.49
801160.SI,20250507,1.49
801160.SI,20250508,1.5
801160.SI,20250509,1.51
801160.SI,20250512,1.5
801160.SI,20250513,1.51
801160.SI,20250514,1.51
801160.SI,20250515,1.51
801160.SI,20250516,1.51
801160.SI,20250519,1.52
801160.SI,20250520,1.54
801160.SI,20250521,1.54
801160.SI,20250522,1.53
801160.SI,20250523,1.51
801160.SI,20250526,1.52
801160.SI,20250527,1.52
801160.SI,20250528,1.51
801160.SI,20250529,1.52
801160.SI,20250530,1.51
801160.SI,20250603,1.5
801160.SI,20250604,1.5
801160.SI,20250605,1.5
801160.SI,20250606,1.5
801160.SI,20250609,1.51
801160.SI,20250610,1.51
801160.SI,20250611,1.51
801160.SI,20250612,1.5
801160.SI,20250613,1.51
801160.SI,20250616,1.51
801160.SI,20250617,1.52
801160.SI,20250618,1.52
801160.SI,20250619,1.5
801160.SI,20250620,1.49
801160.SI,20250623,1.49
801160.SI,20250624,1.5
801160.SI,20250625,1.51
801160.SI,20250626,1.51
801160.SI,20250627,1.5
801160.SI,20250630,1.5
801160.SI,20250701,1.52
801160.SI,20250702,1.52
801160.SI,20250703,1.53
801160.SI,20250704,1.54
801160.SI,20250707,1.56
801160.SI,20250708,1.56
801160.SI,20250709,1.56
801160.SI,20250710,1.55
801160.SI,20250711,1.55
801160.SI,20250714,1.57
801160.SI,20250715,1.54
801160.SI,20250716,1.54
801160.SI,20250717,1.54
801160.SI,20250718,1.53
801160.SI,20250721,1.55
801160.SI,20250722,1.56
801160.SI,20250723,1.56
801160.SI,20250724,1.55
801160.SI,20250725,1.54
801160.SI,20250728,1.54
801160.SI,20250729,1.53
801160.SI,20250730,1.54
801160.SI,20250731,1.51
801160.SI,20250801,1.51
801160.SI,20250804,1.52
801160.SI,20250805,1.53
801160.SI,20250806,1.53
801160.SI,20250807,1.53
801160.SI,20250808,1.54
801160.SI,20250811,1.53
801160.SI,20250812,1.54
801160.SI,20250813,1.53
801160.SI,20250814,1.52
801160.SI,20250815,1.53
801160.SI,20250818,1.54
801160.SI,20250819,1.54
801160.SI,20250820,1.54
801160.SI,20250821,1.56
801160.SI,20250822,1.56
801160.SI,20250825,1.57
801160.SI,20250826,1.57
801160.SI,20250827,1.55
801160.SI,20250828,1.55
801160.SI,20250829,1.55
801160.SI,20250901,1.56
801160.SI,20250902,1.58
801160.SI,20250903,1.56
801160.SI,20250904,1.56
801160.SI,20250905,1.58
801160.SI,20250908,1.6
801160.SI,20250909,1.59
801160.SI,20250910,1.58
801160.SI,20250911,1.59
801160.SI,20250912,1.67
801160.SI,20250915,1.66
801160.SI,20250916,1.66
801160.SI,20250917,1.66
801160.SI,20250918,1.64
801160.SI,20250919,1.63
801160.SI,20250922,1.62
801160.SI,20250923,1.63
801160.SI,20250924,1.64
801160.SI,20250925,1.63
801160.SI,20250926,1.63
801160.SI,20250929,1.64
801160.SI,20250930,1.64
801160.SI,20251009,1.68
801160.SI,20251010,1.7
801160.SI,20251013,1.69
801160.SI,20251014,1.7
801160.SI,20251015,1.71
801160.SI,20251016,1.7
801160.SI,20251017,1.69
801160.SI,20251020,1.69
801160.SI,20251021,1.7
801160.SI,20251022,1.7
801160.SI,20251023,1.71
801160.SI,20251024,1.7
801160.SI,20251027,1.72
801160.SI,20251028,1.71
801160.SI,20251029,1.71
801160.SI,20251030,1.71
801160.SI,20251031,1.66
801160.SI,20251103,1.67
801160.SI,20251104,1.67
801160.SI,20251105,1.68
801160.SI,20251106,1.69
801160.SI,20251107,1.7
801160.SI,20251110,1.7
801160.SI,20251111,1.7
801160.SI,20251112,1.7
801160.SI,20251113,1.69
801160.SI,20251114,1.68
801160.SI,20251117,1.67
801160.SI,20251118,1.66
801160.SI,20251119,1.65
801160.SI,20251120,1.65
801160.SI,20251121,1.61
801160.SI,20251124,1.61
801160.SI,20251125,1.62
801160.SI,20251126,1.61
801160.SI,20251127,1.62
801160.SI,20251128,1.63
801160.SI,20251201,1.63
801160.SI,20251202,1.63
801160.SI,20251203,1.63
801160.SI,20251204,1.63
801160.SI,20251205,1.63
801160.SI,20251208,1.62
801160.SI,20251209,1.62
801160.SI,20251210,1.62
801160.SI,20251211,1.61
801160.SI,20251212,1.63
801160.SI,20251215,1.63
801160.SI,20251216,1.61
801160.SI,20251217,1.61
801160.SI,20251218,1.61
801160.SI,20251219,1.62
801160.SI,20251222,1.61
801160.SI,20251223,1.61
801160.SI,20251224,1.62
801160.SI,20251225,1.63
801160.SI,20251226,1.63
801160.SI,20251229,1.61
801160.SI,20251230,1.59
801160.SI,20251231,1.59
801170.SI,20221010,1.42
801170.SI,20221011,1.42
801170.SI,20221012,1.43
801170.SI,20221013,1.43
801170.SI,20221014,1.47
801170.SI,20221017,1.5
801170.SI,20221018,1.5
801170.SI,20221019,1.51
801170.SI,20221020,1.49
801170.SI,20221021,1.5
801170.SI,20221024,1.45
801170.SI,20221025,1.45
801170.SI,20221026,1.47
801170.SI,20221027,1.47
801170.SI,20221028,1.42
801170.SI,20221031,1.34
801170.SI,20221101,1.38
801170.SI,20221102,1.41
801170.SI,20221103,1.4
801170.SI,20221104,1.44
801170.SI,20221107,1.44
801170.SI,20221108,1.43
801170.SI,20221109,1.42
801170.SI,20221110,1.41
801170.SI,20221111,1.43
801170.SI,20221114,1.4
801170.SI,20221115,1.42
801170.SI,20221116,1.42
801170.SI,20221117,1.43
801170.SI,20221118,1.4
801170.SI,20221121,1.39
801170.SI,20221122,1.4
801170.SI,20221123,1.4
801170.SI,20221124,1.39
801170.SI,20221125,1.4
801170.SI,20221128,1.41
801170.SI,20221129,1.44
801170.SI,20221130,1.44
801170.SI,20221201,1.44
801170.SI,20221202,1.43
801170.SI,20221205,1.47
801170.SI,20221206,1.49
801170.SI,20221207,1.5
801170.SI,20221208,1.51
801170.SI,20221209,1.49
801170.SI,20221212,1.48
801170.SI,20221213,1.51
801170.SI,20221214,1.5
801170.SI,20221215,1.48
801170.SI,20221216,1.49
801170.SI,20221219,1.46
801170.SI,20221220,1.44
801170.SI,20221221,1.44
801170.SI,20221222,1.44
801170.SI,20221223,1.43
801170.SI,20221226,1.43
801170.SI,20221227,1.45
801170.SI,20221228,1.43
801170.SI,20221229,1.41
801170.SI,20221230,1.43
801170.SI,20230103,1.43
801170.SI,20230104,1.43
801170.SI,20230105,1.45
801170.SI,20230106,1.43
801170.SI,20230109,1.43
801170.SI,20230110,1.42
801170.SI,20230111,1.42
801170.SI,20230112,1.42
801170.SI,20230113,1.44
801170.SI,20230116,1.45
801170.SI,20230117,1.45
801170.SI,20230118,1.45
801170.SI,20230119,1.46
801170.SI,20230120,1.46
801170.SI,20230130,1.44
801170.SI,20230131,1.46
801170.SI,20230201,1.46
801170.SI,20230202,1.46
801170.SI,20230203,1.45
801170.SI,20230206,1.45
801170.SI,20230207,1.45
801170.SI,20230208,1.46
801170.SI,20230209,1.47
801170.SI,20230210,1.47
801170.SI,20230213,1.47
801170.SI,20230214,1.48
801170.SI,20230215,1.46
801170.SI,20230216,1.45
801170.SI,20230217,1.44
801170.SI,20230220,1.46
801170.SI,20230221,1.46
801170.SI,20230222,1.45
801170.SI,20230223,1.45
801170.SI,20230224,1.44
801170.SI,20230227,1.44
801170.SI,20230228,1.45
801170.SI,20230301,1.47
801170.SI,20230302,1.47
801170.SI,20230303,1.48
801170.SI,20230306,1.48
801170.SI,20230307,1.46
801170.SI,20230308,1.47
801170.SI,20230309,1.47
801170.SI,20230310,1.45
801170.SI,20230313,1.48
801170.SI,20230314,1.46
801170.SI,20230315,1.48
801170.SI,20230316,1.45
801170.SI,20230317,1.46
801170.SI,20230320,1.44
801170.SI,20230321,1.45
801170.SI,20230322,1.45
801170.SI,20230323,1.45
801170.SI,20230324,1.43
801170.SI,20230327,1.43
801170.SI,20230328,1.42
801170.SI,20230329,1.42
801170.SI,20230330,1.44
801170.SI,20230331,1.46
801170.SI,20230403,1.46
801170.SI,20230404,1.47
801170.SI,20230406,1.46
801170.SI,20230407,1.48
801170.SI,20230410,1.47
801170.SI,20230411,1.46
801170.SI,20230412,1.47
801170.SI,20230413,1.47
801170.SI,20230414,1.47
801170.SI,20230417,1.5
801170.SI,20230418,1.5
801170.SI,20230419,1.49
801170.SI,20230420,1.48
801170.SI,20230421,1.52
801170.SI,20230424,1.5
801170.SI,20230425,1.49
801170.SI,20230426,1.49
801170.SI,20230427,1.49
801170.SI,20230428,1.51
801170.SI,20230504,1.49
801170.SI,20230505,1.49
801170.SI,20230508,1.49
801170.SI,20230509,1.48
801170.SI,20230510,1.47
801170.SI,20230511,1.46
801170.SI,20230512,1.45
801170.SI,20230515,1.46
801170.SI,20230516,1.44
801170.SI,20230517,1.44
801170.SI,20230518,1.44
801170.SI,20230519,1.43
801170.SI,20230522,1.45
801170.SI,20230523,1.42
801170.SI,20230524,1.4
801170.SI,20230525,1.39
801170.SI,20230526,1.4
801170.SI,20230529,1.4
801170.SI,20230530,1.4
801170.SI,20230531,1.39
801170.SI,20230601,1.38
801170.SI,20230602,1.39
801170.SI,20230605,1.39
801170.SI,20230606,1.38
801170.SI,20230607,1.39
801170.SI,20230608,1.41
801170.SI,20230609,1.41
801170.SI,20230612,1.41
801170.SI,20230613,1.41
801170.SI,20230614,1.41
801170.SI,20230615,1.41
801170.SI,20230616,1.42
801170.SI,20230619,1.4
801170.SI,20230620,1.38
801170.SI,20230621,1.38
801170.SI,20230626,1.35
801170.SI,20230627,1.38
801170.SI,20230628,1.38
801170.SI,20230629,1.35
801170.SI,20230630,1.36
801170.SI,20230703,1.39
801170.SI,20230704,1.39
801170.SI,20230705,1.39
801170.SI,20230706,1.38
801170.SI,20230707,1.39
801170.SI,20230710,1.4
801170.SI,20230711,1.4
801170.SI,20230712,1.38
801170.SI,20230713,1.41
801170.SI,20230714,1.41
801170.SI,20230717,1.41
801170.SI,20230718,1.42
801170.SI,20230719,1.42
801170.SI,20230720,1.41
801170.SI,20230721,1.42
801170.SI,20230724,1.42
801170.SI,20230725,1.44
801170.SI,20230726,1.44
801170.SI,20230727,1.44
801170.SI,20230728,1.46
801170.SI,20230731,1.47
801170.SI,20230801,1.47
801170.SI,20230802,1.46
801170.SI,20230803,1.46
801170.SI,20230804,1.45
801170.SI,20230807,1.44
801170.SI,20230808,1.44
801170.SI,20230809,1.43
801170.SI,20230810,1.46
801170.SI,20230811,1.43
801170.SI,20230814,1.43
801170.SI,20230815,1.43
801170.SI,20230816,1.42
801170.SI,20230817,1.43
801170.SI,20230818,1.42
801170.SI,20230821,1.39
801170.SI,20230822,1.38
801170.SI,20230823,1.37
801170.SI,20230824,1.36
801170.SI,20230825,1.35
801170.SI,20230828,1.36
801170.SI,20230829,1.37
801170.SI,20230830,1.36
801170.SI,20230831,1.35
801170.SI,20230901,1.36
801170.SI,20230904,1.38
801170.SI,20230905,1.37
801170.SI,20230906,1.36
801170.SI,20230907,1.34
801170.SI,20230908,1.34
801170.SI,20230911,1.35
801170.SI,20230912,1.35
801170.SI,20230913,1.35
801170.SI,20230914,1.35
801170.SI,20230915,1.35
801170.SI,20230918,1.35
801170.SI,20230919,1.36
801170.SI,20230920,1.37
801170.SI,20230921,1.36
801170.SI,20230922,1.37
801170.SI,20230925,1.37
801170.SI,20230926,1.36
801170.SI,20230927,1.36
801170.SI,20230928,1.36
801170.SI,20231009,1.35
801170.SI,20231010,1.34
801170.SI,20231011,1.33
801170.SI,20231012,1.34
801170.SI,20231013,1.32
801170.SI,20231016,1.33
801170.SI,20231017,1.33
801170.SI,20231018,1.31
801170.SI,20231019,1.29
801170.SI,20231020,1.28
801170.SI,20231023,1.26
801170.SI,20231024,1.28
801170.SI,20231025,1.3
801170.SI,20231026,1.3
801170.SI,20231027,1.31
801170.SI,20231030,1.31
801170.SI,20231031,1.27
801170.SI,20231101,1.26
801170.SI,20231102,1.26
801170.SI,20231103,1.26
801170.SI,20231106,1.27
801170.SI,20231107,1.26
801170.SI,20231108,1.26
801170.SI,20231109,1.26
801170.SI,20231110,1.26
801170.SI,20231113,1.26
801170.SI,20231114,1.26
801170.SI,20231115,1.27
801170.SI,20231116,1.27
801170.SI,20231117,1.27
801170.SI,20231120,1.27
801170.SI,20231121,1.28
801170.SI,20231122,1.27
801170.SI,20231123,1.28
801170.SI,20231124,1.28
801170.SI,20231127,1.28
801170.SI,20231128,1.28
801170.SI,20231129,1.27
801170.SI,20231130,1.28
801170.SI,20231201,1.28
801170.SI,20231204,1.28
801170.SI,20231205,1.27
801170.SI,20231206,1.27
801170.SI,20231207,1.27
801170.SI,20231208,1.26
801170.SI,20231211,1.28
801170.SI,20231212,1.28
801170.SI,20231213,1.27
801170.SI,20231214,1.27
801170.SI,20231215,1.26
801170.SI,20231218,1.26
801170.SI,20231219,1.25
801170.SI,20231220,1.24
801170.SI,20231221,1.24
801170.SI,20231222,1.24
801170.SI,20231225,1.23
801170.SI,20231226,1.23
801170.SI,20231227,1.23
801170.SI,20231228,1.24
801170.SI,20231229,1.24
801170.SI,20240102,1.25
801170.SI,20240103,1.25
801170.SI,20240104,1.25
801170.SI,20240105,1.24
801170.SI,20240108,1.22
801170.SI,20240109,1.23
801170.SI,20240110,1.23
801170.SI,20240111,1.24
801170.SI,20240112,1.24
801170.SI,20240115,1.26
801170.SI,20240116,1.26
801170.SI,20240117,1.24
801170.SI,20240118,1.24
801170.SI,20240119,1.23
801170.SI,20240122,1.19
801170.SI,20240123,1.2
801170.SI,20240124,1.23
801170.SI,20240125,1.26
801170.SI,20240126,1.27
801170.SI,20240129,1.26
801170.SI,20240130,1.23
801170.SI,20240131,1.21
801170.SI,20240201,1.2
801170.SI,20240202,1.18
801170.SI,20240205,1.16
801170.SI,20240206,1.2
801170.SI,20240207,1.21
801170.SI,20240208,1.23
801170.SI,20240219,1.25
801170.SI,20240220,1.26
801170.SI,20240221,1.27
801170.SI,20240222,1.28
801170.SI,20240223,1.28
801170.SI,20240226,1.27
801170.SI,20240227,1.28
801170.SI,20240228,1.25
801170.SI,20240229,1.27
801170.SI,20240301,1.26
801170.SI,20240304,1.26
801170.SI,20240305,1.26
801170.SI,20240306,1.25
801170.SI,20240307,1.25
801170.SI,20240308,1.26
801170.SI,20240311,1.27
801170.SI,20240312,1.27
801170.SI,20240313,1.27
801170.SI,20240314,1.27
801170.SI,20240315,1.28
801170.SI,20240318,1.29
801170.SI,20240319,1.28
801170.SI,20240320,1.29
801170.SI,20240321,1.29
801170.SI,20240322,1.27
801170.SI,20240325,1.27
801170.SI,20240326,1.27
801170.SI,20240327,1.25
801170.SI,20240328,1.26
801170.SI,20240329,1.27
801170.SI,20240401,1.29
801170.SI,20240402,1.3
801170.SI,20240403,1.3
801170.SI,20240408,1.28
801170.SI,20240409,1.28
801170.SI,20240410,1.28
801170.SI,20240411,1.28
801170.SI,20240412,1.28
801170.SI,20240415,1.3
801170.SI,20240416,1.26
801170.SI,20240417,1.3
801170.SI,20240418,1.29
801170.SI,20240419,1.3
801170.SI,20240422,1.29
801170.SI,20240423,1.28
801170.SI,20240424,1.29
801170.SI,20240425,1.31
801170.SI,20240426,1.3
801170.SI,20240429,1.28
801170.SI,20240430,1.26
801170.SI,20240506,1.28
801170.SI,20240507,1.28
801170.SI,20240508,1.27
801170.SI,20240509,1.3
801170.SI,20240510,1.3
801170.SI,20240513,1.31
801170.SI,20240514,1.32
801170.SI,20240515,1.31
801170.SI,20240516,1.3
801170.SI,20240517,1.32
801170.SI,20240520,1.33
801170.SI,20240521,1.33
801170.SI,20240522,1.32
801170.SI,20240523,1.31
801170.SI,20240524,1.3
801170.SI,20240527,1.32
801170.SI,20240528,1.31
801170.SI,20240529,1.31
801170.SI,20240530,1.3
801170.SI,20240531,1.29
801170.SI,20240603,1.29
801170.SI,20240604,1.31
801170.SI,20240605,1.29
801170.SI,20240606,1.29
801170.SI,20240607,1.31
801170.SI,20240611,1.27
801170.SI,20240612,1.28
801170.SI,20240613,1.26
801170.SI,20240614,1.26
801170.SI,20240617,1.25
801170.SI,20240618,1.26
801170.SI,20240619,1.26
801170.SI,20240620,1.25
801170.SI,20240621,1.25
801170.SI,20240624,1.23
801170.SI,20240625,1.23
801170.SI,20240626,1.23
801170.SI,20240627,1.22
801170.SI,20240628,1.23
801170.SI,20240701,1.25
801170.SI,20240702,1.25
801170.SI,20240703,1.24
801170.SI,20240704,1.23
801170.SI,20240705,1.23
801170.SI,20240708,1.21
801170.SI,20240709,1.22
801170.SI,20240710,1.21
801170.SI,20240711,1.22
801170.SI,20240712,1.21
801170.SI,20240715,1.21
801170.SI,20240716,1.21
801170.SI,20240717,1.21
801170.SI,20240718,1.22
801170.SI,20240719,1.22
801170.SI,20240722,1.22
801170.SI,20240723,1.21
801170.SI,20240724,1.21
801170.SI,20240725,1.21
801170.SI,20240726,1.22
801170.SI,20240729,1.22
801170.SI,20240730,1.22
801170.SI,20240731,1.24
801170.SI,20240801,1.25
801170.SI,20240802,1.24
801170.SI,20240805,1.23
801170.SI,20240806,1.23
801170.SI,20240807,1.23
801170.SI,20240808,1.22
801170.SI,20240809,1.21
801170.SI,20240812,1.21
801170.SI,20240813,1.21
801170.SI,20240814,1.2
801170.SI,20240815,1.21
801170.SI,20240816,1.21
801170.SI,20240819,1.21
801170.SI,20240820,1.2
801170.SI,20240821,1.2
801170.SI,20240822,1.19
801170.SI,20240823,1.19
801170.SI,20240826,1.19
801170.SI,20240827,1.18
801170.SI,20240828,1.18
801170.SI,20240829,1.18
801170.SI,20240830,1.19
801170.SI,20240902,1.18
801170.SI,20240903,1.19
801170.SI,20240904,1.19
801170.SI,20240905,1.19
801170.SI,20240906,1.18
801170.SI,20240909,1.16
801170.SI,20240910,1.16
801170.SI,20240911,1.14
801170.SI,20240912,1.14
801170.SI,20240913,1.14
801170.SI,20240918,1.14
801170.SI,20240919,1.15
801170.SI,20240920,1.16
801170.SI,20240923,1.18
801170.SI,20240924,1.21
801170.SI,20240925,1.23
801170.SI,20240926,1.27
801170.SI,20240927,1.31
801170.SI,20240930,1.4
801170.SI,20241008,1.42
801170.SI,20241009,1.32
801170.SI,20241010,1.34
801170.SI,20241011,1.31
801170.SI,20241014,1.34
801170.SI,20241015,1.31
801170.SI,20241016,1.32
801170.SI,20241017,1.3
801170.SI,20241018,1.32
801170.SI,20241021,1.32
801170.SI,20241022,1.34
801170.SI,20241023,1.35
801170.SI,20241024,1.33
801170.SI,20241025,1.34
801170.SI,20241028,1.36
801170.SI,20241029,1.34
801170.SI,20241030,1.33
801170.SI,20241031,1.34
801170.SI,20241101,1.31
801170.SI,20241104,1.32
801170.SI,20241105,1.35
801170.SI,20241106,1.36
801170.SI,20241107,1.39
801170.SI,20241108,1.38
801170.SI,20241111,1.37
801170.SI,20241112,1.36
801170.SI,20241113,1.36
801170.SI,20241114,1.33
801170.SI,20241115,1.33
801170.SI,20241118,1.35
801170.SI,20241119,1.35
801170.SI,20241120,1.35
801170.SI,20241121,1.35
801170.SI,20241122,1.32
801170.SI,20241125,1.32
801170.SI,20241126,1.32
801170.SI,20241127,1.33
801170.SI,20241128,1.33
801170.SI,20241129,1.33
801170.SI,20241202,1.35
801170.SI,20241203,1.37
801170.SI,20241204,1.35
801170.SI,20241205,1.35
801170.SI,20241206,1.37
801170.SI,20241209,1.37
801170.SI,20241210,1.37
801170.SI,20241211,1.38
801170.SI,20241212,1.4
801170.SI,20241213,1.37
801170.SI,20241216,1.36
801170.SI,20241217,1.35
801170.SI,20241218,1.35
801170.SI,20241219,1.35
801170.SI,20241220,1.34
801170.SI,20241223,1.34
801170.SI,20241224,1.35
801170.SI,20241225,1.35
801170.SI,20241226,1.34
801170.SI,20241227,1.36
801170.SI,20241230,1.35
801170.SI,20241231,1.34
801170.SI,20250102,1.3
801170.SI,20250103,1.29
801170.SI,20250106,1.28
801170.SI,20250107,1.29
801170.SI,20250108,1.29
801170.SI,20250109,1.28
801170.SI,20250110,1.26
801170.SI,20250113,1.26
801170.SI,20250114,1.3
801170.SI,20250115,1.29
801170.SI,20250116,1.29
801170.SI,20250117,1.29
801170.SI,20250120,1.29
801170.SI,20250121,1.29
801170.SI,20250122,1.27
801170.SI,20250123,1.28
801170.SI,20250124,1.28
801170.SI,20250127,1.29
801170.SI,20250205,1.27
801170.SI,20250206,1.27
801170.SI,20250207,1.29
801170.SI,20250210,1.29
801170.SI,20250211,1.28
801170.SI,20250212,1.28
801170.SI,20250213,1.29
801170.SI,20250214,1.29
801170.SI,20250217,1.29
801170.SI,20250218,1.28
801170.SI,20250219,1.28
801170.SI,20250220,1.28
801170.SI,20250221,1.28
801170.SI,20250224,1.28
801170.SI,20250225,1.27
801170.SI,20250226,1.28
801170.SI,20250227,1.29
801170.SI,20250228,1.28
801170.SI,20250303,1.27
801170.SI,20250304,1.28
801170.SI,20250305,1.28
801170.SI,20250306,1.28
801170.SI,20250307,1.28
801170.SI,20250310,1.28
801170.SI,20250311,1.29
801170.SI,20250312,1.29
801170.SI,20250313,1.28
801170.SI,20250314,1.3
801170.SI,20250317,1.3
801170.SI,20250318,1.3
801170.SI,20250319,1.3
801170.SI,20250320,1.3
801170.SI,20250321,1.29
801170.SI,20250324,1.29
801170.SI,20250325,1.3
801170.SI,20250326,1.3
801170.SI,20250327,1.3
801170.SI,20250328,1.28
801170.SI,20250331,1.27
801170.SI,20250401,1.29
801170.SI,20250402,1.28
801170.SI,20250403,1.29
801170.SI,20250407,1.2
801170.SI,20250408,1.23
801170.SI,20250409,1.26
801170.SI,20250410,1.28
801170.SI,20250411,1.27
801170.SI,20250414,1.28
801170.SI,20250415,1.27
801170.SI,20250416,1.28
801170.SI,20250417,1.29
801170.SI,20250418,1.28
801170.SI,20250421,1.28
801170.SI,20250422,1.29
801170.SI,20250423,1.29
801170.SI,20250424,1.28
801170.SI,20250425,1.28
801170.SI,20250428,1.27
801170.SI,20250429,1.26
801170.SI,20250430,1.23
801170.SI,20250506,1.25
801170.SI,20250507,1.26
801170.SI,20250508,1.26
801170.SI,20250509,1.26
801170.SI,20250512,1.27
801170.SI,20250513,1.28
801170.SI,20250514,1.3
801170.SI,20250515,1.29
801170.SI,20250516,1.28
801170.SI,20250519,1.29
801170.SI,20250520,1.29
801170.SI,20250521,1.3
801170.SI,20250522,1.3
801170.SI,20250523,1.28
801170.SI,20250526,1.29
801170.SI,20250527,1.29
801170.SI,20250528,1.3
801170.SI,20250529,1.3
801170.SI,20250530,1.3
801170.SI,20250603,1.3
801170.SI,20250604,1.3
801170.SI,20250605,1.29
801170.SI,20250606,1.29
801170.SI,20250609,1.29
801170.SI,20250610,1.3
801170.SI,20250611,1.3
801170.SI,20250612,1.3
801170.SI,20250613,1.29
801170.SI,20250616,1.29
801170.SI,20250617,1.3
801170.SI,20250618,1.29
801170.SI,20250619,1.28
801170.SI,20250620,1.29
801170.SI,20250623,1.29
801170.SI,20250624,1.29
801170.SI,20250625,1.3
801170.SI,20250626,1.29
801170.SI,20250627,1.29
801170.SI,20250630,1.29
801170.SI,20250701,1.29
801170.SI,20250702,1.29
801170.SI,20250703,1.29
801170.SI,20250704,1.29
801170.SI,20250707,1.29
801170.SI,20250708,1.29
801170.SI,20250709,1.3
801170.SI,20250710,1.3
801170.SI,20250711,1.3
801170.SI,20250714,1.3
801170.SI,20250715,1.29
801170.SI,20250716,1.29
801170.SI,20250717,1.29
801170.SI,20250718,1.3
801170.SI,20250721,1.31
801170.SI,20250722,1.32
801170.SI,20250723,1.32
801170.SI,20250724,1.34
801170.SI,20250725,1.34
801170.SI,20250728,1.32
801170.SI,20250729,1.31
801170.SI,20250730,1.32
801170.SI,20250731,1.29
801170.SI,20250801,1.29
801170.SI,20250804,1.3
801170.SI,20250805,1.31
801170.SI,20250806,1.31
801170.SI,20250807,1.32
801170.SI,20250808,1.32
801170.SI,20250811,1.32
801170.SI,20250812,1.32
801170.SI,20250813,1.32
801170.SI,20250814,1.31
801170.SI,20250815,1.32
801170.SI,20250818,1.32
801170.SI,20250819,1.32
801170.SI,20250820,1.33
801170.SI,20250821,1.34
801170.SI,20250822,1.34
801170.SI,20250825,1.35
801170.SI,20250826,1.36
801170.SI,20250827,1.33
801170.SI,20250828,1.34
801170.SI,20250829,1.32
801170.SI,20250901,1.31
801170.SI,20250902,1.3
801170.SI,20250903,1.29
801170.SI,20250904,1.29
801170.SI,20250905,1.3
801170.SI,20250908,1.32
801170.SI,20250909,1.32
801170.SI,20250910,1.32
801170.SI,20250911,1.32
801170.SI,20250912,1.32
801170.SI,20250915,1.33
801170.SI,20250916,1.34
801170.SI,20250917,1.34
801170.SI,20250918,1.32
801170.SI,20250919,1.33
801170.SI,20250922,1.31
801170.SI,20250923,1.31
801170.SI,20250924,1.32
801170.SI,20250925,1.3
801170.SI,20250926,1.3
801170.SI,20250929,1.3
801170.SI,20250930,1.3
801170.SI,20251009,1.31
801170.SI,20251010,1.32
801170.SI,20251013,1.32
801170.SI,20251014,1.32
801170.SI,20251015,1.33
801170.SI,20251016,1.33
801170.SI,20251017,1.33
801170.SI,20251020,1.34
801170.SI,20251021,1.35
801170.SI,20251022,1.34
801170.SI,20251023,1.35
801170.SI,20251024,1.34
801170.SI,20251027,1.35
801170.SI,20251028,1.35
801170.SI,20251029,1.35
801170.SI,20251030,1.35
801170.SI,20251031,1.32
801170.SI,20251103,1.33
801170.SI,20251104,1.33
801170.SI,20251105,1.33
801170.SI,20251106,1.33
801170.SI,20251107,1.34
801170.SI,20251110,1.36
801170.SI,20251111,1.36
801170.SI,20251112,1.36
801170.SI,20251113,1.36
801170.SI,20251114,1.36
801170.SI,20251117,1.35
801170.SI,20251118,1.33
801170.SI,20251119,1.33
801170.SI,20251120,1.32
801170.SI,20251121,1.29
801170.SI,20251124,1.29
801170.SI,20251125,1.3
801170.SI,20251126,1.3
801170.SI,20251127,1.3
801170.SI,20251128,1.3
801170.SI,20251201,1.32
801170.SI,20251202,1.31
801170.SI,20251203,1.32
801170.SI,20251204,1.32
801170.SI,20251205,1.32
801170.SI,20251208,1.32
801170.SI,20251209,1.3
801170.SI,20251210,1.31
801170.SI,20251211,1.3
801170.SI,20251212,1.3
801170.SI,20251215,1.3
801170.SI,20251216,1.3
801170.SI,20251217,1.31
801170.SI,20251218,1.32
801170.SI,20251219,1.32
801170.SI,20251222,1.34
801170.SI,20251223,1.33
801170.SI,20251224,1.33
801170.SI,20251225,1.34
801170.SI,20251226,1.34
801170.SI,20251229,1.34
801170.SI,20251230,1.32
801170.SI,20251231,1.33
801180.SI,20221010,0.88
801180.SI,20221011,0.86
801180.SI,20221012,0.88
801180.SI,20221013,0.86
801180.SI,20221014,0.86
801180.SI,20221017,0.86
801180.SI,20221018,0.85
801180.SI,20221019,0.85
801180.SI,20221020,0.84
801180.SI,20221021,0.84
801180.SI,20221024,0.82
801180.SI,20221025,0.81
801180.SI,20221026,0.8
801180.SI,20221027,0.81
801180.SI,20221028,0.78
801180.SI,20221031,0.75
801180.SI,20221101,0.76
801180.SI,20221102,0.77
801180.SI,20221103,0.77
801180.SI,20221104,0.78
801180.SI,20221107,0.79
801180.SI,20221108,0.8
801180.SI,20221109,0.81
801180.SI,20221110,0.81
801180.SI,20221111,0.87
801180.SI,20221114,0.88
801180.SI,20221115,0.89
801180.SI,20221116,0.87
801180.SI,20221117,0.88
801180.SI,20221118,0.87
801180.SI,20221121,0.86
801180.SI,20221122,0.86
801180.SI,20221123,0.85
801180.SI,20221124,0.87
801180.SI,20221125,0.91
801180.SI,20221128,0.91
801180.SI,20221129,0.98
801180.SI,20221130,0.96
801180.SI,20221201,0.96
801180.SI,20221202,0.94
801180.SI,20221205,0.95
801180.SI,20221206,0.95
801180.SI,20221207,0.93
801180.SI,20221208,0.95
801180.SI,20221209,0.97
801180.SI,20221212,0.93
801180.SI,20221213,0.94
801180.SI,20221214,0.93
801180.SI,20221215,0.93
801180.SI,20221216,0.94
801180.SI,20221219,0.94
801180.SI,20221220,0.91
801180.SI,20221221,0.9
801180.SI,20221222,0.9
801180.SI,20221223,0.9
801180.SI,20221226,0.89
801180.SI,20221227,0.89
801180.SI,20221228,0.89
801180.SI,20221229,0.87
801180.SI,20221230,0.88
801180.SI,20230103,0.88
801180.SI,20230104,0.92
801180.SI,20230105,0.92
801180.SI,20230106,0.91
801180.SI,20230109,0.9
801180.SI,20230110,0.9
801180.SI,20230111,0.91
801180.SI,20230112,0.89
801180.SI,20230113,0.89
801180.SI,20230116,0.9
801180.SI,20230117,0.9
801180.SI,20230118,0.89
801180.SI,20230119,0.89
801180.SI,20230120,0.9
801180.SI,20230130,0.89
801180.SI,20230131,0.91
801180.SI,20230201,0.9
801180.SI,20230202,0.91
801180.SI,20230203,0.89
801180.SI,20230206,0.88
801180.SI,20230207,0.89
801180.SI,20230208,0.89
801180.SI,20230209,0.9
801180.SI,20230210,0.9
801180.SI,20230213,0.9
801180.SI,20230214,0.91
801180.SI,20230215,0.89
801180.SI,20230216,0.88
801180.SI,20230217,0.88
801180.SI,20230220,0.89
801180.SI,20230221,0.9
801180.SI,20230222,0.89
801180.SI,20230223,0.89
801180.SI,20230224,0.88
801180.SI,20230227,0.88
801180.SI,20230228,0.89
801180.SI,20230301,0.9
801180.SI,20230302,0.89
801180.SI,20230303,0.89
801180.SI,20230306,0.88
801180.SI,20230307,0.86
801180.SI,20230308,0.86
801180.SI,20230309,0.86
801180.SI,20230310,0.85
801180.SI,20230313,0.84
801180.SI,20230314,0.84
801180.SI,20230315,0.85
801180.SI,20230316,0.84
801180.SI,20230317,0.85
801180.SI,20230320,0.84
801180.SI,20230321,0.84
801180.SI,20230322,0.85
801180.SI,20230323,0.84
801180.SI,20230324,0.85
801180.SI,20230327,0.83
801180.SI,20230328,0.82
801180.SI,20230329,0.82
801180.SI,20230330,0.82
801180.SI,20230331,0.83
801180.SI,20230403,0.85
801180.SI,20230404,0.84
801180.SI,20230406,0.84
801180.SI,20230407,0.87
801180.SI,20230410,0.86
801180.SI,20230411,0.87
801180.SI,20230412,0.87
801180.SI,20230413,0.87
801180.SI,20230414,0.86
801180.SI,20230417,0.86
801180.SI,20230418,0.86
801180.SI,20230419,0.84
801180.SI,20230420,0.84
801180.SI,20230421,0.82
801180.SI,20230424,0.81
801180.SI,20230425,0.8
801180.SI,20230426,0.8
801180.SI,20230427,0.8
801180.SI,20230428,0.81
801180.SI,20230504,0.84
801180.SI,20230505,0.87
801180.SI,20230508,0.87
801180.SI,20230509,0.87
801180.SI,20230510,0.86
801180.SI,20230511,0.86
801180.SI,20230512,0.85
801180.SI,20230515,0.85
801180.SI,20230516,0.84
801180.SI,20230517,0.84
801180.SI,20230518,0.83
801180.SI,20230519,0.82
801180.SI,20230522,0.81
801180.SI,20230523,0.81
801180.SI,20230524,0.79
801180.SI,20230525,0.78
801180.SI,20230526,0.79
801180.SI,20230529,0.78
801180.SI,20230530,0.79
801180.SI,20230531,0.79
801180.SI,20230601,0.78
801180.SI,20230602,0.81
801180.SI,20230605,0.81
801180.SI,20230606,0.81
801180.SI,20230607,0.82
801180.SI,20230608,0.83
801180.SI,20230609,0.82
801180.SI,20230612,0.82
801180.SI,20230613,0.82
801180.SI,20230614,0.81
801180.SI,20230615,0.82
801180.SI,20230616,0.82
801180.SI,20230619,0.81
801180.SI,20230620,0.79
801180.SI,20230621,0.78
801180.SI,20230626,0.77
801180.SI,20230627,0.8
801180.SI,20230628,0.8
801180.SI,20230629,0.78
801180.SI,20230630,0.79
801180.SI,20230703,0.8
801180.SI,20230704,0.79
801180.SI,20230705,0.79
801180.SI,20230706,0.81
801180.SI,20230707,0.81
801180.SI,20230710,0.81
801180.SI,20230711,0.81
801180.SI,20230712,0.79
801180.SI,20230713,0.8
801180.SI,20230714,0.8
801180.SI,20230717,0.8
801180.SI,20230718,0.8
801180.SI,20230719,0.81
801180.SI,20230720,0.82
801180.SI,20230721,0.83
801180.SI,20230724,0.82
801180.SI,20230725,0.87
801180.SI,20230726,0.89
801180.SI,20230727,0.88
801180.SI,20230728,0.91
801180.SI,20230731,0.93
801180.SI,20230801,0.92
801180.SI,20230802,0.93
801180.SI,20230803,0.95
801180.SI,20230804,0.94
801180.SI,20230807,0.91
801180.SI,20230808,0.89
801180.SI,20230809,0.9
801180.SI,20230810,0.9
801180.SI,20230811,0.9
801180.SI,20230814,0.88
801180.SI,20230815,0.88
801180.SI,20230816,0.9
801180.SI,20230817,0.9
801180.SI,20230818,0.88
801180.SI,20230821,0.86
801180.SI,20230822,0.87
801180.SI,20230823,0.85
801180.SI,20230824,0.84
801180.SI,20230825,0.85
801180.SI,20230828,0.89
801180.SI,20230829,0.91
801180.SI,20230830,0.91
801180.SI,20230831,0.87
801180.SI,20230901,0.87
801180.SI,20230904,0.87
801180.SI,20230905,0.85
801180.SI,20230906,0.87
801180.SI,20230907,0.87
801180.SI,20230908,0.86
801180.SI,20230911,0.85
801180.SI,20230912,0.85
801180.SI,20230913,0.85
801180.SI,20230914,0.84
801180.SI,20230915,0.84
801180.SI,20230918,0.84
801180.SI,20230919,0.83
801180.SI,20230920,0.83
801180.SI,20230921,0.83
801180.SI,20230922,0.84
801180.SI,20230925,0.82
801180.SI,20230926,0.82
801180.SI,20230927,0.81
801180.SI,20230928,0.82
801180.SI,20231009,0.8
801180.SI,20231010,0.79
801180.SI,20231011,0.79
801180.SI,20231012,0.8
801180.SI,20231013,0.79
801180.SI,20231016,0.78
801180.SI,20231017,0.77
801180.SI,20231018,0.76
801180.SI,20231019,0.76
801180.SI,20231020,0.76
801180.SI,20231023,0.75
801180.SI,20231024,0.76
801180.SI,20231025,0.76
801180.SI,20231026,0.75
801180.SI,20231027,0.76
801180.SI,20231030,0.76
801180.SI,20231031,0.76
801180.SI,20231101,0.75
801180.SI,20231102,0.75
801180.SI,20231103,0.74
801180.SI,20231106,0.77
801180.SI,20231107,0.77
801180.SI,20231108,0.78
801180.SI,20231109,0.77
801180.SI,20231110,0.76
801180.SI,20231113,0.76
801180.SI,20231114,0.78
801180.SI,20231115,0.77
801180.SI,20231116,0.77
801180.SI,20231117,0.76
801180.SI,20231120,0.76
801180.SI,20231121,0.78
801180.SI,20231122,0.78
801180.SI,20231123,0.8
801180.SI,20231124,0.79
801180.SI,20231127,0.78
801180.SI,20231128,0.77
801180.SI,20231129,0.75
801180.SI,20231130,0.75
801180.SI,20231201,0.76
801180.SI,20231204,0.75
801180.SI,20231205,0.73
801180.SI,20231206,0.74
801180.SI,20231207,0.74
801180.SI,20231208,0.73
801180.SI,20231211,0.72
801180.SI,20231212,0.75
801180.SI,20231213,0.73
801180.SI,20231214,0.73
801180.SI,20231215,0.74
801180.SI,20231218,0.73
801180.SI,20231219,0.72
801180.SI,20231220,0.71
801180.SI,20231221,0.72
801180.SI,20231222,0.71
801180.SI,20231225,0.7
801180.SI,20231226,0.69
801180.SI,20231227,0.69
801180.SI,20231228,0.71
801180.SI,20231229,0.7
801180.SI,20240102,0.69
801180.SI,20240103,0.69
801180.SI,20240104,0.68
801180.SI,20240105,0.68
801180.SI,20240108,0.67
801180.SI,20240109,0.67
801180.SI,20240110,0.67
801180.SI,20240111,0.67
801180.SI,20240112,0.67
801180.SI,20240115,0.67
801180.SI,20240116,0.67
801180.SI,20240117,0.65
801180.SI,20240118,0.65
801180.SI,20240119,0.65
801180.SI,20240122,0.62
801180.SI,20240123,0.63
801180.SI,20240124,0.65
801180.SI,20240125,0.68
801180.SI,20240126,0.71
801180.SI,20240129,0.69
801180.SI,20240130,0.67
801180.SI,20240131,0.64
801180.SI,20240201,0.63
801180.SI,20240202,0.63
801180.SI,20240205,0.59
801180.SI,20240206,0.6
801180.SI,20240207,0.6
801180.SI,20240208,0.63
801180.SI,20240219,0.63
801180.SI,20240220,0.64
801180.SI,20240221,0.65
801180.SI,20240222,0.65
801180.SI,20240223,0.66
801180.SI,20240226,0.65
801180.SI,20240227,0.66
801180.SI,20240228,0.64
801180.SI,20240229,0.65
801180.SI,20240301,0.65
801180.SI,20240304,0.63
801180.SI,20240305,0.63
801180.SI,20240306,0.63
801180.SI,20240307,0.62
801180.SI,20240308,0.62
801180.SI,20240311,0.64
801180.SI,20240312,0.66
801180.SI,20240313,0.65
801180.SI,20240314,0.65
801180.SI,20240315,0.65
801180.SI,20240318,0.65
801180.SI,20240319,0.64
801180.SI,20240320,0.64
801180.SI,20240321,0.65
801180.SI,20240322,0.64
801180.SI,20240325,0.64
801180.SI,20240326,0.65
801180.SI,20240327,0.63
801180.SI,20240328,0.63
801180.SI,20240329,0.63
801180.SI,20240401,0.64
801180.SI,20240402,0.63
801180.SI,20240403,0.63
801180.SI,20240408,0.61
801180.SI,20240409,0.62
801180.SI,20240410,0.6
801180.SI,20240411,0.6
801180.SI,20240412,0.58
801180.SI,20240415,0.57
801180.SI,20240416,0.56
801180.SI,20240417,0.57
801180.SI,20240418,0.57
801180.SI,20240419,0.56
801180.SI,20240422,0.56
801180.SI,20240423,0.56
801180.SI,20240424,0.56
801180.SI,20240425,0.56
801180.SI,20240426,0.59
801180.SI,20240429,0.62
801180.SI,20240430,0.63
801180.SI,20240506,0.63
801180.SI,20240507,0.64
801180.SI,20240508,0.62
801180.SI,20240509,0.63
801180.SI,20240510,0.65
801180.SI,20240513,0.65
801180.SI,20240514,0.65
801180.SI,20240515,0.67
801180.SI,20240516,0.69
801180.SI,20240517,0.74
801180.SI,20240520,0.73
801180.SI,20240521,0.73
801180.SI,20240522,0.74
801180.SI,20240523,0.73
801180.SI,20240524,0.7
801180.SI,20240527,0.7
801180.SI,20240528,0.68
801180.SI,20240529,0.68
801180.SI,20240530,0.67
801180.SI,20240531,0.67
801180.SI,20240603,0.66
801180.SI,20240604,0.67
801180.SI,20240605,0.65
801180.SI,20240606,0.64
801180.SI,20240607,0.65
801180.SI,20240611,0.65
801180.SI,20240612,0.64
801180.SI,20240613,0.63
801180.SI,20240614,0.64
801180.SI,20240617,0.63
801180.SI,20240618,0.63
801180.SI,20240619,0.63
801180.SI,20240620,0.61
801180.SI,20240621,0.61
801180.SI,20240624,0.59
801180.SI,20240625,0.6
801180.SI,20240626,0.6
801180.SI,20240627,0.59
801180.SI,20240628,0.58
801180.SI,20240701,0.61
801180.SI,20240702,0.6
801180.SI,20240703,0.61
801180.SI,20240704,0.59
801180.SI,20240705,0.58
801180.SI,20240708,0.57
801180.SI,20240709,0.57
801180.SI,20240710,0.56
801180.SI,20240711,0.58
801180.SI,20240712,0.59
801180.SI,20240715,0.58
801180.SI,20240716,0.59
801180.SI,20240717,0.6
801180.SI,20240718,0.6
801180.SI,20240719,0.59
801180.SI,20240722,0.59
801180.SI,20240723,0.58
801180.SI,20240724,0.56
801180.SI,20240725,0.57
801180.SI,20240726,0.57
801180.SI,20240729,0.56
801180.SI,20240730,0.57
801180.SI,20240731,0.59
801180.SI,20240801,0.58
801180.SI,20240802,0.58
801180.SI,20240805,0.57
801180.SI,20240806,0.58
801180.SI,20240807,0.58
801180.SI,20240808,0.59
801180.SI,20240809,0.6
801180.SI,20240812,0.58
801180.SI,20240813,0.58
801180.SI,20240814,0.57
801180.SI,20240815,0.58
801180.SI,20240816,0.57
801180.SI,20240819,0.57
801180.SI,20240820,0.56
801180.SI,20240821,0.56
801180.SI,20240822,0.56
801180.SI,20240823,0.55
801180.SI,20240826,0.56
801180.SI,20240827,0.54
801180.SI,20240828,0.54
801180.SI,20240829,0.54
801180.SI,20240830,0.57
801180.SI,20240902,0.55
801180.SI,20240903,0.56
801180.SI,20240904,0.55
801180.SI,20240905,0.56
801180.SI,20240906,0.55
801180.SI,20240909,0.55
801180.SI,20240910,0.55
801180.SI,20240911,0.55
801180.SI,20240912,0.55
801180.SI,20240913,0.55
801180.SI,20240918,0.56
801180.SI,20240919,0.58
801180.SI,20240920,0.59
801180.SI,20240923,0.59
801180.SI,20240924,0.6
801180.SI,20240925,0.61
801180.SI,20240926,0.66
801180.SI,20240927,0.71
801180.SI,20240930,0.78
801180.SI,20241008,0.8
801180.SI,20241009,0.72
801180.SI,20241010,0.71
801180.SI,20241011,0.71
801180.SI,20241014,0.74
801180.SI,20241015,0.73
801180.SI,20241016,0.77
801180.SI,20241017,0.72
801180.SI,20241018,0.73
801180.SI,20241021,0.74
801180.SI,20241022,0.74
801180.SI,20241023,0.75
801180.SI,20241024,0.74
801180.SI,20241025,0.76
801180.SI,20241028,0.78
801180.SI,20241029,0.77
801180.SI,20241030,0.78
801180.SI,20241031,0.8
801180.SI,20241101,0.81
801180.SI,20241104,0.81
801180.SI,20241105,0.84
801180.SI,20241106,0.86
801180.SI,20241107,0.9
801180.SI,20241108,0.87
801180.SI,20241111,0.86
801180.SI,20241112,0.85
801180.SI,20241113,0.84
801180.SI,20241114,0.81
801180.SI,20241115,0.79
801180.SI,20241118,0.79
801180.SI,20241119,0.8
801180.SI,20241120,0.8
801180.SI,20241121,0.8
801180.SI,20241122,0.78
801180.SI,20241125,0.78
801180.SI,20241126,0.78
801180.SI,20241127,0.79
801180.SI,20241128,0.8
801180.SI,20241129,0.8
801180.SI,20241202,0.82
801180.SI,20241203,0.83
801180.SI,20241204,0.82
801180.SI,20241205,0.82
801180.SI,20241206,0.83
801180.SI,20241209,0.81
801180.SI,20241210,0.81
801180.SI,20241211,0.83
801180.SI,20241212,0.84
801180.SI,20241213,0.82
801180.SI,20241216,0.81
801180.SI,20241217,0.78
801180.SI,20241218,0.78
801180.SI,20241219,0.77
801180.SI,20241220,0.78
801180.SI,20241223,0.75
801180.SI,20241224,0.75
801180.SI,20241225,0.74
801180.SI,20241226,0.74
801180.SI,20241227,0.75
801180.SI,20241230,0.74
801180.SI,20241231,0.72
801180.SI,20250102,0.71
801180.SI,20250103,0.69
801180.SI,20250106,0.69
801180.SI,20250107,0.69
801180.SI,20250108,0.69
801180.SI,20250109,0.69
801180.SI,20250110,0.67
801180.SI,20250113,0.68
801180.SI,20250114,0.7
801180.SI,20250115,0.7
801180.SI,20250116,0.7
801180.SI,20250117,0.7
801180.SI,20250120,0.7
801180.SI,20250121,0.71
801180.SI,20250122,0.69
801180.SI,20250123,0.69
801180.SI,20250124,0.69
801180.SI,20250127,0.68
801180.SI,20250205,0.68
801180.SI,20250206,0.69
801180.SI,20250207,0.7
801180.SI,20250210,0.71
801180.SI,20250211,0.7
801180.SI,20250212,0.72
801180.SI,20250213,0.73
801180.SI,20250214,0.72
801180.SI,20250217,0.72
801180.SI,20250218,0.7
801180.SI,20250219,0.71
801180.SI,20250220,0.7
801180.SI,20250221,0.7
801180.SI,20250224,0.72
801180.SI,20250225,0.71
801180.SI,20250226,0.73
801180.SI,20250227,0.73
801180.SI,20250228,0.72
801180.SI,20250303,0.72
801180.SI,20250304,0.72
801180.SI,20250305,0.71
801180.SI,20250306,0.73
801180.SI,20250307,0.71
801180.SI,20250310,0.71
801180.SI,20250311,0.71
801180.SI,20250312,0.71
801180.SI,20250313,0.7
801180.SI,20250314,0.71
801180.SI,20250317,0.72
801180.SI,20250318,0.72
801180.SI,20250319,0.71
801180.SI,20250320,0.71
801180.SI,20250321,0.71
801180.SI,20250324,0.69
801180.SI,20250325,0.7
801180.SI,20250326,0.7
801180.SI,20250327,0.7
801180.SI,20250328,0.7
801180.SI,20250331,0.68
801180.SI,20250401,0.71
801180.SI,20250402,0.7
801180.SI,20250403,0.71
801180.SI,20250407,0.65
801180.SI,20250408,0.66
801180.SI,20250409,0.69
801180.SI,20250410,0.71
801180.SI,20250411,0.7
801180.SI,20250414,0.7
801180.SI,20250415,0.69
801180.SI,20250416,0.7
801180.SI,20250417,0.71
801180.SI,20250418,0.72
801180.SI,20250421,0.72
801180.SI,20250422,0.73
801180.SI,20250423,0.72
801180.SI,20250424,0.72
801180.SI,20250425,0.72
801180.SI,20250428,0.7
801180.SI,20250429,0.71
801180.SI,20250430,0.72
801180.SI,20250506,0.73
801180.SI,20250507,0.74
801180.SI,20250508,0.74
801180.SI,20250509,0.72
801180.SI,20250512,0.73
801180.SI,20250513,0.73
801180.SI,20250514,0.73
801180.SI,20250515,0.72
801180.SI,20250516,0.72
801180.SI,20250519,0.73
801180.SI,20250520,0.73
801180.SI,20250521,0.73
801180.SI,20250522,0.72
801180.SI,20250523,0.71
801180.SI,20250526,0.71
801180.SI,20250527,0.72
801180.SI,20250528,0.71
801180.SI,20250529,0.72
801180.SI,20250530,0.72
801180.SI,20250603,0.72
801180.SI,20250604,0.72
801180.SI,20250605,0.72
801180.SI,20250606,0.72
801180.SI,20250609,0.72
801180.SI,20250610,0.72
801180.SI,20250611,0.73
801180.SI,20250612,0.72
801180.SI,20250613,0.71
801180.SI,20250616,0.72
801180.SI,20250617,0.72
801180.SI,20250618,0.71
801180.SI,20250619,0.7
801180.SI,20250620,0.7
801180.SI,20250623,0.7
801180.SI,20250624,0.71
801180.SI,20250625,0.72
801180.SI,20250626,0.72
801180.SI,20250627,0.72
801180.SI,20250630,0.72
801180.SI,20250701,0.72
801180.SI,20250702,0.73
801180.SI,20250703,0.73
801180.SI,20250704,0.72
801180.SI,20250707,0.73
801180.SI,20250708,0.74
801180.SI,20250709,0.74
801180.SI,20250710,0.77
801180.SI,20250711,0.77
801180.SI,20250714,0.76
801180.SI,20250715,0.75
801180.SI,20250716,0.75
801180.SI,20250717,0.75
801180.SI,20250718,0.75
801180.SI,20250721,0.76
801180.SI,20250722,0.77
801180.SI,20250723,0.76
801180.SI,20250724,0.78
801180.SI,20250725,0.78
801180.SI,20250728,0.78
801180.SI,20250729,0.79
801180.SI,20250730,0.78
801180.SI,20250731,0.75
801180.SI,20250801,0.75
801180.SI,20250804,0.75
801180.SI,20250805,0.76
801180.SI,20250806,0.76
801180.SI,20250807,0.77
801180.SI,20250808,0.77
801180.SI,20250811,0.78
801180.SI,20250812,0.79
801180.SI,20250813,0.78
801180.SI,20250814,0.78
801180.SI,20250815,0.79
801180.SI,20250818,0.79
801180.SI,20250819,0.8
801180.SI,20250820,0.8
801180.SI,20250821,0.8
801180.SI,20250822,0.8
801180.SI,20250825,0.83
801180.SI,20250826,0.83
801180.SI,20250827,0.8
801180.SI,20250828,0.81
801180.SI,20250829,0.81
801180.SI,20250901,0.82
801180.SI,20250902,0.81
801180.SI,20250903,0.8
801180.SI,20250904,0.79
801180.SI,20250905,0.8
801180.SI,20250908,0.81
801180.SI,20250909,0.82
801180.SI,20250910,0.82
801180.SI,20250911,0.83
801180.SI,20250912,0.85
801180.SI,20250915,0.85
801180.SI,20250916,0.86
801180.SI,20250917,0.87
801180.SI,20250918,0.85
801180.SI,20250919,0.85
801180.SI,20250922,0.85
801180.SI,20250923,0.84
801180.SI,20250924,0.86
801180.SI,20250925,0.85
801180.SI,20250926,0.85
801180.SI,20250929,0.86
801180.SI,20250930,0.88
801180.SI,20251009,0.87
801180.SI,20251010,0.87
801180.SI,20251013,0.87
801180.SI,20251014,0.87
801180.SI,20251015,0.87
801180.SI,20251016,0.86
801180.SI,20251017,0.85
801180.SI,20251020,0.86
801180.SI,20251021,0.88
801180.SI,20251022,0.88
801180.SI,20251023,0.87
801180.SI,20251024,0.86
801180.SI,20251027,0.86
801180.SI,20251028,0.86
801180.SI,20251029,0.86
801180.SI,20251030,0.85
801180.SI,20251031,0.87
801180.SI,20251103,0.87
801180.SI,20251104,0.87
801180.SI,20251105,0.87
801180.SI,20251106,0.87
801180.SI,20251107,0.87
801180.SI,20251110,0.88
801180.SI,20251111,0.88
801180.SI,20251112,0.88
801180.SI,20251113,0.89
801180.SI,20251114,0.89
801180.SI,20251117,0.9
801180.SI,20251118,0.88
801180.SI,20251119,0.86
801180.SI,20251120,0.86
801180.SI,20251121,0.84
801180.SI,20251124,0.84
801180.SI,20251125,0.85
801180.SI,20251126,0.84
801180.SI,20251127,0.84
801180.SI,20251128,0.84
801180.SI,20251201,0.84
801180.SI,20251202,0.84
801180.SI,20251203,0.83
801180.SI,20251204,0.82
801180.SI,20251205,0.82
801180.SI,20251208,0.83
801180.SI,20251209,0.81
801180.SI,20251210,0.83
801180.SI,20251211,0.81
801180.SI,20251212,0.8
801180.SI,20251215,0.8
801180.SI,20251216,0.79
801180.SI,20251217,0.79
801180.SI,20251218,0.78
801180.SI,20251219,0.8
801180.SI,20251222,0.81
801180.SI,20251223,0.8
801180.SI,20251224,0.81
801180.SI,20251225,0.81
801180.SI,20251226,0.82
801180.SI,20251229,0.81
801180.SI,20251230,0.8
801180.SI,20251231,0.81
801200.SI,20221010,2.17
801200.SI,20221011,2.16
801200.SI,20221012,2.18
801200.SI,20221013,2.17
801200.SI,20221014,2.23
801200.SI,20221017,2.26
801200.SI,20221018,2.26
801200.SI,20221019,2.22
801200.SI,20221020,2.21
801200.SI,20221021,2.19
801200.SI,20221024,2.12
801200.SI,20221025,2.12
801200.SI,20221026,2.16
801200.SI,20221027,2.15
801200.SI,20221028,2.1
801200.SI,20221031,1.99
801200.SI,20221101,2.08
801200.SI,20221102,2.13
801200.SI,20221103,2.14
801200.SI,20221104,2.22
801200.SI,20221107,2.21
801200.SI,20221108,2.21
801200.SI,20221109,2.2
801200.SI,20221110,2.21
801200.SI,20221111,2.24
801200.SI,20221114,2.2
801200.SI,20221115,2.22
801200.SI,20221116,2.25
801200.SI,20221117,2.26
801200.SI,20221118,2.24
801200.SI,20221121,2.21
801200.SI,20221122,2.2
801200.SI,20221123,2.18
801200.SI,20221124,2.17
801200.SI,20221125,2.16
801200.SI,20221128,2.18
801200.SI,20221129,2.26
801200.SI,20221130,2.28
801200.SI,20221201,2.32
801200.SI,20221202,2.3
801200.SI,20221205,2.34
801200.SI,20221206,2.39
801200.SI,20221207,2.43
801200.SI,20221208,2.45
801200.SI,20221209,2.42
801200.SI,20221212,2.4
801200.SI,20221213,2.4
801200.SI,20221214,2.45
801200.SI,20221215,2.43
801200.SI,20221216,2.42
801200.SI,20221219,2.36
801200.SI,20221220,2.33
801200.SI,20221221,2.35
801200.SI,20221222,2.37
801200.SI,20221223,2.35
801200.SI,20221226,2.34
801200.SI,20221227,2.35
801200.SI,20221228,2.34
801200.SI,20221229,2.33
801200.SI,20221230,2.36
801200.SI,20230103,2.35
801200.SI,20230104,2.36
801200.SI,20230105,2.4
801200.SI,20230106,2.37
801200.SI,20230109,2.37
801200.SI,20230110,2.4
801200.SI,20230111,2.36
801200.SI,20230112,2.34
801200.SI,20230113,2.38
801200.SI,20230116,2.41
801200.SI,20230117,2.4
801200.SI,20230118,2.39
801200.SI,20230119,2.39
801200.SI,20230120,2.4
801200.SI,20230130,2.35
801200.SI,20230131,2.34
801200.SI,20230201,2.36
801200.SI,20230202,2.38
801200.SI,20230203,2.36
801200.SI,20230206,2.33
801200.SI,20230207,2.33
801200.SI,20230208,2.31
801200.SI,20230209,2.33
801200.SI,20230210,2.33
801200.SI,20230213,2.35
801200.SI,20230214,2.32
801200.SI,20230215,2.3
801200.SI,20230216,2.29
801200.SI,20230217,2.26
801200.SI,20230220,2.31
801200.SI,20230221,2.31
801200.SI,20230222,2.29
801200.SI,20230223,2.28
801200.SI,20230224,2.27
801200.SI,20230227,2.26
801200.SI,20230228,2.27
801200.SI,20230301,2.27
801200.SI,20230302,2.26
801200.SI,20230303,2.27
801200.SI,20230306,2.25
801200.SI,20230307,2.21
801200.SI,20230308,2.22
801200.SI,20230309,2.2
801200.SI,20230310,2.17
801200.SI,20230313,2.19
801200.SI,20230314,2.18
801200.SI,20230315,2.17
801200.SI,20230316,2.16
801200.SI,20230317,2.18
801200.SI,20230320,2.16
801200.SI,20230321,2.22
801200.SI,20230322,2.22
801200.SI,20230323,2.21
801200.SI,20230324,2.23
801200.SI,20230327,2.22
801200.SI,20230328,2.21
801200.SI,20230329,2.21
801200.SI,20230330,2.22
801200.SI,20230331,2.24
801200.SI,20230403,2.24
801200.SI,20230404,2.2
801200.SI,20230406,2.18
801200.SI,20230407,2.21
801200.SI,20230410,2.16
801200.SI,20230411,2.16
801200.SI,20230412,2.17
801200.SI,20230413,2.19
801200.SI,20230414,2.17
801200.SI,20230417,2.2
801200.SI,20230418,2.19
801200.SI,20230419,2.17
801200.SI,20230420,2.14
801200.SI,20230421,2.09
801200.SI,20230424,2.09
801200.SI,20230425,2.07
801200.SI,20230426,2.09
801200.SI,20230427,2.07
801200.SI,20230428,2.11
801200.SI,20230504,2.14
801200.SI,20230505,2.14
801200.SI,20230508,2.12
801200.SI,20230509,2.11
801200.SI,20230510,2.09
801200.SI,20230511,2.09
801200.SI,20230512,2.06
801200.SI,20230515,2.06
801200.SI,20230516,2.02
801200.SI,20230517,2.03
801200.SI,20230518,2.02
801200.SI,20230519,2.01
801200.SI,20230522,2.02
801200.SI,20230523,1.99
801200.SI,20230524,1.97
801200.SI,20230525,1.94
801200.SI,20230526,1.95
801200.SI,20230529,1.91
801200.SI,20230530,1.92
801200.SI,20230531,1.9
801200.SI,20230601,1.9
801200.SI,20230602,1.94
801200.SI,20230605,1.94
801200.SI,20230606,1.92
801200.SI,20230607,1.93
801200.SI,20230608,1.93
801200.SI,20230609,1.92
801200.SI,20230612,1.94
801200.SI,20230613,1.95
801200.SI,20230614,1.97
801200.SI,20230615,2.0
801200.SI,20230616,1.99
801200.SI,20230619,1.95
801200.SI,20230620,1.93
801200.SI,20230621,1.89
801200.SI,20230626,1.84
801200.SI,20230627,1.86
801200.SI,20230628,1.85
801200.SI,20230629,1.83
801200.SI,20230630,1.84
801200.SI,20230703,1.88
801200.SI,20230704,1.88
801200.SI,20230705,1.86
801200.SI,20230706,1.84
801200.SI,20230707,1.84
801200.SI,20230710,1.88
801200.SI,20230711,1.88
801200.SI,20230712,1.87
801200.SI,20230713,1.89
801200.SI,20230714,1.88
801200.SI,20230717,1.87
801200.SI,20230718,1.88
801200.SI,20230719,1.89
801200.SI,20230720,1.91
801200.SI,20230721,1.91
801200.SI,20230724,1.89
801200.SI,20230725,1.94
801200.SI,20230726,1.94
801200.SI,20230727,1.93
801200.SI,20230728,1.97
801200.SI,20230731,2.02
801200.SI,20230801,2.0
801200.SI,20230802,2.01
801200.SI,20230803,2.01
801200.SI,20230804,2.01
801200.SI,20230807,1.99
801200.SI,20230808,1.98
801200.SI,20230809,1.96
801200.SI,20230810,1.96
801200.SI,20230811,1.93
801200.SI,20230814,1.93
801200.SI,20230815,1.92
801200.SI,20230816,1.91
801200.SI,20230817,1.94
801200.SI,20230818,1.88
801200.SI,20230821,1.87
801200.SI,20230822,1.87
801200.SI,20230823,1.84
801200.SI,20230824,1.84
801200.SI,20230825,1.8
801200.SI,20230828,1.82
801200.SI,20230829,1.84
801200.SI,20230830,1.83
801200.SI,20230831,1.8
801200.SI,20230901,1.83
801200.SI,20230904,1.87
801200.SI,20230905,1.85
801200.SI,20230906,1.84
801200.SI,20230907,1.81
801200.SI,20230908,1.8
801200.SI,20230911,1.83
801200.SI,20230912,1.83
801200.SI,20230913,1.81
801200.SI,20230914,1.79
801200.SI,20230915,1.8
801200.SI,20230918,1.84
801200.SI,20230919,1.82
801200.SI,20230920,1.8
801200.SI,20230921,1.77
801200.SI,20230922,1.81
801200.SI,20230925,1.79
801200.SI,20230926,1.79
801200.SI,20230927,1.8
801200.SI,20230928,1.8
801200.SI,20231009,1.76
801200.SI,20231010,1.76
801200.SI,20231011,1.75
801200.SI,20231012,1.76
801200.SI,20231013,1.73
801200.SI,20231016,1.71
801200.SI,20231017,1.72
801200.SI,20231018,1.69
801200.SI,20231019,1.67
801200.SI,20231020,1.67
801200.SI,20231023,1.63
801200.SI,20231024,1.66
801200.SI,20231025,1.67
801200.SI,20231026,1.66
801200.SI,20231027,1.69
801200.SI,20231030,1.7
801200.SI,20231031,1.69
801200.SI,20231101,1.7
801200.SI,20231102,1.69
801200.SI,20231103,1.69
801200.SI,20231106,1.72
801200.SI,20231107,1.72
801200.SI,20231108,1.73
801200.SI,20231109,1.71
801200.SI,20231110,1.7
801200.SI,20231113,1.72
801200.SI,20231114,1.72
801200.SI,20231115,1.73
801200.SI,20231116,1.72
801200.SI,20231117,1.73
801200.SI,20231120,1.74
801200.SI,20231121,1.75
801200.SI,20231122,1.75
801200.SI,20231123,1.76
801200.SI,20231124,1.74
801200.SI,20231127,1.72
801200.SI,20231128,1.73
801200.SI,20231129,1.72
801200.SI,20231130,1.73
801200.SI,20231201,1.74
801200.SI,20231204,1.73
801200.SI,20231205,1.71
801200.SI,20231206,1.71
801200.SI,20231207,1.71
801200.SI,20231208,1.68
801200.SI,20231211,1.69
801200.SI,20231212,1.71
801200.SI,20231213,1.68
801200.SI,20231214,1.69
801200.SI,20231215,1.69
801200.SI,20231218,1.66
801200.SI,20231219,1.65
801200.SI,20231220,1.62
801200.SI,20231221,1.64
801200.SI,20231222,1.61
801200.SI,20231225,1.6
801200.SI,20231226,1.58
801200.SI,20231227,1.58
801200.SI,20231228,1.61
801200.SI,20231229,1.62
801200.SI,20240102,1.61
801200.SI,20240103,1.61
801200.SI,20240104,1.61
801200.SI,20240105,1.58
801200.SI,20240108,1.56
801200.SI,20240109,1.6
801200.SI,20240110,1.61
801200.SI,20240111,1.62
801200.SI,20240112,1.6
801200.SI,20240115,1.63
801200.SI,20240116,1.61
801200.SI,20240117,1.57
801200.SI,20240118,1.57
801200.SI,20240119,1.57
801200.SI,20240122,1.49
801200.SI,20240123,1.49
801200.SI,20240124,1.52
801200.SI,20240125,1.58
801200.SI,20240126,1.58
801200.SI,20240129,1.55
801200.SI,20240130,1.5
801200.SI,20240131,1.44
801200.SI,20240201,1.43
801200.SI,20240202,1.38
801200.SI,20240205,1.31
801200.SI,20240206,1.36
801200.SI,20240207,1.37
801200.SI,20240208,1.42
801200.SI,20240219,1.44
801200.SI,20240220,1.44
801200.SI,20240221,1.47
801200.SI,20240222,1.48
801200.SI,20240223,1.5
801200.SI,20240226,1.5
801200.SI,20240227,1.53
801200.SI,20240228,1.47
801200.SI,20240229,1.51
801200.SI,20240301,1.52
801200.SI,20240304,1.51
801200.SI,20240305,1.49
801200.SI,20240306,1.5
801200.SI,20240307,1.48
801200.SI,20240308,1.48
801200.SI,20240311,1.52
801200.SI,20240312,1.54
801200.SI,20240313,1.54
801200.SI,20240314,1.53
801200.SI,20240315,1.56
801200.SI,20240318,1.57
801200.SI,20240319,1.55
801200.SI,20240320,1.57
801200.SI,20240321,1.57
801200.SI,20240322,1.55
801200.SI,20240325,1.52
801200.SI,20240326,1.53
801200.SI,20240327,1.49
801200.SI,20240328,1.51
801200.SI,20240329,1.52
801200.SI,20240401,1.56
801200.SI,20240402,1.56
801200.SI,20240403,1.56
801200.SI,20240408,1.52
801200.SI,20240409,1.54
801200.SI,20240410,1.51
801200.SI,20240411,1.51
801200.SI,20240412,1.5
801200.SI,20240415,1.46
801200.SI,20240416,1.39
801200.SI,20240417,1.43
801200.SI,20240418,1.43
801200.SI,20240419,1.4
801200.SI,20240422,1.39
801200.SI,20240423,1.39
801200.SI,20240424,1.4
801200.SI,20240425,1.4
801200.SI,20240426,1.42
801200.SI,20240429,1.46
801200.SI,20240430,1.47
801200.SI,20240506,1.48
801200.SI,20240507,1.48
801200.SI,20240508,1.46
801200.SI,20240509,1.47
801200.SI,20240510,1.47
801200.SI,20240513,1.45
801200.SI,20240514,1.45
801200.SI,20240515,1.45
801200.SI,20240516,1.46
801200.SI,20240517,1.48
801200.SI,20240520,1.48
801200.SI,20240521,1.47
801200.SI,20240522,1.47
801200.SI,20240523,1.43
801200.SI,20240524,1.42
801200.SI,20240527,1.43
801200.SI,20240528,1.41
801200.SI,20240529,1.41
801200.SI,20240530,1.39
801200.SI,20240531,1.39
801200.SI,20240603,1.37
801200.SI,20240604,1.39
801200.SI,20240605,1.37
801200.SI,20240606,1.34
801200.SI,20240607,1.36
801200.SI,20240611,1.35
801200.SI,20240612,1.36
801200.SI,20240613,1.34
801200.SI,20240614,1.34
801200.SI,20240617,1.32
801200.SI,20240618,1.33
801200.SI,20240619,1.31
801200.SI,20240620,1.28
801200.SI,20240621,1.27
801200.SI,20240624,1.24
801200.SI,20240625,1.24
801200.SI,20240626,1.26
801200.SI,20240627,1.23
801200.SI,20240628,1.23
801200.SI,20240701,1.24
801200.SI,20240702,1.24
801200.SI,20240703,1.28
801200.SI,20240704,1.24
801200.SI,20240705,1.26
801200.SI,20240708,1.22
801200.SI,20240709,1.22
801200.SI,20240710,1.21
801200.SI,20240711,1.26
801200.SI,20240712,1.26
801200.SI,20240715,1.25
801200.SI,20240716,1.25
801200.SI,20240717,1.27
801200.SI,20240718,1.27
801200.SI,20240719,1.26
801200.SI,20240722,1.25
801200.SI,20240723,1.23
801200.SI,20240724,1.21
801200.SI,20240725,1.22
801200.SI,20240726,1.24
801200.SI,20240729,1.23
801200.SI,20240730,1.24
801200.SI,20240731,1.26
801200.SI,20240801,1.25
801200.SI,20240802,1.24
801200.SI,20240805,1.24
801200.SI,20240806,1.27
801200.SI,20240807,1.26
801200.SI,20240808,1.27
801200.SI,20240809,1.25
801200.SI,20240812,1.23
801200.SI,20240813,1.23
801200.SI,20240814,1.22
801200.SI,20240815,1.23
801200.SI,20240816,1.22
801200.SI,20240819,1.23
801200.SI,20240820,1.21
801200.SI,20240821,1.2
801200.SI,20240822,1.18
801200.SI,20240823,1.18
801200.SI,20240826,1.2
801200.SI,20240827,1.18
801200.SI,20240828,1.19
801200.SI,20240829,1.2
801200.SI,20240830,1.22
801200.SI,20240902,1.2
801200.SI,20240903,1.21
801200.SI,20240904,1.2
801200.SI,20240905,1.22
801200.SI,20240906,1.21
801200.SI,20240909,1.21
801200.SI,20240910,1.21
801200.SI,20240911,1.19
801200.SI,20240912,1.19
801200.SI,20240913,1.19
801200.SI,20240918,1.19
801200.SI,20240919,1.22
801200.SI,20240920,1.23
801200.SI,20240923,1.22
801200.SI,20240924,1.27
801200.SI,20240925,1.3
801200.SI,20240926,1.36
801200.SI,20240927,1.43
801200.SI,20240930,1.56
801200.SI,20241008,1.65
801200.SI,20241009,1.5
801200.SI,20241010,1.5
801200.SI,20241011,1.47
801200.SI,20241014,1.48
801200.SI,20241015,1.46
801200.SI,20241016,1.43
801200.SI,20241017,1.42
801200.SI,20241018,1.46
801200.SI,20241021,1.47
801200.SI,20241022,1.5
801200.SI,20241023,1.51
801200.SI,20241024,1.5
801200.SI,20241025,1.53
801200.SI,20241028,1.58
801200.SI,20241029,1.58
801200.SI,20241030,1.59
801200.SI,20241031,1.6
801200.SI,20241101,1.58
801200.SI,20241104,1.6
801200.SI,20241105,1.65
801200.SI,20241106,1.67
801200.SI,20241107,1.75
801200.SI,20241108,1.75
801200.SI,20241111,1.74
801200.SI,20241112,1.75
801200.SI,20241113,1.75
801200.SI,20241114,1.69
801200.SI,20241115,1.65
801200.SI,20241118,1.63
801200.SI,20241119,1.64
801200.SI,20241120,1.69
801200.SI,20241121,1.71
801200.SI,20241122,1.67
801200.SI,20241125,1.67
801200.SI,20241126,1.66
801200.SI,20241127,1.7
801200.SI,20241128,1.74
801200.SI,20241129,1.8
801200.SI,20241202,1.86
801200.SI,20241203,1.85
801200.SI,20241204,1.83
801200.SI,20241205,1.85
801200.SI,20241206,1.86
801200.SI,20241209,1.82
801200.SI,20241210,1.87
801200.SI,20241211,1.93
801200.SI,20241212,2.01
801200.SI,20241213,1.98
801200.SI,20241216,2.02
801200.SI,20241217,1.91
801200.SI,20241218,1.91
801200.SI,20241219,1.87
801200.SI,20241220,1.88
801200.SI,20241223,1.8
801200.SI,20241224,1.81
801200.SI,20241225,1.8
801200.SI,20241226,1.84
801200.SI,20241227,1.84
801200.SI,20241230,1.84
801200.SI,20241231,1.8
801200.SI,20250102,1.84
801200.SI,20250103,1.74
801200.SI,20250106,1.68
801200.SI,20250107,1.69
801200.SI,20250108,1.7
801200.SI,20250109,1.69
801200.SI,20250110,1.62
801200.SI,20250113,1.62
801200.SI,20250114,1.69
801200.SI,20250115,1.7
801200.SI,20250116,1.73
801200.SI,20250117,1.69
801200.SI,20250120,1.71
801200.SI,20250121,1.71
801200.SI,20250122,1.68
801200.SI,20250123,1.68
801200.SI,20250124,1.69
801200.SI,20250127,1.66
801200.SI,20250205,1.64
801200.SI,20250206,1.66
801200.SI,20250207,1.68
801200.SI,20250210,1.73
801200.SI,20250211,1.73
801200.SI,20250212,1.75
801200.SI,20250213,1.75
801200.SI,20250214,1.74
801200.SI,20250217,1.75
801200.SI,20250218,1.68
801200.SI,20250219,1.7
801200.SI,20250220,1.72
801200.SI,20250221,1.72
801200.SI,20250224,1.71
801200.SI,20250225,1.71
801200.SI,20250226,1.72
801200.SI,20250227,1.76
801200.SI,20250228,1.71
801200.SI,20250303,1.71
801200.SI,20250304,1.7
801200.SI,20250305,1.71
801200.SI,20250306,1.74
801200.SI,20250307,1.72
801200.SI,20250310,1.71
801200.SI,20250311,1.73
801200.SI,20250312,1.74
801200.SI,20250313,1.72
801200.SI,20250314,1.76
801200.SI,20250317,1.76
801200.SI,20250318,1.77
801200.SI,20250319,1.75
801200.SI,20250320,1.73
801200.SI,20250321,1.7
801200.SI,20250324,1.68
801200.SI,20250325,1.67
801200.SI,20250326,1.69
801200.SI,20250327,1.69
801200.SI,20250328,1.67
801200.SI,20250331,1.66
801200.SI,20250401,1.65
801200.SI,20250402,1.65
801200.SI,20250403,1.66
801200.SI,20250407,1.52
801200.SI,20250408,1.57
801200.SI,20250409,1.64
801200.SI,20250410,1.72
801200.SI,20250411,1.71
801200.SI,20250414,1.74
801200.SI,20250415,1.72
801200.SI,20250416,1.72
801200.SI,20250417,1.72
801200.SI,20250418,1.71
801200.SI,20250421,1.73
801200.SI,20250422,1.75
801200.SI,20250423,1.72
801200.SI,20250424,1.7
801200.SI,20250425,1.71
801200.SI,20250428,1.68
801200.SI,20250429,1.77
801200.SI,20250430,1.77
801200.SI,20250506,1.79
801200.SI,20250507,1.8
801200.SI,20250508,1.81
801200.SI,20250509,1.78
801200.SI,20250512,1.79
801200.SI,20250513,1.8
801200.SI,20250514,1.82
801200.SI,20250515,1.8
801200.SI,20250516,1.81
801200.SI,20250519,1.82
801200.SI,20250520,1.84
801200.SI,20250521,1.83
801200.SI,20250522,1.81
801200.SI,20250523,1.78
801200.SI,20250526,1.79
801200.SI,20250527,1.79
801200.SI,20250528,1.8
801200.SI,20250529,1.81
801200.SI,20250530,1.79
801200.SI,20250603,1.81
801200.SI,20250604,1.83
801200.SI,20250605,1.82
801200.SI,20250606,1.81
801200.SI,20250609,1.82
801200.SI,20250610,1.81
801200.SI,20250611,1.82
801200.SI,20250612,1.82
801200.SI,20250613,1.79
801200.SI,20250616,1.79
801200.SI,20250617,1.8
801200.SI,20250618,1.79
801200.SI,20250619,1.76
801200.SI,20250620,1.74
801200.SI,20250623,1.76
801200.SI,20250624,1.81
801200.SI,20250625,1.83
801200.SI,20250626,1.83
801200.SI,20250627,1.82
801200.SI,20250630,1.84
801200.SI,20250701,1.83
801200.SI,20250702,1.82
801200.SI,20250703,1.82
801200.SI,20250704,1.81
801200.SI,20250707,1.82
801200.SI,20250708,1.83
801200.SI,20250709,1.84
801200.SI,20250710,1.85
801200.SI,20250711,1.85
801200.SI,20250714,1.84
801200.SI,20250715,1.82
801200.SI,20250716,1.83
801200.SI,20250717,1.85
801200.SI,20250718,1.86
801200.SI,20250721,1.87
801200.SI,20250722,1.87
801200.SI,20250723,1.87
801200.SI,20250724,1.92
801200.SI,20250725,1.91
801200.SI,20250728,1.91
801200.SI,20250729,1.9
801200.SI,20250730,1.9
801200.SI,20250731,1.87
801200.SI,20250801,1.86
801200.SI,20250804,1.86
801200.SI,20250805,1.86
801200.SI,20250806,1.86
801200.SI,20250807,1.86
801200.SI,20250808,1.86
801200.SI,20250811,1.88
801200.SI,20250812,1.88
801200.SI,20250813,1.9
801200.SI,20250814,1.87
801200.SI,20250815,1.88
801200.SI,20250818,1.91
801200.SI,20250819,1.93
801200.SI,20250820,1.95
801200.SI,20250821,1.97
801200.SI,20250822,1.97
801200.SI,20250825,2.03
801200.SI,20250826,2.05
801200.SI,20250827,2.03
801200.SI,20250828,2.03
801200.SI,20250829,2.04
801200.SI,20250901,2.06
801200.SI,20250902,2.03
801200.SI,20250903,1.98
801200.SI,20250904,2.01
801200.SI,20250905,2.04
801200.SI,20250908,2.04
801200.SI,20250909,2.04
801200.SI,20250910,2.06
801200.SI,20250911,2.07
801200.SI,20250912,2.06
801200.SI,20250915,2.06
801200.SI,20250916,2.1
801200.SI,20250917,2.07
801200.SI,20250918,2.05
801200.SI,20250919,2.05
801200.SI,20250922,2.02
801200.SI,20250923,1.96
801200.SI,20250924,1.98
801200.SI,20250925,1.97
801200.SI,20250926,1.96
801200.SI,20250929,1.96
801200.SI,20250930,1.96
801200.SI,20251009,1.96
801200.SI,20251010,1.95
801200.SI,20251013,1.95
801200.SI,20251014,1.96
801200.SI,20251015,1.99
801200.SI,20251016,1.97
801200.SI,20251017,1.94
801200.SI,20251020,1.95
801200.SI,20251021,1.97
801200.SI,20251022,1.96
801200.SI,20251023,1.96
801200.SI,20251024,1.95
801200.SI,20251027,1.95
801200.SI,20251028,1.94
801200.SI,20251029,1.95
801200.SI,20251030,1.93
801200.SI,20251031,1.97
801200.SI,20251103,1.98
801200.SI,20251104,1.96
801200.SI,20251105,1.99
801200.SI,20251106,1.97
801200.SI,20251107,1.98
801200.SI,20251110,2.04
801200.SI,20251111,2.07
801200.SI,20251112,2.05
801200.SI,20251113,2.08
801200.SI,20251114,2.06
801200.SI,20251117,2.07
801200.SI,20251118,2.04
801200.SI,20251119,2.0
801200.SI,20251120,1.98
801200.SI,20251121,1.91
801200.SI,20251124,1.93
801200.SI,20251125,1.95
801200.SI,20251126,1.97
801200.SI,20251127,1.95
801200.SI,20251128,1.98
801200.SI,20251201,2.01
801200.SI,20251202,2.01
801200.SI,20251203,1.98
801200.SI,20251204,1.95
801200.SI,20251205,1.97
801200.SI,20251208,1.98
801200.SI,20251209,1.99
801200.SI,20251210,2.03
801200.SI,20251211,1.98
801200.SI,20251212,1.96
801200.SI,20251215,1.99
801200.SI,20251216,2.01
801200.SI,20251217,2.02
801200.SI,20251218,2.01
801200.SI,20251219,2.09
801200.SI,20251222,2.12
801200.SI,20251223,2.08
801200.SI,20251224,2.09
801200.SI,20251225,2.08
801200.SI,20251226,2.09
801200.SI,20251229,2.08
801200.SI,20251230,2.05
801200.SI,20251231,2.06
801210.SI,20221010,2.91
801210.SI,20221011,2.88
801210.SI,20221012,2.93
801210.SI,20221013,2.95
801210.SI,20221014,3.04
801210.SI,20221017,3.1
801210.SI,20221018,3.1
801210.SI,20221019,3.07
801210.SI,20221020,3.1
801210.SI,20221021,3.11
801210.SI,20221024,2.99
801210.SI,20221025,3.0
801210.SI,20221026,3.03
801210.SI,20221027,3.04
801210.SI,20221028,2.98
801210.SI,20221031,2.97
801210.SI,20221101,3.13
801210.SI,20221102,3.18
801210.SI,20221103,3.19
801210.SI,20221104,3.29
801210.SI,20221107,3.3
801210.SI,20221108,3.27
801210.SI,20221109,3.29
801210.SI,20221110,3.33
801210.SI,20221111,3.34
801210.SI,20221114,3.28
801210.SI,20221115,3.32
801210.SI,20221116,3.34
801210.SI,20221117,3.34
801210.SI,20221118,3.34
801210.SI,20221121,3.27
801210.SI,20221122,3.23
801210.SI,20221123,3.18
801210.SI,20221124,3.15
801210.SI,20221125,3.14
801210.SI,20221128,3.2
801210.SI,20221129,3.36
801210.SI,20221130,3.37
801210.SI,20221201,3.38
801210.SI,20221202,3.42
801210.SI,20221205,3.43
801210.SI,20221206,3.45
801210.SI,20221207,3.5
801210.SI,20221208,3.53
801210.SI,20221209,3.49
801210.SI,20221212,3.5
801210.SI,20221213,3.55
801210.SI,20221214,3.62
801210.SI,20221215,3.58
801210.SI,20221216,3.59
801210.SI,20221219,3.56
801210.SI,20221220,3.47
801210.SI,20221221,3.53
801210.SI,20221222,3.53
801210.SI,20221223,3.57
801210.SI,20221226,3.63
801210.SI,20221227,3.63
801210.SI,20221228,3.62
801210.SI,20221229,3.58
801210.SI,20221230,3.61
801210.SI,20230103,3.58
801210.SI,20230104,3.63
801210.SI,20230105,3.65
801210.SI,20230106,3.57
801210.SI,20230109,3.61
801210.SI,20230110,3.6
801210.SI,20230111,3.56
801210.SI,20230112,3.53
801210.SI,20230113,3.56
801210.SI,20230116,3.58
801210.SI,20230117,3.61
801210.SI,20230118,3.57
801210.SI,20230119,3.58
801210.SI,20230120,3.61
801210.SI,20230130,3.64
801210.SI,20230131,3.61
801210.SI,20230201,3.64
801210.SI,20230202,3.65
801210.SI,20230203,3.64
801210.SI,20230206,3.6
801210.SI,20230207,3.59
801210.SI,20230208,3.56
801210.SI,20230209,3.63
801210.SI,20230210,3.69
801210.SI,20230213,3.77
801210.SI,20230214,3.73
801210.SI,20230215,3.72
801210.SI,20230216,3.68
801210.SI,20230217,3.65
801210.SI,20230220,3.69
801210.SI,20230221,3.69
801210.SI,20230222,3.68
801210.SI,20230223,3.67
801210.SI,20230224,3.66
801210.SI,20230227,3.66
801210.SI,20230228,3.7
801210.SI,20230301,3.71
801210.SI,20230302,3.73
801210.SI,20230303,3.75
801210.SI,20230306,3.79
801210.SI,20230307,3.72
801210.SI,20230308,3.72
801210.SI,20230309,3.68
801210.SI,20230310,3.62
801210.SI,20230313,3.65
801210.SI,20230314,3.58
801210.SI,20230315,3.55
801210.SI,20230316,3.5
801210.SI,20230317,3.52
801210.SI,20230320,3.5
801210.SI,20230321,3.6
801210.SI,20230322,3.6
801210.SI,20230323,3.58
801210.SI,20230324,3.6
801210.SI,20230327,3.63
801210.SI,20230328,3.61
801210.SI,20230329,3.64
801210.SI,20230330,3.69
801210.SI,20230331,3.71
801210.SI,20230403,3.74
801210.SI,20230404,3.71
801210.SI,20230406,3.69
801210.SI,20230407,3.73
801210.SI,20230410,3.73
801210.SI,20230411,3.74
801210.SI,20230412,3.7
801210.SI,20230413,3.79
801210.SI,20230414,3.71
801210.SI,20230417,3.71
801210.SI,20230418,3.65
801210.SI,20230419,3.68
801210.SI,20230420,3.62
801210.SI,20230421,3.51
801210.SI,20230424,3.46
801210.SI,20230425,3.4
801210.SI,20230426,3.43
801210.SI,20230427,3.44
801210.SI,20230428,3.52
801210.SI,20230504,3.42
801210.SI,20230505,3.42
801210.SI,20230508,3.41
801210.SI,20230509,3.35
801210.SI,20230510,3.37
801210.SI,20230511,3.41
801210.SI,20230512,3.37
801210.SI,20230515,3.42
801210.SI,20230516,3.34
801210.SI,20230517,3.33
801210.SI,20230518,3.33
801210.SI,20230519,3.33
801210.SI,20230522,3.36
801210.SI,20230523,3.32
801210.SI,20230524,3.28
801210.SI,20230525,3.25
801210.SI,20230526,3.31
801210.SI,20230529,3.3
801210.SI,20230530,3.32
801210.SI,20230531,3.36
801210.SI,20230601,3.41
801210.SI,20230602,3.39
801210.SI,20230605,3.44
801210.SI,20230606,3.39
801210.SI,20230607,3.45
801210.SI,20230608,3.44
801210.SI,20230609,3.44
801210.SI,20230612,3.47
801210.SI,20230613,3.5
801210.SI,20230614,3.52
801210.SI,20230615,3.55
801210.SI,20230616,3.55
801210.SI,20230619,3.53
801210.SI,20230620,3.47
801210.SI,20230621,3.39
801210.SI,20230626,3.31
801210.SI,20230627,3.39
801210.SI,20230628,3.34
801210.SI,20230629,3.32
801210.SI,20230630,3.34
801210.SI,20230703,3.42
801210.SI,20230704,3.42
801210.SI,20230705,3.47
801210.SI,20230706,3.46
801210.SI,20230707,3.44
801210.SI,20230710,3.48
801210.SI,20230711,3.48
801210.SI,20230712,3.47
801210.SI,20230713,3.5
801210.SI,20230714,3.47
801210.SI,20230717,3.44
801210.SI,20230718,3.41
801210.SI,20230719,3.42
801210.SI,20230720,3.44
801210.SI,20230721,3.44
801210.SI,20230724,3.43
801210.SI,20230725,3.49
801210.SI,20230726,3.48
801210.SI,20230727,3.47
801210.SI,20230728,3.49
801210.SI,20230731,3.55
801210.SI,20230801,3.52
801210.SI,20230802,3.49
801210.SI,20230803,3.49
801210.SI,20230804,3.5
801210.SI,20230807,3.49
801210.SI,20230808,3.5
801210.SI,20230809,3.45
801210.SI,20230810,3.46
801210.SI,20230811,3.41
801210.SI,20230814,3.46
801210.SI,20230815,3.39
801210.SI,20230816,3.34
801210.SI,20230817,3.37
801210.SI,20230818,3.3
801210.SI,20230821,3.28
801210.SI,20230822,3.29
801210.SI,20230823,3.26
801210.SI,20230824,3.27
801210.SI,20230825,3.18
801210.SI,20230828,3.19
801210.SI,20230829,3.27
801210.SI,20230830,3.26
801210.SI,20230831,3.22
801210.SI,20230901,3.23
801210.SI,20230904,3.28
801210.SI,20230905,3.27
801210.SI,20230906,3.25
801210.SI,20230907,3.25
801210.SI,20230908,3.24
801210.SI,20230911,3.27
801210.SI,20230912,3.25
801210.SI,20230913,3.22
801210.SI,20230914,3.18
801210.SI,20230915,3.2
801210.SI,20230918,3.25
801210.SI,20230919,3.18
801210.SI,20230920,3.1
801210.SI,20230921,3.07
801210.SI,20230922,3.11
801210.SI,20230925,3.07
801210.SI,20230926,3.07
801210.SI,20230927,3.08
801210.SI,20230928,3.1
801210.SI,20231009,2.99
801210.SI,20231010,2.98
801210.SI,20231011,2.98
801210.SI,20231012,3.01
801210.SI,20231013,2.94
801210.SI,20231016,2.9
801210.SI,20231017,2.89
801210.SI,20231018,2.82
801210.SI,20231019,2.82
801210.SI,20231020,2.78
801210.SI,20231023,2.71
801210.SI,20231024,2.75
801210.SI,20231025,2.79
801210.SI,20231026,2.77
801210.SI,20231027,2.81
801210.SI,20231030,2.82
801210.SI,20231031,2.8
801210.SI,20231101,2.8
801210.SI,20231102,2.77
801210.SI,20231103,2.8
801210.SI,20231106,2.85
801210.SI,20231107,2.84
801210.SI,20231108,2.85
801210.SI,20231109,2.85
801210.SI,20231110,2.84
801210.SI,20231113,2.88
801210.SI,20231114,2.89
801210.SI,20231115,2.9
801210.SI,20231116,2.9
801210.SI,20231117,2.9
801210.SI,20231120,2.94
801210.SI,20231121,2.95
801210.SI,20231122,2.93
801210.SI,20231123,2.93
801210.SI,20231124,2.91
801210.SI,20231127,2.91
801210.SI,20231128,2.93
801210.SI,20231129,2.92
801210.SI,20231130,2.95
801210.SI,20231201,2.99
801210.SI,20231204,3.0
801210.SI,20231205,2.94
801210.SI,20231206,2.95
801210.SI,20231207,2.94
801210.SI,20231208,2.91
801210.SI,20231211,2.93
801210.SI,20231212,2.98
801210.SI,20231213,2.94
801210.SI,20231214,2.94
801210.SI,20231215,2.91
801210.SI,20231218,2.84
801210.SI,20231219,2.87
801210.SI,20231220,2.79
801210.SI,20231221,2.82
801210.SI,20231222,2.75
801210.SI,20231225,2.72
801210.SI,20231226,2.68
801210.SI,20231227,2.69
801210.SI,20231228,2.75
801210.SI,20231229,2.78
801210.SI,20240102,2.79
801210.SI,20240103,2.81
801210.SI,20240104,2.81
801210.SI,20240105,2.76
801210.SI,20240108,2.72
801210.SI,20240109,2.77
801210.SI,20240110,2.75
801210.SI,20240111,2.78
801210.SI,20240112,2.74
801210.SI,20240115,2.77
801210.SI,20240116,2.78
801210.SI,20240117,2.7
801210.SI,20240118,2.65
801210.SI,20240119,2.67
801210.SI,20240122,2.52
801210.SI,20240123,2.54
801210.SI,20240124,2.6
801210.SI,20240125,2.71
801210.SI,20240126,2.69
801210.SI,20240129,2.6
801210.SI,20240130,2.52
801210.SI,20240131,2.39
801210.SI,20240201,2.33
801210.SI,20240202,2.28
801210.SI,20240205,2.14
801210.SI,20240206,2.22
801210.SI,20240207,2.25
801210.SI,20240208,2.35
801210.SI,20240219,2.43
801210.SI,20240220,2.44
801210.SI,20240221,2.48
801210.SI,20240222,2.5
801210.SI,20240223,2.53
801210.SI,20240226,2.54
801210.SI,20240227,2.59
801210.SI,20240228,2.49
801210.SI,20240229,2.56
801210.SI,20240301,2.56
801210.SI,20240304,2.56
801210.SI,20240305,2.53
801210.SI,20240306,2.53
801210.SI,20240307,2.53
801210.SI,20240308,2.5
801210.SI,20240311,2.55
801210.SI,20240312,2.61
801210.SI,20240313,2.62
801210.SI,20240314,2.62
801210.SI,20240315,2.62
801210.SI,20240318,2.68
801210.SI,20240319,2.65
801210.SI,20240320,2.7
801210.SI,20240321,2.72
801210.SI,20240322,2.68
801210.SI,20240325,2.61
801210.SI,20240326,2.6
801210.SI,20240327,2.52
801210.SI,20240328,2.58
801210.SI,20240329,2.6
801210.SI,20240401,2.67
801210.SI,20240402,2.67
801210.SI,20240403,2.65
801210.SI,20240408,2.59
801210.SI,20240409,2.63
801210.SI,20240410,2.61
801210.SI,20240411,2.66
801210.SI,20240412,2.64
801210.SI,20240415,2.56
801210.SI,20240416,2.39
801210.SI,20240417,2.53
801210.SI,20240418,2.55
801210.SI,20240419,2.5
801210.SI,20240422,2.53
801210.SI,20240423,2.52
801210.SI,20240424,2.56
801210.SI,20240425,2.56
801210.SI,20240426,2.61
801210.SI,20240429,2.68
801210.SI,20240430,2.66
801210.SI,20240506,2.7
801210.SI,20240507,2.71
801210.SI,20240508,2.66
801210.SI,20240509,2.68
801210.SI,20240510,2.68
801210.SI,20240513,2.64
801210.SI,20240514,2.67
801210.SI,20240515,2.64
801210.SI,20240516,2.66
801210.SI,20240517,2.69
801210.SI,20240520,2.73
801210.SI,20240521,2.7
801210.SI,20240522,2.69
801210.SI,20240523,2.61
801210.SI,20240524,2.58
801210.SI,20240527,2.6
801210.SI,20240528,2.57
801210.SI,20240529,2.59
801210.SI,20240530,2.56
801210.SI,20240531,2.58
801210.SI,20240603,2.53
801210.SI,20240604,2.52
801210.SI,20240605,2.48
801210.SI,20240606,2.4
801210.SI,20240607,2.43
801210.SI,20240611,2.43
801210.SI,20240612,2.45
801210.SI,20240613,2.42
801210.SI,20240614,2.43
801210.SI,20240617,2.41
801210.SI,20240618,2.42
801210.SI,20240619,2.39
801210.SI,20240620,2.37
801210.SI,20240621,2.35
801210.SI,20240624,2.26
801210.SI,20240625,2.29
801210.SI,20240626,2.32
801210.SI,20240627,2.28
801210.SI,20240628,2.27
801210.SI,20240701,2.3
801210.SI,20240702,2.29
801210.SI,20240703,2.31
801210.SI,20240704,2.24
801210.SI,20240705,2.27
801210.SI,20240708,2.22
801210.SI,20240709,2.25
801210.SI,20240710,2.23
801210.SI,20240711,2.29
801210.SI,20240712,2.29
801210.SI,20240715,2.24
801210.SI,20240716,2.23
801210.SI,20240717,2.24
801210.SI,20240718,2.26
801210.SI,20240719,2.25
801210.SI,20240722,2.24
801210.SI,20240723,2.2
801210.SI,20240724,2.16
801210.SI,20240725,2.16
801210.SI,20240726,2.19
801210.SI,20240729,2.18
801210.SI,20240730,2.2
801210.SI,20240731,2.3
801210.SI,20240801,2.3
801210.SI,20240802,2.3
801210.SI,20240805,2.32
801210.SI,20240806,2.41
801210.SI,20240807,2.41
801210.SI,20240808,2.37
801210.SI,20240809,2.32
801210.SI,20240812,2.27
801210.SI,20240813,2.27
801210.SI,20240814,2.24
801210.SI,20240815,2.26
801210.SI,20240816,2.25
801210.SI,20240819,2.26
801210.SI,20240820,2.22
801210.SI,20240821,2.23
801210.SI,20240822,2.17
801210.SI,20240823,2.19
801210.SI,20240826,2.19
801210.SI,20240827,2.18
801210.SI,20240828,2.18
801210.SI,20240829,2.2
801210.SI,20240830,2.25
801210.SI,20240902,2.21
801210.SI,20240903,2.25
801210.SI,20240904,2.24
801210.SI,20240905,2.26
801210.SI,20240906,2.23
801210.SI,20240909,2.24
801210.SI,20240910,2.21
801210.SI,20240911,2.19
801210.SI,20240912,2.17
801210.SI,20240913,2.15
801210.SI,20240918,2.14
801210.SI,20240919,2.2
801210.SI,20240920,2.19
801210.SI,20240923,2.19
801210.SI,20240924,2.29
801210.SI,20240925,2.32
801210.SI,20240926,2.44
801210.SI,20240927,2.57
801210.SI,20240930,2.86
801210.SI,20241008,3.0
801210.SI,20241009,2.71
801210.SI,20241010,2.73
801210.SI,20241011,2.62
801210.SI,20241014,2.68
801210.SI,20241015,2.64
801210.SI,20241016,2.65
801210.SI,20241017,2.65
801210.SI,20241018,2.73
801210.SI,20241021,2.83
801210.SI,20241022,2.85
801210.SI,20241023,2.83
801210.SI,20241024,2.82
801210.SI,20241025,2.83
801210.SI,20241028,2.9
801210.SI,20241029,2.87
801210.SI,20241030,2.86
801210.SI,20241031,2.91
801210.SI,20241101,2.87
801210.SI,20241104,2.88
801210.SI,20241105,2.95
801210.SI,20241106,2.97
801210.SI,20241107,3.06
801210.SI,20241108,3.05
801210.SI,20241111,3.1
801210.SI,20241112,3.07
801210.SI,20241113,3.05
801210.SI,20241114,2.98
801210.SI,20241115,2.98
801210.SI,20241118,2.84
801210.SI,20241119,2.88
801210.SI,20241120,2.93
801210.SI,20241121,2.92
801210.SI,20241122,2.81
801210.SI,20241125,2.89
801210.SI,20241126,2.87
801210.SI,20241127,2.92
801210.SI,20241128,2.91
801210.SI,20241129,2.95
801210.SI,20241202,3.02
801210.SI,20241203,3.01
801210.SI,20241204,2.95
801210.SI,20241205,3.02
801210.SI,20241206,3.08
801210.SI,20241209,3.06
801210.SI,20241210,3.1
801210.SI,20241211,3.14
801210.SI,20241212,3.21
801210.SI,20241213,3.21
801210.SI,20241216,3.27
801210.SI,20241217,3.11
801210.SI,20241218,3.11
801210.SI,20241219,3.08
801210.SI,20241220,3.06
801210.SI,20241223,2.89
801210.SI,20241224,2.9
801210.SI,20241225,2.84
801210.SI,20241226,2.88
801210.SI,20241227,2.9
801210.SI,20241230,2.86
801210.SI,20241231,2.83
801210.SI,20250102,2.82
801210.SI,20250103,2.69
801210.SI,20250106,2.64
801210.SI,20250107,2.69
801210.SI,20250108,2.68
801210.SI,20250109,2.68
801210.SI,20250110,2.59
801210.SI,20250113,2.61
801210.SI,20250114,2.72
801210.SI,20250115,2.74
801210.SI,20250116,2.76
801210.SI,20250117,2.76
801210.SI,20250120,2.8
801210.SI,20250121,2.76
801210.SI,20250122,2.71
801210.SI,20250123,2.74
801210.SI,20250124,2.78
801210.SI,20250127,2.76
801210.SI,20250205,2.79
801210.SI,20250206,2.83
801210.SI,20250207,2.85
801210.SI,20250210,2.93
801210.SI,20250211,2.92
801210.SI,20250212,2.95
801210.SI,20250213,2.93
801210.SI,20250214,2.92
801210.SI,20250217,2.97
801210.SI,20250218,2.86
801210.SI,20250219,2.89
801210.SI,20250220,2.93
801210.SI,20250221,2.95
801210.SI,20250224,2.94
801210.SI,20250225,2.9
801210.SI,20250226,2.92
801210.SI,20250227,2.94
801210.SI,20250228,2.86
801210.SI,20250303,2.87
801210.SI,20250304,2.9
801210.SI,20250305,2.89
801210.SI,20250306,2.97
801210.SI,20250307,2.98
801210.SI,20250310,3.0
801210.SI,20250311,3.03
801210.SI,20250312,3.03
801210.SI,20250313,3.01
801210.SI,20250314,3.1
801210.SI,20250317,3.11
801210.SI,20250318,3.13
801210.SI,20250319,3.1
801210.SI,20250320,3.1
801210.SI,20250321,3.06
801210.SI,20250324,3.07
801210.SI,20250325,3.07
801210.SI,20250326,3.08
801210.SI,20250327,3.04
801210.SI,20250328,3.01
801210.SI,20250331,2.97
801210.SI,20250401,3.0
801210.SI,20250402,3.03
801210.SI,20250403,3.05
801210.SI,20250407,2.74
801210.SI,20250408,2.82
801210.SI,20250409,2.91
801210.SI,20250410,2.98
801210.SI,20250411,2.96
801210.SI,20250414,3.03
801210.SI,20250415,2.98
801210.SI,20250416,3.0
801210.SI,20250417,3.04
801210.SI,20250418,2.95
801210.SI,20250421,2.99
801210.SI,20250422,2.98
801210.SI,20250423,2.96
801210.SI,20250424,2.94
801210.SI,20250425,2.94
801210.SI,20250428,2.88
801210.SI,20250429,2.84
801210.SI,20250430,2.86
801210.SI,20250506,2.92
801210.SI,20250507,2.91
801210.SI,20250508,2.92
801210.SI,20250509,2.89
801210.SI,20250512,2.91
801210.SI,20250513,2.91
801210.SI,20250514,2.91
801210.SI,20250515,2.87
801210.SI,20250516,2.87
801210.SI,20250519,2.9
801210.SI,20250520,2.94
801210.SI,20250521,2.91
801210.SI,20250522,2.86
801210.SI,20250523,2.82
801210.SI,20250526,2.84
801210.SI,20250527,2.84
801210.SI,20250528,2.82
801210.SI,20250529,2.86
801210.SI,20250530,2.82
801210.SI,20250603,2.86
801210.SI,20250604,2.9
801210.SI,20250605,2.9
801210.SI,20250606,2.88
801210.SI,20250609,2.93
801210.SI,20250610,2.91
801210.SI,20250611,2.94
801210.SI,20250612,2.93
801210.SI,20250613,2.89
801210.SI,20250616,2.9
801210.SI,20250617,2.88
801210.SI,20250618,2.87
801210.SI,20250619,2.82
801210.SI,20250620,2.79
801210.SI,20250623,2.82
801210.SI,20250624,2.87
801210.SI,20250625,2.91
801210.SI,20250626,2.92
801210.SI,20250627,2.93
801210.SI,20250630,2.95
801210.SI,20250701,2.96
801210.SI,20250702,2.94
801210.SI,20250703,2.96
801210.SI,20250704,2.95
801210.SI,20250707,2.96
801210.SI,20250708,2.99
801210.SI,20250709,3.0
801210.SI,20250710,3.01
801210.SI,20250711,3.01
801210.SI,20250714,3.0
801210.SI,20250715,2.97
801210.SI,20250716,3.01
801210.SI,20250717,3.02
801210.SI,20250718,3.05
801210.SI,20250721,3.06
801210.SI,20250722,3.09
801210.SI,20250723,3.05
801210.SI,20250724,3.11
801210.SI,20250725,3.12
801210.SI,20250728,3.11
801210.SI,20250729,3.12
801210.SI,20250730,3.14
801210.SI,20250731,3.11
801210.SI,20250801,3.12
801210.SI,20250804,3.12
801210.SI,20250805,3.13
801210.SI,20250806,3.13
801210.SI,20250807,3.12
801210.SI,20250808,3.12
801210.SI,20250811,3.14
801210.SI,20250812,3.13
801210.SI,20250813,3.04
801210.SI,20250814,3.0
801210.SI,20250815,3.03
801210.SI,20250818,3.09
801210.SI,20250819,3.09
801210.SI,20250820,3.13
801210.SI,20250821,3.12
801210.SI,20250822,3.17
801210.SI,20250825,3.22
801210.SI,20250826,3.23
801210.SI,20250827,3.16
801210.SI,20250828,3.19
801210.SI,20250829,3.15
801210.SI,20250901,3.17
801210.SI,20250902,3.13
801210.SI,20250903,3.09
801210.SI,20250904,3.11
801210.SI,20250905,3.16
801210.SI,20250908,3.16
801210.SI,20250909,3.13
801210.SI,20250910,3.16
801210.SI,20250911,3.17
801210.SI,20250912,3.15
801210.SI,20250915,3.16
801210.SI,20250916,3.2
801210.SI,20250917,3.17
801210.SI,20250918,3.17
801210.SI,20250919,3.21
801210.SI,20250922,3.14
801210.SI,20250923,3.04
801210.SI,20250924,3.05
801210.SI,20250925,3.06
801210.SI,20250926,3.01
801210.SI,20250929,2.98
801210.SI,20250930,2.98
801210.SI,20251009,2.95
801210.SI,20251010,2.95
801210.SI,20251013,2.93
801210.SI,20251014,2.93
801210.SI,20251015,2.97
801210.SI,20251016,2.95
801210.SI,20251017,2.9
801210.SI,20251020,2.94
801210.SI,20251021,2.97
801210.SI,20251022,2.96
801210.SI,20251023,2.99
801210.SI,20251024,2.97
801210.SI,20251027,2.96
801210.SI,20251028,2.94
801210.SI,20251029,2.93
801210.SI,20251030,2.89
801210.SI,20251031,2.93
801210.SI,20251103,2.96
801210.SI,20251104,2.97
801210.SI,20251105,2.98
801210.SI,20251106,2.94
801210.SI,20251107,2.93
801210.SI,20251110,2.99
801210.SI,20251111,2.98
801210.SI,20251112,2.98
801210.SI,20251113,3.01
801210.SI,20251114,2.99
801210.SI,20251117,3.01
801210.SI,20251118,2.98
801210.SI,20251119,2.96
801210.SI,20251120,2.93
801210.SI,20251121,2.84
801210.SI,20251124,2.9
801210.SI,20251125,2.96
801210.SI,20251126,2.93
801210.SI,20251127,2.92
801210.SI,20251128,2.95
801210.SI,20251201,2.99
801210.SI,20251202,2.98
801210.SI,20251203,2.95
801210.SI,20251204,2.91
801210.SI,20251205,2.93
801210.SI,20251208,2.95
801210.SI,20251209,2.92
801210.SI,20251210,2.96
801210.SI,20251211,2.91
801210.SI,20251212,2.91
801210.SI,20251215,2.9
801210.SI,20251216,2.91
801210.SI,20251217,2.94
801210.SI,20251218,2.94
801210.SI,20251219,3.0
801210.SI,20251222,2.99
801210.SI,20251223,2.92
801210.SI,20251224,2.95
801210.SI,20251225,2.96
801210.SI,20251226,2.96
801210.SI,20251229,2.93
801210.SI,20251230,2.91
801210.SI,20251231,2.94
801230.SI,20221010,1.71
801230.SI,20221011,1.75
801230.SI,20221012,1.79
801230.SI,20221013,1.8
801230.SI,20221014,1.78
801230.SI,20221017,1.81
801230.SI,20221018,1.85
801230.SI,20221019,1.84
801230.SI,20221020,1.86
801230.SI,20221021,1.88
801230.SI,20221024,1.83
801230.SI,20221025,1.82
801230.SI,20221026,1.83
801230.SI,20221027,1.81
801230.SI,20221028,1.74
801230.SI,20221031,1.73
801230.SI,20221101,1.8
801230.SI,20221102,1.83
801230.SI,20221103,1.83
801230.SI,20221104,1.87
801230.SI,20221107,1.89
801230.SI,20221108,1.88
801230.SI,20221109,1.89
801230.SI,20221110,1.92
801230.SI,20221111,1.91
801230.SI,20221114,1.88
801230.SI,20221115,1.91
801230.SI,20221116,1.92
801230.SI,20221117,1.92
801230.SI,20221118,1.9
801230.SI,20221121,1.87
801230.SI,20221122,1.88
801230.SI,20221123,1.87
801230.SI,20221124,1.87
801230.SI,20221125,1.86
801230.SI,20221128,1.86
801230.SI,20221129,1.9
801230.SI,20221130,1.9
801230.SI,20221201,1.91
801230.SI,20221202,1.93
801230.SI,20221205,1.98
801230.SI,20221206,1.99
801230.SI,20221207,2.03
801230.SI,20221208,2.02
801230.SI,20221209,2.01
801230.SI,20221212,2.01
801230.SI,20221213,2.03
801230.SI,20221214,2.04
801230.SI,20221215,2.0
801230.SI,20221216,1.99
801230.SI,20221219,1.94
801230.SI,20221220,1.93
801230.SI,20221221,1.93
801230.SI,20221222,1.92
801230.SI,20221223,1.93
801230.SI,20221226,1.97
801230.SI,20221227,1.97
801230.SI,20221228,1.95
801230.SI,20221229,1.93
801230.SI,20221230,1.95
801230.SI,20230103,1.96
801230.SI,20230104,1.96
801230.SI,20230105,1.98
801230.SI,20230106,1.95
801230.SI,20230109,1.96
801230.SI,20230110,1.94
801230.SI,20230111,1.92
801230.SI,20230112,1.91
801230.SI,20230113,1.93
801230.SI,20230116,1.95
801230.SI,20230117,1.92
801230.SI,20230118,1.93
801230.SI,20230119,1.94
801230.SI,20230120,1.96
801230.SI,20230130,1.96
801230.SI,20230131,1.95
801230.SI,20230201,1.97
801230.SI,20230202,1.97
801230.SI,20230203,1.95
801230.SI,20230206,1.95
801230.SI,20230207,1.95
801230.SI,20230208,1.96
801230.SI,20230209,1.96
801230.SI,20230210,1.98
801230.SI,20230213,2.0
801230.SI,20230214,1.99
801230.SI,20230215,1.97
801230.SI,20230216,1.93
801230.SI,20230217,1.92
801230.SI,20230220,1.94
801230.SI,20230221,1.97
801230.SI,20230222,1.96
801230.SI,20230223,1.96
801230.SI,20230224,1.94
801230.SI,20230227,1.92
801230.SI,20230228,1.94
801230.SI,20230301,1.94
801230.SI,20230302,1.93
801230.SI,20230303,1.95
801230.SI,20230306,1.94
801230.SI,20230307,1.9
801230.SI,20230308,1.92
801230.SI,20230309,1.91
801230.SI,20230310,1.88
801230.SI,20230313,1.88
801230.SI,20230314,1.85
801230.SI,20230315,1.87
801230.SI,20230316,1.84
801230.SI,20230317,1.85
801230.SI,20230320,1.84
801230.SI,20230321,1.86
801230.SI,20230322,1.86
801230.SI,20230323,1.86
801230.SI,20230324,1.89
801230.SI,20230327,1.89
801230.SI,20230328,1.87
801230.SI,20230329,1.87
801230.SI,20230330,1.87
801230.SI,20230331,1.91
801230.SI,20230403,1.96
801230.SI,20230404,1.93
801230.SI,20230406,1.95
801230.SI,20230407,1.95
801230.SI,20230410,1.91
801230.SI,20230411,1.91
801230.SI,20230412,1.92
801230.SI,20230413,1.9
801230.SI,20230414,1.9
801230.SI,20230417,1.9
801230.SI,20230418,1.88
801230.SI,20230419,1.87
801230.SI,20230420,1.87
801230.SI,20230421,1.79
801230.SI,20230424,1.78
801230.SI,20230425,1.76
801230.SI,20230426,1.76
801230.SI,20230427,1.76
801230.SI,20230428,1.79
801230.SI,20230504,1.86
801230.SI,20230505,1.85
801230.SI,20230508,1.84
801230.SI,20230509,1.81
801230.SI,20230510,1.82
801230.SI,20230511,1.83
801230.SI,20230512,1.81
801230.SI,20230515,1.83
801230.SI,20230516,1.81
801230.SI,20230517,1.82
801230.SI,20230518,1.81
801230.SI,20230519,1.81
801230.SI,20230522,1.81
801230.SI,20230523,1.81
801230.SI,20230524,1.8
801230.SI,20230525,1.8
801230.SI,20230526,1.8
801230.SI,20230529,1.77
801230.SI,20230530,1.78
801230.SI,20230531,1.81
801230.SI,20230601,1.8
801230.SI,20230602,1.82
801230.SI,20230605,1.81
801230.SI,20230606,1.78
801230.SI,20230607,1.78
801230.SI,20230608,1.79
801230.SI,20230609,1.8
801230.SI,20230612,1.82
801230.SI,20230613,1.83
801230.SI,20230614,1.84
801230.SI,20230615,1.84
801230.SI,20230616,1.84
801230.SI,20230619,1.83
801230.SI,20230620,1.81
801230.SI,20230621,1.79
801230.SI,20230626,1.76
801230.SI,20230627,1.79
801230.SI,20230628,1.77
801230.SI,20230629,1.79
801230.SI,20230630,1.81
801230.SI,20230703,1.83
801230.SI,20230704,1.83
801230.SI,20230705,1.82
801230.SI,20230706,1.42
801230.SI,20230707,1.42
801230.SI,20230710,1.42
801230.SI,20230711,1.43
801230.SI,20230712,1.41
801230.SI,20230713,1.42
801230.SI,20230714,1.41
801230.SI,20230717,1.4
801230.SI,20230718,1.4
801230.SI,20230719,1.4
801230.SI,20230720,1.39
801230.SI,20230721,1.39
801230.SI,20230724,1.39
801230.SI,20230725,1.42
801230.SI,20230726,1.43
801230.SI,20230727,1.42
801230.SI,20230728,1.45
801230.SI,20230731,1.47
801230.SI,20230801,1.48
801230.SI,20230802,1.48
801230.SI,20230803,1.47
801230.SI,20230804,1.47
801230.SI,20230807,1.46
801230.SI,20230808,1.45
801230.SI,20230809,1.43
801230.SI,20230810,1.43
801230.SI,20230811,1.41
801230.SI,20230814,1.41
801230.SI,20230815,1.41
801230.SI,20230816,1.4
801230.SI,20230817,1.41
801230.SI,20230818,1.39
801230.SI,20230821,1.38
801230.SI,20230822,1.37
801230.SI,20230823,1.36
801230.SI,20230824,1.35
801230.SI,20230825,1.33
801230.SI,20230828,1.37
801230.SI,20230829,1.4
801230.SI,20230830,1.39
801230.SI,20230831,1.36
801230.SI,20230901,1.37
801230.SI,20230904,1.39
801230.SI,20230905,1.38
801230.SI,20230906,1.38
801230.SI,20230907,1.36
801230.SI,20230908,1.37
801230.SI,20230911,1.39
801230.SI,20230912,1.38
801230.SI,20230913,1.37
801230.SI,20230914,1.36
801230.SI,20230915,1.37
801230.SI,20230918,1.38
801230.SI,20230919,1.37
801230.SI,20230920,1.36
801230.SI,20230921,1.35
801230.SI,20230922,1.37
801230.SI,20230925,1.36
801230.SI,20230926,1.35
801230.SI,20230927,1.35
801230.SI,20230928,1.37
801230.SI,20231009,1.35
801230.SI,20231010,1.35
801230.SI,20231011,1.34
801230.SI,20231012,1.36
801230.SI,20231013,1.35
801230.SI,20231016,1.34
801230.SI,20231017,1.34
801230.SI,20231018,1.32
801230.SI,20231019,1.3
801230.SI,20231020,1.3
801230.SI,20231023,1.26
801230.SI,20231024,1.28
801230.SI,20231025,1.3
801230.SI,20231026,1.3
801230.SI,20231027,1.33
801230.SI,20231030,1.36
801230.SI,20231031,1.36
801230.SI,20231101,1.36
801230.SI,20231102,1.35
801230.SI,20231103,1.35
801230.SI,20231106,1.36
801230.SI,20231107,1.36
801230.SI,20231108,1.36
801230.SI,20231109,1.35
801230.SI,20231110,1.35
801230.SI,20231113,1.37
801230.SI,20231114,1.37
801230.SI,20231115,1.38
801230.SI,20231116,1.37
801230.SI,20231117,1.38
801230.SI,20231120,1.39
801230.SI,20231121,1.39
801230.SI,20231122,1.4
801230.SI,20231123,1.41
801230.SI,20231124,1.4
801230.SI,20231127,1.39
801230.SI,20231128,1.4
801230.SI,20231129,1.4
801230.SI,20231130,1.39
801230.SI,20231201,1.4
801230.SI,20231204,1.41
801230.SI,20231205,1.39
801230.SI,20231206,1.4
801230.SI,20231207,1.4
801230.SI,20231208,1.38
801230.SI,20231211,1.39
801230.SI,20231212,1.42
801230.SI,20231213,1.42
801230.SI,20231214,1.43
801230.SI,20231215,1.43
801230.SI,20231218,1.41
801230.SI,20231219,1.39
801230.SI,20231220,1.38
801230.SI,20231221,1.4
801230.SI,20231222,1.37
801230.SI,20231225,1.35
801230.SI,20231226,1.34
801230.SI,20231227,1.34
801230.SI,20231228,1.37
801230.SI,20231229,1.39
801230.SI,20240102,1.39
801230.SI,20240103,1.39
801230.SI,20240104,1.4
801230.SI,20240105,1.38
801230.SI,20240108,1.34
801230.SI,20240109,1.35
801230.SI,20240110,1.34
801230.SI,20240111,1.36
801230.SI,20240112,1.35
801230.SI,20240115,1.35
801230.SI,20240116,1.34
801230.SI,20240117,1.31
801230.SI,20240118,1.29
801230.SI,20240119,1.29
801230.SI,20240122,1.22
801230.SI,20240123,1.23
801230.SI,20240124,1.26
801230.SI,20240125,1.3
801230.SI,20240126,1.3
801230.SI,20240129,1.27
801230.SI,20240130,1.23
801230.SI,20240131,1.18
801230.SI,20240201,1.15
801230.SI,20240202,1.1
801230.SI,20240205,1.03
801230.SI,20240206,1.04
801230.SI,20240207,1.04
801230.SI,20240208,1.09
801230.SI,20240219,1.11
801230.SI,20240220,1.11
801230.SI,20240221,1.12
801230.SI,20240222,1.14
801230.SI,20240223,1.16
801230.SI,20240226,1.18
801230.SI,20240227,1.2
801230.SI,20240228,1.15
801230.SI,20240229,1.18
801230.SI,20240301,1.18
801230.SI,20240304,1.18
801230.SI,20240305,1.16
801230.SI,20240306,1.17
801230.SI,20240307,1.18
801230.SI,20240308,1.18
801230.SI,20240311,1.19
801230.SI,20240312,1.21
801230.SI,20240313,1.2
801230.SI,20240314,1.2
801230.SI,20240315,1.22
801230.SI,20240318,1.24
801230.SI,20240319,1.25
801230.SI,20240320,1.27
801230.SI,20240321,1.28
801230.SI,20240322,1.26
801230.SI,20240325,1.23
801230.SI,20240326,1.23
801230.SI,20240327,1.2
801230.SI,20240328,1.22
801230.SI,20240329,1.24
801230.SI,20240401,1.26
801230.SI,20240402,1.27
801230.SI,20240403,1.27
801230.SI,20240408,1.26
801230.SI,20240409,1.27
801230.SI,20240410,1.25
801230.SI,20240411,1.26
801230.SI,20240412,1.24
801230.SI,20240415,1.18
801230.SI,20240416,1.11
801230.SI,20240417,1.15
801230.SI,20240418,1.15
801230.SI,20240419,1.14
801230.SI,20240422,1.11
801230.SI,20240423,1.11
801230.SI,20240424,1.11
801230.SI,20240425,1.12
801230.SI,20240426,1.14
801230.SI,20240429,1.16
801230.SI,20240430,1.2
801230.SI,20240506,1.23
801230.SI,20240507,1.23
801230.SI,20240508,1.22
801230.SI,20240509,1.24
801230.SI,20240510,1.24
801230.SI,20240513,1.23
801230.SI,20240514,1.24
801230.SI,20240515,1.22
801230.SI,20240516,1.23
801230.SI,20240517,1.25
801230.SI,20240520,1.25
801230.SI,20240521,1.23
801230.SI,20240522,1.23
801230.SI,20240523,1.2
801230.SI,20240524,1.19
801230.SI,20240527,1.19
801230.SI,20240528,1.17
801230.SI,20240529,1.13
801230.SI,20240530,1.12
801230.SI,20240531,1.11
801230.SI,20240603,1.07
801230.SI,20240604,1.07
801230.SI,20240605,1.05
801230.SI,20240606,1.01
801230.SI,20240607,1.03
801230.SI,20240611,1.03
801230.SI,20240612,1.03
801230.SI,20240613,1.01
801230.SI,20240614,1.01
801230.SI,20240617,1.0
801230.SI,20240618,1.01
801230.SI,20240619,1.0
801230.SI,20240620,0.98
801230.SI,20240621,0.97
801230.SI,20240624,0.94
801230.SI,20240625,0.94
801230.SI,20240626,0.96
801230.SI,20240627,0.94
801230.SI,20240628,0.95
801230.SI,20240701,0.96
801230.SI,20240702,0.98
801230.SI,20240703,0.98
801230.SI,20240704,0.96
801230.SI,20240705,0.97
801230.SI,20240708,0.94
801230.SI,20240709,0.94
801230.SI,20240710,0.94
801230.SI,20240711,0.97
801230.SI,20240712,0.97
801230.SI,20240715,0.95
801230.SI,20240716,0.96
801230.SI,20240717,0.97
801230.SI,20240718,0.98
801230.SI,20240719,0.97
801230.SI,20240722,0.96
801230.SI,20240723,0.94
801230.SI,20240724,0.93
801230.SI,20240725,0.93
801230.SI,20240726,0.95
801230.SI,20240729,0.97
801230.SI,20240730,0.98
801230.SI,20240731,1.06
801230.SI,20240801,1.05
801230.SI,20240802,1.05
801230.SI,20240805,1.04
801230.SI,20240806,1.05
801230.SI,20240807,1.04
801230.SI,20240808,1.05
801230.SI,20240809,1.04
801230.SI,20240812,1.03
801230.SI,20240813,1.04
801230.SI,20240814,1.03
801230.SI,20240815,1.03
801230.SI,20240816,1.02
801230.SI,20240819,1.02
801230.SI,20240820,1.02
801230.SI,20240821,1.01
801230.SI,20240822,1.0
801230.SI,20240823,1.0
801230.SI,20240826,1.01
801230.SI,20240827,1.0
801230.SI,20240828,1.02
801230.SI,20240829,1.04
801230.SI,20240830,1.05
801230.SI,20240902,1.05
801230.SI,20240903,1.04
801230.SI,20240904,1.04
801230.SI,20240905,1.04
801230.SI,20240906,1.04
801230.SI,20240909,1.04
801230.SI,20240910,1.04
801230.SI,20240911,1.04
801230.SI,20240912,1.03
801230.SI,20240913,1.03
801230.SI,20240918,1.02
801230.SI,20240919,1.04
801230.SI,20240920,1.05
801230.SI,20240923,1.06
801230.SI,20240924,1.1
801230.SI,20240925,1.13
801230.SI,20240926,1.18
801230.SI,20240927,1.22
801230.SI,20240930,1.33
801230.SI,20241008,1.39
801230.SI,20241009,1.31
801230.SI,20241010,1.3
801230.SI,20241011,1.27
801230.SI,20241014,1.3
801230.SI,20241015,1.27
801230.SI,20241016,1.27
801230.SI,20241017,1.25
801230.SI,20241018,1.28
801230.SI,20241021,1.29
801230.SI,20241022,1.32
801230.SI,20241023,1.33
801230.SI,20241024,1.34
801230.SI,20241025,1.38
801230.SI,20241028,1.45
801230.SI,20241029,1.45
801230.SI,20241030,1.46
801230.SI,20241031,1.47
801230.SI,20241101,1.42
801230.SI,20241104,1.42
801230.SI,20241105,1.44
801230.SI,20241106,1.45
801230.SI,20241107,1.5
801230.SI,20241108,1.49
801230.SI,20241111,1.51
801230.SI,20241112,1.5
801230.SI,20241113,1.5
801230.SI,20241114,1.5
801230.SI,20241115,1.46
801230.SI,20241118,1.47
801230.SI,20241119,1.5
801230.SI,20241120,1.55
801230.SI,20241121,1.55
801230.SI,20241122,1.53
801230.SI,20241125,1.56
801230.SI,20241126,1.54
801230.SI,20241127,1.54
801230.SI,20241128,1.57
801230.SI,20241129,1.59
801230.SI,20241202,1.67
801230.SI,20241203,1.69
801230.SI,20241204,1.68
801230.SI,20241205,1.67
801230.SI,20241206,1.67
801230.SI,20241209,1.63
801230.SI,20241210,1.62
801230.SI,20241211,1.66
801230.SI,20241212,1.7
801230.SI,20241213,1.68
801230.SI,20241216,1.69
801230.SI,20241217,1.62
801230.SI,20241218,1.61
801230.SI,20241219,1.6
801230.SI,20241220,1.61
801230.SI,20241223,1.53
801230.SI,20241224,1.57
801230.SI,20241225,1.54
801230.SI,20241226,1.59
801230.SI,20241227,1.61
801230.SI,20241230,1.6
801230.SI,20241231,1.56
801230.SI,20250102,1.57
801230.SI,20250103,1.5
801230.SI,20250106,1.51
801230.SI,20250107,1.57
801230.SI,20250108,1.6
801230.SI,20250109,1.58
801230.SI,20250110,1.53
801230.SI,20250113,1.54
801230.SI,20250114,1.59
801230.SI,20250115,1.54
801230.SI,20250116,1.57
801230.SI,20250117,1.57
801230.SI,20250120,1.59
801230.SI,20250121,1.58
801230.SI,20250122,1.57
801230.SI,20250123,1.56
801230.SI,20250124,1.56
801230.SI,20250127,1.53
801230.SI,20250205,1.5
801230.SI,20250206,1.51
801230.SI,20250207,1.56
801230.SI,20250210,1.58
801230.SI,20250211,1.58
801230.SI,20250212,1.59
801230.SI,20250213,1.59
801230.SI,20250214,1.58
801230.SI,20250217,1.6
801230.SI,20250218,1.57
801230.SI,20250219,1.58
801230.SI,20250220,1.57
801230.SI,20250221,1.58
801230.SI,20250224,1.6
801230.SI,20250225,1.59
801230.SI,20250226,1.6
801230.SI,20250227,1.62
801230.SI,20250228,1.58
801230.SI,20250303,1.59
801230.SI,20250304,1.56
801230.SI,20250305,1.55
801230.SI,20250306,1.57
801230.SI,20250307,1.56
801230.SI,20250310,1.57
801230.SI,20250311,1.59
801230.SI,20250312,1.58
801230.SI,20250313,1.55
801230.SI,20250314,1.58
801230.SI,20250317,1.61
801230.SI,20250318,1.6
801230.SI,20250319,1.58
801230.SI,20250320,1.57
801230.SI,20250321,1.56
801230.SI,20250324,1.54
801230.SI,20250325,1.54
801230.SI,20250326,1.57
801230.SI,20250327,1.55
801230.SI,20250328,1.53
801230.SI,20250331,1.5
801230.SI,20250401,1.51
801230.SI,20250402,1.52
801230.SI,20250403,1.52
801230.SI,20250407,1.37
801230.SI,20250408,1.36
801230.SI,20250409,1.4
801230.SI,20250410,1.44
801230.SI,20250411,1.43
801230.SI,20250414,1.46
801230.SI,20250415,1.47
801230.SI,20250416,1.44
801230.SI,20250417,1.47
801230.SI,20250418,1.47
801230.SI,20250421,1.47
801230.SI,20250422,1.48
801230.SI,20250423,1.47
801230.SI,20250424,1.47
801230.SI,20250425,1.47
801230.SI,20250428,1.43
801230.SI,20250429,1.5
801230.SI,20250430,1.51
801230.SI,20250506,1.57
801230.SI,20250507,1.57
801230.SI,20250508,1.58
801230.SI,20250509,1.57
801230.SI,20250512,1.58
801230.SI,20250513,1.57
801230.SI,20250514,1.59
801230.SI,20250515,1.59
801230.SI,20250516,1.6
801230.SI,20250519,1.63
801230.SI,20250520,1.67
801230.SI,20250521,1.67
801230.SI,20250522,1.65
801230.SI,20250523,1.62
801230.SI,20250526,1.61
801230.SI,20250527,1.61
801230.SI,20250528,1.6
801230.SI,20250529,1.62
801230.SI,20250530,1.59
801230.SI,20250603,1.62
801230.SI,20250604,1.66
801230.SI,20250605,1.64
801230.SI,20250606,1.64
801230.SI,20250609,1.65
801230.SI,20250610,1.64
801230.SI,20250611,1.65
801230.SI,20250612,1.66
801230.SI,20250613,1.65
801230.SI,20250616,1.68
801230.SI,20250617,1.68
801230.SI,20250618,1.67
801230.SI,20250619,1.64
801230.SI,20250620,1.63
801230.SI,20250623,1.64
801230.SI,20250624,1.67
801230.SI,20250625,1.67
801230.SI,20250626,1.68
801230.SI,20250627,1.68
801230.SI,20250630,1.68
801230.SI,20250701,1.73
801230.SI,20250702,1.72
801230.SI,20250703,1.72
801230.SI,20250704,1.73
801230.SI,20250707,1.78
801230.SI,20250708,1.79
801230.SI,20250709,1.79
801230.SI,20250710,1.79
801230.SI,20250711,1.8
801230.SI,20250714,1.82
801230.SI,20250715,1.8
801230.SI,20250716,1.81
801230.SI,20250717,1.83
801230.SI,20250718,1.84
801230.SI,20250721,1.83
801230.SI,20250722,1.83
801230.SI,20250723,1.83
801230.SI,20250724,1.86
801230.SI,20250725,1.84
801230.SI,20250728,1.86
801230.SI,20250729,1.87
801230.SI,20250730,1.85
801230.SI,20250731,1.84
801230.SI,20250801,1.82
801230.SI,20250804,1.82
801230.SI,20250805,1.86
801230.SI,20250806,1.87
801230.SI,20250807,1.87
801230.SI,20250808,1.9
801230.SI,20250811,1.93
801230.SI,20250812,1.93
801230.SI,20250813,1.97
801230.SI,20250814,1.91
801230.SI,20250815,1.98
801230.SI,20250818,2.05
801230.SI,20250819,2.12
801230.SI,20250820,2.13
801230.SI,20250821,2.12
801230.SI,20250822,2.14
801230.SI,20250825,2.22
801230.SI,20250826,2.24
801230.SI,20250827,2.16
801230.SI,20250828,2.19
801230.SI,20250829,2.29
801230.SI,20250901,2.39
801230.SI,20250902,2.39
801230.SI,20250903,2.43
801230.SI,20250904,2.32
801230.SI,20250905,2.41
801230.SI,20250908,2.38
801230.SI,20250909,2.4
801230.SI,20250910,2.37
801230.SI,20250911,2.43
801230.SI,20250912,2.38
801230.SI,20250915,2.34
801230.SI,20250916,2.42
801230.SI,20250917,2.45
801230.SI,20250918,2.38
801230.SI,20250919,2.37
801230.SI,20250922,2.36
801230.SI,20250923,2.31
801230.SI,20250924,2.32
801230.SI,20250925,2.29
801230.SI,20250926,2.25
801230.SI,20250929,2.29
801230.SI,20250930,2.27
801230.SI,20251009,2.27
801230.SI,20251010,2.25
801230.SI,20251013,2.23
801230.SI,20251014,2.23
801230.SI,20251015,2.24
801230.SI,20251016,2.21
801230.SI,20251017,2.15
801230.SI,20251020,2.16
801230.SI,20251021,2.2
801230.SI,20251022,2.2
801230.SI,20251023,2.2
801230.SI,20251024,2.22
801230.SI,20251027,2.28
801230.SI,20251028,2.3
801230.SI,20251029,2.29
801230.SI,20251030,2.26
801230.SI,20251031,2.26
801230.SI,20251103,2.25
801230.SI,20251104,2.23
801230.SI,20251105,2.25
801230.SI,20251106,2.27
801230.SI,20251107,2.3
801230.SI,20251110,2.33
801230.SI,20251111,2.32
801230.SI,20251112,2.35
801230.SI,20251113,2.43
801230.SI,20251114,2.46
801230.SI,20251117,2.47
801230.SI,20251118,2.42
801230.SI,20251119,2.35
801230.SI,20251120,2.37
801230.SI,20251121,2.24
801230.SI,20251124,2.28
801230.SI,20251125,2.34
801230.SI,20251126,2.38
801230.SI,20251127,2.32
801230.SI,20251128,2.34
801230.SI,20251201,2.35
801230.SI,20251202,2.35
801230.SI,20251203,2.43
801230.SI,20251204,2.38
801230.SI,20251205,2.42
801230.SI,20251208,2.49
801230.SI,20251209,2.58
801230.SI,20251210,2.59
801230.SI,20251211,2.48
801230.SI,20251212,2.45
801230.SI,20251215,2.42
801230.SI,20251216,2.35
801230.SI,20251217,2.39
801230.SI,20251218,2.36
801230.SI,20251219,2.41
801230.SI,20251222,2.47
801230.SI,20251223,2.47
801230.SI,20251224,2.5
801230.SI,20251225,2.48
801230.SI,20251226,2.46
801230.SI,20251229,2.45
801230.SI,20251230,2.47
801230.SI,20251231,2.45
801710.SI,20221010,1.51
801710.SI,20221011,1.5
801710.SI,20221012,1.52
801710.SI,20221013,1.51
801710.SI,20221014,1.56
801710.SI,20221017,1.55
801710.SI,20221018,1.55
801710.SI,20221019,1.52
801710.SI,20221020,1.5
801710.SI,20221021,1.49
801710.SI,20221024,1.44
801710.SI,20221025,1.46
801710.SI,20221026,1.47
801710.SI,20221027,1.47
801710.SI,20221028,1.4
801710.SI,20221031,1.36
801710.SI,20221101,1.42
801710.SI,20221102,1.44
801710.SI,20221103,1.43
801710.SI,20221104,1.48
801710.SI,20221107,1.49
801710.SI,20221108,1.49
801710.SI,20221109,1.5
801710.SI,20221110,1.48
801710.SI,20221111,1.55
801710.SI,20221114,1.58
801710.SI,20221115,1.62
801710.SI,20221116,1.6
801710.SI,20221117,1.59
801710.SI,20221118,1.58
801710.SI,20221121,1.58
801710.SI,20221122,1.58
801710.SI,20221123,1.58
801710.SI,20221124,1.58
801710.SI,20221125,1.62
801710.SI,20221128,1.6
801710.SI,20221129,1.67
801710.SI,20221130,1.64
801710.SI,20221201,1.65
801710.SI,20221202,1.64
801710.SI,20221205,1.69
801710.SI,20221206,1.68
801710.SI,20221207,1.66
801710.SI,20221208,1.66
801710.SI,20221209,1.71
801710.SI,20221212,1.67
801710.SI,20221213,1.68
801710.SI,20221214,1.67
801710.SI,20221215,1.65
801710.SI,20221216,1.67
801710.SI,20221219,1.64
801710.SI,20221220,1.61
801710.SI,20221221,1.62
801710.SI,20221222,1.61
801710.SI,20221223,1.6
801710.SI,20221226,1.6
801710.SI,20221227,1.61
801710.SI,20221228,1.59
801710.SI,20221229,1.57
801710.SI,20221230,1.58
801710.SI,20230103,1.6
801710.SI,20230104,1.64
801710.SI,20230105,1.66
801710.SI,20230106,1.67
801710.SI,20230109,1.67
801710.SI,20230110,1.67
801710.SI,20230111,1.67
801710.SI,20230112,1.66
801710.SI,20230113,1.7
801710.SI,20230116,1.72
801710.SI,20230117,1.72
801710.SI,20230118,1.7
801710.SI,20230119,1.7
801710.SI,20230120,1.72
801710.SI,20230130,1.72
801710.SI,20230131,1.73
801710.SI,20230201,1.73
801710.SI,20230202,1.74
801710.SI,20230203,1.72
801710.SI,20230206,1.69
801710.SI,20230207,1.7
801710.SI,20230208,1.68
801710.SI,20230209,1.7
801710.SI,20230210,1.7
801710.SI,20230213,1.75
801710.SI,20230214,1.76
801710.SI,20230215,1.74
801710.SI,20230216,1.72
801710.SI,20230217,1.71
801710.SI,20230220,1.78
801710.SI,20230221,1.79
801710.SI,20230222,1.77
801710.SI,20230223,1.77
801710.SI,20230224,1.75
801710.SI,20230227,1.72
801710.SI,20230228,1.73
801710.SI,20230301,1.77
801710.SI,20230302,1.78
801710.SI,20230303,1.78
801710.SI,20230306,1.75
801710.SI,20230307,1.73
801710.SI,20230308,1.71
801710.SI,20230309,1.69
801710.SI,20230310,1.65
801710.SI,20230313,1.66
801710.SI,20230314,1.63
801710.SI,20230315,1.67
801710.SI,20230316,1.63
801710.SI,20230317,1.64
801710.SI,20230320,1.64
801710.SI,20230321,1.65
801710.SI,20230322,1.65
801710.SI,20230323,1.65
801710.SI,20230324,1.64
801710.SI,20230327,1.61
801710.SI,20230328,1.6
801710.SI,20230329,1.58
801710.SI,20230330,1.62
801710.SI,20230331,1.61
801710.SI,20230403,1.64
801710.SI,20230404,1.63
801710.SI,20230406,1.63
801710.SI,20230407,1.65
801710.SI,20230410,1.64
801710.SI,20230411,1.64
801710.SI,20230412,1.64
801710.SI,20230413,1.62
801710.SI,20230414,1.62
801710.SI,20230417,1.64
801710.SI,20230418,1.64
801710.SI,20230419,1.61
801710.SI,20230420,1.59
801710.SI,20230421,1.56
801710.SI,20230424,1.53
801710.SI,20230425,1.5
801710.SI,20230426,1.51
801710.SI,20230427,1.51
801710.SI,20230428,1.5
801710.SI,20230504,1.5
801710.SI,20230505,1.5
801710.SI,20230508,1.5
801710.SI,20230509,1.49
801710.SI,20230510,1.49
801710.SI,20230511,1.49
801710.SI,20230512,1.46
801710.SI,20230515,1.46
801710.SI,20230516,1.45
801710.SI,20230517,1.44
801710.SI,20230518,1.43
801710.SI,20230519,1.43
801710.SI,20230522,1.43
801710.SI,20230523,1.43
801710.SI,20230524,1.41
801710.SI,20230525,1.4
801710.SI,20230526,1.4
801710.SI,20230529,1.39
801710.SI,20230530,1.39
801710.SI,20230531,1.37
801710.SI,20230601,1.36
801710.SI,20230602,1.42
801710.SI,20230605,1.41
801710.SI,20230606,1.42
801710.SI,20230607,1.41
801710.SI,20230608,1.44
801710.SI,20230609,1.43
801710.SI,20230612,1.44
801710.SI,20230613,1.43
801710.SI,20230614,1.44
801710.SI,20230615,1.45
801710.SI,20230616,1.46
801710.SI,20230619,1.44
801710.SI,20230620,1.39
801710.SI,20230621,1.37
801710.SI,20230626,1.36
801710.SI,20230627,1.4
801710.SI,20230628,1.4
801710.SI,20230629,1.38
801710.SI,20230630,1.39
801710.SI,20230703,1.4
801710.SI,20230704,1.4
801710.SI,20230705,1.38
801710.SI,20230706,1.37
801710.SI,20230707,1.36
801710.SI,20230710,1.37
801710.SI,20230711,1.38
801710.SI,20230712,1.35
801710.SI,20230713,1.37
801710.SI,20230714,1.37
801710.SI,20230717,1.36
801710.SI,20230718,1.37
801710.SI,20230719,1.39
801710.SI,20230720,1.4
801710.SI,20230721,1.4
801710.SI,20230724,1.38
801710.SI,20230725,1.45
801710.SI,20230726,1.46
801710.SI,20230727,1.46
801710.SI,20230728,1.5
801710.SI,20230731,1.53
801710.SI,20230801,1.51
801710.SI,20230802,1.51
801710.SI,20230803,1.52
801710.SI,20230804,1.51
801710.SI,20230807,1.49
801710.SI,20230808,1.48
801710.SI,20230809,1.48
801710.SI,20230810,1.47
801710.SI,20230811,1.44
801710.SI,20230814,1.44
801710.SI,20230815,1.44
801710.SI,20230816,1.45
801710.SI,20230817,1.45
801710.SI,20230818,1.44
801710.SI,20230821,1.43
801710.SI,20230822,1.45
801710.SI,20230823,1.42
801710.SI,20230824,1.41
801710.SI,20230825,1.4
801710.SI,20230828,1.43
801710.SI,20230829,1.45
801710.SI,20230830,1.45
801710.SI,20230831,1.43
801710.SI,20230901,1.45
801710.SI,20230904,1.49
801710.SI,20230905,1.48
801710.SI,20230906,1.47
801710.SI,20230907,1.45
801710.SI,20230908,1.44
801710.SI,20230911,1.44
801710.SI,20230912,1.43
801710.SI,20230913,1.42
801710.SI,20230914,1.41
801710.SI,20230915,1.41
801710.SI,20230918,1.41
801710.SI,20230919,1.42
801710.SI,20230920,1.42
801710.SI,20230921,1.41
801710.SI,20230922,1.42
801710.SI,20230925,1.41
801710.SI,20230926,1.4
801710.SI,20230927,1.4
801710.SI,20230928,1.4
801710.SI,20231009,1.38
801710.SI,20231010,1.35
801710.SI,20231011,1.35
801710.SI,20231012,1.37
801710.SI,20231013,1.34
801710.SI,20231016,1.34
801710.SI,20231017,1.34
801710.SI,20231018,1.32
801710.SI,20231019,1.3
801710.SI,20231020,1.29
801710.SI,20231023,1.26
801710.SI,20231024,1.26
801710.SI,20231025,1.31
801710.SI,20231026,1.28
801710.SI,20231027,1.3
801710.SI,20231030,1.29
801710.SI,20231031,1.28
801710.SI,20231101,1.27
801710.SI,20231102,1.26
801710.SI,20231103,1.26
801710.SI,20231106,1.29
801710.SI,20231107,1.28
801710.SI,20231108,1.28
801710.SI,20231109,1.28
801710.SI,20231110,1.27
801710.SI,20231113,1.26
801710.SI,20231114,1.27
801710.SI,20231115,1.28
801710.SI,20231116,1.27
801710.SI,20231117,1.26
801710.SI,20231120,1.26
801710.SI,20231121,1.27
801710.SI,20231122,1.25
801710.SI,20231123,1.27
801710.SI,20231124,1.26
801710.SI,20231127,1.25
801710.SI,20231128,1.25
801710.SI,20231129,1.23
801710.SI,20231130,1.22
801710.SI,20231201,1.22
801710.SI,20231204,1.21
801710.SI,20231205,1.19
801710.SI,20231206,1.19
801710.SI,20231207,1.19
801710.SI,20231208,1.18
801710.SI,20231211,1.19
801710.SI,20231212,1.2
801710.SI,20231213,1.18
801710.SI,20231214,1.18
801710.SI,20231215,1.19
801710.SI,20231218,1.17
801710.SI,20231219,1.17
801710.SI,20231220,1.16
801710.SI,20231221,1.17
801710.SI,20231222,1.16
801710.SI,20231225,1.16
801710.SI,20231226,1.16
801710.SI,20231227,1.15
801710.SI,20231228,1.18
801710.SI,20231229,1.19
801710.SI,20240102,1.18
801710.SI,20240103,1.19
801710.SI,20240104,1.18
801710.SI,20240105,1.17
801710.SI,20240108,1.15
801710.SI,20240109,1.16
801710.SI,20240110,1.16
801710.SI,20240111,1.17
801710.SI,20240112,1.18
801710.SI,20240115,1.19
801710.SI,20240116,1.19
801710.SI,20240117,1.16
801710.SI,20240118,1.15
801710.SI,20240119,1.13
801710.SI,20240122,1.07
801710.SI,20240123,1.08
801710.SI,20240124,1.1
801710.SI,20240125,1.14
801710.SI,20240126,1.15
801710.SI,20240129,1.14
801710.SI,20240130,1.11
801710.SI,20240131,1.08
801710.SI,20240201,1.07
801710.SI,20240202,1.05
801710.SI,20240205,1.01
801710.SI,20240206,1.05
801710.SI,20240207,1.07
801710.SI,20240208,1.1
801710.SI,20240219,1.1
801710.SI,20240220,1.1
801710.SI,20240221,1.11
801710.SI,20240222,1.12
801710.SI,20240223,1.12
801710.SI,20240226,1.12
801710.SI,20240227,1.13
801710.SI,20240228,1.1
801710.SI,20240229,1.13
801710.SI,20240301,1.13
801710.SI,20240304,1.12
801710.SI,20240305,1.11
801710.SI,20240306,1.12
801710.SI,20240307,1.11
801710.SI,20240308,1.11
801710.SI,20240311,1.13
801710.SI,20240312,1.15
801710.SI,20240313,1.14
801710.SI,20240314,1.14
801710.SI,20240315,1.14
801710.SI,20240318,1.15
801710.SI,20240319,1.14
801710.SI,20240320,1.13
801710.SI,20240321,1.13
801710.SI,20240322,1.11
801710.SI,20240325,1.11
801710.SI,20240326,1.12
801710.SI,20240327,1.09
801710.SI,20240328,1.1
801710.SI,20240329,1.11
801710.SI,20240401,1.14
801710.SI,20240402,1.14
801710.SI,20240403,1.14
801710.SI,20240408,1.11
801710.SI,20240409,1.13
801710.SI,20240410,1.11
801710.SI,20240411,1.11
801710.SI,20240412,1.09
801710.SI,20240415,1.09
801710.SI,20240416,1.06
801710.SI,20240417,1.1
801710.SI,20240418,1.1
801710.SI,20240419,1.1
801710.SI,20240422,1.11
801710.SI,20240423,1.09
801710.SI,20240424,1.09
801710.SI,20240425,1.09
801710.SI,20240426,1.1
801710.SI,20240429,1.14
801710.SI,20240430,1.12
801710.SI,20240506,1.15
801710.SI,20240507,1.16
801710.SI,20240508,1.14
801710.SI,20240509,1.16
801710.SI,20240510,1.17
801710.SI,20240513,1.17
801710.SI,20240514,1.16
801710.SI,20240515,1.18
801710.SI,20240516,1.21
801710.SI,20240517,1.23
801710.SI,20240520,1.23
801710.SI,20240521,1.22
801710.SI,20240522,1.22
801710.SI,20240523,1.19
801710.SI,20240524,1.18
801710.SI,20240527,1.17
801710.SI,20240528,1.15
801710.SI,20240529,1.15
801710.SI,20240530,1.14
801710.SI,20240531,1.13
801710.SI,20240603,1.11
801710.SI,20240604,1.13
801710.SI,20240605,1.11
801710.SI,20240606,1.09
801710.SI,20240607,1.1
801710.SI,20240611,1.09
801710.SI,20240612,1.09
801710.SI,20240613,1.06
801710.SI,20240614,1.07
801710.SI,20240617,1.06
801710.SI,20240618,1.07
801710.SI,20240619,1.05
801710.SI,20240620,1.03
801710.SI,20240621,1.05
801710.SI,20240624,1.03
801710.SI,20240625,1.03
801710.SI,20240626,1.05
801710.SI,20240627,1.03
801710.SI,20240628,1.02
801710.SI,20240701,1.05
801710.SI,20240702,1.04
801710.SI,20240703,1.04
801710.SI,20240704,1.02
801710.SI,20240705,1.02
801710.SI,20240708,1.0
801710.SI,20240709,0.99
801710.SI,20240710,0.99
801710.SI,20240711,1.01
801710.SI,20240712,1.02
801710.SI,20240715,1.01
801710.SI,20240716,1.0
801710.SI,20240717,1.01
801710.SI,20240718,1.01
801710.SI,20240719,1.0
801710.SI,20240722,0.99
801710.SI,20240723,0.97
801710.SI,20240724,0.96
801710.SI,20240725,0.97
801710.SI,20240726,0.98
801710.SI,20240729,0.97
801710.SI,20240730,0.97
801710.SI,20240731,1.0
801710.SI,20240801,0.98
801710.SI,20240802,0.97
801710.SI,20240805,0.96
801710.SI,20240806,0.98
801710.SI,20240807,0.98
801710.SI,20240808,0.99
801710.SI,20240809,0.99
801710.SI,20240812,0.97
801710.SI,20240813,0.97
801710.SI,20240814,0.96
801710.SI,20240815,0.96
801710.SI,20240816,0.95
801710.SI,20240819,0.94
801710.SI,20240820,0.93
801710.SI,20240821,0.91
801710.SI,20240822,0.9
801710.SI,20240823,0.92
801710.SI,20240826,0.93
801710.SI,20240827,0.91
801710.SI,20240828,0.91
801710.SI,20240829,0.92
801710.SI,20240830,0.93
801710.SI,20240902,0.91
801710.SI,20240903,0.91
801710.SI,20240904,0.9
801710.SI,20240905,0.91
801710.SI,20240906,0.9
801710.SI,20240909,0.89
801710.SI,20240910,0.88
801710.SI,20240911,0.88
801710.SI,20240912,0.88
801710.SI,20240913,0.87
801710.SI,20240918,0.88
801710.SI,20240919,0.89
801710.SI,20240920,0.89
801710.SI,20240923,0.89
801710.SI,20240924,0.93
801710.SI,20240925,0.94
801710.SI,20240926,1.0
801710.SI,20240927,1.06
801710.SI,20240930,1.15
801710.SI,20241008,1.19
801710.SI,20241009,1.08
801710.SI,20241010,1.1
801710.SI,20241011,1.08
801710.SI,20241014,1.12
801710.SI,20241015,1.11
801710.SI,20241016,1.13
801710.SI,20241017,1.09
801710.SI,20241018,1.11
801710.SI,20241021,1.11
801710.SI,20241022,1.13
801710.SI,20241023,1.14
801710.SI,20241024,1.13
801710.SI,20241025,1.15
801710.SI,20241028,1.19
801710.SI,20241029,1.16
801710.SI,20241030,1.17
801710.SI,20241031,1.19
801710.SI,20241101,1.17
801710.SI,20241104,1.18
801710.SI,20241105,1.2
801710.SI,20241106,1.21
801710.SI,20241107,1.24
801710.SI,20241108,1.21
801710.SI,20241111,1.21
801710.SI,20241112,1.2
801710.SI,20241113,1.19
801710.SI,20241114,1.17
801710.SI,20241115,1.15
801710.SI,20241118,1.15
801710.SI,20241119,1.15
801710.SI,20241120,1.16
801710.SI,20241121,1.16
801710.SI,20241122,1.13
801710.SI,20241125,1.14
801710.SI,20241126,1.13
801710.SI,20241127,1.15
801710.SI,20241128,1.16
801710.SI,20241129,1.16
801710.SI,20241202,1.18
801710.SI,20241203,1.19
801710.SI,20241204,1.16
801710.SI,20241205,1.17
801710.SI,20241206,1.19
801710.SI,20241209,1.19
801710.SI,20241210,1.2
801710.SI,20241211,1.2
801710.SI,20241212,1.23
801710.SI,20241213,1.2
801710.SI,20241216,1.17
801710.SI,20241217,1.15
801710.SI,20241218,1.15
801710.SI,20241219,1.15
801710.SI,20241220,1.14
801710.SI,20241223,1.13
801710.SI,20241224,1.14
801710.SI,20241225,1.14
801710.SI,20241226,1.12
801710.SI,20241227,1.14
801710.SI,20241230,1.13
801710.SI,20241231,1.11
801710.SI,20250102,1.09
801710.SI,20250103,1.07
801710.SI,20250106,1.07
801710.SI,20250107,1.08
801710.SI,20250108,1.08
801710.SI,20250109,1.08
801710.SI,20250110,1.06
801710.SI,20250113,1.06
801710.SI,20250114,1.09
801710.SI,20250115,1.08
801710.SI,20250116,1.09
801710.SI,20250117,1.09
801710.SI,20250120,1.09
801710.SI,20250121,1.08
801710.SI,20250122,1.07
801710.SI,20250123,1.07
801710.SI,20250124,1.08
801710.SI,20250127,1.09
801710.SI,20250205,1.07
801710.SI,20250206,1.07
801710.SI,20250207,1.09
801710.SI,20250210,1.1
801710.SI,20250211,1.09
801710.SI,20250212,1.1
801710.SI,20250213,1.1
801710.SI,20250214,1.09
801710.SI,20250217,1.09
801710.SI,20250218,1.08
801710.SI,20250219,1.08
801710.SI,20250220,1.08
801710.SI,20250221,1.08
801710.SI,20250224,1.1
801710.SI,20250225,1.09
801710.SI,20250226,1.1
801710.SI,20250227,1.11
801710.SI,20250228,1.1
801710.SI,20250303,1.11
801710.SI,20250304,1.11
801710.SI,20250305,1.12
801710.SI,20250306,1.13
801710.SI,20250307,1.13
801710.SI,20250310,1.14
801710.SI,20250311,1.15
801710.SI,20250312,1.14
801710.SI,20250313,1.14
801710.SI,20250314,1.15
801710.SI,20250317,1.17
801710.SI,20250318,1.17
801710.SI,20250319,1.16
801710.SI,20250320,1.16
801710.SI,20250321,1.16
801710.SI,20250324,1.15
801710.SI,20250325,1.14
801710.SI,20250326,1.14
801710.SI,20250327,1.14
801710.SI,20250328,1.13
801710.SI,20250331,1.12
801710.SI,20250401,1.12
801710.SI,20250402,1.12
801710.SI,20250403,1.13
801710.SI,20250407,1.04
801710.SI,20250408,1.07
801710.SI,20250409,1.1
801710.SI,20250410,1.11
801710.SI,20250411,1.1
801710.SI,20250414,1.1
801710.SI,20250415,1.1
801710.SI,20250416,1.09
801710.SI,20250417,1.1
801710.SI,20250418,1.1
801710.SI,20250421,1.11
801710.SI,20250422,1.12
801710.SI,20250423,1.11
801710.SI,20250424,1.1
801710.SI,20250425,1.1
801710.SI,20250428,1.08
801710.SI,20250429,1.1
801710.SI,20250430,1.09
801710.SI,20250506,1.1
801710.SI,20250507,1.11
801710.SI,20250508,1.12
801710.SI,20250509,1.11
801710.SI,20250512,1.12
801710.SI,20250513,1.12
801710.SI,20250514,1.12
801710.SI,20250515,1.11
801710.SI,20250516,1.11
801710.SI,20250519,1.12
801710.SI,20250520,1.12
801710.SI,20250521,1.12
801710.SI,20250522,1.11
801710.SI,20250523,1.1
801710.SI,20250526,1.1
801710.SI,20250527,1.1
801710.SI,20250528,1.1
801710.SI,20250529,1.11
801710.SI,20250530,1.1
801710.SI,20250603,1.1
801710.SI,20250604,1.11
801710.SI,20250605,1.1
801710.SI,20250606,1.11
801710.SI,20250609,1.11
801710.SI,20250610,1.1
801710.SI,20250611,1.1
801710.SI,20250612,1.1
801710.SI,20250613,1.08
801710.SI,20250616,1.08
801710.SI,20250617,1.09
801710.SI,20250618,1.07
801710.SI,20250619,1.06
801710.SI,20250620,1.07
801710.SI,20250623,1.07
801710.SI,20250624,1.09
801710.SI,20250625,1.1
801710.SI,20250626,1.1
801710.SI,20250627,1.1
801710.SI,20250630,1.11
801710.SI,20250701,1.12
801710.SI,20250702,1.13
801710.SI,20250703,1.14
801710.SI,20250704,1.14
801710.SI,20250707,1.16
801710.SI,20250708,1.18
801710.SI,20250709,1.18
801710.SI,20250710,1.19
801710.SI,20250711,1.18
801710.SI,20250714,1.19
801710.SI,20250715,1.17
801710.SI,20250716,1.17
801710.SI,20250717,1.18
801710.SI,20250718,1.18
801710.SI,20250721,1.25
801710.SI,20250722,1.31
801710.SI,20250723,1.28
801710.SI,20250724,1.3
801710.SI,20250725,1.28
801710.SI,20250728,1.28
801710.SI,20250729,1.28
801710.SI,20250730,1.28
801710.SI,20250731,1.25
801710.SI,20250801,1.25
801710.SI,20250804,1.24
801710.SI,20250805,1.25
801710.SI,20250806,1.25
801710.SI,20250807,1.25
801710.SI,20250808,1.26
801710.SI,20250811,1.28
801710.SI,20250812,1.27
801710.SI,20250813,1.28
801710.SI,20250814,1.27
801710.SI,20250815,1.29
801710.SI,20250818,1.31
801710.SI,20250819,1.3
801710.SI,20250820,1.31
801710.SI,20250821,1.31
801710.SI,20250822,1.33
801710.SI,20250825,1.36
801710.SI,20250826,1.36
801710.SI,20250827,1.31
801710.SI,20250828,1.33
801710.SI,20250829,1.34
801710.SI,20250901,1.34
801710.SI,20250902,1.31
801710.SI,20250903,1.29
801710.SI,20250904,1.28
801710.SI,20250905,1.3
801710.SI,20250908,1.32
801710.SI,20250909,1.32
801710.SI,20250910,1.33
801710.SI,20250911,1.35
801710.SI,20250912,1.34
801710.SI,20250915,1.34
801710.SI,20250916,1.34
801710.SI,20250917,1.34
801710.SI,20250918,1.33
801710.SI,20250919,1.34
801710.SI,20250922,1.33
801710.SI,20250923,1.32
801710.SI,20250924,1.33
801710.SI,20250925,1.33
801710.SI,20250926,1.32
801710.SI,20250929,1.33
801710.SI,20250930,1.33
801710.SI,20251009,1.34
801710.SI,20251010,1.37
801710.SI,20251013,1.35
801710.SI,20251014,1.35
801710.SI,20251015,1.37
801710.SI,20251016,1.34
801710.SI,20251017,1.31
801710.SI,20251020,1.32
801710.SI,20251021,1.34
801710.SI,20251022,1.34
801710.SI,20251023,1.32
801710.SI,20251024,1.33
801710.SI,20251027,1.34
801710.SI,20251028,1.35
801710.SI,20251029,1.36
801710.SI,20251030,1.34
801710.SI,20251031,1.34
801710.SI,20251103,1.34
801710.SI,20251104,1.33
801710.SI,20251105,1.34
801710.SI,20251106,1.34
801710.SI,20251107,1.36
801710.SI,20251110,1.36
801710.SI,20251111,1.37
801710.SI,20251112,1.36
801710.SI,20251113,1.38
801710.SI,20251114,1.37
801710.SI,20251117,1.36
801710.SI,20251118,1.34
801710.SI,20251119,1.32
801710.SI,20251120,1.34
801710.SI,20251121,1.3
801710.SI,20251124,1.3
801710.SI,20251125,1.32
801710.SI,20251126,1.32
801710.SI,20251127,1.31
801710.SI,20251128,1.32
801710.SI,20251201,1.34
801710.SI,20251202,1.34
801710.SI,20251203,1.33
801710.SI,20251204,1.32
801710.SI,20251205,1.34
801710.SI,20251208,1.34
801710.SI,20251209,1.33
801710.SI,20251210,1.33
801710.SI,20251211,1.32
801710.SI,20251212,1.32
801710.SI,20251215,1.33
801710.SI,20251216,1.31
801710.SI,20251217,1.32
801710.SI,20251218,1.32
801710.SI,20251219,1.33
801710.SI,20251222,1.34
801710.SI,20251223,1.35
801710.SI,20251224,1.38
801710.SI,20251225,1.39
801710.SI,20251226,1.39
801710.SI,20251229,1.37
801710.SI,20251230,1.37
801710.SI,20251231,1.37
801720.SI,20221010,0.83
801720.SI,20221011,0.83
801720.SI,20221012,0.84
801720.SI,20221013,0.84
801720.SI,20221014,0.85
801720.SI,20221017,0.86
801720.SI,20221018,0.85
801720.SI,20221019,0.85
801720.SI,20221020,0.84
801720.SI,20221021,0.86
801720.SI,20221024,0.84
801720.SI,20221025,0.85
801720.SI,20221026,0.85
801720.SI,20221027,0.85
801720.SI,20221028,0.83
801720.SI,20221031,0.8
801720.SI,20221101,0.82
801720.SI,20221102,0.82
801720.SI,20221103,0.82
801720.SI,20221104,0.83
801720.SI,20221107,0.84
801720.SI,20221108,0.84
801720.SI,20221109,0.84
801720.SI,20221110,0.84
801720.SI,20221111,0.86
801720.SI,20221114,0.86
801720.SI,20221115,0.87
801720.SI,20221116,0.86
801720.SI,20221117,0.86
801720.SI,20221118,0.85
801720.SI,20221121,0.85
801720.SI,20221122,0.88
801720.SI,20221123,0.89
801720.SI,20221124,0.88
801720.SI,20221125,0.9
801720.SI,20221128,0.89
801720.SI,20221129,0.92
801720.SI,20221130,0.91
801720.SI,20221201,0.9
801720.SI,20221202,0.9
801720.SI,20221205,0.95
801720.SI,20221206,0.93
801720.SI,20221207,0.92
801720.SI,20221208,0.92
801720.SI,20221209,0.91
801720.SI,20221212,0.9
801720.SI,20221213,0.9
801720.SI,20221214,0.89
801720.SI,20221215,0.89
801720.SI,20221216,0.89
801720.SI,20221219,0.86
801720.SI,20221220,0.86
801720.SI,20221221,0.85
801720.SI,20221222,0.84
801720.SI,20221223,0.84
801720.SI,20221226,0.84
801720.SI,20221227,0.85
801720.SI,20221228,0.84
801720.SI,20221229,0.83
801720.SI,20221230,0.84
801720.SI,20230103,0.86
801720.SI,20230104,0.87
801720.SI,20230105,0.87
801720.SI,20230106,0.87
801720.SI,20230109,0.87
801720.SI,20230110,0.86
801720.SI,20230111,0.86
801720.SI,20230112,0.85
801720.SI,20230113,0.86
801720.SI,20230116,0.86
801720.SI,20230117,0.86
801720.SI,20230118,0.86
801720.SI,20230119,0.87
801720.SI,20230120,0.89
801720.SI,20230130,0.89
801720.SI,20230131,0.9
801720.SI,20230201,0.91
801720.SI,20230202,0.91
801720.SI,20230203,0.9
801720.SI,20230206,0.9
801720.SI,20230207,0.91
801720.SI,20230208,0.9
801720.SI,20230209,0.91
801720.SI,20230210,0.91
801720.SI,20230213,0.92
801720.SI,20230214,0.92
801720.SI,20230215,0.91
801720.SI,20230216,0.9
801720.SI,20230217,0.89
801720.SI,20230220,0.92
801720.SI,20230221,0.93
801720.SI,20230222,0.93
801720.SI,20230223,0.92
801720.SI,20230224,0.92
801720.SI,20230227,0.91
801720.SI,20230228,0.92
801720.SI,20230301,0.94
801720.SI,20230302,0.95
801720.SI,20230303,0.97
801720.SI,20230306,0.97
801720.SI,20230307,0.96
801720.SI,20230308,0.97
801720.SI,20230309,0.96
801720.SI,20230310,0.95
801720.SI,20230313,0.97
801720.SI,20230314,0.96
801720.SI,20230315,0.99
801720.SI,20230316,0.98
801720.SI,20230317,1.0
801720.SI,20230320,0.99
801720.SI,20230321,0.98
801720.SI,20230322,0.99
801720.SI,20230323,1.0
801720.SI,20230324,0.98
801720.SI,20230327,0.97
801720.SI,20230328,0.96
801720.SI,20230329,0.94
801720.SI,20230330,0.94
801720.SI,20230331,0.93
801720.SI,20230403,0.95
801720.SI,20230404,0.98
801720.SI,20230406,0.98
801720.SI,20230407,0.97
801720.SI,20230410,0.98
801720.SI,20230411,0.98
801720.SI,20230412,0.99
801720.SI,20230413,1.0
801720.SI,20230414,1.01
801720.SI,20230417,1.03
801720.SI,20230418,1.02
801720.SI,20230419,1.0
801720.SI,20230420,1.02
801720.SI,20230421,1.0
801720.SI,20230424,0.99
801720.SI,20230425,0.98
801720.SI,20230426,0.97
801720.SI,20230427,0.98
801720.SI,20230428,1.0
801720.SI,20230504,1.01
801720.SI,20230505,1.01
801720.SI,20230508,1.02
801720.SI,20230509,0.99
801720.SI,20230510,0.98
801720.SI,20230511,0.98
801720.SI,20230512,0.95
801720.SI,20230515,0.95
801720.SI,20230516,0.93
801720.SI,20230517,0.93
801720.SI,20230518,0.93
801720.SI,20230519,0.92
801720.SI,20230522,0.91
801720.SI,20230523,0.9
801720.SI,20230524,0.88
801720.SI,20230525,0.88
801720.SI,20230526,0.89
801720.SI,20230529,0.89
801720.SI,20230530,0.91
801720.SI,20230531,0.9
801720.SI,20230601,0.91
801720.SI,20230602,0.91
801720.SI,20230605,0.9
801720.SI,20230606,0.9
801720.SI,20230607,0.9
801720.SI,20230608,0.91
801720.SI,20230609,0.91
801720.SI,20230612,0.9
801720.SI,20230613,0.9
801720.SI,20230614,0.89
801720.SI,20230615,0.89
801720.SI,20230616,0.91
801720.SI,20230619,0.9
801720.SI,20230620,0.88
801720.SI,20230621,0.88
801720.SI,20230626,0.86
801720.SI,20230627,0.88
801720.SI,20230628,0.88
801720.SI,20230629,0.88
801720.SI,20230630,0.89
801720.SI,20230703,0.9
801720.SI,20230704,0.9
801720.SI,20230705,0.9
801720.SI,20230706,0.9
801720.SI,20230707,0.9
801720.SI,20230710,0.9
801720.SI,20230711,0.9
801720.SI,20230712,0.89
801720.SI,20230713,0.9
801720.SI,20230714,0.9
801720.SI,20230717,0.89
801720.SI,20230718,0.89
801720.SI,20230719,0.9
801720.SI,20230720,0.89
801720.SI,20230721,0.89
801720.SI,20230724,0.89
801720.SI,20230725,0.92
801720.SI,20230726,0.92
801720.SI,20230727,0.91
801720.SI,20230728,0.92
801720.SI,20230731,0.94
801720.SI,20230801,0.94
801720.SI,20230802,0.93
801720.SI,20230803,0.93
801720.SI,20230804,0.93
801720.SI,20230807,0.92
801720.SI,20230808,0.92
801720.SI,20230809,0.92
801720.SI,20230810,0.92
801720.SI,20230811,0.89
801720.SI,20230814,0.91
801720.SI,20230815,0.9
801720.SI,20230816,0.9
801720.SI,20230817,0.9
801720.SI,20230818,0.89
801720.SI,20230821,0.89
801720.SI,20230822,0.9
801720.SI,20230823,0.87
801720.SI,20230824,0.84
801720.SI,20230825,0.83
801720.SI,20230828,0.85
801720.SI,20230829,0.86
801720.SI,20230830,0.84
801720.SI,20230831,0.84
801720.SI,20230901,0.85
801720.SI,20230904,0.86
801720.SI,20230905,0.85
801720.SI,20230906,0.84
801720.SI,20230907,0.83
801720.SI,20230908,0.83
801720.SI,20230911,0.84
801720.SI,20230912,0.84
801720.SI,20230913,0.83
801720.SI,20230914,0.83
801720.SI,20230915,0.83
801720.SI,20230918,0.83
801720.SI,20230919,0.83
801720.SI,20230920,0.82
801720.SI,20230921,0.81
801720.SI,20230922,0.83
801720.SI,20230925,0.82
801720.SI,20230926,0.81
801720.SI,20230927,0.83
801720.SI,20230928,0.83
801720.SI,20231009,0.82
801720.SI,20231010,0.79
801720.SI,20231011,0.8
801720.SI,20231012,0.8
801720.SI,20231013,0.79
801720.SI,20231016,0.79
801720.SI,20231017,0.79
801720.SI,20231018,0.77
801720.SI,20231019,0.76
801720.SI,20231020,0.76
801720.SI,20231023,0.74
801720.SI,20231024,0.76
801720.SI,20231025,0.78
801720.SI,20231026,0.77
801720.SI,20231027,0.77
801720.SI,20231030,0.76
801720.SI,20231031,0.75
801720.SI,20231101,0.75
801720.SI,20231102,0.75
801720.SI,20231103,0.75
801720.SI,20231106,0.76
801720.SI,20231107,0.76
801720.SI,20231108,0.76
801720.SI,20231109,0.76
801720.SI,20231110,0.75
801720.SI,20231113,0.76
801720.SI,20231114,0.77
801720.SI,20231115,0.77
801720.SI,20231116,0.76
801720.SI,20231117,0.76
801720.SI,20231120,0.76
801720.SI,20231121,0.76
801720.SI,20231122,0.76
801720.SI,20231123,0.76
801720.SI,20231124,0.76
801720.SI,20231127,0.75
801720.SI,20231128,0.75
801720.SI,20231129,0.74
801720.SI,20231130,0.74
801720.SI,20231201,0.75
801720.SI,20231204,0.75
801720.SI,20231205,0.74
801720.SI,20231206,0.74
801720.SI,20231207,0.74
801720.SI,20231208,0.73
801720.SI,20231211,0.73
801720.SI,20231212,0.74
801720.SI,20231213,0.73
801720.SI,20231214,0.73
801720.SI,20231215,0.73
801720.SI,20231218,0.72
801720.SI,20231219,0.72
801720.SI,20231220,0.72
801720.SI,20231221,0.72
801720.SI,20231222,0.72
801720.SI,20231225,0.72
801720.SI,20231226,0.71
801720.SI,20231227,0.72
801720.SI,20231228,0.73
801720.SI,20231229,0.74
801720.SI,20240102,0.74
801720.SI,20240103,0.74
801720.SI,20240104,0.74
801720.SI,20240105,0.73
801720.SI,20240108,0.72
801720.SI,20240109,0.73
801720.SI,20240110,0.72
801720.SI,20240111,0.73
801720.SI,20240112,0.73
801720.SI,20240115,0.73
801720.SI,20240116,0.73
801720.SI,20240117,0.71
801720.SI,20240118,0.71
801720.SI,20240119,0.7
801720.SI,20240122,0.68
801720.SI,20240123,0.68
801720.SI,20240124,0.71
801720.SI,20240125,0.75
801720.SI,20240126,0.78
801720.SI,20240129,0.78
801720.SI,20240130,0.76
801720.SI,20240131,0.74
801720.SI,20240201,0.72
801720.SI,20240202,0.71
801720.SI,20240205,0.67
801720.SI,20240206,0.69
801720.SI,20240207,0.69
801720.SI,20240208,0.71
801720.SI,20240219,0.72
801720.SI,20240220,0.72
801720.SI,20240221,0.74
801720.SI,20240222,0.74
801720.SI,20240223,0.75
801720.SI,20240226,0.74
801720.SI,20240227,0.76
801720.SI,20240228,0.74
801720.SI,20240229,0.75
801720.SI,20240301,0.75
801720.SI,20240304,0.75
801720.SI,20240305,0.75
801720.SI,20240306,0.75
801720.SI,20240307,0.75
801720.SI,20240308,0.76
801720.SI,20240311,0.76
801720.SI,20240312,0.76
801720.SI,20240313,0.76
801720.SI,20240314,0.76
801720.SI,20240315,0.76
801720.SI,20240318,0.78
801720.SI,20240319,0.77
801720.SI,20240320,0.78
801720.SI,20240321,0.78
801720.SI,20240322,0.76
801720.SI,20240325,0.76
801720.SI,20240326,0.76
801720.SI,20240327,0.74
801720.SI,20240328,0.75
801720.SI,20240329,0.75
801720.SI,20240401,0.77
801720.SI,20240402,0.77
801720.SI,20240403,0.76
801720.SI,20240408,0.75
801720.SI,20240409,0.75
801720.SI,20240410,0.73
801720.SI,20240411,0.74
801720.SI,20240412,0.73
801720.SI,20240415,0.74
801720.SI,20240416,0.72
801720.SI,20240417,0.75
801720.SI,20240418,0.75
801720.SI,20240419,0.75
801720.SI,20240422,0.73
801720.SI,20240423,0.73
801720.SI,20240424,0.74
801720.SI,20240425,0.74
801720.SI,20240426,0.74
801720.SI,20240429,0.75
801720.SI,20240430,0.72
801720.SI,20240506,0.74
801720.SI,20240507,0.74
801720.SI,20240508,0.73
801720.SI,20240509,0.74
801720.SI,20240510,0.74
801720.SI,20240513,0.74
801720.SI,20240514,0.74
801720.SI,20240515,0.74
801720.SI,20240516,0.75
801720.SI,20240517,0.76
801720.SI,20240520,0.76
801720.SI,20240521,0.75
801720.SI,20240522,0.76
801720.SI,20240523,0.75
801720.SI,20240524,0.74
801720.SI,20240527,0.74
801720.SI,20240528,0.73
801720.SI,20240529,0.73
801720.SI,20240530,0.72
801720.SI,20240531,0.72
801720.SI,20240603,0.72
801720.SI,20240604,0.72
801720.SI,20240605,0.71
801720.SI,20240606,0.7
801720.SI,20240607,0.71
801720.SI,20240611,0.7
801720.SI,20240612,0.7
801720.SI,20240613,0.7
801720.SI,20240614,0.7
801720.SI,20240617,0.69
801720.SI,20240618,0.7
801720.SI,20240619,0.71
801720.SI,20240620,0.69
801720.SI,20240621,0.7
801720.SI,20240624,0.68
801720.SI,20240625,0.68
801720.SI,20240626,0.69
801720.SI,20240627,0.68
801720.SI,20240628,0.69
801720.SI,20240701,0.7
801720.SI,20240702,0.7
801720.SI,20240703,0.69
801720.SI,20240704,0.68
801720.SI,20240705,0.68
801720.SI,20240708,0.66
801720.SI,20240709,0.67
801720.SI,20240710,0.66
801720.SI,20240711,0.67
801720.SI,20240712,0.67
801720.SI,20240715,0.67
801720.SI,20240716,0.67
801720.SI,20240717,0.67
801720.SI,20240718,0.67
801720.SI,20240719,0.67
801720.SI,20240722,0.67
801720.SI,20240723,0.66
801720.SI,20240724,0.66
801720.SI,20240725,0.66
801720.SI,20240726,0.66
801720.SI,20240729,0.67
801720.SI,20240730,0.67
801720.SI,20240731,0.67
801720.SI,20240801,0.68
801720.SI,20240802,0.67
801720.SI,20240805,0.66
801720.SI,20240806,0.66
801720.SI,20240807,0.66
801720.SI,20240808,0.66
801720.SI,20240809,0.66
801720.SI,20240812,0.66
801720.SI,20240813,0.66
801720.SI,20240814,0.66
801720.SI,20240815,0.67
801720.SI,20240816,0.66
801720.SI,20240819,0.66
801720.SI,20240820,0.65
801720.SI,20240821,0.65
801720.SI,20240822,0.65
801720.SI,20240823,0.65
801720.SI,20240826,0.65
801720.SI,20240827,0.65
801720.SI,20240828,0.64
801720.SI,20240829,0.62
801720.SI,20240830,0.63
801720.SI,20240902,0.61
801720.SI,20240903,0.61
801720.SI,20240904,0.6
801720.SI,20240905,0.6
801720.SI,20240906,0.6
801720.SI,20240909,0.59
801720.SI,20240910,0.59
801720.SI,20240911,0.59
801720.SI,20240912,0.59
801720.SI,20240913,0.59
801720.SI,20240918,0.58
801720.SI,20240919,0.6
801720.SI,20240920,0.6
801720.SI,20240923,0.6
801720.SI,20240924,0.62
801720.SI,20240925,0.64
801720.SI,20240926,0.67
801720.SI,20240927,0.69
801720.SI,20240930,0.75
801720.SI,20241008,0.79
801720.SI,20241009,0.72
801720.SI,20241010,0.76
801720.SI,20241011,0.73
801720.SI,20241014,0.76
801720.SI,20241015,0.74
801720.SI,20241016,0.76
801720.SI,20241017,0.74
801720.SI,20241018,0.75
801720.SI,20241021,0.77
801720.SI,20241022,0.77
801720.SI,20241023,0.78
801720.SI,20241024,0.77
801720.SI,20241025,0.78
801720.SI,20241028,0.79
801720.SI,20241029,0.77
801720.SI,20241030,0.77
801720.SI,20241031,0.79
801720.SI,20241101,0.77
801720.SI,20241104,0.78
801720.SI,20241105,0.8
801720.SI,20241106,0.81
801720.SI,20241107,0.84
801720.SI,20241108,0.82
801720.SI,20241111,0.82
801720.SI,20241112,0.81
801720.SI,20241113,0.81
801720.SI,20241114,0.8
801720.SI,20241115,0.79
801720.SI,20241118,0.81
801720.SI,20241119,0.8
801720.SI,20241120,0.8
801720.SI,20241121,0.8
801720.SI,20241122,0.78
801720.SI,20241125,0.77
801720.SI,20241126,0.77
801720.SI,20241127,0.77
801720.SI,20241128,0.78
801720.SI,20241129,0.78
801720.SI,20241202,0.8
801720.SI,20241203,0.81
801720.SI,20241204,0.8
801720.SI,20241205,0.81
801720.SI,20241206,0.82
801720.SI,20241209,0.81
801720.SI,20241210,0.81
801720.SI,20241211,0.82
801720.SI,20241212,0.83
801720.SI,20241213,0.81
801720.SI,20241216,0.81
801720.SI,20241217,0.79
801720.SI,20241218,0.79
801720.SI,20241219,0.8
801720.SI,20241220,0.79
801720.SI,20241223,0.78
801720.SI,20241224,0.79
801720.SI,20241225,0.78
801720.SI,20241226,0.77
801720.SI,20241227,0.78
801720.SI,20241230,0.78
801720.SI,20241231,0.77
801720.SI,20250102,0.74
801720.SI,20250103,0.72
801720.SI,20250106,0.72
801720.SI,20250107,0.73
801720.SI,20250108,0.72
801720.SI,20250109,0.72
801720.SI,20250110,0.7
801720.SI,20250113,0.7
801720.SI,20250114,0.72
801720.SI,20250115,0.72
801720.SI,20250116,0.72
801720.SI,20250117,0.72
801720.SI,20250120,0.72
801720.SI,20250121,0.72
801720.SI,20250122,0.71
801720.SI,20250123,0.71
801720.SI,20250124,0.72
801720.SI,20250127,0.72
801720.SI,20250205,0.72
801720.SI,20250206,0.72
801720.SI,20250207,0.73
801720.SI,20250210,0.74
801720.SI,20250211,0.74
801720.SI,20250212,0.74
801720.SI,20250213,0.74
801720.SI,20250214,0.74
801720.SI,20250217,0.75
801720.SI,20250218,0.74
801720.SI,20250219,0.74
801720.SI,20250220,0.74
801720.SI,20250221,0.74
801720.SI,20250224,0.76
801720.SI,20250225,0.75
801720.SI,20250226,0.75
801720.SI,20250227,0.75
801720.SI,20250228,0.74
801720.SI,20250303,0.74
801720.SI,20250304,0.75
801720.SI,20250305,0.74
801720.SI,20250306,0.75
801720.SI,20250307,0.74
801720.SI,20250310,0.74
801720.SI,20250311,0.74
801720.SI,20250312,0.75
801720.SI,20250313,0.74
801720.SI,20250314,0.75
801720.SI,20250317,0.76
801720.SI,20250318,0.76
801720.SI,20250319,0.76
801720.SI,20250320,0.76
801720.SI,20250321,0.75
801720.SI,20250324,0.74
801720.SI,20250325,0.75
801720.SI,20250326,0.75
801720.SI,20250327,0.74
801720.SI,20250328,0.73
801720.SI,20250331,0.72
801720.SI,20250401,0.72
801720.SI,20250402,0.72
801720.SI,20250403,0.73
801720.SI,20250407,0.67
801720.SI,20250408,0.68
801720.SI,20250409,0.7
801720.SI,20250410,0.7
801720.SI,20250411,0.7
801720.SI,20250414,0.71
801720.SI,20250415,0.71
801720.SI,20250416,0.71
801720.SI,20250417,0.71
801720.SI,20250418,0.71
801720.SI,20250421,0.71
801720.SI,20250422,0.72
801720.SI,20250423,0.72
801720.SI,20250424,0.71
801720.SI,20250425,0.72
801720.SI,20250428,0.71
801720.SI,20250429,0.71
801720.SI,20250430,0.7
801720.SI,20250506,0.71
801720.SI,20250507,0.72
801720.SI,20250508,0.72
801720.SI,20250509,0.72
801720.SI,20250512,0.72
801720.SI,20250513,0.73
801720.SI,20250514,0.73
801720.SI,20250515,0.73
801720.SI,20250516,0.72
801720.SI,20250519,0.73
801720.SI,20250520,0.73
801720.SI,20250521,0.73
801720.SI,20250522,0.72
801720.SI,20250523,0.72
801720.SI,20250526,0.72
801720.SI,20250527,0.72
801720.SI,20250528,0.72
801720.SI,20250529,0.72
801720.SI,20250530,0.72
801720.SI,20250603,0.72
801720.SI,20250604,0.73
801720.SI,20250605,0.73
801720.SI,20250606,0.73
801720.SI,20250609,0.74
801720.SI,20250610,0.73
801720.SI,20250611,0.74
801720.SI,20250612,0.73
801720.SI,20250613,0.73
801720.SI,20250616,0.73
801720.SI,20250617,0.73
801720.SI,20250618,0.73
801720.SI,20250619,0.72
801720.SI,20250620,0.71
801720.SI,20250623,0.72
801720.SI,20250624,0.73
801720.SI,20250625,0.74
801720.SI,20250626,0.74
801720.SI,20250627,0.74
801720.SI,20250630,0.74
801720.SI,20250701,0.74
801720.SI,20250702,0.74
801720.SI,20250703,0.75
801720.SI,20250704,0.74
801720.SI,20250707,0.75
801720.SI,20250708,0.75
801720.SI,20250709,0.76
801720.SI,20250710,0.77
801720.SI,20250711,0.76
801720.SI,20250714,0.77
801720.SI,20250715,0.76
801720.SI,20250716,0.76
801720.SI,20250717,0.76
801720.SI,20250718,0.76
801720.SI,20250721,0.79
801720.SI,20250722,0.82
801720.SI,20250723,0.81
801720.SI,20250724,0.82
801720.SI,20250725,0.8
801720.SI,20250728,0.8
801720.SI,20250729,0.8
801720.SI,20250730,0.79
801720.SI,20250731,0.78
801720.SI,20250801,0.78
801720.SI,20250804,0.78
801720.SI,20250805,0.79
801720.SI,20250806,0.79
801720.SI,20250807,0.79
801720.SI,20250808,0.8
801720.SI,20250811,0.8
801720.SI,20250812,0.8
801720.SI,20250813,0.8
801720.SI,20250814,0.79
801720.SI,20250815,0.79
801720.SI,20250818,0.79
801720.SI,20250819,0.79
801720.SI,20250820,0.8
801720.SI,20250821,0.8
801720.SI,20250822,0.81
801720.SI,20250825,0.82
801720.SI,20250826,0.82
801720.SI,20250827,0.8
801720.SI,20250828,0.8
801720.SI,20250829,0.79
801720.SI,20250901,0.79
801720.SI,20250902,0.78
801720.SI,20250903,0.77
801720.SI,20250904,0.77
801720.SI,20250905,0.78
801720.SI,20250908,0.78
801720.SI,20250909,0.78
801720.SI,20250910,0.78
801720.SI,20250911,0.79
801720.SI,20250912,0.8
801720.SI,20250915,0.8
801720.SI,20250916,0.81
801720.SI,20250917,0.81
801720.SI,20250918,0.8
801720.SI,20250919,0.8
801720.SI,20250922,0.79
801720.SI,20250923,0.79
801720.SI,20250924,0.79
801720.SI,20250925,0.79
801720.SI,20250926,0.79
801720.SI,20250929,0.79
801720.SI,20250930,0.8
801720.SI,20251009,0.82
801720.SI,20251010,0.82
801720.SI,20251013,0.82
801720.SI,20251014,0.82
801720.SI,20251015,0.83
801720.SI,20251016,0.82
801720.SI,20251017,0.81
801720.SI,20251020,0.81
801720.SI,20251021,0.83
801720.SI,20251022,0.83
801720.SI,20251023,0.83
801720.SI,20251024,0.84
801720.SI,20251027,0.84
801720.SI,20251028,0.83
801720.SI,20251029,0.83
801720.SI,20251030,0.83
801720.SI,20251031,0.8
801720.SI,20251103,0.81
801720.SI,20251104,0.81
801720.SI,20251105,0.81
801720.SI,20251106,0.82
801720.SI,20251107,0.82
801720.SI,20251110,0.82
801720.SI,20251111,0.82
801720.SI,20251112,0.82
801720.SI,20251113,0.82
801720.SI,20251114,0.82
801720.SI,20251117,0.81
801720.SI,20251118,0.8
801720.SI,20251119,0.79
801720.SI,20251120,0.79
801720.SI,20251121,0.77
801720.SI,20251124,0.78
801720.SI,20251125,0.78
801720.SI,20251126,0.78
801720.SI,20251127,0.78
801720.SI,20251128,0.79
801720.SI,20251201,0.8
801720.SI,20251202,0.79
801720.SI,20251203,0.79
801720.SI,20251204,0.78
801720.SI,20251205,0.79
801720.SI,20251208,0.79
801720.SI,20251209,0.78
801720.SI,20251210,0.78
801720.SI,20251211,0.78
801720.SI,20251212,0.78
801720.SI,20251215,0.78
801720.SI,20251216,0.77
801720.SI,20251217,0.77
801720.SI,20251218,0.77
801720.SI,20251219,0.78
801720.SI,20251222,0.78
801720.SI,20251223,0.78
801720.SI,20251224,0.79
801720.SI,20251225,0.79
801720.SI,20251226,0.8
801720.SI,20251229,0.8
801720.SI,20251230,0.79
801720.SI,20251231,0.79
801730.SI,20221010,3.89
801730.SI,20221011,3.99
801730.SI,20221012,4.17
801730.SI,20221013,4.15
801730.SI,20221014,4.27
801730.SI,20221017,4.21
801730.SI,20221018,4.25
801730.SI,20221019,4.24
801730.SI,20221020,4.11
801730.SI,20221021,4.13
801730.SI,20221024,4.03
801730.SI,20221025,4.08
801730.SI,20221026,4.09
801730.SI,20221027,3.98
801730.SI,20221028,3.76
801730.SI,20221031,3.69
801730.SI,20221101,3.84
801730.SI,20221102,3.89
801730.SI,20221103,3.89
801730.SI,20221104,4.06
801730.SI,20221107,4.08
801730.SI,20221108,4.05
801730.SI,20221109,3.98
801730.SI,20221110,3.89
801730.SI,20221111,3.94
801730.SI,20221114,3.82
801730.SI,20221115,3.92
801730.SI,20221116,3.84
801730.SI,20221117,3.78
801730.SI,20221118,3.81
801730.SI,20221121,3.84
801730.SI,20221122,3.75
801730.SI,20221123,3.83
801730.SI,20221124,3.83
801730.SI,20221125,3.74
801730.SI,20221128,3.72
801730.SI,20221129,3.74
801730.SI,20221130,3.76
801730.SI,20221201,3.82
801730.SI,20221202,3.84
801730.SI,20221205,3.79
801730.SI,20221206,3.82
801730.SI,20221207,3.86
801730.SI,20221208,3.88
801730.SI,20221209,3.86
801730.SI,20221212,3.81
801730.SI,20221213,3.73
801730.SI,20221214,3.7
801730.SI,20221215,3.79
801730.SI,20221216,3.72
801730.SI,20221219,3.71
801730.SI,20221220,3.68
801730.SI,20221221,3.63
801730.SI,20221222,3.54
801730.SI,20221223,3.5
801730.SI,20221226,3.65
801730.SI,20221227,3.69
801730.SI,20221228,3.66
801730.SI,20221229,3.64
801730.SI,20221230,3.63
801730.SI,20230103,3.68
801730.SI,20230104,3.61
801730.SI,20230105,3.72
801730.SI,20230106,3.84
801730.SI,20230109,3.86
801730.SI,20230110,3.9
801730.SI,20230111,3.86
801730.SI,20230112,3.9
801730.SI,20230113,3.89
801730.SI,20230116,3.93
801730.SI,20230117,3.95
801730.SI,20230118,3.96
801730.SI,20230119,3.94
801730.SI,20230120,4.01
801730.SI,20230130,4.09
801730.SI,20230131,4.1
801730.SI,20230201,4.14
801730.SI,20230202,4.1
801730.SI,20230203,4.03
801730.SI,20230206,4.01
801730.SI,20230207,4.0
801730.SI,20230208,4.0
801730.SI,20230209,4.04
801730.SI,20230210,3.99
801730.SI,20230213,4.03
801730.SI,20230214,4.03
801730.SI,20230215,4.01
801730.SI,20230216,3.93
801730.SI,20230217,3.83
801730.SI,20230220,3.86
801730.SI,20230221,3.89
801730.SI,20230222,3.86
801730.SI,20230223,3.91
801730.SI,20230224,3.86
801730.SI,20230227,3.85
801730.SI,20230228,3.87
801730.SI,20230301,3.86
801730.SI,20230302,3.8
801730.SI,20230303,3.79
801730.SI,20230306,3.86
801730.SI,20230307,3.81
801730.SI,20230308,3.78
801730.SI,20230309,3.77
801730.SI,20230310,3.7
801730.SI,20230313,3.67
801730.SI,20230314,3.6
801730.SI,20230315,3.62
801730.SI,20230316,3.5
801730.SI,20230317,3.48
801730.SI,20230320,3.51
801730.SI,20230321,3.57
801730.SI,20230322,3.58
801730.SI,20230323,3.56
801730.SI,20230324,3.58
801730.SI,20230327,3.62
801730.SI,20230328,3.57
801730.SI,20230329,3.58
801730.SI,20230330,3.6
801730.SI,20230331,3.61
801730.SI,20230403,3.61
801730.SI,20230404,3.52
801730.SI,20230406,3.53
801730.SI,20230407,3.54
801730.SI,20230410,3.6
801730.SI,20230411,3.58
801730.SI,20230412,3.52
801730.SI,20230413,3.5
801730.SI,20230414,3.54
801730.SI,20230417,3.57
801730.SI,20230418,3.56
801730.SI,20230419,3.52
801730.SI,20230420,3.45
801730.SI,20230421,3.37
801730.SI,20230424,3.31
801730.SI,20230425,3.14
801730.SI,20230426,3.28
801730.SI,20230427,3.24
801730.SI,20230428,3.19
801730.SI,20230504,3.15
801730.SI,20230505,3.1
801730.SI,20230508,3.14
801730.SI,20230509,3.08
801730.SI,20230510,3.15
801730.SI,20230511,3.19
801730.SI,20230512,3.14
801730.SI,20230515,3.23
801730.SI,20230516,3.24
801730.SI,20230517,3.26
801730.SI,20230518,3.2
801730.SI,20230519,3.19
801730.SI,20230522,3.2
801730.SI,20230523,3.16
801730.SI,20230524,3.18
801730.SI,20230525,3.2
801730.SI,20230526,3.14
801730.SI,20230529,3.08
801730.SI,20230530,3.1
801730.SI,20230531,3.04
801730.SI,20230601,3.04
801730.SI,20230602,3.09
801730.SI,20230605,3.03
801730.SI,20230606,3.0
801730.SI,20230607,2.93
801730.SI,20230608,2.92
801730.SI,20230609,2.95
801730.SI,20230612,2.97
801730.SI,20230613,2.97
801730.SI,20230614,2.94
801730.SI,20230615,3.11
801730.SI,20230616,3.14
801730.SI,20230619,3.12
801730.SI,20230620,3.13
801730.SI,20230621,3.09
801730.SI,20230626,3.09
801730.SI,20230627,3.11
801730.SI,20230628,3.13
801730.SI,20230629,3.13
801730.SI,20230630,3.19
801730.SI,20230703,3.21
801730.SI,20230704,3.2
801730.SI,20230705,3.16
801730.SI,20230706,3.17
801730.SI,20230707,3.13
801730.SI,20230710,3.2
801730.SI,20230711,3.2
801730.SI,20230712,3.21
801730.SI,20230713,3.24
801730.SI,20230714,3.19
801730.SI,20230717,3.17
801730.SI,20230718,3.16
801730.SI,20230719,3.11
801730.SI,20230720,3.09
801730.SI,20230721,3.07
801730.SI,20230724,3.04
801730.SI,20230725,3.1
801730.SI,20230726,3.13
801730.SI,20230727,3.11
801730.SI,20230728,3.14
801730.SI,20230731,3.18
801730.SI,20230801,3.16
801730.SI,20230802,3.15
801730.SI,20230803,3.18
801730.SI,20230804,3.21
801730.SI,20230807,3.2
801730.SI,20230808,3.18
801730.SI,20230809,3.17
801730.SI,20230810,3.18
801730.SI,20230811,3.11
801730.SI,20230814,3.08
801730.SI,20230815,3.03
801730.SI,20230816,3.0
801730.SI,20230817,3.02
801730.SI,20230818,2.99
801730.SI,20230821,2.93
801730.SI,20230822,2.92
801730.SI,20230823,2.85
801730.SI,20230824,2.86
801730.SI,20230825,2.82
801730.SI,20230828,2.84
801730.SI,20230829,2.91
801730.SI,20230830,2.9
801730.SI,20230831,2.87
801730.SI,20230901,2.86
801730.SI,20230904,2.89
801730.SI,20230905,2.89
801730.SI,20230906,2.88
801730.SI,20230907,2.8
801730.SI,20230908,2.77
801730.SI,20230911,2.78
801730.SI,20230912,2.78
801730.SI,20230913,2.74
801730.SI,20230914,2.71
801730.SI,20230915,2.68
801730.SI,20230918,2.71
801730.SI,20230919,2.67
801730.SI,20230920,2.64
801730.SI,20230921,2.6
801730.SI,20230922,2.65
801730.SI,20230925,2.64
801730.SI,20230926,2.62
801730.SI,20230927,2.67
801730.SI,20230928,2.68
801730.SI,20231009,2.65
801730.SI,20231010,2.63
801730.SI,20231011,2.62
801730.SI,20231012,2.67
801730.SI,20231013,2.62
801730.SI,20231016,2.57
801730.SI,20231017,2.58
801730.SI,20231018,2.54
801730.SI,20231019,2.51
801730.SI,20231020,2.51
801730.SI,20231023,2.44
801730.SI,20231024,2.45
801730.SI,20231025,2.44
801730.SI,20231026,2.42
801730.SI,20231027,2.49
801730.SI,20231030,2.51
801730.SI,20231031,2.45
801730.SI,20231101,2.44
801730.SI,20231102,2.4
801730.SI,20231103,2.43
801730.SI,20231106,2.52
801730.SI,20231107,2.51
801730.SI,20231108,2.5
801730.SI,20231109,2.52
801730.SI,20231110,2.49
801730.SI,20231113,2.5
801730.SI,20231114,2.49
801730.SI,20231115,2.52
801730.SI,20231116,2.48
801730.SI,20231117,2.49
801730.SI,20231120,2.5
801730.SI,20231121,2.48
801730.SI,20231122,2.43
801730.SI,20231123,2.44
801730.SI,20231124,2.41
801730.SI,20231127,2.38
801730.SI,20231128,2.4
801730.SI,20231129,2.37
801730.SI,20231130,2.35
801730.SI,20231201,2.34
801730.SI,20231204,2.32
801730.SI,20231205,2.28
801730.SI,20231206,2.31
801730.SI,20231207,2.29
801730.SI,20231208,2.28
801730.SI,20231211,2.3
801730.SI,20231212,2.28
801730.SI,20231213,2.24
801730.SI,20231214,2.23
801730.SI,20231215,2.22
801730.SI,20231218,2.17
801730.SI,20231219,2.19
801730.SI,20231220,2.16
801730.SI,20231221,2.22
801730.SI,20231222,2.24
801730.SI,20231225,2.25
801730.SI,20231226,2.23
801730.SI,20231227,2.22
801730.SI,20231228,2.35
801730.SI,20231229,2.36
801730.SI,20240102,2.32
801730.SI,20240103,2.32
801730.SI,20240104,2.28
801730.SI,20240105,2.24
801730.SI,20240108,2.22
801730.SI,20240109,2.24
801730.SI,20240110,2.25
801730.SI,20240111,2.3
801730.SI,20240112,2.3
801730.SI,20240115,2.28
801730.SI,20240116,2.31
801730.SI,20240117,2.24
801730.SI,20240118,2.28
801730.SI,20240119,2.24
801730.SI,20240122,2.17
801730.SI,20240123,2.18
801730.SI,20240124,2.18
801730.SI,20240125,2.21
801730.SI,20240126,2.17
801730.SI,20240129,2.08
801730.SI,20240130,2.02
801730.SI,20240131,2.0
801730.SI,20240201,1.99
801730.SI,20240202,1.92
801730.SI,20240205,1.87
801730.SI,20240206,1.98
801730.SI,20240207,2.03
801730.SI,20240208,2.08
801730.SI,20240219,2.08
801730.SI,20240220,2.07
801730.SI,20240221,2.1
801730.SI,20240222,2.11
801730.SI,20240223,2.14
801730.SI,20240226,2.14
801730.SI,20240227,2.17
801730.SI,20240228,2.12
801730.SI,20240229,2.2
801730.SI,20240301,2.22
801730.SI,20240304,2.23
801730.SI,20240305,2.21
801730.SI,20240306,2.25
801730.SI,20240307,2.2
801730.SI,20240308,2.24
801730.SI,20240311,2.38
801730.SI,20240312,2.38
801730.SI,20240313,2.37
801730.SI,20240314,2.35
801730.SI,20240315,2.34
801730.SI,20240318,2.38
801730.SI,20240319,2.35
801730.SI,20240320,2.36
801730.SI,20240321,2.35
801730.SI,20240322,2.29
801730.SI,20240325,2.26
801730.SI,20240326,2.3
801730.SI,20240327,2.22
801730.SI,20240328,2.24
801730.SI,20240329,2.27
801730.SI,20240401,2.33
801730.SI,20240402,2.34
801730.SI,20240403,2.32
801730.SI,20240408,2.27
801730.SI,20240409,2.31
801730.SI,20240410,2.26
801730.SI,20240411,2.28
801730.SI,20240412,2.23
801730.SI,20240415,2.25
801730.SI,20240416,2.16
801730.SI,20240417,2.22
801730.SI,20240418,2.22
801730.SI,20240419,2.17
801730.SI,20240422,2.15
801730.SI,20240423,2.13
801730.SI,20240424,2.13
801730.SI,20240425,2.14
801730.SI,20240426,2.18
801730.SI,20240429,2.26
801730.SI,20240430,2.21
801730.SI,20240506,2.22
801730.SI,20240507,2.23
801730.SI,20240508,2.19
801730.SI,20240509,2.25
801730.SI,20240510,2.23
801730.SI,20240513,2.22
801730.SI,20240514,2.21
801730.SI,20240515,2.18
801730.SI,20240516,2.18
801730.SI,20240517,2.19
801730.SI,20240520,2.19
801730.SI,20240521,2.17
801730.SI,20240522,2.23
801730.SI,20240523,2.19
801730.SI,20240524,2.17
801730.SI,20240527,2.18
801730.SI,20240528,2.17
801730.SI,20240529,2.19
801730.SI,20240530,2.19
801730.SI,20240531,2.17
801730.SI,20240603,2.16
801730.SI,20240604,2.2
801730.SI,20240605,2.17
801730.SI,20240606,2.13
801730.SI,20240607,2.09
801730.SI,20240611,2.08
801730.SI,20240612,2.07
801730.SI,20240613,2.08
801730.SI,20240614,2.07
801730.SI,20240617,2.1
801730.SI,20240618,2.11
801730.SI,20240619,2.07
801730.SI,20240620,2.03
801730.SI,20240621,2.01
801730.SI,20240624,1.99
801730.SI,20240625,1.96
801730.SI,20240626,1.99
801730.SI,20240627,1.95
801730.SI,20240628,1.94
801730.SI,20240701,1.94
801730.SI,20240702,1.91
801730.SI,20240703,1.9
801730.SI,20240704,1.89
801730.SI,20240705,1.89
801730.SI,20240708,1.85
801730.SI,20240709,1.87
801730.SI,20240710,1.86
801730.SI,20240711,1.91
801730.SI,20240712,1.92
801730.SI,20240715,1.89
801730.SI,20240716,1.92
801730.SI,20240717,1.91
801730.SI,20240718,1.94
801730.SI,20240719,1.95
801730.SI,20240722,1.96
801730.SI,20240723,1.91
801730.SI,20240724,1.89
801730.SI,20240725,1.92
801730.SI,20240726,1.95
801730.SI,20240729,1.92
801730.SI,20240730,1.92
801730.SI,20240731,1.99
801730.SI,20240801,1.96
801730.SI,20240802,1.93
801730.SI,20240805,1.9
801730.SI,20240806,1.93
801730.SI,20240807,1.94
801730.SI,20240808,1.92
801730.SI,20240809,1.9
801730.SI,20240812,1.89
801730.SI,20240813,1.91
801730.SI,20240814,1.88
801730.SI,20240815,1.9
801730.SI,20240816,1.88
801730.SI,20240819,1.87
801730.SI,20240820,1.85
801730.SI,20240821,1.84
801730.SI,20240822,1.84
801730.SI,20240823,1.83
801730.SI,20240826,1.87
801730.SI,20240827,1.84
801730.SI,20240828,1.85
801730.SI,20240829,1.89
801730.SI,20240830,1.92
801730.SI,20240902,1.91
801730.SI,20240903,1.95
801730.SI,20240904,1.96
801730.SI,20240905,1.96
801730.SI,20240906,1.93
801730.SI,20240909,1.91
801730.SI,20240910,1.9
801730.SI,20240911,1.95
801730.SI,20240912,1.96
801730.SI,20240913,1.91
801730.SI,20240918,1.91
801730.SI,20240919,1.93
801730.SI,20240920,1.9
801730.SI,20240923,1.89
801730.SI,20240924,1.96
801730.SI,20240925,1.99
801730.SI,20240926,2.04
801730.SI,20240927,2.2
801730.SI,20240930,2.46
801730.SI,20241008,2.75
801730.SI,20241009,2.45
801730.SI,20241010,2.45
801730.SI,20241011,2.33
801730.SI,20241014,2.38
801730.SI,20241015,2.31
801730.SI,20241016,2.27
801730.SI,20241017,2.24
801730.SI,20241018,2.37
801730.SI,20241021,2.37
801730.SI,20241022,2.41
801730.SI,20241023,2.47
801730.SI,20241024,2.4
801730.SI,20241025,2.53
801730.SI,20241028,2.53
801730.SI,20241029,2.49
801730.SI,20241030,2.47
801730.SI,20241031,2.51
801730.SI,20241101,2.46
801730.SI,20241104,2.51
801730.SI,20241105,2.59
801730.SI,20241106,2.58
801730.SI,20241107,2.6
801730.SI,20241108,2.61
801730.SI,20241111,2.69
801730.SI,20241112,2.67
801730.SI,20241113,2.7
801730.SI,20241114,2.62
801730.SI,20241115,2.54
801730.SI,20241118,2.49
801730.SI,20241119,2.57
801730.SI,20241120,2.58
801730.SI,20241121,2.59
801730.SI,20241122,2.49
801730.SI,20241125,2.52
801730.SI,20241126,2.47
801730.SI,20241127,2.52
801730.SI,20241128,2.49
801730.SI,20241129,2.54
801730.SI,20241202,2.56
801730.SI,20241203,2.56
801730.SI,20241204,2.51
801730.SI,20241205,2.51
801730.SI,20241206,2.54
801730.SI,20241209,2.53
801730.SI,20241210,2.54
801730.SI,20241211,2.53
801730.SI,20241212,2.55
801730.SI,20241213,2.49
801730.SI,20241216,2.46
801730.SI,20241217,2.45
801730.SI,20241218,2.45
801730.SI,20241219,2.45
801730.SI,20241220,2.44
801730.SI,20241223,2.41
801730.SI,20241224,2.45
801730.SI,20241225,2.43
801730.SI,20241226,2.42
801730.SI,20241227,2.42
801730.SI,20241230,2.43
801730.SI,20241231,2.39
801730.SI,20250102,2.32
801730.SI,20250103,2.26
801730.SI,20250106,2.28
801730.SI,20250107,2.29
801730.SI,20250108,2.28
801730.SI,20250109,2.28
801730.SI,20250110,2.23
801730.SI,20250113,2.23
801730.SI,20250114,2.32
801730.SI,20250115,2.3
801730.SI,20250116,2.31
801730.SI,20250117,2.32
801730.SI,20250120,2.37
801730.SI,20250121,2.35
801730.SI,20250122,2.32
801730.SI,20250123,2.31
801730.SI,20250124,2.34
801730.SI,20250127,2.3
801730.SI,20250205,2.29
801730.SI,20250206,2.33
801730.SI,20250207,2.4
801730.SI,20250210,2.38
801730.SI,20250211,2.35
801730.SI,20250212,2.39
801730.SI,20250213,2.37
801730.SI,20250214,2.4
801730.SI,20250217,2.41
801730.SI,20250218,2.4
801730.SI,20250219,2.44
801730.SI,20250220,2.42
801730.SI,20250221,2.47
801730.SI,20250224,2.47
801730.SI,20250225,2.46
801730.SI,20250226,2.5
801730.SI,20250227,2.5
801730.SI,20250228,2.45
801730.SI,20250303,2.49
801730.SI,20250304,2.46
801730.SI,20250305,2.44
801730.SI,20250306,2.48
801730.SI,20250307,2.45
801730.SI,20250310,2.46
801730.SI,20250311,2.47
801730.SI,20250312,2.47
801730.SI,20250313,2.45
801730.SI,20250314,2.49
801730.SI,20250317,2.48
801730.SI,20250318,2.49
801730.SI,20250319,2.5
801730.SI,20250320,2.48
801730.SI,20250321,2.44
801730.SI,20250324,2.43
801730.SI,20250325,2.44
801730.SI,20250326,2.45
801730.SI,20250327,2.43
801730.SI,20250328,2.4
801730.SI,20250331,2.36
801730.SI,20250401,2.36
801730.SI,20250402,2.37
801730.SI,20250403,2.32
801730.SI,20250407,2.04
801730.SI,20250408,2.05
801730.SI,20250409,2.06
801730.SI,20250410,2.11
801730.SI,20250411,2.13
801730.SI,20250414,2.15
801730.SI,20250415,2.14
801730.SI,20250416,2.11
801730.SI,20250417,2.1
801730.SI,20250418,2.11
801730.SI,20250421,2.15
801730.SI,20250422,2.13
801730.SI,20250423,2.16
801730.SI,20250424,2.15
801730.SI,20250425,2.15
801730.SI,20250428,2.14
801730.SI,20250429,2.13
801730.SI,20250430,2.16
801730.SI,20250506,2.2
801730.SI,20250507,2.22
801730.SI,20250508,2.26
801730.SI,20250509,2.24
801730.SI,20250512,2.3
801730.SI,20250513,2.31
801730.SI,20250514,2.31
801730.SI,20250515,2.27
801730.SI,20250516,2.27
801730.SI,20250519,2.28
801730.SI,20250520,2.29
801730.SI,20250521,2.32
801730.SI,20250522,2.29
801730.SI,20250523,2.26
801730.SI,20250526,2.24
801730.SI,20250527,2.23
801730.SI,20250528,2.22
801730.SI,20250529,2.24
801730.SI,20250530,2.2
801730.SI,20250603,2.21
801730.SI,20250604,2.23
801730.SI,20250605,2.24
801730.SI,20250606,2.23
801730.SI,20250609,2.25
801730.SI,20250610,2.23
801730.SI,20250611,2.26
801730.SI,20250612,2.25
801730.SI,20250613,2.22
801730.SI,20250616,2.24
801730.SI,20250617,2.24
801730.SI,20250618,2.25
801730.SI,20250619,2.21
801730.SI,20250620,2.2
801730.SI,20250623,2.23
801730.SI,20250624,2.29
801730.SI,20250625,2.33
801730.SI,20250626,2.31
801730.SI,20250627,2.32
801730.SI,20250630,2.35
801730.SI,20250701,2.34
801730.SI,20250702,2.35
801730.SI,20250703,2.39
801730.SI,20250704,2.37
801730.SI,20250707,2.36
801730.SI,20250708,2.42
801730.SI,20250709,2.42
801730.SI,20250710,2.43
801730.SI,20250711,2.43
801730.SI,20250714,2.43
801730.SI,20250715,2.41
801730.SI,20250716,2.41
801730.SI,20250717,2.43
801730.SI,20250718,2.44
801730.SI,20250721,2.49
801730.SI,20250722,2.54
801730.SI,20250723,2.51
801730.SI,20250724,2.54
801730.SI,20250725,2.52
801730.SI,20250728,2.52
801730.SI,20250729,2.55
801730.SI,20250730,2.49
801730.SI,20250731,2.4
801730.SI,20250801,2.41
801730.SI,20250804,2.43
801730.SI,20250805,2.44
801730.SI,20250806,2.46
801730.SI,20250807,2.44
801730.SI,20250808,2.46
801730.SI,20250811,2.51
801730.SI,20250812,2.5
801730.SI,20250813,2.54
801730.SI,20250814,2.53
801730.SI,20250815,2.6
801730.SI,20250818,2.63
801730.SI,20250819,2.62
801730.SI,20250820,2.64
801730.SI,20250821,2.61
801730.SI,20250822,2.65
801730.SI,20250825,2.72
801730.SI,20250826,2.71
801730.SI,20250827,2.65
801730.SI,20250828,2.69
801730.SI,20250829,2.77
801730.SI,20250901,2.8
801730.SI,20250902,2.76
801730.SI,20250903,2.8
801730.SI,20250904,2.79
801730.SI,20250905,2.99
801730.SI,20250908,3.02
801730.SI,20250909,2.98
801730.SI,20250910,2.94
801730.SI,20250911,3.01
801730.SI,20250912,3.01
801730.SI,20250915,3.07
801730.SI,20250916,3.08
801730.SI,20250917,3.16
801730.SI,20250918,3.12
801730.SI,20250919,3.1
801730.SI,20250922,3.11
801730.SI,20250923,3.12
801730.SI,20250924,3.21
801730.SI,20250925,3.27
801730.SI,20250926,3.22
801730.SI,20250929,3.32
801730.SI,20250930,3.38
801730.SI,20251009,3.45
801730.SI,20251010,3.29
801730.SI,20251013,3.27
801730.SI,20251014,3.19
801730.SI,20251015,3.28
801730.SI,20251016,3.29
801730.SI,20251017,3.12
801730.SI,20251020,3.17
801730.SI,20251021,3.2
801730.SI,20251022,3.16
801730.SI,20251023,3.17
801730.SI,20251024,3.24
801730.SI,20251027,3.25
801730.SI,20251028,3.24
801730.SI,20251029,3.39
801730.SI,20251030,3.37
801730.SI,20251031,3.33
801730.SI,20251103,3.36
801730.SI,20251104,3.29
801730.SI,20251105,3.41
801730.SI,20251106,3.46
801730.SI,20251107,3.5
801730.SI,20251110,3.46
801730.SI,20251111,3.46
801730.SI,20251112,3.38
801730.SI,20251113,3.53
801730.SI,20251114,3.46
801730.SI,20251117,3.44
801730.SI,20251118,3.34
801730.SI,20251119,3.33
801730.SI,20251120,3.27
801730.SI,20251121,3.1
801730.SI,20251124,3.12
801730.SI,20251125,3.17
801730.SI,20251126,3.16
801730.SI,20251127,3.17
801730.SI,20251128,3.21
801730.SI,20251201,3.23
801730.SI,20251202,3.19
801730.SI,20251203,3.16
801730.SI,20251204,3.17
801730.SI,20251205,3.22
801730.SI,20251208,3.27
801730.SI,20251209,3.25
801730.SI,20251210,3.23
801730.SI,20251211,3.22
801730.SI,20251212,3.27
801730.SI,20251215,3.23
801730.SI,20251216,3.15
801730.SI,20251217,3.21
801730.SI,20251218,3.14
801730.SI,20251219,3.17
801730.SI,20251222,3.2
801730.SI,20251223,3.24
801730.SI,20251224,3.27
801730.SI,20251225,3.29
801730.SI,20251226,3.34
801730.SI,20251229,3.3
801730.SI,20251230,3.3
801730.SI,20251231,3.27
801740.SI,20221010,3.2
801740.SI,20221011,3.21
801740.SI,20221012,3.27
801740.SI,20221013,3.3
801740.SI,20221014,3.38
801740.SI,20221017,3.47
801740.SI,20221018,3.47
801740.SI,20221019,3.46
801740.SI,20221020,3.46
801740.SI,20221021,3.47
801740.SI,20221024,3.58
801740.SI,20221025,3.58
801740.SI,20221026,3.63
801740.SI,20221027,3.6
801740.SI,20221028,3.5
801740.SI,20221031,3.57
801740.SI,20221101,3.55
801740.SI,20221102,3.53
801740.SI,20221103,3.57
801740.SI,20221104,3.58
801740.SI,20221107,3.52
801740.SI,20221108,3.52
801740.SI,20221109,3.5
801740.SI,20221110,3.43
801740.SI,20221111,3.47
801740.SI,20221114,3.43
801740.SI,20221115,3.48
801740.SI,20221116,3.49
801740.SI,20221117,3.5
801740.SI,20221118,3.44
801740.SI,20221121,3.48
801740.SI,20221122,3.47
801740.SI,20221123,3.45
801740.SI,20221124,3.42
801740.SI,20221125,3.37
801740.SI,20221128,3.37
801740.SI,20221129,3.38
801740.SI,20221130,3.38
801740.SI,20221201,3.41
801740.SI,20221202,3.38
801740.SI,20221205,3.4
801740.SI,20221206,3.41
801740.SI,20221207,3.38
801740.SI,20221208,3.34
801740.SI,20221209,3.33
801740.SI,20221212,3.36
801740.SI,20221213,3.3
801740.SI,20221214,3.29
801740.SI,20221215,3.29
801740.SI,20221216,3.25
801740.SI,20221219,3.21
801740.SI,20221220,3.21
801740.SI,20221221,3.16
801740.SI,20221222,3.12
801740.SI,20221223,3.09
801740.SI,20221226,3.19
801740.SI,20221227,3.21
801740.SI,20221228,3.18
801740.SI,20221229,3.23
801740.SI,20221230,3.23
801740.SI,20230103,3.32
801740.SI,20230104,3.31
801740.SI,20230105,3.32
801740.SI,20230106,3.3
801740.SI,20230109,3.24
801740.SI,20230110,3.21
801740.SI,20230111,3.18
801740.SI,20230112,3.18
801740.SI,20230113,3.18
801740.SI,20230116,3.23
801740.SI,20230117,3.26
801740.SI,20230118,3.28
801740.SI,20230119,3.33
801740.SI,20230120,3.34
801740.SI,20230130,3.43
801740.SI,20230131,3.45
801740.SI,20230201,3.48
801740.SI,20230202,3.43
801740.SI,20230203,3.47
801740.SI,20230206,3.46
801740.SI,20230207,3.45
801740.SI,20230208,3.41
801740.SI,20230209,3.49
801740.SI,20230210,3.46
801740.SI,20230213,3.5
801740.SI,20230214,3.48
801740.SI,20230215,3.49
801740.SI,20230216,3.42
801740.SI,20230217,3.4
801740.SI,20230220,3.4
801740.SI,20230221,3.45
801740.SI,20230222,3.47
801740.SI,20230223,3.44
801740.SI,20230224,3.5
801740.SI,20230227,3.48
801740.SI,20230228,3.49
801740.SI,20230301,3.51
801740.SI,20230302,3.52
801740.SI,20230303,3.57
801740.SI,20230306,3.62
801740.SI,20230307,3.52
801740.SI,20230308,3.6
801740.SI,20230309,3.57
801740.SI,20230310,3.51
801740.SI,20230313,3.53
801740.SI,20230314,3.52
801740.SI,20230315,3.49
801740.SI,20230316,3.4
801740.SI,20230317,3.43
801740.SI,20230320,3.39
801740.SI,20230321,3.47
801740.SI,20230322,3.44
801740.SI,20230323,3.5
801740.SI,20230324,3.47
801740.SI,20230327,3.45
801740.SI,20230328,3.38
801740.SI,20230329,3.34
801740.SI,20230330,3.35
801740.SI,20230331,3.32
801740.SI,20230403,3.39
801740.SI,20230404,3.37
801740.SI,20230406,3.4
801740.SI,20230407,3.41
801740.SI,20230410,3.38
801740.SI,20230411,3.35
801740.SI,20230412,3.35
801740.SI,20230413,3.33
801740.SI,20230414,3.33
801740.SI,20230417,3.35
801740.SI,20230418,3.35
801740.SI,20230419,3.38
801740.SI,20230420,3.36
801740.SI,20230421,3.35
801740.SI,20230424,3.32
801740.SI,20230425,3.24
801740.SI,20230426,3.27
801740.SI,20230427,3.34
801740.SI,20230428,3.33
801740.SI,20230504,3.32
801740.SI,20230505,3.28
801740.SI,20230508,3.4
801740.SI,20230509,3.33
801740.SI,20230510,3.3
801740.SI,20230511,3.27
801740.SI,20230512,3.22
801740.SI,20230515,3.32
801740.SI,20230516,3.28
801740.SI,20230517,3.37
801740.SI,20230518,3.37
801740.SI,20230519,3.37
801740.SI,20230522,3.35
801740.SI,20230523,3.29
801740.SI,20230524,3.28
801740.SI,20230525,3.3
801740.SI,20230526,3.3
801740.SI,20230529,3.32
801740.SI,20230530,3.31
801740.SI,20230531,3.32
801740.SI,20230601,3.34
801740.SI,20230602,3.31
801740.SI,20230605,3.28
801740.SI,20230606,3.19
801740.SI,20230607,3.18
801740.SI,20230608,3.17
801740.SI,20230609,3.2
801740.SI,20230612,3.18
801740.SI,20230613,3.19
801740.SI,20230614,3.19
801740.SI,20230615,3.21
801740.SI,20230616,3.27
801740.SI,20230619,3.31
801740.SI,20230620,3.41
801740.SI,20230621,3.36
801740.SI,20230626,3.31
801740.SI,20230627,3.37
801740.SI,20230628,3.38
801740.SI,20230629,3.41
801740.SI,20230630,3.46
801740.SI,20230703,3.49
801740.SI,20230704,3.49
801740.SI,20230705,3.44
801740.SI,20230706,3.41
801740.SI,20230707,3.37
801740.SI,20230710,3.38
801740.SI,20230711,3.42
801740.SI,20230712,3.35
801740.SI,20230713,3.37
801740.SI,20230714,3.36
801740.SI,20230717,3.36
801740.SI,20230718,3.37
801740.SI,20230719,3.34
801740.SI,20230720,3.28
801740.SI,20230721,3.27
801740.SI,20230724,3.29
801740.SI,20230725,3.33
801740.SI,20230726,3.29
801740.SI,20230727,3.3
801740.SI,20230728,3.29
801740.SI,20230731,3.31
801740.SI,20230801,3.31
801740.SI,20230802,3.29
801740.SI,20230803,3.28
801740.SI,20230804,3.28
801740.SI,20230807,3.29
801740.SI,20230808,3.25
801740.SI,20230809,3.23
801740.SI,20230810,3.24
801740.SI,20230811,3.19
801740.SI,20230814,3.22
801740.SI,20230815,3.19
801740.SI,20230816,3.14
801740.SI,20230817,3.24
801740.SI,20230818,3.21
801740.SI,20230821,3.16
801740.SI,20230822,3.21
801740.SI,20230823,3.02
801740.SI,20230824,3.01
801740.SI,20230825,2.96
801740.SI,20230828,3.0
801740.SI,20230829,3.08
801740.SI,20230830,3.11
801740.SI,20230831,3.08
801740.SI,20230901,3.07
801740.SI,20230904,3.11
801740.SI,20230905,3.1
801740.SI,20230906,3.17
801740.SI,20230907,3.12
801740.SI,20230908,3.2
801740.SI,20230911,3.17
801740.SI,20230912,3.16
801740.SI,20230913,3.11
801740.SI,20230914,3.1
801740.SI,20230915,3.09
801740.SI,20230918,3.07
801740.SI,20230919,3.02
801740.SI,20230920,3.0
801740.SI,20230921,3.0
801740.SI,20230922,3.04
801740.SI,20230925,3.01
801740.SI,20230926,2.98
801740.SI,20230927,2.98
801740.SI,20230928,3.04
801740.SI,20231009,3.06
801740.SI,20231010,3.06
801740.SI,20231011,3.03
801740.SI,20231012,3.02
801740.SI,20231013,2.98
801740.SI,20231016,2.96
801740.SI,20231017,2.97
801740.SI,20231018,2.92
801740.SI,20231019,2.9
801740.SI,20231020,2.85
801740.SI,20231023,2.84
801740.SI,20231024,2.85
801740.SI,20231025,2.89
801740.SI,20231026,2.92
801740.SI,20231027,2.9
801740.SI,20231030,2.9
801740.SI,20231031,2.86
801740.SI,20231101,2.85
801740.SI,20231102,2.8
801740.SI,20231103,2.85
801740.SI,20231106,2.89
801740.SI,20231107,2.89
801740.SI,20231108,2.89
801740.SI,20231109,2.86
801740.SI,20231110,2.88
801740.SI,20231113,2.96
801740.SI,20231114,2.99
801740.SI,20231115,2.98
801740.SI,20231116,2.95
801740.SI,20231117,2.95
801740.SI,20231120,3.01
801740.SI,20231121,2.96
801740.SI,20231122,2.92
801740.SI,20231123,2.94
801740.SI,20231124,2.89
801740.SI,20231127,2.9
801740.SI,20231128,2.91
801740.SI,20231129,2.89
801740.SI,20231130,2.87
801740.SI,20231201,2.88
801740.SI,20231204,2.9
801740.SI,20231205,2.83
801740.SI,20231206,2.83
801740.SI,20231207,2.81
801740.SI,20231208,2.77
801740.SI,20231211,2.82
801740.SI,20231212,2.84
801740.SI,20231213,2.82
801740.SI,20231214,2.81
801740.SI,20231215,2.78
801740.SI,20231218,2.72
801740.SI,20231219,2.73
801740.SI,20231220,2.67
801740.SI,20231221,2.69
801740.SI,20231222,2.75
801740.SI,20231225,2.78
801740.SI,20231226,2.75
801740.SI,20231227,2.75
801740.SI,20231228,2.79
801740.SI,20231229,2.83
801740.SI,20240102,2.85
801740.SI,20240103,2.81
801740.SI,20240104,2.78
801740.SI,20240105,2.7
801740.SI,20240108,2.62
801740.SI,20240109,2.61
801740.SI,20240110,2.59
801740.SI,20240111,2.63
801740.SI,20240112,2.63
801740.SI,20240115,2.58
801740.SI,20240116,2.56
801740.SI,20240117,2.49
801740.SI,20240118,2.49
801740.SI,20240119,2.46
801740.SI,20240122,2.34
801740.SI,20240123,2.37
801740.SI,20240124,2.4
801740.SI,20240125,2.51
801740.SI,20240126,2.48
801740.SI,20240129,2.43
801740.SI,20240130,2.39
801740.SI,20240131,2.28
801740.SI,20240201,2.26
801740.SI,20240202,2.18
801740.SI,20240205,2.08
801740.SI,20240206,2.21
801740.SI,20240207,2.3
801740.SI,20240208,2.37
801740.SI,20240219,2.39
801740.SI,20240220,2.4
801740.SI,20240221,2.41
801740.SI,20240222,2.44
801740.SI,20240223,2.47
801740.SI,20240226,2.49
801740.SI,20240227,2.57
801740.SI,20240228,2.46
801740.SI,20240229,2.57
801740.SI,20240301,2.61
801740.SI,20240304,2.61
801740.SI,20240305,2.63
801740.SI,20240306,2.63
801740.SI,20240307,2.56
801740.SI,20240308,2.62
801740.SI,20240311,2.65
801740.SI,20240312,2.67
801740.SI,20240313,2.69
801740.SI,20240314,2.65
801740.SI,20240315,2.66
801740.SI,20240318,2.72
801740.SI,20240319,2.71
801740.SI,20240320,2.73
801740.SI,20240321,2.74
801740.SI,20240322,2.7
801740.SI,20240325,2.63
801740.SI,20240326,2.62
801740.SI,20240327,2.53
801740.SI,20240328,2.63
801740.SI,20240329,2.68
801740.SI,20240401,2.7
801740.SI,20240402,2.65
801740.SI,20240403,2.61
801740.SI,20240408,2.56
801740.SI,20240409,2.57
801740.SI,20240410,2.52
801740.SI,20240411,2.5
801740.SI,20240412,2.48
801740.SI,20240415,2.53
801740.SI,20240416,2.41
801740.SI,20240417,2.51
801740.SI,20240418,2.52
801740.SI,20240419,2.56
801740.SI,20240422,2.6
801740.SI,20240423,2.57
801740.SI,20240424,2.63
801740.SI,20240425,2.59
801740.SI,20240426,2.62
801740.SI,20240429,2.63
801740.SI,20240430,2.59
801740.SI,20240506,2.67
801740.SI,20240507,2.75
801740.SI,20240508,2.71
801740.SI,20240509,2.8
801740.SI,20240510,2.76
801740.SI,20240513,2.72
801740.SI,20240514,2.71
801740.SI,20240515,2.68
801740.SI,20240516,2.67
801740.SI,20240517,2.73
801740.SI,20240520,2.76
801740.SI,20240521,2.71
801740.SI,20240522,2.71
801740.SI,20240523,2.69
801740.SI,20240524,2.62
801740.SI,20240527,2.63
801740.SI,20240528,2.62
801740.SI,20240529,2.6
801740.SI,20240530,2.64
801740.SI,20240531,2.68
801740.SI,20240603,2.66
801740.SI,20240604,2.68
801740.SI,20240605,2.7
801740.SI,20240606,2.63
801740.SI,20240607,2.64
801740.SI,20240611,2.67
801740.SI,20240612,2.68
801740.SI,20240613,2.69
801740.SI,20240614,2.66
801740.SI,20240617,2.66
801740.SI,20240618,2.69
801740.SI,20240619,2.65
801740.SI,20240620,2.59
801740.SI,20240621,2.6
801740.SI,20240624,2.52
801740.SI,20240625,2.49
801740.SI,20240626,2.54
801740.SI,20240627,2.51
801740.SI,20240628,2.59
801740.SI,20240701,2.58
801740.SI,20240702,2.56
801740.SI,20240703,2.52
801740.SI,20240704,2.48
801740.SI,20240705,2.49
801740.SI,20240708,2.44
801740.SI,20240709,2.48
801740.SI,20240710,2.47
801740.SI,20240711,2.53
801740.SI,20240712,2.52
801740.SI,20240715,2.51
801740.SI,20240716,2.53
801740.SI,20240717,2.5
801740.SI,20240718,2.55
801740.SI,20240719,2.59
801740.SI,20240722,2.61
801740.SI,20240723,2.53
801740.SI,20240724,2.55
801740.SI,20240725,2.53
801740.SI,20240726,2.63
801740.SI,20240729,2.65
801740.SI,20240730,2.66
801740.SI,20240731,2.71
801740.SI,20240801,2.73
801740.SI,20240802,2.7
801740.SI,20240805,2.61
801740.SI,20240806,2.68
801740.SI,20240807,2.7
801740.SI,20240808,2.61
801740.SI,20240809,2.58
801740.SI,20240812,2.55
801740.SI,20240813,2.59
801740.SI,20240814,2.56
801740.SI,20240815,2.57
801740.SI,20240816,2.53
801740.SI,20240819,2.52
801740.SI,20240820,2.47
801740.SI,20240821,2.46
801740.SI,20240822,2.45
801740.SI,20240823,2.45
801740.SI,20240826,2.43
801740.SI,20240827,2.39
801740.SI,20240828,2.41
801740.SI,20240829,2.45
801740.SI,20240830,2.48
801740.SI,20240902,2.4
801740.SI,20240903,2.43
801740.SI,20240904,2.42
801740.SI,20240905,2.44
801740.SI,20240906,2.4
801740.SI,20240909,2.4
801740.SI,20240910,2.41
801740.SI,20240911,2.4
801740.SI,20240912,2.39
801740.SI,20240913,2.36
801740.SI,20240918,2.36
801740.SI,20240919,2.37
801740.SI,20240920,2.34
801740.SI,20240923,2.35
801740.SI,20240924,2.43
801740.SI,20240925,2.47
801740.SI,20240926,2.55
801740.SI,20240927,2.68
801740.SI,20240930,2.97
801740.SI,20241008,3.27
801740.SI,20241009,3.04
801740.SI,20241010,3.06
801740.SI,20241011,2.89
801740.SI,20241014,3.03
801740.SI,20241015,3.03
801740.SI,20241016,2.98
801740.SI,20241017,3.0
801740.SI,20241018,3.12
801740.SI,20241021,3.26
801740.SI,20241022,3.21
801740.SI,20241023,3.29
801740.SI,20241024,3.21
801740.SI,20241025,3.24
801740.SI,20241028,3.29
801740.SI,20241029,3.24
801740.SI,20241030,3.23
801740.SI,20241031,3.24
801740.SI,20241101,3.11
801740.SI,20241104,3.19
801740.SI,20241105,3.39
801740.SI,20241106,3.42
801740.SI,20241107,3.39
801740.SI,20241108,3.48
801740.SI,20241111,3.56
801740.SI,20241112,3.44
801740.SI,20241113,3.44
801740.SI,20241114,3.31
801740.SI,20241115,3.18
801740.SI,20241118,3.11
801740.SI,20241119,3.16
801740.SI,20241120,3.21
801740.SI,20241121,3.2
801740.SI,20241122,3.09
801740.SI,20241125,3.05
801740.SI,20241126,3.03
801740.SI,20241127,3.13
801740.SI,20241128,3.11
801740.SI,20241129,3.15
801740.SI,20241202,3.19
801740.SI,20241203,3.16
801740.SI,20241204,3.13
801740.SI,20241205,3.17
801740.SI,20241206,3.2
801740.SI,20241209,3.15
801740.SI,20241210,3.2
801740.SI,20241211,3.22
801740.SI,20241212,3.28
801740.SI,20241213,3.18
801740.SI,20241216,3.14
801740.SI,20241217,3.08
801740.SI,20241218,3.11
801740.SI,20241219,3.11
801740.SI,20241220,3.15
801740.SI,20241223,3.08
801740.SI,20241224,3.09
801740.SI,20241225,3.07
801740.SI,20241226,3.11
801740.SI,20241227,3.16
801740.SI,20241230,3.15
801740.SI,20241231,3.07
801740.SI,20250102,2.94
801740.SI,20250103,2.83
801740.SI,20250106,2.8
801740.SI,20250107,2.86
801740.SI,20250108,2.84
801740.SI,20250109,2.89
801740.SI,20250110,2.84
801740.SI,20250113,2.84
801740.SI,20250114,2.95
801740.SI,20250115,2.89
801740.SI,20250116,2.89
801740.SI,20250117,2.92
801740.SI,20250120,2.94
801740.SI,20250121,2.92
801740.SI,20250122,2.9
801740.SI,20250123,2.88
801740.SI,20250124,2.9
801740.SI,20250127,2.86
801740.SI,20250205,2.88
801740.SI,20250206,2.98
801740.SI,20250207,3.0
801740.SI,20250210,3.03
801740.SI,20250211,3.0
801740.SI,20250212,3.02
801740.SI,20250213,2.99
801740.SI,20250214,2.98
801740.SI,20250217,2.93
801740.SI,20250218,2.86
801740.SI,20250219,2.92
801740.SI,20250220,2.97
801740.SI,20250221,3.01
801740.SI,20250224,3.03
801740.SI,20250225,3.01
801740.SI,20250226,3.04
801740.SI,20250227,3.01
801740.SI,20250228,2.91
801740.SI,20250303,2.92
801740.SI,20250304,3.02
801740.SI,20250305,3.04
801740.SI,20250306,3.07
801740.SI,20250307,3.12
801740.SI,20250310,3.14
801740.SI,20250311,3.21
801740.SI,20250312,3.19
801740.SI,20250313,3.2
801740.SI,20250314,3.2
801740.SI,20250317,3.19
801740.SI,20250318,3.18
801740.SI,20250319,3.15
801740.SI,20250320,3.18
801740.SI,20250321,3.16
801740.SI,20250324,3.11
801740.SI,20250325,3.1
801740.SI,20250326,3.1
801740.SI,20250327,3.07
801740.SI,20250328,3.04
801740.SI,20250331,2.97
801740.SI,20250401,3.0
801740.SI,20250402,2.97
801740.SI,20250403,2.96
801740.SI,20250407,2.67
801740.SI,20250408,2.74
801740.SI,20250409,2.91
801740.SI,20250410,2.95
801740.SI,20250411,2.98
801740.SI,20250414,2.99
801740.SI,20250415,2.94
801740.SI,20250416,2.92
801740.SI,20250417,2.92
801740.SI,20250418,2.9
801740.SI,20250421,2.96
801740.SI,20250422,2.94
801740.SI,20250423,2.94
801740.SI,20250424,2.9
801740.SI,20250425,2.91
801740.SI,20250428,2.88
801740.SI,20250429,2.88
801740.SI,20250430,2.89
801740.SI,20250506,2.95
801740.SI,20250507,3.05
801740.SI,20250508,3.11
801740.SI,20250509,3.06
801740.SI,20250512,3.2
801740.SI,20250513,3.11
801740.SI,20250514,3.08
801740.SI,20250515,3.03
801740.SI,20250516,3.02
801740.SI,20250519,3.05
801740.SI,20250520,3.04
801740.SI,20250521,3.04
801740.SI,20250522,3.03
801740.SI,20250523,3.0
801740.SI,20250526,3.03
801740.SI,20250527,3.02
801740.SI,20250528,3.0
801740.SI,20250529,3.06
801740.SI,20250530,3.07
801740.SI,20250603,3.08
801740.SI,20250604,3.08
801740.SI,20250605,3.09
801740.SI,20250606,3.08
801740.SI,20250609,3.12
801740.SI,20250610,3.06
801740.SI,20250611,3.08
801740.SI,20250612,3.06
801740.SI,20250613,3.1
801740.SI,20250616,3.11
801740.SI,20250617,3.11
801740.SI,20250618,3.13
801740.SI,20250619,3.08
801740.SI,20250620,3.05
801740.SI,20250623,3.11
801740.SI,20250624,3.12
801740.SI,20250625,3.22
801740.SI,20250626,3.24
801740.SI,20250627,3.27
801740.SI,20250630,3.41
801740.SI,20250701,3.41
801740.SI,20250702,3.34
801740.SI,20250703,3.35
801740.SI,20250704,3.32
801740.SI,20250707,3.32
801740.SI,20250708,3.34
801740.SI,20250709,3.31
801740.SI,20250710,3.3
801740.SI,20250711,3.35
801740.SI,20250714,3.33
801740.SI,20250715,3.31
801740.SI,20250716,3.31
801740.SI,20250717,3.4
801740.SI,20250718,3.42
801740.SI,20250721,3.45
801740.SI,20250722,3.46
801740.SI,20250723,3.4
801740.SI,20250724,3.46
801740.SI,20250725,3.47
801740.SI,20250728,3.53
801740.SI,20250729,3.57
801740.SI,20250730,3.54
801740.SI,20250731,3.52
801740.SI,20250801,3.47
801740.SI,20250804,3.57
801740.SI,20250805,3.6
801740.SI,20250806,3.7
801740.SI,20250807,3.69
801740.SI,20250808,3.67
801740.SI,20250811,3.7
801740.SI,20250812,3.66
801740.SI,20250813,3.72
801740.SI,20250814,3.64
801740.SI,20250815,3.68
801740.SI,20250818,3.77
801740.SI,20250819,3.71
801740.SI,20250820,3.73
801740.SI,20250821,3.71
801740.SI,20250822,3.79
801740.SI,20250825,3.86
801740.SI,20250826,3.83
801740.SI,20250827,3.74
801740.SI,20250828,3.84
801740.SI,20250829,3.86
801740.SI,20250901,4.1
801740.SI,20250902,3.99
801740.SI,20250903,3.76
801740.SI,20250904,3.64
801740.SI,20250905,3.69
801740.SI,20250908,3.72
801740.SI,20250909,3.65
801740.SI,20250910,3.68
801740.SI,20250911,3.77
801740.SI,20250912,3.76
801740.SI,20250915,3.72
801740.SI,20250916,3.92
801740.SI,20250917,3.93
801740.SI,20250918,3.91
801740.SI,20250919,3.95
801740.SI,20250922,3.97
801740.SI,20250923,3.93
801740.SI,20250924,3.97
801740.SI,20250925,3.94
801740.SI,20250926,3.93
801740.SI,20250929,3.95
801740.SI,20250930,4.05
801740.SI,20251009,4.09
801740.SI,20251010,4.05
801740.SI,20251013,4.08
801740.SI,20251014,4.04
801740.SI,20251015,4.05
801740.SI,20251016,4.0
801740.SI,20251017,3.86
801740.SI,20251020,3.89
801740.SI,20251021,3.95
801740.SI,20251022,3.91
801740.SI,20251023,3.88
801740.SI,20251024,3.97
801740.SI,20251027,4.02
801740.SI,20251028,4.05
801740.SI,20251029,3.44
801740.SI,20251030,3.36
801740.SI,20251031,3.32
801740.SI,20251103,3.34
801740.SI,20251104,3.3
801740.SI,20251105,3.29
801740.SI,20251106,3.32
801740.SI,20251107,3.31
801740.SI,20251110,3.3
801740.SI,20251111,3.26
801740.SI,20251112,3.23
801740.SI,20251113,3.25
801740.SI,20251114,3.23
801740.SI,20251117,3.28
801740.SI,20251118,3.24
801740.SI,20251119,3.27
801740.SI,20251120,3.24
801740.SI,20251121,3.18
801740.SI,20251124,3.32
801740.SI,20251125,3.31
801740.SI,20251126,3.23
801740.SI,20251127,3.23
801740.SI,20251128,3.27
801740.SI,20251201,3.31
801740.SI,20251202,3.31
801740.SI,20251203,3.27
801740.SI,20251204,3.29
801740.SI,20251205,3.37
801740.SI,20251208,3.41
801740.SI,20251209,3.41
801740.SI,20251210,3.44
801740.SI,20251211,3.43
801740.SI,20251212,3.47
801740.SI,20251215,3.5
801740.SI,20251216,3.45
801740.SI,20251217,3.44
801740.SI,20251218,3.47
801740.SI,20251219,3.52
801740.SI,20251222,3.54
801740.SI,20251223,3.49
801740.SI,20251224,3.59
801740.SI,20251225,3.7
801740.SI,20251226,3.74
801740.SI,20251229,3.79
801740.SI,20251230,3.77
801740.SI,20251231,3.85
801750.SI,20221010,2.65
801750.SI,20221011,2.66
801750.SI,20221012,2.77
801750.SI,20221013,2.84
801750.SI,20221014,2.9
801750.SI,20221017,2.97
801750.SI,20221018,2.95
801750.SI,20221019,2.94
801750.SI,20221020,2.96
801750.SI,20221021,2.97
801750.SI,20221024,2.96
801750.SI,20221025,2.9
801750.SI,20221026,3.03
801750.SI,20221027,3.08
801750.SI,20221028,3.0
801750.SI,20221031,3.11
801750.SI,20221101,3.15
801750.SI,20221102,3.17
801750.SI,20221103,3.11
801750.SI,20221104,3.15
801750.SI,20221107,3.15
801750.SI,20221108,3.18
801750.SI,20221109,3.14
801750.SI,20221110,3.16
801750.SI,20221111,3.16
801750.SI,20221114,3.2
801750.SI,20221115,3.26
801750.SI,20221116,3.24
801750.SI,20221117,3.33
801750.SI,20221118,3.28
801750.SI,20221121,3.27
801750.SI,20221122,3.22
801750.SI,20221123,3.18
801750.SI,20221124,3.14
801750.SI,20221125,3.1
801750.SI,20221128,3.07
801750.SI,20221129,3.13
801750.SI,20221130,3.12
801750.SI,20221201,3.2
801750.SI,20221202,3.21
801750.SI,20221205,3.26
801750.SI,20221206,3.25
801750.SI,20221207,3.23
801750.SI,20221208,3.18
801750.SI,20221209,3.17
801750.SI,20221212,3.21
801750.SI,20221213,3.13
801750.SI,20221214,3.15
801750.SI,20221215,3.18
801750.SI,20221216,3.12
801750.SI,20221219,3.07
801750.SI,20221220,3.0
801750.SI,20221221,2.98
801750.SI,20221222,2.98
801750.SI,20221223,3.03
801750.SI,20221226,3.06
801750.SI,20221227,3.07
801750.SI,20221228,3.02
801750.SI,20221229,3.06
801750.SI,20221230,3.09
801750.SI,20230103,3.23
801750.SI,20230104,3.26
801750.SI,20230105,3.28
801750.SI,20230106,3.25
801750.SI,20230109,3.25
801750.SI,20230110,3.26
801750.SI,20230111,3.2
801750.SI,20230112,3.22
801750.SI,20230113,3.22
801750.SI,20230116,3.3
801750.SI,20230117,3.28
801750.SI,20230118,3.35
801750.SI,20230119,3.44
801750.SI,20230120,3.47
801750.SI,20230130,3.54
801750.SI,20230131,3.48
801750.SI,20230201,3.58
801750.SI,20230202,3.58
801750.SI,20230203,3.64
801750.SI,20230206,3.67
801750.SI,20230207,3.67
801750.SI,20230208,3.63
801750.SI,20230209,3.71
801750.SI,20230210,3.66
801750.SI,20230213,3.7
801750.SI,20230214,3.68
801750.SI,20230215,3.78
801750.SI,20230216,3.73
801750.SI,20230217,3.59
801750.SI,20230220,3.7
801750.SI,20230221,3.7
801750.SI,20230222,3.72
801750.SI,20230223,3.63
801750.SI,20230224,3.66
801750.SI,20230227,3.61
801750.SI,20230228,3.69
801750.SI,20230301,3.84
801750.SI,20230302,3.86
801750.SI,20230303,3.81
801750.SI,20230306,3.8
801750.SI,20230307,3.7
801750.SI,20230308,3.76
801750.SI,20230309,3.77
801750.SI,20230310,3.75
801750.SI,20230313,3.9
801750.SI,20230314,3.86
801750.SI,20230315,3.81
801750.SI,20230316,3.76
801750.SI,20230317,3.92
801750.SI,20230320,3.87
801750.SI,20230321,3.91
801750.SI,20230322,4.01
801750.SI,20230323,4.12
801750.SI,20230324,4.19
801750.SI,20230327,4.25
801750.SI,20230328,4.17
801750.SI,20230329,4.16
801750.SI,20230330,4.08
801750.SI,20230331,4.23
801750.SI,20230403,4.41
801750.SI,20230404,4.44
801750.SI,20230406,4.36
801750.SI,20230407,4.45
801750.SI,20230410,4.21
801750.SI,20230411,4.25
801750.SI,20230412,4.38
801750.SI,20230413,4.25
801750.SI,20230414,4.25
801750.SI,20230417,4.17
801750.SI,20230418,4.18
801750.SI,20230419,4.19
801750.SI,20230420,4.27
801750.SI,20230421,4.03
801750.SI,20230424,4.02
801750.SI,20230425,3.97
801750.SI,20230426,3.81
801750.SI,20230427,3.75
801750.SI,20230428,3.88
801750.SI,20230504,3.83
801750.SI,20230505,3.82
801750.SI,20230508,3.91
801750.SI,20230509,3.87
801750.SI,20230510,3.85
801750.SI,20230511,3.79
801750.SI,20230512,3.75
801750.SI,20230515,3.75
801750.SI,20230516,3.63
801750.SI,20230517,3.67
801750.SI,20230518,3.77
801750.SI,20230519,3.76
801750.SI,20230522,3.73
801750.SI,20230523,3.68
801750.SI,20230524,3.65
801750.SI,20230525,3.64
801750.SI,20230526,3.72
801750.SI,20230529,3.7
801750.SI,20230530,3.81
801750.SI,20230531,3.86
801750.SI,20230601,3.95
801750.SI,20230602,3.95
801750.SI,20230605,3.97
801750.SI,20230606,3.86
801750.SI,20230607,3.91
801750.SI,20230608,3.88
801750.SI,20230609,3.93
801750.SI,20230612,3.95
801750.SI,20230613,4.08
801750.SI,20230614,4.1
801750.SI,20230615,4.05
801750.SI,20230616,4.18
801750.SI,20230619,4.29
801750.SI,20230620,4.36
801750.SI,20230621,4.17
801750.SI,20230626,3.94
801750.SI,20230627,3.96
801750.SI,20230628,3.84
801750.SI,20230629,3.87
801750.SI,20230630,3.88
801750.SI,20230703,3.87
801750.SI,20230704,3.92
801750.SI,20230705,3.85
801750.SI,20230706,3.9
801750.SI,20230707,3.83
801750.SI,20230710,3.81
801750.SI,20230711,3.85
801750.SI,20230712,3.73
801750.SI,20230713,3.77
801750.SI,20230714,3.85
801750.SI,20230717,3.85
801750.SI,20230718,3.79
801750.SI,20230719,3.79
801750.SI,20230720,3.68
801750.SI,20230721,3.65
801750.SI,20230724,3.69
801750.SI,20230725,3.77
801750.SI,20230726,3.69
801750.SI,20230727,3.65
801750.SI,20230728,3.73
801750.SI,20230731,3.75
801750.SI,20230801,3.75
801750.SI,20230802,3.76
801750.SI,20230803,3.76
801750.SI,20230804,3.87
801750.SI,20230807,3.88
801750.SI,20230808,3.83
801750.SI,20230809,3.8
801750.SI,20230810,3.8
801750.SI,20230811,3.7
801750.SI,20230814,3.76
801750.SI,20230815,3.72
801750.SI,20230816,3.61
801750.SI,20230817,3.64
801750.SI,20230818,3.54
801750.SI,20230821,3.55
801750.SI,20230822,3.66
801750.SI,20230823,3.56
801750.SI,20230824,3.54
801750.SI,20230825,3.4
801750.SI,20230828,3.42
801750.SI,20230829,3.53
801750.SI,20230830,3.61
801750.SI,20230831,3.57
801750.SI,20230901,3.54
801750.SI,20230904,3.6
801750.SI,20230905,3.55
801750.SI,20230906,3.55
801750.SI,20230907,3.5
801750.SI,20230908,3.5
801750.SI,20230911,3.55
801750.SI,20230912,3.54
801750.SI,20230913,3.44
801750.SI,20230914,3.41
801750.SI,20230915,3.37
801750.SI,20230918,3.37
801750.SI,20230919,3.3
801750.SI,20230920,3.29
801750.SI,20230921,3.29
801750.SI,20230922,3.41
801750.SI,20230925,3.37
801750.SI,20230926,3.4
801750.SI,20230927,3.39
801750.SI,20230928,3.42
801750.SI,20231009,3.44
801750.SI,20231010,3.47
801750.SI,20231011,3.5
801750.SI,20231012,3.5
801750.SI,20231013,3.45
801750.SI,20231016,3.42
801750.SI,20231017,3.43
801750.SI,20231018,3.38
801750.SI,20231019,3.34
801750.SI,20231020,3.24
801750.SI,20231023,3.16
801750.SI,20231024,3.18
801750.SI,20231025,3.25
801750.SI,20231026,3.27
801750.SI,20231027,3.26
801750.SI,20231030,3.33
801750.SI,20231031,3.29
801750.SI,20231101,3.26
801750.SI,20231102,3.22
801750.SI,20231103,3.29
801750.SI,20231106,3.39
801750.SI,20231107,3.42
801750.SI,20231108,3.46
801750.SI,20231109,3.46
801750.SI,20231110,3.42
801750.SI,20231113,3.5
801750.SI,20231114,3.55
801750.SI,20231115,3.57
801750.SI,20231116,3.54
801750.SI,20231117,3.55
801750.SI,20231120,3.59
801750.SI,20231121,3.54
801750.SI,20231122,3.5
801750.SI,20231123,3.52
801750.SI,20231124,3.43
801750.SI,20231127,3.43
801750.SI,20231128,3.43
801750.SI,20231129,3.39
801750.SI,20231130,3.37
801750.SI,20231201,3.46
801750.SI,20231204,3.48
801750.SI,20231205,3.36
801750.SI,20231206,3.36
801750.SI,20231207,3.41
801750.SI,20231208,3.45
801750.SI,20231211,3.51
801750.SI,20231212,3.52
801750.SI,20231213,3.46
801750.SI,20231214,3.43
801750.SI,20231215,3.4
801750.SI,20231218,3.34
801750.SI,20231219,3.36
801750.SI,20231220,3.26
801750.SI,20231221,3.28
801750.SI,20231222,3.19
801750.SI,20231225,3.19
801750.SI,20231226,3.12
801750.SI,20231227,3.16
801750.SI,20231228,3.23
801750.SI,20231229,3.28
801750.SI,20240102,3.22
801750.SI,20240103,3.18
801750.SI,20240104,3.16
801750.SI,20240105,3.1
801750.SI,20240108,3.02
801750.SI,20240109,2.99
801750.SI,20240110,2.93
801750.SI,20240111,3.02
801750.SI,20240112,2.96
801750.SI,20240115,2.94
801750.SI,20240116,2.92
801750.SI,20240117,2.86
801750.SI,20240118,2.89
801750.SI,20240119,2.83
801750.SI,20240122,2.69
801750.SI,20240123,2.75
801750.SI,20240124,2.79
801750.SI,20240125,2.88
801750.SI,20240126,2.85
801750.SI,20240129,2.75
801750.SI,20240130,2.68
801750.SI,20240131,2.55
801750.SI,20240201,2.55
801750.SI,20240202,2.45
801750.SI,20240205,2.29
801750.SI,20240206,2.41
801750.SI,20240207,2.45
801750.SI,20240208,2.58
801750.SI,20240219,2.7
801750.SI,20240220,2.7
801750.SI,20240221,2.71
801750.SI,20240222,2.82
801750.SI,20240223,2.88
801750.SI,20240226,2.91
801750.SI,20240227,3.04
801750.SI,20240228,2.87
801750.SI,20240229,3.0
801750.SI,20240301,3.11
801750.SI,20240304,3.12
801750.SI,20240305,3.09
801750.SI,20240306,3.08
801750.SI,20240307,3.0
801750.SI,20240308,3.04
801750.SI,20240311,3.1
801750.SI,20240312,3.11
801750.SI,20240313,3.13
801750.SI,20240314,3.08
801750.SI,20240315,3.1
801750.SI,20240318,3.17
801750.SI,20240319,3.15
801750.SI,20240320,3.23
801750.SI,20240321,3.22
801750.SI,20240322,3.19
801750.SI,20240325,3.1
801750.SI,20240326,3.04
801750.SI,20240327,2.9
801750.SI,20240328,3.01
801750.SI,20240329,2.99
801750.SI,20240401,3.05
801750.SI,20240402,2.98
801750.SI,20240403,2.91
801750.SI,20240408,2.87
801750.SI,20240409,2.88
801750.SI,20240410,2.79
801750.SI,20240411,2.81
801750.SI,20240412,2.77
801750.SI,20240415,2.72
801750.SI,20240416,2.59
801750.SI,20240417,2.72
801750.SI,20240418,2.7
801750.SI,20240419,2.64
801750.SI,20240422,2.62
801750.SI,20240423,2.62
801750.SI,20240424,2.7
801750.SI,20240425,2.68
801750.SI,20240426,2.78
801750.SI,20240429,2.89
801750.SI,20240430,2.86
801750.SI,20240506,2.98
801750.SI,20240507,2.96
801750.SI,20240508,2.88
801750.SI,20240509,2.9
801750.SI,20240510,2.86
801750.SI,20240513,2.81
801750.SI,20240514,2.84
801750.SI,20240515,2.8
801750.SI,20240516,2.82
801750.SI,20240517,2.86
801750.SI,20240520,2.88
801750.SI,20240521,2.85
801750.SI,20240522,2.86
801750.SI,20240523,2.8
801750.SI,20240524,2.74
801750.SI,20240527,2.75
801750.SI,20240528,2.71
801750.SI,20240529,2.71
801750.SI,20240530,2.71
801750.SI,20240531,2.75
801750.SI,20240603,2.72
801750.SI,20240604,2.71
801750.SI,20240605,2.7
801750.SI,20240606,2.62
801750.SI,20240607,2.62
801750.SI,20240611,2.67
801750.SI,20240612,2.68
801750.SI,20240613,2.69
801750.SI,20240614,2.71
801750.SI,20240617,2.69
801750.SI,20240618,2.74
801750.SI,20240619,2.73
801750.SI,20240620,2.66
801750.SI,20240621,2.66
801750.SI,20240624,2.57
801750.SI,20240625,2.52
801750.SI,20240626,2.64
801750.SI,20240627,2.59
801750.SI,20240628,2.57
801750.SI,20240701,2.57
801750.SI,20240702,2.59
801750.SI,20240703,2.54
801750.SI,20240704,2.48
801750.SI,20240705,2.51
801750.SI,20240708,2.42
801750.SI,20240709,2.47
801750.SI,20240710,2.47
801750.SI,20240711,2.54
801750.SI,20240712,2.51
801750.SI,20240715,2.47
801750.SI,20240716,2.51
801750.SI,20240717,2.48
801750.SI,20240718,2.46
801750.SI,20240719,2.5
801750.SI,20240722,2.54
801750.SI,20240723,2.48
801750.SI,20240724,2.43
801750.SI,20240725,2.44
801750.SI,20240726,2.46
801750.SI,20240729,2.46
801750.SI,20240730,2.47
801750.SI,20240731,2.56
801750.SI,20240801,2.55
801750.SI,20240802,2.49
801750.SI,20240805,2.41
801750.SI,20240806,2.44
801750.SI,20240807,2.42
801750.SI,20240808,2.4
801750.SI,20240809,2.38
801750.SI,20240812,2.35
801750.SI,20240813,2.36
801750.SI,20240814,2.35
801750.SI,20240815,2.39
801750.SI,20240816,2.38
801750.SI,20240819,2.4
801750.SI,20240820,2.35
801750.SI,20240821,2.34
801750.SI,20240822,2.3
801750.SI,20240823,2.35
801750.SI,20240826,2.35
801750.SI,20240827,2.31
801750.SI,20240828,2.32
801750.SI,20240829,2.34
801750.SI,20240830,2.41
801750.SI,20240902,2.35
801750.SI,20240903,2.39
801750.SI,20240904,2.37
801750.SI,20240905,2.41
801750.SI,20240906,2.36
801750.SI,20240909,2.34
801750.SI,20240910,2.39
801750.SI,20240911,2.39
801750.SI,20240912,2.39
801750.SI,20240913,2.35
801750.SI,20240918,2.35
801750.SI,20240919,2.41
801750.SI,20240920,2.45
801750.SI,20240923,2.47
801750.SI,20240924,2.55
801750.SI,20240925,2.58
801750.SI,20240926,2.68
801750.SI,20240927,2.89
801750.SI,20240930,3.27
801750.SI,20241008,3.69
801750.SI,20241009,3.52
801750.SI,20241010,3.36
801750.SI,20241011,3.22
801750.SI,20241014,3.39
801750.SI,20241015,3.33
801750.SI,20241016,3.34
801750.SI,20241017,3.39
801750.SI,20241018,3.54
801750.SI,20241021,3.66
801750.SI,20241022,3.57
801750.SI,20241023,3.55
801750.SI,20241024,3.52
801750.SI,20241025,3.55
801750.SI,20241028,3.6
801750.SI,20241029,3.6
801750.SI,20241030,3.65
801750.SI,20241031,3.73
801750.SI,20241101,3.56
801750.SI,20241104,3.66
801750.SI,20241105,3.86
801750.SI,20241106,3.89
801750.SI,20241107,4.02
801750.SI,20241108,4.08
801750.SI,20241111,4.25
801750.SI,20241112,4.16
801750.SI,20241113,4.2
801750.SI,20241114,4.06
801750.SI,20241115,3.94
801750.SI,20241118,3.71
801750.SI,20241119,3.82
801750.SI,20241120,3.91
801750.SI,20241121,3.95
801750.SI,20241122,3.8
801750.SI,20241125,3.8
801750.SI,20241126,3.73
801750.SI,20241127,3.85
801750.SI,20241128,3.83
801750.SI,20241129,3.95
801750.SI,20241202,4.0
801750.SI,20241203,3.99
801750.SI,20241204,3.93
801750.SI,20241205,4.02
801750.SI,20241206,4.06
801750.SI,20241209,4.03
801750.SI,20241210,4.08
801750.SI,20241211,4.08
801750.SI,20241212,4.11
801750.SI,20241213,4.0
801750.SI,20241216,3.94
801750.SI,20241217,3.84
801750.SI,20241218,3.9
801750.SI,20241219,3.97
801750.SI,20241220,4.0
801750.SI,20241223,3.85
801750.SI,20241224,3.85
801750.SI,20241225,3.78
801750.SI,20241226,3.84
801750.SI,20241227,3.82
801750.SI,20241230,3.82
801750.SI,20241231,3.67
801750.SI,20250102,3.52
801750.SI,20250103,3.35
801750.SI,20250106,3.3
801750.SI,20250107,3.39
801750.SI,20250108,3.38
801750.SI,20250109,3.4
801750.SI,20250110,3.3
801750.SI,20250113,3.33
801750.SI,20250114,3.53
801750.SI,20250115,3.5
801750.SI,20250116,3.51
801750.SI,20250117,3.51
801750.SI,20250120,3.53
801750.SI,20250121,3.55
801750.SI,20250122,3.53
801750.SI,20250123,3.52
801750.SI,20250124,3.66
801750.SI,20250127,3.6
801750.SI,20250205,3.83
801750.SI,20250206,3.96
801750.SI,20250207,4.09
801750.SI,20250210,4.25
801750.SI,20250211,4.21
801750.SI,20250212,4.32
801750.SI,20250213,4.27
801750.SI,20250214,4.42
801750.SI,20250217,4.45
801750.SI,20250218,4.29
801750.SI,20250219,4.4
801750.SI,20250220,4.39
801750.SI,20250221,4.56
801750.SI,20250224,4.54
801750.SI,20250225,4.48
801750.SI,20250226,4.52
801750.SI,20250227,4.44
801750.SI,20250228,4.2
801750.SI,20250303,4.21
801750.SI,20250304,4.28
801750.SI,20250305,4.32
801750.SI,20250306,4.54
801750.SI,20250307,4.47
801750.SI,20250310,4.4
801750.SI,20250311,4.4
801750.SI,20250312,4.44
801750.SI,20250313,4.34
801750.SI,20250314,4.42
801750.SI,20250317,4.4
801750.SI,20250318,4.43
801750.SI,20250319,4.36
801750.SI,20250320,4.31
801750.SI,20250321,4.18
801750.SI,20250324,4.1
801750.SI,20250325,4.01
801750.SI,20250326,4.01
801750.SI,20250327,4.02
801750.SI,20250328,3.99
801750.SI,20250331,3.97
801750.SI,20250401,3.93
801750.SI,20250402,3.94
801750.SI,20250403,3.9
801750.SI,20250407,3.42
801750.SI,20250408,3.44
801750.SI,20250409,3.57
801750.SI,20250410,3.64
801750.SI,20250411,3.67
801750.SI,20250414,3.7
801750.SI,20250415,3.67
801750.SI,20250416,3.62
801750.SI,20250417,3.63
801750.SI,20250418,3.64
801750.SI,20250421,3.73
801750.SI,20250422,3.69
801750.SI,20250423,3.72
801750.SI,20250424,3.64
801750.SI,20250425,3.67
801750.SI,20250428,3.65
801750.SI,20250429,3.67
801750.SI,20250430,3.76
801750.SI,20250506,3.9
801750.SI,20250507,3.88
801750.SI,20250508,3.91
801750.SI,20250509,3.83
801750.SI,20250512,3.9
801750.SI,20250513,3.87
801750.SI,20250514,3.9
801750.SI,20250515,3.79
801750.SI,20250516,3.79
801750.SI,20250519,3.79
801750.SI,20250520,3.8
801750.SI,20250521,3.78
801750.SI,20250522,3.74
801750.SI,20250523,3.67
801750.SI,20250526,3.72
801750.SI,20250527,3.69
801750.SI,20250528,3.67
801750.SI,20250529,3.8
801750.SI,20250530,3.73
801750.SI,20250603,3.76
801750.SI,20250604,3.79
801750.SI,20250605,3.87
801750.SI,20250606,3.86
801750.SI,20250609,3.89
801750.SI,20250610,3.82
801750.SI,20250611,3.83
801750.SI,20250612,3.84
801750.SI,20250613,3.76
801750.SI,20250616,3.84
801750.SI,20250617,3.84
801750.SI,20250618,3.83
801750.SI,20250619,3.76
801750.SI,20250620,3.69
801750.SI,20250623,3.78
801750.SI,20250624,3.87
801750.SI,20250625,3.99
801750.SI,20250626,4.0
801750.SI,20250627,3.98
801750.SI,20250630,4.03
801750.SI,20250701,3.98
801750.SI,20250702,3.92
801750.SI,20250703,3.94
801750.SI,20250704,3.94
801750.SI,20250707,3.94
801750.SI,20250708,4.01
801750.SI,20250709,4.0
801750.SI,20250710,3.99
801750.SI,20250711,4.07
801750.SI,20250714,4.03
801750.SI,20250715,4.09
801750.SI,20250716,4.09
801750.SI,20250717,4.14
801750.SI,20250718,4.16
801750.SI,20250721,4.14
801750.SI,20250722,4.11
801750.SI,20250723,4.12
801750.SI,20250724,4.18
801750.SI,20250725,4.23
801750.SI,20250728,4.22
801750.SI,20250729,4.25
801750.SI,20250730,4.18
801750.SI,20250731,4.2
801750.SI,20250801,4.22
801750.SI,20250804,4.26
801750.SI,20250805,4.27
801750.SI,20250806,4.32
801750.SI,20250807,4.31
801750.SI,20250808,4.21
801750.SI,20250811,4.29
801750.SI,20250812,4.32
801750.SI,20250813,4.37
801750.SI,20250814,4.34
801750.SI,20250815,4.45
801750.SI,20250818,4.6
801750.SI,20250819,4.61
801750.SI,20250820,4.63
801750.SI,20250821,4.65
801750.SI,20250822,4.81
801750.SI,20250825,4.88
801750.SI,20250826,4.95
801750.SI,20250827,4.88
801750.SI,20250828,4.97
801750.SI,20250829,4.88
801750.SI,20250901,4.9
801750.SI,20250902,4.71
801750.SI,20250903,4.58
801750.SI,20250904,4.43
801750.SI,20250905,4.52
801750.SI,20250908,4.56
801750.SI,20250909,4.46
801750.SI,20250910,4.5
801750.SI,20250911,4.66
801750.SI,20250912,4.68
801750.SI,20250915,4.66
801750.SI,20250916,4.76
801750.SI,20250917,4.78
801750.SI,20250918,4.72
801750.SI,20250919,4.66
801750.SI,20250922,4.74
801750.SI,20250923,4.62
801750.SI,20250924,4.74
801750.SI,20250925,4.82
801750.SI,20250926,4.67
801750.SI,20250929,4.73
801750.SI,20250930,4.79
801750.SI,20251009,4.88
801750.SI,20251010,4.7
801750.SI,20251013,4.71
801750.SI,20251014,4.57
801750.SI,20251015,4.64
801750.SI,20251016,4.58
801750.SI,20251017,4.43
801750.SI,20251020,4.46
801750.SI,20251021,4.53
801750.SI,20251022,4.5
801750.SI,20251023,4.52
801750.SI,20251024,4.6
801750.SI,20251027,4.64
801750.SI,20251028,4.62
801750.SI,20251029,4.66
801750.SI,20251030,4.61
801750.SI,20251031,4.65
801750.SI,20251103,4.7
801750.SI,20251104,4.64
801750.SI,20251105,4.59
801750.SI,20251106,4.62
801750.SI,20251107,4.53
801750.SI,20251110,4.54
801750.SI,20251111,4.48
801750.SI,20251112,4.43
801750.SI,20251113,4.47
801750.SI,20251114,4.39
801750.SI,20251117,4.46
801750.SI,20251118,4.51
801750.SI,20251119,4.45
801750.SI,20251120,4.41
801750.SI,20251121,4.27
801750.SI,20251124,4.38
801750.SI,20251125,4.42
801750.SI,20251126,4.41
801750.SI,20251127,4.37
801750.SI,20251128,4.4
801750.SI,20251201,4.43
801750.SI,20251202,4.37
801750.SI,20251203,4.27
801750.SI,20251204,4.27
801750.SI,20251205,4.33
801750.SI,20251208,4.39
801750.SI,20251209,4.35
801750.SI,20251210,4.32
801750.SI,20251211,4.23
801750.SI,20251212,4.27
801750.SI,20251215,4.22
801750.SI,20251216,4.17
801750.SI,20251217,4.23
801750.SI,20251218,4.21
801750.SI,20251219,4.25
801750.SI,20251222,4.27
801750.SI,20251223,4.25
801750.SI,20251224,4.3
801750.SI,20251225,4.34
801750.SI,20251226,4.36
801750.SI,20251229,4.37
801750.SI,20251230,4.37
801750.SI,20251231,4.41
801760.SI,20221010,1.67
801760.SI,20221011,1.67
801760.SI,20221012,1.71
801760.SI,20221013,1.71
801760.SI,20221014,1.75
801760.SI,20221017,1.77
801760.SI,20221018,1.76
801760.SI,20221019,1.74
801760.SI,20221020,1.74
801760.SI,20221021,1.72
801760.SI,20221024,1.66
801760.SI,20221025,1.65
801760.SI,20221026,1.68
801760.SI,20221027,1.71
801760.SI,20221028,1.64
801760.SI,20221031,1.65
801760.SI,20221101,1.7
801760.SI,20221102,1.75
801760.SI,20221103,1.72
801760.SI,20221104,1.76
801760.SI,20221107,1.8
801760.SI,20221108,1.8
801760.SI,20221109,1.79
801760.SI,20221110,1.84
801760.SI,20221111,1.84
801760.SI,20221114,1.86
801760.SI,20221115,1.87
801760.SI,20221116,1.9
801760.SI,20221117,1.94
801760.SI,20221118,1.94
801760.SI,20221121,1.88
801760.SI,20221122,1.87
801760.SI,20221123,1.85
801760.SI,20221124,1.83
801760.SI,20221125,1.84
801760.SI,20221128,1.84
801760.SI,20221129,1.89
801760.SI,20221130,1.89
801760.SI,20221201,1.92
801760.SI,20221202,1.93
801760.SI,20221205,1.97
801760.SI,20221206,1.94
801760.SI,20221207,1.95
801760.SI,20221208,1.95
801760.SI,20221209,1.93
801760.SI,20221212,1.9
801760.SI,20221213,1.92
801760.SI,20221214,1.94
801760.SI,20221215,1.92
801760.SI,20221216,1.9
801760.SI,20221219,1.87
801760.SI,20221220,1.84
801760.SI,20221221,1.85
801760.SI,20221222,1.86
801760.SI,20221223,1.89
801760.SI,20221226,1.9
801760.SI,20221227,1.9
801760.SI,20221228,1.9
801760.SI,20221229,1.88
801760.SI,20221230,1.93
801760.SI,20230103,1.98
801760.SI,20230104,2.0
801760.SI,20230105,2.02
801760.SI,20230106,1.97
801760.SI,20230109,1.99
801760.SI,20230110,2.01
801760.SI,20230111,1.97
801760.SI,20230112,1.97
801760.SI,20230113,2.0
801760.SI,20230116,1.99
801760.SI,20230117,1.97
801760.SI,20230118,1.99
801760.SI,20230119,2.01
801760.SI,20230120,2.02
801760.SI,20230130,2.02
801760.SI,20230131,2.03
801760.SI,20230201,2.06
801760.SI,20230202,2.08
801760.SI,20230203,2.1
801760.SI,20230206,2.12
801760.SI,20230207,2.15
801760.SI,20230208,2.1
801760.SI,20230209,2.14
801760.SI,20230210,2.15
801760.SI,20230213,2.18
801760.SI,20230214,2.16
801760.SI,20230215,2.2
801760.SI,20230216,2.19
801760.SI,20230217,2.14
801760.SI,20230220,2.22
801760.SI,20230221,2.19
801760.SI,20230222,2.16
801760.SI,20230223,2.13
801760.SI,20230224,2.12
801760.SI,20230227,2.09
801760.SI,20230228,2.11
801760.SI,20230301,2.19
801760.SI,20230302,2.23
801760.SI,20230303,2.22
801760.SI,20230306,2.2
801760.SI,20230307,2.16
801760.SI,20230308,2.19
801760.SI,20230309,2.19
801760.SI,20230310,2.16
801760.SI,20230313,2.2
801760.SI,20230314,2.18
801760.SI,20230315,2.17
801760.SI,20230316,2.18
801760.SI,20230317,2.28
801760.SI,20230320,2.33
801760.SI,20230321,2.39
801760.SI,20230322,2.45
801760.SI,20230323,2.45
801760.SI,20230324,2.54
801760.SI,20230327,2.56
801760.SI,20230328,2.51
801760.SI,20230329,2.5
801760.SI,20230330,2.47
801760.SI,20230331,2.6
801760.SI,20230403,2.72
801760.SI,20230404,2.69
801760.SI,20230406,2.6
801760.SI,20230407,2.7
801760.SI,20230410,2.59
801760.SI,20230411,2.71
801760.SI,20230412,2.85
801760.SI,20230413,2.83
801760.SI,20230414,2.77
801760.SI,20230417,2.67
801760.SI,20230418,2.67
801760.SI,20230419,2.7
801760.SI,20230420,2.84
801760.SI,20230421,2.7
801760.SI,20230424,2.8
801760.SI,20230425,2.87
801760.SI,20230426,2.85
801760.SI,20230427,2.73
801760.SI,20230428,2.96
801760.SI,20230504,3.2
801760.SI,20230505,3.13
801760.SI,20230508,3.13
801760.SI,20230509,3.04
801760.SI,20230510,3.01
801760.SI,20230511,3.08
801760.SI,20230512,2.94
801760.SI,20230515,2.89
801760.SI,20230516,2.76
801760.SI,20230517,2.77
801760.SI,20230518,2.86
801760.SI,20230519,2.79
801760.SI,20230522,2.74
801760.SI,20230523,2.69
801760.SI,20230524,2.71
801760.SI,20230525,2.65
801760.SI,20230526,2.7
801760.SI,20230529,2.75
801760.SI,20230530,2.86
801760.SI,20230531,2.9
801760.SI,20230601,2.97
801760.SI,20230602,2.97
801760.SI,20230605,3.04
801760.SI,20230606,2.98
801760.SI,20230607,3.02
801760.SI,20230608,2.95
801760.SI,20230609,3.05
801760.SI,20230612,3.04
801760.SI,20230613,3.12
801760.SI,20230614,3.16
801760.SI,20230615,3.14
801760.SI,20230616,3.19
801760.SI,20230619,3.22
801760.SI,20230620,3.24
801760.SI,20230621,3.0
801760.SI,20230626,2.83
801760.SI,20230627,2.87
801760.SI,20230628,2.83
801760.SI,20230629,2.87
801760.SI,20230630,2.86
801760.SI,20230703,2.75
801760.SI,20230704,2.76
801760.SI,20230705,2.72
801760.SI,20230706,2.76
801760.SI,20230707,2.73
801760.SI,20230710,2.78
801760.SI,20230711,2.75
801760.SI,20230712,2.69
801760.SI,20230713,2.77
801760.SI,20230714,2.81
801760.SI,20230717,2.76
801760.SI,20230718,2.71
801760.SI,20230719,2.74
801760.SI,20230720,2.68
801760.SI,20230721,2.67
801760.SI,20230724,2.67
801760.SI,20230725,2.71
801760.SI,20230726,2.64
801760.SI,20230727,2.6
801760.SI,20230728,2.59
801760.SI,20230731,2.67
801760.SI,20230801,2.66
801760.SI,20230802,2.64
801760.SI,20230803,2.63
801760.SI,20230804,2.68
801760.SI,20230807,2.73
801760.SI,20230808,2.73
801760.SI,20230809,2.64
801760.SI,20230810,2.66
801760.SI,20230811,2.62
801760.SI,20230814,2.69
801760.SI,20230815,2.63
801760.SI,20230816,2.57
801760.SI,20230817,2.6
801760.SI,20230818,2.51
801760.SI,20230821,2.5
801760.SI,20230822,2.57
801760.SI,20230823,2.53
801760.SI,20230824,2.59
801760.SI,20230825,2.49
801760.SI,20230828,2.54
801760.SI,20230829,2.63
801760.SI,20230830,2.67
801760.SI,20230831,2.63
801760.SI,20230901,2.61
801760.SI,20230904,2.62
801760.SI,20230905,2.57
801760.SI,20230906,2.53
801760.SI,20230907,2.5
801760.SI,20230908,2.44
801760.SI,20230911,2.49
801760.SI,20230912,2.45
801760.SI,20230913,2.42
801760.SI,20230914,2.4
801760.SI,20230915,2.39
801760.SI,20230918,2.4
801760.SI,20230919,2.37
801760.SI,20230920,2.35
801760.SI,20230921,2.33
801760.SI,20230922,2.43
801760.SI,20230925,2.42
801760.SI,20230926,2.45
801760.SI,20230927,2.46
801760.SI,20230928,2.46
801760.SI,20231009,2.41
801760.SI,20231010,2.41
801760.SI,20231011,2.44
801760.SI,20231012,2.4
801760.SI,20231013,2.36
801760.SI,20231016,2.34
801760.SI,20231017,2.33
801760.SI,20231018,2.29
801760.SI,20231019,2.28
801760.SI,20231020,2.23
801760.SI,20231023,2.17
801760.SI,20231024,2.22
801760.SI,20231025,2.22
801760.SI,20231026,2.21
801760.SI,20231027,2.24
801760.SI,20231030,2.28
801760.SI,20231031,2.27
801760.SI,20231101,2.28
801760.SI,20231102,2.34
801760.SI,20231103,2.34
801760.SI,20231106,2.46
801760.SI,20231107,2.48
801760.SI,20231108,2.56
801760.SI,20231109,2.51
801760.SI,20231110,2.46
801760.SI,20231113,2.48
801760.SI,20231114,2.49
801760.SI,20231115,2.46
801760.SI,20231116,2.48
801760.SI,20231117,2.5
801760.SI,20231120,2.52
801760.SI,20231121,2.55
801760.SI,20231122,2.57
801760.SI,20231123,2.52
801760.SI,20231124,2.49
801760.SI,20231127,2.43
801760.SI,20231128,2.44
801760.SI,20231129,2.41
801760.SI,20231130,2.4
801760.SI,20231201,2.53
801760.SI,20231204,2.55
801760.SI,20231205,2.47
801760.SI,20231206,2.54
801760.SI,20231207,2.59
801760.SI,20231208,2.57
801760.SI,20231211,2.65
801760.SI,20231212,2.66
801760.SI,20231213,2.63
801760.SI,20231214,2.62
801760.SI,20231215,2.64
801760.SI,20231218,2.58
801760.SI,20231219,2.61
801760.SI,20231220,2.53
801760.SI,20231221,2.56
801760.SI,20231222,2.35
801760.SI,20231225,2.3
801760.SI,20231226,2.26
801760.SI,20231227,2.24
801760.SI,20231228,2.26
801760.SI,20231229,2.34
801760.SI,20240102,2.32
801760.SI,20240103,2.34
801760.SI,20240104,2.32
801760.SI,20240105,2.27
801760.SI,20240108,2.24
801760.SI,20240109,2.24
801760.SI,20240110,2.17
801760.SI,20240111,2.24
801760.SI,20240112,2.2
801760.SI,20240115,2.2
801760.SI,20240116,2.18
801760.SI,20240117,2.12
801760.SI,20240118,2.14
801760.SI,20240119,2.16
801760.SI,20240122,2.02
801760.SI,20240123,2.09
801760.SI,20240124,2.12
801760.SI,20240125,2.2
801760.SI,20240126,2.2
801760.SI,20240129,2.12
801760.SI,20240130,2.05
801760.SI,20240131,1.98
801760.SI,20240201,1.96
801760.SI,20240202,1.93
801760.SI,20240205,1.79
801760.SI,20240206,1.88
801760.SI,20240207,1.9
801760.SI,20240208,1.97
801760.SI,20240219,2.1
801760.SI,20240220,2.12
801760.SI,20240221,2.12
801760.SI,20240222,2.17
801760.SI,20240223,2.23
801760.SI,20240226,2.22
801760.SI,20240227,2.31
801760.SI,20240228,2.19
801760.SI,20240229,2.28
801760.SI,20240301,2.32
801760.SI,20240304,2.34
801760.SI,20240305,2.32
801760.SI,20240306,2.29
801760.SI,20240307,2.23
801760.SI,20240308,2.26
801760.SI,20240311,2.3
801760.SI,20240312,2.32
801760.SI,20240313,2.38
801760.SI,20240314,2.33
801760.SI,20240315,2.34
801760.SI,20240318,2.4
801760.SI,20240319,2.39
801760.SI,20240320,2.47
801760.SI,20240321,2.51
801760.SI,20240322,2.55
801760.SI,20240325,2.43
801760.SI,20240326,2.37
801760.SI,20240327,2.27
801760.SI,20240328,2.34
801760.SI,20240329,2.31
801760.SI,20240401,2.39
801760.SI,20240402,2.33
801760.SI,20240403,2.28
801760.SI,20240408,2.24
801760.SI,20240409,2.25
801760.SI,20240410,2.18
801760.SI,20240411,2.23
801760.SI,20240412,2.18
801760.SI,20240415,2.15
801760.SI,20240416,2.04
801760.SI,20240417,2.14
801760.SI,20240418,2.12
801760.SI,20240419,2.07
801760.SI,20240422,2.04
801760.SI,20240423,2.05
801760.SI,20240424,2.09
801760.SI,20240425,2.08
801760.SI,20240426,2.13
801760.SI,20240429,2.2
801760.SI,20240430,2.17
801760.SI,20240506,2.19
801760.SI,20240507,2.2
801760.SI,20240508,2.13
801760.SI,20240509,2.15
801760.SI,20240510,2.13
801760.SI,20240513,2.09
801760.SI,20240514,2.14
801760.SI,20240515,2.12
801760.SI,20240516,2.12
801760.SI,20240517,2.12
801760.SI,20240520,2.12
801760.SI,20240521,2.12
801760.SI,20240522,2.12
801760.SI,20240523,2.07
801760.SI,20240524,2.04
801760.SI,20240527,2.05
801760.SI,20240528,2.0
801760.SI,20240529,2.0
801760.SI,20240530,1.98
801760.SI,20240531,2.01
801760.SI,20240603,1.99
801760.SI,20240604,2.0
801760.SI,20240605,1.96
801760.SI,20240606,1.91
801760.SI,20240607,1.92
801760.SI,20240611,1.93
801760.SI,20240612,1.97
801760.SI,20240613,1.95
801760.SI,20240614,1.96
801760.SI,20240617,1.94
801760.SI,20240618,1.94
801760.SI,20240619,1.91
801760.SI,20240620,1.86
801760.SI,20240621,1.86
801760.SI,20240624,1.8
801760.SI,20240625,1.78
801760.SI,20240626,1.88
801760.SI,20240627,1.85
801760.SI,20240628,1.84
801760.SI,20240701,1.86
801760.SI,20240702,1.87
801760.SI,20240703,1.86
801760.SI,20240704,1.81
801760.SI,20240705,1.83
801760.SI,20240708,1.77
801760.SI,20240709,1.79
801760.SI,20240710,1.76
801760.SI,20240711,1.79
801760.SI,20240712,1.78
801760.SI,20240715,1.77
801760.SI,20240716,1.76
801760.SI,20240717,1.77
801760.SI,20240718,1.76
801760.SI,20240719,1.77
801760.SI,20240722,1.77
801760.SI,20240723,1.73
801760.SI,20240724,1.7
801760.SI,20240725,1.72
801760.SI,20240726,1.74
801760.SI,20240729,1.75
801760.SI,20240730,1.74
801760.SI,20240731,1.82
801760.SI,20240801,1.8
801760.SI,20240802,1.78
801760.SI,20240805,1.77
801760.SI,20240806,1.81
801760.SI,20240807,1.8
801760.SI,20240808,1.8
801760.SI,20240809,1.78
801760.SI,20240812,1.77
801760.SI,20240813,1.77
801760.SI,20240814,1.79
801760.SI,20240815,1.83
801760.SI,20240816,1.81
801760.SI,20240819,1.82
801760.SI,20240820,1.81
801760.SI,20240821,1.78
801760.SI,20240822,1.73
801760.SI,20240823,1.72
801760.SI,20240826,1.73
801760.SI,20240827,1.71
801760.SI,20240828,1.73
801760.SI,20240829,1.75
801760.SI,20240830,1.81
801760.SI,20240902,1.76
801760.SI,20240903,1.78
801760.SI,20240904,1.77
801760.SI,20240905,1.82
801760.SI,20240906,1.8
801760.SI,20240909,1.78
801760.SI,20240910,1.8
801760.SI,20240911,1.8
801760.SI,20240912,1.78
801760.SI,20240913,1.76
801760.SI,20240918,1.74
801760.SI,20240919,1.78
801760.SI,20240920,1.78
801760.SI,20240923,1.78
801760.SI,20240924,1.85
801760.SI,20240925,1.89
801760.SI,20240926,1.97
801760.SI,20240927,2.07
801760.SI,20240930,2.3
801760.SI,20241008,2.5
801760.SI,20241009,2.23
801760.SI,20241010,2.22
801760.SI,20241011,2.11
801760.SI,20241014,2.17
801760.SI,20241015,2.17
801760.SI,20241016,2.2
801760.SI,20241017,2.22
801760.SI,20241018,2.26
801760.SI,20241021,2.34
801760.SI,20241022,2.4
801760.SI,20241023,2.35
801760.SI,20241024,2.33
801760.SI,20241025,2.4
801760.SI,20241028,2.47
801760.SI,20241029,2.4
801760.SI,20241030,2.4
801760.SI,20241031,2.42
801760.SI,20241101,2.33
801760.SI,20241104,2.37
801760.SI,20241105,2.44
801760.SI,20241106,2.5
801760.SI,20241107,2.53
801760.SI,20241108,2.5
801760.SI,20241111,2.6
801760.SI,20241112,2.52
801760.SI,20241113,2.59
801760.SI,20241114,2.5
801760.SI,20241115,2.52
801760.SI,20241118,2.38
801760.SI,20241119,2.41
801760.SI,20241120,2.5
801760.SI,20241121,2.51
801760.SI,20241122,2.46
801760.SI,20241125,2.5
801760.SI,20241126,2.48
801760.SI,20241127,2.58
801760.SI,20241128,2.54
801760.SI,20241129,2.57
801760.SI,20241202,2.63
801760.SI,20241203,2.6
801760.SI,20241204,2.52
801760.SI,20241205,2.62
801760.SI,20241206,2.71
801760.SI,20241209,2.7
801760.SI,20241210,2.73
801760.SI,20241211,2.77
801760.SI,20241212,2.78
801760.SI,20241213,2.82
801760.SI,20241216,2.78
801760.SI,20241217,2.67
801760.SI,20241218,2.7
801760.SI,20241219,2.7
801760.SI,20241220,2.7
801760.SI,20241223,2.55
801760.SI,20241224,2.56
801760.SI,20241225,2.51
801760.SI,20241226,2.52
801760.SI,20241227,2.51
801760.SI,20241230,2.5
801760.SI,20241231,2.42
801760.SI,20250102,2.37
801760.SI,20250103,2.27
801760.SI,20250106,2.24
801760.SI,20250107,2.29
801760.SI,20250108,2.29
801760.SI,20250109,2.3
801760.SI,20250110,2.22
801760.SI,20250113,2.22
801760.SI,20250114,2.34
801760.SI,20250115,2.37
801760.SI,20250116,2.38
801760.SI,20250117,2.36
801760.SI,20250120,2.36
801760.SI,20250121,2.38
801760.SI,20250122,2.33
801760.SI,20250123,2.34
801760.SI,20250124,2.4
801760.SI,20250127,2.4
801760.SI,20250205,2.48
801760.SI,20250206,2.55
801760.SI,20250207,2.58
801760.SI,20250210,2.66
801760.SI,20250211,2.68
801760.SI,20250212,2.73
801760.SI,20250213,2.78
801760.SI,20250214,2.83
801760.SI,20250217,2.8
801760.SI,20250218,2.68
801760.SI,20250219,2.73
801760.SI,20250220,2.72
801760.SI,20250221,2.79
801760.SI,20250224,2.77
801760.SI,20250225,2.7
801760.SI,20250226,2.71
801760.SI,20250227,2.7
801760.SI,20250228,2.57
801760.SI,20250303,2.59
801760.SI,20250304,2.61
801760.SI,20250305,2.62
801760.SI,20250306,2.74
801760.SI,20250307,2.7
801760.SI,20250310,2.68
801760.SI,20250311,2.68
801760.SI,20250312,2.73
801760.SI,20250313,2.69
801760.SI,20250314,2.75
801760.SI,20250317,2.75
801760.SI,20250318,2.74
801760.SI,20250319,2.7
801760.SI,20250320,2.67
801760.SI,20250321,2.61
801760.SI,20250324,2.6
801760.SI,20250325,2.56
801760.SI,20250326,2.57
801760.SI,20250327,2.57
801760.SI,20250328,2.58
801760.SI,20250331,2.53
801760.SI,20250401,2.53
801760.SI,20250402,2.54
801760.SI,20250403,2.54
801760.SI,20250407,2.24
801760.SI,20250408,2.25
801760.SI,20250409,2.3
801760.SI,20250410,2.38
801760.SI,20250411,2.38
801760.SI,20250414,2.41
801760.SI,20250415,2.44
801760.SI,20250416,2.41
801760.SI,20250417,2.41
801760.SI,20250418,2.42
801760.SI,20250421,2.47
801760.SI,20250422,2.44
801760.SI,20250423,2.44
801760.SI,20250424,2.4
801760.SI,20250425,2.42
801760.SI,20250428,2.42
801760.SI,20250429,2.46
801760.SI,20250430,2.49
801760.SI,20250506,2.56
801760.SI,20250507,2.54
801760.SI,20250508,2.57
801760.SI,20250509,2.52
801760.SI,20250512,2.54
801760.SI,20250513,2.53
801760.SI,20250514,2.55
801760.SI,20250515,2.5
801760.SI,20250516,2.51
801760.SI,20250519,2.52
801760.SI,20250520,2.57
801760.SI,20250521,2.54
801760.SI,20250522,2.55
801760.SI,20250523,2.5
801760.SI,20250526,2.56
801760.SI,20250527,2.54
801760.SI,20250528,2.54
801760.SI,20250529,2.58
801760.SI,20250530,2.55
801760.SI,20250603,2.58
801760.SI,20250604,2.6
801760.SI,20250605,2.64
801760.SI,20250606,2.61
801760.SI,20250609,2.64
801760.SI,20250610,2.64
801760.SI,20250611,2.69
801760.SI,20250612,2.72
801760.SI,20250613,2.65
801760.SI,20250616,2.73
801760.SI,20250617,2.69
801760.SI,20250618,2.67
801760.SI,20250619,2.66
801760.SI,20250620,2.61
801760.SI,20250623,2.62
801760.SI,20250624,2.67
801760.SI,20250625,2.69
801760.SI,20250626,2.69
801760.SI,20250627,2.69
801760.SI,20250630,2.76
801760.SI,20250701,2.75
801760.SI,20250702,2.73
801760.SI,20250703,2.74
801760.SI,20250704,2.76
801760.SI,20250707,2.78
801760.SI,20250708,2.83
801760.SI,20250709,2.87
801760.SI,20250710,2.85
801760.SI,20250711,2.85
801760.SI,20250714,2.81
801760.SI,20250715,2.81
801760.SI,20250716,2.81
801760.SI,20250717,2.81
801760.SI,20250718,2.78
801760.SI,20250721,2.8
801760.SI,20250722,2.79
801760.SI,20250723,2.79
801760.SI,20250724,2.83
801760.SI,20250725,2.84
801760.SI,20250728,2.83
801760.SI,20250729,2.85
801760.SI,20250730,2.88
801760.SI,20250731,2.84
801760.SI,20250801,2.86
801760.SI,20250804,2.9
801760.SI,20250805,2.94
801760.SI,20250806,2.95
801760.SI,20250807,2.96
801760.SI,20250808,2.93
801760.SI,20250811,2.95
801760.SI,20250812,2.95
801760.SI,20250813,2.98
801760.SI,20250814,2.95
801760.SI,20250815,2.96
801760.SI,20250818,3.03
801760.SI,20250819,3.01
801760.SI,20250820,3.04
801760.SI,20250821,3.06
801760.SI,20250822,3.11
801760.SI,20250825,3.15
801760.SI,20250826,3.2
801760.SI,20250827,3.13
801760.SI,20250828,3.16
801760.SI,20250829,3.16
801760.SI,20250901,3.18
801760.SI,20250902,3.12
801760.SI,20250903,3.12
801760.SI,20250904,3.06
801760.SI,20250905,3.14
801760.SI,20250908,3.22
801760.SI,20250909,3.22
801760.SI,20250910,3.28
801760.SI,20250911,3.29
801760.SI,20250912,3.28
801760.SI,20250915,3.35
801760.SI,20250916,3.35
801760.SI,20250917,3.37
801760.SI,20250918,3.3
801760.SI,20250919,3.31
801760.SI,20250922,3.29
801760.SI,20250923,3.26
801760.SI,20250924,3.35
801760.SI,20250925,3.42
801760.SI,20250926,3.34
801760.SI,20250929,3.34
801760.SI,20250930,3.34
801760.SI,20251009,3.29
801760.SI,20251010,3.22
801760.SI,20251013,3.17
801760.SI,20251014,3.12
801760.SI,20251015,3.14
801760.SI,20251016,3.1
801760.SI,20251017,3.02
801760.SI,20251020,3.03
801760.SI,20251021,3.09
801760.SI,20251022,3.11
801760.SI,20251023,3.13
801760.SI,20251024,3.15
801760.SI,20251027,3.11
801760.SI,20251028,3.1
801760.SI,20251029,3.11
801760.SI,20251030,3.03
801760.SI,20251031,3.08
801760.SI,20251103,3.18
801760.SI,20251104,3.17
801760.SI,20251105,3.15
801760.SI,20251106,3.11
801760.SI,20251107,3.08
801760.SI,20251110,3.1
801760.SI,20251111,3.08
801760.SI,20251112,3.08
801760.SI,20251113,3.11
801760.SI,20251114,3.04
801760.SI,20251117,3.05
801760.SI,20251118,3.09
801760.SI,20251119,3.04
801760.SI,20251120,3.01
801760.SI,20251121,2.99
801760.SI,20251124,3.1
801760.SI,20251125,3.18
801760.SI,20251126,3.16
801760.SI,20251127,3.11
801760.SI,20251128,3.12
801760.SI,20251201,3.15
801760.SI,20251202,3.09
801760.SI,20251203,3.01
801760.SI,20251204,3.0
801760.SI,20251205,3.0
801760.SI,20251208,3.03
801760.SI,20251209,3.03
801760.SI,20251210,3.06
801760.SI,20251211,2.99
801760.SI,20251212,3.01
801760.SI,20251215,2.97
801760.SI,20251216,2.89
801760.SI,20251217,2.95
801760.SI,20251218,2.97
801760.SI,20251219,3.01
801760.SI,20251222,2.99
801760.SI,20251223,2.98
801760.SI,20251224,2.98
801760.SI,20251225,3.0
801760.SI,20251226,3.0
801760.SI,20251229,3.0
801760.SI,20251230,3.02
801760.SI,20251231,3.06
801770.SI,20221010,1.74
801770.SI,20221011,1.76
801770.SI,20221012,1.83
801770.SI,20221013,1.85
801770.SI,20221014,1.86
801770.SI,20221017,1.88
801770.SI,20221018,1.9
801770.SI,20221019,1.88
801770.SI,20221020,1.87
801770.SI,20221021,1.9
801770.SI,20221024,1.87
801770.SI,20221025,1.87
801770.SI,20221026,1.9
801770.SI,20221027,1.86
801770.SI,20221028,1.82
801770.SI,20221031,1.84
801770.SI,20221101,1.84
801770.SI,20221102,1.87
801770.SI,20221103,1.86
801770.SI,20221104,1.88
801770.SI,20221107,1.87
801770.SI,20221108,1.88
801770.SI,20221109,1.85
801770.SI,20221110,1.84
801770.SI,20221111,1.86
801770.SI,20221114,1.85
801770.SI,20221115,1.89
801770.SI,20221116,1.89
801770.SI,20221117,1.9
801770.SI,20221118,1.89
801770.SI,20221121,1.88
801770.SI,20221122,1.9
801770.SI,20221123,1.88
801770.SI,20221124,1.86
801770.SI,20221125,1.85
801770.SI,20221128,1.83
801770.SI,20221129,1.85
801770.SI,20221130,1.87
801770.SI,20221201,1.9
801770.SI,20221202,1.92
801770.SI,20221205,1.97
801770.SI,20221206,1.94
801770.SI,20221207,1.93
801770.SI,20221208,1.91
801770.SI,20221209,1.89
801770.SI,20221212,1.91
801770.SI,20221213,1.88
801770.SI,20221214,1.86
801770.SI,20221215,1.88
801770.SI,20221216,1.85
801770.SI,20221219,1.8
801770.SI,20221220,1.8
801770.SI,20221221,1.79
801770.SI,20221222,1.76
801770.SI,20221223,1.78
801770.SI,20221226,1.8
801770.SI,20221227,1.82
801770.SI,20221228,1.79
801770.SI,20221229,1.79
801770.SI,20221230,1.8
801770.SI,20230103,1.88
801770.SI,20230104,1.89
801770.SI,20230105,1.9
801770.SI,20230106,1.88
801770.SI,20230109,1.88
801770.SI,20230110,1.88
801770.SI,20230111,1.87
801770.SI,20230112,1.89
801770.SI,20230113,1.89
801770.SI,20230116,1.89
801770.SI,20230117,1.88
801770.SI,20230118,1.9
801770.SI,20230119,1.9
801770.SI,20230120,1.95
801770.SI,20230130,1.95
801770.SI,20230131,1.95
801770.SI,20230201,1.99
801770.SI,20230202,1.98
801770.SI,20230203,1.99
801770.SI,20230206,1.99
801770.SI,20230207,2.0
801770.SI,20230208,1.97
801770.SI,20230209,2.03
801770.SI,20230210,2.04
801770.SI,20230213,2.06
801770.SI,20230214,2.05
801770.SI,20230215,2.1
801770.SI,20230216,2.09
801770.SI,20230217,2.01
801770.SI,20230220,2.08
801770.SI,20230221,2.1
801770.SI,20230222,2.09
801770.SI,20230223,2.06
801770.SI,20230224,2.07
801770.SI,20230227,2.08
801770.SI,20230228,2.12
801770.SI,20230301,2.2
801770.SI,20230302,2.23
801770.SI,20230303,2.21
801770.SI,20230306,2.23
801770.SI,20230307,2.14
801770.SI,20230308,2.2
801770.SI,20230309,2.23
801770.SI,20230310,2.18
801770.SI,20230313,2.25
801770.SI,20230314,2.24
801770.SI,20230315,2.23
801770.SI,20230316,2.19
801770.SI,20230317,2.28
801770.SI,20230320,2.23
801770.SI,20230321,2.25
801770.SI,20230322,2.33
801770.SI,20230323,2.38
801770.SI,20230324,2.35
801770.SI,20230327,2.36
801770.SI,20230328,2.33
801770.SI,20230329,2.33
801770.SI,20230330,2.26
801770.SI,20230331,2.31
801770.SI,20230403,2.39
801770.SI,20230404,2.42
801770.SI,20230406,2.44
801770.SI,20230407,2.5
801770.SI,20230410,2.44
801770.SI,20230411,2.43
801770.SI,20230412,2.51
801770.SI,20230413,2.42
801770.SI,20230414,2.44
801770.SI,20230417,2.41
801770.SI,20230418,2.5
801770.SI,20230419,2.48
801770.SI,20230420,2.55
801770.SI,20230421,2.43
801770.SI,20230424,2.46
801770.SI,20230425,2.39
801770.SI,20230426,2.29
801770.SI,20230427,2.25
801770.SI,20230428,2.34
801770.SI,20230504,2.29
801770.SI,20230505,2.26
801770.SI,20230508,2.3
801770.SI,20230509,2.25
801770.SI,20230510,2.23
801770.SI,20230511,2.21
801770.SI,20230512,2.18
801770.SI,20230515,2.2
801770.SI,20230516,2.16
801770.SI,20230517,2.17
801770.SI,20230518,2.27
801770.SI,20230519,2.25
801770.SI,20230522,2.23
801770.SI,20230523,2.18
801770.SI,20230524,2.19
801770.SI,20230525,2.22
801770.SI,20230526,2.25
801770.SI,20230529,2.29
801770.SI,20230530,2.35
801770.SI,20230531,2.37
801770.SI,20230601,2.39
801770.SI,20230602,2.4
801770.SI,20230605,2.42
801770.SI,20230606,2.38
801770.SI,20230607,2.4
801770.SI,20230608,2.38
801770.SI,20230609,2.47
801770.SI,20230612,2.48
801770.SI,20230613,2.49
801770.SI,20230614,2.54
801770.SI,20230615,2.56
801770.SI,20230616,2.64
801770.SI,20230619,2.72
801770.SI,20230620,2.75
801770.SI,20230621,2.64
801770.SI,20230626,2.55
801770.SI,20230627,2.59
801770.SI,20230628,2.52
801770.SI,20230629,2.59
801770.SI,20230630,2.62
801770.SI,20230703,2.62
801770.SI,20230704,2.63
801770.SI,20230705,2.57
801770.SI,20230706,2.58
801770.SI,20230707,2.55
801770.SI,20230710,2.52
801770.SI,20230711,2.56
801770.SI,20230712,2.46
801770.SI,20230713,2.53
801770.SI,20230714,2.61
801770.SI,20230717,2.63
801770.SI,20230718,2.58
801770.SI,20230719,2.56
801770.SI,20230720,2.46
801770.SI,20230721,2.45
801770.SI,20230724,2.48
801770.SI,20230725,2.5
801770.SI,20230726,2.44
801770.SI,20230727,2.42
801770.SI,20230728,2.44
801770.SI,20230731,2.43
801770.SI,20230801,2.46
801770.SI,20230802,2.46
801770.SI,20230803,2.44
801770.SI,20230804,2.52
801770.SI,20230807,2.48
801770.SI,20230808,2.46
801770.SI,20230809,2.4
801770.SI,20230810,2.39
801770.SI,20230811,2.35
801770.SI,20230814,2.39
801770.SI,20230815,2.37
801770.SI,20230816,2.31
801770.SI,20230817,2.34
801770.SI,20230818,2.27
801770.SI,20230821,2.27
801770.SI,20230822,2.36
801770.SI,20230823,2.3
801770.SI,20230824,2.29
801770.SI,20230825,2.19
801770.SI,20230828,2.22
801770.SI,20230829,2.28
801770.SI,20230830,2.31
801770.SI,20230831,2.31
801770.SI,20230901,2.28
801770.SI,20230904,2.32
801770.SI,20230905,2.28
801770.SI,20230906,2.3
801770.SI,20230907,2.26
801770.SI,20230908,2.27
801770.SI,20230911,2.32
801770.SI,20230912,2.32
801770.SI,20230913,2.28
801770.SI,20230914,2.29
801770.SI,20230915,2.25
801770.SI,20230918,2.22
801770.SI,20230919,2.21
801770.SI,20230920,2.2
801770.SI,20230921,2.22
801770.SI,20230922,2.32
801770.SI,20230925,2.3
801770.SI,20230926,2.29
801770.SI,20230927,2.29
801770.SI,20230928,2.32
801770.SI,20231009,2.33
801770.SI,20231010,2.34
801770.SI,20231011,2.35
801770.SI,20231012,2.34
801770.SI,20231013,2.33
801770.SI,20231016,2.31
801770.SI,20231017,2.32
801770.SI,20231018,2.27
801770.SI,20231019,2.23
801770.SI,20231020,2.16
801770.SI,20231023,2.12
801770.SI,20231024,2.1
801770.SI,20231025,2.08
801770.SI,20231026,2.1
801770.SI,20231027,2.1
801770.SI,20231030,2.12
801770.SI,20231031,2.08
801770.SI,20231101,2.07
801770.SI,20231102,2.05
801770.SI,20231103,2.08
801770.SI,20231106,2.12
801770.SI,20231107,2.17
801770.SI,20231108,2.17
801770.SI,20231109,2.18
801770.SI,20231110,2.16
801770.SI,20231113,2.21
801770.SI,20231114,2.23
801770.SI,20231115,2.23
801770.SI,20231116,2.2
801770.SI,20231117,2.23
801770.SI,20231120,2.24
801770.SI,20231121,2.22
801770.SI,20231122,2.18
801770.SI,20231123,2.19
801770.SI,20231124,2.15
801770.SI,20231127,2.16
801770.SI,20231128,2.14
801770.SI,20231129,2.13
801770.SI,20231130,2.13
801770.SI,20231201,2.18
801770.SI,20231204,2.18
801770.SI,20231205,2.13
801770.SI,20231206,2.12
801770.SI,20231207,2.14
801770.SI,20231208,2.21
801770.SI,20231211,2.23
801770.SI,20231212,2.22
801770.SI,20231213,2.19
801770.SI,20231214,2.18
801770.SI,20231215,2.16
801770.SI,20231218,2.13
801770.SI,20231219,2.14
801770.SI,20231220,2.09
801770.SI,20231221,2.11
801770.SI,20231222,2.07
801770.SI,20231225,2.08
801770.SI,20231226,2.04
801770.SI,20231227,2.07
801770.SI,20231228,2.11
801770.SI,20231229,2.14
801770.SI,20240102,2.11
801770.SI,20240103,2.08
801770.SI,20240104,2.07
801770.SI,20240105,2.02
801770.SI,20240108,1.98
801770.SI,20240109,1.98
801770.SI,20240110,1.95
801770.SI,20240111,1.99
801770.SI,20240112,1.96
801770.SI,20240115,1.97
801770.SI,20240116,1.97
801770.SI,20240117,1.93
801770.SI,20240118,1.99
801770.SI,20240119,1.97
801770.SI,20240122,1.91
801770.SI,20240123,1.95
801770.SI,20240124,1.97
801770.SI,20240125,2.05
801770.SI,20240126,2.03
801770.SI,20240129,1.95
801770.SI,20240130,1.9
801770.SI,20240131,1.84
801770.SI,20240201,1.86
801770.SI,20240202,1.82
801770.SI,20240205,1.77
801770.SI,20240206,1.85
801770.SI,20240207,1.86
801770.SI,20240208,1.92
801770.SI,20240219,2.05
801770.SI,20240220,2.07
801770.SI,20240221,2.05
801770.SI,20240222,2.11
801770.SI,20240223,2.13
801770.SI,20240226,2.13
801770.SI,20240227,2.23
801770.SI,20240228,2.11
801770.SI,20240229,2.2
801770.SI,20240301,2.26
801770.SI,20240304,2.29
801770.SI,20240305,2.26
801770.SI,20240306,2.28
801770.SI,20240307,2.22
801770.SI,20240308,2.31
801770.SI,20240311,2.31
801770.SI,20240312,2.28
801770.SI,20240313,2.29
801770.SI,20240314,2.28
801770.SI,20240315,2.33
801770.SI,20240318,2.37
801770.SI,20240319,2.36
801770.SI,20240320,2.37
801770.SI,20240321,2.36
801770.SI,20240322,2.36
801770.SI,20240325,2.31
801770.SI,20240326,2.27
801770.SI,20240327,2.19
801770.SI,20240328,2.25
801770.SI,20240329,2.28
801770.SI,20240401,2.33
801770.SI,20240402,2.3
801770.SI,20240403,2.24
801770.SI,20240408,2.24
801770.SI,20240409,2.23
801770.SI,20240410,2.18
801770.SI,20240411,2.18
801770.SI,20240412,2.21
801770.SI,20240415,2.22
801770.SI,20240416,2.14
801770.SI,20240417,2.25
801770.SI,20240418,2.23
801770.SI,20240419,2.21
801770.SI,20240422,2.14
801770.SI,20240423,2.13
801770.SI,20240424,2.2
801770.SI,20240425,2.18
801770.SI,20240426,2.25
801770.SI,20240429,2.29
801770.SI,20240430,2.28
801770.SI,20240506,2.33
801770.SI,20240507,2.31
801770.SI,20240508,2.27
801770.SI,20240509,2.28
801770.SI,20240510,2.26
801770.SI,20240513,2.25
801770.SI,20240514,2.25
801770.SI,20240515,2.23
801770.SI,20240516,2.25
801770.SI,20240517,2.27
801770.SI,20240520,2.3
801770.SI,20240521,2.3
801770.SI,20240522,2.29
801770.SI,20240523,2.26
801770.SI,20240524,2.22
801770.SI,20240527,2.26
801770.SI,20240528,2.2
801770.SI,20240529,2.19
801770.SI,20240530,2.18
801770.SI,20240531,2.19
801770.SI,20240603,2.22
801770.SI,20240604,2.22
801770.SI,20240605,2.19
801770.SI,20240606,2.16
801770.SI,20240607,2.15
801770.SI,20240611,2.16
801770.SI,20240612,2.17
801770.SI,20240613,2.2
801770.SI,20240614,2.28
801770.SI,20240617,2.29
801770.SI,20240618,2.34
801770.SI,20240619,2.33
801770.SI,20240620,2.3
801770.SI,20240621,2.31
801770.SI,20240624,2.24
801770.SI,20240625,2.19
801770.SI,20240626,2.25
801770.SI,20240627,2.22
801770.SI,20240628,2.27
801770.SI,20240701,2.29
801770.SI,20240702,2.28
801770.SI,20240703,2.26
801770.SI,20240704,2.24
801770.SI,20240705,2.24
801770.SI,20240708,2.23
801770.SI,20240709,2.32
801770.SI,20240710,2.32
801770.SI,20240711,2.33
801770.SI,20240712,2.3
801770.SI,20240715,2.28
801770.SI,20240716,2.29
801770.SI,20240717,2.24
801770.SI,20240718,2.23
801770.SI,20240719,2.23
801770.SI,20240722,2.23
801770.SI,20240723,2.18
801770.SI,20240724,2.18
801770.SI,20240725,2.14
801770.SI,20240726,2.16
801770.SI,20240729,2.18
801770.SI,20240730,2.18
801770.SI,20240731,2.22
801770.SI,20240801,2.22
801770.SI,20240802,2.15
801770.SI,20240805,2.06
801770.SI,20240806,2.08
801770.SI,20240807,2.1
801770.SI,20240808,2.08
801770.SI,20240809,2.07
801770.SI,20240812,2.06
801770.SI,20240813,2.08
801770.SI,20240814,2.07
801770.SI,20240815,2.1
801770.SI,20240816,2.12
801770.SI,20240819,2.14
801770.SI,20240820,2.1
801770.SI,20240821,2.09
801770.SI,20240822,2.07
801770.SI,20240823,2.08
801770.SI,20240826,2.05
801770.SI,20240827,2.03
801770.SI,20240828,2.04
801770.SI,20240829,2.02
801770.SI,20240830,2.06
801770.SI,20240902,2.0
801770.SI,20240903,2.03
801770.SI,20240904,2.03
801770.SI,20240905,2.03
801770.SI,20240906,2.0
801770.SI,20240909,2.0
801770.SI,20240910,2.04
801770.SI,20240911,2.03
801770.SI,20240912,2.03
801770.SI,20240913,2.04
801770.SI,20240918,2.03
801770.SI,20240919,2.04
801770.SI,20240920,2.05
801770.SI,20240923,2.06
801770.SI,20240924,2.15
801770.SI,20240925,2.16
801770.SI,20240926,2.23
801770.SI,20240927,2.32
801770.SI,20240930,2.58
801770.SI,20241008,2.87
801770.SI,20241009,2.64
801770.SI,20241010,2.63
801770.SI,20241011,2.53
801770.SI,20241014,2.6
801770.SI,20241015,2.55
801770.SI,20241016,2.51
801770.SI,20241017,2.52
801770.SI,20241018,2.66
801770.SI,20241021,2.71
801770.SI,20241022,2.71
801770.SI,20241023,2.67
801770.SI,20241024,2.69
801770.SI,20241025,2.72
801770.SI,20241028,2.73
801770.SI,20241029,2.68
801770.SI,20241030,2.69
801770.SI,20241031,2.7
801770.SI,20241101,2.61
801770.SI,20241104,2.66
801770.SI,20241105,2.73
801770.SI,20241106,2.73
801770.SI,20241107,2.77
801770.SI,20241108,2.79
801770.SI,20241111,2.87
801770.SI,20241112,2.83
801770.SI,20241113,2.9
801770.SI,20241114,2.8
801770.SI,20241115,2.73
801770.SI,20241118,2.64
801770.SI,20241119,2.67
801770.SI,20241120,2.74
801770.SI,20241121,2.71
801770.SI,20241122,2.62
801770.SI,20241125,2.59
801770.SI,20241126,2.59
801770.SI,20241127,2.64
801770.SI,20241128,2.61
801770.SI,20241129,2.64
801770.SI,20241202,2.7
801770.SI,20241203,2.69
801770.SI,20241204,2.66
801770.SI,20241205,2.69
801770.SI,20241206,2.7
801770.SI,20241209,2.67
801770.SI,20241210,2.68
801770.SI,20241211,2.73
801770.SI,20241212,2.77
801770.SI,20241213,2.75
801770.SI,20241216,2.75
801770.SI,20241217,2.73
801770.SI,20241218,2.77
801770.SI,20241219,2.86
801770.SI,20241220,2.86
801770.SI,20241223,2.8
801770.SI,20241224,2.81
801770.SI,20241225,2.81
801770.SI,20241226,2.91
801770.SI,20241227,2.88
801770.SI,20241230,2.85
801770.SI,20241231,2.77
801770.SI,20250102,2.69
801770.SI,20250103,2.6
801770.SI,20250106,2.58
801770.SI,20250107,2.63
801770.SI,20250108,2.62
801770.SI,20250109,2.63
801770.SI,20250110,2.54
801770.SI,20250113,2.54
801770.SI,20250114,2.65
801770.SI,20250115,2.63
801770.SI,20250116,2.69
801770.SI,20250117,2.7
801770.SI,20250120,2.73
801770.SI,20250121,2.78
801770.SI,20250122,2.82
801770.SI,20250123,2.78
801770.SI,20250124,2.84
801770.SI,20250127,2.73
801770.SI,20250205,2.67
801770.SI,20250206,2.75
801770.SI,20250207,2.81
801770.SI,20250210,2.87
801770.SI,20250211,2.87
801770.SI,20250212,2.91
801770.SI,20250213,2.86
801770.SI,20250214,2.89
801770.SI,20250217,2.99
801770.SI,20250218,2.91
801770.SI,20250219,2.97
801770.SI,20250220,2.96
801770.SI,20250221,3.12
801770.SI,20250224,3.08
801770.SI,20250225,3.04
801770.SI,20250226,3.05
801770.SI,20250227,2.96
801770.SI,20250228,2.81
801770.SI,20250303,2.78
801770.SI,20250304,2.81
801770.SI,20250305,2.87
801770.SI,20250306,2.94
801770.SI,20250307,2.89
801770.SI,20250310,2.87
801770.SI,20250311,2.87
801770.SI,20250312,2.9
801770.SI,20250313,2.85
801770.SI,20250314,2.9
801770.SI,20250317,2.91
801770.SI,20250318,2.94
801770.SI,20250319,2.87
801770.SI,20250320,2.85
801770.SI,20250321,2.79
801770.SI,20250324,2.78
801770.SI,20250325,2.71
801770.SI,20250326,2.71
801770.SI,20250327,2.7
801770.SI,20250328,2.68
801770.SI,20250331,2.69
801770.SI,20250401,2.68
801770.SI,20250402,2.71
801770.SI,20250403,2.66
801770.SI,20250407,2.35
801770.SI,20250408,2.33
801770.SI,20250409,2.38
801770.SI,20250410,2.44
801770.SI,20250411,2.45
801770.SI,20250414,2.48
801770.SI,20250415,2.47
801770.SI,20250416,2.44
801770.SI,20250417,2.43
801770.SI,20250418,2.46
801770.SI,20250421,2.48
801770.SI,20250422,2.46
801770.SI,20250423,2.48
801770.SI,20250424,2.42
801770.SI,20250425,2.44
801770.SI,20250428,2.42
801770.SI,20250429,2.45
801770.SI,20250430,2.47
801770.SI,20250506,2.56
801770.SI,20250507,2.56
801770.SI,20250508,2.63
801770.SI,20250509,2.59
801770.SI,20250512,2.64
801770.SI,20250513,2.62
801770.SI,20250514,2.64
801770.SI,20250515,2.58
801770.SI,20250516,2.59
801770.SI,20250519,2.59
801770.SI,20250520,2.61
801770.SI,20250521,2.59
801770.SI,20250522,2.57
801770.SI,20250523,2.53
801770.SI,20250526,2.56
801770.SI,20250527,2.54
801770.SI,20250528,2.56
801770.SI,20250529,2.6
801770.SI,20250530,2.58
801770.SI,20250603,2.57
801770.SI,20250604,2.62
801770.SI,20250605,2.68
801770.SI,20250606,2.71
801770.SI,20250609,2.74
801770.SI,20250610,2.7
801770.SI,20250611,2.69
801770.SI,20250612,2.72
801770.SI,20250613,2.69
801770.SI,20250616,2.75
801770.SI,20250617,2.75
801770.SI,20250618,2.79
801770.SI,20250619,2.76
801770.SI,20250620,2.74
801770.SI,20250623,2.74
801770.SI,20250624,2.78
801770.SI,20250625,2.81
801770.SI,20250626,2.84
801770.SI,20250627,2.89
801770.SI,20250630,2.95
801770.SI,20250701,2.94
801770.SI,20250702,2.88
801770.SI,20250703,2.92
801770.SI,20250704,2.89
801770.SI,20250707,2.87
801770.SI,20250708,2.96
801770.SI,20250709,2.96
801770.SI,20250710,2.96
801770.SI,20250711,2.96
801770.SI,20250714,2.97
801770.SI,20250715,3.11
801770.SI,20250716,3.12
801770.SI,20250717,3.2
801770.SI,20250718,3.19
801770.SI,20250721,3.19
801770.SI,20250722,3.18
801770.SI,20250723,3.17
801770.SI,20250724,3.17
801770.SI,20250725,3.16
801770.SI,20250728,3.2
801770.SI,20250729,3.31
801770.SI,20250730,3.28
801770.SI,20250731,3.28
801770.SI,20250801,3.24
801770.SI,20250804,3.25
801770.SI,20250805,3.29
801770.SI,20250806,3.31
801770.SI,20250807,3.29
801770.SI,20250808,3.28
801770.SI,20250811,3.35
801770.SI,20250812,3.43
801770.SI,20250813,3.59
801770.SI,20250814,3.51
801770.SI,20250815,3.53
801770.SI,20250818,3.68
801770.SI,20250819,3.75
801770.SI,20250820,3.77
801770.SI,20250821,3.77
801770.SI,20250822,3.91
801770.SI,20250825,4.1
801770.SI,20250826,4.04
801770.SI,20250827,4.1
801770.SI,20250828,4.4
801770.SI,20250829,4.35
801770.SI,20250901,4.58
801770.SI,20250902,4.32
801770.SI,20250903,4.39
801770.SI,20250904,4.02
801770.SI,20250905,4.24
801770.SI,20250908,4.09
801770.SI,20250909,4.01
801770.SI,20250910,4.16
801770.SI,20250911,4.47
801770.SI,20250912,4.37
801770.SI,20250915,4.3
801770.SI,20250916,4.33
801770.SI,20250917,4.35
801770.SI,20250918,4.36
801770.SI,20250919,4.39
801770.SI,20250922,4.4
801770.SI,20250923,4.4
801770.SI,20250924,4.4
801770.SI,20250925,4.49
801770.SI,20250926,4.38
801770.SI,20250929,4.43
801770.SI,20250930,4.35
801770.SI,20251009,4.37
801770.SI,20251010,4.28
801770.SI,20251013,4.26
801770.SI,20251014,4.05
801770.SI,20251015,4.11
801770.SI,20251016,4.14
801770.SI,20251017,4.03
801770.SI,20251020,4.16
801770.SI,20251021,4.37
801770.SI,20251022,4.38
801770.SI,20251023,4.3
801770.SI,20251024,4.53
801770.SI,20251027,4.68
801770.SI,20251028,4.66
801770.SI,20251029,4.66
801770.SI,20251030,4.48
801770.SI,20251031,4.28
801770.SI,20251103,4.3
801770.SI,20251104,4.26
801770.SI,20251105,4.24
801770.SI,20251106,4.34
801770.SI,20251107,4.32
801770.SI,20251110,4.3
801770.SI,20251111,4.2
801770.SI,20251112,4.23
801770.SI,20251113,4.22
801770.SI,20251114,4.11
801770.SI,20251117,4.16
801770.SI,20251118,4.16
801770.SI,20251119,4.18
801770.SI,20251120,4.2
801770.SI,20251121,4.01
801770.SI,20251124,4.03
801770.SI,20251125,4.17
801770.SI,20251126,4.37
801770.SI,20251127,4.35
801770.SI,20251128,4.36
801770.SI,20251201,4.49
801770.SI,20251202,4.5
801770.SI,20251203,4.45
801770.SI,20251204,4.47
801770.SI,20251205,4.53
801770.SI,20251208,4.75
801770.SI,20251209,4.85
801770.SI,20251210,4.91
801770.SI,20251211,4.76
801770.SI,20251212,4.81
801770.SI,20251215,4.72
801770.SI,20251216,4.58
801770.SI,20251217,4.82
801770.SI,20251218,4.74
801770.SI,20251219,4.77
801770.SI,20251222,4.98
801770.SI,20251223,4.95
801770.SI,20251224,5.01
801770.SI,20251225,5.0
801770.SI,20251226,4.98
801770.SI,20251229,4.95
801770.SI,20251230,4.97
801770.SI,20251231,4.9
801780.SI,20221010,0.49
801780.SI,20221011,0.49
801780.SI,20221012,0.49
801780.SI,20221013,0.48
801780.SI,20221014,0.49
801780.SI,20221017,0.49
801780.SI,20221018,0.49
801780.SI,20221019,0.48
801780.SI,20221020,0.48
801780.SI,20221021,0.48
801780.SI,20221024,0.46
801780.SI,20221025,0.46
801780.SI,20221026,0.46
801780.SI,20221027,0.46
801780.SI,20221028,0.45
801780.SI,20221031,0.44
801780.SI,20221101,0.44
801780.SI,20221102,0.44
801780.SI,20221103,0.44
801780.SI,20221104,0.45
801780.SI,20221107,0.45
801780.SI,20221108,0.45
801780.SI,20221109,0.45
801780.SI,20221110,0.45
801780.SI,20221111,0.46
801780.SI,20221114,0.48
801780.SI,20221115,0.48
801780.SI,20221116,0.47
801780.SI,20221117,0.47
801780.SI,20221118,0.47
801780.SI,20221121,0.47
801780.SI,20221122,0.47
801780.SI,20221123,0.48
801780.SI,20221124,0.47
801780.SI,20221125,0.49
801780.SI,20221128,0.48
801780.SI,20221129,0.5
801780.SI,20221130,0.5
801780.SI,20221201,0.49
801780.SI,20221202,0.49
801780.SI,20221205,0.5
801780.SI,20221206,0.5
801780.SI,20221207,0.5
801780.SI,20221208,0.5
801780.SI,20221209,0.51
801780.SI,20221212,0.5
801780.SI,20221213,0.5
801780.SI,20221214,0.5
801780.SI,20221215,0.5
801780.SI,20221216,0.5
801780.SI,20221219,0.5
801780.SI,20221220,0.49
801780.SI,20221221,0.49
801780.SI,20221222,0.49
801780.SI,20221223,0.49
801780.SI,20221226,0.49
801780.SI,20221227,0.5
801780.SI,20221228,0.5
801780.SI,20221229,0.5
801780.SI,20221230,0.5
801780.SI,20230103,0.5
801780.SI,20230104,0.51
801780.SI,20230105,0.51
801780.SI,20230106,0.51
801780.SI,20230109,0.51
801780.SI,20230110,0.51
801780.SI,20230111,0.51
801780.SI,20230112,0.51
801780.SI,20230113,0.52
801780.SI,20230116,0.52
801780.SI,20230117,0.52
801780.SI,20230118,0.52
801780.SI,20230119,0.52
801780.SI,20230120,0.52
801780.SI,20230130,0.52
801780.SI,20230131,0.52
801780.SI,20230201,0.52
801780.SI,20230202,0.51
801780.SI,20230203,0.51
801780.SI,20230206,0.5
801780.SI,20230207,0.51
801780.SI,20230208,0.5
801780.SI,20230209,0.51
801780.SI,20230210,0.51
801780.SI,20230213,0.5
801780.SI,20230214,0.5
801780.SI,20230215,0.5
801780.SI,20230216,0.5
801780.SI,20230217,0.49
801780.SI,20230220,0.51
801780.SI,20230221,0.51
801780.SI,20230222,0.5
801780.SI,20230223,0.51
801780.SI,20230224,0.5
801780.SI,20230227,0.5
801780.SI,20230228,0.5
801780.SI,20230301,0.51
801780.SI,20230302,0.51
801780.SI,20230303,0.51
801780.SI,20230306,0.5
801780.SI,20230307,0.5
801780.SI,20230308,0.5
801780.SI,20230309,0.5
801780.SI,20230310,0.49
801780.SI,20230313,0.49
801780.SI,20230314,0.49
801780.SI,20230315,0.49
801780.SI,20230316,0.49
801780.SI,20230317,0.49
801780.SI,20230320,0.49
801780.SI,20230321,0.49
801780.SI,20230322,0.49
801780.SI,20230323,0.5
801780.SI,20230324,0.49
801780.SI,20230327,0.49
801780.SI,20230328,0.49
801780.SI,20230329,0.49
801780.SI,20230330,0.49
801780.SI,20230331,0.48
801780.SI,20230403,0.48
801780.SI,20230404,0.49
801780.SI,20230406,0.49
801780.SI,20230407,0.49
801780.SI,20230410,0.49
801780.SI,20230411,0.49
801780.SI,20230412,0.49
801780.SI,20230413,0.49
801780.SI,20230414,0.49
801780.SI,20230417,0.5
801780.SI,20230418,0.51
801780.SI,20230419,0.51
801780.SI,20230420,0.51
801780.SI,20230421,0.5
801780.SI,20230424,0.5
801780.SI,20230425,0.5
801780.SI,20230426,0.5
801780.SI,20230427,0.5
801780.SI,20230428,0.5
801780.SI,20230504,0.5
801780.SI,20230505,0.51
801780.SI,20230508,0.53
801780.SI,20230509,0.52
801780.SI,20230510,0.51
801780.SI,20230511,0.5
801780.SI,20230512,0.5
801780.SI,20230515,0.5
801780.SI,20230516,0.5
801780.SI,20230517,0.5
801780.SI,20230518,0.5
801780.SI,20230519,0.5
801780.SI,20230522,0.5
801780.SI,20230523,0.49
801780.SI,20230524,0.48
801780.SI,20230525,0.48
801780.SI,20230526,0.48
801780.SI,20230529,0.48
801780.SI,20230530,0.48
801780.SI,20230531,0.48
801780.SI,20230601,0.47
801780.SI,20230602,0.48
801780.SI,20230605,0.48
801780.SI,20230606,0.48
801780.SI,20230607,0.49
801780.SI,20230608,0.5
801780.SI,20230609,0.49
801780.SI,20230612,0.49
801780.SI,20230613,0.49
801780.SI,20230614,0.48
801780.SI,20230615,0.48
801780.SI,20230616,0.48
801780.SI,20230619,0.47
801780.SI,20230620,0.47
801780.SI,20230621,0.47
801780.SI,20230626,0.46
801780.SI,20230627,0.47
801780.SI,20230628,0.47
801780.SI,20230629,0.46
801780.SI,20230630,0.47
801780.SI,20230703,0.47
801780.SI,20230704,0.47
801780.SI,20230705,0.47
801780.SI,20230706,0.46
801780.SI,20230707,0.46
801780.SI,20230710,0.46
801780.SI,20230711,0.47
801780.SI,20230712,0.47
801780.SI,20230713,0.47
801780.SI,20230714,0.47
801780.SI,20230717,0.46
801780.SI,20230718,0.46
801780.SI,20230719,0.46
801780.SI,20230720,0.46
801780.SI,20230721,0.46
801780.SI,20230724,0.46
801780.SI,20230725,0.47
801780.SI,20230726,0.47
801780.SI,20230727,0.48
801780.SI,20230728,0.49
801780.SI,20230731,0.49
801780.SI,20230801,0.49
801780.SI,20230802,0.48
801780.SI,20230803,0.49
801780.SI,20230804,0.49
801780.SI,20230807,0.48
801780.SI,20230808,0.48
801780.SI,20230809,0.48
801780.SI,20230810,0.48
801780.SI,20230811,0.47
801780.SI,20230814,0.47
801780.SI,20230815,0.47
801780.SI,20230816,0.47
801780.SI,20230817,0.47
801780.SI,20230818,0.47
801780.SI,20230821,0.46
801780.SI,20230822,0.47
801780.SI,20230823,0.47
801780.SI,20230824,0.46
801780.SI,20230825,0.47
801780.SI,20230828,0.47
801780.SI,20230829,0.47
801780.SI,20230830,0.46
801780.SI,20230831,0.46
801780.SI,20230901,0.46
801780.SI,20230904,0.47
801780.SI,20230905,0.47
801780.SI,20230906,0.47
801780.SI,20230907,0.47
801780.SI,20230908,0.47
801780.SI,20230911,0.47
801780.SI,20230912,0.47
801780.SI,20230913,0.47
801780.SI,20230914,0.47
801780.SI,20230915,0.47
801780.SI,20230918,0.47
801780.SI,20230919,0.47
801780.SI,20230920,0.47
801780.SI,20230921,0.47
801780.SI,20230922,0.48
801780.SI,20230925,0.48
801780.SI,20230926,0.47
801780.SI,20230927,0.47
801780.SI,20230928,0.47
801780.SI,20231009,0.47
801780.SI,20231010,0.47
801780.SI,20231011,0.47
801780.SI,20231012,0.47
801780.SI,20231013,0.47
801780.SI,20231016,0.47
801780.SI,20231017,0.48
801780.SI,20231018,0.47
801780.SI,20231019,0.46
801780.SI,20231020,0.46
801780.SI,20231023,0.46
801780.SI,20231024,0.46
801780.SI,20231025,0.46
801780.SI,20231026,0.46
801780.SI,20231027,0.46
801780.SI,20231030,0.45
801780.SI,20231031,0.44
801780.SI,20231101,0.44
801780.SI,20231102,0.45
801780.SI,20231103,0.44
801780.SI,20231106,0.44
801780.SI,20231107,0.44
801780.SI,20231108,0.44
801780.SI,20231109,0.45
801780.SI,20231110,0.44
801780.SI,20231113,0.44
801780.SI,20231114,0.44
801780.SI,20231115,0.44
801780.SI,20231116,0.44
801780.SI,20231117,0.44
801780.SI,20231120,0.44
801780.SI,20231121,0.44
801780.SI,20231122,0.44
801780.SI,20231123,0.44
801780.SI,20231124,0.44
801780.SI,20231127,0.44
801780.SI,20231128,0.44
801780.SI,20231129,0.43
801780.SI,20231130,0.43
801780.SI,20231201,0.43
801780.SI,20231204,0.43
801780.SI,20231205,0.43
801780.SI,20231206,0.42
801780.SI,20231207,0.43
801780.SI,20231208,0.42
801780.SI,20231211,0.43
801780.SI,20231212,0.43
801780.SI,20231213,0.43
801780.SI,20231214,0.42
801780.SI,20231215,0.42
801780.SI,20231218,0.42
801780.SI,20231219,0.42
801780.SI,20231220,0.42
801780.SI,20231221,0.42
801780.SI,20231222,0.43
801780.SI,20231225,0.43
801780.SI,20231226,0.42
801780.SI,20231227,0.43
801780.SI,20231228,0.43
801780.SI,20231229,0.43
801780.SI,20240102,0.43
801780.SI,20240103,0.43
801780.SI,20240104,0.43
801780.SI,20240105,0.44
801780.SI,20240108,0.43
801780.SI,20240109,0.43
801780.SI,20240110,0.43
801780.SI,20240111,0.43
801780.SI,20240112,0.43
801780.SI,20240115,0.44
801780.SI,20240116,0.44
801780.SI,20240117,0.44
801780.SI,20240118,0.44
801780.SI,20240119,0.44
801780.SI,20240122,0.44
801780.SI,20240123,0.44
801780.SI,20240124,0.45
801780.SI,20240125,0.45
801780.SI,20240126,0.46
801780.SI,20240129,0.46
801780.SI,20240130,0.46
801780.SI,20240131,0.46
801780.SI,20240201,0.46
801780.SI,20240202,0.46
801780.SI,20240205,0.46
801780.SI,20240206,0.47
801780.SI,20240207,0.47
801780.SI,20240208,0.46
801780.SI,20240219,0.47
801780.SI,20240220,0.48
801780.SI,20240221,0.49
801780.SI,20240222,0.49
801780.SI,20240223,0.49
801780.SI,20240226,0.48
801780.SI,20240227,0.48
801780.SI,20240228,0.48
801780.SI,20240229,0.48
801780.SI,20240301,0.48
801780.SI,20240304,0.48
801780.SI,20240305,0.48
801780.SI,20240306,0.48
801780.SI,20240307,0.48
801780.SI,20240308,0.48
801780.SI,20240311,0.48
801780.SI,20240312,0.48
801780.SI,20240313,0.47
801780.SI,20240314,0.47
801780.SI,20240315,0.47
801780.SI,20240318,0.47
801780.SI,20240319,0.47
801780.SI,20240320,0.47
801780.SI,20240321,0.48
801780.SI,20240322,0.47
801780.SI,20240325,0.48
801780.SI,20240326,0.48
801780.SI,20240327,0.48
801780.SI,20240328,0.47
801780.SI,20240329,0.47
801780.SI,20240401,0.48
801780.SI,20240402,0.48
801780.SI,20240403,0.47
801780.SI,20240408,0.48
801780.SI,20240409,0.47
801780.SI,20240410,0.47
801780.SI,20240411,0.47
801780.SI,20240412,0.47
801780.SI,20240415,0.48
801780.SI,20240416,0.48
801780.SI,20240417,0.49
801780.SI,20240418,0.49
801780.SI,20240419,0.49
801780.SI,20240422,0.49
801780.SI,20240423,0.49
801780.SI,20240424,0.48
801780.SI,20240425,0.49
801780.SI,20240426,0.48
801780.SI,20240429,0.48
801780.SI,20240430,0.48
801780.SI,20240506,0.48
801780.SI,20240507,0.48
801780.SI,20240508,0.48
801780.SI,20240509,0.48
801780.SI,20240510,0.48
801780.SI,20240513,0.48
801780.SI,20240514,0.48
801780.SI,20240515,0.48
801780.SI,20240516,0.49
801780.SI,20240517,0.5
801780.SI,20240520,0.49
801780.SI,20240521,0.5
801780.SI,20240522,0.5
801780.SI,20240523,0.5
801780.SI,20240524,0.49
801780.SI,20240527,0.5
801780.SI,20240528,0.5
801780.SI,20240529,0.49
801780.SI,20240530,0.49
801780.SI,20240531,0.49
801780.SI,20240603,0.48
801780.SI,20240604,0.49
801780.SI,20240605,0.48
801780.SI,20240606,0.48
801780.SI,20240607,0.49
801780.SI,20240611,0.48
801780.SI,20240612,0.48
801780.SI,20240613,0.48
801780.SI,20240614,0.48
801780.SI,20240617,0.47
801780.SI,20240618,0.47
801780.SI,20240619,0.48
801780.SI,20240620,0.48
801780.SI,20240621,0.48
801780.SI,20240624,0.48
801780.SI,20240625,0.48
801780.SI,20240626,0.48
801780.SI,20240627,0.48
801780.SI,20240628,0.49
801780.SI,20240701,0.49
801780.SI,20240702,0.5
801780.SI,20240703,0.49
801780.SI,20240704,0.5
801780.SI,20240705,0.48
801780.SI,20240708,0.49
801780.SI,20240709,0.49
801780.SI,20240710,0.49
801780.SI,20240711,0.48
801780.SI,20240712,0.49
801780.SI,20240715,0.49
801780.SI,20240716,0.49
801780.SI,20240717,0.49
801780.SI,20240718,0.49
801780.SI,20240719,0.49
801780.SI,20240722,0.48
801780.SI,20240723,0.49
801780.SI,20240724,0.49
801780.SI,20240725,0.48
801780.SI,20240726,0.47
801780.SI,20240729,0.48
801780.SI,20240730,0.48
801780.SI,20240731,0.48
801780.SI,20240801,0.48
801780.SI,20240802,0.48
801780.SI,20240805,0.47
801780.SI,20240806,0.47
801780.SI,20240807,0.47
801780.SI,20240808,0.47
801780.SI,20240809,0.47
801780.SI,20240812,0.47
801780.SI,20240813,0.47
801780.SI,20240814,0.47
801780.SI,20240815,0.48
801780.SI,20240816,0.49
801780.SI,20240819,0.49
801780.SI,20240820,0.49
801780.SI,20240821,0.49
801780.SI,20240822,0.49
801780.SI,20240823,0.5
801780.SI,20240826,0.5
801780.SI,20240827,0.5
801780.SI,20240828,0.49
801780.SI,20240829,0.48
801780.SI,20240830,0.47
801780.SI,20240902,0.46
801780.SI,20240903,0.46
801780.SI,20240904,0.45
801780.SI,20240905,0.45
801780.SI,20240906,0.45
801780.SI,20240909,0.45
801780.SI,20240910,0.45
801780.SI,20240911,0.44
801780.SI,20240912,0.44
801780.SI,20240913,0.44
801780.SI,20240918,0.45
801780.SI,20240919,0.45
801780.SI,20240920,0.45
801780.SI,20240923,0.46
801780.SI,20240924,0.48
801780.SI,20240925,0.48
801780.SI,20240926,0.5
801780.SI,20240927,0.5
801780.SI,20240930,0.52
801780.SI,20241008,0.54
801780.SI,20241009,0.5
801780.SI,20241010,0.53
801780.SI,20241011,0.52
801780.SI,20241014,0.54
801780.SI,20241015,0.53
801780.SI,20241016,0.54
801780.SI,20241017,0.53
801780.SI,20241018,0.53
801780.SI,20241021,0.53
801780.SI,20241022,0.53
801780.SI,20241023,0.53
801780.SI,20241024,0.53
801780.SI,20241025,0.52
801780.SI,20241028,0.52
801780.SI,20241029,0.52
801780.SI,20241030,0.51
801780.SI,20241031,0.5
801780.SI,20241101,0.5
801780.SI,20241104,0.51
801780.SI,20241105,0.51
801780.SI,20241106,0.51
801780.SI,20241107,0.52
801780.SI,20241108,0.51
801780.SI,20241111,0.5
801780.SI,20241112,0.5
801780.SI,20241113,0.5
801780.SI,20241114,0.5
801780.SI,20241115,0.5
801780.SI,20241118,0.51
801780.SI,20241119,0.51
801780.SI,20241120,0.51
801780.SI,20241121,0.5
801780.SI,20241122,0.49
801780.SI,20241125,0.49
801780.SI,20241126,0.5
801780.SI,20241127,0.5
801780.SI,20241128,0.5
801780.SI,20241129,0.5
801780.SI,20241202,0.5
801780.SI,20241203,0.51
801780.SI,20241204,0.51
801780.SI,20241205,0.51
801780.SI,20241206,0.51
801780.SI,20241209,0.52
801780.SI,20241210,0.52
801780.SI,20241211,0.52
801780.SI,20241212,0.52
801780.SI,20241213,0.51
801780.SI,20241216,0.52
801780.SI,20241217,0.52
801780.SI,20241218,0.52
801780.SI,20241219,0.52
801780.SI,20241220,0.52
801780.SI,20241223,0.52
801780.SI,20241224,0.53
801780.SI,20241225,0.54
801780.SI,20241226,0.54
801780.SI,20241227,0.54
801780.SI,20241230,0.54
801780.SI,20241231,0.54
801780.SI,20250102,0.52
801780.SI,20250103,0.52
801780.SI,20250106,0.53
801780.SI,20250107,0.53
801780.SI,20250108,0.53
801780.SI,20250109,0.53
801780.SI,20250110,0.52
801780.SI,20250113,0.52
801780.SI,20250114,0.53
801780.SI,20250115,0.53
801780.SI,20250116,0.53
801780.SI,20250117,0.53
801780.SI,20250120,0.53
801780.SI,20250121,0.53
801780.SI,20250122,0.52
801780.SI,20250123,0.53
801780.SI,20250124,0.53
801780.SI,20250127,0.54
801780.SI,20250205,0.53
801780.SI,20250206,0.53
801780.SI,20250207,0.53
801780.SI,20250210,0.53
801780.SI,20250211,0.53
801780.SI,20250212,0.54
801780.SI,20250213,0.54
801780.SI,20250214,0.54
801780.SI,20250217,0.54
801780.SI,20250218,0.55
801780.SI,20250219,0.54
801780.SI,20250220,0.54
801780.SI,20250221,0.54
801780.SI,20250224,0.53
801780.SI,20250225,0.53
801780.SI,20250226,0.53
801780.SI,20250227,0.54
801780.SI,20250228,0.53
801780.SI,20250303,0.53
801780.SI,20250304,0.53
801780.SI,20250305,0.54
801780.SI,20250306,0.54
801780.SI,20250307,0.54
801780.SI,20250310,0.53
801780.SI,20250311,0.54
801780.SI,20250312,0.54
801780.SI,20250313,0.54
801780.SI,20250314,0.55
801780.SI,20250317,0.55
801780.SI,20250318,0.55
801780.SI,20250319,0.56
801780.SI,20250320,0.55
801780.SI,20250321,0.55
801780.SI,20250324,0.55
801780.SI,20250325,0.55
801780.SI,20250326,0.54
801780.SI,20250327,0.54
801780.SI,20250328,0.54
801780.SI,20250331,0.54
801780.SI,20250401,0.54
801780.SI,20250402,0.54
801780.SI,20250403,0.54
801780.SI,20250407,0.52
801780.SI,20250408,0.53
801780.SI,20250409,0.52
801780.SI,20250410,0.52
801780.SI,20250411,0.53
801780.SI,20250414,0.53
801780.SI,20250415,0.54
801780.SI,20250416,0.54
801780.SI,20250417,0.54
801780.SI,20250418,0.55
801780.SI,20250421,0.54
801780.SI,20250422,0.54
801780.SI,20250423,0.54
801780.SI,20250424,0.55
801780.SI,20250425,0.54
801780.SI,20250428,0.55
801780.SI,20250429,0.54
801780.SI,20250430,0.53
801780.SI,20250506,0.53
801780.SI,20250507,0.53
801780.SI,20250508,0.54
801780.SI,20250509,0.55
801780.SI,20250512,0.55
801780.SI,20250513,0.56
801780.SI,20250514,0.56
801780.SI,20250515,0.56
801780.SI,20250516,0.56
801780.SI,20250519,0.55
801780.SI,20250520,0.55
801780.SI,20250521,0.56
801780.SI,20250522,0.56
801780.SI,20250523,0.56
801780.SI,20250526,0.55
801780.SI,20250527,0.56
801780.SI,20250528,0.56
801780.SI,20250529,0.55
801780.SI,20250530,0.56
801780.SI,20250603,0.57
801780.SI,20250604,0.57
801780.SI,20250605,0.57
801780.SI,20250606,0.57
801780.SI,20250609,0.57
801780.SI,20250610,0.57
801780.SI,20250611,0.57
801780.SI,20250612,0.57
801780.SI,20250613,0.57
801780.SI,20250616,0.59
801780.SI,20250617,0.58
801780.SI,20250618,0.59
801780.SI,20250619,0.59
801780.SI,20250620,0.6
801780.SI,20250623,0.61
801780.SI,20250624,0.61
801780.SI,20250625,0.63
801780.SI,20250626,0.63
801780.SI,20250627,0.62
801780.SI,20250630,0.62
801780.SI,20250701,0.63
801780.SI,20250702,0.63
801780.SI,20250703,0.63
801780.SI,20250704,0.64
801780.SI,20250707,0.65
801780.SI,20250708,0.64
801780.SI,20250709,0.65
801780.SI,20250710,0.65
801780.SI,20250711,0.64
801780.SI,20250714,0.64
801780.SI,20250715,0.63
801780.SI,20250716,0.63
801780.SI,20250717,0.63
801780.SI,20250718,0.63
801780.SI,20250721,0.62
801780.SI,20250722,0.62
801780.SI,20250723,0.62
801780.SI,20250724,0.61
801780.SI,20250725,0.61
801780.SI,20250728,0.61
801780.SI,20250729,0.6
801780.SI,20250730,0.61
801780.SI,20250731,0.61
801780.SI,20250801,0.61
801780.SI,20250804,0.61
801780.SI,20250805,0.62
801780.SI,20250806,0.62
801780.SI,20250807,0.62
801780.SI,20250808,0.62
801780.SI,20250811,0.62
801780.SI,20250812,0.62
801780.SI,20250813,0.61
801780.SI,20250814,0.61
801780.SI,20250815,0.6
801780.SI,20250818,0.6
801780.SI,20250819,0.61
801780.SI,20250820,0.61
801780.SI,20250821,0.61
801780.SI,20250822,0.61
801780.SI,20250825,0.61
801780.SI,20250826,0.61
801780.SI,20250827,0.6
801780.SI,20250828,0.6
801780.SI,20250829,0.58
801780.SI,20250901,0.55
801780.SI,20250902,0.56
801780.SI,20250903,0.56
801780.SI,20250904,0.56
801780.SI,20250905,0.56
801780.SI,20250908,0.55
801780.SI,20250909,0.56
801780.SI,20250910,0.56
801780.SI,20250911,0.56
801780.SI,20250912,0.55
801780.SI,20250915,0.55
801780.SI,20250916,0.54
801780.SI,20250917,0.54
801780.SI,20250918,0.53
801780.SI,20250919,0.53
801780.SI,20250922,0.53
801780.SI,20250923,0.53
801780.SI,20250924,0.53
801780.SI,20250925,0.53
801780.SI,20250926,0.53
801780.SI,20250929,0.53
801780.SI,20250930,0.52
801780.SI,20251009,0.52
801780.SI,20251010,0.52
801780.SI,20251013,0.53
801780.SI,20251014,0.55
801780.SI,20251015,0.55
801780.SI,20251016,0.56
801780.SI,20251017,0.55
801780.SI,20251020,0.55
801780.SI,20251021,0.56
801780.SI,20251022,0.56
801780.SI,20251023,0.56
801780.SI,20251024,0.56
801780.SI,20251027,0.56
801780.SI,20251028,0.56
801780.SI,20251029,0.55
801780.SI,20251030,0.55
801780.SI,20251031,0.54
801780.SI,20251103,0.55
801780.SI,20251104,0.56
801780.SI,20251105,0.56
801780.SI,20251106,0.56
801780.SI,20251107,0.55
801780.SI,20251110,0.56
801780.SI,20251111,0.56
801780.SI,20251112,0.56
801780.SI,20251113,0.56
801780.SI,20251114,0.56
801780.SI,20251117,0.56
801780.SI,20251118,0.55
801780.SI,20251119,0.56
801780.SI,20251120,0.56
801780.SI,20251121,0.56
801780.SI,20251124,0.55
801780.SI,20251125,0.56
801780.SI,20251126,0.56
801780.SI,20251127,0.56
801780.SI,20251128,0.56
801780.SI,20251201,0.56
801780.SI,20251202,0.56
801780.SI,20251203,0.55
801780.SI,20251204,0.55
801780.SI,20251205,0.55
801780.SI,20251208,0.55
801780.SI,20251209,0.55
801780.SI,20251210,0.54
801780.SI,20251211,0.54
801780.SI,20251212,0.54
801780.SI,20251215,0.54
801780.SI,20251216,0.54
801780.SI,20251217,0.54
801780.SI,20251218,0.55
801780.SI,20251219,0.54
801780.SI,20251222,0.54
801780.SI,20251223,0.54
801780.SI,20251224,0.54
801780.SI,20251225,0.54
801780.SI,20251226,0.54
801780.SI,20251229,0.54
801780.SI,20251230,0.54
801780.SI,20251231,0.54
801790.SI,20221010,1.05
801790.SI,20221011,1.06
801790.SI,20221012,1.08
801790.SI,20221013,1.08
801790.SI,20221014,1.09
801790.SI,20221017,1.1
801790.SI,20221018,1.09
801790.SI,20221019,1.08
801790.SI,20221020,1.07
801790.SI,20221021,1.07
801790.SI,20221024,1.04
801790.SI,20221025,1.03
801790.SI,20221026,1.03
801790.SI,20221027,1.04
801790.SI,20221028,1.01
801790.SI,20221031,1.0
801790.SI,20221101,1.03
801790.SI,20221102,1.03
801790.SI,20221103,1.02
801790.SI,20221104,1.05
801790.SI,20221107,1.06
801790.SI,20221108,1.05
801790.SI,20221109,1.05
801790.SI,20221110,1.05
801790.SI,20221111,1.09
801790.SI,20221114,1.1
801790.SI,20221115,1.13
801790.SI,20221116,1.12
801790.SI,20221117,1.13
801790.SI,20221118,1.11
801790.SI,20221121,1.09
801790.SI,20221122,1.1
801790.SI,20221123,1.1
801790.SI,20221124,1.1
801790.SI,20221125,1.11
801790.SI,20221128,1.09
801790.SI,20221129,1.15
801790.SI,20221130,1.15
801790.SI,20221201,1.15
801790.SI,20221202,1.14
801790.SI,20221205,1.19
801790.SI,20221206,1.19
801790.SI,20221207,1.18
801790.SI,20221208,1.18
801790.SI,20221209,1.19
801790.SI,20221212,1.16
801790.SI,20221213,1.16
801790.SI,20221214,1.17
801790.SI,20221215,1.16
801790.SI,20221216,1.16
801790.SI,20221219,1.13
801790.SI,20221220,1.12
801790.SI,20221221,1.12
801790.SI,20221222,1.12
801790.SI,20221223,1.12
801790.SI,20221226,1.11
801790.SI,20221227,1.13
801790.SI,20221228,1.13
801790.SI,20221229,1.13
801790.SI,20221230,1.14
801790.SI,20230103,1.14
801790.SI,20230104,1.15
801790.SI,20230105,1.17
801790.SI,20230106,1.17
801790.SI,20230109,1.19
801790.SI,20230110,1.18
801790.SI,20230111,1.18
801790.SI,20230112,1.19
801790.SI,20230113,1.22
801790.SI,20230116,1.25
801790.SI,20230117,1.25
801790.SI,20230118,1.25
801790.SI,20230119,1.27
801790.SI,20230120,1.26
801790.SI,20230130,1.25
801790.SI,20230131,1.24
801790.SI,20230201,1.27
801790.SI,20230202,1.25
801790.SI,20230203,1.24
801790.SI,20230206,1.21
801790.SI,20230207,1.22
801790.SI,20230208,1.21
801790.SI,20230209,1.23
801790.SI,20230210,1.22
801790.SI,20230213,1.23
801790.SI,20230214,1.23
801790.SI,20230215,1.22
801790.SI,20230216,1.21
801790.SI,20230217,1.2
801790.SI,20230220,1.24
801790.SI,20230221,1.24
801790.SI,20230222,1.23
801790.SI,20230223,1.23
801790.SI,20230224,1.21
801790.SI,20230227,1.2
801790.SI,20230228,1.21
801790.SI,20230301,1.24
801790.SI,20230302,1.24
801790.SI,20230303,1.24
801790.SI,20230306,1.22
801790.SI,20230307,1.2
801790.SI,20230308,1.19
801790.SI,20230309,1.18
801790.SI,20230310,1.17
801790.SI,20230313,1.18
801790.SI,20230314,1.16
801790.SI,20230315,1.17
801790.SI,20230316,1.15
801790.SI,20230317,1.17
801790.SI,20230320,1.16
801790.SI,20230321,1.17
801790.SI,20230322,1.16
801790.SI,20230323,1.18
801790.SI,20230324,1.18
801790.SI,20230327,1.17
801790.SI,20230328,1.17
801790.SI,20230329,1.16
801790.SI,20230330,1.16
801790.SI,20230331,1.16
801790.SI,20230403,1.19
801790.SI,20230404,1.2
801790.SI,20230406,1.18
801790.SI,20230407,1.2
801790.SI,20230410,1.19
801790.SI,20230411,1.2
801790.SI,20230412,1.2
801790.SI,20230413,1.19
801790.SI,20230414,1.19
801790.SI,20230417,1.23
801790.SI,20230418,1.23
801790.SI,20230419,1.22
801790.SI,20230420,1.22
801790.SI,20230421,1.18
801790.SI,20230424,1.16
801790.SI,20230425,1.16
801790.SI,20230426,1.15
801790.SI,20230427,1.17
801790.SI,20230428,1.19
801790.SI,20230504,1.21
801790.SI,20230505,1.22
801790.SI,20230508,1.25
801790.SI,20230509,1.25
801790.SI,20230510,1.22
801790.SI,20230511,1.22
801790.SI,20230512,1.2
801790.SI,20230515,1.23
801790.SI,20230516,1.22
801790.SI,20230517,1.2
801790.SI,20230518,1.2
801790.SI,20230519,1.18
801790.SI,20230522,1.18
801790.SI,20230523,1.16
801790.SI,20230524,1.14
801790.SI,20230525,1.14
801790.SI,20230526,1.14
801790.SI,20230529,1.13
801790.SI,20230530,1.13
801790.SI,20230531,1.12
801790.SI,20230601,1.13
801790.SI,20230602,1.14
801790.SI,20230605,1.13
801790.SI,20230606,1.12
801790.SI,20230607,1.13
801790.SI,20230608,1.14
801790.SI,20230609,1.14
801790.SI,20230612,1.13
801790.SI,20230613,1.14
801790.SI,20230614,1.13
801790.SI,20230615,1.14
801790.SI,20230616,1.14
801790.SI,20230619,1.13
801790.SI,20230620,1.12
801790.SI,20230621,1.1
801790.SI,20230626,1.06
801790.SI,20230627,1.08
801790.SI,20230628,1.08
801790.SI,20230629,1.07
801790.SI,20230630,1.08
801790.SI,20230703,1.11
801790.SI,20230704,1.11
801790.SI,20230705,1.1
801790.SI,20230706,1.1
801790.SI,20230707,1.1
801790.SI,20230710,1.1
801790.SI,20230711,1.11
801790.SI,20230712,1.1
801790.SI,20230713,1.12
801790.SI,20230714,1.12
801790.SI,20230717,1.11
801790.SI,20230718,1.11
801790.SI,20230719,1.12
801790.SI,20230720,1.11
801790.SI,20230721,1.1
801790.SI,20230724,1.1
801790.SI,20230725,1.16
801790.SI,20230726,1.16
801790.SI,20230727,1.16
801790.SI,20230728,1.23
801790.SI,20230731,1.24
801790.SI,20230801,1.23
801790.SI,20230802,1.24
801790.SI,20230803,1.28
801790.SI,20230804,1.29
801790.SI,20230807,1.29
801790.SI,20230808,1.28
801790.SI,20230809,1.27
801790.SI,20230810,1.29
801790.SI,20230811,1.24
801790.SI,20230814,1.22
801790.SI,20230815,1.24
801790.SI,20230816,1.24
801790.SI,20230817,1.23
801790.SI,20230818,1.22
801790.SI,20230821,1.18
801790.SI,20230822,1.2
801790.SI,20230823,1.17
801790.SI,20230824,1.18
801790.SI,20230825,1.19
801790.SI,20230828,1.22
801790.SI,20230829,1.21
801790.SI,20230830,1.19
801790.SI,20230831,1.17
801790.SI,20230901,1.18
801790.SI,20230904,1.2
801790.SI,20230905,1.18
801790.SI,20230906,1.18
801790.SI,20230907,1.17
801790.SI,20230908,1.18
801790.SI,20230911,1.19
801790.SI,20230912,1.18
801790.SI,20230913,1.17
801790.SI,20230914,1.17
801790.SI,20230915,1.16
801790.SI,20230918,1.17
801790.SI,20230919,1.17
801790.SI,20230920,1.16
801790.SI,20230921,1.15
801790.SI,20230922,1.19
801790.SI,20230925,1.16
801790.SI,20230926,1.16
801790.SI,20230927,1.16
801790.SI,20230928,1.15
801790.SI,20231009,1.14
801790.SI,20231010,1.14
801790.SI,20231011,1.14
801790.SI,20231012,1.15
801790.SI,20231013,1.14
801790.SI,20231016,1.14
801790.SI,20231017,1.15
801790.SI,20231018,1.15
801790.SI,20231019,1.13
801790.SI,20231020,1.13
801790.SI,20231023,1.11
801790.SI,20231024,1.14
801790.SI,20231025,1.13
801790.SI,20231026,1.13
801790.SI,20231027,1.13
801790.SI,20231030,1.13
801790.SI,20231031,1.12
801790.SI,20231101,1.12
801790.SI,20231102,1.11
801790.SI,20231103,1.12
801790.SI,20231106,1.16
801790.SI,20231107,1.16
801790.SI,20231108,1.14
801790.SI,20231109,1.13
801790.SI,20231110,1.12
801790.SI,20231113,1.12
801790.SI,20231114,1.13
801790.SI,20231115,1.14
801790.SI,20231116,1.13
801790.SI,20231117,1.13
801790.SI,20231120,1.13
801790.SI,20231121,1.13
801790.SI,20231122,1.12
801790.SI,20231123,1.13
801790.SI,20231124,1.11
801790.SI,20231127,1.1
801790.SI,20231128,1.1
801790.SI,20231129,1.08
801790.SI,20231130,1.09
801790.SI,20231201,1.09
801790.SI,20231204,1.09
801790.SI,20231205,1.07
801790.SI,20231206,1.07
801790.SI,20231207,1.07
801790.SI,20231208,1.06
801790.SI,20231211,1.08
801790.SI,20231212,1.08
801790.SI,20231213,1.07
801790.SI,20231214,1.06
801790.SI,20231215,1.06
801790.SI,20231218,1.06
801790.SI,20231219,1.06
801790.SI,20231220,1.03
801790.SI,20231221,1.03
801790.SI,20231222,1.03
801790.SI,20231225,1.03
801790.SI,20231226,1.02
801790.SI,20231227,1.03
801790.SI,20231228,1.05
801790.SI,20231229,1.05
801790.SI,20240102,1.04
801790.SI,20240103,1.04
801790.SI,20240104,1.03
801790.SI,20240105,1.03
801790.SI,20240108,1.01
801790.SI,20240109,1.0
801790.SI,20240110,1.0
801790.SI,20240111,1.01
801790.SI,20240112,1.0
801790.SI,20240115,1.0
801790.SI,20240116,1.01
801790.SI,20240117,0.99
801790.SI,20240118,1.0
801790.SI,20240119,1.0
801790.SI,20240122,0.98
801790.SI,20240123,0.99
801790.SI,20240124,1.03
801790.SI,20240125,1.05
801790.SI,20240126,1.06
801790.SI,20240129,1.04
801790.SI,20240130,1.02
801790.SI,20240131,1.02
801790.SI,20240201,1.01
801790.SI,20240202,0.99
801790.SI,20240205,0.98
801790.SI,20240206,1.03
801790.SI,20240207,1.04
801790.SI,20240208,1.05
801790.SI,20240219,1.05
801790.SI,20240220,1.05
801790.SI,20240221,1.07
801790.SI,20240222,1.08
801790.SI,20240223,1.08
801790.SI,20240226,1.07
801790.SI,20240227,1.08
801790.SI,20240228,1.07
801790.SI,20240229,1.09
801790.SI,20240301,1.09
801790.SI,20240304,1.07
801790.SI,20240305,1.07
801790.SI,20240306,1.07
801790.SI,20240307,1.06
801790.SI,20240308,1.06
801790.SI,20240311,1.08
801790.SI,20240312,1.08
801790.SI,20240313,1.06
801790.SI,20240314,1.06
801790.SI,20240315,1.06
801790.SI,20240318,1.08
801790.SI,20240319,1.06
801790.SI,20240320,1.06
801790.SI,20240321,1.07
801790.SI,20240322,1.04
801790.SI,20240325,1.02
801790.SI,20240326,1.03
801790.SI,20240327,1.01
801790.SI,20240328,1.01
801790.SI,20240329,1.01
801790.SI,20240401,1.03
801790.SI,20240402,1.02
801790.SI,20240403,1.01
801790.SI,20240408,1.0
801790.SI,20240409,1.0
801790.SI,20240410,0.98
801790.SI,20240411,0.98
801790.SI,20240412,0.95
801790.SI,20240415,0.97
801790.SI,20240416,0.96
801790.SI,20240417,0.98
801790.SI,20240418,0.99
801790.SI,20240419,0.98
801790.SI,20240422,0.99
801790.SI,20240423,0.98
801790.SI,20240424,0.99
801790.SI,20240425,0.99
801790.SI,20240426,1.03
801790.SI,20240429,1.04
801790.SI,20240430,1.02
801790.SI,20240506,1.03
801790.SI,20240507,1.03
801790.SI,20240508,1.01
801790.SI,20240509,1.02
801790.SI,20240510,1.03
801790.SI,20240513,1.03
801790.SI,20240514,1.04
801790.SI,20240515,1.01
801790.SI,20240516,1.02
801790.SI,20240517,1.05
801790.SI,20240520,1.05
801790.SI,20240521,1.04
801790.SI,20240522,1.05
801790.SI,20240523,1.03
801790.SI,20240524,1.01
801790.SI,20240527,1.02
801790.SI,20240528,1.01
801790.SI,20240529,1.01
801790.SI,20240530,1.0
801790.SI,20240531,1.0
801790.SI,20240603,1.0
801790.SI,20240604,1.0
801790.SI,20240605,1.0
801790.SI,20240606,0.98
801790.SI,20240607,0.98
801790.SI,20240611,0.98
801790.SI,20240612,0.97
801790.SI,20240613,0.97
801790.SI,20240614,0.99
801790.SI,20240617,0.99
801790.SI,20240618,0.99
801790.SI,20240619,0.99
801790.SI,20240620,0.98
801790.SI,20240621,0.98
801790.SI,20240624,0.97
801790.SI,20240625,0.96
801790.SI,20240626,0.97
801790.SI,20240627,0.96
801790.SI,20240628,0.94
801790.SI,20240701,0.95
801790.SI,20240702,0.95
801790.SI,20240703,0.95
801790.SI,20240704,0.93
801790.SI,20240705,0.93
801790.SI,20240708,0.91
801790.SI,20240709,0.93
801790.SI,20240710,0.93
801790.SI,20240711,0.94
801790.SI,20240712,0.94
801790.SI,20240715,0.94
801790.SI,20240716,0.94
801790.SI,20240717,0.95
801790.SI,20240718,0.96
801790.SI,20240719,0.97
801790.SI,20240722,0.97
801790.SI,20240723,0.95
801790.SI,20240724,0.94
801790.SI,20240725,0.95
801790.SI,20240726,0.95
801790.SI,20240729,0.95
801790.SI,20240730,0.95
801790.SI,20240731,1.0
801790.SI,20240801,0.99
801790.SI,20240802,0.97
801790.SI,20240805,0.97
801790.SI,20240806,0.96
801790.SI,20240807,0.96
801790.SI,20240808,0.96
801790.SI,20240809,0.95
801790.SI,20240812,0.95
801790.SI,20240813,0.96
801790.SI,20240814,0.95
801790.SI,20240815,0.97
801790.SI,20240816,0.96
801790.SI,20240819,0.97
801790.SI,20240820,0.96
801790.SI,20240821,0.96
801790.SI,20240822,0.94
801790.SI,20240823,0.95
801790.SI,20240826,0.95
801790.SI,20240827,0.94
801790.SI,20240828,0.94
801790.SI,20240829,0.94
801790.SI,20240830,0.97
801790.SI,20240902,0.95
801790.SI,20240903,0.95
801790.SI,20240904,0.95
801790.SI,20240905,0.96
801790.SI,20240906,0.96
801790.SI,20240909,0.96
801790.SI,20240910,0.96
801790.SI,20240911,0.95
801790.SI,20240912,0.95
801790.SI,20240913,0.96
801790.SI,20240918,0.96
801790.SI,20240919,0.98
801790.SI,20240920,0.98
801790.SI,20240923,0.98
801790.SI,20240924,1.04
801790.SI,20240925,1.07
801790.SI,20240926,1.13
801790.SI,20240927,1.21
801790.SI,20240930,1.33
801790.SI,20241008,1.46
801790.SI,20241009,1.38
801790.SI,20241010,1.34
801790.SI,20241011,1.32
801790.SI,20241014,1.34
801790.SI,20241015,1.3
801790.SI,20241016,1.3
801790.SI,20241017,1.29
801790.SI,20241018,1.36
801790.SI,20241021,1.34
801790.SI,20241022,1.36
801790.SI,20241023,1.36
801790.SI,20241024,1.36
801790.SI,20241025,1.36
801790.SI,20241028,1.36
801790.SI,20241029,1.35
801790.SI,20241030,1.34
801790.SI,20241031,1.37
801790.SI,20241101,1.34
801790.SI,20241104,1.38
801790.SI,20241105,1.45
801790.SI,20241106,1.44
801790.SI,20241107,1.54
801790.SI,20241108,1.5
801790.SI,20241111,1.5
801790.SI,20241112,1.46
801790.SI,20241113,1.46
801790.SI,20241114,1.44
801790.SI,20241115,1.39
801790.SI,20241118,1.37
801790.SI,20241119,1.39
801790.SI,20241120,1.39
801790.SI,20241121,1.4
801790.SI,20241122,1.34
801790.SI,20241125,1.32
801790.SI,20241126,1.33
801790.SI,20241127,1.35
801790.SI,20241128,1.34
801790.SI,20241129,1.37
801790.SI,20241202,1.39
801790.SI,20241203,1.39
801790.SI,20241204,1.38
801790.SI,20241205,1.39
801790.SI,20241206,1.41
801790.SI,20241209,1.4
801790.SI,20241210,1.41
801790.SI,20241211,1.4
801790.SI,20241212,1.42
801790.SI,20241213,1.38
801790.SI,20241216,1.36
801790.SI,20241217,1.36
801790.SI,20241218,1.36
801790.SI,20241219,1.35
801790.SI,20241220,1.35
801790.SI,20241223,1.34
801790.SI,20241224,1.37
801790.SI,20241225,1.36
801790.SI,20241226,1.36
801790.SI,20241227,1.37
801790.SI,20241230,1.38
801790.SI,20241231,1.33
801790.SI,20250102,1.26
801790.SI,20250103,1.23
801790.SI,20250106,1.23
801790.SI,20250107,1.24
801790.SI,20250108,1.23
801790.SI,20250109,1.22
801790.SI,20250110,1.2
801790.SI,20250113,1.2
801790.SI,20250114,1.25
801790.SI,20250115,1.24
801790.SI,20250116,1.24
801790.SI,20250117,1.24
801790.SI,20250120,1.25
801790.SI,20250121,1.25
801790.SI,20250122,1.24
801790.SI,20250123,1.26
801790.SI,20250124,1.27
801790.SI,20250127,1.25
801790.SI,20250205,1.24
801790.SI,20250206,1.26
801790.SI,20250207,1.28
801790.SI,20250210,1.29
801790.SI,20250211,1.28
801790.SI,20250212,1.3
801790.SI,20250213,1.29
801790.SI,20250214,1.3
801790.SI,20250217,1.3
801790.SI,20250218,1.27
801790.SI,20250219,1.29
801790.SI,20250220,1.28
801790.SI,20250221,1.3
801790.SI,20250224,1.3
801790.SI,20250225,1.28
801790.SI,20250226,1.32
801790.SI,20250227,1.32
801790.SI,20250228,1.28
801790.SI,20250303,1.28
801790.SI,20250304,1.28
801790.SI,20250305,1.28
801790.SI,20250306,1.31
801790.SI,20250307,1.3
801790.SI,20250310,1.28
801790.SI,20250311,1.29
801790.SI,20250312,1.29
801790.SI,20250313,1.28
801790.SI,20250314,1.34
801790.SI,20250317,1.34
801790.SI,20250318,1.36
801790.SI,20250319,1.36
801790.SI,20250320,1.33
801790.SI,20250321,1.31
801790.SI,20250324,1.31
801790.SI,20250325,1.31
801790.SI,20250326,1.3
801790.SI,20250327,1.3
801790.SI,20250328,1.3
801790.SI,20250331,1.28
801790.SI,20250401,1.27
801790.SI,20250402,1.28
801790.SI,20250403,1.28
801790.SI,20250407,1.16
801790.SI,20250408,1.18
801790.SI,20250409,1.19
801790.SI,20250410,1.21
801790.SI,20250411,1.21
801790.SI,20250414,1.21
801790.SI,20250415,1.21
801790.SI,20250416,1.21
801790.SI,20250417,1.21
801790.SI,20250418,1.22
801790.SI,20250421,1.22
801790.SI,20250422,1.22
801790.SI,20250423,1.23
801790.SI,20250424,1.22
801790.SI,20250425,1.23
801790.SI,20250428,1.22
801790.SI,20250429,1.21
801790.SI,20250430,1.15
801790.SI,20250506,1.17
801790.SI,20250507,1.18
801790.SI,20250508,1.18
801790.SI,20250509,1.19
801790.SI,20250512,1.21
801790.SI,20250513,1.2
801790.SI,20250514,1.25
801790.SI,20250515,1.23
801790.SI,20250516,1.21
801790.SI,20250519,1.21
801790.SI,20250520,1.22
801790.SI,20250521,1.22
801790.SI,20250522,1.21
801790.SI,20250523,1.2
801790.SI,20250526,1.2
801790.SI,20250527,1.2
801790.SI,20250528,1.19
801790.SI,20250529,1.21
801790.SI,20250530,1.2
801790.SI,20250603,1.21
801790.SI,20250604,1.22
801790.SI,20250605,1.23
801790.SI,20250606,1.22
801790.SI,20250609,1.24
801790.SI,20250610,1.22
801790.SI,20250611,1.25
801790.SI,20250612,1.25
801790.SI,20250613,1.24
801790.SI,20250616,1.25
801790.SI,20250617,1.25
801790.SI,20250618,1.24
801790.SI,20250619,1.22
801790.SI,20250620,1.22
801790.SI,20250623,1.24
801790.SI,20250624,1.27
801790.SI,20250625,1.33
801790.SI,20250626,1.31
801790.SI,20250627,1.31
801790.SI,20250630,1.31
801790.SI,20250701,1.3
801790.SI,20250702,1.3
801790.SI,20250703,1.3
801790.SI,20250704,1.31
801790.SI,20250707,1.31
801790.SI,20250708,1.32
801790.SI,20250709,1.32
801790.SI,20250710,1.33
801790.SI,20250711,1.36
801790.SI,20250714,1.35
801790.SI,20250715,1.34
801790.SI,20250716,1.33
801790.SI,20250717,1.34
801790.SI,20250718,1.34
801790.SI,20250721,1.35
801790.SI,20250722,1.35
801790.SI,20250723,1.37
801790.SI,20250724,1.4
801790.SI,20250725,1.39
801790.SI,20250728,1.41
801790.SI,20250729,1.41
801790.SI,20250730,1.4
801790.SI,20250731,1.37
801790.SI,20250801,1.36
801790.SI,20250804,1.36
801790.SI,20250805,1.38
801790.SI,20250806,1.38
801790.SI,20250807,1.38
801790.SI,20250808,1.37
801790.SI,20250811,1.38
801790.SI,20250812,1.39
801790.SI,20250813,1.4
801790.SI,20250814,1.41
801790.SI,20250815,1.45
801790.SI,20250818,1.46
801790.SI,20250819,1.44
801790.SI,20250820,1.46
801790.SI,20250821,1.45
801790.SI,20250822,1.49
801790.SI,20250825,1.51
801790.SI,20250826,1.49
801790.SI,20250827,1.44
801790.SI,20250828,1.46
801790.SI,20250829,1.46
801790.SI,20250901,1.43
801790.SI,20250902,1.42
801790.SI,20250903,1.38
801790.SI,20250904,1.37
801790.SI,20250905,1.38
801790.SI,20250908,1.37
801790.SI,20250909,1.37
801790.SI,20250910,1.37
801790.SI,20250911,1.4
801790.SI,20250912,1.38
801790.SI,20250915,1.38
801790.SI,20250916,1.38
801790.SI,20250917,1.38
801790.SI,20250918,1.35
801790.SI,20250919,1.33
801790.SI,20250922,1.34
801790.SI,20250923,1.33
801790.SI,20250924,1.34
801790.SI,20250925,1.34
801790.SI,20250926,1.33
801790.SI,20250929,1.39
801790.SI,20250930,1.37
801790.SI,20251009,1.37
801790.SI,20251010,1.38
801790.SI,20251013,1.36
801790.SI,20251014,1.37
801790.SI,20251015,1.39
801790.SI,20251016,1.39
801790.SI,20251017,1.36
801790.SI,20251020,1.37
801790.SI,20251021,1.38
801790.SI,20251022,1.38
801790.SI,20251023,1.39
801790.SI,20251024,1.4
801790.SI,20251027,1.41
801790.SI,20251028,1.4
801790.SI,20251029,1.41
801790.SI,20251030,1.38
801790.SI,20251031,1.34
801790.SI,20251103,1.34
801790.SI,20251104,1.34
801790.SI,20251105,1.33
801790.SI,20251106,1.35
801790.SI,20251107,1.34
801790.SI,20251110,1.36
801790.SI,20251111,1.34
801790.SI,20251112,1.34
801790.SI,20251113,1.36
801790.SI,20251114,1.34
801790.SI,20251117,1.33
801790.SI,20251118,1.33
801790.SI,20251119,1.33
801790.SI,20251120,1.33
801790.SI,20251121,1.28
801790.SI,20251124,1.28
801790.SI,20251125,1.29
801790.SI,20251126,1.29
801790.SI,20251127,1.29
801790.SI,20251128,1.29
801790.SI,20251201,1.29
801790.SI,20251202,1.29
801790.SI,20251203,1.27
801790.SI,20251204,1.28
801790.SI,20251205,1.32
801790.SI,20251208,1.35
801790.SI,20251209,1.33
801790.SI,20251210,1.33
801790.SI,20251211,1.32
801790.SI,20251212,1.33
801790.SI,20251215,1.36
801790.SI,20251216,1.35
801790.SI,20251217,1.37
801790.SI,20251218,1.37
801790.SI,20251219,1.37
801790.SI,20251222,1.37
801790.SI,20251223,1.38
801790.SI,20251224,1.38
801790.SI,20251225,1.4
801790.SI,20251226,1.4
801790.SI,20251229,1.39
801790.SI,20251230,1.38
801790.SI,20251231,1.38
801880.SI,20221010,2.05
801880.SI,20221011,2.08
801880.SI,20221012,2.16
801880.SI,20221013,2.16
801880.SI,20221014,2.2
801880.SI,20221017,2.19
801880.SI,20221018,2.21
801880.SI,20221019,2.19
801880.SI,20221020,2.15
801880.SI,20221021,2.13
801880.SI,20221024,2.1
801880.SI,20221025,2.14
801880.SI,20221026,2.15
801880.SI,20221027,2.13
801880.SI,20221028,2.03
801880.SI,20221031,2.04
801880.SI,20221101,2.12
801880.SI,20221102,2.19
801880.SI,20221103,2.19
801880.SI,20221104,2.28
801880.SI,20221107,2.27
801880.SI,20221108,2.26
801880.SI,20221109,2.24
801880.SI,20221110,2.21
801880.SI,20221111,2.23
801880.SI,20221114,2.2
801880.SI,20221115,2.24
801880.SI,20221116,2.22
801880.SI,20221117,2.18
801880.SI,20221118,2.16
801880.SI,20221121,2.18
801880.SI,20221122,2.19
801880.SI,20221123,2.19
801880.SI,20221124,2.18
801880.SI,20221125,2.15
801880.SI,20221128,2.14
801880.SI,20221129,2.17
801880.SI,20221130,2.25
801880.SI,20221201,2.26
801880.SI,20221202,2.23
801880.SI,20221205,2.24
801880.SI,20221206,2.26
801880.SI,20221207,2.26
801880.SI,20221208,2.26
801880.SI,20221209,2.25
801880.SI,20221212,2.21
801880.SI,20221213,2.2
801880.SI,20221214,2.19
801880.SI,20221215,2.24
801880.SI,20221216,2.2
801880.SI,20221219,2.18
801880.SI,20221220,2.17
801880.SI,20221221,2.14
801880.SI,20221222,2.13
801880.SI,20221223,2.09
801880.SI,20221226,2.14
801880.SI,20221227,2.15
801880.SI,20221228,2.09
801880.SI,20221229,2.08
801880.SI,20221230,2.1
801880.SI,20230103,2.13
801880.SI,20230104,2.12
801880.SI,20230105,2.16
801880.SI,20230106,2.18
801880.SI,20230109,2.2
801880.SI,20230110,2.23
801880.SI,20230111,2.21
801880.SI,20230112,2.23
801880.SI,20230113,2.23
801880.SI,20230116,2.23
801880.SI,20230117,2.22
801880.SI,20230118,2.22
801880.SI,20230119,2.23
801880.SI,20230120,2.24
801880.SI,20230130,2.32
801880.SI,20230131,2.33
801880.SI,20230201,2.4
801880.SI,20230202,2.4
801880.SI,20230203,2.37
801880.SI,20230206,2.35
801880.SI,20230207,2.37
801880.SI,20230208,2.35
801880.SI,20230209,2.37
801880.SI,20230210,2.34
801880.SI,20230213,2.37
801880.SI,20230214,2.36
801880.SI,20230215,2.36
801880.SI,20230216,2.32
801880.SI,20230217,2.3
801880.SI,20230220,2.33
801880.SI,20230221,2.36
801880.SI,20230222,2.35
801880.SI,20230223,2.36
801880.SI,20230224,2.33
801880.SI,20230227,2.31
801880.SI,20230228,2.32
801880.SI,20230301,2.33
801880.SI,20230302,2.31
801880.SI,20230303,2.3
801880.SI,20230306,2.3
801880.SI,20230307,2.26
801880.SI,20230308,2.25
801880.SI,20230309,2.24
801880.SI,20230310,2.16
801880.SI,20230313,2.14
801880.SI,20230314,2.13
801880.SI,20230315,2.14
801880.SI,20230316,2.1
801880.SI,20230317,2.11
801880.SI,20230320,2.11
801880.SI,20230321,2.15
801880.SI,20230322,2.16
801880.SI,20230323,2.15
801880.SI,20230324,2.15
801880.SI,20230327,2.15
801880.SI,20230328,2.16
801880.SI,20230329,2.16
801880.SI,20230330,2.17
801880.SI,20230331,2.18
801880.SI,20230403,2.17
801880.SI,20230404,2.14
801880.SI,20230406,2.12
801880.SI,20230407,2.13
801880.SI,20230410,2.11
801880.SI,20230411,2.11
801880.SI,20230412,2.09
801880.SI,20230413,2.07
801880.SI,20230414,2.09
801880.SI,20230417,2.12
801880.SI,20230418,2.11
801880.SI,20230419,2.09
801880.SI,20230420,2.06
801880.SI,20230421,2.01
801880.SI,20230424,2.03
801880.SI,20230425,1.97
801880.SI,20230426,2.01
801880.SI,20230427,2.03
801880.SI,20230428,2.01
801880.SI,20230504,2.02
801880.SI,20230505,2.0
801880.SI,20230508,2.02
801880.SI,20230509,1.99
801880.SI,20230510,2.06
801880.SI,20230511,2.06
801880.SI,20230512,2.03
801880.SI,20230515,2.06
801880.SI,20230516,2.04
801880.SI,20230517,2.04
801880.SI,20230518,2.03
801880.SI,20230519,2.02
801880.SI,20230522,2.05
801880.SI,20230523,2.04
801880.SI,20230524,2.02
801880.SI,20230525,2.01
801880.SI,20230526,2.02
801880.SI,20230529,1.99
801880.SI,20230530,2.02
801880.SI,20230531,2.01
801880.SI,20230601,2.01
801880.SI,20230602,2.04
801880.SI,20230605,2.05
801880.SI,20230606,2.02
801880.SI,20230607,2.0
801880.SI,20230608,1.99
801880.SI,20230609,2.03
801880.SI,20230612,2.09
801880.SI,20230613,2.1
801880.SI,20230614,2.11
801880.SI,20230615,2.15
801880.SI,20230616,2.14
801880.SI,20230619,2.16
801880.SI,20230620,2.16
801880.SI,20230621,2.16
801880.SI,20230626,2.16
801880.SI,20230627,2.17
801880.SI,20230628,2.19
801880.SI,20230629,2.19
801880.SI,20230630,2.21
801880.SI,20230703,2.24
801880.SI,20230704,2.3
801880.SI,20230705,2.27
801880.SI,20230706,2.28
801880.SI,20230707,2.26
801880.SI,20230710,2.25
801880.SI,20230711,2.32
801880.SI,20230712,2.3
801880.SI,20230713,2.29
801880.SI,20230714,2.26
801880.SI,20230717,2.25
801880.SI,20230718,2.28
801880.SI,20230719,2.27
801880.SI,20230720,2.23
801880.SI,20230721,2.21
801880.SI,20230724,2.2
801880.SI,20230725,2.28
801880.SI,20230726,2.23
801880.SI,20230727,2.25
801880.SI,20230728,2.29
801880.SI,20230731,2.34
801880.SI,20230801,2.32
801880.SI,20230802,2.33
801880.SI,20230803,2.31
801880.SI,20230804,2.31
801880.SI,20230807,2.31
801880.SI,20230808,2.3
801880.SI,20230809,2.28
801880.SI,20230810,2.26
801880.SI,20230811,2.22
801880.SI,20230814,2.19
801880.SI,20230815,2.17
801880.SI,20230816,2.14
801880.SI,20230817,2.18
801880.SI,20230818,2.15
801880.SI,20230821,2.12
801880.SI,20230822,2.13
801880.SI,20230823,2.09
801880.SI,20230824,2.11
801880.SI,20230825,2.08
801880.SI,20230828,2.1
801880.SI,20230829,2.18
801880.SI,20230830,2.18
801880.SI,20230831,2.16
801880.SI,20230901,2.18
801880.SI,20230904,2.21
801880.SI,20230905,2.19
801880.SI,20230906,2.2
801880.SI,20230907,2.16
801880.SI,20230908,2.16
801880.SI,20230911,2.2
801880.SI,20230912,2.23
801880.SI,20230913,2.19
801880.SI,20230914,2.16
801880.SI,20230915,2.16
801880.SI,20230918,2.21
801880.SI,20230919,2.2
801880.SI,20230920,2.18
801880.SI,20230921,2.14
801880.SI,20230922,2.18
801880.SI,20230925,2.18
801880.SI,20230926,2.16
801880.SI,20230927,2.15
801880.SI,20230928,2.17
801880.SI,20231009,2.22
801880.SI,20231010,2.22
801880.SI,20231011,2.2
801880.SI,20231012,2.25
801880.SI,20231013,2.25
801880.SI,20231016,2.25
801880.SI,20231017,2.24
801880.SI,20231018,2.27
801880.SI,20231019,2.2
801880.SI,20231020,2.18
801880.SI,20231023,2.15
801880.SI,20231024,2.15
801880.SI,20231025,2.2
801880.SI,20231026,2.23
801880.SI,20231027,2.24
801880.SI,20231030,2.22
801880.SI,20231031,2.17
801880.SI,20231101,2.18
801880.SI,20231102,2.18
801880.SI,20231103,2.21
801880.SI,20231106,2.25
801880.SI,20231107,2.26
801880.SI,20231108,2.25
801880.SI,20231109,2.23
801880.SI,20231110,2.2
801880.SI,20231113,2.2
801880.SI,20231114,2.22
801880.SI,20231115,2.25
801880.SI,20231116,2.24
801880.SI,20231117,2.28
801880.SI,20231120,2.28
801880.SI,20231121,2.27
801880.SI,20231122,2.22
801880.SI,20231123,2.27
801880.SI,20231124,2.23
801880.SI,20231127,2.25
801880.SI,20231128,2.29
801880.SI,20231129,2.26
801880.SI,20231130,2.23
801880.SI,20231201,2.2
801880.SI,20231204,2.2
801880.SI,20231205,2.17
801880.SI,20231206,2.18
801880.SI,20231207,2.16
801880.SI,20231208,2.13
801880.SI,20231211,2.16
801880.SI,20231212,2.17
801880.SI,20231213,2.15
801880.SI,20231214,2.13
801880.SI,20231215,2.12
801880.SI,20231218,2.11
801880.SI,20231219,2.1
801880.SI,20231220,2.05
801880.SI,20231221,2.07
801880.SI,20231222,2.06
801880.SI,20231225,2.08
801880.SI,20231226,2.06
801880.SI,20231227,2.05
801880.SI,20231228,2.07
801880.SI,20231229,2.1
801880.SI,20240102,2.07
801880.SI,20240103,2.05
801880.SI,20240104,2.04
801880.SI,20240105,2.02
801880.SI,20240108,1.98
801880.SI,20240109,1.99
801880.SI,20240110,1.98
801880.SI,20240111,2.02
801880.SI,20240112,2.01
801880.SI,20240115,2.0
801880.SI,20240116,2.02
801880.SI,20240117,1.96
801880.SI,20240118,1.97
801880.SI,20240119,1.94
801880.SI,20240122,1.86
801880.SI,20240123,1.88
801880.SI,20240124,1.9
801880.SI,20240125,1.93
801880.SI,20240126,1.92
801880.SI,20240129,1.87
801880.SI,20240130,1.83
801880.SI,20240131,1.78
801880.SI,20240201,1.78
801880.SI,20240202,1.73
801880.SI,20240205,1.67
801880.SI,20240206,1.74
801880.SI,20240207,1.79
801880.SI,20240208,1.84
801880.SI,20240219,1.86
801880.SI,20240220,1.85
801880.SI,20240221,1.88
801880.SI,20240222,1.9
801880.SI,20240223,1.95
801880.SI,20240226,1.98
801880.SI,20240227,2.05
801880.SI,20240228,1.95
801880.SI,20240229,2.03
801880.SI,20240301,2.03
801880.SI,20240304,2.02
801880.SI,20240305,2.03
801880.SI,20240306,2.04
801880.SI,20240307,2.02
801880.SI,20240308,2.03
801880.SI,20240311,2.08
801880.SI,20240312,2.1
801880.SI,20240313,2.12
801880.SI,20240314,2.12
801880.SI,20240315,2.15
801880.SI,20240318,2.2
801880.SI,20240319,2.17
801880.SI,20240320,2.18
801880.SI,20240321,2.19
801880.SI,20240322,2.17
801880.SI,20240325,2.13
801880.SI,20240326,2.15
801880.SI,20240327,2.07
801880.SI,20240328,2.1
801880.SI,20240329,2.1
801880.SI,20240401,2.16
801880.SI,20240402,2.15
801880.SI,20240403,2.11
801880.SI,20240408,2.12
801880.SI,20240409,2.11
801880.SI,20240410,2.09
801880.SI,20240411,2.11
801880.SI,20240412,2.1
801880.SI,20240415,2.09
801880.SI,20240416,2.01
801880.SI,20240417,2.09
801880.SI,20240418,2.1
801880.SI,20240419,2.1
801880.SI,20240422,2.07
801880.SI,20240423,2.05
801880.SI,20240424,2.09
801880.SI,20240425,2.08
801880.SI,20240426,2.13
801880.SI,20240429,2.14
801880.SI,20240430,2.09
801880.SI,20240506,2.13
801880.SI,20240507,2.13
801880.SI,20240508,2.1
801880.SI,20240509,2.12
801880.SI,20240510,2.11
801880.SI,20240513,2.09
801880.SI,20240514,2.11
801880.SI,20240515,2.08
801880.SI,20240516,2.07
801880.SI,20240517,2.07
801880.SI,20240520,2.08
801880.SI,20240521,2.06
801880.SI,20240522,2.05
801880.SI,20240523,2.02
801880.SI,20240524,1.99
801880.SI,20240527,2.0
801880.SI,20240528,1.98
801880.SI,20240529,2.01
801880.SI,20240530,2.02
801880.SI,20240531,2.02
801880.SI,20240603,2.02
801880.SI,20240604,2.02
801880.SI,20240605,2.01
801880.SI,20240606,1.97
801880.SI,20240607,1.98
801880.SI,20240611,1.99
801880.SI,20240612,1.99
801880.SI,20240613,2.0
801880.SI,20240614,2.01
801880.SI,20240617,2.02
801880.SI,20240618,2.06
801880.SI,20240619,2.03
801880.SI,20240620,2.0
801880.SI,20240621,2.01
801880.SI,20240624,1.96
801880.SI,20240625,1.97
801880.SI,20240626,1.99
801880.SI,20240627,1.95
801880.SI,20240628,1.97
801880.SI,20240701,1.98
801880.SI,20240702,1.95
801880.SI,20240703,1.93
801880.SI,20240704,1.92
801880.SI,20240705,1.92
801880.SI,20240708,1.9
801880.SI,20240709,1.96
801880.SI,20240710,1.98
801880.SI,20240711,2.02
801880.SI,20240712,2.03
801880.SI,20240715,2.01
801880.SI,20240716,2.02
801880.SI,20240717,1.99
801880.SI,20240718,2.0
801880.SI,20240719,1.98
801880.SI,20240722,1.99
801880.SI,20240723,1.93
801880.SI,20240724,1.88
801880.SI,20240725,1.89
801880.SI,20240726,1.95
801880.SI,20240729,1.94
801880.SI,20240730,1.92
801880.SI,20240731,1.98
801880.SI,20240801,1.97
801880.SI,20240802,1.92
801880.SI,20240805,1.87
801880.SI,20240806,1.88
801880.SI,20240807,1.89
801880.SI,20240808,1.87
801880.SI,20240809,1.86
801880.SI,20240812,1.85
801880.SI,20240813,1.86
801880.SI,20240814,1.84
801880.SI,20240815,1.86
801880.SI,20240816,1.86
801880.SI,20240819,1.86
801880.SI,20240820,1.83
801880.SI,20240821,1.83
801880.SI,20240822,1.86
801880.SI,20240823,1.87
801880.SI,20240826,1.87
801880.SI,20240827,1.85
801880.SI,20240828,1.84
801880.SI,20240829,1.87
801880.SI,20240830,1.92
801880.SI,20240902,1.88
801880.SI,20240903,1.91
801880.SI,20240904,1.92
801880.SI,20240905,1.94
801880.SI,20240906,1.93
801880.SI,20240909,1.92
801880.SI,20240910,1.92
801880.SI,20240911,1.94
801880.SI,20240912,1.93
801880.SI,20240913,1.91
801880.SI,20240918,1.93
801880.SI,20240919,1.95
801880.SI,20240920,1.95
801880.SI,20240923,1.95
801880.SI,20240924,1.99
801880.SI,20240925,2.01
801880.SI,20240926,2.08
801880.SI,20240927,2.16
801880.SI,20240930,2.35
801880.SI,20241008,2.47
801880.SI,20241009,2.3
801880.SI,20241010,2.33
801880.SI,20241011,2.25
801880.SI,20241014,2.29
801880.SI,20241015,2.22
801880.SI,20241016,2.2
801880.SI,20241017,2.2
801880.SI,20241018,2.27
801880.SI,20241021,2.28
801880.SI,20241022,2.31
801880.SI,20241023,2.34
801880.SI,20241024,2.32
801880.SI,20241025,2.34
801880.SI,20241028,2.36
801880.SI,20241029,2.35
801880.SI,20241030,2.36
801880.SI,20241031,2.36
801880.SI,20241101,2.29
801880.SI,20241104,2.38
801880.SI,20241105,2.43
801880.SI,20241106,2.43
801880.SI,20241107,2.46
801880.SI,20241108,2.46
801880.SI,20241111,2.53
801880.SI,20241112,2.51
801880.SI,20241113,2.51
801880.SI,20241114,2.44
801880.SI,20241115,2.4
801880.SI,20241118,2.38
801880.SI,20241119,2.41
801880.SI,20241120,2.43
801880.SI,20241121,2.44
801880.SI,20241122,2.35
801880.SI,20241125,2.37
801880.SI,20241126,2.33
801880.SI,20241127,2.35
801880.SI,20241128,2.32
801880.SI,20241129,2.36
801880.SI,20241202,2.43
801880.SI,20241203,2.43
801880.SI,20241204,2.41
801880.SI,20241205,2.43
801880.SI,20241206,2.44
801880.SI,20241209,2.46
801880.SI,20241210,2.47
801880.SI,20241211,2.49
801880.SI,20241212,2.5
801880.SI,20241213,2.46
801880.SI,20241216,2.43
801880.SI,20241217,2.42
801880.SI,20241218,2.44
801880.SI,20241219,2.43
801880.SI,20241220,2.43
801880.SI,20241223,2.39
801880.SI,20241224,2.43
801880.SI,20241225,2.42
801880.SI,20241226,2.45
801880.SI,20241227,2.45
801880.SI,20241230,2.44
801880.SI,20241231,2.4
801880.SI,20250102,2.32
801880.SI,20250103,2.27
801880.SI,20250106,2.27
801880.SI,20250107,2.31
801880.SI,20250108,2.32
801880.SI,20250109,2.33
801880.SI,20250110,2.3
801880.SI,20250113,2.29
801880.SI,20250114,2.4
801880.SI,20250115,2.38
801880.SI,20250116,2.39
801880.SI,20250117,2.4
801880.SI,20250120,2.43
801880.SI,20250121,2.45
801880.SI,20250122,2.42
801880.SI,20250123,2.4
801880.SI,20250124,2.44
801880.SI,20250127,2.41
801880.SI,20250205,2.43
801880.SI,20250206,2.53
801880.SI,20250207,2.58
801880.SI,20250210,2.6
801880.SI,20250211,2.59
801880.SI,20250212,2.62
801880.SI,20250213,2.58
801880.SI,20250214,2.61
801880.SI,20250217,2.62
801880.SI,20250218,2.59
801880.SI,20250219,2.65
801880.SI,20250220,2.66
801880.SI,20250221,2.71
801880.SI,20250224,2.71
801880.SI,20250225,2.72
801880.SI,20250226,2.74
801880.SI,20250227,2.74
801880.SI,20250228,2.64
801880.SI,20250303,2.63
801880.SI,20250304,2.64
801880.SI,20250305,2.67
801880.SI,20250306,2.71
801880.SI,20250307,2.72
801880.SI,20250310,2.7
801880.SI,20250311,2.7
801880.SI,20250312,2.71
801880.SI,20250313,2.66
801880.SI,20250314,2.74
801880.SI,20250317,2.76
801880.SI,20250318,2.78
801880.SI,20250319,2.79
801880.SI,20250320,2.81
801880.SI,20250321,2.71
801880.SI,20250324,2.7
801880.SI,20250325,2.62
801880.SI,20250326,2.65
801880.SI,20250327,2.66
801880.SI,20250328,2.65
801880.SI,20250331,2.63
801880.SI,20250401,2.61
801880.SI,20250402,2.61
801880.SI,20250403,2.56
801880.SI,20250407,2.31
801880.SI,20250408,2.27
801880.SI,20250409,2.3
801880.SI,20250410,2.37
801880.SI,20250411,2.42
801880.SI,20250414,2.46
801880.SI,20250415,2.46
801880.SI,20250416,2.42
801880.SI,20250417,2.4
801880.SI,20250418,2.39
801880.SI,20250421,2.44
801880.SI,20250422,2.43
801880.SI,20250423,2.51
801880.SI,20250424,2.48
801880.SI,20250425,2.49
801880.SI,20250428,2.4
801880.SI,20250429,2.39
801880.SI,20250430,2.4
801880.SI,20250506,2.46
801880.SI,20250507,2.46
801880.SI,20250508,2.47
801880.SI,20250509,2.45
801880.SI,20250512,2.5
801880.SI,20250513,2.49
801880.SI,20250514,2.49
801880.SI,20250515,2.47
801880.SI,20250516,2.51
801880.SI,20250519,2.5
801880.SI,20250520,2.53
801880.SI,20250521,2.55
801880.SI,20250522,2.54
801880.SI,20250523,2.55
801880.SI,20250526,2.5
801880.SI,20250527,2.47
801880.SI,20250528,2.45
801880.SI,20250529,2.48
801880.SI,20250530,2.44
801880.SI,20250603,2.43
801880.SI,20250604,2.44
801880.SI,20250605,2.46
801880.SI,20250606,2.44
801880.SI,20250609,2.44
801880.SI,20250610,2.42
801880.SI,20250611,2.47
801880.SI,20250612,2.47
801880.SI,20250613,2.42
801880.SI,20250616,2.41
801880.SI,20250617,2.4
801880.SI,20250618,2.41
801880.SI,20250619,2.38
801880.SI,20250620,2.36
801880.SI,20250623,2.37
801880.SI,20250624,2.43
801880.SI,20250625,2.46
801880.SI,20250626,2.43
801880.SI,20250627,2.43
801880.SI,20250630,2.45
801880.SI,20250701,2.45
801880.SI,20250702,2.43
801880.SI,20250703,2.44
801880.SI,20250704,2.43
801880.SI,20250707,2.43
801880.SI,20250708,2.45
801880.SI,20250709,2.43
801880.SI,20250710,2.42
801880.SI,20250711,2.42
801880.SI,20250714,2.43
801880.SI,20250715,2.45
801880.SI,20250716,2.47
801880.SI,20250717,2.5
801880.SI,20250718,2.5
801880.SI,20250721,2.52
801880.SI,20250722,2.52
801880.SI,20250723,2.51
801880.SI,20250724,2.54
801880.SI,20250725,2.53
801880.SI,20250728,2.54
801880.SI,20250729,2.53
801880.SI,20250730,2.5
801880.SI,20250731,2.46
801880.SI,20250801,2.47
801880.SI,20250804,2.49
801880.SI,20250805,2.52
801880.SI,20250806,2.55
801880.SI,20250807,2.54
801880.SI,20250808,2.53
801880.SI,20250811,2.56
801880.SI,20250812,2.57
801880.SI,20250813,2.6
801880.SI,20250814,2.57
801880.SI,20250815,2.61
801880.SI,20250818,2.65
801880.SI,20250819,2.66
801880.SI,20250820,2.72
801880.SI,20250821,2.71
801880.SI,20250822,2.74
801880.SI,20250825,2.77
801880.SI,20250826,2.78
801880.SI,20250827,2.72
801880.SI,20250828,2.72
801880.SI,20250829,2.75
801880.SI,20250901,2.73
801880.SI,20250902,2.74
801880.SI,20250903,2.7
801880.SI,20250904,2.64
801880.SI,20250905,2.7
801880.SI,20250908,2.73
801880.SI,20250909,2.74
801880.SI,20250910,2.73
801880.SI,20250911,2.77
801880.SI,20250912,2.75
801880.SI,20250915,2.79
801880.SI,20250916,2.84
801880.SI,20250917,2.9
801880.SI,20250918,2.89
801880.SI,20250919,2.84
801880.SI,20250922,2.86
801880.SI,20250923,2.85
801880.SI,20250924,2.86
801880.SI,20250925,2.85
801880.SI,20250926,2.84
801880.SI,20250929,2.87
801880.SI,20250930,2.89
801880.SI,20251009,2.88
801880.SI,20251010,2.85
801880.SI,20251013,2.79
801880.SI,20251014,2.74
801880.SI,20251015,2.81
801880.SI,20251016,2.79
801880.SI,20251017,2.69
801880.SI,20251020,2.72
801880.SI,20251021,2.75
801880.SI,20251022,2.73
801880.SI,20251023,2.73
801880.SI,20251024,2.76
801880.SI,20251027,2.77
801880.SI,20251028,2.76
801880.SI,20251029,2.78
801880.SI,20251030,2.74
801880.SI,20251031,2.72
801880.SI,20251103,2.71
801880.SI,20251104,2.67
801880.SI,20251105,2.67
801880.SI,20251106,2.72
801880.SI,20251107,2.69
801880.SI,20251110,2.67
801880.SI,20251111,2.66
801880.SI,20251112,2.64
801880.SI,20251113,2.66
801880.SI,20251114,2.63
801880.SI,20251117,2.63
801880.SI,20251118,2.6
801880.SI,20251119,2.58
801880.SI,20251120,2.55
801880.SI,20251121,2.5
801880.SI,20251124,2.53
801880.SI,20251125,2.54
801880.SI,20251126,2.55
801880.SI,20251127,2.55
801880.SI,20251128,2.58
801880.SI,20251201,2.61
801880.SI,20251202,2.6
801880.SI,20251203,2.58
801880.SI,20251204,2.59
801880.SI,20251205,2.62
801880.SI,20251208,2.62
801880.SI,20251209,2.61
801880.SI,20251210,2.63
801880.SI,20251211,2.61
801880.SI,20251212,2.62
801880.SI,20251215,2.59
801880.SI,20251216,2.58
801880.SI,20251217,2.6
801880.SI,20251218,2.58
801880.SI,20251219,2.61
801880.SI,20251222,2.64
801880.SI,20251223,2.61
801880.SI,20251224,2.63
801880.SI,20251225,2.67
801880.SI,20251226,2.68
801880.SI,20251229,2.69
801880.SI,20251230,2.73
801880.SI,20251231,2.72
801890.SI,20221010,2.15
801890.SI,20221011,2.17
801890.SI,20221012,2.26
801890.SI,20221013,2.27
801890.SI,20221014,2.31
801890.SI,20221017,2.37
801890.SI,20221018,2.37
801890.SI,20221019,2.36
801890.SI,20221020,2.33
801890.SI,20221021,2.35
801890.SI,20221024,2.34
801890.SI,20221025,2.37
801890.SI,20221026,2.39
801890.SI,20221027,2.35
801890.SI,20221028,2.26
801890.SI,20221031,2.24
801890.SI,20221101,2.32
801890.SI,20221102,2.35
801890.SI,20221103,2.36
801890.SI,20221104,2.4
801890.SI,20221107,2.39
801890.SI,20221108,2.39
801890.SI,20221109,2.39
801890.SI,20221110,2.35
801890.SI,20221111,2.39
801890.SI,20221114,2.36
801890.SI,20221115,2.43
801890.SI,20221116,2.41
801890.SI,20221117,2.4
801890.SI,20221118,2.4
801890.SI,20221121,2.43
801890.SI,20221122,2.4
801890.SI,20221123,2.4
801890.SI,20221124,2.4
801890.SI,20221125,2.37
801890.SI,20221128,2.35
801890.SI,20221129,2.39
801890.SI,20221130,2.39
801890.SI,20221201,2.4
801890.SI,20221202,2.41
801890.SI,20221205,2.43
801890.SI,20221206,2.42
801890.SI,20221207,2.4
801890.SI,20221208,2.39
801890.SI,20221209,2.39
801890.SI,20221212,2.38
801890.SI,20221213,2.35
801890.SI,20221214,2.35
801890.SI,20221215,2.36
801890.SI,20221216,2.33
801890.SI,20221219,2.3
801890.SI,20221220,2.29
801890.SI,20221221,2.26
801890.SI,20221222,2.23
801890.SI,20221223,2.22
801890.SI,20221226,2.28
801890.SI,20221227,2.29
801890.SI,20221228,2.26
801890.SI,20221229,2.26
801890.SI,20221230,2.27
801890.SI,20230103,2.31
801890.SI,20230104,2.31
801890.SI,20230105,2.32
801890.SI,20230106,2.33
801890.SI,20230109,2.35
801890.SI,20230110,2.35
801890.SI,20230111,2.33
801890.SI,20230112,2.34
801890.SI,20230113,2.35
801890.SI,20230116,2.36
801890.SI,20230117,2.38
801890.SI,20230118,2.38
801890.SI,20230119,2.4
801890.SI,20230120,2.43
801890.SI,20230130,2.47
801890.SI,20230131,2.49
801890.SI,20230201,2.51
801890.SI,20230202,2.51
801890.SI,20230203,2.5
801890.SI,20230206,2.5
801890.SI,20230207,2.53
801890.SI,20230208,2.51
801890.SI,20230209,2.55
801890.SI,20230210,2.54
801890.SI,20230213,2.61
801890.SI,20230214,2.61
801890.SI,20230215,2.61
801890.SI,20230216,2.54
801890.SI,20230217,2.52
801890.SI,20230220,2.59
801890.SI,20230221,2.6
801890.SI,20230222,2.6
801890.SI,20230223,2.6
801890.SI,20230224,2.58
801890.SI,20230227,2.56
801890.SI,20230228,2.58
801890.SI,20230301,2.61
801890.SI,20230302,2.61
801890.SI,20230303,2.61
801890.SI,20230306,2.6
801890.SI,20230307,2.54
801890.SI,20230308,2.55
801890.SI,20230309,2.55
801890.SI,20230310,2.51
801890.SI,20230313,2.52
801890.SI,20230314,2.48
801890.SI,20230315,2.5
801890.SI,20230316,2.46
801890.SI,20230317,2.46
801890.SI,20230320,2.45
801890.SI,20230321,2.48
801890.SI,20230322,2.49
801890.SI,20230323,2.49
801890.SI,20230324,2.49
801890.SI,20230327,2.5
801890.SI,20230328,2.48
801890.SI,20230329,2.48
801890.SI,20230330,2.47
801890.SI,20230331,2.48
801890.SI,20230403,2.5
801890.SI,20230404,2.49
801890.SI,20230406,2.5
801890.SI,20230407,2.5
801890.SI,20230410,2.5
801890.SI,20230411,2.5
801890.SI,20230412,2.52
801890.SI,20230413,2.48
801890.SI,20230414,2.5
801890.SI,20230417,2.5
801890.SI,20230418,2.49
801890.SI,20230419,2.47
801890.SI,20230420,2.46
801890.SI,20230421,2.41
801890.SI,20230424,2.38
801890.SI,20230425,2.32
801890.SI,20230426,2.32
801890.SI,20230427,2.31
801890.SI,20230428,2.34
801890.SI,20230504,2.35
801890.SI,20230505,2.32
801890.SI,20230508,2.33
801890.SI,20230509,2.29
801890.SI,20230510,2.3
801890.SI,20230511,2.29
801890.SI,20230512,2.26
801890.SI,20230515,2.29
801890.SI,20230516,2.29
801890.SI,20230517,2.32
801890.SI,20230518,2.35
801890.SI,20230519,2.35
801890.SI,20230522,2.36
801890.SI,20230523,2.34
801890.SI,20230524,2.34
801890.SI,20230525,2.34
801890.SI,20230526,2.34
801890.SI,20230529,2.33
801890.SI,20230530,2.34
801890.SI,20230531,2.33
801890.SI,20230601,2.33
801890.SI,20230602,2.33
801890.SI,20230605,2.33
801890.SI,20230606,2.28
801890.SI,20230607,2.28
801890.SI,20230608,2.27
801890.SI,20230609,2.28
801890.SI,20230612,2.31
801890.SI,20230613,2.32
801890.SI,20230614,2.34
801890.SI,20230615,2.4
801890.SI,20230616,2.43
801890.SI,20230619,2.44
801890.SI,20230620,2.46
801890.SI,20230621,2.43
801890.SI,20230626,2.4
801890.SI,20230627,2.43
801890.SI,20230628,2.44
801890.SI,20230629,2.48
801890.SI,20230630,2.5
801890.SI,20230703,2.5
801890.SI,20230704,2.51
801890.SI,20230705,2.48
801890.SI,20230706,2.45
801890.SI,20230707,2.43
801890.SI,20230710,2.42
801890.SI,20230711,2.45
801890.SI,20230712,2.42
801890.SI,20230713,2.43
801890.SI,20230714,2.45
801890.SI,20230717,2.45
801890.SI,20230718,2.45
801890.SI,20230719,2.43
801890.SI,20230720,2.41
801890.SI,20230721,2.38
801890.SI,20230724,2.38
801890.SI,20230725,2.42
801890.SI,20230726,2.39
801890.SI,20230727,2.38
801890.SI,20230728,2.4
801890.SI,20230731,2.42
801890.SI,20230801,2.41
801890.SI,20230802,2.42
801890.SI,20230803,2.42
801890.SI,20230804,2.42
801890.SI,20230807,2.41
801890.SI,20230808,2.39
801890.SI,20230809,2.36
801890.SI,20230810,2.36
801890.SI,20230811,2.31
801890.SI,20230814,2.31
801890.SI,20230815,2.3
801890.SI,20230816,2.27
801890.SI,20230817,2.32
801890.SI,20230818,2.29
801890.SI,20230821,2.26
801890.SI,20230822,2.27
801890.SI,20230823,2.23
801890.SI,20230824,2.21
801890.SI,20230825,2.17
801890.SI,20230828,2.19
801890.SI,20230829,2.26
801890.SI,20230830,2.27
801890.SI,20230831,2.26
801890.SI,20230901,2.27
801890.SI,20230904,2.32
801890.SI,20230905,2.32
801890.SI,20230906,2.32
801890.SI,20230907,2.28
801890.SI,20230908,2.3
801890.SI,20230911,2.31
801890.SI,20230912,2.31
801890.SI,20230913,2.28
801890.SI,20230914,2.26
801890.SI,20230915,2.26
801890.SI,20230918,2.27
801890.SI,20230919,2.25
801890.SI,20230920,2.24
801890.SI,20230921,2.22
801890.SI,20230922,2.27
801890.SI,20230925,2.27
801890.SI,20230926,2.28
801890.SI,20230927,2.29
801890.SI,20230928,2.29
801890.SI,20231009,2.28
801890.SI,20231010,2.26
801890.SI,20231011,2.26
801890.SI,20231012,2.26
801890.SI,20231013,2.24
801890.SI,20231016,2.22
801890.SI,20231017,2.21
801890.SI,20231018,2.18
801890.SI,20231019,2.15
801890.SI,20231020,2.13
801890.SI,20231023,2.08
801890.SI,20231024,2.1
801890.SI,20231025,2.13
801890.SI,20231026,2.13
801890.SI,20231027,2.15
801890.SI,20231030,2.15
801890.SI,20231031,2.11
801890.SI,20231101,2.11
801890.SI,20231102,2.09
801890.SI,20231103,2.14
801890.SI,20231106,2.18
801890.SI,20231107,2.19
801890.SI,20231108,2.19
801890.SI,20231109,2.17
801890.SI,20231110,2.17
801890.SI,20231113,2.18
801890.SI,20231114,2.19
801890.SI,20231115,2.21
801890.SI,20231116,2.19
801890.SI,20231117,2.21
801890.SI,20231120,2.24
801890.SI,20231121,2.22
801890.SI,20231122,2.18
801890.SI,20231123,2.21
801890.SI,20231124,2.18
801890.SI,20231127,2.19
801890.SI,20231128,2.21
801890.SI,20231129,2.2
801890.SI,20231130,2.2
801890.SI,20231201,2.2
801890.SI,20231204,2.2
801890.SI,20231205,2.15
801890.SI,20231206,2.14
801890.SI,20231207,2.13
801890.SI,20231208,2.12
801890.SI,20231211,2.15
801890.SI,20231212,2.15
801890.SI,20231213,2.14
801890.SI,20231214,2.13
801890.SI,20231215,2.12
801890.SI,20231218,2.09
801890.SI,20231219,2.11
801890.SI,20231220,2.09
801890.SI,20231221,2.12
801890.SI,20231222,2.1
801890.SI,20231225,2.11
801890.SI,20231226,2.08
801890.SI,20231227,2.1
801890.SI,20231228,2.14
801890.SI,20231229,2.18
801890.SI,20240102,2.18
801890.SI,20240103,2.16
801890.SI,20240104,2.15
801890.SI,20240105,2.12
801890.SI,20240108,2.08
801890.SI,20240109,2.11
801890.SI,20240110,2.08
801890.SI,20240111,2.11
801890.SI,20240112,2.09
801890.SI,20240115,2.08
801890.SI,20240116,2.07
801890.SI,20240117,2.03
801890.SI,20240118,2.02
801890.SI,20240119,1.99
801890.SI,20240122,1.9
801890.SI,20240123,1.91
801890.SI,20240124,1.94
801890.SI,20240125,2.0
801890.SI,20240126,1.99
801890.SI,20240129,1.94
801890.SI,20240130,1.9
801890.SI,20240131,1.84
801890.SI,20240201,1.83
801890.SI,20240202,1.78
801890.SI,20240205,1.71
801890.SI,20240206,1.78
801890.SI,20240207,1.8
801890.SI,20240208,1.87
801890.SI,20240219,1.91
801890.SI,20240220,1.93
801890.SI,20240221,1.94
801890.SI,20240222,1.97
801890.SI,20240223,2.0
801890.SI,20240226,2.06
801890.SI,20240227,2.09
801890.SI,20240228,2.0
801890.SI,20240229,2.08
801890.SI,20240301,2.11
801890.SI,20240304,2.12
801890.SI,20240305,2.11
801890.SI,20240306,2.14
801890.SI,20240307,2.14
801890.SI,20240308,2.16
801890.SI,20240311,2.17
801890.SI,20240312,2.17
801890.SI,20240313,2.16
801890.SI,20240314,2.16
801890.SI,20240315,2.18
801890.SI,20240318,2.21
801890.SI,20240319,2.19
801890.SI,20240320,2.2
801890.SI,20240321,2.2
801890.SI,20240322,2.17
801890.SI,20240325,2.14
801890.SI,20240326,2.14
801890.SI,20240327,2.08
801890.SI,20240328,2.12
801890.SI,20240329,2.14
801890.SI,20240401,2.19
801890.SI,20240402,2.17
801890.SI,20240403,2.15
801890.SI,20240408,2.11
801890.SI,20240409,2.12
801890.SI,20240410,2.11
801890.SI,20240411,2.14
801890.SI,20240412,2.13
801890.SI,20240415,2.12
801890.SI,20240416,2.02
801890.SI,20240417,2.13
801890.SI,20240418,2.12
801890.SI,20240419,2.12
801890.SI,20240422,2.08
801890.SI,20240423,2.06
801890.SI,20240424,2.1
801890.SI,20240425,2.08
801890.SI,20240426,2.1
801890.SI,20240429,2.12
801890.SI,20240430,2.11
801890.SI,20240506,2.19
801890.SI,20240507,2.2
801890.SI,20240508,2.16
801890.SI,20240509,2.21
801890.SI,20240510,2.19
801890.SI,20240513,2.16
801890.SI,20240514,2.16
801890.SI,20240515,2.14
801890.SI,20240516,2.14
801890.SI,20240517,2.16
801890.SI,20240520,2.15
801890.SI,20240521,2.14
801890.SI,20240522,2.14
801890.SI,20240523,2.1
801890.SI,20240524,2.09
801890.SI,20240527,2.11
801890.SI,20240528,2.08
801890.SI,20240529,2.08
801890.SI,20240530,2.07
801890.SI,20240531,2.08
801890.SI,20240603,2.06
801890.SI,20240604,2.05
801890.SI,20240605,2.01
801890.SI,20240606,1.98
801890.SI,20240607,1.99
801890.SI,20240611,1.99
801890.SI,20240612,2.02
801890.SI,20240613,2.01
801890.SI,20240614,2.0
801890.SI,20240617,2.0
801890.SI,20240618,2.03
801890.SI,20240619,2.01
801890.SI,20240620,1.97
801890.SI,20240621,1.97
801890.SI,20240624,1.92
801890.SI,20240625,1.92
801890.SI,20240626,1.96
801890.SI,20240627,1.91
801890.SI,20240628,1.94
801890.SI,20240701,1.95
801890.SI,20240702,1.92
801890.SI,20240703,1.89
801890.SI,20240704,1.86
801890.SI,20240705,1.87
801890.SI,20240708,1.83
801890.SI,20240709,1.86
801890.SI,20240710,1.86
801890.SI,20240711,1.91
801890.SI,20240712,1.89
801890.SI,20240715,1.87
801890.SI,20240716,1.86
801890.SI,20240717,1.84
801890.SI,20240718,1.86
801890.SI,20240719,1.87
801890.SI,20240722,1.87
801890.SI,20240723,1.83
801890.SI,20240724,1.81
801890.SI,20240725,1.8
801890.SI,20240726,1.83
801890.SI,20240729,1.82
801890.SI,20240730,1.82
801890.SI,20240731,1.9
801890.SI,20240801,1.9
801890.SI,20240802,1.87
801890.SI,20240805,1.82
801890.SI,20240806,1.85
801890.SI,20240807,1.85
801890.SI,20240808,1.84
801890.SI,20240809,1.83
801890.SI,20240812,1.82
801890.SI,20240813,1.82
801890.SI,20240814,1.8
801890.SI,20240815,1.82
801890.SI,20240816,1.81
801890.SI,20240819,1.82
801890.SI,20240820,1.8
801890.SI,20240821,1.79
801890.SI,20240822,1.77
801890.SI,20240823,1.77
801890.SI,20240826,1.78
801890.SI,20240827,1.75
801890.SI,20240828,1.76
801890.SI,20240829,1.79
801890.SI,20240830,1.82
801890.SI,20240902,1.79
801890.SI,20240903,1.81
801890.SI,20240904,1.8
801890.SI,20240905,1.8
801890.SI,20240906,1.77
801890.SI,20240909,1.75
801890.SI,20240910,1.77
801890.SI,20240911,1.77
801890.SI,20240912,1.77
801890.SI,20240913,1.75
801890.SI,20240918,1.76
801890.SI,20240919,1.79
801890.SI,20240920,1.78
801890.SI,20240923,1.78
801890.SI,20240924,1.85
801890.SI,20240925,1.86
801890.SI,20240926,1.93
801890.SI,20240927,2.01
801890.SI,20240930,2.22
801890.SI,20241008,2.41
801890.SI,20241009,2.2
801890.SI,20241010,2.21
801890.SI,20241011,2.11
801890.SI,20241014,2.17
801890.SI,20241015,2.12
801890.SI,20241016,2.12
801890.SI,20241017,2.1
801890.SI,20241018,2.19
801890.SI,20241021,2.21
801890.SI,20241022,2.23
801890.SI,20241023,2.23
801890.SI,20241024,2.22
801890.SI,20241025,2.26
801890.SI,20241028,2.3
801890.SI,20241029,2.27
801890.SI,20241030,2.27
801890.SI,20241031,2.3
801890.SI,20241101,2.23
801890.SI,20241104,2.29
801890.SI,20241105,2.35
801890.SI,20241106,2.37
801890.SI,20241107,2.4
801890.SI,20241108,2.41
801890.SI,20241111,2.47
801890.SI,20241112,2.42
801890.SI,20241113,2.42
801890.SI,20241114,2.35
801890.SI,20241115,2.29
801890.SI,20241118,2.25
801890.SI,20241119,2.32
801890.SI,20241120,2.37
801890.SI,20241121,2.37
801890.SI,20241122,2.29
801890.SI,20241125,2.31
801890.SI,20241126,2.27
801890.SI,20241127,2.32
801890.SI,20241128,2.31
801890.SI,20241129,2.37
801890.SI,20241202,2.42
801890.SI,20241203,2.43
801890.SI,20241204,2.44
801890.SI,20241205,2.47
801890.SI,20241206,2.49
801890.SI,20241209,2.49
801890.SI,20241210,2.52
801890.SI,20241211,2.52
801890.SI,20241212,2.52
801890.SI,20241213,2.47
801890.SI,20241216,2.44
801890.SI,20241217,2.38
801890.SI,20241218,2.38
801890.SI,20241219,2.4
801890.SI,20241220,2.41
801890.SI,20241223,2.35
801890.SI,20241224,2.38
801890.SI,20241225,2.35
801890.SI,20241226,2.38
801890.SI,20241227,2.38
801890.SI,20241230,2.38
801890.SI,20241231,2.33
801890.SI,20250102,2.27
801890.SI,20250103,2.2
801890.SI,20250106,2.18
801890.SI,20250107,2.23
801890.SI,20250108,2.25
801890.SI,20250109,2.25
801890.SI,20250110,2.23
801890.SI,20250113,2.22
801890.SI,20250114,2.34
801890.SI,20250115,2.33
801890.SI,20250116,2.35
801890.SI,20250117,2.35
801890.SI,20250120,2.37
801890.SI,20250121,2.39
801890.SI,20250122,2.37
801890.SI,20250123,2.37
801890.SI,20250124,2.41
801890.SI,20250127,2.35
801890.SI,20250205,2.37
801890.SI,20250206,2.45
801890.SI,20250207,2.48
801890.SI,20250210,2.49
801890.SI,20250211,2.5
801890.SI,20250212,2.52
801890.SI,20250213,2.47
801890.SI,20250214,2.48
801890.SI,20250217,2.52
801890.SI,20250218,2.48
801890.SI,20250219,2.59
801890.SI,20250220,2.62
801890.SI,20250221,2.66
801890.SI,20250224,2.67
801890.SI,20250225,2.68
801890.SI,20250226,2.73
801890.SI,20250227,2.72
801890.SI,20250228,2.6
801890.SI,20250303,2.59
801890.SI,20250304,2.64
801890.SI,20250305,2.69
801890.SI,20250306,2.73
801890.SI,20250307,2.74
801890.SI,20250310,2.77
801890.SI,20250311,2.77
801890.SI,20250312,2.75
801890.SI,20250313,2.68
801890.SI,20250314,2.73
801890.SI,20250317,2.73
801890.SI,20250318,2.75
801890.SI,20250319,2.75
801890.SI,20250320,2.76
801890.SI,20250321,2.7
801890.SI,20250324,2.68
801890.SI,20250325,2.65
801890.SI,20250326,2.67
801890.SI,20250327,2.64
801890.SI,20250328,2.61
801890.SI,20250331,2.57
801890.SI,20250401,2.57
801890.SI,20250402,2.58
801890.SI,20250403,2.53
801890.SI,20250407,2.23
801890.SI,20250408,2.21
801890.SI,20250409,2.27
801890.SI,20250410,2.33
801890.SI,20250411,2.36
801890.SI,20250414,2.38
801890.SI,20250415,2.38
801890.SI,20250416,2.34
801890.SI,20250417,2.34
801890.SI,20250418,2.34
801890.SI,20250421,2.38
801890.SI,20250422,2.36
801890.SI,20250423,2.42
801890.SI,20250424,2.39
801890.SI,20250425,2.4
801890.SI,20250428,2.37
801890.SI,20250429,2.38
801890.SI,20250430,2.4
801890.SI,20250506,2.47
801890.SI,20250507,2.49
801890.SI,20250508,2.51
801890.SI,20250509,2.48
801890.SI,20250512,2.54
801890.SI,20250513,2.52
801890.SI,20250514,2.51
801890.SI,20250515,2.47
801890.SI,20250516,2.49
801890.SI,20250519,2.49
801890.SI,20250520,2.5
801890.SI,20250521,2.48
801890.SI,20250522,2.45
801890.SI,20250523,2.43
801890.SI,20250526,2.45
801890.SI,20250527,2.43
801890.SI,20250528,2.43
801890.SI,20250529,2.46
801890.SI,20250530,2.42
801890.SI,20250603,2.42
801890.SI,20250604,2.43
801890.SI,20250605,2.45
801890.SI,20250606,2.44
801890.SI,20250609,2.46
801890.SI,20250610,2.43
801890.SI,20250611,2.44
801890.SI,20250612,2.44
801890.SI,20250613,2.42
801890.SI,20250616,2.42
801890.SI,20250617,2.42
801890.SI,20250618,2.42
801890.SI,20250619,2.39
801890.SI,20250620,2.36
801890.SI,20250623,2.38
801890.SI,20250624,2.44
801890.SI,20250625,2.46
801890.SI,20250626,2.45
801890.SI,20250627,2.46
801890.SI,20250630,2.49
801890.SI,20250701,2.49
801890.SI,20250702,2.48
801890.SI,20250703,2.49
801890.SI,20250704,2.47
801890.SI,20250707,2.47
801890.SI,20250708,2.5
801890.SI,20250709,2.5
801890.SI,20250710,2.5
801890.SI,20250711,2.51
801890.SI,20250714,2.55
801890.SI,20250715,2.54
801890.SI,20250716,2.56
801890.SI,20250717,2.59
801890.SI,20250718,2.59
801890.SI,20250721,2.64
801890.SI,20250722,2.67
801890.SI,20250723,2.64
801890.SI,20250724,2.67
801890.SI,20250725,2.65
801890.SI,20250728,2.67
801890.SI,20250729,2.67
801890.SI,20250730,2.65
801890.SI,20250731,2.63
801890.SI,20250801,2.63
801890.SI,20250804,2.68
801890.SI,20250805,2.71
801890.SI,20250806,2.76
801890.SI,20250807,2.76
801890.SI,20250808,2.77
801890.SI,20250811,2.81
801890.SI,20250812,2.81
801890.SI,20250813,2.85
801890.SI,20250814,2.81
801890.SI,20250815,2.86
801890.SI,20250818,2.9
801890.SI,20250819,2.9
801890.SI,20250820,2.93
801890.SI,20250821,2.9
801890.SI,20250822,2.94
801890.SI,20250825,2.99
801890.SI,20250826,2.99
801890.SI,20250827,2.92
801890.SI,20250828,2.96
801890.SI,20250829,2.96
801890.SI,20250901,2.99
801890.SI,20250902,2.96
801890.SI,20250903,2.91
801890.SI,20250904,2.83
801890.SI,20250905,2.92
801890.SI,20250908,2.99
801890.SI,20250909,2.96
801890.SI,20250910,2.96
801890.SI,20250911,3.03
801890.SI,20250912,3.02
801890.SI,20250915,3.02
801890.SI,20250916,3.08
801890.SI,20250917,3.12
801890.SI,20250918,3.11
801890.SI,20250919,3.09
801890.SI,20250922,3.11
801890.SI,20250923,3.09
801890.SI,20250924,3.15
801890.SI,20250925,3.14
801890.SI,20250926,3.07
801890.SI,20250929,3.12
801890.SI,20250930,3.12
801890.SI,20251009,3.16
801890.SI,20251010,3.11
801890.SI,20251013,3.09
801890.SI,20251014,3.03
801890.SI,20251015,3.09
801890.SI,20251016,3.05
801890.SI,20251017,2.93
801890.SI,20251020,2.97
801890.SI,20251021,3.04
801890.SI,20251022,3.04
801890.SI,20251023,3.03
801890.SI,20251024,3.05
801890.SI,20251027,3.08
801890.SI,20251028,3.05
801890.SI,20251029,3.08
801890.SI,20251030,3.04
801890.SI,20251031,3.02
801890.SI,20251103,3.02
801890.SI,20251104,2.98
801890.SI,20251105,2.99
801890.SI,20251106,3.04
801890.SI,20251107,3.02
801890.SI,20251110,3.0
801890.SI,20251111,2.99
801890.SI,20251112,2.95
801890.SI,20251113,2.98
801890.SI,20251114,2.95
801890.SI,20251117,2.96
801890.SI,20251118,2.94
801890.SI,20251119,2.91
801890.SI,20251120,2.89
801890.SI,20251121,2.81
801890.SI,20251124,2.85
801890.SI,20251125,2.88
801890.SI,20251126,2.88
801890.SI,20251127,2.88
801890.SI,20251128,2.92
801890.SI,20251201,2.94
801890.SI,20251202,2.92
801890.SI,20251203,2.91
801890.SI,20251204,2.94
801890.SI,20251205,3.01
801890.SI,20251208,3.05
801890.SI,20251209,3.03
801890.SI,20251210,3.05
801890.SI,20251211,3.01
801890.SI,20251212,3.05
801890.SI,20251215,3.01
801890.SI,20251216,2.94
801890.SI,20251217,2.98
801890.SI,20251218,2.97
801890.SI,20251219,3.0
801890.SI,20251222,3.03
801890.SI,20251223,3.03
801890.SI,20251224,3.08
801890.SI,20251225,3.12
801890.SI,20251226,3.14
801890.SI,20251229,3.14
801890.SI,20251230,3.18
801890.SI,20251231,3.18
801950.SI,20221010,1.65
801950.SI,20221011,1.64
801950.SI,20221012,1.65
801950.SI,20221013,1.58
801950.SI,20221014,1.6
801950.SI,20221017,1.58
801950.SI,20221018,1.58
801950.SI,20221019,1.58
801950.SI,20221020,1.55
801950.SI,20221021,1.55
801950.SI,20221024,1.52
801950.SI,20221025,1.5
801950.SI,20221026,1.47
801950.SI,20221027,1.48
801950.SI,20221028,1.46
801950.SI,20221031,1.36
801950.SI,20221101,1.37
801950.SI,20221102,1.39
801950.SI,20221103,1.39
801950.SI,20221104,1.44
801950.SI,20221107,1.46
801950.SI,20221108,1.46
801950.SI,20221109,1.44
801950.SI,20221110,1.43
801950.SI,20221111,1.46
801950.SI,20221114,1.42
801950.SI,20221115,1.43
801950.SI,20221116,1.44
801950.SI,20221117,1.39
801950.SI,20221118,1.38
801950.SI,20221121,1.37
801950.SI,20221122,1.38
801950.SI,20221123,1.4
801950.SI,20221124,1.41
801950.SI,20221125,1.44
801950.SI,20221128,1.42
801950.SI,20221129,1.45
801950.SI,20221130,1.46
801950.SI,20221201,1.45
801950.SI,20221202,1.43
801950.SI,20221205,1.45
801950.SI,20221206,1.45
801950.SI,20221207,1.42
801950.SI,20221208,1.42
801950.SI,20221209,1.43
801950.SI,20221212,1.39
801950.SI,20221213,1.4
801950.SI,20221214,1.4
801950.SI,20221215,1.38
801950.SI,20221216,1.39
801950.SI,20221219,1.35
801950.SI,20221220,1.35
801950.SI,20221221,1.34
801950.SI,20221222,1.31
801950.SI,20221223,1.31
801950.SI,20221226,1.32
801950.SI,20221227,1.34
801950.SI,20221228,1.33
801950.SI,20221229,1.3
801950.SI,20221230,1.3
801950.SI,20230103,1.32
801950.SI,20230104,1.29
801950.SI,20230105,1.29
801950.SI,20230106,1.3
801950.SI,20230109,1.31
801950.SI,20230110,1.3
801950.SI,20230111,1.36
801950.SI,20230112,1.35
801950.SI,20230113,1.35
801950.SI,20230116,1.35
801950.SI,20230117,1.34
801950.SI,20230118,1.35
801950.SI,20230119,1.36
801950.SI,20230120,1.4
801950.SI,20230130,1.37
801950.SI,20230131,1.38
801950.SI,20230201,1.39
801950.SI,20230202,1.4
801950.SI,20230203,1.38
801950.SI,20230206,1.38
801950.SI,20230207,1.38
801950.SI,20230208,1.37
801950.SI,20230209,1.39
801950.SI,20230210,1.37
801950.SI,20230213,1.36
801950.SI,20230214,1.37
801950.SI,20230215,1.36
801950.SI,20230216,1.34
801950.SI,20230217,1.36
801950.SI,20230220,1.4
801950.SI,20230221,1.43
801950.SI,20230222,1.44
801950.SI,20230223,1.45
801950.SI,20230224,1.44
801950.SI,20230227,1.45
801950.SI,20230228,1.44
801950.SI,20230301,1.44
801950.SI,20230302,1.44
801950.SI,20230303,1.44
801950.SI,20230306,1.41
801950.SI,20230307,1.42
801950.SI,20230308,1.41
801950.SI,20230309,1.41
801950.SI,20230310,1.38
801950.SI,20230313,1.4
801950.SI,20230314,1.38
801950.SI,20230315,1.38
801950.SI,20230316,1.34
801950.SI,20230317,1.35
801950.SI,20230320,1.34
801950.SI,20230321,1.34
801950.SI,20230322,1.35
801950.SI,20230323,1.37
801950.SI,20230324,1.35
801950.SI,20230327,1.35
801950.SI,20230328,1.34
801950.SI,20230329,1.33
801950.SI,20230330,1.37
801950.SI,20230331,1.37
801950.SI,20230403,1.37
801950.SI,20230404,1.37
801950.SI,20230406,1.36
801950.SI,20230407,1.35
801950.SI,20230410,1.33
801950.SI,20230411,1.33
801950.SI,20230412,1.34
801950.SI,20230413,1.33
801950.SI,20230414,1.34
801950.SI,20230417,1.38
801950.SI,20230418,1.4
801950.SI,20230419,1.4
801950.SI,20230420,1.39
801950.SI,20230421,1.36
801950.SI,20230424,1.35
801950.SI,20230425,1.32
801950.SI,20230426,1.32
801950.SI,20230427,1.3
801950.SI,20230428,1.28
801950.SI,20230504,1.26
801950.SI,20230505,1.26
801950.SI,20230508,1.29
801950.SI,20230509,1.29
801950.SI,20230510,1.28
801950.SI,20230511,1.28
801950.SI,20230512,1.27
801950.SI,20230515,1.29
801950.SI,20230516,1.29
801950.SI,20230517,1.28
801950.SI,20230518,1.28
801950.SI,20230519,1.27
801950.SI,20230522,1.27
801950.SI,20230523,1.26
801950.SI,20230524,1.24
801950.SI,20230525,1.22
801950.SI,20230526,1.2
801950.SI,20230529,1.19
801950.SI,20230530,1.19
801950.SI,20230531,1.15
801950.SI,20230601,1.15
801950.SI,20230602,1.16
801950.SI,20230605,1.17
801950.SI,20230606,1.17
801950.SI,20230607,1.17
801950.SI,20230608,1.17
801950.SI,20230609,1.16
801950.SI,20230612,1.17
801950.SI,20230613,1.16
801950.SI,20230614,1.16
801950.SI,20230615,1.17
801950.SI,20230616,1.17
801950.SI,20230619,1.16
801950.SI,20230620,1.15
801950.SI,20230621,1.13
801950.SI,20230626,1.13
801950.SI,20230627,1.14
801950.SI,20230628,1.17
801950.SI,20230629,1.16
801950.SI,20230630,1.17
801950.SI,20230703,1.19
801950.SI,20230704,1.19
801950.SI,20230705,1.18
801950.SI,20230706,1.18
801950.SI,20230707,1.19
801950.SI,20230710,1.19
801950.SI,20230711,1.18
801950.SI,20230712,1.16
801950.SI,20230713,1.17
801950.SI,20230714,1.17
801950.SI,20230717,1.14
801950.SI,20230718,1.14
801950.SI,20230719,1.14
801950.SI,20230720,1.14
801950.SI,20230721,1.13
801950.SI,20230724,1.13
801950.SI,20230725,1.15
801950.SI,20230726,1.15
801950.SI,20230727,1.14
801950.SI,20230728,1.16
801950.SI,20230731,1.15
801950.SI,20230801,1.16
801950.SI,20230802,1.14
801950.SI,20230803,1.14
801950.SI,20230804,1.14
801950.SI,20230807,1.13
801950.SI,20230808,1.14
801950.SI,20230809,1.13
801950.SI,20230810,1.16
801950.SI,20230811,1.13
801950.SI,20230814,1.12
801950.SI,20230815,1.12
801950.SI,20230816,1.12
801950.SI,20230817,1.12
801950.SI,20230818,1.12
801950.SI,20230821,1.11
801950.SI,20230822,1.12
801950.SI,20230823,1.14
801950.SI,20230824,1.12
801950.SI,20230825,1.12
801950.SI,20230828,1.19
801950.SI,20230829,1.19
801950.SI,20230830,1.18
801950.SI,20230831,1.19
801950.SI,20230901,1.24
801950.SI,20230904,1.28
801950.SI,20230905,1.29
801950.SI,20230906,1.29
801950.SI,20230907,1.29
801950.SI,20230908,1.27
801950.SI,20230911,1.28
801950.SI,20230912,1.27
801950.SI,20230913,1.29
801950.SI,20230914,1.33
801950.SI,20230915,1.32
801950.SI,20230918,1.33
801950.SI,20230919,1.34
801950.SI,20230920,1.33
801950.SI,20230921,1.32
801950.SI,20230922,1.31
801950.SI,20230925,1.32
801950.SI,20230926,1.3
801950.SI,20230927,1.29
801950.SI,20230928,1.31
801950.SI,20231009,1.32
801950.SI,20231010,1.3
801950.SI,20231011,1.28
801950.SI,20231012,1.28
801950.SI,20231013,1.29
801950.SI,20231016,1.3
801950.SI,20231017,1.31
801950.SI,20231018,1.3
801950.SI,20231019,1.28
801950.SI,20231020,1.28
801950.SI,20231023,1.26
801950.SI,20231024,1.27
801950.SI,20231025,1.28
801950.SI,20231026,1.26
801950.SI,20231027,1.25
801950.SI,20231030,1.24
801950.SI,20231031,1.26
801950.SI,20231101,1.25
801950.SI,20231102,1.25
801950.SI,20231103,1.25
801950.SI,20231106,1.23
801950.SI,20231107,1.24
801950.SI,20231108,1.24
801950.SI,20231109,1.27
801950.SI,20231110,1.29
801950.SI,20231113,1.29
801950.SI,20231114,1.28
801950.SI,20231115,1.29
801950.SI,20231116,1.29
801950.SI,20231117,1.29
801950.SI,20231120,1.28
801950.SI,20231121,1.29
801950.SI,20231122,1.29
801950.SI,20231123,1.3
801950.SI,20231124,1.32
801950.SI,20231127,1.34
801950.SI,20231128,1.34
801950.SI,20231129,1.35
801950.SI,20231130,1.35
801950.SI,20231201,1.36
801950.SI,20231204,1.37
801950.SI,20231205,1.34
801950.SI,20231206,1.34
801950.SI,20231207,1.33
801950.SI,20231208,1.32
801950.SI,20231211,1.36
801950.SI,20231212,1.36
801950.SI,20231213,1.35
801950.SI,20231214,1.36
801950.SI,20231215,1.35
801950.SI,20231218,1.35
801950.SI,20231219,1.34
801950.SI,20231220,1.35
801950.SI,20231221,1.35
801950.SI,20231222,1.36
801950.SI,20231225,1.37
801950.SI,20231226,1.35
801950.SI,20231227,1.36
801950.SI,20231228,1.34
801950.SI,20231229,1.35
801950.SI,20240102,1.41
801950.SI,20240103,1.43
801950.SI,20240104,1.44
801950.SI,20240105,1.44
801950.SI,20240108,1.43
801950.SI,20240109,1.44
801950.SI,20240110,1.43
801950.SI,20240111,1.41
801950.SI,20240112,1.42
801950.SI,20240115,1.43
801950.SI,20240116,1.43
801950.SI,20240117,1.41
801950.SI,20240118,1.4
801950.SI,20240119,1.38
801950.SI,20240122,1.34
801950.SI,20240123,1.37
801950.SI,20240124,1.4
801950.SI,20240125,1.45
801950.SI,20240126,1.46
801950.SI,20240129,1.45
801950.SI,20240130,1.44
801950.SI,20240131,1.45
801950.SI,20240201,1.43
801950.SI,20240202,1.43
801950.SI,20240205,1.43
801950.SI,20240206,1.44
801950.SI,20240207,1.47
801950.SI,20240208,1.47
801950.SI,20240219,1.54
801950.SI,20240220,1.55
801950.SI,20240221,1.54
801950.SI,20240222,1.62
801950.SI,20240223,1.59
801950.SI,20240226,1.56
801950.SI,20240227,1.56
801950.SI,20240228,1.56
801950.SI,20240229,1.56
801950.SI,20240301,1.58
801950.SI,20240304,1.61
801950.SI,20240305,1.61
801950.SI,20240306,1.62
801950.SI,20240307,1.63
801950.SI,20240308,1.62
801950.SI,20240311,1.58
801950.SI,20240312,1.52
801950.SI,20240313,1.52
801950.SI,20240314,1.52
801950.SI,20240315,1.51
801950.SI,20240318,1.49
801950.SI,20240319,1.5
801950.SI,20240320,1.51
801950.SI,20240321,1.5
801950.SI,20240322,1.51
801950.SI,20240325,1.5
801950.SI,20240326,1.46
801950.SI,20240327,1.46
801950.SI,20240328,1.46
801950.SI,20240329,1.48
801950.SI,20240401,1.47
801950.SI,20240402,1.48
801950.SI,20240403,1.52
801950.SI,20240408,1.51
801950.SI,20240409,1.52
801950.SI,20240410,1.54
801950.SI,20240411,1.55
801950.SI,20240412,1.55
801950.SI,20240415,1.58
801950.SI,20240416,1.58
801950.SI,20240417,1.59
801950.SI,20240418,1.59
801950.SI,20240419,1.59
801950.SI,20240422,1.52
801950.SI,20240423,1.49
801950.SI,20240424,1.48
801950.SI,20240425,1.49
801950.SI,20240426,1.46
801950.SI,20240429,1.43
801950.SI,20240430,1.44
801950.SI,20240506,1.44
801950.SI,20240507,1.46
801950.SI,20240508,1.49
801950.SI,20240509,1.49
801950.SI,20240510,1.5
801950.SI,20240513,1.48
801950.SI,20240514,1.46
801950.SI,20240515,1.47
801950.SI,20240516,1.45
801950.SI,20240517,1.47
801950.SI,20240520,1.51
801950.SI,20240521,1.53
801950.SI,20240522,1.54
801950.SI,20240523,1.52
801950.SI,20240524,1.51
801950.SI,20240527,1.54
801950.SI,20240528,1.55
801950.SI,20240529,1.57
801950.SI,20240530,1.54
801950.SI,20240531,1.54
801950.SI,20240603,1.54
801950.SI,20240604,1.51
801950.SI,20240605,1.5
801950.SI,20240606,1.53
801950.SI,20240607,1.54
801950.SI,20240611,1.51
801950.SI,20240612,1.56
801950.SI,20240613,1.55
801950.SI,20240614,1.54
801950.SI,20240617,1.5
801950.SI,20240618,1.5
801950.SI,20240619,1.49
801950.SI,20240620,1.51
801950.SI,20240621,1.5
801950.SI,20240624,1.47
801950.SI,20240625,1.46
801950.SI,20240626,1.46
801950.SI,20240627,1.45
801950.SI,20240628,1.45
801950.SI,20240701,1.5
801950.SI,20240702,1.5
801950.SI,20240703,1.47
801950.SI,20240704,1.46
801950.SI,20240705,1.46
801950.SI,20240708,1.43
801950.SI,20240709,1.44
801950.SI,20240710,1.37
801950.SI,20240711,1.38
801950.SI,20240712,1.35
801950.SI,20240715,1.37
801950.SI,20240716,1.37
801950.SI,20240717,1.35
801950.SI,20240718,1.35
801950.SI,20240719,1.35
801950.SI,20240722,1.33
801950.SI,20240723,1.3
801950.SI,20240724,1.3
801950.SI,20240725,1.29
801950.SI,20240726,1.29
801950.SI,20240729,1.28
801950.SI,20240730,1.26
801950.SI,20240731,1.29
801950.SI,20240801,1.28
801950.SI,20240802,1.27
801950.SI,20240805,1.25
801950.SI,20240806,1.26
801950.SI,20240807,1.27
801950.SI,20240808,1.27
801950.SI,20240809,1.28
801950.SI,20240812,1.29
801950.SI,20240813,1.28
801950.SI,20240814,1.27
801950.SI,20240815,1.3
801950.SI,20240816,1.3
801950.SI,20240819,1.3
801950.SI,20240820,1.25
801950.SI,20240821,1.25
801950.SI,20240822,1.25
801950.SI,20240823,1.26
801950.SI,20240826,1.26
801950.SI,20240827,1.28
801950.SI,20240828,1.28
801950.SI,20240829,1.27
801950.SI,20240830,1.29
801950.SI,20240902,1.33
801950.SI,20240903,1.31
801950.SI,20240904,1.29
801950.SI,20240905,1.27
801950.SI,20240906,1.24
801950.SI,20240909,1.21
801950.SI,20240910,1.22
801950.SI,20240911,1.2
801950.SI,20240912,1.21
801950.SI,20240913,1.21
801950.SI,20240918,1.24
801950.SI,20240919,1.24
801950.SI,20240920,1.25
801950.SI,20240923,1.27
801950.SI,20240924,1.34
801950.SI,20240925,1.35
801950.SI,20240926,1.4
801950.SI,20240927,1.42
801950.SI,20240930,1.5
801950.SI,20241008,1.49
801950.SI,20241009,1.38
801950.SI,20241010,1.45
801950.SI,20241011,1.42
801950.SI,20241014,1.44
801950.SI,20241015,1.4
801950.SI,20241016,1.4
801950.SI,20241017,1.38
801950.SI,20241018,1.41
801950.SI,20241021,1.4
801950.SI,20241022,1.41
801950.SI,20241023,1.41
801950.SI,20241024,1.41
801950.SI,20241025,1.41
801950.SI,20241028,1.41
801950.SI,20241029,1.38
801950.SI,20241030,1.36
801950.SI,20241031,1.35
801950.SI,20241101,1.37
801950.SI,20241104,1.38
801950.SI,20241105,1.4
801950.SI,20241106,1.38
801950.SI,20241107,1.41
801950.SI,20241108,1.4
801950.SI,20241111,1.38
801950.SI,20241112,1.36
801950.SI,20241113,1.37
801950.SI,20241114,1.35
801950.SI,20241115,1.35
801950.SI,20241118,1.39
801950.SI,20241119,1.38
801950.SI,20241120,1.39
801950.SI,20241121,1.39
801950.SI,20241122,1.34
801950.SI,20241125,1.34
801950.SI,20241126,1.34
801950.SI,20241127,1.35
801950.SI,20241128,1.34
801950.SI,20241129,1.34
801950.SI,20241202,1.35
801950.SI,20241203,1.37
801950.SI,20241204,1.4
801950.SI,20241205,1.4
801950.SI,20241206,1.41
801950.SI,20241209,1.42
801950.SI,20241210,1.41
801950.SI,20241211,1.44
801950.SI,20241212,1.43
801950.SI,20241213,1.4
801950.SI,20241216,1.41
801950.SI,20241217,1.4
801950.SI,20241218,1.41
801950.SI,20241219,1.39
801950.SI,20241220,1.36
801950.SI,20241223,1.34
801950.SI,20241224,1.35
801950.SI,20241225,1.36
801950.SI,20241226,1.34
801950.SI,20241227,1.35
801950.SI,20241230,1.36
801950.SI,20241231,1.36
801950.SI,20250102,1.32
801950.SI,20250103,1.32
801950.SI,20250106,1.32
801950.SI,20250107,1.3
801950.SI,20250108,1.29
801950.SI,20250109,1.27
801950.SI,20250110,1.26
801950.SI,20250113,1.25
801950.SI,20250114,1.27
801950.SI,20250115,1.26
801950.SI,20250116,1.28
801950.SI,20250117,1.28
801950.SI,20250120,1.26
801950.SI,20250121,1.24
801950.SI,20250122,1.23
801950.SI,20250123,1.24
801950.SI,20250124,1.25
801950.SI,20250127,1.27
801950.SI,20250205,1.24
801950.SI,20250206,1.24
801950.SI,20250207,1.26
801950.SI,20250210,1.25
801950.SI,20250211,1.25
801950.SI,20250212,1.24
801950.SI,20250213,1.24
801950.SI,20250214,1.24
801950.SI,20250217,1.22
801950.SI,20250218,1.2
801950.SI,20250219,1.19
801950.SI,20250220,1.19
801950.SI,20250221,1.18
801950.SI,20250224,1.19
801950.SI,20250225,1.18
801950.SI,20250226,1.19
801950.SI,20250227,1.18
801950.SI,20250228,1.17
801950.SI,20250303,1.18
801950.SI,20250304,1.16
801950.SI,20250305,1.16
801950.SI,20250306,1.17
801950.SI,20250307,1.18
801950.SI,20250310,1.19
801950.SI,20250311,1.19
801950.SI,20250312,1.18
801950.SI,20250313,1.23
801950.SI,20250314,1.23
801950.SI,20250317,1.23
801950.SI,20250318,1.22
801950.SI,20250319,1.22
801950.SI,20250320,1.22
801950.SI,20250321,1.23
801950.SI,20250324,1.22
801950.SI,20250325,1.25
801950.SI,20250326,1.25
801950.SI,20250327,1.24
801950.SI,20250328,1.22
801950.SI,20250331,1.21
801950.SI,20250401,1.22
801950.SI,20250402,1.22
801950.SI,20250403,1.22
801950.SI,20250407,1.14
801950.SI,20250408,1.17
801950.SI,20250409,1.17
801950.SI,20250410,1.18
801950.SI,20250411,1.16
801950.SI,20250414,1.19
801950.SI,20250415,1.19
801950.SI,20250416,1.2
801950.SI,20250417,1.2
801950.SI,20250418,1.2
801950.SI,20250421,1.19
801950.SI,20250422,1.19
801950.SI,20250423,1.19
801950.SI,20250424,1.2
801950.SI,20250425,1.19
801950.SI,20250428,1.15
801950.SI,20250429,1.15
801950.SI,20250430,1.14
801950.SI,20250506,1.15
801950.SI,20250507,1.16
801950.SI,20250508,1.16
801950.SI,20250509,1.16
801950.SI,20250512,1.16
801950.SI,20250513,1.17
801950.SI,20250514,1.18
801950.SI,20250515,1.18
801950.SI,20250516,1.17
801950.SI,20250519,1.18
801950.SI,20250520,1.17
801950.SI,20250521,1.2
801950.SI,20250522,1.2
801950.SI,20250523,1.19
801950.SI,20250526,1.18
801950.SI,20250527,1.18
801950.SI,20250528,1.18
801950.SI,20250529,1.19
801950.SI,20250530,1.18
801950.SI,20250603,1.17
801950.SI,20250604,1.18
801950.SI,20250605,1.17
801950.SI,20250606,1.18
801950.SI,20250609,1.18
801950.SI,20250610,1.18
801950.SI,20250611,1.18
801950.SI,20250612,1.17
801950.SI,20250613,1.17
801950.SI,20250616,1.17
801950.SI,20250617,1.18
801950.SI,20250618,1.17
801950.SI,20250619,1.15
801950.SI,20250620,1.16
801950.SI,20250623,1.18
801950.SI,20250624,1.17
801950.SI,20250625,1.18
801950.SI,20250626,1.17
801950.SI,20250627,1.18
801950.SI,20250630,1.18
801950.SI,20250701,1.18
801950.SI,20250702,1.21
801950.SI,20250703,1.19
801950.SI,20250704,1.2
801950.SI,20250707,1.17
801950.SI,20250708,1.17
801950.SI,20250709,1.17
801950.SI,20250710,1.18
801950.SI,20250711,1.18
801950.SI,20250714,1.18
801950.SI,20250715,1.16
801950.SI,20250716,1.16
801950.SI,20250717,1.16
801950.SI,20250718,1.17
801950.SI,20250721,1.19
801950.SI,20250722,1.27
801950.SI,20250723,1.26
801950.SI,20250724,1.28
801950.SI,20250725,1.26
801950.SI,20250728,1.23
801950.SI,20250729,1.24
801950.SI,20250730,1.24
801950.SI,20250731,1.21
801950.SI,20250801,1.2
801950.SI,20250804,1.21
801950.SI,20250805,1.22
801950.SI,20250806,1.24
801950.SI,20250807,1.25
801950.SI,20250808,1.24
801950.SI,20250811,1.24
801950.SI,20250812,1.25
801950.SI,20250813,1.24
801950.SI,20250814,1.23
801950.SI,20250815,1.23
801950.SI,20250818,1.24
801950.SI,20250819,1.23
801950.SI,20250820,1.24
801950.SI,20250821,1.25
801950.SI,20250822,1.24
801950.SI,20250825,1.26
801950.SI,20250826,1.25
801950.SI,20250827,1.22
801950.SI,20250828,1.21
801950.SI,20250829,1.2
801950.SI,20250901,1.23
801950.SI,20250902,1.23
801950.SI,20250903,1.21
801950.SI,20250904,1.21
801950.SI,20250905,1.23
801950.SI,20250908,1.23
801950.SI,20250909,1.23
801950.SI,20250910,1.22
801950.SI,20250911,1.23
801950.SI,20250912,1.23
801950.SI,20250915,1.25
801950.SI,20250916,1.25
801950.SI,20250917,1.27
801950.SI,20250918,1.25
801950.SI,20250919,1.28
801950.SI,20250922,1.26
801950.SI,20250923,1.28
801950.SI,20250924,1.27
801950.SI,20250925,1.26
801950.SI,20250926,1.26
801950.SI,20250929,1.25
801950.SI,20250930,1.25
801950.SI,20251009,1.29
801950.SI,20251010,1.3
801950.SI,20251013,1.3
801950.SI,20251014,1.33
801950.SI,20251015,1.34
801950.SI,20251016,1.37
801950.SI,20251017,1.36
801950.SI,20251020,1.4
801950.SI,20251021,1.39
801950.SI,20251022,1.37
801950.SI,20251023,1.4
801950.SI,20251024,1.38
801950.SI,20251027,1.38
801950.SI,20251028,1.36
801950.SI,20251029,1.39
801950.SI,20251030,1.38
801950.SI,20251031,1.37
801950.SI,20251103,1.41
801950.SI,20251104,1.41
801950.SI,20251105,1.43
801950.SI,20251106,1.44
801950.SI,20251107,1.43
801950.SI,20251110,1.44
801950.SI,20251111,1.42
801950.SI,20251112,1.41
801950.SI,20251113,1.43
801950.SI,20251114,1.42
801950.SI,20251117,1.44
801950.SI,20251118,1.39
801950.SI,20251119,1.4
801950.SI,20251120,1.37
801950.SI,20251121,1.34
801950.SI,20251124,1.32
801950.SI,20251125,1.33
801950.SI,20251126,1.32
801950.SI,20251127,1.33
801950.SI,20251128,1.33
801950.SI,20251201,1.34
801950.SI,20251202,1.34
801950.SI,20251203,1.35
801950.SI,20251204,1.34
801950.SI,20251205,1.35
801950.SI,20251208,1.33
801950.SI,20251209,1.31
801950.SI,20251210,1.31
801950.SI,20251211,1.3
801950.SI,20251212,1.3
801950.SI,20251215,1.3
801950.SI,20251216,1.28
801950.SI,20251217,1.28
801950.SI,20251218,1.31
801950.SI,20251219,1.3
801950.SI,20251222,1.31
801950.SI,20251223,1.3
801950.SI,20251224,1.29
801950.SI,20251225,1.29
801950.SI,20251226,1.29
801950.SI,20251229,1.29
801950.SI,20251230,1.29
801950.SI,20251231,1.28
801960.SI,20221010,1.3
801960.SI,20221011,1.3
801960.SI,20221012,1.3
801960.SI,20221013,1.27
801960.SI,20221014,1.29
801960.SI,20221017,1.29
801960.SI,20221018,1.29
801960.SI,20221019,1.25
801960.SI,20221020,1.25
801960.SI,20221021,1.25
801960.SI,20221024,1.24
801960.SI,20221025,1.22
801960.SI,20221026,1.22
801960.SI,20221027,1.23
801960.SI,20221028,1.2
801960.SI,20221031,1.17
801960.SI,20221101,1.19
801960.SI,20221102,1.2
801960.SI,20221103,1.21
801960.SI,20221104,1.24
801960.SI,20221107,1.27
801960.SI,20221108,1.26
801960.SI,20221109,1.25
801960.SI,20221110,1.24
801960.SI,20221111,1.27
801960.SI,20221114,1.25
801960.SI,20221115,1.26
801960.SI,20221116,1.26
801960.SI,20221117,1.25
801960.SI,20221118,1.25
801960.SI,20221121,1.25
801960.SI,20221122,1.25
801960.SI,20221123,1.27
801960.SI,20221124,1.27
801960.SI,20221125,1.28
801960.SI,20221128,1.26
801960.SI,20221129,1.28
801960.SI,20221130,1.29
801960.SI,20221201,1.29
801960.SI,20221202,1.3
801960.SI,20221205,1.32
801960.SI,20221206,1.31
801960.SI,20221207,1.3
801960.SI,20221208,1.29
801960.SI,20221209,1.29
801960.SI,20221212,1.27
801960.SI,20221213,1.27
801960.SI,20221214,1.28
801960.SI,20221215,1.26
801960.SI,20221216,1.26
801960.SI,20221219,1.23
801960.SI,20221220,1.23
801960.SI,20221221,1.23
801960.SI,20221222,1.21
801960.SI,20221223,1.2
801960.SI,20221226,1.21
801960.SI,20221227,1.23
801960.SI,20221228,1.23
801960.SI,20221229,1.21
801960.SI,20221230,1.21
801960.SI,20230103,1.22
801960.SI,20230104,1.22
801960.SI,20230105,1.23
801960.SI,20230106,1.24
801960.SI,20230109,1.25
801960.SI,20230110,1.23
801960.SI,20230111,1.25
801960.SI,20230112,1.24
801960.SI,20230113,1.25
801960.SI,20230116,1.27
801960.SI,20230117,1.27
801960.SI,20230118,1.28
801960.SI,20230119,1.28
801960.SI,20230120,1.3
801960.SI,20230130,1.29
801960.SI,20230131,1.31
801960.SI,20230201,1.34
801960.SI,20230202,1.34
801960.SI,20230203,1.32
801960.SI,20230206,1.32
801960.SI,20230207,1.32
801960.SI,20230208,1.32
801960.SI,20230209,1.32
801960.SI,20230210,1.32
801960.SI,20230213,1.33
801960.SI,20230214,1.35
801960.SI,20230215,1.34
801960.SI,20230216,1.32
801960.SI,20230217,1.33
801960.SI,20230220,1.35
801960.SI,20230221,1.36
801960.SI,20230222,1.35
801960.SI,20230223,1.36
801960.SI,20230224,1.35
801960.SI,20230227,1.35
801960.SI,20230228,1.35
801960.SI,20230301,1.36
801960.SI,20230302,1.37
801960.SI,20230303,1.38
801960.SI,20230306,1.37
801960.SI,20230307,1.38
801960.SI,20230308,1.37
801960.SI,20230309,1.37
801960.SI,20230310,1.34
801960.SI,20230313,1.37
801960.SI,20230314,1.34
801960.SI,20230315,1.35
801960.SI,20230316,1.31
801960.SI,20230317,1.33
801960.SI,20230320,1.32
801960.SI,20230321,1.32
801960.SI,20230322,1.32
801960.SI,20230323,1.32
801960.SI,20230324,1.31
801960.SI,20230327,1.31
801960.SI,20230328,1.36
801960.SI,20230329,1.34
801960.SI,20230330,1.34
801960.SI,20230331,1.33
801960.SI,20230403,1.33
801960.SI,20230404,1.34
801960.SI,20230406,1.34
801960.SI,20230407,1.35
801960.SI,20230410,1.36
801960.SI,20230411,1.37
801960.SI,20230412,1.39
801960.SI,20230413,1.39
801960.SI,20230414,1.38
801960.SI,20230417,1.42
801960.SI,20230418,1.4
801960.SI,20230419,1.39
801960.SI,20230420,1.39
801960.SI,20230421,1.37
801960.SI,20230424,1.36
801960.SI,20230425,1.37
801960.SI,20230426,1.38
801960.SI,20230427,1.37
801960.SI,20230428,1.39
801960.SI,20230504,1.38
801960.SI,20230505,1.37
801960.SI,20230508,1.41
801960.SI,20230509,1.38
801960.SI,20230510,1.35
801960.SI,20230511,1.34
801960.SI,20230512,1.32
801960.SI,20230515,1.33
801960.SI,20230516,1.32
801960.SI,20230517,1.32
801960.SI,20230518,1.33
801960.SI,20230519,1.31
801960.SI,20230522,1.32
801960.SI,20230523,1.3
801960.SI,20230524,1.28
801960.SI,20230525,1.28
801960.SI,20230526,1.27
801960.SI,20230529,1.29
801960.SI,20230530,1.29
801960.SI,20230531,1.27
801960.SI,20230601,1.29
801960.SI,20230602,1.3
801960.SI,20230605,1.3
801960.SI,20230606,1.29
801960.SI,20230607,1.28
801960.SI,20230608,1.3
801960.SI,20230609,1.3
801960.SI,20230612,1.29
801960.SI,20230613,1.28
801960.SI,20230614,1.29
801960.SI,20230615,1.29
801960.SI,20230616,1.29
801960.SI,20230619,1.28
801960.SI,20230620,1.26
801960.SI,20230621,1.25
801960.SI,20230626,1.24
801960.SI,20230627,1.27
801960.SI,20230628,1.27
801960.SI,20230629,1.26
801960.SI,20230630,1.27
801960.SI,20230703,1.3
801960.SI,20230704,1.3
801960.SI,20230705,1.3
801960.SI,20230706,1.29
801960.SI,20230707,1.3
801960.SI,20230710,1.29
801960.SI,20230711,1.3
801960.SI,20230712,1.3
801960.SI,20230713,1.33
801960.SI,20230714,1.33
801960.SI,20230717,1.32
801960.SI,20230718,1.32
801960.SI,20230719,1.32
801960.SI,20230720,1.31
801960.SI,20230721,1.3
801960.SI,20230724,1.3
801960.SI,20230725,1.32
801960.SI,20230726,1.31
801960.SI,20230727,1.31
801960.SI,20230728,1.32
801960.SI,20230731,1.32
801960.SI,20230801,1.34
801960.SI,20230802,1.31
801960.SI,20230803,1.31
801960.SI,20230804,1.31
801960.SI,20230807,1.31
801960.SI,20230808,1.31
801960.SI,20230809,1.31
801960.SI,20230810,1.33
801960.SI,20230811,1.3
801960.SI,20230814,1.3
801960.SI,20230815,1.3
801960.SI,20230816,1.28
801960.SI,20230817,1.29
801960.SI,20230818,1.28
801960.SI,20230821,1.27
801960.SI,20230822,1.29
801960.SI,20230823,1.28
801960.SI,20230824,1.27
801960.SI,20230825,1.27
801960.SI,20230828,1.3
801960.SI,20230829,1.3
801960.SI,20230830,1.29
801960.SI,20230831,1.28
801960.SI,20230901,1.29
801960.SI,20230904,1.33
801960.SI,20230905,1.33
801960.SI,20230906,1.34
801960.SI,20230907,1.33
801960.SI,20230908,1.32
801960.SI,20230911,1.33
801960.SI,20230912,1.33
801960.SI,20230913,1.34
801960.SI,20230914,1.35
801960.SI,20230915,1.35
801960.SI,20230918,1.34
801960.SI,20230919,1.36
801960.SI,20230920,1.35
801960.SI,20230921,1.34
801960.SI,20230922,1.35
801960.SI,20230925,1.34
801960.SI,20230926,1.33
801960.SI,20230927,1.34
801960.SI,20230928,1.34
801960.SI,20231009,1.34
801960.SI,20231010,1.32
801960.SI,20231011,1.3
801960.SI,20231012,1.3
801960.SI,20231013,1.3
801960.SI,20231016,1.33
801960.SI,20231017,1.34
801960.SI,20231018,1.32
801960.SI,20231019,1.29
801960.SI,20231020,1.28
801960.SI,20231023,1.25
801960.SI,20231024,1.26
801960.SI,20231025,1.26
801960.SI,20231026,1.27
801960.SI,20231027,1.27
801960.SI,20231030,1.26
801960.SI,20231031,1.26
801960.SI,20231101,1.26
801960.SI,20231102,1.26
801960.SI,20231103,1.26
801960.SI,20231106,1.24
801960.SI,20231107,1.25
801960.SI,20231108,1.24
801960.SI,20231109,1.24
801960.SI,20231110,1.24
801960.SI,20231113,1.25
801960.SI,20231114,1.25
801960.SI,20231115,1.26
801960.SI,20231116,1.26
801960.SI,20231117,1.25
801960.SI,20231120,1.25
801960.SI,20231121,1.25
801960.SI,20231122,1.24
801960.SI,20231123,1.25
801960.SI,20231124,1.25
801960.SI,20231127,1.25
801960.SI,20231128,1.25
801960.SI,20231129,1.24
801960.SI,20231130,1.25
801960.SI,20231201,1.24
801960.SI,20231204,1.25
801960.SI,20231205,1.22
801960.SI,20231206,1.22
801960.SI,20231207,1.21
801960.SI,20231208,1.22
801960.SI,20231211,1.22
801960.SI,20231212,1.23
801960.SI,20231213,1.2
801960.SI,20231214,1.2
801960.SI,20231215,1.2
801960.SI,20231218,1.19
801960.SI,20231219,1.19
801960.SI,20231220,1.19
801960.SI,20231221,1.19
801960.SI,20231222,1.2
801960.SI,20231225,1.2
801960.SI,20231226,1.22
801960.SI,20231227,1.23
801960.SI,20231228,1.24
801960.SI,20231229,1.23
801960.SI,20240102,1.24
801960.SI,20240103,1.25
801960.SI,20240104,1.26
801960.SI,20240105,1.25
801960.SI,20240108,1.23
801960.SI,20240109,1.24
801960.SI,20240110,1.23
801960.SI,20240111,1.21
801960.SI,20240112,1.21
801960.SI,20240115,1.22
801960.SI,20240116,1.21
801960.SI,20240117,1.19
801960.SI,20240118,1.18
801960.SI,20240119,1.18
801960.SI,20240122,1.14
801960.SI,20240123,1.15
801960.SI,20240124,1.18
801960.SI,20240125,1.24
801960.SI,20240126,1.26
801960.SI,20240129,1.25
801960.SI,20240130,1.23
801960.SI,20240131,1.22
801960.SI,20240201,1.19
801960.SI,20240202,1.18
801960.SI,20240205,1.16
801960.SI,20240206,1.19
801960.SI,20240207,1.21
801960.SI,20240208,1.23
801960.SI,20240219,1.26
801960.SI,20240220,1.26
801960.SI,20240221,1.27
801960.SI,20240222,1.3
801960.SI,20240223,1.29
801960.SI,20240226,1.28
801960.SI,20240227,1.29
801960.SI,20240228,1.27
801960.SI,20240229,1.29
801960.SI,20240301,1.29
801960.SI,20240304,1.31
801960.SI,20240305,1.31
801960.SI,20240306,1.31
801960.SI,20240307,1.33
801960.SI,20240308,1.35
801960.SI,20240311,1.34
801960.SI,20240312,1.31
801960.SI,20240313,1.3
801960.SI,20240314,1.32
801960.SI,20240315,1.32
801960.SI,20240318,1.32
801960.SI,20240319,1.32
801960.SI,20240320,1.33
801960.SI,20240321,1.33
801960.SI,20240322,1.31
801960.SI,20240325,1.31
801960.SI,20240326,1.31
801960.SI,20240327,1.3
801960.SI,20240328,1.31
801960.SI,20240329,1.36
801960.SI,20240401,1.36
801960.SI,20240402,1.39
801960.SI,20240403,1.41
801960.SI,20240408,1.4
801960.SI,20240409,1.38
801960.SI,20240410,1.38
801960.SI,20240411,1.39
801960.SI,20240412,1.4
801960.SI,20240415,1.41
801960.SI,20240416,1.39
801960.SI,20240417,1.41
801960.SI,20240418,1.39
801960.SI,20240419,1.43
801960.SI,20240422,1.38
801960.SI,20240423,1.35
801960.SI,20240424,1.36
801960.SI,20240425,1.35
801960.SI,20240426,1.36
801960.SI,20240429,1.33
801960.SI,20240430,1.33
801960.SI,20240506,1.34
801960.SI,20240507,1.34
801960.SI,20240508,1.33
801960.SI,20240509,1.33
801960.SI,20240510,1.34
801960.SI,20240513,1.33
801960.SI,20240514,1.33
801960.SI,20240515,1.32
801960.SI,20240516,1.32
801960.SI,20240517,1.33
801960.SI,20240520,1.35
801960.SI,20240521,1.33
801960.SI,20240522,1.32
801960.SI,20240523,1.31
801960.SI,20240524,1.31
801960.SI,20240527,1.33
801960.SI,20240528,1.33
801960.SI,20240529,1.34
801960.SI,20240530,1.32
801960.SI,20240531,1.31
801960.SI,20240603,1.3
801960.SI,20240604,1.3
801960.SI,20240605,1.27
801960.SI,20240606,1.27
801960.SI,20240607,1.28
801960.SI,20240611,1.27
801960.SI,20240612,1.29
801960.SI,20240613,1.27
801960.SI,20240614,1.27
801960.SI,20240617,1.25
801960.SI,20240618,1.26
801960.SI,20240619,1.27
801960.SI,20240620,1.28
801960.SI,20240621,1.27
801960.SI,20240624,1.26
801960.SI,20240625,1.27
801960.SI,20240626,1.28
801960.SI,20240627,1.26
801960.SI,20240628,1.28
801960.SI,20240701,1.3
801960.SI,20240702,1.31
801960.SI,20240703,1.3
801960.SI,20240704,1.3
801960.SI,20240705,1.29
801960.SI,20240708,1.28
801960.SI,20240709,1.28
801960.SI,20240710,1.26
801960.SI,20240711,1.29
801960.SI,20240712,1.28
801960.SI,20240715,1.29
801960.SI,20240716,1.28
801960.SI,20240717,1.26
801960.SI,20240718,1.27
801960.SI,20240719,1.26
801960.SI,20240722,1.23
801960.SI,20240723,1.21
801960.SI,20240724,1.22
801960.SI,20240725,1.2
801960.SI,20240726,1.21
801960.SI,20240729,1.21
801960.SI,20240730,1.18
801960.SI,20240731,1.21
801960.SI,20240801,1.21
801960.SI,20240802,1.2
801960.SI,20240805,1.17
801960.SI,20240806,1.18
801960.SI,20240807,1.18
801960.SI,20240808,1.19
801960.SI,20240809,1.19
801960.SI,20240812,1.19
801960.SI,20240813,1.2
801960.SI,20240814,1.19
801960.SI,20240815,1.2
801960.SI,20240816,1.2
801960.SI,20240819,1.21
801960.SI,20240820,1.19
801960.SI,20240821,1.18
801960.SI,20240822,1.18
801960.SI,20240823,1.19
801960.SI,20240826,1.2
801960.SI,20240827,1.22
801960.SI,20240828,1.22
801960.SI,20240829,1.2
801960.SI,20240830,1.21
801960.SI,20240902,1.22
801960.SI,20240903,1.19
801960.SI,20240904,1.17
801960.SI,20240905,1.16
801960.SI,20240906,1.15
801960.SI,20240909,1.12
801960.SI,20240910,1.13
801960.SI,20240911,1.11
801960.SI,20240912,1.11
801960.SI,20240913,1.11
801960.SI,20240918,1.12
801960.SI,20240919,1.12
801960.SI,20240920,1.12
801960.SI,20240923,1.13
801960.SI,20240924,1.18
801960.SI,20240925,1.19
801960.SI,20240926,1.21
801960.SI,20240927,1.23
801960.SI,20240930,1.32
801960.SI,20241008,1.36
801960.SI,20241009,1.26
801960.SI,20241010,1.29
801960.SI,20241011,1.27
801960.SI,20241014,1.28
801960.SI,20241015,1.24
801960.SI,20241016,1.24
801960.SI,20241017,1.23
801960.SI,20241018,1.24
801960.SI,20241021,1.25
801960.SI,20241022,1.26
801960.SI,20241023,1.27
801960.SI,20241024,1.26
801960.SI,20241025,1.26
801960.SI,20241028,1.27
801960.SI,20241029,1.24
801960.SI,20241030,1.23
801960.SI,20241031,1.23
801960.SI,20241101,1.24
801960.SI,20241104,1.24
801960.SI,20241105,1.26
801960.SI,20241106,1.27
801960.SI,20241107,1.29
801960.SI,20241108,1.28
801960.SI,20241111,1.27
801960.SI,20241112,1.26
801960.SI,20241113,1.27
801960.SI,20241114,1.27
801960.SI,20241115,1.26
801960.SI,20241118,1.26
801960.SI,20241119,1.27
801960.SI,20241120,1.28
801960.SI,20241121,1.27
801960.SI,20241122,1.24
801960.SI,20241125,1.25
801960.SI,20241126,1.25
801960.SI,20241127,1.25
801960.SI,20241128,1.25
801960.SI,20241129,1.25
801960.SI,20241202,1.26
801960.SI,20241203,1.27
801960.SI,20241204,1.28
801960.SI,20241205,1.27
801960.SI,20241206,1.28
801960.SI,20241209,1.29
801960.SI,20241210,1.28
801960.SI,20241211,1.29
801960.SI,20241212,1.3
801960.SI,20241213,1.27
801960.SI,20241216,1.28
801960.SI,20241217,1.27
801960.SI,20241218,1.28
801960.SI,20241219,1.26
801960.SI,20241220,1.25
801960.SI,20241223,1.26
801960.SI,20241224,1.28
801960.SI,20241225,1.28
801960.SI,20241226,1.27
801960.SI,20241227,1.28
801960.SI,20241230,1.29
801960.SI,20241231,1.28
801960.SI,20250102,1.25
801960.SI,20250103,1.25
801960.SI,20250106,1.25
801960.SI,20250107,1.25
801960.SI,20250108,1.25
801960.SI,20250109,1.23
801960.SI,20250110,1.21
801960.SI,20250113,1.23
801960.SI,20250114,1.25
801960.SI,20250115,1.24
801960.SI,20250116,1.25
801960.SI,20250117,1.25
801960.SI,20250120,1.24
801960.SI,20250121,1.22
801960.SI,20250122,1.21
801960.SI,20250123,1.21
801960.SI,20250124,1.21
801960.SI,20250127,1.22
801960.SI,20250205,1.21
801960.SI,20250206,1.22
801960.SI,20250207,1.23
801960.SI,20250210,1.23
801960.SI,20250211,1.24
801960.SI,20250212,1.24
801960.SI,20250213,1.23
801960.SI,20250214,1.22
801960.SI,20250217,1.22
801960.SI,20250218,1.22
801960.SI,20250219,1.21
801960.SI,20250220,1.21
801960.SI,20250221,1.21
801960.SI,20250224,1.2
801960.SI,20250225,1.19
801960.SI,20250226,1.2
801960.SI,20250227,1.21
801960.SI,20250228,1.21
801960.SI,20250303,1.2
801960.SI,20250304,1.19
801960.SI,20250305,1.19
801960.SI,20250306,1.19
801960.SI,20250307,1.19
801960.SI,20250310,1.19
801960.SI,20250311,1.2
801960.SI,20250312,1.19
801960.SI,20250313,1.2
801960.SI,20250314,1.21
801960.SI,20250317,1.22
801960.SI,20250318,1.21
801960.SI,20250319,1.21
801960.SI,20250320,1.22
801960.SI,20250321,1.22
801960.SI,20250324,1.22
801960.SI,20250325,1.23
801960.SI,20250326,1.23
801960.SI,20250327,1.23
801960.SI,20250328,1.2
801960.SI,20250331,1.19
801960.SI,20250401,1.21
801960.SI,20250402,1.2
801960.SI,20250403,1.2
801960.SI,20250407,1.1
801960.SI,20250408,1.12
801960.SI,20250409,1.12
801960.SI,20250410,1.13
801960.SI,20250411,1.13
801960.SI,20250414,1.14
801960.SI,20250415,1.14
801960.SI,20250416,1.15
801960.SI,20250417,1.15
801960.SI,20250418,1.15
801960.SI,20250421,1.16
801960.SI,20250422,1.16
801960.SI,20250423,1.17
801960.SI,20250424,1.17
801960.SI,20250425,1.16
801960.SI,20250428,1.16
801960.SI,20250429,1.15
801960.SI,20250430,1.14
801960.SI,20250506,1.15
801960.SI,20250507,1.16
801960.SI,20250508,1.16
801960.SI,20250509,1.15
801960.SI,20250512,1.16
801960.SI,20250513,1.17
801960.SI,20250514,1.18
801960.SI,20250515,1.17
801960.SI,20250516,1.16
801960.SI,20250519,1.16
801960.SI,20250520,1.17
801960.SI,20250521,1.17
801960.SI,20250522,1.17
801960.SI,20250523,1.16
801960.SI,20250526,1.16
801960.SI,20250527,1.16
801960.SI,20250528,1.17
801960.SI,20250529,1.16
801960.SI,20250530,1.16
801960.SI,20250603,1.16
801960.SI,20250604,1.17
801960.SI,20250605,1.16
801960.SI,20250606,1.17
801960.SI,20250609,1.19
801960.SI,20250610,1.18
801960.SI,20250611,1.19
801960.SI,20250612,1.2
801960.SI,20250613,1.22
801960.SI,20250616,1.22
801960.SI,20250617,1.23
801960.SI,20250618,1.22
801960.SI,20250619,1.23
801960.SI,20250620,1.21
801960.SI,20250623,1.22
801960.SI,20250624,1.19
801960.SI,20250625,1.19
801960.SI,20250626,1.2
801960.SI,20250627,1.19
801960.SI,20250630,1.19
801960.SI,20250701,1.19
801960.SI,20250702,1.2
801960.SI,20250703,1.2
801960.SI,20250704,1.2
801960.SI,20250707,1.19
801960.SI,20250708,1.2
801960.SI,20250709,1.2
801960.SI,20250710,1.22
801960.SI,20250711,1.21
801960.SI,20250714,1.22
801960.SI,20250715,1.21
801960.SI,20250716,1.21
801960.SI,20250717,1.21
801960.SI,20250718,1.22
801960.SI,20250721,1.25
801960.SI,20250722,1.27
801960.SI,20250723,1.26
801960.SI,20250724,1.26
801960.SI,20250725,1.26
801960.SI,20250728,1.24
801960.SI,20250729,1.24
801960.SI,20250730,1.26
801960.SI,20250731,1.24
801960.SI,20250801,1.22
801960.SI,20250804,1.21
801960.SI,20250805,1.22
801960.SI,20250806,1.22
801960.SI,20250807,1.22
801960.SI,20250808,1.23
801960.SI,20250811,1.22
801960.SI,20250812,1.23
801960.SI,20250813,1.23
801960.SI,20250814,1.22
801960.SI,20250815,1.23
801960.SI,20250818,1.23
801960.SI,20250819,1.22
801960.SI,20250820,1.25
801960.SI,20250821,1.26
801960.SI,20250822,1.27
801960.SI,20250825,1.27
801960.SI,20250826,1.28
801960.SI,20250827,1.25
801960.SI,20250828,1.26
801960.SI,20250829,1.26
801960.SI,20250901,1.26
801960.SI,20250902,1.27
801960.SI,20250903,1.26
801960.SI,20250904,1.24
801960.SI,20250905,1.25
801960.SI,20250908,1.26
801960.SI,20250909,1.25
801960.SI,20250910,1.25
801960.SI,20250911,1.25
801960.SI,20250912,1.24
801960.SI,20250915,1.24
801960.SI,20250916,1.24
801960.SI,20250917,1.24
801960.SI,20250918,1.22
801960.SI,20250919,1.22
801960.SI,20250922,1.21
801960.SI,20250923,1.2
801960.SI,20250924,1.21
801960.SI,20250925,1.2
801960.SI,20250926,1.22
801960.SI,20250929,1.21
801960.SI,20250930,1.21
801960.SI,20251009,1.23
801960.SI,20251010,1.25
801960.SI,20251013,1.23
801960.SI,20251014,1.24
801960.SI,20251015,1.24
801960.SI,20251016,1.23
801960.SI,20251017,1.22
801960.SI,20251020,1.23
801960.SI,20251021,1.25
801960.SI,20251022,1.27
801960.SI,20251023,1.29
801960.SI,20251024,1.27
801960.SI,20251027,1.27
801960.SI,20251028,1.27
801960.SI,20251029,1.27
801960.SI,20251030,1.27
801960.SI,20251031,1.26
801960.SI,20251103,1.29
801960.SI,20251104,1.28
801960.SI,20251105,1.28
801960.SI,20251106,1.3
801960.SI,20251107,1.32
801960.SI,20251110,1.34
801960.SI,20251111,1.34
801960.SI,20251112,1.35
801960.SI,20251113,1.35
801960.SI,20251114,1.35
801960.SI,20251117,1.36
801960.SI,20251118,1.34
801960.SI,20251119,1.37
801960.SI,20251120,1.35
801960.SI,20251121,1.31
801960.SI,20251124,1.3
801960.SI,20251125,1.3
801960.SI,20251126,1.28
801960.SI,20251127,1.3
801960.SI,20251128,1.3
801960.SI,20251201,1.32
801960.SI,20251202,1.33
801960.SI,20251203,1.33
801960.SI,20251204,1.32
801960.SI,20251205,1.33
801960.SI,20251208,1.31
801960.SI,20251209,1.3
801960.SI,20251210,1.3
801960.SI,20251211,1.28
801960.SI,20251212,1.28
801960.SI,20251215,1.29
801960.SI,20251216,1.27
801960.SI,20251217,1.28
801960.SI,20251218,1.3
801960.SI,20251219,1.3
801960.SI,20251222,1.32
801960.SI,20251223,1.32
801960.SI,20251224,1.33
801960.SI,20251225,1.33
801960.SI,20251226,1.34
801960.SI,20251229,1.36
801960.SI,20251230,1.4
801960.SI,20251231,1.39
801970.SI,20221010,1.47
801970.SI,20221011,1.49
801970.SI,20221012,1.52
801970.SI,20221013,1.54
801970.SI,20221014,1.57
801970.SI,20221017,1.58
801970.SI,20221018,1.59
801970.SI,20221019,1.58
801970.SI,20221020,1.56
801970.SI,20221021,1.55
801970.SI,20221024,1.52
801970.SI,20221025,1.51
801970.SI,20221026,1.53
801970.SI,20221027,1.53
801970.SI,20221028,1.48
801970.SI,20221031,1.45
801970.SI,20221101,1.49
801970.SI,20221102,1.5
801970.SI,20221103,1.51
801970.SI,20221104,1.55
801970.SI,20221107,1.55
801970.SI,20221108,1.56
801970.SI,20221109,1.56
801970.SI,20221110,1.55
801970.SI,20221111,1.55
801970.SI,20221114,1.54
801970.SI,20221115,1.56
801970.SI,20221116,1.56
801970.SI,20221117,1.55
801970.SI,20221118,1.55
801970.SI,20221121,1.55
801970.SI,20221122,1.55
801970.SI,20221123,1.55
801970.SI,20221124,1.55
801970.SI,20221125,1.55
801970.SI,20221128,1.54
801970.SI,20221129,1.56
801970.SI,20221130,1.56
801970.SI,20221201,1.56
801970.SI,20221202,1.56
801970.SI,20221205,1.57
801970.SI,20221206,1.56
801970.SI,20221207,1.57
801970.SI,20221208,1.56
801970.SI,20221209,1.55
801970.SI,20221212,1.54
801970.SI,20221213,1.54
801970.SI,20221214,1.54
801970.SI,20221215,1.54
801970.SI,20221216,1.53
801970.SI,20221219,1.49
801970.SI,20221220,1.49
801970.SI,20221221,1.48
801970.SI,20221222,1.45
801970.SI,20221223,1.45
801970.SI,20221226,1.48
801970.SI,20221227,1.49
801970.SI,20221228,1.48
801970.SI,20221229,1.47
801970.SI,20221230,1.48
801970.SI,20230103,1.5
801970.SI,20230104,1.51
801970.SI,20230105,1.52
801970.SI,20230106,1.52
801970.SI,20230109,1.52
801970.SI,20230110,1.51
801970.SI,20230111,1.51
801970.SI,20230112,1.51
801970.SI,20230113,1.51
801970.SI,20230116,1.52
801970.SI,20230117,1.52
801970.SI,20230118,1.52
801970.SI,20230119,1.53
801970.SI,20230120,1.55
801970.SI,20230130,1.56
801970.SI,20230131,1.57
801970.SI,20230201,1.59
801970.SI,20230202,1.59
801970.SI,20230203,1.59
801970.SI,20230206,1.6
801970.SI,20230207,1.62
801970.SI,20230208,1.61
801970.SI,20230209,1.62
801970.SI,20230210,1.63
801970.SI,20230213,1.63
801970.SI,20230214,1.64
801970.SI,20230215,1.63
801970.SI,20230216,1.59
801970.SI,20230217,1.59
801970.SI,20230220,1.6
801970.SI,20230221,1.61
801970.SI,20230222,1.61
801970.SI,20230223,1.61
801970.SI,20230224,1.61
801970.SI,20230227,1.59
801970.SI,20230228,1.6
801970.SI,20230301,1.6
801970.SI,20230302,1.6
801970.SI,20230303,1.61
801970.SI,20230306,1.61
801970.SI,20230307,1.59
801970.SI,20230308,1.59
801970.SI,20230309,1.61
801970.SI,20230310,1.59
801970.SI,20230313,1.58
801970.SI,20230314,1.56
801970.SI,20230315,1.58
801970.SI,20230316,1.56
801970.SI,20230317,1.56
801970.SI,20230320,1.55
801970.SI,20230321,1.56
801970.SI,20230322,1.57
801970.SI,20230323,1.56
801970.SI,20230324,1.55
801970.SI,20230327,1.54
801970.SI,20230328,1.54
801970.SI,20230329,1.52
801970.SI,20230330,1.52
801970.SI,20230331,1.55
801970.SI,20230403,1.56
801970.SI,20230404,1.55
801970.SI,20230406,1.55
801970.SI,20230407,1.56
801970.SI,20230410,1.54
801970.SI,20230411,1.53
801970.SI,20230412,1.54
801970.SI,20230413,1.55
801970.SI,20230414,1.56
801970.SI,20230417,1.57
801970.SI,20230418,1.56
801970.SI,20230419,1.55
801970.SI,20230420,1.53
801970.SI,20230421,1.5
801970.SI,20230424,1.5
801970.SI,20230425,1.48
801970.SI,20230426,1.49
801970.SI,20230427,1.5
801970.SI,20230428,1.5
801970.SI,20230504,1.51
801970.SI,20230505,1.5
801970.SI,20230508,1.5
801970.SI,20230509,1.5
801970.SI,20230510,1.5
801970.SI,20230511,1.52
801970.SI,20230512,1.51
801970.SI,20230515,1.52
801970.SI,20230516,1.52
801970.SI,20230517,1.53
801970.SI,20230518,1.52
801970.SI,20230519,1.51
801970.SI,20230522,1.53
801970.SI,20230523,1.51
801970.SI,20230524,1.5
801970.SI,20230525,1.5
801970.SI,20230526,1.51
801970.SI,20230529,1.51
801970.SI,20230530,1.52
801970.SI,20230531,1.5
801970.SI,20230601,1.48
801970.SI,20230602,1.49
801970.SI,20230605,1.5
801970.SI,20230606,1.47
801970.SI,20230607,1.47
801970.SI,20230608,1.47
801970.SI,20230609,1.47
801970.SI,20230612,1.46
801970.SI,20230613,1.45
801970.SI,20230614,1.45
801970.SI,20230615,1.46
801970.SI,20230616,1.46
801970.SI,20230619,1.45
801970.SI,20230620,1.45
801970.SI,20230621,1.44
801970.SI,20230626,1.43
801970.SI,20230627,1.46
801970.SI,20230628,1.46
801970.SI,20230629,1.47
801970.SI,20230630,1.48
801970.SI,20230703,1.49
801970.SI,20230704,1.48
801970.SI,20230705,1.49
801970.SI,20230706,1.48
801970.SI,20230707,1.48
801970.SI,20230710,1.49
801970.SI,20230711,1.5
801970.SI,20230712,1.48
801970.SI,20230713,1.49
801970.SI,20230714,1.49
801970.SI,20230717,1.5
801970.SI,20230718,1.5
801970.SI,20230719,1.5
801970.SI,20230720,1.49
801970.SI,20230721,1.49
801970.SI,20230724,1.49
801970.SI,20230725,1.51
801970.SI,20230726,1.53
801970.SI,20230727,1.52
801970.SI,20230728,1.52
801970.SI,20230731,1.54
801970.SI,20230801,1.54
801970.SI,20230802,1.53
801970.SI,20230803,1.53
801970.SI,20230804,1.52
801970.SI,20230807,1.51
801970.SI,20230808,1.51
801970.SI,20230809,1.5
801970.SI,20230810,1.5
801970.SI,20230811,1.47
801970.SI,20230814,1.47
801970.SI,20230815,1.47
801970.SI,20230816,1.46
801970.SI,20230817,1.48
801970.SI,20230818,1.49
801970.SI,20230821,1.51
801970.SI,20230822,1.49
801970.SI,20230823,1.51
801970.SI,20230824,1.5
801970.SI,20230825,1.51
801970.SI,20230828,1.53
801970.SI,20230829,1.53
801970.SI,20230830,1.5
801970.SI,20230831,1.48
801970.SI,20230901,1.46
801970.SI,20230904,1.49
801970.SI,20230905,1.48
801970.SI,20230906,1.47
801970.SI,20230907,1.45
801970.SI,20230908,1.44
801970.SI,20230911,1.46
801970.SI,20230912,1.47
801970.SI,20230913,1.47
801970.SI,20230914,1.46
801970.SI,20230915,1.46
801970.SI,20230918,1.46
801970.SI,20230919,1.46
801970.SI,20230920,1.44
801970.SI,20230921,1.43
801970.SI,20230922,1.44
801970.SI,20230925,1.44
801970.SI,20230926,1.44
801970.SI,20230927,1.45
801970.SI,20230928,1.45
801970.SI,20231009,1.44
801970.SI,20231010,1.43
801970.SI,20231011,1.43
801970.SI,20231012,1.44
801970.SI,20231013,1.42
801970.SI,20231016,1.41
801970.SI,20231017,1.41
801970.SI,20231018,1.38
801970.SI,20231019,1.37
801970.SI,20231020,1.37
801970.SI,20231023,1.33
801970.SI,20231024,1.36
801970.SI,20231025,1.4
801970.SI,20231026,1.4
801970.SI,20231027,1.42
801970.SI,20231030,1.41
801970.SI,20231031,1.4
801970.SI,20231101,1.41
801970.SI,20231102,1.4
801970.SI,20231103,1.41
801970.SI,20231106,1.43
801970.SI,20231107,1.43
801970.SI,20231108,1.43
801970.SI,20231109,1.42
801970.SI,20231110,1.42
801970.SI,20231113,1.43
801970.SI,20231114,1.43
801970.SI,20231115,1.44
801970.SI,20231116,1.43
801970.SI,20231117,1.43
801970.SI,20231120,1.45
801970.SI,20231121,1.44
801970.SI,20231122,1.43
801970.SI,20231123,1.44
801970.SI,20231124,1.43
801970.SI,20231127,1.42
801970.SI,20231128,1.43
801970.SI,20231129,1.43
801970.SI,20231130,1.42
801970.SI,20231201,1.42
801970.SI,20231204,1.42
801970.SI,20231205,1.4
801970.SI,20231206,1.41
801970.SI,20231207,1.4
801970.SI,20231208,1.39
801970.SI,20231211,1.4
801970.SI,20231212,1.4
801970.SI,20231213,1.39
801970.SI,20231214,1.39
801970.SI,20231215,1.38
801970.SI,20231218,1.36
801970.SI,20231219,1.36
801970.SI,20231220,1.35
801970.SI,20231221,1.36
801970.SI,20231222,1.35
801970.SI,20231225,1.33
801970.SI,20231226,1.33
801970.SI,20231227,1.34
801970.SI,20231228,1.35
801970.SI,20231229,1.36
801970.SI,20240102,1.38
801970.SI,20240103,1.38
801970.SI,20240104,1.39
801970.SI,20240105,1.37
801970.SI,20240108,1.34
801970.SI,20240109,1.35
801970.SI,20240110,1.34
801970.SI,20240111,1.36
801970.SI,20240112,1.37
801970.SI,20240115,1.35
801970.SI,20240116,1.34
801970.SI,20240117,1.31
801970.SI,20240118,1.3
801970.SI,20240119,1.28
801970.SI,20240122,1.21
801970.SI,20240123,1.23
801970.SI,20240124,1.25
801970.SI,20240125,1.3
801970.SI,20240126,1.31
801970.SI,20240129,1.28
801970.SI,20240130,1.25
801970.SI,20240131,1.21
801970.SI,20240201,1.18
801970.SI,20240202,1.13
801970.SI,20240205,1.06
801970.SI,20240206,1.1
801970.SI,20240207,1.1
801970.SI,20240208,1.15
801970.SI,20240219,1.16
801970.SI,20240220,1.17
801970.SI,20240221,1.18
801970.SI,20240222,1.2
801970.SI,20240223,1.21
801970.SI,20240226,1.22
801970.SI,20240227,1.24
801970.SI,20240228,1.19
801970.SI,20240229,1.22
801970.SI,20240301,1.23
801970.SI,20240304,1.23
801970.SI,20240305,1.21
801970.SI,20240306,1.22
801970.SI,20240307,1.22
801970.SI,20240308,1.23
801970.SI,20240311,1.25
801970.SI,20240312,1.26
801970.SI,20240313,1.25
801970.SI,20240314,1.26
801970.SI,20240315,1.29
801970.SI,20240318,1.3
801970.SI,20240319,1.29
801970.SI,20240320,1.3
801970.SI,20240321,1.3
801970.SI,20240322,1.28
801970.SI,20240325,1.26
801970.SI,20240326,1.28
801970.SI,20240327,1.25
801970.SI,20240328,1.26
801970.SI,20240329,1.29
801970.SI,20240401,1.32
801970.SI,20240402,1.32
801970.SI,20240403,1.33
801970.SI,20240408,1.3
801970.SI,20240409,1.31
801970.SI,20240410,1.29
801970.SI,20240411,1.31
801970.SI,20240412,1.29
801970.SI,20240415,1.26
801970.SI,20240416,1.2
801970.SI,20240417,1.26
801970.SI,20240418,1.25
801970.SI,20240419,1.26
801970.SI,20240422,1.25
801970.SI,20240423,1.25
801970.SI,20240424,1.26
801970.SI,20240425,1.27
801970.SI,20240426,1.27
801970.SI,20240429,1.32
801970.SI,20240430,1.31
801970.SI,20240506,1.34
801970.SI,20240507,1.34
801970.SI,20240508,1.33
801970.SI,20240509,1.35
801970.SI,20240510,1.34
801970.SI,20240513,1.34
801970.SI,20240514,1.35
801970.SI,20240515,1.33
801970.SI,20240516,1.33
801970.SI,20240517,1.34
801970.SI,20240520,1.34
801970.SI,20240521,1.33
801970.SI,20240522,1.33
801970.SI,20240523,1.3
801970.SI,20240524,1.3
801970.SI,20240527,1.31
801970.SI,20240528,1.3
801970.SI,20240529,1.31
801970.SI,20240530,1.31
801970.SI,20240531,1.3
801970.SI,20240603,1.28
801970.SI,20240604,1.27
801970.SI,20240605,1.25
801970.SI,20240606,1.21
801970.SI,20240607,1.28
801970.SI,20240611,1.27
801970.SI,20240612,1.28
801970.SI,20240613,1.27
801970.SI,20240614,1.27
801970.SI,20240617,1.27
801970.SI,20240618,1.28
801970.SI,20240619,1.27
801970.SI,20240620,1.25
801970.SI,20240621,1.25
801970.SI,20240624,1.22
801970.SI,20240625,1.22
801970.SI,20240626,1.24
801970.SI,20240627,1.21
801970.SI,20240628,1.22
801970.SI,20240701,1.24
801970.SI,20240702,1.25
801970.SI,20240703,1.24
801970.SI,20240704,1.21
801970.SI,20240705,1.22
801970.SI,20240708,1.2
801970.SI,20240709,1.22
801970.SI,20240710,1.2
801970.SI,20240711,1.23
801970.SI,20240712,1.23
801970.SI,20240715,1.22
801970.SI,20240716,1.21
801970.SI,20240717,1.2
801970.SI,20240718,1.2
801970.SI,20240719,1.2
801970.SI,20240722,1.2
801970.SI,20240723,1.2
801970.SI,20240724,1.19
801970.SI,20240725,1.2
801970.SI,20240726,1.22
801970.SI,20240729,1.22
801970.SI,20240730,1.23
801970.SI,20240731,1.25
801970.SI,20240801,1.25
801970.SI,20240802,1.24
801970.SI,20240805,1.21
801970.SI,20240806,1.22
801970.SI,20240807,1.22
801970.SI,20240808,1.23
801970.SI,20240809,1.22
801970.SI,20240812,1.24
801970.SI,20240813,1.24
801970.SI,20240814,1.23
801970.SI,20240815,1.24
801970.SI,20240816,1.22
801970.SI,20240819,1.22
801970.SI,20240820,1.21
801970.SI,20240821,1.2
801970.SI,20240822,1.19
801970.SI,20240823,1.18
801970.SI,20240826,1.18
801970.SI,20240827,1.17
801970.SI,20240828,1.16
801970.SI,20240829,1.16
801970.SI,20240830,1.17
801970.SI,20240902,1.13
801970.SI,20240903,1.13
801970.SI,20240904,1.13
801970.SI,20240905,1.14
801970.SI,20240906,1.12
801970.SI,20240909,1.12
801970.SI,20240910,1.12
801970.SI,20240911,1.11
801970.SI,20240912,1.12
801970.SI,20240913,1.11
801970.SI,20240918,1.1
801970.SI,20240919,1.12
801970.SI,20240920,1.11
801970.SI,20240923,1.11
801970.SI,20240924,1.16
801970.SI,20240925,1.18
801970.SI,20240926,1.21
801970.SI,20240927,1.25
801970.SI,20240930,1.37
801970.SI,20241008,1.46
801970.SI,20241009,1.35
801970.SI,20241010,1.37
801970.SI,20241011,1.32
801970.SI,20241014,1.38
801970.SI,20241015,1.34
801970.SI,20241016,1.36
801970.SI,20241017,1.34
801970.SI,20241018,1.37
801970.SI,20241021,1.39
801970.SI,20241022,1.41
801970.SI,20241023,1.41
801970.SI,20241024,1.41
801970.SI,20241025,1.44
801970.SI,20241028,1.48
801970.SI,20241029,1.44
801970.SI,20241030,1.44
801970.SI,20241031,1.46
801970.SI,20241101,1.43
801970.SI,20241104,1.44
801970.SI,20241105,1.47
801970.SI,20241106,1.48
801970.SI,20241107,1.53
801970.SI,20241108,1.52
801970.SI,20241111,1.55
801970.SI,20241112,1.52
801970.SI,20241113,1.52
801970.SI,20241114,1.48
801970.SI,20241115,1.45
801970.SI,20241118,1.45
801970.SI,20241119,1.48
801970.SI,20241120,1.5
801970.SI,20241121,1.5
801970.SI,20241122,1.45
801970.SI,20241125,1.46
801970.SI,20241126,1.44
801970.SI,20241127,1.45
801970.SI,20241128,1.47
801970.SI,20241129,1.48
801970.SI,20241202,1.5
801970.SI,20241203,1.51
801970.SI,20241204,1.49
801970.SI,20241205,1.5
801970.SI,20241206,1.53
801970.SI,20241209,1.52
801970.SI,20241210,1.51
801970.SI,20241211,1.53
801970.SI,20241212,1.54
801970.SI,20241213,1.51
801970.SI,20241216,1.51
801970.SI,20241217,1.46
801970.SI,20241218,1.47
801970.SI,20241219,1.47
801970.SI,20241220,1.47
801970.SI,20241223,1.43
801970.SI,20241224,1.45
801970.SI,20241225,1.43
801970.SI,20241226,1.43
801970.SI,20241227,1.45
801970.SI,20241230,1.44
801970.SI,20241231,1.42
801970.SI,20250102,1.39
801970.SI,20250103,1.34
801970.SI,20250106,1.33
801970.SI,20250107,1.34
801970.SI,20250108,1.33
801970.SI,20250109,1.33
801970.SI,20250110,1.3
801970.SI,20250113,1.29
801970.SI,20250114,1.34
801970.SI,20250115,1.33
801970.SI,20250116,1.35
801970.SI,20250117,1.34
801970.SI,20250120,1.35
801970.SI,20250121,1.35
801970.SI,20250122,1.34
801970.SI,20250123,1.33
801970.SI,20250124,1.34
801970.SI,20250127,1.35
801970.SI,20250205,1.35
801970.SI,20250206,1.36
801970.SI,20250207,1.37
801970.SI,20250210,1.39
801970.SI,20250211,1.39
801970.SI,20250212,1.4
801970.SI,20250213,1.39
801970.SI,20250214,1.39
801970.SI,20250217,1.41
801970.SI,20250218,1.39
801970.SI,20250219,1.41
801970.SI,20250220,1.41
801970.SI,20250221,1.42
801970.SI,20250224,1.44
801970.SI,20250225,1.43
801970.SI,20250226,1.45
801970.SI,20250227,1.44
801970.SI,20250228,1.41
801970.SI,20250303,1.42
801970.SI,20250304,1.43
801970.SI,20250305,1.42
801970.SI,20250306,1.45
801970.SI,20250307,1.44
801970.SI,20250310,1.46
801970.SI,20250311,1.46
801970.SI,20250312,1.47
801970.SI,20250313,1.46
801970.SI,20250314,1.48
801970.SI,20250317,1.5
801970.SI,20250318,1.51
801970.SI,20250319,1.5
801970.SI,20250320,1.5
801970.SI,20250321,1.5
801970.SI,20250324,1.47
801970.SI,20250325,1.47
801970.SI,20250326,1.48
801970.SI,20250327,1.47
801970.SI,20250328,1.46
801970.SI,20250331,1.45
801970.SI,20250401,1.47
801970.SI,20250402,1.46
801970.SI,20250403,1.46
801970.SI,20250407,1.31
801970.SI,20250408,1.33
801970.SI,20250409,1.36
801970.SI,20250410,1.39
801970.SI,20250411,1.38
801970.SI,20250414,1.41
801970.SI,20250415,1.41
801970.SI,20250416,1.39
801970.SI,20250417,1.39
801970.SI,20250418,1.39
801970.SI,20250421,1.39
801970.SI,20250422,1.4
801970.SI,20250423,1.4
801970.SI,20250424,1.4
801970.SI,20250425,1.4
801970.SI,20250428,1.38
801970.SI,20250429,1.39
801970.SI,20250430,1.4
801970.SI,20250506,1.42
801970.SI,20250507,1.43
801970.SI,20250508,1.45
801970.SI,20250509,1.44
801970.SI,20250512,1.45
801970.SI,20250513,1.45
801970.SI,20250514,1.45
801970.SI,20250515,1.44
801970.SI,20250516,1.44
801970.SI,20250519,1.47
801970.SI,20250520,1.48
801970.SI,20250521,1.48
801970.SI,20250522,1.46
801970.SI,20250523,1.45
801970.SI,20250526,1.47
801970.SI,20250527,1.48
801970.SI,20250528,1.49
801970.SI,20250529,1.51
801970.SI,20250530,1.5
801970.SI,20250603,1.49
801970.SI,20250604,1.51
801970.SI,20250605,1.51
801970.SI,20250606,1.51
801970.SI,20250609,1.52
801970.SI,20250610,1.51
801970.SI,20250611,1.51
801970.SI,20250612,1.51
801970.SI,20250613,1.49
801970.SI,20250616,1.49
801970.SI,20250617,1.49
801970.SI,20250618,1.48
801970.SI,20250619,1.46
801970.SI,20250620,1.45
801970.SI,20250623,1.47
801970.SI,20250624,1.5
801970.SI,20250625,1.51
801970.SI,20250626,1.51
801970.SI,20250627,1.51
801970.SI,20250630,1.52
801970.SI,20250701,1.53
801970.SI,20250702,1.53
801970.SI,20250703,1.54
801970.SI,20250704,1.52
801970.SI,20250707,1.54
801970.SI,20250708,1.55
801970.SI,20250709,1.56
801970.SI,20250710,1.57
801970.SI,20250711,1.58
801970.SI,20250714,1.57
801970.SI,20250715,1.56
801970.SI,20250716,1.56
801970.SI,20250717,1.55
801970.SI,20250718,1.57
801970.SI,20250721,1.58
801970.SI,20250722,1.59
801970.SI,20250723,1.6
801970.SI,20250724,1.61
801970.SI,20250725,1.6
801970.SI,20250728,1.6
801970.SI,20250729,1.59
801970.SI,20250730,1.58
801970.SI,20250731,1.55
801970.SI,20250801,1.56
801970.SI,20250804,1.57
801970.SI,20250805,1.59
801970.SI,20250806,1.6
801970.SI,20250807,1.6
801970.SI,20250808,1.6
801970.SI,20250811,1.62
801970.SI,20250812,1.62
801970.SI,20250813,1.64
801970.SI,20250814,1.62
801970.SI,20250815,1.65
801970.SI,20250818,1.66
801970.SI,20250819,1.66
801970.SI,20250820,1.67
801970.SI,20250821,1.66
801970.SI,20250822,1.67
801970.SI,20250825,1.69
801970.SI,20250826,1.71
801970.SI,20250827,1.66
801970.SI,20250828,1.66
801970.SI,20250829,1.65
801970.SI,20250901,1.67
801970.SI,20250902,1.65
801970.SI,20250903,1.63
801970.SI,20250904,1.62
801970.SI,20250905,1.65
801970.SI,20250908,1.66
801970.SI,20250909,1.65
801970.SI,20250910,1.65
801970.SI,20250911,1.67
801970.SI,20250912,1.66
801970.SI,20250915,1.66
801970.SI,20250916,1.67
801970.SI,20250917,1.67
801970.SI,20250918,1.65
801970.SI,20250919,1.64
801970.SI,20250922,1.64
801970.SI,20250923,1.64
801970.SI,20250924,1.67
801970.SI,20250925,1.65
801970.SI,20250926,1.66
801970.SI,20250929,1.68
801970.SI,20250930,1.66
801970.SI,20251009,1.69
801970.SI,20251010,1.69
801970.SI,20251013,1.72
801970.SI,20251014,1.71
801970.SI,20251015,1.72
801970.SI,20251016,1.7
801970.SI,20251017,1.67
801970.SI,20251020,1.68
801970.SI,20251021,1.71
801970.SI,20251022,1.71
801970.SI,20251023,1.7
801970.SI,20251024,1.7
801970.SI,20251027,1.7
801970.SI,20251028,1.7
801970.SI,20251029,1.7
801970.SI,20251030,1.68
801970.SI,20251031,1.69
801970.SI,20251103,1.7
801970.SI,20251104,1.7
801970.SI,20251105,1.72
801970.SI,20251106,1.72
801970.SI,20251107,1.73
801970.SI,20251110,1.73
801970.SI,20251111,1.74
801970.SI,20251112,1.72
801970.SI,20251113,1.73
801970.SI,20251114,1.73
801970.SI,20251117,1.73
801970.SI,20251118,1.71
801970.SI,20251119,1.69
801970.SI,20251120,1.69
801970.SI,20251121,1.64
801970.SI,20251124,1.64
801970.SI,20251125,1.66
801970.SI,20251126,1.65
801970.SI,20251127,1.65
801970.SI,20251128,1.67
801970.SI,20251201,1.66
801970.SI,20251202,1.65
801970.SI,20251203,1.64
801970.SI,20251204,1.64
801970.SI,20251205,1.66
801970.SI,20251208,1.67
801970.SI,20251209,1.66
801970.SI,20251210,1.66
801970.SI,20251211,1.64
801970.SI,20251212,1.65
801970.SI,20251215,1.65
801970.SI,20251216,1.62
801970.SI,20251217,1.62
801970.SI,20251218,1.62
801970.SI,20251219,1.66
801970.SI,20251222,1.66
801970.SI,20251223,1.65
801970.SI,20251224,1.68
801970.SI,20251225,1.69
801970.SI,20251226,1.69
801970.SI,20251229,1.67
801970.SI,20251230,1.66
801970.SI,20251231,1.67
801980.SI,20221010,4.99
801980.SI,20221011,4.98
801980.SI,20221012,5.02
801980.SI,20221013,5.08
801980.SI,20221014,5.2
801980.SI,20221017,5.18
801980.SI,20221018,5.14
801980.SI,20221019,5.06
801980.SI,20221020,5.11
801980.SI,20221021,4.95
801980.SI,20221024,4.74
801980.SI,20221025,4.68
801980.SI,20221026,4.95
801980.SI,20221027,4.77
801980.SI,20221028,4.67
801980.SI,20221031,4.65
801980.SI,20221101,4.88
801980.SI,20221102,4.99
801980.SI,20221103,5.0
801980.SI,20221104,5.09
801980.SI,20221107,5.1
801980.SI,20221108,5.08
801980.SI,20221109,5.04
801980.SI,20221110,5.09
801980.SI,20221111,5.11
801980.SI,20221114,4.98
801980.SI,20221115,5.07
801980.SI,20221116,5.04
801980.SI,20221117,5.0
801980.SI,20221118,5.07
801980.SI,20221121,4.93
801980.SI,20221122,4.87
801980.SI,20221123,4.87
801980.SI,20221124,4.86
801980.SI,20221125,4.84
801980.SI,20221128,4.88
801980.SI,20221129,5.0
801980.SI,20221130,4.98
801980.SI,20221201,5.11
801980.SI,20221202,5.17
801980.SI,20221205,5.17
801980.SI,20221206,5.26
801980.SI,20221207,5.28
801980.SI,20221208,5.28
801980.SI,20221209,5.27
801980.SI,20221212,5.2
801980.SI,20221213,5.27
801980.SI,20221214,5.37
801980.SI,20221215,5.36
801980.SI,20221216,5.3
801980.SI,20221219,5.2
801980.SI,20221220,5.07
801980.SI,20221221,5.04
801980.SI,20221222,5.25
801980.SI,20221223,5.21
801980.SI,20221226,5.19
801980.SI,20221227,5.41
801980.SI,20221228,5.38
801980.SI,20221229,5.41
801980.SI,20221230,5.42
801980.SI,20230103,5.28
801980.SI,20230104,5.28
801980.SI,20230105,5.4
801980.SI,20230106,5.33
801980.SI,20230109,5.42
801980.SI,20230110,5.46
801980.SI,20230111,5.41
801980.SI,20230112,5.35
801980.SI,20230113,5.43
801980.SI,20230116,5.52
801980.SI,20230117,5.5
801980.SI,20230118,5.45
801980.SI,20230119,5.47
801980.SI,20230120,5.41
801980.SI,20230130,5.41
801980.SI,20230131,5.36
801980.SI,20230201,5.41
801980.SI,20230202,5.41
801980.SI,20230203,5.37
801980.SI,20230206,5.3
801980.SI,20230207,5.32
801980.SI,20230208,5.29
801980.SI,20230209,5.38
801980.SI,20230210,5.41
801980.SI,20230213,5.64
801980.SI,20230214,5.65
801980.SI,20230215,5.59
801980.SI,20230216,5.54
801980.SI,20230217,5.6
801980.SI,20230220,5.66
801980.SI,20230221,5.56
801980.SI,20230222,5.58
801980.SI,20230223,5.51
801980.SI,20230224,5.48
801980.SI,20230227,5.44
801980.SI,20230228,5.45
801980.SI,20230301,5.43
801980.SI,20230302,5.43
801980.SI,20230303,5.4
801980.SI,20230306,5.4
801980.SI,20230307,5.22
801980.SI,20230308,5.26
801980.SI,20230309,5.2
801980.SI,20230310,5.09
801980.SI,20230313,5.1
801980.SI,20230314,5.07
801980.SI,20230315,5.07
801980.SI,20230316,5.1
801980.SI,20230317,5.02
801980.SI,20230320,4.92
801980.SI,20230321,5.02
801980.SI,20230322,5.05
801980.SI,20230323,5.02
801980.SI,20230324,5.0
801980.SI,20230327,5.0
801980.SI,20230328,5.09
801980.SI,20230329,5.12
801980.SI,20230330,5.15
801980.SI,20230331,5.19
801980.SI,20230403,5.22
801980.SI,20230404,5.18
801980.SI,20230406,5.14
801980.SI,20230407,5.18
801980.SI,20230410,5.18
801980.SI,20230411,5.17
801980.SI,20230412,5.09
801980.SI,20230413,5.15
801980.SI,20230414,5.13
801980.SI,20230417,5.09
801980.SI,20230418,5.07
801980.SI,20230419,5.0
801980.SI,20230420,4.92
801980.SI,20230421,4.81
801980.SI,20230424,4.72
801980.SI,20230425,4.77
801980.SI,20230426,4.62
801980.SI,20230427,4.76
801980.SI,20230428,4.75
801980.SI,20230504,4.85
801980.SI,20230505,4.8
801980.SI,20230508,4.76
801980.SI,20230509,4.66
801980.SI,20230510,4.73
801980.SI,20230511,4.75
801980.SI,20230512,4.72
801980.SI,20230515,4.76
801980.SI,20230516,4.75
801980.SI,20230517,4.7
801980.SI,20230518,4.67
801980.SI,20230519,4.71
801980.SI,20230522,4.84
801980.SI,20230523,4.78
801980.SI,20230524,4.7
801980.SI,20230525,4.68
801980.SI,20230526,4.66
801980.SI,20230529,4.62
801980.SI,20230530,4.52
801980.SI,20230531,4.51
801980.SI,20230601,4.53
801980.SI,20230602,4.53
801980.SI,20230605,4.52
801980.SI,20230606,4.49
801980.SI,20230607,4.44
801980.SI,20230608,4.41
801980.SI,20230609,4.35
801980.SI,20230612,4.43
801980.SI,20230613,4.41
801980.SI,20230614,4.52
801980.SI,20230615,4.58
801980.SI,20230616,4.57
801980.SI,20230619,4.47
801980.SI,20230620,4.46
801980.SI,20230621,4.37
801980.SI,20230626,4.32
801980.SI,20230627,4.4
801980.SI,20230628,4.4
801980.SI,20230629,4.39
801980.SI,20230630,4.43
801980.SI,20230703,4.49
801980.SI,20230704,4.5
801980.SI,20230705,4.44
801980.SI,20230706,4.4
801980.SI,20230707,4.38
801980.SI,20230710,4.37
801980.SI,20230711,4.38
801980.SI,20230712,4.34
801980.SI,20230713,4.46
801980.SI,20230714,4.41
801980.SI,20230717,4.33
801980.SI,20230718,4.34
801980.SI,20230719,4.33
801980.SI,20230720,4.33
801980.SI,20230721,4.41
801980.SI,20230724,4.37
801980.SI,20230725,4.46
801980.SI,20230726,4.48
801980.SI,20230727,4.5
801980.SI,20230728,4.6
801980.SI,20230731,4.58
801980.SI,20230801,4.51
801980.SI,20230802,4.45
801980.SI,20230803,4.48
801980.SI,20230804,4.52
801980.SI,20230807,4.44
801980.SI,20230808,4.43
801980.SI,20230809,4.41
801980.SI,20230810,4.4
801980.SI,20230811,4.34
801980.SI,20230814,4.35
801980.SI,20230815,4.32
801980.SI,20230816,4.32
801980.SI,20230817,4.37
801980.SI,20230818,4.3
801980.SI,20230821,4.25
801980.SI,20230822,4.15
801980.SI,20230823,4.08
801980.SI,20230824,4.17
801980.SI,20230825,4.12
801980.SI,20230828,4.17
801980.SI,20230829,4.26
801980.SI,20230830,4.32
801980.SI,20230831,4.34
801980.SI,20230901,4.35
801980.SI,20230904,4.43
801980.SI,20230905,4.4
801980.SI,20230906,4.38
801980.SI,20230907,4.28
801980.SI,20230908,4.24
801980.SI,20230911,4.31
801980.SI,20230912,4.28
801980.SI,20230913,4.24
801980.SI,20230914,4.2
801980.SI,20230915,4.22
801980.SI,20230918,4.26
801980.SI,20230919,4.1
801980.SI,20230920,4.07
801980.SI,20230921,4.01
801980.SI,20230922,4.02
801980.SI,20230925,4.04
801980.SI,20230926,4.01
801980.SI,20230927,4.06
801980.SI,20230928,4.0
801980.SI,20231009,3.97
801980.SI,20231010,3.94
801980.SI,20231011,3.96
801980.SI,20231012,3.96
801980.SI,20231013,4.28
801980.SI,20231016,4.22
801980.SI,20231017,4.25
801980.SI,20231018,4.17
801980.SI,20231019,4.13
801980.SI,20231020,4.09
801980.SI,20231023,4.03
801980.SI,20231024,4.09
801980.SI,20231025,3.83
801980.SI,20231026,3.81
801980.SI,20231027,3.9
801980.SI,20231030,3.9
801980.SI,20231031,3.95
801980.SI,20231101,3.94
801980.SI,20231102,3.88
801980.SI,20231103,3.92
801980.SI,20231106,3.98
801980.SI,20231107,3.99
801980.SI,20231108,4.01
801980.SI,20231109,4.0
801980.SI,20231110,3.96
801980.SI,20231113,3.93
801980.SI,20231114,3.94
801980.SI,20231115,3.97
801980.SI,20231116,3.93
801980.SI,20231117,3.94
801980.SI,20231120,3.97
801980.SI,20231121,3.95
801980.SI,20231122,3.9
801980.SI,20231123,3.93
801980.SI,20231124,3.91
801980.SI,20231127,3.85
801980.SI,20231128,3.88
801980.SI,20231129,3.87
801980.SI,20231130,3.82
801980.SI,20231201,3.77
801980.SI,20231204,3.71
801980.SI,20231205,3.64
801980.SI,20231206,3.68
801980.SI,20231207,3.66
801980.SI,20231208,3.65
801980.SI,20231211,3.69
801980.SI,20231212,3.67
801980.SI,20231213,3.6
801980.SI,20231214,3.6
801980.SI,20231215,3.63
801980.SI,20231218,3.59
801980.SI,20231219,3.56
801980.SI,20231220,3.53
801980.SI,20231221,3.59
801980.SI,20231222,3.55
801980.SI,20231225,3.56
801980.SI,20231226,3.52
801980.SI,20231227,3.49
801980.SI,20231228,3.69
801980.SI,20231229,3.67
801980.SI,20240102,3.63
801980.SI,20240103,3.62
801980.SI,20240104,3.57
801980.SI,20240105,3.51
801980.SI,20240108,3.52
801980.SI,20240109,3.61
801980.SI,20240110,3.74
801980.SI,20240111,3.78
801980.SI,20240112,3.7
801980.SI,20240115,3.74
801980.SI,20240116,3.73
801980.SI,20240117,3.66
801980.SI,20240118,3.73
801980.SI,20240119,3.67
801980.SI,20240122,3.47
801980.SI,20240123,3.49
801980.SI,20240124,3.52
801980.SI,20240125,3.55
801980.SI,20240126,3.47
801980.SI,20240129,3.36
801980.SI,20240130,3.28
801980.SI,20240131,3.19
801980.SI,20240201,3.0
801980.SI,20240202,2.95
801980.SI,20240205,2.92
801980.SI,20240206,3.03
801980.SI,20240207,3.09
801980.SI,20240208,3.15
801980.SI,20240219,3.18
801980.SI,20240220,3.2
801980.SI,20240221,3.24
801980.SI,20240222,3.28
801980.SI,20240223,3.35
801980.SI,20240226,3.32
801980.SI,20240227,3.35
801980.SI,20240228,3.27
801980.SI,20240229,3.39
801980.SI,20240301,3.35
801980.SI,20240304,3.34
801980.SI,20240305,3.3
801980.SI,20240306,3.31
801980.SI,20240307,3.29
801980.SI,20240308,3.29
801980.SI,20240311,3.41
801980.SI,20240312,3.48
801980.SI,20240313,3.46
801980.SI,20240314,3.44
801980.SI,20240315,3.44
801980.SI,20240318,3.46
801980.SI,20240319,3.49
801980.SI,20240320,3.5
801980.SI,20240321,3.45
801980.SI,20240322,3.41
801980.SI,20240325,3.37
801980.SI,20240326,3.38
801980.SI,20240327,3.33
801980.SI,20240328,3.34
801980.SI,20240329,3.39
801980.SI,20240401,3.44
801980.SI,20240402,3.4
801980.SI,20240403,3.33
801980.SI,20240408,3.19
801980.SI,20240409,3.25
801980.SI,20240410,3.22
801980.SI,20240411,3.23
801980.SI,20240412,3.21
801980.SI,20240415,3.2
801980.SI,20240416,3.14
801980.SI,20240417,3.19
801980.SI,20240418,3.19
801980.SI,20240419,3.11
801980.SI,20240422,3.15
801980.SI,20240423,3.23
801980.SI,20240424,3.24
801980.SI,20240425,3.22
801980.SI,20240426,3.25
801980.SI,20240429,3.32
801980.SI,20240430,3.3
801980.SI,20240506,3.49
801980.SI,20240507,3.49
801980.SI,20240508,3.44
801980.SI,20240509,3.5
801980.SI,20240510,3.44
801980.SI,20240513,3.39
801980.SI,20240514,3.46
801980.SI,20240515,3.43
801980.SI,20240516,3.4
801980.SI,20240517,3.42
801980.SI,20240520,3.43
801980.SI,20240521,3.4
801980.SI,20240522,3.41
801980.SI,20240523,3.34
801980.SI,20240524,3.28
801980.SI,20240527,3.31
801980.SI,20240528,3.26
801980.SI,20240529,3.26
801980.SI,20240530,3.24
801980.SI,20240531,3.25
801980.SI,20240603,3.21
801980.SI,20240604,3.27
801980.SI,20240605,3.24
801980.SI,20240606,3.18
801980.SI,20240607,3.18
801980.SI,20240611,3.17
801980.SI,20240612,3.17
801980.SI,20240613,3.13
801980.SI,20240614,3.11
801980.SI,20240617,3.09
801980.SI,20240618,3.12
801980.SI,20240619,3.08
801980.SI,20240620,3.04
801980.SI,20240621,3.02
801980.SI,20240624,2.99
801980.SI,20240625,2.97
801980.SI,20240626,3.05
801980.SI,20240627,2.99
801980.SI,20240628,2.97
801980.SI,20240701,2.97
801980.SI,20240702,2.94
801980.SI,20240703,2.91
801980.SI,20240704,2.84
801980.SI,20240705,2.87
801980.SI,20240708,2.8
801980.SI,20240709,2.85
801980.SI,20240710,2.87
801980.SI,20240711,2.95
801980.SI,20240712,2.96
801980.SI,20240715,2.91
801980.SI,20240716,2.85
801980.SI,20240717,2.87
801980.SI,20240718,2.89
801980.SI,20240719,2.89
801980.SI,20240722,2.87
801980.SI,20240723,2.76
801980.SI,20240724,2.71
801980.SI,20240725,2.75
801980.SI,20240726,2.77
801980.SI,20240729,2.73
801980.SI,20240730,2.74
801980.SI,20240731,2.89
801980.SI,20240801,2.83
801980.SI,20240802,2.82
801980.SI,20240805,2.79
801980.SI,20240806,2.85
801980.SI,20240807,2.86
801980.SI,20240808,2.88
801980.SI,20240809,2.83
801980.SI,20240812,2.82
801980.SI,20240813,2.82
801980.SI,20240814,2.78
801980.SI,20240815,2.77
801980.SI,20240816,2.78
801980.SI,20240819,2.73
801980.SI,20240820,2.68
801980.SI,20240821,2.67
801980.SI,20240822,2.55
801980.SI,20240823,2.55
801980.SI,20240826,2.51
801980.SI,20240827,2.5
801980.SI,20240828,2.51
801980.SI,20240829,2.6
801980.SI,20240830,2.66
801980.SI,20240902,2.57
801980.SI,20240903,2.6
801980.SI,20240904,2.59
801980.SI,20240905,2.61
801980.SI,20240906,2.55
801980.SI,20240909,2.52
801980.SI,20240910,2.55
801980.SI,20240911,2.56
801980.SI,20240912,2.53
801980.SI,20240913,2.48
801980.SI,20240918,2.47
801980.SI,20240919,2.52
801980.SI,20240920,2.48
801980.SI,20240923,2.46
801980.SI,20240924,2.6
801980.SI,20240925,2.62
801980.SI,20240926,2.82
801980.SI,20240927,3.09
801980.SI,20240930,3.51
801980.SI,20241008,3.91
801980.SI,20241009,3.4
801980.SI,20241010,3.4
801980.SI,20241011,3.23
801980.SI,20241014,3.25
801980.SI,20241015,3.13
801980.SI,20241016,3.09
801980.SI,20241017,3.1
801980.SI,20241018,3.25
801980.SI,20241021,3.24
801980.SI,20241022,3.3
801980.SI,20241023,3.28
801980.SI,20241024,3.24
801980.SI,20241025,3.28
801980.SI,20241028,3.37
801980.SI,20241029,3.32
801980.SI,20241030,3.37
801980.SI,20241031,3.33
801980.SI,20241101,3.32
801980.SI,20241104,3.32
801980.SI,20241105,3.4
801980.SI,20241106,3.41
801980.SI,20241107,3.57
801980.SI,20241108,3.5
801980.SI,20241111,3.48
801980.SI,20241112,3.48
801980.SI,20241113,3.43
801980.SI,20241114,3.34
801980.SI,20241115,3.25
801980.SI,20241118,3.21
801980.SI,20241119,3.28
801980.SI,20241120,3.31
801980.SI,20241121,3.3
801980.SI,20241122,3.16
801980.SI,20241125,3.17
801980.SI,20241126,3.17
801980.SI,20241127,3.23
801980.SI,20241128,3.23
801980.SI,20241129,3.29
801980.SI,20241202,3.38
801980.SI,20241203,3.35
801980.SI,20241204,3.28
801980.SI,20241205,3.27
801980.SI,20241206,3.33
801980.SI,20241209,3.3
801980.SI,20241210,3.37
801980.SI,20241211,3.43
801980.SI,20241212,3.51
801980.SI,20241213,3.42
801980.SI,20241216,3.38
801980.SI,20241217,3.3
801980.SI,20241218,3.29
801980.SI,20241219,3.27
801980.SI,20241220,3.31
801980.SI,20241223,3.19
801980.SI,20241224,3.24
801980.SI,20241225,3.23
801980.SI,20241226,3.23
801980.SI,20241227,3.21
801980.SI,20241230,3.12
801980.SI,20241231,3.06
801980.SI,20250102,3.04
801980.SI,20250103,2.94
801980.SI,20250106,2.94
801980.SI,20250107,2.96
801980.SI,20250108,2.96
801980.SI,20250109,2.93
801980.SI,20250110,2.86
801980.SI,20250113,2.89
801980.SI,20250114,3.0
801980.SI,20250115,2.98
801980.SI,20250116,2.98
801980.SI,20250117,2.98
801980.SI,20250120,3.0
801980.SI,20250121,3.0
801980.SI,20250122,2.96
801980.SI,20250123,2.97
801980.SI,20250124,2.98
801980.SI,20250127,2.95
801980.SI,20250205,2.92
801980.SI,20250206,2.96
801980.SI,20250207,3.0
801980.SI,20250210,3.03
801980.SI,20250211,3.01
801980.SI,20250212,3.03
801980.SI,20250213,3.05
801980.SI,20250214,3.06
801980.SI,20250217,3.05
801980.SI,20250218,2.97
801980.SI,20250219,3.0
801980.SI,20250220,3.04
801980.SI,20250221,3.03
801980.SI,20250224,3.02
801980.SI,20250225,2.98
801980.SI,20250226,3.01
801980.SI,20250227,3.08
801980.SI,20250228,3.01
801980.SI,20250303,3.05
801980.SI,20250304,3.05
801980.SI,20250305,3.03
801980.SI,20250306,3.09
801980.SI,20250307,3.08
801980.SI,20250310,3.1
801980.SI,20250311,3.26
801980.SI,20250312,3.22
801980.SI,20250313,3.28
801980.SI,20250314,3.33
801980.SI,20250317,3.31
801980.SI,20250318,3.29
801980.SI,20250319,3.26
801980.SI,20250320,3.22
801980.SI,20250321,3.19
801980.SI,20250324,3.17
801980.SI,20250325,3.17
801980.SI,20250326,3.17
801980.SI,20250327,3.16
801980.SI,20250328,3.13
801980.SI,20250331,3.11
801980.SI,20250401,3.12
801980.SI,20250402,3.16
801980.SI,20250403,3.17
801980.SI,20250407,2.87
801980.SI,20250408,2.96
801980.SI,20250409,3.03
801980.SI,20250410,3.11
801980.SI,20250411,3.1
801980.SI,20250414,3.16
801980.SI,20250415,3.23
801980.SI,20250416,3.19
801980.SI,20250417,3.19
801980.SI,20250418,3.11
801980.SI,20250421,3.17
801980.SI,20250422,3.17
801980.SI,20250423,3.14
801980.SI,20250424,3.19
801980.SI,20250425,3.18
801980.SI,20250428,3.16
801980.SI,20250429,3.21
801980.SI,20250430,3.22
801980.SI,20250506,3.23
801980.SI,20250507,3.26
801980.SI,20250508,3.23
801980.SI,20250509,3.27
801980.SI,20250512,3.27
801980.SI,20250513,3.31
801980.SI,20250514,3.3
801980.SI,20250515,3.42
801980.SI,20250516,3.37
801980.SI,20250519,3.4
801980.SI,20250520,3.48
801980.SI,20250521,3.44
801980.SI,20250522,3.37
801980.SI,20250523,3.32
801980.SI,20250526,3.32
801980.SI,20250527,3.34
801980.SI,20250528,3.35
801980.SI,20250529,3.33
801980.SI,20250530,3.29
801980.SI,20250603,3.42
801980.SI,20250604,3.51
801980.SI,20250605,3.4
801980.SI,20250606,3.34
801980.SI,20250609,3.37
801980.SI,20250610,3.4
801980.SI,20250611,3.4
801980.SI,20250612,3.44
801980.SI,20250613,3.3
801980.SI,20250616,3.28
801980.SI,20250617,3.24
801980.SI,20250618,3.19
801980.SI,20250619,3.12
801980.SI,20250620,3.11
801980.SI,20250623,3.13
801980.SI,20250624,3.16
801980.SI,20250625,3.17
801980.SI,20250626,3.13
801980.SI,20250627,3.14
801980.SI,20250630,3.17
801980.SI,20250701,3.19
801980.SI,20250702,3.16
801980.SI,20250703,3.18
801980.SI,20250704,3.12
801980.SI,20250707,3.14
801980.SI,20250708,3.17
801980.SI,20250709,3.17
801980.SI,20250710,3.16
801980.SI,20250711,3.17
801980.SI,20250714,3.18
801980.SI,20250715,3.13
801980.SI,20250716,3.16
801980.SI,20250717,3.17
801980.SI,20250718,3.17
801980.SI,20250721,3.2
801980.SI,20250722,3.25
801980.SI,20250723,3.27
801980.SI,20250724,3.37
801980.SI,20250725,3.35
801980.SI,20250728,3.32
801980.SI,20250729,3.3
801980.SI,20250730,3.29
801980.SI,20250731,3.22
801980.SI,20250801,3.23
801980.SI,20250804,3.24
801980.SI,20250805,3.26
801980.SI,20250806,3.27
801980.SI,20250807,3.3
801980.SI,20250808,3.28
801980.SI,20250811,3.31
801980.SI,20250812,3.31
801980.SI,20250813,3.53
801980.SI,20250814,3.47
801980.SI,20250815,3.49
801980.SI,20250818,3.54
801980.SI,20250819,3.57
801980.SI,20250820,3.66
801980.SI,20250821,3.7
801980.SI,20250822,3.71
801980.SI,20250825,3.71
801980.SI,20250826,3.79
801980.SI,20250827,3.65
801980.SI,20250828,3.66
801980.SI,20250829,3.7
801980.SI,20250901,3.72
801980.SI,20250902,3.66
801980.SI,20250903,3.58
801980.SI,20250904,3.62
801980.SI,20250905,3.67
801980.SI,20250908,3.74
801980.SI,20250909,3.71
801980.SI,20250910,3.69
801980.SI,20250911,3.74
801980.SI,20250912,3.68
801980.SI,20250915,3.67
801980.SI,20250916,3.67
801980.SI,20250917,3.66
801980.SI,20250918,3.57
801980.SI,20250919,3.59
801980.SI,20250922,3.53
801980.SI,20250923,3.47
801980.SI,20250924,3.51
801980.SI,20250925,3.5
801980.SI,20250926,3.5
801980.SI,20250929,3.5
801980.SI,20250930,3.51
801980.SI,20251009,3.51
801980.SI,20251010,3.54
801980.SI,20251013,3.48
801980.SI,20251014,3.48
801980.SI,20251015,3.55
801980.SI,20251016,3.53
801980.SI,20251017,3.47
801980.SI,20251020,3.45
801980.SI,20251021,3.46
801980.SI,20251022,3.44
801980.SI,20251023,3.44
801980.SI,20251024,3.45
801980.SI,20251027,3.47
801980.SI,20251028,3.41
801980.SI,20251029,3.4
801980.SI,20251030,3.36
801980.SI,20251031,3.35
801980.SI,20251103,3.33
801980.SI,20251104,3.27
801980.SI,20251105,3.26
801980.SI,20251106,3.24
801980.SI,20251107,3.23
801980.SI,20251110,3.35
801980.SI,20251111,3.37
801980.SI,20251112,3.37
801980.SI,20251113,3.38
801980.SI,20251114,3.35
801980.SI,20251117,3.32
801980.SI,20251118,3.32
801980.SI,20251119,3.36
801980.SI,20251120,3.28
801980.SI,20251121,3.2
801980.SI,20251124,3.2
801980.SI,20251125,3.21
801980.SI,20251126,3.18
801980.SI,20251127,3.21
801980.SI,20251128,3.21
801980.SI,20251201,3.23
801980.SI,20251202,3.2
801980.SI,20251203,3.18
801980.SI,20251204,3.12
801980.SI,20251205,3.15
801980.SI,20251208,3.15
801980.SI,20251209,3.13
801980.SI,20251210,3.14
801980.SI,20251211,3.11
801980.SI,20251212,3.1
801980.SI,20251215,3.09
801980.SI,20251216,3.12
801980.SI,20251217,3.14
801980.SI,20251218,3.13
801980.SI,20251219,3.19
801980.SI,20251222,3.17
801980.SI,20251223,3.12
801980.SI,20251224,3.15
801980.SI,20251225,3.16
801980.SI,20251226,3.16
801980.SI,20251229,3.13
801980.SI,20251230,3.14
801980.SI,20251231,3.17
