signal_date,industry,mom_mid,pb,mom_short,flow,fwd_date,fwd_return,mom_mid_z,pb_z,mom_short_z,flow_z,industry_name,score
2023-01-31,801010.SI,0.10344726951998928,3.2,0.045733215737733035,0.007454088139633191,2023-02-28,0.005809733434031461,-0.4860258089217553,0.5787082503872373,-0.5193942675648576,-0.3824143510310287,农林牧渔,-0.4953851177965161
2023-01-31,801030.SI,0.12807899553974256,2.43,0.07634971747381969,0.014629061454618501,2023-02-28,0.02641310210536907,-0.18023655238254024,0.010006482715629544,0.32436179864541,0.44129236506972985,基础化工,0.1379197032815759
2023-01-31,801040.SI,0.13548515548311824,1.06,0.0725866766971226,0.0018645482581629302,2023-02-28,0.0454710418255293,-0.08829317248787995,-1.001839519505283,0.22065666243801646,-1.0241089383354998,钢铁,0.0507859474036296
2023-01-31,801050.SI,0.15972619123803122,2.86,0.14007019888237116,0.01623773106044002,2023-02-28,-0.03579902767603149,0.21264588047539354,0.327593184142631,2.080426001987538,0.6259720705029002,有色金属,0.7780463761523025
2023-01-31,801080.SI,0.07990101809954764,2.84,0.08184074386768136,0.024526304051218018,2023-02-28,-0.0036558570968409088,-0.7783394986066817,0.3128217096576542,0.4756882587837547,1.5775230992901292,电子,0.180616801495046
2023-01-31,801110.SI,0.24175346224635375,2.59,0.07935441931086618,0.004997481137064765,2023-02-28,0.0030968039559355898,1.2309690867931495,0.1281782785954439,0.4071679736948903,-0.6644396071542159,家用电器,0.31558753161023045
2023-01-31,801120.SI,0.35835286782902065,6.95,0.05636346371545953,0.019375831327908155,2023-02-28,0.010498487611337426,2.6784862245465053,3.3483597163203913,-0.2264366888760325,0.9862346321367453,食品饮料,0.17787561763516124
2023-01-31,801130.SI,0.17186555219633637,1.82,0.05076669898453834,0.004095874642997717,2023-02-28,0.04727592800558478,0.36334933338504416,-0.4405234890761636,-0.38067717766774856,-0.767946518168366,纺织服饰,-0.08040221792908472
2023-01-31,801140.SI,0.1902450908736537,2.08,0.05418200492838299,0.0059786440756388745,2023-02-28,0.06677747120037347,0.5915211416928939,-0.2484943207714649,-0.2865552190938087,-0.5517993969941724,轻工制造,0.016092669725194006
2023-01-31,801150.SI,0.10326092597611525,3.33,0.06718689863285698,0.033137890527184445,2023-02-28,0.00116765155688614,-0.48833916096604274,0.6747228345395865,0.07184490278021302,2.566156966641388,医药生物,0.25248970338387045
2023-01-31,801160.SI,0.05345892772536853,1.64,0.04941236944788452,0.00758655643845749,2023-02-28,0.011332819756956658,-1.1066034274267196,-0.5734667594409552,-0.4180009637766139,-0.36720662514525776,公用事业,-0.39552223234575
2023-01-31,801170.SI,0.09732358990226242,1.46,0.01750973583504556,0.008005174031455228,2023-02-28,-0.004776891785985282,-0.5620479048190284,-0.7064100298057465,-1.297201365930628,-0.31914817144899116,交通运输,-0.4872906472490841
2023-01-31,801180.SI,0.20525276354028033,0.91,0.024762061855670092,0.008687167571359034,2023-02-28,-0.02015252824090319,0.7778330982091113,-1.112625578142609,-1.0973354855376363,-0.24085343298873446,房地产,0.048706293121131394
2023-01-31,801200.SI,0.16985550099732816,2.34,-0.0024930894237371604,0.008079632098966701,2023-02-28,-0.02508145737211287,0.33839565936083804,-0.05646515246676638,-1.848456545210269,-0.3106001800370942,商贸零售,-0.5444655780427526
2023-01-31,801210.SI,0.20540516324130587,3.61,-0.011591855027423104,0.007301625563585455,2023-02-28,0.027019844905346924,0.7797250562162775,0.8815234773292618,-2.0992082064977686,-0.39991747506108644,社会服务,-0.7123097499930648
2023-01-31,801230.SI,0.12417855321113547,1.95,-0.010192039129037989,0.0008228282551219111,2023-02-28,0.00037756720861903403,-0.22865838684441908,-0.34450890492381436,-2.0606308678448717,-1.1437012664364645,综合,-0.8745188792087389
2023-01-31,801710.SI,0.268496164423216,1.73,0.0812985393570802,0.0038997430524211982,2023-02-28,0.0005629063004428669,1.5629649448972205,-0.5069951242585594,0.4607457173761884,-0.7904629654504747,建筑材料,0.5312258537962582
2023-01-31,801720.SI,0.1166929392969549,0.9,0.055998353727702455,0.006959313098636908,2023-02-28,0.02453480358373561,-0.32158814384647455,-1.1200113153850977,-0.23649870607380014,-0.43921588970385944,建筑装饰,-0.020565601974058906
2023-01-31,801730.SI,0.08787885410520024,4.1,0.11253335206476822,0.03438624412733804,2023-02-28,-0.06020091205386224,-0.6792990765508372,1.2434246022111939,1.3215417327481886,2.7094714013261085,电力设备,0.5087026671117485
2023-01-31,801740.SI,-0.03844555024391427,3.45,0.07806556410766063,0.00817841756952568,2023-02-28,0.013026644542350807,-2.2475466958080865,0.7633516814494475,0.3716485859625692,-0.29925933569100316,国防军工,-0.7236447999936777
2023-01-31,801750.SI,0.10997157221647802,3.48,0.13128799726575058,0.023661225640618486,2023-02-28,0.05686434723299838,-0.40503019905681287,0.7855088931769126,1.8383984851739081,1.478209712956502,计算机,0.6020912506979677
2023-01-31,801760.SI,0.23082599071140253,2.03,0.06862375640639118,0.012098898481179695,2023-02-28,0.041612300313855544,1.0953105708675313,-0.28542300698390716,0.11144307350367913,0.15082268071588964,传媒,0.42906392981079744
2023-01-31,801770.SI,0.05956595838983536,1.95,0.09007312028748693,0.0075750527042413975,2023-02-28,0.08588715701409311,-1.0307880190768584,-0.34450890492381436,0.7025632167202506,-0.3685272855460767,通信,-0.06461326230078296
2023-01-31,801780.SI,0.19186197274662975,0.52,0.06260012764239287,0.00621574121723335,2023-02-28,-0.03796122365804255,0.6115938359674475,-1.4006693305996571,-0.054561303940648224,-0.5245799915238034,银行,0.33838816747134437
2023-01-31,801790.SI,0.24376477885025394,1.24,0.11173710872261844,0.015791741782649048,2023-02-28,-0.025855996808517245,1.2559384701192873,-0.8688962491404916,1.2995981692441145,0.5747712719357347,非银金融,1.0561629037944695
2023-01-31,801880.SI,0.12105100837998872,2.33,0.08606606958899876,0.01529644361981468,2023-02-28,-0.0067308130477857775,-0.26748512630808774,-0.06385088970925464,0.5921334437956567,0.5179096774337807,汽车,0.22926632014357007
2023-01-31,801890.SI,0.0976932155502308,2.49,0.09189808391498944,0.015500658985539753,2023-02-28,0.033284896033571654,-0.5574592068122612,0.054320906170560054,0.7528571446350585,0.5413541643878146,机械设备,0.18000122472874636
2023-01-31,801950.SI,0.005942876781968032,1.38,0.04232185980257963,0.0038335550677457727,2023-02-28,0.029332422255913038,-1.6964889222560198,-0.7654959277456539,-0.6134073683789022,-0.7980615285543199,煤炭,-0.6672726045400851
2023-01-31,801960.SI,0.12311368897961206,1.31,0.08363756893338214,0.00342024948141816,2023-02-28,0.020036970871032178,-0.2418780873806955,-0.8171960884430726,0.5252067198467553,-0.8455101492410316,石油石化,0.10217349737491349
2023-01-31,801970.SI,0.08093725316098066,1.57,0.06296208100875389,0.0024089661719407505,2023-02-28,0.017879145086702186,-0.7654752133843892,-0.6251669201383739,-0.044586279648686895,-0.9616082610148243,环保,-0.28770179354530906
2023-01-31,801980.SI,0.19357412830883391,5.36,0.05103324610573745,0.0023327623236711094,2023-02-28,0.02348980721297278,0.6328493004048982,2.1740274947647342,-0.3733314412939044,-0.9703566728704236,美容护理,-0.5815039738190465
2023-02-28,801010.SI,0.07587464244176889,3.21,0.005809733434031461,0.007243453397623248,2023-03-31,-0.01950226138581468,-0.07995101421248624,0.5614844331667973,-0.19365149727432937,-0.46490210660422887,农林牧渔,-0.29111152370519067
2023-02-28,801030.SI,0.07822636019225881,2.51,0.02641310210536907,0.01876679469497149,2023-03-31,-0.07197425991694584,-0.041734616567844086,0.04716564043908497,0.4524466846894799,0.6214919604824956,基础化工,0.2451071155425636
2023-02-28,801040.SI,0.08442917990212462,1.11,0.0454710418255293,0.0028504109782775244,2023-03-31,-0.0744040189715428,0.059063799611509024,-0.981471945016339,1.0500819744128083,-0.8790680240830223,钢铁,0.3805673629184904
2023-02-28,801050.SI,0.060699177155440376,2.75,-0.03579902767603149,0.018286157042503755,2023-03-31,-0.03984757198592548,-0.32655867608176237,0.22350351223144357,-1.4984548687917703,0.5761785500240552,有色金属,-0.501398104931562
2023-02-28,801080.SI,0.05662541519935127,2.84,-0.0036558570968409088,0.029893673275876272,2023-03-31,0.058519096770462964,-0.39275901274677394,0.28963021415357787,-0.49048163853750776,1.6705084361353555,电子,0.003066260031733825
2023-02-28,801110.SI,0.12384586425385558,2.59,0.0030968039559355898,0.005538355817460626,2023-03-31,-0.008153161337209225,0.6996014162984093,0.10594493103653783,-0.27872587669036164,-0.6256547778211163,家用电器,-0.03886050160663497
2023-02-28,801120.SI,0.2277607940916233,7.02,0.010498487611337426,0.017419105346974318,2023-03-31,-0.017446050390955925,2.3882625147945644,3.3608481478704877,-0.04661750502009446,0.494434913905473,食品饮料,0.055083675928364495
2023-02-28,801130.SI,0.1363878880494278,1.91,0.04727592800558478,0.003827608741262767,2023-03-31,-0.053807318444497265,0.9034145518416945,-0.39367903904181106,1.1066811499256803,-0.7869400705074489,纺织服饰,0.530789670843057
2023-02-28,801140.SI,0.1517816889580368,2.22,0.06677747120037347,0.007329709786422986,2023-03-31,-0.07357647763118513,1.1535702589469783,-0.1659092879766812,1.7182273395140872,-0.4567700530077668,轻工制造,0.8134162212145992
2023-02-28,801150.SI,0.05001315616366253,3.34,0.00116765155688614,0.02766805491195269,2023-03-31,-0.0353405628679242,-0.5002109893220307,0.657000780387658,-0.3392218993379072,1.460682264734683,医药生物,-0.095595502527448
2023-02-28,801160.SI,-0.015799965331946608,1.69,0.011332819756956658,0.0069760972776112635,2023-03-31,-0.017075125267486668,-1.569701756565411,-0.5553220881848063,-0.020453798927291076,-0.49010782559540256,公用事业,-0.42567751361867534
2023-02-28,801170.SI,0.033666103914002266,1.45,-0.004776891785985282,0.006846939130969838,2023-03-31,-0.008028865584207234,-0.7658574296572335,-0.7316599599771647,-0.5256360099477593,-0.5022845580731129,交通运输,-0.328897789151255
2023-02-28,801180.SI,-0.018920774494667003,0.89,-0.02015252824090319,0.006804128264287801,2023-03-31,-0.07611763275739147,-1.6204162115252885,-1.1431149941593344,-1.007798462046132,-0.5063206679452477,房地产,-0.6366393622523149
2023-02-28,801200.SI,0.043946988425453304,2.27,-0.02508145737211287,0.005753028527292809,2023-03-31,-0.014976174268209519,-0.5987887537728063,-0.1291722313532733,-1.1623640673848963,-0.6054159293561505,商贸零售,-0.6297659443620386
2023-02-28,801210.SI,0.14698923704647626,3.7,0.027019844905346924,0.004854149325164569,2023-03-31,-0.003402616060782071,1.0756909097321896,0.9215075880761959,0.47147344804253666,-0.6901601894645003,社会服务,0.12432338946749855
2023-02-28,801230.SI,0.05058364405364779,1.94,0.00037756720861903403,0.0007915896493764451,2023-03-31,-0.012325896300906858,-0.490940322359302,-0.37163680506776625,-0.36399804488752224,-1.073168955331535,综合,-0.3872384629912878
2023-02-28,801710.SI,0.07779908226810872,1.73,0.0005629063004428669,0.004500652126032999,2023-03-31,-0.06512354924103614,-0.04867806165205772,-0.5259324428860799,-0.35818602200017813,-0.7234870909211712,建筑材料,-0.1616511501406478
2023-02-28,801720.SI,0.022935213834209822,0.92,0.02453480358373561,0.00836701012006749,2023-03-31,0.028331253450363247,-0.9402388843555536,-1.1210727601852897,0.3935453817340588,-0.35897576755014554,建筑装饰,0.023976078389808364
2023-02-28,801730.SI,0.01782219454807854,3.87,-0.06020091205386224,0.03473861817539573,2023-03-31,-0.05185550125559468,-1.0233275875652863,1.046413580595783,-2.263670178215439,2.1272786782361663,电力设备,-0.8039467114172054
2023-02-28,801740.SI,0.031600209761687426,3.49,0.013026644542350807,0.011992270947527084,2023-03-31,-0.03685782781689695,-0.7994290742137102,0.7672119502578822,0.03266261770659864,-0.01719452954235234,国防军工,-0.37370495857257346
2023-02-28,801750.SI,0.19242240740405991,3.69,0.05686434723299838,0.044733323461482524,2023-03-31,0.14741576829622183,1.8139989419271547,0.9141601767515142,1.4073630592562174,3.0695564642446143,计算机,1.3691542844345164
2023-02-28,801760.SI,0.15243854857588768,2.11,0.041612300313855544,0.016653731240331843,2023-03-31,0.22673257270542013,1.1642445026342865,-0.24673081254817905,0.9290762342772637,0.42227720659626294,传媒,0.7543263495704196
2023-02-28,801770.SI,0.15904536635926347,2.12,0.08588715701409311,0.013253394379367404,2023-03-31,0.09180627083744164,1.2716080565822816,-0.23938340122349727,2.317485327811895,0.10170128191214789,通信,1.1622899691061543
2023-02-28,801780.SI,0.047908488878207534,0.5,-0.03796122365804255,0.005724055952716133,2023-03-31,-0.02122664797974161,-0.5344127135186787,-1.4296640358219168,-1.5662588728510785,-0.6081473969327962,银行,-0.47317756309966086
2023-02-28,801790.SI,0.10447645163114139,1.21,-0.025855996808517245,0.014503074342890939,2023-03-31,-0.03505909303233312,0.3848403550364498,-0.9079978317695232,-1.1866527421983657,0.2195182295401371,非银金融,-0.040857133956773956
2023-02-28,801880.SI,0.08356056686557634,2.32,-0.0067308130477857775,0.017951302027191664,2023-03-31,-0.05643734781507903,0.04494847425108522,-0.09243517472986543,-0.5869087559286608,0.5446091907052434,汽车,-0.04844291995517351
2023-02-28,801890.SI,0.08807020914530383,2.58,0.033284896033571654,0.021392903474637036,2023-03-31,-0.028901879914990714,0.11823204859211883,0.09859751971185639,0.6679383178619785,0.8690754455268498,机械设备,0.39644742828053436
2023-02-28,801950.SI,-0.009259037238251389,1.44,0.029332422255913038,0.004380314491631006,2023-03-31,-0.044459734188944444,-1.463408937649709,-0.7390073713018463,0.5439932405913174,-0.734832245827905,煤炭,-0.22640839253802875
2023-02-28,801960.SI,0.05963049264577225,1.35,0.020036970871032178,0.003294081477775425,2023-03-31,0.005145521788068708,-0.34392524661074625,-0.8051340732239807,0.2524984692212629,-0.8372397916321757,石油石化,-0.014045169752902792
2023-02-28,801970.SI,0.03270757458506712,1.6,0.017879145086702186,0.003353039317237408,2023-03-31,-0.03746207416956182,-0.7814339323991149,-0.6214487901069407,0.18483150958520417,-0.8316813823698821,环保,-0.19422683313033912
2023-02-28,801980.SI,0.15736475326911936,5.45,0.02348980721297278,0.0017272053851142167,2023-03-31,-0.04664270632590939,1.2442973905270722,2.2073045698954763,0.3607754854089056,-0.9849612594775207,美容护理,-0.18690226801802665
2023-03-31,801010.SI,0.03412435019213045,3.14,-0.014341686344999438,0.005218820418863353,2023-04-28,-0.042104573098962095,-0.3259124549410527,0.5381050115628057,0.19217499515023204,-0.5041318823542194,农林牧渔,-0.2395163934119089
2023-03-31,801030.SI,0.029040612909517982,2.31,-0.06904107753132727,0.011441640753741626,2023-04-28,-0.07742195541543406,-0.3742230381480983,-0.07506779390712259,-0.8290606796418444,0.09692968458498534,基础化工,-0.33400011634124127
2023-03-31,801040.SI,0.036017078643836964,1.03,-0.08761029623791305,0.0021448254782841297,2023-04-28,-0.02670790702378345,-0.30792592057247864,-1.020683686680024,-1.1757473279737136,-0.8010487329648323,钢铁,-0.4078031038745107
2023-03-31,801050.SI,0.056618483803434705,2.57,-0.03769214946320776,0.012378727362086657,2023-04-28,-0.014878560608707736,-0.11215146512434983,0.11701043431237282,-0.24377731514150267,0.18744278232182154,有色金属,-0.09620036968619039
2023-03-31,801080.SI,0.15143085056196148,2.95,0.04303222431145848,0.0337946087534124,2023-04-28,-0.07502464485338478,0.7888472448229326,0.39774015247932815,1.2633438526813798,2.2560005316604426,电子,0.9841354802620995
2023-03-31,801110.SI,0.07864696774870761,2.58,-0.024843350963618338,0.004389382707470057,2023-04-28,0.02041020767980206,0.09718447168792625,0.12439805847466127,-0.003890707239449956,-0.5842471843651482,家用电器,-0.11469205312681797
2023-03-31,801120.SI,0.052029839688049195,6.95,-0.018888314001846873,0.01003744972809503,2023-04-28,-0.0595865903887105,-0.15575719473237817,3.3527898173946444,0.10728961960094302,-0.03870098008751824,食品饮料,-0.7075990118183139
2023-03-31,801130.SI,0.04972091467963069,1.81,-0.04946021172278048,0.0025395295113907583,2023-04-28,-0.006015682430776881,-0.17769883088252733,-0.44444900202153714,-0.4634866161410688,-0.7629243115852561,纺织服饰,-0.2556994209108219
2023-03-31,801140.SI,0.04837280804606703,2.07,-0.07114907370000578,0.004106916207976884,2023-04-28,-0.049392534784788,-0.1905098425599992,-0.25237077380204176,-0.8684168926286829,-0.6115305940823789,轻工制造,-0.39816123836908335
2023-03-31,801150.SI,0.015184512873706701,3.2,-0.024810111083432784,0.020525252763488207,2023-04-28,-0.004405281575423969,-0.5058970874729318,0.5824307565365354,-0.003270119866627668,0.9743148209425917,医药生物,-0.07035744829426299
2023-03-31,801160.SI,0.02695317351881754,1.65,-0.030609896432681194,0.005359244940107914,2023-04-28,0.02217832249278784,-0.3940599039749404,-0.5626509886181499,-0.11155190466041064,-0.49056829249724265,公用事业,-0.1258554839323593
2023-03-31,801170.SI,0.020956710049529592,1.46,-0.028918473561417968,0.005970228381823174,2023-04-28,0.0108324022815669,-0.45104409321930977,-0.7030158477016274,-0.07997310021980467,-0.43155346560388896,交通运输,-0.0911341083677588
2023-03-31,801180.SI,-0.057131457004714226,0.83,-0.07730597218166246,0.004744822152370099,2023-04-28,-0.02557938571067886,-1.1931132998367484,-1.1684361699257897,-0.9833659668171463,-0.549915325464099,房地产,-0.5131920401772876
2023-03-31,801200.SI,-0.04027828246658183,2.24,-0.015763785624093085,0.005215244279592945,2023-04-28,-0.06072725668661505,-1.032958153029298,-0.12678116304314052,0.16562445253158714,-0.5044773012732611,商贸零售,-0.30798392669360813
2023-03-31,801210.SI,0.03016816514636589,3.71,-0.01649231230753989,0.004021588672395458,2023-04-28,-0.05395233145570166,-0.36350794743228965,0.9591995888132381,0.1520228854384639,-0.6197723718422434,社会服务,-0.37229027269568543
2023-03-31,801230.SI,-0.002534421997980596,1.91,-0.018845336683615432,0.0004859009842354962,2023-04-28,-0.0433186736568294,-0.6742795254062661,-0.37057276039865433,0.10809200459340725,-0.961284076774771,综合,-0.26602194490896175
2023-03-31,801710.SI,0.02827388169656686,1.61,-0.08981861300307759,0.003307594231116561,2023-04-28,-0.05009083619720811,-0.381509258895068,-0.592201485267303,-1.2169765229047012,-0.6887370204366451,建筑材料,-0.5076404576054102
2023-03-31,801720.SI,0.12471268741913377,0.93,-0.028513827409387682,0.011923920885124313,2023-04-28,0.10325537750830094,0.5349454454388999,-1.0945599283029066,-0.07241837105082709,0.1435130721605153,建筑装饰,0.37965292734229794
2023-03-31,801730.SI,-0.006470220559216422,3.61,-0.0342370663600422,0.024780661452368024,2023-04-28,-0.04107959547377249,-0.7116812858255306,0.8853233471903551,-0.17927103732380878,1.3853443022484893,电力设备,-0.16536232441277587
2023-03-31,801740.SI,0.04031968329932689,3.32,-0.0584377339043155,0.013260351508071722,2023-04-28,-0.008770500882914534,-0.267038414263488,0.6710822464839946,-0.6310966338063541,0.27259876660552773,国防军工,-0.3602299691493506
2023-03-31,801750.SI,0.3823076682250792,4.23,0.10979081180603112,0.04790997300522472,2023-04-28,-0.06992580681082528,2.9828618231215502,1.3433560452522295,2.509724290736904,3.6194020921327668,计算机,2.0658263099315026
2023-03-31,801760.SI,0.3750521801829152,2.6,0.16829225039900697,0.019430548693072487,2023-04-28,0.13063697080090542,2.9139131660051536,0.13917330679923787,3.601944054468716,0.8685774689880668,传媒,2.1019895187858495
2023-03-31,801770.SI,0.30223551998949794,2.31,0.04786971830985931,0.017691884156063546,2023-04-28,0.034741007073371355,2.2219389105366467,-0.07506779390712259,1.3536596924122306,0.700640042747612,通信,1.2036418436396341
2023-03-31,801780.SI,-0.021214177186159144,0.48,-0.043524951441804904,0.005900756926739823,2023-04-28,0.04184118119896785,-0.8517926062635828,-1.42700301560588,-0.35267551922297863,-0.438263706202658,银行,-0.14183633782327196
2023-03-31,801790.SI,0.03475486327923982,1.16,-0.05771201479667065,0.009826099991946093,2023-04-28,0.0581896551724137,-0.3199207104301571,-0.9246445725702762,-0.6175474840529206,-0.05911522905271085,非银金融,-0.10708525374967914
2023-03-31,801880.SI,0.04677032004614645,2.18,-0.050358789487365274,0.011470107959120067,2023-04-28,-0.05844440002377105,-0.20573823174589187,-0.1711069080168703,-0.4802630308299087,0.0996793289825976,汽车,-0.15555063199038352
2023-03-31,801890.SI,0.10463264515573667,2.48,-0.037731368652593855,0.014551541648310403,2023-04-28,-0.029411382705145983,0.34412548393445175,0.0505218168517783,-0.24450953600299408,0.39731468754549726,机械设备,0.08561949792530874
2023-03-31,801950.SI,0.035951240357150915,1.37,-0.04966112010893675,0.0030495383161849425,2023-04-28,-0.017947020107175526,-0.3085515795808689,-0.7695044651622219,-0.4672375685165492,-0.7136626143377524,煤炭,-0.2166792119245508
2023-03-31,801960.SI,0.11001420590889022,1.33,-0.01775195674977814,0.004355143281746598,2023-04-28,0.057465400130573885,0.39526627349456683,-0.7990549618113751,0.1285053688067833,-0.5875543669236888,石油石化,0.20015570298719373
2023-03-31,801970.SI,0.048873661670235435,1.55,-0.04070441512863099,0.0026039373427315443,2023-04-28,-0.025451318568846526,-0.18575024753377786,-0.6365272302410327,-0.3000162072527992,-0.75670316587551,环保,-0.16502967724102335
2023-03-31,801980.SI,-0.014507757503589902,5.19,-0.03844476793854523,0.0011455674755756868,2023-04-28,-0.04872282929311744,-0.7880617271710985,2.0525679648319053,-0.2578286751265542,-0.8975669591970902,美容护理,-0.9011004843686319
2023-04-28,801010.SI,-0.07465500664943381,2.9,-0.025745700968001883,0.004494264831835807,2023-05-31,-0.100527899011706,-0.45202874634433776,0.5023311046287663,-0.34347722782945955,-0.5080001127788274,农林牧渔,-0.4387941577967256
2023-04-28,801030.SI,-0.13869363618036423,2.07,-0.071935257302983,0.009306496633058393,2023-05-31,-0.05508266300489195,-1.0129123679994247,-0.18773719874006192,-1.1650578931963576,-0.06422358021583094,基础化工,-0.6274787389114567
2023-04-28,801040.SI,-0.06905599690451159,1.0,-0.018877381973884333,0.0015827588490381868,2023-05-31,-0.04739143611724472,-0.4029897071516376,-1.077343324769756,-0.22130939300083974,-0.7764946664397897,钢铁,-0.11351089040662532
2023-04-28,801050.SI,-0.10731247602054694,2.42,-0.0077200333727374115,0.012744676869828034,2023-05-31,-0.08136448988107647,-0.7380598470897549,0.10325545930703438,-0.022851936060114503,0.25284005404480797,有色金属,-0.1844072458677406
2023-04-28,801080.SI,-0.04540946679753066,2.71,-0.07225098812752628,0.03684416155180615,2023-05-31,0.022600917566649725,-0.19588109875186616,0.34436366168891414,-1.1706738454047718,2.4752570510826897,电子,-0.011966483705073583
2023-04-28,801110.SI,0.016827574404974177,2.59,0.007844744727766084,0.004669432722960583,2023-05-31,-0.07372480821283822,0.3492232753805857,0.24459475035848105,0.25400113988976547,-0.4918464022863328,家用电器,0.031125245973578824
2023-04-28,801120.SI,-0.0765355683025386,6.14,-0.057352724693538915,0.00906234966976489,2023-05-31,-0.07899147659212746,-0.46849968331574254,3.1960917105504567,-0.9056761672253701,-0.08673843346513817,食品饮料,-1.0947906470821207
2023-04-28,801130.SI,-0.02441106795416015,1.75,-0.0012802678714316507,0.0017974510856751435,2023-05-31,-0.0271542851508092,-0.01196620115807745,-0.45378762895454977,0.09169315259583927,-0.7566960822737616,纺织服饰,-0.029403272493116694
2023-04-28,801140.SI,-0.07299270072992714,1.95,-0.049010426163205056,0.0030830789335865773,2023-05-31,-0.03561826492773068,-0.4374694065948626,-0.2875061100704948,-0.7572904341489456,-0.6381374815913058,轻工制造,-0.4295118565585421
2023-04-28,801150.SI,-0.05605458708205624,3.09,0.00021965618370201057,0.019853231347581695,2023-05-31,-0.024976598707792008,-0.28911659835378883,0.6602985475686185,0.11837252994857766,0.9083798925187626,医药生物,-0.00020992093074928553
2023-04-28,801160.SI,0.011108649415100924,1.65,0.02536599832840536,0.004519174017559008,2023-05-31,0.042789466534027154,0.2991339561089325,-0.5369283883965773,0.5656543431999994,-0.5057030264110425,公用事业,0.2748271364459869
2023-04-28,801170.SI,-0.007984402179737615,1.51,0.013488701159784178,0.005036862065625555,2023-05-31,-0.06733122525045598,0.1319070806214102,-0.6533254516154158,0.3543910515635318,-0.45796263974431717,交通运输,0.19427184439691986
2023-04-28,801180.SI,-0.11708506929340379,0.81,-0.02878450081699635,0.004161718424603172,2023-05-31,-0.0685996861428414,-0.8236533013530859,-1.235310767709608,-0.39752882303742043,-0.5386670252663947,房地产,-0.20753781457752304
2023-04-28,801200.SI,-0.11427709778392492,2.11,-0.058363091618666596,0.004900069311517989,2023-05-31,-0.11663848839211621,-0.7990596265465363,-0.15448089496325088,-0.9236477174301606,-0.4705774547833964,商贸零售,-0.5777154163046684
2023-04-28,801210.SI,-0.04134742489290122,3.52,-0.05059362211524798,0.004543614543601078,2023-05-31,-0.040806691660277505,-0.16030362322699,1.0178038131693368,-0.7854509814001976,-0.503449159110176,社会服务,-0.6037527476956797
2023-04-28,801230.SI,-0.06614204145738911,1.79,-0.019129317070320617,0.00048158965062080066,2023-05-31,-0.03303071818248726,-0.3774677699007129,-0.4205313251777387,-0.22579060088814387,-0.8780427773422385,综合,-0.2631295817868283
2023-04-28,801710.SI,-0.11718737010125868,1.5,-0.055056514268517986,0.0027108804061990554,2023-05-31,-0.08496091910726056,-0.8245493050313061,-0.6616395275596185,-0.8648331230720674,-0.6724610509312374,建筑材料,-0.5012694281941434
2023-04-28,801720.SI,0.14601160295041105,1.0,0.10478049133078549,0.009451097532237787,2023-05-31,-0.08866008047368257,1.4806841814195288,-1.077343324769756,1.978212011593482,-0.050888710181719136,建筑装饰,1.2550125163873018
2023-04-28,801730.SI,-0.14544934430260337,3.19,-0.03828156123822346,0.02144449262971444,2023-05-31,-0.029583652412236483,-1.0720823731385263,0.7434393070106461,-0.5664544815415744,1.0551235331736477,电力设备,-0.42487566148800393
2023-04-28,801740.SI,-0.028191598098839865,3.33,-0.006900378639508986,0.009043656102144929,2023-05-31,-0.0032802403318367146,-0.045078050285017705,0.8598363702294847,-0.008272612625761962,-0.08846232519818205,国防军工,-0.2097490663147909
2023-04-28,801750.SI,0.09862533608593105,3.88,-0.03377201926244289,0.04740026839134695,2023-05-31,0.00027395369979532624,1.0656506123012701,1.3171105471606357,-0.48624257237985213,3.4487248066105507,计算机,0.5485927601229352
2023-04-28,801760.SI,0.40965866079416413,2.96,0.1897225166620684,0.0273265267101357,2023-05-31,-0.04535302373832917,3.7898422275124606,0.5522155602939829,3.4890887384269718,1.5975555681316376,传媒,2.3682250198810735
2023-04-28,801770.SI,0.2087328145393168,2.34,0.06022732652472729,0.017442099414461405,2023-05-31,0.013619000840278117,2.03002917159595,0.03674285175341233,1.185738091296466,0.6860290555203882,通信,1.0707477566156487
2023-04-28,801780.SI,-0.008132902470233572,0.5,0.03721679178100823,0.005311641053119868,2023-05-31,-0.021331425822613936,0.1306064378475049,-1.4930471219798933,0.7764462092076279,-0.43262294886317193,银行,0.5064567540343997
2023-04-28,801790.SI,-0.009281678773204183,1.19,0.05955977557186021,0.011604336728882773,2023-05-31,-0.05245809180636063,0.12054485754821868,-0.9193758818299037,1.1738642609430125,0.14767965974241404,非银金融,0.626261862991107
2023-04-28,801880.SI,-0.14121907953089574,2.01,-0.05283437921189538,0.008146448054929601,2023-05-31,-0.006332684955139611,-1.035031514257024,-0.23762165440527844,-0.8253076687655824,-0.1712014559440616,汽车,-0.5360881877647692
2023-04-28,801890.SI,-0.03602203245530311,2.34,-0.024419060052219388,0.013799840479924733,2023-05-31,-0.011086652526779872,-0.11366106671050544,0.03674285175341233,-0.31988006403799707,0.35014560114177073,机械设备,-0.07234883721923968
2023-04-28,801950.SI,-0.04284485008358074,1.28,-0.020919309688032017,0.0025645563049087124,2023-05-31,-0.080450537749301,-0.17341885180476946,-0.844549198332079,-0.25762947189170465,-0.6859548319840388,煤炭,-0.09130938559121755
2023-04-28,801960.SI,0.07157315480936899,1.39,0.05827985928717627,0.003785837941890174,2023-05-31,-0.08079222170432354,0.8287135397997498,-0.7530943629458487,1.1510981952731378,-0.5733301388001403,石油石化,0.640202684917833
2023-04-28,801970.SI,-0.05548608363012797,1.5,-0.01618000252812546,0.0018887806448975454,2023-05-31,0.004781882475182853,-0.28413734946329006,-0.6616395275596185,-0.1733306944456596,-0.7482738123610929,环保,-0.14521474627513486
2023-04-28,801980.SI,-0.08115611698475911,4.75,-0.046793296725993416,0.0010892953161183345,2023-05-31,-0.0651335786035141,-0.5089688516583559,2.040435154306275,-0.7178540155564304,-0.8220011059944725,美容护理,-0.9526594948026369
2023-05-31,801010.SI,-0.15061938012049791,2.62,-0.100527899011706,0.0036490158296132147,2023-06-30,0.029839493406468076,-0.7924438407070206,0.3810308403967289,-1.4747472369266152,-0.7276819987780029,农林牧渔,-0.9124539765619506
2023-05-31,801030.SI,-0.19131381207599585,1.94,-0.05508266300489195,0.009169377981723131,2023-06-30,0.025522041763341052,-1.2240639429461655,-0.22471049561858322,-0.30738888946024945,-0.17223329952745234,基础化工,-0.42649294860598363
2023-05-31,801040.SI,-0.14924484382612468,0.95,-0.04739143611724472,0.001810268864286185,2023-06-30,-0.005499400065447357,-0.7778650035688692,-1.1065986171702873,-0.10982323245262543,-0.9126933407877728,钢铁,-0.2031365001849778
2023-05-31,801050.SI,-0.1314959977592185,2.2,-0.08136448988107647,0.010810168581107301,2023-06-30,0.009264096006831757,-0.5896142187341664,0.0068964857990362624,-0.9824939760743817,-0.007139963427730033,有色金属,-0.48025756364740896
2023-05-31,801080.SI,-0.00441696113074197,2.78,0.022600917566649725,0.028908324790187453,2023-06-30,0.015976856397305506,0.7582327506501723,0.523558213576802,1.6880804756381722,1.8138632693628365,电子,0.9981438817471048
2023-05-31,801110.SI,-0.07523575494087753,2.29,-0.07372480821283822,0.00471979669456902,2023-06-30,0.11249095330238523,0.007102594607928555,0.08706813321282743,-0.7862523685697691,-0.6199419950909696,家用电器,-0.3885202817223772
2023-05-31,801120.SI,-0.1551833242244679,5.46,-0.07899147659212746,0.009614848087838789,2023-06-30,0.005467300006406717,-0.8408507093155682,2.9108917143430317,-0.9215380406472252,-0.1274109157455522,食品饮料,-1.1527911196578189
2023-05-31,801130.SI,-0.0869643177335484,1.72,-0.0271542851508092,0.0027218961312538556,2023-06-30,0.02991409674885337,-0.11729485311235847,-0.4206856337411841,0.41001139017015864,-0.8209670797769814,纺织服饰,0.02327864528394938
2023-05-31,801140.SI,-0.15755314896937633,1.89,-0.03561826492773068,0.003779521681217652,2023-06-30,0.03186860357409116,-0.8659859415705559,-0.2692502997373562,0.19259591797645456,-0.7145507397191088,轻工制造,-0.26483532176596997
2023-05-31,801150.SI,-0.05292787084674466,3.01,-0.024976598707792008,0.022038418728822038,2023-06-30,-0.04495973114700713,0.24370821239804938,0.7284413125231575,0.46594993666685386,1.1226259409747994,医药生物,0.2870892924986261
2023-05-31,801160.SI,0.04228702085441349,1.72,0.042789466534027154,0.009251494819805795,2023-06-30,-0.013654071636597598,1.253592349266821,-0.4206856337411841,2.2066666516846087,-0.16397085412209958,公用事业,1.1070567206689184
2023-05-31,801170.SI,-0.07860265593891747,1.39,-0.06733122525045598,0.0071437873091226315,2023-06-30,-0.029234998240197596,-0.028607994855324566,-0.7146483409250856,-0.6220194786748513,-0.376044512145083,交通运输,-0.13296347089263227
2023-05-31,801180.SI,-0.15835174619925474,0.79,-0.0685996861428414,0.004560500310104887,2023-06-30,0.005838260590173672,-0.8744561573087914,-1.2491259903503606,-0.654602617002898,-0.6359701046801386,房地产,-0.31992826174043276
2023-05-31,801200.SI,-0.17804482802570964,1.9,-0.11663848839211621,0.006708004169324724,2023-06-30,-0.027565979806214225,-1.0833282211978648,-0.2603423389136016,-1.8885822754993045,-0.4198922111703278,商贸零售,-0.9327255788494724
2023-05-31,801210.SI,-0.10273987358020087,3.36,-0.040806691660277505,0.004827958931325517,2023-06-30,-0.004092608395099284,-0.28461619660371434,1.040219941354568,0.059320050390509374,-0.6090589095145164,社会服务,-0.39445669807963435
2023-05-31,801230.SI,-0.08456011623201287,1.81,-0.03303071818248726,0.00046740807307742784,2023-06-30,-0.012062730547080514,-0.09179500834167666,-0.34051398632739277,0.2590626053112155,-1.0478095268637868,综合,-0.07886616678358951
2023-05-31,801710.SI,-0.2094822370766357,1.37,-0.08496091910726056,0.00274244454683924,2023-06-30,0.010055686121880791,-1.4167649361649923,-0.7324642625725946,-1.0748759735543485,-0.8188995359466914,建筑材料,-0.7473789069593163
2023-05-31,801720.SI,-0.0018988418855859779,0.9,-0.08866008047368257,0.011187964217332973,2023-06-30,-0.019500157042221966,0.7849408488792655,-1.1511384212890603,-1.1698968663729126,0.030873139506808214,建筑装饰,0.08892266172415975
2023-05-31,801730.SI,-0.10110415934242001,3.04,-0.029583652412236483,0.02750657376099181,2023-06-30,0.040806578892719214,-0.26726721020387795,0.7551651949944215,0.34760788210468346,1.6728216557175697,电力设备,0.20973079330676223
2023-05-31,801740.SI,-0.055207995812666666,3.32,-0.0032802403318367146,0.011281164485318157,2023-06-30,0.04040257479027076,0.21952436896744165,1.0045880980595498,1.023267430980133,0.04025077926951605,国防军工,0.1882815939991529
2023-05-31,801750.SI,0.021511214637573106,3.86,0.00027395369979532624,0.03796282680589879,2023-06-30,0.002485195336353385,1.0332365125464658,1.4856179825422975,1.1145645269115678,2.7249106297368506,计算机,0.8728358368202617
2023-05-31,801760.SI,0.25507846346394536,2.9,-0.04535302373832917,0.033850317583052195,2023-06-30,-0.014791802503228202,3.510536599408461,0.6304537434618571,-0.057462238975794215,2.3111175061076397,传媒,1.2840176209984948
2023-05-31,801770.SI,0.09168411802510379,2.37,0.013619000840278117,0.01653835378289575,2023-06-30,0.10914610215376719,1.7775161173746057,0.15833181980286418,1.4573606821441847,0.5692195093259872,通信,1.0389858793838818
2023-05-31,801780.SI,-0.016980368409988622,0.48,-0.021331425822613936,0.01014063232809117,2023-06-30,-0.02057393818881681,0.6249806354647226,-1.525272775886753,0.5595840195624219,-0.07450747131790669,银行,0.6520788094705348
2023-05-31,801790.SI,-0.04971875687395921,1.12,-0.05245809180636063,0.017540604644055584,2023-06-30,-0.020885690854739236,0.27774525467807043,-0.9551632831664593,-0.23997114964114155,0.6700641499155906,非银金融,0.3294240996437772
2023-05-31,801880.SI,-0.11276952555305464,2.01,-0.006332684955139611,0.010375675456885084,2023-06-30,0.08894928512584399,-0.3909943717476808,-0.16235476985230124,0.9448588446399238,-0.05085786345541159,汽车,0.21576298475227995
2023-05-31,801890.SI,-0.07786276687338567,2.33,-0.011086652526779872,0.017520124165604008,2023-06-30,0.07356463376679612,-0.020760459485874252,0.12269997650784581,0.8227429923312998,0.6680034417949088,机械设备,0.3625794941803551
2023-05-31,801950.SI,-0.14054692531001733,1.15,-0.080450537749301,0.003186209509892972,2023-06-30,0.016568232267784477,-0.685611682935337,-0.9284394006951957,-0.9590171555325584,-0.7742487205274613,煤炭,-0.45764159489748396
2023-05-31,801960.SI,-0.034954348581951566,1.27,-0.08079222170432354,0.0033770966615780545,2023-06-30,-0.0024997998380912323,0.43434199556551417,-0.8215438708101406,-0.9677940406835362,-0.7550420059704106,石油石化,-0.16675408092322713
2023-05-31,801970.SI,-0.05683677321922975,1.5,0.004781882475182853,0.0026210260768483613,2023-06-30,-0.004375503850109874,0.20224895714907887,-0.616660771863785,1.2303603450902527,-0.8311164393604736,环保,0.4121826989022154
2023-05-31,801980.SI,-0.14901115822148592,4.51,-0.0651335786035141,0.001303211376473112,2023-06-30,-0.012482277212371384,-0.7753864481567602,2.0646354360863457,-0.5655682115342336,-0.9637125337846265,美容护理,-1.0111685421082015
2023-06-30,801010.SI,-0.09753665618048357,2.69,0.029839493406468076,0.004159567551195115,2023-07-31,0.056012089665015585,-0.7923097955949809,0.41110034353908353,0.42164508404725887,-0.6392725568102953,农林牧渔,-0.296672358967372
2023-06-30,801030.SI,-0.10067412150599664,1.99,0.025522041763341052,0.010646298214410618,2023-07-31,0.03913517227312502,-0.8330224703645703,-0.20754580450516816,0.3107833284014661,-0.1177172063525442,基础化工,-0.11332672730792559
2023-06-30,801040.SI,-0.07051407307976587,0.94,-0.005499400065447357,0.0014300945907702515,2023-07-31,0.08613708446443091,-0.4416567929091863,-1.135515026571546,-0.48577255411270814,-0.8587315262588084,钢铁,-0.2127750042263187
2023-06-30,801050.SI,-0.0800117591283338,2.22,0.009264096006831757,0.010989136585409077,2023-07-31,0.05225921000222766,-0.5649015663301578,-0.004276355862056683,-0.10668154642345858,-0.09015182773270347,有色金属,-0.20819431466724095
2023-06-30,801080.SI,-0.0361254940637632,2.77,0.015976856397305506,0.0365290938122514,2023-07-31,-0.008232302874329411,0.004579543754675556,0.4818027604584267,0.06568596655196421,1.9633481607374028,电子,0.3090261130239566
2023-06-30,801110.SI,0.03855656697009091,2.55,0.11249095330238523,0.006702201558153841,2023-07-31,0.00712207284575328,0.9736759787875353,0.28737111393023307,2.543935432182522,-0.43483607880061814,家用电器,0.9374597036364848
2023-06-30,801120.SI,-0.12706719059472193,5.48,0.005467300006406717,0.010973120233929656,2023-07-31,0.0924272120015579,-1.1755067136939712,2.876847133601173,-0.20417411964222493,-0.0914395972182278,食品饮料,-1.0032227281970174
2023-06-30,801130.SI,0.000664754471704887,1.77,0.02991409674885337,0.0024781704505805924,2023-07-31,0.03907143823735648,0.4819806519476193,-0.4019774510333615,0.423560718129008,-0.7744626393957421,纺织服饰,0.1998005609354566
2023-06-30,801140.SI,-0.05365578743224653,1.95,0.03186860357409116,0.005635582803915326,2023-07-31,0.0560017165277098,-0.22289870970134923,-0.2428970129648397,0.473747744175375,-0.5205958778510567,轻工制造,0.03661879511885194
2023-06-30,801150.SI,-0.06860884779457588,2.87,-0.04495973114700713,0.020483535427843792,2023-07-31,-0.009093721724409587,-0.41693402808116264,0.5701807816076055,-1.4990187798185552,0.673230340072156,医药生物,-0.5790943304563017
2023-06-30,801160.SI,0.054641371067034594,1.7,-0.013654071636597598,0.009274112253459428,2023-07-31,-0.02125248187062745,1.182397137426743,-0.46384206583778675,-0.6951648720398123,-0.22804565482898245,公用事业,0.1584386813157693
2023-06-30,801170.SI,-0.08238509546951467,1.36,-0.029234998240197596,0.005570664157279711,2023-07-31,0.055586406296610935,-0.5956986781871766,-0.7643273377449946,-1.0952455262407876,-0.5258155592676574,交通运输,-0.46098794804682053
2023-06-30,801180.SI,-0.09012834463423014,0.79,0.005838260590173672,0.00553347091061092,2023-07-31,0.14155268929463216,-0.6961773615177734,-1.2680820582953138,-0.19464874565054152,-0.5288060236183674,房地产,-0.09866492096470028
2023-06-30,801200.SI,-0.19112373918843728,1.84,-0.027565979806214225,0.006439991010049589,2023-07-31,0.10215453025408805,-2.0067233676443568,-0.3401128362289363,-1.0523891542207005,-0.4559187044575992,商贸零售,-0.9139896547053918
2023-06-30,801210.SI,-0.09306274757030364,3.34,-0.004092608395099284,0.005135682638645189,2023-07-31,0.029246139690371598,-0.7342550388733795,0.9855574810087459,-0.44964953356864773,-0.5607895623784347,社会服务,-0.6611925221638433
2023-06-30,801230.SI,-0.06296934016572331,1.81,-0.012062730547080514,0.0006262568529032459,2023-07-31,0.03853362431000029,-0.3437541149560522,-0.36662624257369,-0.6543030670683553,-0.9233628320507726,综合,-0.4103644079764993
2023-06-30,801710.SI,-0.12664502955956736,1.39,0.010055686121880791,0.0032078344701410282,2023-07-31,0.10162690487923287,-1.170028627678206,-0.7378139314002411,-0.0863554195412057,-0.7157951544643407,建筑材料,-0.3421475222058429
2023-06-30,801720.SI,-0.01280279005050644,0.89,-0.019500157042221966,0.008990128868831455,2023-07-31,0.06061119144807914,0.30722182493553385,-1.1797040371461351,-0.8452782595874158,-0.25087889107443506,建筑装饰,0.009833227089448407
2023-06-30,801730.SI,-0.02864925975773891,3.19,0.040806578892719214,0.028717121482024908,2023-07-31,-0.02450057751440471,0.10159336358155724,0.8529904492849777,0.7032534150308339,1.335238843733967,电力设备,0.3393043834292325
2023-06-30,801740.SI,0.029834182008095178,3.46,0.04040257479027076,0.01243643769785235,2023-07-31,-0.0433914421553091,0.8604917407705565,1.0916111063877605,0.692879563095089,0.026216136055092043,国防军工,0.24079099536446152
2023-06-30,801750.SI,-0.031105394425185562,3.88,0.002485195336353385,0.052184659325401964,2023-07-31,-0.042115253853127754,0.0697218362397477,1.4627987952143116,-0.28074738242975755,3.222109219544487,计算机,0.2621331050879875
2023-06-30,801760.SI,0.11896499150561213,2.86,-0.014791802503228202,0.035935633640260395,2023-07-31,-0.07573122939970411,2.0170793943501946,0.5613429794926875,-0.7243790594246012,1.9156319313985308,传媒,0.5919166151839996
2023-06-30,801770.SI,0.19196222988297973,2.62,0.10914610215376719,0.025030846514253788,2023-07-31,-0.07656811912361527,2.9643130740243944,0.3492357287346585,2.458047713833679,1.038849717605758,通信,1.7415638847839383
2023-06-30,801780.SI,-0.005792950614124104,0.47,-0.02057393818881681,0.005585317378580562,2023-07-31,0.05551663120024242,0.398183567473296,-1.5508917259726862,-0.8728503722433523,-0.5246373901147067,银行,0.0490250055408263
2023-06-30,801790.SI,-0.01699146774675475,1.08,-0.020885690854739236,0.009967061020962998,2023-07-31,0.14413087824054682,0.2528683086192688,-1.0117857969626953,-0.8808554295614661,-0.1723302018452389,非银金融,-0.03579898687101163
2023-06-30,801880.SI,0.02488369733771978,2.21,0.08894928512584399,0.017251288554873775,2023-07-31,0.05737047144998453,0.7962527926305089,-0.013114157976974768,1.939442115149841,0.4133466269780485,汽车,0.9240379341217013
2023-06-30,801890.SI,0.035737597911227104,2.5,0.07356463376679612,0.024480777036313805,2023-07-31,-0.017387742240428494,0.9370962054444499,0.24318210335564383,1.544401336319675,0.9946222486019985,机械设备,0.8988274987392585
2023-06-30,801950.SI,-0.08477028079997684,1.17,0.016568232267784477,0.002546285860106716,2023-07-31,-0.019183395149561133,-0.6266495460213642,-0.9322455779284345,0.08087107403364839,-0.7689859272997045,煤炭,-0.10789213805883699
2023-06-30,801960.SI,-0.02965267471193256,1.27,-0.0024997998380912323,0.002678035559944424,2023-07-31,0.04341466894977164,0.08857275539926665,-0.8438675567792556,-0.40875004756776673,-0.7583928004320788,石油石化,-0.0808995501337994
2023-06-30,801970.SI,-0.015800783718872502,1.48,-0.004375503850109874,0.002450303129239965,2023-07-31,0.029193982510414385,0.26831897549559114,-0.6582737123659801,-0.4569136072396558,-0.7767032674259068,环保,-0.0880306149446986
2023-06-30,801980.SI,-0.12000227905618588,4.43,-0.012482277212371384,0.0013530777356810552,2023-07-31,0.036670562222603564,-1.0838303393272515,1.9488779115347947,-0.6650760145693484,-0.8649239450492147,美容护理,-1.0855227734777528
2023-07-31,801010.SI,-0.018211791299678093,2.85,0.05184040460803607,0.00529965534662366,2023-08-31,-0.08177666685747365,-0.257786943624615,0.5002227325828047,0.6100628353648418,-0.637740987683573,农林牧渔,-0.10579075375847201
2023-07-31,801030.SI,0.011420630276686605,2.07,0.03353210935706552,0.013948854171458878,2023-08-31,-0.06134229366612609,0.25226335668496597,-0.1691400606574952,0.23674490709375695,0.17673979438699675,基础化工,0.21533817602082986
2023-07-31,801040.SI,0.023452303028215216,1.02,0.06974483159065015,0.0021798663429028102,2023-08-31,-0.06707424830221065,0.45935943502365123,-1.070205359250206,0.9751456296067615,-0.9315263704810521,钢铁,0.4761370190180483
2023-07-31,801050.SI,-0.024847816249199628,2.34,0.033289948490627275,0.0159528808794984,2023-08-31,-0.07809171863371567,-0.37201002558376983,0.06256244469491623,0.23180709110773476,0.36545568281906043,有色金属,0.02925909543862748
2023-07-31,801080.SI,0.0484127374338299,2.76,-0.011486378597219571,0.03778984715246001,2023-08-31,-0.049759526452090364,0.8889928023686907,0.4229885641320006,-0.6812110482046796,2.4218067655321205,电子,0.4195225893947455
2023-07-31,801110.SI,0.05710130725023177,2.52,0.002090874497424844,0.0057151639093758096,2023-08-31,-0.05086413213133667,1.0385454682787647,0.21703078159652398,-0.40436211566214075,-0.598613231922468,家用电器,-0.0020790352397620504
2023-07-31,801120.SI,0.017578033482605893,5.99,0.06735821872217795,0.01296387121770125,2023-08-31,-0.058512754056015526,0.35824812563855335,3.1948370540886266,0.9264810565577815,0.08398557486331992,食品饮料,-0.24661458266128183
2023-07-31,801130.SI,0.010039044048622658,1.82,0.03683926247821079,0.0026258867344629093,2023-08-31,-0.05314753205545619,0.22848269911327226,-0.3836794174652834,0.30417988860006373,-0.8895253661459238,纺织服饰,0.06474121885780174
2023-07-31,801140.SI,0.04691556327327984,2.06,0.04686102742639853,0.005374339862956925,2023-08-31,-0.05220665375668132,0.8632225787561396,-0.17772163492980655,0.5085301285755137,-0.6307080700106649,轻工制造,0.3151357440721428
2023-07-31,801150.SI,-0.08604115493998199,2.87,-0.008759267304808471,0.01886246375198387,2023-08-31,-0.04756838404403729,-1.4253050016877271,0.5173858811274278,-0.6256034930559486,0.639446301080313,医药生物,-0.5772771370413228
2023-07-31,801160.SI,-0.0145217268199348,1.65,-0.0301369631668722,0.008433402930235407,2023-08-31,-0.04497331464342613,-0.1942714293354962,-0.5295661800945796,-1.0615084760724263,-0.34264114844956384,公用事业,-0.35077597886934203
2023-07-31,801170.SI,-0.04399564407794099,1.47,0.031227302481147134,0.005693717351982411,2023-08-31,-0.0792584573512981,-0.7015934620625316,-0.6840345169961871,0.18974841090511313,-0.6006328188451712,交通运输,-0.11209235622807218
2023-07-31,801180.SI,0.06971939213188261,0.93,0.13210608665417545,0.009637666227944442,2023-08-31,-0.06930453180453189,1.2557352098134607,-1.1474395277010099,2.2467317726948695,-0.2292376607507335,房地产,1.257332217789862
2023-07-31,801200.SI,-0.046016673107712736,2.02,0.08242353193850338,0.006864291275663707,2023-08-31,-0.10089164286334351,-0.7363805772806704,-0.21204793201905273,1.2336724930939307,-0.4904018039107305,商贸零售,0.1354412625719087
2023-07-31,801210.SI,0.002214468972492112,3.55,0.0063338381546718114,0.004169909097087778,2023-08-31,-0.07293064527620174,0.09380160809644913,1.100932931644612,-0.31784535478736875,-0.7441273279098088,社会服务,-0.44836549882982796
2023-07-31,801230.SI,0.0015173916426738376,1.47,0.027383492257006425,0.0005003815712910201,2023-08-31,-0.07722028175779005,0.08180311177050595,-0.6840345169961871,0.11137064553302836,-1.0896806802571422,综合,-0.015052680929238088
2023-07-31,801710.SI,0.018956704415577397,1.53,0.087424659137457,0.003910340215304391,2023-08-31,-0.06449779368239783,0.38197860347270657,-0.6325450713623179,1.3356486967404482,-0.7685705012161115,建筑材料,0.5113788130501994
2023-07-31,801720.SI,-0.07132296078439226,0.94,0.04413149346992662,0.009523599386766817,2023-08-31,-0.1017349170941757,-1.171966970243784,-1.1388579534286984,0.45287317374671,-0.23997914697300704,建筑装饰,0.005412058065796144
2023-07-31,801730.SI,-0.007910436319691239,3.18,-0.030485473900834226,0.029858498300205576,2023-08-31,-0.0832804000731785,-0.08047409095756415,0.7834146835690854,-1.0686148343324091,1.6749247309198825,电力设备,-0.19513030587346786
2023-07-31,801740.SI,-0.007203947368421115,3.31,-0.04920769933528657,0.010961440411147128,2023-08-31,-0.0390112984990556,-0.06831359638468239,0.8949751491091352,-1.4503730655605975,-0.10458003015911693,国防军工,-0.6863601800362771
2023-07-31,801750.SI,-0.028705865936690778,3.75,-0.04093909688818287,0.037458773716131114,2023-08-31,-0.03722537832773121,-0.4384169979819924,1.2725644170908428,-1.2817709377854112,2.3906301263074936,计算机,-0.3228234219123425
2023-07-31,801760.SI,-0.17844908128308945,2.67,-0.03980911039512525,0.02068816659329004,2023-08-31,-0.011175694268946823,-3.0158834314938625,0.3457543956811969,-1.2587297856311592,0.8113697252182521,传媒,-1.1529553974697537
2023-07-31,801770.SI,0.057102114204228505,2.43,-0.0761277923879432,0.0200734103100624,2023-08-31,-0.03920625610948192,1.0385593580355403,0.1397966131457203,-1.9992910958589045,0.7534791403806924,通信,-0.22873107990095543
2023-07-31,801780.SI,-0.01327918893065827,0.49,0.03760571501793941,0.006114628877395146,2023-08-31,-0.06446762725417488,-0.17288415182466932,-1.5250287956827175,0.31980834937848784,-0.560996275005261,银行,0.2577006541245616
2023-07-31,801790.SI,0.037047014381661914,1.24,0.11679303751565895,0.01629311673327412,2023-08-31,-0.05979313276342513,0.6933594336595447,-0.8814107252593524,1.9344888411963046,0.39749513177657403,非银金融,1.0695876045651764
2023-07-31,801880.SI,0.13882310386841312,2.34,0.04125862927286095,0.029708490326968574,2023-08-31,-0.07233187507209127,2.4451880809833684,0.06256244469491623,0.3942936230266135,1.6607987275948028,汽车,1.1204361618856893
2023-07-31,801890.SI,0.046668993850863316,2.42,-0.0150164568237382,0.023976669014596337,2023-08-31,-0.05593396444239207,0.8589784839012319,0.13121503887340857,-0.7531916161436274,1.1210425721709343,机械设备,0.1925453086327084
2023-07-31,801950.SI,-0.08580518593082975,1.15,-0.03734680614013364,0.0025240472438846336,2023-08-31,-0.020900812563795612,-1.4212433672488511,-0.9586448937101563,-1.2085218164758762,-0.8991154229375067,煤炭,-0.7604031522053596
2023-07-31,801960.SI,-0.03954027706516161,1.32,0.022098168459767864,0.0026304579144292586,2023-08-31,-0.033428493281821736,-0.6249051199707035,-0.81275813108086,0.0035994902627218147,-0.8890949056709851,石油石化,-0.18027780404887495
2023-07-31,801970.SI,0.017219873500160077,1.54,0.025483235591956532,0.0032081232625588325,2023-08-31,-0.0386042776686597,0.35208326981890375,-0.6239634970900063,0.07262318862044986,-0.8346971129911982,环保,0.08563832957702659
2023-07-31,801980.SI,-0.038625907217965105,4.58,0.02306007664328602,0.0012901933130766644,2023-08-31,-0.04945405829935989,-0.609166459734829,1.9848350816927,0.02321341746541778,-1.0153054117304245,美容护理,-0.7708768880607745
2023-08-31,801010.SI,0.006939867270679301,2.71,-0.06345705361284204,0.005984788564418888,2023-09-28,-0.02552478189645313,0.5989065635590378,0.5014705762664421,-0.3888571703595677,-0.5518756222178519,农林牧渔,-0.1690013129311559
2023-08-31,801030.SI,-0.011980622220289061,1.96,-0.0526662878412687,0.012400185400081604,2023-09-28,-0.009696316005249783,0.14392642199966468,-0.16173709712347675,0.06114475893652579,0.04982165844405975,基础化工,0.10270084588303856
2023-08-31,801040.SI,0.009989614081119313,0.95,-0.07837440143655239,0.002160882783822968,2023-09-28,0.007983005669286891,0.6722436850006686,-1.0548567639552342,-1.0109478952212358,-0.9105180832581051,钢铁,-0.09675160591622646
2023-08-31,801050.SI,-0.03890417311353778,2.15,-0.07189514340706415,0.011173753303351196,2023-09-28,-0.009193018594811253,-0.5035029694301203,0.006275513468635975,-0.7407466254135054,-0.06520487481994885,有色金属,-0.3904966378134438
2023-08-31,801080.SI,-0.02000945794171538,2.62,-0.05491552653399667,0.024245182166942034,2023-09-28,-0.013357936209822618,-0.04914262173914709,0.421885655459652,-0.03265412175472225,1.1607587565905098,电子,0.11723390845615238
2023-08-31,801110.SI,0.03043391509489335,2.41,-0.03991513932023971,0.004351464534063345,2023-09-28,0.0014821627901677736,1.1638668522432238,0.23618750691047474,0.5928995534220187,-0.7050643730744719,家用电器,0.3258648359893025
2023-08-31,801120.SI,0.022390543928869855,5.97,-0.05393022241220502,0.012351434110572842,2023-09-28,-0.02239580106678185,0.9704482753359596,3.3842132632679562,0.008435525183744158,0.04524929619156106,食品饮料,-0.4154043753774722
2023-08-31,801130.SI,0.008951043657627444,1.75,-0.03861226648714933,0.0026022099012760727,2023-09-28,0.010347112811663672,0.6472692297401285,-0.34743524567265405,0.6472326101233927,-0.8691262047420723,纺织服饰,0.2872891695186862
2023-08-31,801140.SI,0.018823770637948822,1.95,-0.04695448404690028,0.006474647931657582,2023-09-28,-0.008618916991516845,0.8846782418710174,-0.17057986610200904,0.2993412671025789,-0.5059319250897476,轻工制造,0.2774889510686026
2023-08-31,801150.SI,-0.07862690432280983,2.73,-0.044729820116424346,0.028007238520176485,2023-09-28,0.042969556993578406,-1.4587136619096488,0.5191561142235066,0.3921153187261307,1.5136003867223744,医药生物,-0.09060899802318992
2023-08-31,801160.SI,-0.04886127646291194,1.56,-0.0535799795516021,0.006403582304622859,2023-09-28,-0.00815468837603639,-0.7429409762312701,-0.5154478562647667,0.02304152871768221,-0.5125971393595222,公用事业,-0.19417734829136554
2023-08-31,801170.SI,-0.041932448449643944,1.35,-0.07191876873455227,0.006603314198881793,2023-09-28,-0.008433399283208298,-0.5763237673148702,-0.7011460048139441,-0.7417318606762254,-0.4938643718136408,交通运输,-0.34962915081905643
2023-08-31,801180.SI,0.03829095491352352,0.87,-0.08791109565310451,0.01245332210309356,2023-09-28,-0.05487091676413758,1.3528047278000062,-1.125598915783492,-1.4086519032037599,0.054805326722832885,房地产,0.17041686972519374
2023-08-31,801200.SI,-0.04531448887328282,1.8,-0.09580089045566231,0.005649996436499279,2023-09-28,-0.0015631752687282896,-0.6576515380071275,-0.3032214007799927,-1.7376760853664717,-0.5832756303726763,商贸零售,-0.7893505493166231
2023-08-31,801210.SI,-0.058406504193983855,3.22,-0.05602885862355089,0.003984613353563625,2023-09-28,-0.037079536458421214,-0.9724746289611648,0.9524517941715872,-0.0790828552526232,-0.7394711858358045,社会服务,-0.6377242184727835
2023-08-31,801230.SI,-0.034862073550922634,1.36,-0.07937592930581283,0.0005719229277215438,2023-09-28,0.005304532198433742,-0.406302786946808,-0.6923032358354118,-1.0527141130181488,-1.0595459374950296,综合,-0.5144729708396766
2023-08-31,801710.SI,0.009690305882609218,1.43,-0.06018637401846161,0.0036211498739989315,2023-09-28,-0.019228764232377404,0.6650462345016733,-0.6304038529856861,-0.2524616486017117,-0.7735602675989597,建筑材料,0.08252062328355156
2023-08-31,801720.SI,-0.05717455788782466,0.84,-0.09541603302194213,0.01004308313700575,2023-09-28,-0.009126278879869387,-0.9428500727340431,-1.152127222719089,-1.7216265675338946,-0.17124993825760737,建筑装饰,-0.6077372981865412
2023-08-31,801730.SI,-0.0551177136806944,2.87,-0.0837967826378282,0.02434774040642923,2023-09-28,-0.05707227402822923,-0.8933892345790675,0.6429548799229583,-1.237074757170275,1.170377649293434,电力设备,-0.5455258650332655
2023-08-31,801740.SI,-0.006188279959704168,3.08,-0.02813371220244476,0.008051228518342968,2023-09-28,-0.014467169592740192,0.28321461023281025,0.8286530284721355,1.0842145393181528,-0.3580651171505058,国防军工,0.18337342976959395
2023-08-31,801750.SI,-0.07527835214717193,3.57,-0.04053553306973545,0.04165081421335906,2023-09-28,-0.04262112338247992,-1.3781911815785808,1.2619487084202157,0.5670275819506544,2.7932254205874667,计算机,0.08616480256279954
2023-08-31,801760.SI,-0.12488661920204769,2.63,0.003705287159754711,0.02065889899231895,2023-09-28,-0.07630271191253724,-2.5711189003839876,0.43072842443818404,2.4119804683674886,0.8244028164779807,传媒,0.12616964949042142
2023-08-31,801770.SI,-0.02068446035079896,2.31,-0.04197824476587786,0.017126658095589987,2023-09-28,0.007048587230336745,-0.06537437365996102,0.14775981712515213,0.5068628948074672,0.4931154781188003,通信,0.20989938335305358
2023-08-31,801780.SI,-0.04641751214722689,0.46,-0.05271944029360842,0.007326428505426751,2023-09-28,0.027922433650806155,-0.6841758880014506,-1.4881524439033145,0.058928168695756795,-0.42604379531599385,银行,0.05106701668497576
2023-08-31,801790.SI,0.0501618869890339,1.17,-0.08287502807419656,0.039356238917831673,2023-09-28,-0.01810920781634595,1.6382644860549702,-0.8603158464275247,-1.1986352857970364,2.5780182009938235,非银金融,0.7583921467809803
2023-08-31,801880.SI,0.06273794841546443,2.16,-0.059206076069542646,0.018113535612229822,2023-09-28,0.004678050644042919,1.9406804574170242,0.015118282447168431,-0.21158077159661137,0.5856742914423457,汽车,0.5851293812087257
2023-08-31,801890.SI,0.01460613747277284,2.26,-0.05296986385979352,0.019176688789541877,2023-09-28,0.011121301674649198,0.7832570109111484,0.10354597223249064,0.04848487946957694,0.6853869658259021,机械设备,0.34705486227368476
2023-08-31,801950.SI,-0.04214482566116673,1.19,-0.011670547383963892,0.0026283108788999125,2023-09-28,0.09609220123049922,-0.5814307923634953,-0.8426303084704602,1.770769700227347,-0.8666782053959399,煤炭,0.40575343576950357
2023-08-31,801960.SI,-0.0042485746362296295,1.28,-0.021823749221507205,0.0027841473098772955,2023-09-28,0.03485431312729381,0.3298586150340173,-0.7630453876636698,1.3473557820545168,-0.8520623742713694,石油石化,0.5110644161518443
2023-08-31,801970.SI,0.005042483919637908,1.48,-0.033306782472066976,0.005986036191343794,2023-09-28,-0.022884909504433226,0.5532802732846086,-0.5861900080930248,0.8684845669517113,-0.5517586078308659,环保,0.4432460020840875
2023-08-31,801980.SI,-0.023960880195598944,4.34,-0.027128785021637847,0.0016488374397396015,2023-09-28,-0.065596767305102,-0.14416229114521525,1.942841919767199,1.1261225169110405,-0.9585425935109815,美容护理,-0.26994939903340126
2023-09-28,801010.SI,-0.05036906035579636,2.65,-0.02552478189645313,0.005551295462137469,2023-10-31,0.004069389307279625,-0.24952735646322172,0.500237251478806,-0.49617451225261955,-0.6874022831343413,农林牧渔,-0.46591842376817905
2023-09-28,801030.SI,-0.03341954092443544,1.94,-0.009696316005249783,0.015301627868502256,2023-10-31,-0.009771805964219116,0.09790259570877434,-0.15905747337439893,-0.025051324284558085,0.14837314757243614,基础化工,0.08123098976418827
2023-09-28,801040.SI,0.005185798199138114,0.96,0.007983005669286891,0.0029436100094787985,2023-10-31,-0.007476811146757578,0.8892318826306229,-1.069069910495724,0.5011612882118603,-0.9109269119891393,钢铁,0.4485810204709474
2023-09-28,801050.SI,-0.058700505332102026,2.15,-0.009193018594811253,0.014497833435623744,2023-10-31,-0.00915422885572148,-0.4203046779892682,0.035945191723027875,-0.01007102978655202,0.07947379005922776,有色金属,-0.1120533784468284
2023-09-28,801080.SI,-0.08856165198912924,2.62,-0.013357936209822618,0.04443509756084042,2023-10-31,0.044265051201178185,-1.0323961769173249,0.4723797278934595,-0.13403688206153302,2.645625258095591,电子,0.09264140386496511
2023-09-28,801110.SI,-0.03374773339194459,2.41,0.0014821627901677736,0.006450169137802846,2023-10-31,-0.03582918795040613,0.0911753316260571,0.27737706279603275,0.3076682584551257,-0.6103529578272562,家用电器,-0.053696637268972974
2023-09-28,801120.SI,0.0019411033162504143,5.83,-0.02239580106678185,0.013949829406399933,2023-10-31,-0.02543941610986722,0.8227223752348796,3.453134751525555,-0.4030425919706336,0.032500180907748734,食品饮料,-0.6044330611919134
2023-09-28,801130.SI,0.001053068455644235,1.77,0.010347112811663672,0.0031271228622444702,2023-10-31,-0.01912712016484852,0.8045195046227128,-0.31691677369136345,0.5715272795385118,-0.8951966243262963,纺织服饰,0.2955381817415186
2023-09-28,801140.SI,-0.007333388822934217,1.94,-0.008618916991516845,0.00720611213715984,2023-10-31,-0.023279213758346295,0.6326145451347226,-0.15905747337439893,0.007016701862283994,-0.545555312009054,轻工制造,0.10392678357233719
2023-09-28,801150.SI,0.0037836936851127767,2.85,0.042969556993578406,0.03177298625309316,2023-10-31,0.018742779605692483,0.8604916516039754,0.6859540753811174,1.5425114550065346,1.560259027403651,医药生物,0.8968892419000136
2023-09-28,801160.SI,-0.070798085176344,1.55,-0.00815468837603639,0.007575689885785624,2023-10-31,-0.008387179793560517,-0.6682799438192341,-0.5212052799839058,0.020834141074298766,-0.5138759815858447,公用事业,-0.17315141028475411
2023-09-28,801170.SI,-0.04826414068165352,1.36,-0.008433399283208298,0.007630804321363781,2023-10-31,-0.02342957555323788,-0.2063808740703212,-0.6976362626911015,0.01253850636081249,-0.5091517025342478,交通运输,-0.009865361351787783
2023-09-28,801180.SI,-0.0011005619066073447,0.82,-0.05487091676413758,0.011683321153180399,2023-10-31,-0.07273651296136796,0.760374554272746,-1.1990716872273421,-1.369641638405873,-0.1617795454222452,房地产,-0.009604521509747527
2023-09-28,801200.SI,-0.014498935837103821,1.8,-0.0015631752687282896,0.006734152111642009,2023-10-31,-0.05108074007901786,0.4857357108113801,-0.2890592501060167,0.2170259065930333,-0.5860106090352413,商贸零售,0.14879711876082885
2023-09-28,801210.SI,-0.08559780707103626,3.1,-0.037079536458421214,0.005172845610753955,2023-10-31,-0.08124134945259665,-0.9716435106067391,0.9181001052590065,-0.8400936793304753,-0.7198421092201166,社会服务,-0.8691590771139475
2023-09-28,801230.SI,-0.04018357943354933,1.37,0.005304532198433742,0.0005975602650624591,2023-10-31,-0.013294146311749855,-0.040746148005034254,-0.6883504214959859,0.42143840355899526,-1.1120247467992783,综合,0.04615699252047831
2023-09-28,801710.SI,0.02316924519456176,1.4,-0.019228764232377404,0.004033773701589925,2023-10-31,-0.06784578587073065,1.257855202885196,-0.6604928979106394,-0.30877796139350905,-0.817480658944443,建筑材料,0.2272415195458282
2023-09-28,801720.SI,-0.06121297345511301,0.83,-0.009126278879869387,0.009427433590088819,2023-10-31,-0.056362402443162485,-0.4718050572977382,-1.1897858460322264,-0.008084568970727431,-0.35514889131635785,建筑装饰,0.04131970505808308
2023-09-28,801730.SI,-0.14301035657112204,2.68,-0.05707227402822923,0.027341619874908383,2023-10-31,-0.05398669131044065,-2.1484815565268165,0.5280947750641529,-1.4351634937293178,1.1804127832972169,电力设备,-0.9326084939051444
2023-09-28,801740.SI,-0.08241095046097735,3.04,-0.014467169592740192,0.014021594984918175,2023-10-31,-0.023957458718164015,-0.9063195677011274,0.8623850580883131,-0.16705243588416538,0.038651756546016304,国防军工,-0.475771661614816
2023-09-28,801750.SI,-0.11338488269303082,3.42,-0.04262112338247992,0.044001553289903024,2023-10-31,-0.03799078594512828,-1.5412208601855564,1.2152470235027044,-1.005035128237131,2.6084628686844744,计算机,-0.48711379770498153
2023-09-28,801760.SI,-0.11708263778619232,2.46,-0.07630271191253724,0.01810656967659107,2023-10-31,-0.0598561239547466,-1.6170171610991866,0.3238062687716104,-2.0075439925312892,0.3888061246299744,传媒,-1.0806267438287427
2023-09-28,801770.SI,-0.09317614637882443,2.32,0.007048587230336745,0.02300081036902694,2023-10-31,-0.09089329373017319,-1.1269837297740384,0.19380449203999237,0.47334897861216707,0.8083288600839014,通信,-0.04396986984371891
2023-09-28,801780.SI,0.023531306067994695,0.47,0.027922433650806155,0.008216778748628011,2023-10-31,-0.03899460316746872,1.2652766989606192,-1.5240761290563867,1.094644380097195,-0.45892336067687417,银行,0.9251494882931619
2023-09-28,801790.SI,0.04389970359689177,1.15,-0.01810920781634595,0.018570597726991107,2023-10-31,-0.019856496047885752,1.6827865527321322,-0.8926389277885284,-0.2754551497289898,0.42858151151113905,非银金融,0.6490803738029575
2023-09-28,801880.SI,-0.04770461366078127,2.17,0.004678050644042919,0.024324731826077427,2023-10-31,0.024133317071070914,-0.1949117320166,0.05451687411325901,0.4027916193957985,0.9218122758150428,汽车,0.24415568247459885
2023-09-28,801890.SI,-0.06013109867764632,2.29,0.011121301674649198,0.02772490734915768,2023-10-31,-0.0590665985809502,-0.44962887090416565,0.16594696845464588,0.5945704681662746,1.2132672789722674,机械设备,0.268702405622181
2023-09-28,801950.SI,0.044440533458484976,1.31,0.09609220123049922,0.006418059681869021,2023-10-31,-0.03011761710222327,1.6938724418458289,-0.7440654686666793,3.1236697099009776,-0.6131053044390841,煤炭,1.5003277988248336
2023-09-28,801960.SI,0.023652386887970556,1.34,0.03485431312729381,0.004739958428363295,2023-10-31,-0.0538339606841185,1.2677586043422742,-0.7162079450813326,1.3009669119218483,-0.7569481745552661,石油石化,0.7665564617182535
2023-09-28,801970.SI,-0.0313040267217215,1.45,-0.022884909504433226,0.004519579499146233,2023-10-31,-0.024668468718232917,0.1412662439375353,-0.6140636919350615,-0.4176005616432634,-0.775838535089524,环保,-0.11982410261989235
2023-09-28,801980.SI,-0.0727327557399362,4.0,-0.065596767305102,0.0016129125027121139,2023-10-31,-0.08159501868695562,-0.7079366729730846,1.753825812819407,-1.6888890585450806,-1.0249911546740724,美容护理,-1.298498627481748
2023-10-31,801010.SI,-0.1015728850642702,2.64,-0.014638433823606412,0.005305243944382089,2023-11-30,0.027131398797935802,-0.09764001362799789,0.618212884944082,0.5046263063157265,-0.6047884862924963,农林牧渔,-0.11262918947461989
2023-10-31,801030.SI,-0.07952725807618011,1.88,-0.014039853819531878,0.0143712002313139,2023-11-30,-0.015339678335334894,0.3097312493908327,-0.12566329326238235,0.5233202790056135,-0.015655622582257573,基础化工,0.2759108286173234
2023-10-31,801040.SI,-0.06665769033333058,0.94,-0.016061852103211094,0.0024232210631450596,2023-11-30,-0.018136326751420073,0.547542225179515,-1.0457206715703773,0.46017219447756585,-0.7920709239708079,钢铁,0.35890690018456484
2023-10-31,801050.SI,-0.09492861481082293,2.06,-0.0216514363783894,0.01421036412699908,2023-11-30,-0.033290407948678435,0.02513647925412865,0.05051790683914879,0.2856064971994551,-0.026107232067687385,有色金属,0.08250758970788823
2023-10-31,801080.SI,-0.0209522023000005,2.68,0.0531088772619126,0.06300349502904413,2023-11-30,0.00747769995529346,1.3921134590613404,0.6573642627444223,2.620410954357992,3.1446158585726187,电子,1.7060294676038537
2023-10-31,801110.SI,-0.08351452923076097,2.21,-0.04102086959718676,0.008361897328947642,2023-11-30,-0.004904223146576681,0.23605225232181457,0.19733557359042453,-0.3193112299982984,-0.4061580379619172,家用电器,-0.15657548708103405
2023-10-31,801120.SI,-0.10301260166077919,5.42,-0.0422465830141775,0.012846095617182376,2023-11-30,0.005046544373606743,-0.1242438915138883,3.339233642067727,-0.35759091356086503,-0.11476146650477202,食品饮料,-0.8591857293425268
2023-10-31,801130.SI,-0.06164829570344421,1.71,-0.013326859753630571,0.0032926344613324215,2023-11-30,0.009740587463409778,0.6401085839607378,-0.2920566489138282,0.5455874638518866,-0.7355738497724154,纺织服饰,0.26774319523931533
2023-10-31,801140.SI,-0.08224932305510535,1.88,-0.018549477838629036,0.005660212929716195,2023-11-30,0.004821029992499559,0.2594314303345106,-0.12566329326238235,0.3824823163593308,-0.5817215435189422,轻工制造,0.10568950512752036
2023-10-31,801150.SI,0.011975455265241353,2.82,0.03112709670913305,0.04383993936308855,2023-11-30,0.028938176737687726,2.000568889149619,0.7943940850456127,1.9339082270173307,1.8993108878627043,医药生物,1.3835312770906665
2023-10-31,801160.SI,-0.06070592127602137,1.45,-0.008642315644383114,0.006268897643027885,2023-11-30,0.0037308417798662674,0.6575222987506726,-0.5465406046160396,0.6918882741808914,-0.5421673964548467,公用事业,0.40969906219685004
2023-10-31,801170.SI,-0.10841409174503391,1.27,-0.02891413364144768,0.006425892796139878,2023-11-30,0.00987462878710299,-0.2240556065082173,-0.7227218047175705,0.0587885892066191,-0.531965383427846,交通运输,0.0006384160242746129
2023-10-31,801180.SI,-0.1843536718536719,0.76,-0.07807991977165774,0.00835026476602547,2023-11-30,-0.014806478200295348,-1.6273090807091615,-1.2219018716719083,-1.4766851268190335,-0.4069139565754348,房地产,-0.7522554485950801
2023-10-31,801200.SI,-0.1481524349662896,1.69,-0.046073157860627934,0.006283309227257567,2023-11-30,0.020308337336768956,-0.9583626451360705,-0.3116323378139983,-0.4770968863438215,-0.5412308887529429,商贸零售,-0.4612423096916102
2023-10-31,801210.SI,-0.17982961671079645,2.8,-0.07111244733107258,0.003565703756162457,2023-11-30,0.056246519398552186,-1.5437110928399276,0.7748183961454426,-1.2590872474458006,-0.7178289930178722,社会服务,-1.1321474420377267
2023-10-31,801230.SI,-0.08465800933071044,1.36,-0.002808664537724437,0.0005429488616910601,2023-11-30,0.01868971371247774,0.2149223959196824,-0.634631204666805,0.8740763087424795,-0.914256616416082,综合,0.2894856591826464
2023-10-31,801710.SI,-0.14473578001399134,1.28,-0.07377216370179351,0.004229144950547949,2023-11-30,-0.044454450360606246,-0.8952278091901835,-0.7129339602674855,-1.342151607863212,-0.6747166065931696,建筑材料,-0.6629951640796191
2023-10-31,801720.SI,-0.16009906415439512,0.75,-0.042794764119862716,0.008438128423605206,2023-11-30,-0.017476356575209517,-1.1791190529173214,-1.2316897161219933,-0.3747109017813796,-0.401204314198202,建筑装饰,-0.2729840312197751
2023-10-31,801730.SI,-0.1822657859481227,2.45,-0.04177818256384036,0.033198584899571074,2023-11-30,-0.04349270049663856,-1.5887279725899734,0.43224384039246605,-0.3429625177458874,1.2078039546245058,电力设备,-0.4033836274158673
2023-10-31,801740.SI,-0.07560385673105596,2.86,-0.014531659519755769,0.015577294353549426,2023-11-30,0.005792280782244585,0.3822300248693643,0.833545462845953,0.5079609247570018,0.0627199686569071,国防军工,0.1089834854383411
2023-10-31,801750.SI,-0.11327754456165118,3.29,-0.02476456469155819,0.04915229612797478,2023-11-30,0.025922352072239585,-0.31392517191491687,1.2544227741996103,0.1883818400603152,2.244523665742429,计算机,0.1555302483672553
2023-10-31,801760.SI,-0.14129671749080386,2.27,-0.04792889276318857,0.014185936082429636,2023-11-30,0.06000457800595149,-0.8316789137821068,0.2560626402909349,-0.5350524768279619,-0.027694639219956824,传媒,-0.4604177419957185
2023-10-31,801770.SI,-0.12037927663734116,2.08,-0.08126993461649978,0.02526723811521688,2023-11-30,0.02575979161017572,-0.44515489683306514,0.07009359573931892,-1.5763109913381999,0.6924013984836873,通信,-0.5047866625554479
2023-10-31,801780.SI,-0.07584463057928548,0.44,-0.04633966063247508,0.008108493850555171,2023-11-30,-0.023983322921295014,0.3777808728126707,-1.5351128940746301,-0.48541991000778834,-0.4226249513436511,银行,0.18366117630924872
2023-10-31,801790.SI,-0.09515066358097568,1.12,-0.02869545929845685,0.016255983454702028,2023-11-30,-0.033947294590485844,0.021033339524976394,-0.8695394714688462,0.06561790553530254,0.10682320951494097,非银金融,0.22694305983956203
2023-10-31,801880.SI,-0.0454997567707176,2.17,0.020552866569910844,0.03247032069131603,2023-11-30,0.027422882993013875,0.9385101991421764,0.15818419579008428,1.6036693815937764,1.1604791755313821,汽车,0.9682433149155611
2023-10-31,801890.SI,-0.10181764539880445,2.11,-0.04838238391965255,0.02800791236061543,2023-11-30,0.043965695760527224,-0.10216283017887182,0.0994571290895739,-0.5492152474456509,0.8704985804672308,机械设备,-0.05285373933860171
2023-10-31,801950.SI,0.04086126939986001,1.26,-0.03603023547495077,0.003578319764624771,2023-11-30,0.07059186903980552,2.5343369055323657,-0.7325096491676556,-0.16345106535657866,-0.7170091671816602,煤炭,0.663696198699195
2023-10-31,801960.SI,-0.0535873021299873,1.26,-0.04966806421573455,0.004988261949565598,2023-11-30,-0.00731532198705831,0.7890640722750354,-0.7325096491676556,-0.5893677286165557,-0.6253869211889901,石油石化,0.059834908246558335
2023-10-31,801970.SI,-0.08377914989202728,1.4,-0.013512250406010007,0.0032281180709293304,2023-11-30,0.01337162822372906,0.23116244569217445,-0.595479826866465,0.5397976149278488,-0.7397663171339895,环保,0.21368930065820566
2023-10-31,801980.SI,-0.1842789400627367,3.95,-0.09284739417470333,0.001538336119974224,2023-11-30,-0.0295196877673799,-1.6259281454299164,1.900420507905224,-1.9378812264381011,-0.8495733852804613,美容护理,-1.6292670206212028
2023-11-30,801010.SI,-0.0002721716541834729,2.71,0.031703536204677585,0.005710960733170207,2023-12-29,-0.01363296448054474,0.6179298388655486,0.6669934375496968,0.6523895014743759,-0.6307474448107186,农林牧渔,0.11862410045116359
2023-11-30,801030.SI,-0.03894300682734986,1.84,-0.0019538360029122126,0.01767006204146168,2023-12-29,-0.015108469234517474,0.04400834783340766,-0.17834551972076046,-0.5497854197933731,0.03071279153420804,基础化工,-0.12022395139408834
2023-11-30,801040.SI,-0.025067480762946737,0.92,-0.008697908132612397,0.0025626142235973884,2023-12-29,-0.03625853432324588,0.2499377665304056,-1.0722671756849225,-0.790670368610562,-0.8048831070677078,钢铁,-0.11979126135266158
2023-11-30,801050.SI,-0.060409250625818145,1.99,-0.017159577100384515,0.014230504469833104,2023-12-29,0.02283892981624236,-0.27457640971082947,-0.0325974236396472,-1.0929044872572728,-0.15952981161808977,有色金属,-0.4495393739757902
2023-11-30,801080.SI,0.044581664073105376,2.68,0.028659461045630108,0.07489758386718938,2023-12-29,-0.012258514398009401,1.2836144604632498,0.6378438183334744,0.5436611434763091,3.1959782355216735,电子,1.027880949679845
2023-11-30,801110.SI,-0.04011418525661825,2.2,0.0006627936976770776,0.008772706705778344,2023-12-29,-0.002686463218569468,0.02662665779799795,0.17144991087391165,-0.45632457012004557,-0.46140167521970604,家用电器,-0.2641140411399444
2023-11-30,801120.SI,-0.047920709538475825,5.44,-0.011772589849584403,0.01167387694558425,2023-12-29,-0.05009772912347332,-0.08923150858396854,3.31960878622596,-0.9004919324636868,-0.3009373808693942,食品饮料,-1.0550733516434232
2023-11-30,801130.SI,-0.004422549403795606,1.74,0.013391076414610348,0.003904453784627637,2023-12-29,-0.013432798520517819,0.5563332641927349,-0.27551091710816944,-0.0016954273953392225,-0.7306656980588327,纺织服饰,0.06749649573702607
2023-11-30,801140.SI,-0.03762701009156855,1.88,0.009418375591201622,0.0071839668469264725,2023-12-29,-0.029862088502578765,0.0635393149152132,-0.13947936076579706,-0.14359246172545062,-0.549275188072897,轻工制造,-0.10735239595975482
2023-11-30,801150.SI,0.09326908803008549,2.9,0.03922760690313698,0.04380982500401792,2023-12-29,-0.04603877771554321,2.0061941209949525,0.8516076925857736,0.9211344600452558,1.47650820219981,医药生物,0.9673038727215527
2023-11-30,801160.SI,-0.010973755234568117,1.46,0.00536631107892549,0.0075439666940829994,2023-12-29,0.0033106467073609203,0.4591055265031081,-0.5475740297929144,-0.28832421041850265,-0.5293635259968181,公用事业,0.044682219851918205
2023-11-30,801170.SI,-0.030907670062376935,1.28,0.01700109019122542,0.007730245955378335,2023-12-29,-0.03652412407772243,0.16326236540111347,-0.7224717450902503,0.12724714129096681,-0.5190603835594224,交通运输,0.13282577658689088
2023-11-30,801180.SI,-0.17866348565229973,0.75,-0.0001825739530656456,0.01096129546124345,2023-12-29,-0.06374693177281954,-2.0296108325090594,-1.2374483512435175,-0.4865194344934669,-0.3403504023746382,房地产,-0.532356544254809
2023-11-30,801200.SI,-0.049286030801508396,1.73,0.024768978827933053,0.007792736934563296,2023-12-29,-0.06337927688839429,-0.10949451070193854,-0.2852274568469103,0.4047007955053865,-0.5156039952576985,商贸零售,0.05589631850016771
2023-11-30,801210.SI,-0.07698546806353501,2.95,0.06345965840473866,0.004733384620688464,2023-12-29,-0.05159411473119724,-0.5205873216791544,0.9001903912794783,1.7866555240909185,-0.6848173711152151,社会服务,0.10443469502468411
2023-11-30,801230.SI,-0.005776515864707621,1.39,0.026867250579504898,0.000738982600242943,2023-12-29,0.0028179256431233313,0.5362387809323024,-0.6155898079641007,0.47964692208312926,-0.9057485294346702,综合,0.2509886805349077
2023-11-30,801710.SI,-0.1400626047319834,1.22,-0.025830635542681835,0.004348062320554148,2023-12-29,-0.03974451570952642,-1.4567275463390568,-0.7807709835226957,-1.4026175847588707,-0.7061296230265779,建筑材料,-0.83086212892382
2023-11-30,801720.SI,-0.08609122793604695,0.74,-0.0071429683809444144,0.011194377642566136,2023-12-29,-0.013667187769592304,-0.655727699682653,-1.2471648909822584,-0.7351309889463344,-0.32745858126107324,建筑装饰,-0.22441607912466505
2023-11-30,801730.SI,-0.15430404505536077,2.35,-0.021531345328833718,0.033307584099351625,2023-12-29,0.002443563418606187,-1.6680875707149863,0.3171980069550249,-1.2490554218406806,0.8956272002021461,电力设备,-0.7520259635550379
2023-11-30,801740.SI,-0.040426768799370905,2.87,0.030117032055329673,0.015528344673492397,2023-12-29,-0.018324495381457417,0.02198754379579517,0.8224580733695511,0.595722703809073,-0.08774601568559527,国防军工,0.00932141198941813
2023-11-30,801750.SI,-0.06106014649027369,3.37,0.04828853831921309,0.05793357097304358,2023-12-29,-0.01977960728759043,-0.284236483597576,1.3082850603065956,1.244773050858279,2.257695358819198,计算机,0.4920605940165024
2023-11-30,801760.SI,-0.09394303602873344,2.4,0.030420547379128582,0.03192711116864399,2023-12-29,-0.027501850937808547,-0.7722579320314952,0.36578070564872917,0.606563672267366,0.8192729719475065,传媒,0.06401544072509252
2023-11-30,801770.SI,-0.06262998830105304,2.13,0.04392711085375112,0.02522118208452048,2023-12-29,0.001781086679551791,-0.3075348154978981,0.10343413270272515,1.088991467923994,0.4483667205035711,通信,0.32836320080542225
2023-11-30,801780.SI,-0.0390018782215118,0.43,-0.0292951812633111,0.0068782608013808234,2023-12-29,-0.00432648534676916,0.04313462586269606,-1.548377622883226,-1.5263643215283798,-0.5661838493448356,银行,-0.26688732927909253
2023-11-30,801790.SI,-0.08047918620321315,1.09,-0.023794610774495073,0.02142975307554507,2023-12-29,-0.031668737843094985,-0.572438281581915,-0.9070860001263271,-1.3298947975995643,0.23866203921425683,非银金融,-0.34956948737431415
2023-11-30,801880.SI,0.04849626546227315,2.23,0.023411563777321565,0.04392378249878012,2023-12-29,-0.059310549381989985,1.3417118316735468,0.20059953009013415,0.35621660839975927,1.4828112135612423,汽车,0.7375120328658928
2023-11-30,801890.SI,-0.00891446855531386,2.2,0.05867699771896162,0.034699453260008936,2023-12-29,-0.011552825620049556,0.4896678062192784,0.17144991087391165,1.6158283217201457,0.9726117561680099,机械设备,0.8074300096087286
2023-11-30,801950.SI,0.13391345595511694,1.35,0.07779911224434266,0.004709559142843723,2023-12-29,0.003353841049571926,2.609405200795456,-0.654455966919064,2.2988325200942237,-0.6861351629626081,煤炭,1.4595496540073682
2023-11-30,801960.SI,-0.03283809289167916,1.25,-0.011462258636040779,0.003836513635780831,2023-12-29,-0.007910550281349904,0.1346125794951604,-0.751621364306473,-0.8894075138730814,-0.7344234810021347,石油石化,-0.23559910717500696
2023-11-30,801970.SI,-0.04907365215555082,1.42,0.015428161141209262,0.004230995862190646,2023-12-29,-0.03875574878888277,-0.1063425573343542,-0.586440188747878,0.07106521938689964,-0.7126045917738949,环保,-0.026263214449082084
2023-11-30,801980.SI,-0.16322306888680926,3.82,-0.01317687176782234,0.0014724433592127693,2023-12-29,-0.041230037336615344,-1.8004565623070805,1.7455293485499355,-0.9506501116014723,-0.8651806711591039,美容护理,-1.334311223505091
2023-12-29,801010.SI,0.017251367421428743,2.69,-0.002519637841266298,0.0062939899517469545,2024-01-31,-0.13224304126502773,1.373072683738669,0.7123116990103355,0.936799255322572,-0.6270956484675955,农林牧渔,0.41099737814267845
2023-12-29,801030.SI,-0.0396929257903994,1.82,-0.012313680215810918,0.01685262367675546,2024-01-31,-0.16124897649778525,0.18621056910441958,-0.15972854258334335,0.5487708088171869,0.150490039985432,基础化工,0.2893112514465207
2023-12-29,801040.SI,-0.06081229221758366,0.89,-0.040514163729698405,0.002225393873616711,2024-01-31,-0.06920914721295857,-0.25397007909962144,-1.0919094904938278,-0.5684991998398127,-0.926725521502863,钢铁,-0.20922756172415272
2023-12-29,801050.SI,-0.02026338893766466,2.04,0.023236593661591254,0.01558359923362088,2024-01-31,-0.12251774320739839,0.591170924123997,0.0607873805782766,1.957230872390347,0.05703332285911381,有色金属,0.7872950574879618
2023-12-29,801080.SI,0.03917689069208441,2.67,-0.015044842163486227,0.04825240978173367,2024-01-31,-0.23912095905100383,1.8300556656271434,0.6922647969047336,0.4405653827853899,2.4629127389457195,电子,0.9918455019595082
2023-12-29,801110.SI,-0.0431352032220963,2.2,0.011589545811846902,0.0060556087744198985,2024-01-31,-0.019624040935915965,0.11446486042481988,0.22116259742309127,1.495788527066584,-0.6446511198205856,家用电器,0.33639112209168254
2023-12-29,801120.SI,-0.06959091383398974,5.29,-0.03691985515552232,0.015487726276476122,2024-01-31,-0.10160408911367202,-0.4369386054884515,3.3184089727385713,-0.4260969190488456,0.04997280335185397,食品饮料,-0.9314329403184948
2023-12-29,801130.SI,-0.022877050549804157,1.72,-0.02132064011503232,0.0044684061301423755,2024-01-31,-0.09969855483642154,0.5366956506074244,-0.2599630531113525,0.1919256448106669,-0.7615399231457535,纺织服饰,0.11447707121518615
2023-12-29,801140.SI,-0.04787795072308976,1.83,-0.03369447890679933,0.00667263145227438,2024-01-31,-0.13983907150935349,0.015614088719461714,-0.14970509153054243,-0.2983113033320728,-0.5992107706005713,轻工制造,-0.17773645298674418
2023-12-29,801150.SI,-3.558305202944201e-05,2.76,-0.04672911990682904,0.03802689538038503,2024-01-31,-0.18592806274226992,1.0127692110415245,0.7824758563799417,-0.814728458228454,1.709859468736498,医药生物,0.1973637190301133
2023-12-29,801160.SI,-0.0013925016314788596,1.47,0.0017380159879030188,0.008622814242334777,2024-01-31,-0.009590825206750253,0.9844876192654881,-0.5105493294313752,1.1054824953894284,-0.45559046262202757,公用事业,0.6422262992566001
2023-12-29,801170.SI,-0.049806896486039864,1.24,-0.03484170556509536,0.009478762420490193,2024-01-31,-0.028256119319206907,-0.02458998649336752,-0.741088703645796,-0.3437630750300557,-0.39255455563581776,交通运输,-0.04093728712487192
2023-12-29,801180.SI,-0.1447010078908777,0.7,-0.06979481791830688,0.007954845770397949,2024-01-31,-0.08056988120671127,-2.0024216422367,-1.282355060497045,-1.7285643009462819,-0.5047826912420706,房地产,-0.9438196976100993
2023-12-29,801200.SI,-0.09317296446036671,1.62,-0.07100974125527748,0.008588331804363154,2024-01-31,-0.10748887941015162,-0.9284477786678994,-0.36019756363936145,-1.7766981354795186,-0.45812990578939455,商贸零售,-0.8408650019187638
2023-12-29,801210.SI,-0.07963314026076818,2.78,-0.06386686193464308,0.005948591075942998,2024-01-31,-0.14679578021079942,-0.6462438303015061,0.8025227584855436,-1.4937056528693873,-0.6525323886394594,社会服务,-0.9498441955802064
2023-12-29,801230.SI,0.00797953341048907,1.39,-0.0043770587969858,0.0012287324738220148,2024-01-31,-0.15072818467488514,1.179824372097919,-0.5907369378537826,0.8632104203561625,-1.000124188498795,综合,0.5288402126045488
2023-12-29,801710.SI,-0.14468525764976492,1.19,-0.03632789268486092,0.004525142144772799,2024-01-31,-0.08642406528037316,-2.0020933676472943,-0.7912059589098006,-0.40264406178153034,-0.7573616256362957,建筑材料,-0.6719002710375703
2023-12-29,801720.SI,-0.08552523147026037,0.74,-0.02377342282434891,0.009762982894111389,2024-01-31,-0.03548426426076223,-0.7690498120440841,-1.2422612562858415,0.09474927698270565,-0.3716232705463726,建筑装饰,-0.001114884578418407
2023-12-29,801730.SI,-0.09292026091551797,2.36,0.008529856690807192,0.03145390007601495,2024-01-31,-0.16321242396970526,-0.9231808020017906,0.3815378142679055,1.3745672405922473,1.2257942750702593,电力设备,0.3435067248764519
2023-12-29,801740.SI,-0.03629303106633086,2.83,-0.0208995329594166,0.011889261407768872,2024-01-31,-0.20486012792867347,0.25707291569165663,0.8526400137495483,0.20860941532717606,-0.21503447459551184,国防军工,-0.07985963287593975
2023-12-29,801750.SI,-0.03257466364115613,3.28,-0.0471333495877696,0.04578498438747617,2024-01-31,-0.2365036794147053,0.33457303337356875,1.303695311125589,-0.830743563036904,2.2812003390396747,计算机,0.00832339277219496
2023-12-29,801760.SI,-0.030850344318740675,2.34,-0.07652986495591296,0.03870183716066405,2024-01-31,-0.15467334929975096,0.37051217954391075,0.36149091216230367,-1.9953989478879124,1.7595652434183973,传媒,-0.2613939862068942
2023-12-29,801770.SI,-0.06581398638136227,2.14,-0.023230953195840565,0.01983997225464463,2024-01-31,-0.15188022615489105,-0.358217949731599,0.16102189110628576,0.11624128602011131,0.3704919418494206,通信,-0.02303719455490618
2023-12-29,801780.SI,-0.06610076441750479,0.43,-0.002400631023011801,0.007428056694709404,2024-01-31,0.061738114063735416,-0.36419512439141316,-1.5529882389226697,0.9415141655756522,-0.5435778286393081,银行,0.41179687086170513
2023-12-29,801790.SI,-0.08311590310285732,1.05,-0.03700842932464643,0.01484304722419661,2024-01-31,-0.03377855274629471,-0.7188333566330564,-0.9315342736490132,-0.42960612351533456,0.0024957132515810803,非银金融,-0.14474260783861878
2023-12-29,801880.SI,-0.0101896227633409,2.1,-0.047202453097968444,0.02919869697629992,2024-01-31,-0.15393578292533994,0.8011335165037616,0.12092808689508211,-0.8334813628834942,1.05971088771496,汽车,0.14089740228395597
2023-12-29,801890.SI,-0.02904617286605038,2.18,-0.010320786763094558,0.029789960866859484,2024-01-31,-0.17902691181864094,0.408115644697781,0.20111569531748943,0.6277269048739222,1.1032542429796872,机械设备,0.4892947967082357
2023-12-29,801950.SI,0.04183064784892876,1.35,-0.004383626350425329,0.004874928794793021,2024-01-31,0.06665133130139744,1.8853666310153983,-0.630830742064986,0.8629502216086968,-0.7316017498653012,煤炭,0.7863316994892205
2023-12-29,801960.SI,-0.06818541099665465,1.23,-0.004018741951099081,0.0039255568111441624,2024-01-31,-0.01218740543068586,-0.4076443957343919,-0.7511121546985969,0.8774065126078664,-0.8015178097201968,石油石化,0.16331703523719165
2023-12-29,801970.SI,-0.04993184548562968,1.36,-0.040488356899528566,0.0036911035697782778,2024-01-31,-0.11978770875002287,-0.027194237516783445,-0.620807291012185,-0.5674767635630351,-0.8187840100492918,环保,-0.22157915964134794
2023-12-29,801980.SI,-0.14545412994026496,3.67,-0.029542645981357585,0.0016331225027856463,2024-01-31,-0.13353905020520263,-2.0181185975889844,1.6946099021848244,-0.1338205630840784,-0.97034307218538,美容护理,-1.1447246614667268
2024-01-31,801010.SI,-0.11937938321242947,2.34,-0.128901359053047,0.00449810609249372,2024-02-29,0.055738972186881064,0.16833482514287762,0.7268518717021549,-0.34830198391363326,-0.7738438678527894,农林牧渔,-0.3660834012202084
2024-01-31,801030.SI,-0.19247279179700882,1.54,-0.16300468887143715,0.015704901283312138,2024-02-29,0.09238172441746162,-0.6285048637496933,-0.23555744053561567,-0.8435732168372579,0.40968104196025984,基础化工,-0.314881957661094
2024-01-31,801040.SI,-0.10190262984908582,0.83,-0.0838741442370814,0.0021722513431954283,2024-02-29,0.06724061154816674,0.3588604960969747,-1.0896957051466374,0.30561317087558004,-1.0194722554097218,钢铁,0.2214258877121572
2024-01-31,801050.SI,-0.12384724591689433,1.79,-0.1223038090867371,0.01247550347554893,2024-02-29,0.09961056644880184,0.11962769277100464,0.0651954695386877,-0.25248797620557983,0.06863146586782054,有色金属,-0.04710891667569745
2024-01-31,801080.SI,-0.27281486403598454,2.05,-0.21095658684710428,0.03558227140192343,2024-02-29,0.16444841195924553,-1.5043670391168469,0.37797849601596295,-1.5399625652647484,2.508886236343044,电子,-0.49444984614941984
2024-01-31,801110.SI,-0.0361725250070114,2.17,-0.006106359711883447,0.0063453062490936305,2024-02-29,0.09875667582034553,1.0754279309379404,0.5223398928516287,1.4350086501042334,-0.5787651355727803,家用电器,0.5355672270540144
2024-01-31,801120.SI,-0.16321842479700488,4.75,-0.07915374076815274,0.012368104257676258,2024-02-29,0.08636232788670095,-0.30958362104888143,3.6261099248184396,0.3741660089240381,0.0572892714685791,食品饮料,-0.7028042542787485
2024-01-31,801130.SI,-0.10495300095068394,1.55,-0.10145119900893729,0.005191931519963925,2024-02-29,0.02713786287571307,0.3256063791160746,-0.2235273241326435,0.050347493465722676,-0.7005704955379781,纺织服饰,0.015031838956700141
2024-01-31,801140.SI,-0.170953114878599,1.58,-0.13792110299719418,0.006383670725577825,2024-02-29,0.05221524103072572,-0.3939046037154113,-0.18743697492372707,-0.47929270322645035,-0.5747135478710454,轻工制造,-0.33690091463026284
2024-01-31,801150.SI,-0.20793041326644257,2.26,-0.1812226579323163,0.025897545308640607,2024-02-29,0.10501545930603595,-0.797018639769181,0.6306109404783777,-1.1081466777337512,1.4861036851363085,医药生物,-0.41295408483870166
2024-01-31,801160.SI,0.0022914095428825387,1.45,-0.03667412712623086,0.007895406004499502,2024-02-29,0.03533806985832233,1.4947487730471958,-0.343828488162365,0.9910832054145895,-0.4150625210446757,公用事业,0.721494825896827
2024-01-31,801170.SI,-0.05142242117365026,1.21,-0.03625464739447681,0.008465825669602274,2024-02-29,0.049903555550971035,0.9091787061120484,-0.6325512818336962,0.9971751690157585,-0.3548217589711925,交通运输,0.631676400310987
2024-01-31,801180.SI,-0.16204429048006852,0.64,-0.06719127493614974,0.006760642323711647,2024-02-29,0.022757321019812204,-0.29678360471439835,-1.3182679168031077,0.5478928922803957,-0.5349024092639134,房地产,0.2584334043093558
2024-01-31,801200.SI,-0.161319260206516,1.44,-0.10486618624430233,0.006970781956062185,2024-02-29,0.04254568626112287,-0.288879569195973,-0.35585860456533713,0.0007527780087695481,-0.512710026411269,商贸零售,-0.10772006563698426
2024-01-31,801210.SI,-0.16028656671748298,2.39,-0.15275777424693338,0.0058829626828809265,2024-02-29,0.06404051992025206,-0.27762149306493245,0.7870024537170159,-0.6947607088866583,-0.6275922193364636,社会服务,-0.5843748522817566
2024-01-31,801230.SI,-0.13340064900529525,1.18,-0.1514877077790986,0.0007803847990023769,2024-02-29,0.0008049452992973105,0.015479714283752399,-0.6686416310426126,-0.6763159590991966,-1.1664642096784588,综合,-0.3029040482215217
2024-01-31,801710.SI,-0.16126868211533574,1.08,-0.08569719039316492,0.005078689402065116,2024-02-29,0.04359503017594224,-0.28832818390390225,-0.7889427950723338,0.27913768234679487,-0.7125297457153197,建筑材料,0.031119748582030843
2024-01-31,801720.SI,-0.07272338105115106,0.74,-0.03745377791179316,0.011582261167478371,2024-02-29,0.014069567415761375,0.6769628254932071,-1.1979667527733866,0.9797605982711929,-0.025701883149438026,建筑装饰,0.7426650993940549
2024-01-31,801730.SI,-0.21574137710903263,2.0,-0.14836731352683585,0.03621694719631668,2024-02-29,0.10218201908205904,-0.882171133253986,0.3178279140011025,-0.63099951883498,2.5759129464354356,电力设备,-0.005809710093809095
2024-01-31,801740.SI,-0.2227655316310163,2.28,-0.1992615339621262,0.009363005893881131,2024-02-29,0.12868321813051842,-0.9587460968849973,0.654671173284322,-1.3701192305436138,-0.2600725353130647,国防军工,-0.8898466897721511
2024-01-31,801750.SI,-0.2649326417306491,2.55,-0.20968473715834257,0.02997625327729919,2024-02-29,0.17777226109757782,-1.4184377099038343,0.9794843161645697,-1.521491918357218,1.9168470331289014,计算机,-0.7049837685808891
2024-01-31,801760.SI,-0.20120799736218942,1.98,-0.15695982284087318,0.016344171270886585,2024-02-29,0.14824474173030366,-0.7237331287842457,0.2937676811951582,-0.7557856527560188,0.4771929346564075,传媒,-0.4092057595819846
2024-01-31,801770.SI,-0.16743881879833022,1.84,-0.12761469971833994,0.013460988818982047,2024-02-29,0.19523204749590706,-0.35559293308046797,0.12534605155354844,-0.3296162614798836,0.1727063982949192,通信,-0.19598460037440735
2024-01-31,801780.SI,0.029462351254958108,0.46,0.06826766097567716,0.010141287045377364,2024-02-29,0.043866096377193964,1.7909572159154108,-1.5348100120566064,2.5151176341704153,-0.17787998035422753,银行,1.5818764834184107
2024-01-31,801790.SI,-0.12139681492709598,1.02,-0.023363365903867672,0.01618696851626958,2024-02-29,0.06452660757081397,0.146341464988977,-0.8611234934901667,1.184390930990314,0.46059109864419173,非银金融,0.6863325534194993
2024-01-31,801880.SI,-0.21383878658889777,1.78,-0.1357149864960674,0.017327388388828493,2024-02-29,0.13638096543570555,-0.8614297330715068,0.053165353135715555,-0.4472540124210434,0.5810283247947242,汽车,-0.27920769085401437
2024-01-31,801890.SI,-0.18361420579269339,1.84,-0.16869521347039163,0.022439339586728075,2024-02-29,0.12953691060199923,-0.5319315467790025,0.12534605155354844,-0.926214799026297,1.120890210146176,机械设备,-0.24883491792274293
2024-01-31,801950.SI,0.1604149478187087,1.45,0.01767753838134789,0.004714627636849297,2024-02-29,0.07567864459780038,3.218558258556455,-0.343828488162365,1.7804142335206794,-0.7509775053564027,煤炭,1.3871928691407192
2024-01-31,801960.SI,-0.020380323575150627,1.22,-0.026977223148110463,0.004259839904436172,2024-02-29,0.056035203030134095,1.2475891848673075,-0.620521165430724,1.1319080930241243,-0.7990066341861424,石油石化,0.6790583287765666
2024-01-31,801970.SI,-0.160557745825603,1.21,-0.13107119494439678,0.004212397947310588,2024-02-29,0.011527278001478125,-0.28057779624374074,-0.6325512818336962,-0.3798137835787566,-0.8040168745869318,环保,-0.2270033781020725
2024-01-31,801980.SI,-0.20362310071773781,3.19,-0.12341542297358332,0.001914838656010005,2024-02-29,0.14426709022747408,-0.7500617710482295,1.7494117659547865,-0.26863157224752604,-1.0466570412649556,美容护理,-0.8608158100948602
2024-02-29,801010.SI,-0.09601574808578717,2.47,0.026088930107337482,0.0044439761129501315,2024-03-29,0.026432406870671388,-0.3784026849834572,0.621871363682394,-0.2732501560570818,-0.7505208557596362,农林牧渔,-0.46822017300893753
2024-02-29,801030.SI,-0.11052063905804088,1.69,0.030386839202569238,0.013302000730809211,2024-03-29,0.023399310336116308,-0.5604704127618694,-0.2163030830199632,-0.17505863397444693,0.18588758075390854,基础化工,-0.1307905803932981
2024-02-29,801040.SI,-0.05595624555732137,0.89,0.06885450947826,0.002329264063323643,2024-03-29,0.0013668409189007136,0.12443064311553226,-1.0759691822018678,0.7037871051161163,-0.9740734297810102,钢铁,0.2891655139820393
2024-02-29,801050.SI,-0.017239448960716608,1.97,0.058279450963330426,0.011190173193779983,2024-03-29,0.12495511136097415,0.6104101100889079,0.08458005169370342,0.46218564992343264,-0.03736006276119215,有色金属,0.2925810772761953
2024-02-29,801080.SI,-0.1324575621021653,2.37,0.047823859431629145,0.036865154067404315,2024-03-29,0.010669314628581228,-0.8358262041796554,0.5144131012846559,0.22331357887124195,2.6768194224609396,电子,0.25878479457446235
2024-02-29,801110.SI,0.064893137316822,2.37,0.09192062954177493,0.006022710257982163,2024-03-29,0.023587325932955316,1.6413515620943484,0.5144131012846559,1.230763685446791,-0.5836281188124571,家用电器,0.6287555623825107
2024-02-29,801120.SI,-0.06638429910973886,5.16,0.06286093520385272,0.01152325877113969,2024-03-29,0.015633854549270687,-0.006463964715170562,3.512498622181548,0.5668558281441822,-0.0021485841103234,食品饮料,-0.5452299591559526
2024-02-29,801130.SI,-0.09419624579730279,1.6,-0.036343118103584815,0.004109469605096866,2024-03-29,0.049938022613185806,-0.35556399919218445,-0.3130155191779273,-1.6995943864104088,-0.7858825452486172,纺织服饰,-0.7308954460267931
2024-02-29,801140.SI,-0.12905326446686471,1.67,-0.023117830395869676,0.005209270991876143,2024-03-29,0.03901304873302314,-0.7930949119330446,-0.23779473549951083,-1.3974448757467157,-0.6696192313046646,轻工制造,-0.7490712452388055
2024-02-29,801150.SI,-0.14191577470525674,2.5,0.01540393660620687,0.02741376163142707,2024-03-29,-0.022655829702844965,-0.9545472122026777,0.6541088424017152,-0.517363224079639,1.6776842884260033,医药生物,-0.23566076685264922
2024-02-29,801160.SI,0.032335185073644857,1.5,0.05124297597086103,0.007460235979646805,2024-03-29,0.03563093549719065,1.2326789014468145,-0.4204737815756655,0.3014279013769361,-0.4316629492013867,公用事业,0.4411732913303326
2024-02-29,801170.SI,-0.01630392763259625,1.27,0.03267927438009832,0.008068535415616793,2024-03-29,0.010065333791816178,0.6221529244833722,-0.667627785090463,-0.12268486469042764,-0.3673577854270282,交通运输,0.19949265223174445
2024-02-29,801180.SI,-0.14290025715018073,0.65,0.01253724053724059,0.0070772523625621635,2024-03-29,-0.03780201334188715,-0.966904594421401,-1.333869011956439,-0.5828567568936285,-0.47214929977682785,房地产,-0.27313041904250923
2024-02-29,801200.SI,-0.1284524539950248,1.51,-0.01547901119152384,0.005249780938301238,2024-03-29,0.0037218541600725352,-0.785553442118303,-0.4097279553358917,-1.2229257623897278,-0.6653368029719763,商贸零售,-0.6550681990583131
2024-02-29,801210.SI,-0.1316595863617307,2.56,-0.01825370726243214,0.004428246752019658,2024-03-29,0.020841020487738504,-0.8258098841562136,0.7185837998403581,-1.2863174313343921,-0.7521836538338893,社会服务,-0.93604491203556
2024-02-29,801230.SI,-0.15765774196084015,1.18,-0.061445361048320435,0.0006722351868841063,2024-03-29,0.05498109233428572,-1.1521429207446299,-0.7643402212484274,-2.2730889363919884,-1.1492429383773373,综合,-1.1140485167224887
2024-02-29,801710.SI,-0.10339803477433762,1.13,0.026744051877322095,0.00405217091862819,2024-03-29,-0.01665246932587716,-0.4710663365589342,-0.8180693524472964,-0.2582830168461511,-0.7919397618093205,建筑材料,-0.20071679307563112
2024-02-29,801720.SI,-0.047094488514295096,0.75,0.020265637441387208,0.01090811355428017,2024-03-29,0.010974836461387527,0.23566484487785297,-1.226410749558701,-0.40629112033356546,-0.06717743598175012,建筑装饰,0.1755957985488147
2024-02-29,801730.SI,-0.09330379404180134,2.2,0.005779588585589135,0.02679116126854417,2024-03-29,0.03722967122930343,-0.34436180101042463,0.3317340552085012,-0.7372444175292391,1.611867330635605,电力设备,-0.08232649182449153
2024-02-29,801740.SI,-0.12919428808938427,2.57,0.0654289383635438,0.009428178507310845,2024-03-29,0.044114553838686454,-0.794865063157506,0.7293296260801317,0.625525319139893,-0.2236258229821791,国防军工,-0.21622217178476158
2024-02-29,801750.SI,-0.13535660505878688,3.0,0.07183139559511664,0.03211172097419285,2024-03-29,-0.004787336349241,-0.8722154583183984,1.1914001543904056,0.7717980779878115,2.1743197069022684,计算机,0.18520167689032568
2024-02-29,801760.SI,-0.06917531104553887,2.28,0.07144983104854963,0.018573940957731537,2024-03-29,0.01503317101866064,-0.041497196080065066,0.41770066512669124,0.7630807219967897,0.7432002456264024,传媒,0.29178897607375154
2024-02-29,801770.SI,0.010831446133937384,2.2,0.10947191000596557,0.01683414445973163,2024-03-29,0.042477468250716965,0.9627605066803916,0.3317340552085012,1.6317463272597776,0.5592811227037581,通信,0.8299678722979518
2024-02-29,801780.SI,0.09541477668484433,0.48,0.07631059728449374,0.010103198686368536,2024-03-29,-0.0021247095971735908,2.024464095545162,-1.5165480580325938,0.8741314735645113,-0.15226740869056496,银行,1.1250543306470173
2024-02-29,801790.SI,-0.014527715593571466,1.09,0.04830993424560148,0.01824744031507154,2024-03-29,-0.061625675556550186,0.6444482240906918,-0.8610526574063915,0.23441861268476044,0.7086848802369786,非银金融,0.5709950937960371
2024-02-29,801880.SI,-0.12039681894969645,2.03,0.06597687524485907,0.017954178309151435,2024-03-29,0.046133055897952024,-0.6844378135127063,0.14905500913234607,0.6380436752031352,0.6776832711537514,汽车,0.11532239178398324
2024-02-29,801890.SI,-0.08846896851957664,2.08,0.062477205334348085,0.022971088959581432,2024-03-29,0.036080474008626684,-0.28367429231281516,0.2027841403312154,0.5580890024342031,1.2080359921007777,机械设备,0.2946760130538745
2024-02-29,801950.SI,0.1600745699147459,1.56,0.11519959755599096,0.0047321078805221154,2024-03-29,-0.03723995777299538,2.8360842348836495,-0.3559988241370226,1.7626030638935766,-0.7200615796092865,煤炭,1.283573831550811
2024-02-29,801960.SI,0.036147760860951506,1.29,0.09366226973810732,0.004270318305091697,2024-03-29,0.06006382193153659,1.280534966818539,-0.6461361326109154,1.2705538015262365,-0.7688787451718232,石油石化,0.7436358304233979
2024-02-29,801970.SI,-0.15180086524929493,1.22,-0.025646825581627453,0.004072981745000738,2024-03-29,0.049339050636368675,-1.0786264608974552,-0.7213569162893321,-1.4552231770385493,-0.7897397867328476,环保,-0.7710054862937276
2024-02-29,801980.SI,-0.06821604712715013,3.39,0.028826921065383537,0.0014350163852677384,2024-03-29,-0.012403647643452143,-0.029456360868346285,1.6104873777415842,-0.21069706485343065,-1.0686070426562684,美容护理,-0.6173335463293264
2024-03-29,801010.SI,-0.04972284009462291,2.53,0.038011346325171225,0.004552612039962755,2024-04-30,-0.007549777630811327,-0.8686722357708091,0.637247706923801,0.6974521090632618,-0.6563967034950583,农林牧渔,-0.27997886321442644
2024-03-29,801030.SI,-0.03213995603975528,1.73,0.017461792517989405,0.013852549659474557,2024-04-30,0.04509296915016381,-0.6006489885720003,-0.20832442425384823,0.12257701192462449,0.09051553478337421,基础化工,-0.06749570446692849
2024-03-29,801040.SI,0.011412572236835006,0.9,0.0025400209347661296,0.002277243415439055,2024-04-30,0.019191072583155888,0.0632403947614521,-1.0856055103506592,-0.29486051342875214,-0.8391399370287829,钢铁,-0.017718852298278936
2024-03-29,801050.SI,0.11965875169773765,2.21,0.11518084239263882,0.015179066075974674,2024-04-30,0.024040631308739346,1.7132821299763485,0.2990188544527414,2.856273753765876,0.19705295323685404,有色金属,1.3648858013156928
2024-03-29,801080.SI,-0.06844136081522056,2.45,-0.01489749149071995,0.04954253066016987,2024-04-30,-0.0035388028991307774,-1.1540064670969759,0.5526904938060364,-0.7826760515916343,2.956909341276824,电子,-0.10334587446685572
2024-03-29,801110.SI,0.1255126245161915,2.38,0.00358641543727356,0.006717476516220061,2024-04-30,0.08500099042054465,1.802515158903505,0.4787029323279918,-0.26558755952821234,-0.4825284650524339,家用电器,0.22385708703623966
2024-03-29,801120.SI,0.026797271203344186,5.23,0.017352752578078334,0.009497579906681486,2024-04-30,0.007790886006628472,0.29775578832900584,3.4910536496483684,0.11952661255164829,-0.25924812372429423,食品饮料,-0.6492411930031524
2024-03-29,801130.SI,-0.013207607891095097,1.7,0.04711981094704054,0.0032560324276552036,2024-04-30,-0.014297548153124673,-0.3120552964298122,-0.2400333791730101,0.952261996100856,-0.7605297869582196,纺织服饰,0.11656142278985926
2024-03-29,801140.SI,-0.030098192005048374,1.73,0.03993439093774831,0.005174752005759006,2024-04-30,-0.00947822915331753,-0.5695255264091256,-0.20832442425384823,0.7512494065048648,-0.6064303517422883,轻工制造,0.0045381743727950785
2024-03-29,801150.SI,-0.10146343592255136,2.43,-0.02259525677626928,0.026605912976680034,2024-04-30,0.026176117429608237,-1.6573757534945355,0.5315511905265952,-0.998021533435334,1.1147851084681109,医药生物,-0.6700841240218283
2024-03-29,801160.SI,0.06762440141578185,1.56,0.039587500675785314,0.0069667452155648514,2024-04-30,0.012988026054058244,0.9201007903889374,-0.38800850212909865,0.7415451289855772,-0.4625087778483229,公用事业,0.4816639614252569
2024-03-29,801170.SI,0.03958238535820824,1.27,0.01800151497898339,0.006294814186079081,2024-04-30,0.024404359519305086,0.4926446245916478,-0.6945283996809966,0.13767578268642006,-0.5164740332871324,交通运输,0.22264217646343593
2024-03-29,801180.SI,-0.07587395417357712,0.63,-0.032946149818689596,0.005568870771763837,2024-04-30,-0.04264086625225583,-1.2673045927513693,-1.370986104623116,-1.2875884359124772,-0.574777222258216,房地产,-0.5939952382903393
2024-03-29,801200.SI,-0.043387806476444135,1.52,-0.0036727662755550172,0.004234446246211088,2024-04-30,-0.034155412018007425,-0.7721046717602941,-0.43028710868798115,-0.46866363755239265,-0.6819497700722046,商贸零售,-0.4099005415314458
2024-03-29,801210.SI,-0.03788336560160821,2.6,0.01812473166549422,0.004385958355112738,2024-04-30,-0.022989271844037984,-0.6881981799308748,0.7112352684018456,0.14112277746264038,-0.6697812746461075,社会服务,-0.42494232634042617
2024-03-29,801230.SI,-0.07034278598782995,1.24,0.0521291729263329,0.0005518309893885399,2024-04-30,-0.08551728204739395,-1.1829906853559389,-0.7262373546001585,1.092399221535009,-0.9777141629882106,综合,-0.023870393346900942
2024-03-29,801710.SI,-0.033963947254533,1.11,-0.01890388841548174,0.0033522362422439157,2024-04-30,0.010111768873854343,-0.6284528486623753,-0.8636428259165264,-0.8947552647419188,-0.7528033043273447,建筑材料,-0.4303689285629768
2024-03-29,801720.SI,0.01431717462820492,0.75,0.011128276011600047,0.009155344419222727,2024-04-30,-0.021529125432887763,0.10751646246041814,-1.2441502849464687,-0.054603522066691,-0.2867343160423832,建筑装饰,0.21249908846814963
2024-03-29,801730.SI,0.017247596709518476,2.27,0.02670291759860377,0.029820959617802286,2024-04-30,-0.0077473814335533575,0.15218611047981206,0.36243676429106514,0.38109808387762373,1.3729973439837546,电力设备,0.3591939334502526
2024-03-29,801740.SI,-0.0354972984687586,2.68,0.02760438230516904,0.012609447898769202,2024-04-30,-0.019966992863950317,-0.6518263618045044,0.7957924815196106,0.4063166173609467,-0.009322545479473567,国防军工,-0.21781700976807106
2024-03-29,801750.SI,-0.06773913301017831,2.99,-0.039011855696331255,0.042363596553860364,2024-04-30,-0.03370167793585832,-1.143302115297044,1.1234516823509497,-1.457276950239488,2.3803427059751896,计算机,-0.5464001227134503
2024-03-29,801760.SI,0.026184064890224956,2.31,-0.003529147550450862,0.02321490188251101,2024-04-30,-0.05228758169934622,0.28840842832070696,0.40471537084994763,-0.4646458944266843,0.842440519719596,传媒,0.014476611629077873
2024-03-29,801770.SI,0.09661172161172171,2.28,0.017412924963245757,0.022843988216454315,2024-04-30,0.015043595726390802,1.361966622084311,0.37300641593078554,0.12120993891935251,0.8126510772677221,通信,0.5009293054364918
2024-03-29,801780.SI,0.12471769485173301,0.47,-0.0009812811308334002,0.006624005218220875,2024-04-30,0.04863045208136474,1.7903977139327045,-1.540100530858646,-0.3933691665124285,-0.4900354892132075,银行,0.5942249408206735
2024-03-29,801790.SI,-0.008597035455607083,1.01,-0.06444874117742516,0.012155819729103845,2024-04-30,0.023109775044622527,-0.24177441465019792,-0.9693393423137326,-2.1688754671249337,-0.04575509432152559,非银金融,-0.5680344251745414
2024-03-29,801880.SI,0.027851284510871155,2.1,0.04338778502547136,0.02351696025136252,2024-04-30,0.02555260687756622,0.3138225535077211,0.18275268641581474,0.8478583295143735,0.8666999396856258,汽车,0.49047454619011066
2024-03-29,801890.SI,-0.0023568467115521186,2.14,0.020117117183309885,0.030560054433326152,2024-04-30,-0.006071693519925758,-0.14665261067902008,0.22503129297469723,0.19685989121406405,1.4323567704174014,机械设备,0.2572104306603715
2024-03-29,801950.SI,0.09478112499154001,1.48,-0.048194338202731,0.004904756603918554,2024-04-30,0.009142998447967843,1.334062073039842,-0.47256571524686364,-1.7141574923851535,-0.6281146767522149,煤炭,-0.20103958005303707
2024-03-29,801960.SI,0.11925690100057529,1.36,0.059532909824182356,0.0038744805035329385,2024-04-30,0.009200864109995655,1.7071565519195027,-0.5994015349235109,1.2995192402116489,-0.7108599444806011,石油石化,0.8734737688831065
2024-03-29,801970.SI,-0.045483059532312686,1.29,0.04017706063108295,0.0036421991288647783,2024-04-30,0.010306997566403409,-0.804043489418689,-0.6733890964015553,0.7580381068745827,-0.729515317082218,环保,0.01300168949453595
2024-03-29,801980.SI,0.029823039293109144,3.39,-0.0004284085253296599,0.001194089734061469,2024-04-30,-0.0019076552018271187,0.3438788353876498,1.5462377479397744,-0.3779025196072691,-0.926131998014212,美容护理,-0.5253997611833913
2024-04-30,801010.SI,0.02520456883184674,2.57,-0.007549777630811327,0.004935008237681453,2024-05-31,0.04328472755180357,-0.04372146901388568,0.77663897948671,-0.26375223323136976,-0.7365652810323555,农林牧渔,-0.4011198083695056
2024-04-30,801030.SI,0.06942585061506978,1.78,0.04509296915016381,0.01995199186572323,2024-05-31,-0.01456451136699144,0.5309255914200671,-0.124350532954291,1.3516625291256592,0.7594277192919578,基础化工,0.7537327229151187
2024-04-30,801040.SI,0.052537342961717304,0.92,0.019191072583155888,0.003015477765899,2024-05-31,-0.022217836298531135,0.31146267929350735,-1.1051745591558872,0.5568273686147894,-0.927789046125468,钢铁,0.3095277927147153
2024-04-30,801050.SI,0.1825582252639555,2.19,0.024040631308739346,0.02666358182267103,2024-05-31,-0.002809840245425854,2.0010590635927166,0.3432516190720513,0.7056427180269149,1.428036798540861,有色金属,0.9923868036047747
2024-04-30,801080.SI,0.026622895136006575,2.41,-0.0035388028991307774,0.039068872127206895,2024-05-31,-0.012458267650461097,-0.02529059119770228,0.5941600908910645,-0.14066998184437704,2.663852720183224,电子,0.34952205529329017
2024-04-30,801110.SI,0.21049015598879084,2.45,0.08500099042054465,0.007295619224190128,2024-05-31,-0.04001296589993164,2.364029136734309,0.639779813039976,2.576294803061828,-0.5014010430084672,家用电器,1.2493216208015792
2024-04-30,801120.SI,0.07058533619016671,4.68,0.007790886006628472,0.010507216075393047,2024-05-31,-0.03673805221269555,0.545992883693757,3.183079322841789,0.20699703460945404,-0.18146153130176873,食品饮料,-0.47346506215533407
2024-04-30,801130.SI,-0.021959175220368388,1.64,-0.014297548153124673,0.003482620687291412,2024-05-31,-0.016093064497984977,-0.656605261291184,-0.2840195604754812,-0.4708168106193026,-0.8812522343486259,纺织服饰,-0.4477463544148891
2024-04-30,801140.SI,-0.02177796599444104,1.68,-0.00947822915331753,0.0050849938819861615,2024-05-31,-0.023457054283624434,-0.6542504822164136,-0.23839983832656972,-0.32292940859624353,-0.721623700247118,轻工制造,-0.3779546396034738
2024-04-30,801150.SI,-0.004265123646693847,2.46,0.026176117429608237,0.02519559797723976,2024-05-31,-0.04231855400651052,-0.4266744606910899,0.6511847435772036,0.7711730335101271,1.2817961411791856,医药生物,0.24489251195826037
2024-04-30,801160.SI,0.07310981852237819,1.53,0.012988026054058244,0.009138823626570883,2024-05-31,0.03145267553091369,0.5787980465661083,-0.40947379638498754,0.3664783927837405,-0.31778088649584163,公用事业,0.2999175044591418
2024-04-30,801170.SI,0.04203522311269414,1.26,0.024404359519305086,0.00962070396346794,2024-05-31,0.023666307438863887,0.17498964965247532,-0.7174069208901399,0.7168042161774245,-0.26977593231544444,交通运输,0.3720149555938937
2024-04-30,801180.SI,-0.11495968115673383,0.63,-0.04264086625225583,0.005154282849655591,2024-05-31,0.06139055578246255,-1.8651289675279878,-1.4359175447354955,-1.3405703335882935,-0.7147211282525927,房地产,-0.7915342512233334
2024-04-30,801200.SI,-0.08061360742787937,1.47,-0.034155412018007425,0.004778199004352541,2024-05-31,-0.04630661667848823,-1.4188083384135708,-0.47790337960835483,-1.0801825522982855,-0.7521866282520611,商贸零售,-0.7889708169942324
2024-04-30,801210.SI,-0.06143345970618619,2.66,-0.022989271844037984,0.005588203655548744,2024-05-31,-0.04019657489498252,-1.1695660038971278,0.8792833543217611,-0.7375342526070361,-0.6714939060360703,社会服务,-0.8740848092959728
2024-04-30,801230.SI,-0.121264246859215,1.2,-0.08551728204739395,0.0006716769687069183,2024-05-31,-0.04658907194937156,-1.947055587520672,-0.7858365041135071,-2.656291857782309,-1.1612786518680245,综合,-1.4555500265115169
2024-04-30,801710.SI,-0.014497084304302743,1.12,0.010111768873854343,0.0035201344712059296,2024-05-31,0.003036652531825945,-0.5596368235460154,-0.8770759484113299,0.2782165030961007,-0.8775151084688985,建筑材料,-0.05902419692621308
2024-04-30,801720.SI,-0.04180884684438746,0.72,-0.021529125432887763,0.010778921808507896,2024-05-31,-0.0013861342742245153,-0.9145479302811476,-1.3332731699004445,-0.6927276607779954,-0.15439418642374786,建筑装饰,-0.23121185463016486
2024-04-30,801730.SI,0.017661234313166574,2.21,-0.0077473814335533575,0.03127431905209451,2024-05-31,-0.005736053009252284,-0.14174565176550533,0.366061480146507,-0.269815976473634,1.8873587764027828,电力设备,0.17022027702911202
2024-04-30,801740.SI,0.045459805266724995,2.59,-0.019966992863950317,0.013633280827451136,2024-05-31,0.018341950887845293,0.2194914367710705,0.7994488405611657,-0.6447914840598717,0.12995726647242106,国防军工,-0.28358410982839144
2024-04-30,801750.SI,-0.000979871576607838,2.86,-0.03370167793585832,0.02694759907223279,2024-05-31,-0.0698281625004109,-0.3839832412435407,1.1073819650663181,-1.0662591007440236,1.4563306175820128,计算机,-0.3886493357673225
2024-04-30,801760.SI,-0.0050196900299152025,2.17,-0.05228758169934622,0.013642853628778333,2024-05-31,-0.07776456599286574,-0.43647990586443486,0.32044175799759556,-1.6365930051696935,0.13091090963630114,传媒,-0.683583598369913
2024-04-30,801770.SI,0.12795960606818757,2.28,0.015043595726390802,0.016307818058031623,2024-05-31,-0.06133930191760928,1.2915604973050234,0.4458959939071019,0.42955636262363234,0.39639485974406835,通信,0.4827453036264039
2024-04-30,801780.SI,0.1089098821920691,0.48,0.04863045208136474,0.00864422532229003,2024-05-31,0.029585868975595675,1.044012995603183,-1.6069915027939132,1.4602150363195503,-0.36705280551123953,银行,1.015213056892648
2024-04-30,801790.SI,-0.013338443848217807,1.02,0.023109775044622527,0.012683806190280306,2024-05-31,-0.014387523749655573,-0.5445805134315116,-0.9911252537836086,0.6770781190529446,0.035370534118218486,非银金融,0.2753357133451525
2024-04-30,801880.SI,0.12128763091905825,2.09,0.02555260687756622,0.02278969269456388,2024-05-31,-0.035417771953186294,1.2048594621443889,0.22920231369977256,0.7520397585226969,1.0421196820795395,汽车,0.7330278648534747
2024-04-30,801890.SI,0.05993317715734081,2.11,-0.006071693519925758,0.02593350230513848,2024-05-31,-0.021956839954202167,0.4075701236865902,0.2520121747742283,-0.2183951985260146,1.3553062239486804,机械设备,0.25848380402104243
2024-04-30,801950.SI,0.049541638325736104,1.44,0.009142998447967843,0.005092685378124575,2024-05-31,0.0632792625480012,0.27253407312071964,-0.5121181712200384,0.2484884561569252,-0.7208574728428607,煤炭,0.11888771546391391
2024-04-30,801960.SI,0.10734905389973481,1.33,0.009200864109995655,0.005545386274750053,2024-05-31,-0.01324612148303983,1.0237303318299154,-0.6375724071295448,0.25026414322474116,-0.6757593766228166,石油石化,0.3633965015969476
2024-04-30,801970.SI,-0.00776452093225366,1.31,0.010306997566403409,0.003982883271674197,2024-05-31,-0.010446588435330306,-0.4721484560694965,-0.6603822682040005,0.284207362830141,-0.8314160393378448,环保,-0.06832929873280835
2024-04-30,801980.SI,0.004652451313154282,3.3,-0.0019076552018271187,0.001261330836698349,2024-05-31,-0.03688727321715368,-0.31079228744254556,1.609198908704344,-0.09061598141822003,-1.1025372906879984,美容护理,-0.6638180413463945
2024-05-31,801010.SI,0.07476541800525283,2.68,0.04328472755180357,0.006127630520712575,2024-06-28,-0.1101346720396732,1.201522982192673,0.9419868863801732,1.607116043097868,-0.6167353903032121,农林牧渔,0.5316232983918739
2024-05-31,801030.SI,0.04785510667955961,1.77,-0.01456451136699144,0.02426681835777239,2024-06-28,-0.09062909155189103,0.7655744844704164,-0.11925313218151527,-0.030480514177245906,1.2194988424674844,基础化工,0.46789197264679805
2024-05-31,801040.SI,-0.000921897957419926,0.9,-0.022217836298531135,0.0024148743401189473,2024-06-28,-0.09784019147034217,-0.024615626581188394,-1.133845237839393,-0.24713087628815097,-0.9925785679568622,钢铁,-0.047206499102504546
2024-05-31,801050.SI,0.13878168301760785,2.18,-0.002809840245425854,0.020700367492249454,2024-06-28,-0.07328972671846568,2.2385899348622416,0.3588879750825423,0.30227077728914775,0.8584661861217525,有色金属,0.8147284740694687
2024-05-31,801080.SI,-0.030612815255219528,2.61,-0.012458267650461097,0.040285641103790154,2024-06-28,0.0319285499685904,-0.5056100913168382,0.8603530387985046,0.029143043944480817,2.8410880205026725,电子,0.2498826611230085
2024-05-31,801110.SI,0.04532244606515334,2.4,-0.04001296589993164,0.007549699473344623,2024-06-28,-0.05541863795666335,0.7245452456508504,0.6154514960534996,-0.7508754979317392,-0.4727790171932573,家用电器,-0.25734727912652483
2024-05-31,801120.SI,-0.012387915357041424,4.51,-0.03673805221269555,0.01073517900343296,2024-06-28,-0.11783060343978824,-0.2103657280840919,3.076128901729502,-0.6581692241790424,-0.15031217835343044,食品饮料,-0.9317753018311782
2024-05-31,801130.SI,0.015538131599437177,1.61,-0.016093064497984977,0.002809873798255308,2024-06-28,-0.11489081236675214,0.2420377417477248,-0.3058447837967571,-0.07375080418816336,-0.9525926803046052,纺织服饰,-0.08040354085081655
2024-05-31,801140.SI,0.00591506701863187,1.64,-0.023457054283624434,0.004807874684966617,2024-06-28,-0.11837002991098045,0.0861435755036907,-0.27085884911889946,-0.28221066547865087,-0.75033458263003,轻工制造,-0.1577146632882041
2024-05-31,801150.SI,-0.03945565672616025,2.48,-0.04231855400651052,0.027891355370160638,2024-06-28,-0.0866953862036397,-0.6488646010174379,0.7087473218611207,-0.8161420980874993,1.5864115730636144,医药生物,-0.27497526370303615
2024-05-31,801160.SI,0.08621217855147689,1.58,0.03145267553091369,0.01236997168389621,2024-06-28,0.0072666943177104315,1.3869611216298887,-0.340830718474615,1.2721742527294886,0.015178267542749098,公用事业,0.8650697305266062
2024-05-31,801170.SI,0.06752548481802911,1.29,0.023666307438863887,0.009503685471004868,2024-06-28,-0.043715390822828715,1.084235673310215,-0.6790280870272409,1.051757704136404,-0.2749765570451893,交通运输,0.7231115472427205
2024-05-31,801180.SI,-0.017345692179410177,0.67,0.06139055578246255,0.01263832150920875,2024-06-28,-0.13469299154407044,-0.2906819805270839,-1.4020707370363035,2.119655923160292,0.04234338320411245,房地产,0.8919770933767442
2024-05-31,801200.SI,-0.08226346410114727,1.39,-0.04630661667848823,0.0042873866474508505,2024-06-28,-0.12342399773339008,-1.342353393846504,-0.562408304767715,-0.9290361970227619,-0.8030237085610951,商贸零售,-0.7120774826018947
2024-05-31,801210.SI,-0.04526550272021046,2.58,-0.04019657489498252,0.003848481036692819,2024-06-28,-0.12607331188304216,-0.7429844200878929,0.825367104120647,-0.7560731023220431,-0.8474542263256467,社会服务,-0.7846745283341605
2024-05-31,801230.SI,-0.08267191370745097,1.11,-0.04658907194937156,0.0005652773366331786,2024-06-28,-0.14735550445419232,-1.3489702995414352,-0.8889436950943881,-0.9370319423052892,-1.1798137057777391,综合,-0.723283589465509
2024-05-31,801710.SI,-0.00597389783378921,1.13,0.003036652531825945,0.0041193601072989396,2024-06-28,-0.09133361607666557,-0.1064582975908476,-0.8656197386424831,0.46777332534515587,-0.8200330745708893,建筑材料,0.1365689294984692
2024-05-31,801720.SI,-0.012011816678862752,0.72,-0.0013861342742245153,0.009833216836827672,2024-06-28,-0.04949826904191057,-0.20427290917304594,-1.3437608459065404,0.3425730533533857,-0.2416180197098377,建筑装饰,0.28167076708346955
2024-05-31,801730.SI,0.01290506216889642,2.17,-0.005736053009252284,0.031893179035796596,2024-06-28,-0.1052588744562154,0.1993818746806398,0.3472259968565894,0.2194355310964832,1.991517119924953,电力设备,0.445564758635123
2024-05-31,801740.SI,0.02555813879422897,2.68,0.018341950887845293,0.014460382359923323,2024-06-28,-0.037925251929257886,0.40436239978930766,0.9419868863801732,0.9010357910980558,0.22679102983125632,国防军工,0.2503773116147544
2024-05-31,801750.SI,-0.13624128631761045,2.75,-0.0698281625004109,0.023230486945842604,2024-06-28,-0.06609250417514712,-2.2167970307404,1.0236207339618413,-1.5948842389276794,1.1145907709388798,计算机,-1.1175954702611457
2024-05-31,801760.SI,-0.12907055086784958,2.01,-0.07776456599286574,0.011297159649229577,2024-06-28,-0.08643999115891832,-2.1006307289443185,0.16063434524134731,-1.8195479904185856,-0.09342274596892086,传媒,-1.2166004406165825
2024-05-31,801770.SI,-0.030627756560562047,2.19,-0.06133930191760928,0.015057512730506959,2024-06-28,0.029215269274559086,-0.5058521412708222,0.37054995330849466,-1.3545815292395167,0.28723867708768674,通信,-0.592585750533676
2024-05-31,801780.SI,0.07859565006769587,0.49,0.029585868975595675,0.009194706862971417,2024-06-28,-0.01996614248944828,1.2635729485918132,-1.6119863451034506,1.2193286830171763,-0.30625453389626456,银行,1.012557803767728
2024-05-31,801790.SI,-0.056599691716920475,1.0,-0.014387523749655573,0.012939516476058925,2024-06-28,-0.06066187009115409,-0.9265988943395608,-1.017225455579867,-0.025470347781860986,0.07283342023534983,非银金融,-0.042287617016996626
2024-05-31,801880.SI,0.032150309227964025,2.02,-0.035417771953186294,0.01970868698761785,2024-06-28,-0.027934354812565787,0.5111559170598421,0.1722963234673002,-0.6207947237012463,0.7580781363957606,汽车,0.05803633186660345
2024-05-31,801890.SI,-0.008339272462767111,2.08,-0.021956839954202167,0.023041596266308088,2024-06-28,-0.06877926619643182,-0.1447774944062599,0.24226819282301598,-0.239742590410536,1.0954693232132016,机械设备,0.04874884958469777
2024-05-31,801950.SI,0.021288258630354218,1.54,0.0632792625480012,0.004199644886089387,2024-06-28,-0.0554135395345311,0.33519011038818125,-0.3874786313784255,2.1731214441378452,-0.8119058276120011,煤炭,0.706311485986196
2024-05-31,801960.SI,0.055117695126130295,1.31,-0.01324612148303983,0.00444030803506112,2024-06-28,-0.02018586989107629,0.8832288097785963,-0.6557041305753357,0.006840473539397055,-0.787543440680574,石油石化,0.22841618856144358
2024-05-31,801970.SI,0.03991986246666568,1.3,-0.010446588435330306,0.003317089476185999,2024-06-28,-0.09379474629663387,0.6370230993971623,-0.6673661088012883,0.08608966966698056,-0.9012471184425975,环保,0.16514977787916282
2024-05-31,801980.SI,-0.0391363788139385,3.25,-0.03688727321715368,0.0012857570546113677,2024-06-28,-0.08924805210416453,-0.6436922815855153,1.6067196452594723,-0.6623933731521482,-1.1068793751973152,美容护理,-0.9391595551226379
2024-06-28,801010.SI,-0.0579079733159088,2.38,-0.11702604930710836,0.004751472995968587,2024-07-31,-0.002717906324979258,0.19346930211711133,0.8090153994353141,-0.944039775574171,-0.5396858166349365,农林牧渔,-0.519882419409267
2024-06-28,801030.SI,-0.04781056475445322,1.62,-0.09711331373972232,0.016424543217119975,2024-07-31,-0.032433002326056504,0.3216270451979321,-0.15460456066053987,-0.5234638110609524,0.41232682359300965,基础化工,0.03564112277766912
2024-06-28,801040.SI,-0.08828372018475605,0.82,-0.10195333617188207,0.0018304135864884571,2024-07-31,0.008193228067932434,-0.1920639898570225,-1.1689413607614392,-0.6256897004061207,-0.777916670043404,钢铁,-0.1650830537265283
2024-06-28,801050.SI,-0.023423353833501137,2.02,-0.07894894727594526,0.014635331930568356,2024-07-31,-0.0357637216790081,0.6311529886757133,0.3525638393899096,-0.1398150693086187,0.26640533690913754,有色金属,0.11096375664463234
2024-06-28,801080.SI,0.02245542291848346,2.72,0.03301951277307413,0.06350569391784057,2024-07-31,0.011281092113234248,1.2134529370295504,1.2401085394781965,2.225065583116869,4.25209217532939,电子,1.6279455077848866
2024-06-28,801110.SI,-0.016435975671361347,2.28,-0.05827802269520377,0.00632311153680106,2024-07-31,-0.02266022401367418,0.7198377843697643,0.6822232994227015,0.2967745701964761,-0.4115087622357608,家用电器,0.07361475241538992
2024-06-28,801120.SI,-0.14220880433365135,3.99,-0.1183851870526057,0.010551392665354061,2024-07-31,-0.02741363146610243,-0.8764888140982168,2.8503682096383742,-0.9727460608700542,-0.06666571712789932,食品饮料,-1.1546263974775108
2024-06-28,801130.SI,-0.12295994188874892,1.43,-0.107804322477425,0.0021958719223503617,2024-07-31,-0.058363600443748775,-0.6321795190154541,-0.3955095506845036,-0.7492681108399805,-0.7481112333737285,纺织服饰,-0.48055839755621743
2024-06-28,801140.SI,-0.14168142514845294,1.44,-0.11689405423614618,0.0033551820251569203,2024-07-31,-0.03937139851692595,-0.8697952426029689,-0.3828303406832424,-0.941251913801335,-0.6535621686541521,轻工制造,-0.59196274198777
2024-06-28,801150.SI,-0.10064578227255339,2.27,-0.08528518453845113,0.022276898650638165,2024-07-31,0.0022291600591037852,-0.34896503702715936,0.6695440894214406,-0.27364244270213894,0.8896233910136814,医药生物,-0.1474436459967522
2024-06-28,801160.SI,0.0664500263481469,1.59,0.001868819590840065,0.011182881688165277,2024-07-31,-0.008412531088893616,1.7718386900636562,-0.19264219066432361,1.5671332369538828,-0.015163796853991095,公用事业,1.0297983248223086
2024-06-28,801170.SI,0.014604286810872447,1.23,-0.04634254634254631,0.008241657189050964,2024-07-31,0.0049806979766824355,1.1138052028561871,-0.6490937507097284,0.5488632127617513,-0.2550392407480266,交通运输,0.5687815229368217
2024-06-28,801180.SI,-0.1311395013597927,0.58,-0.13500024658480048,0.00674517595480073,2024-07-31,0.02267440534561782,-0.7359956491466894,-1.4732424007917089,-1.3236719627658464,-0.37708674186634134,房地产,-0.3975727349217694
2024-06-28,801200.SI,-0.18913871992836317,1.23,-0.12185862790780189,0.004043511119688403,2024-07-31,0.04997777867560904,-1.4721299658834703,-0.6490937507097284,-1.046108444100131,-0.5974245813514354,商贸零售,-0.7272544078236821
2024-06-28,801210.SI,-0.17199094518678137,2.27,-0.11924142386619263,0.0031250285950538683,2024-07-31,0.015294575813643574,-1.2544879742413462,0.6695440894214406,-0.990830598903887,-0.6723326352493844,社会服务,-0.9354366049462797
2024-06-28,801230.SI,-0.2408631657727328,0.95,-0.15327857841914372,0.0003527494850959749,2024-07-31,0.07471075503983138,-2.1286239763194486,-1.004111630745043,-1.7097277618250366,-0.8984295150691882,综合,-1.107702828400005
2024-06-28,801710.SI,-0.07583058002936849,1.02,-0.10325911512541996,0.0026926951526065604,2024-07-31,-0.017254648824449492,-0.03400696692186778,-0.9153571607362143,-0.653268997131415,-0.7075921594538487,建筑材料,-0.16827216059325978
2024-06-28,801720.SI,-0.05961059333763952,0.69,-0.04992569275737446,0.007761494360810223,2024-07-31,-0.01372606740665061,0.17185940706520986,-1.3337710907778353,0.47318374349402104,-0.2941995536042356,建筑装饰,0.4156719380902527
2024-06-28,801730.SI,-0.10871603627691973,1.94,-0.11329638455943003,0.027054283353427168,2024-07-31,0.005030239790209112,-0.4513938466562562,0.2511301593798196,-0.8652656993927498,1.2792493024594664,电力设备,-0.2017493737469016
2024-06-28,801740.SI,-0.02077439747135512,2.59,-0.0243516462752138,0.012441573034815077,2024-07-31,0.044584856481145296,0.664773918919946,1.0752788094618,1.013331993308425,0.08749043630438277,国防军工,0.3038509909434168
2024-06-28,801750.SI,-0.1654888708161928,2.57,-0.05247020572097982,0.0257888205495939,2024-07-31,-0.0030056454410697375,-1.1719627231725553,1.0499203894592775,0.4194412031854222,1.1760428141780364,计算机,-0.17776843866669023
2024-06-28,801760.SI,-0.21180097573378676,1.84,-0.07636871508379883,0.009249180975065,2024-07-31,-0.013588983648863961,-1.7597625341277572,0.12433805936720736,-0.08531810483039798,-0.17286930932093114,传媒,-0.5769463377947811
2024-06-28,801770.SI,-0.005422214472247444,2.27,0.0330589204317584,0.014811680033169123,2024-07-31,-0.022692074888856495,0.859626005230472,0.6695440894214406,2.225897910448503,0.2807876390434928,通信,0.8662866056517087
2024-06-28,801780.SI,0.058552619303799514,0.49,-0.018148516707768958,0.008879057333791619,2024-07-31,-0.014494584360302376,1.671603678591739,-1.5873552908030601,1.1443480052471127,-0.20305523112760196,银行,1.1175192756134913
2024-06-28,801790.SI,-0.04871835810496994,0.94,-0.061905545734958434,0.01042284743136424,2024-07-31,0.05653079440642683,0.3101052031056846,-1.0167908407463044,0.22015782429153288,-0.07714939325430731,非银金融,0.3508849944382152
2024-06-28,801880.SI,-0.035587156460618274,1.97,-0.02453935032038035,0.019846815432675805,2024-07-31,0.0024487807619886226,0.47676827872918703,0.2891677893836033,1.0093675048747892,0.6914347485677544,汽车,0.5309558862266599
2024-06-28,801890.SI,-0.07908909062932767,1.94,-0.06375703942075639,0.022387917500180744,2024-07-31,-0.023328161674026293,-0.0753644460962572,0.2511301593798196,0.18105251201239086,0.8986776797368478,机械设备,0.1617042277243159
2024-06-28,801950.SI,0.03189420716658997,1.45,-0.05419462577804757,0.0038314983887602107,2024-07-31,-0.10859997239174202,1.333251326814598,-0.37015113068198113,0.38301980712595507,-0.614715559295452,煤炭,0.4488311726568373
2024-06-28,801960.SI,0.011515596992791366,1.28,-0.02660175138882581,0.003963514427302246,2024-07-31,-0.05575386707462171,1.0746031131563603,-0.5856977007034221,0.9658076275470752,-0.6039488171253323,石油石化,0.609108124659717
2024-06-28,801970.SI,-0.07496213027186494,1.22,-0.09543145229401906,0.0027626467434194147,2024-07-31,0.019011297609043964,-0.02298447929810292,-0.6617729607109896,-0.48794129345856063,-0.7018871651895958,环保,-0.16362370051262198
2024-06-28,801980.SI,-0.11266933831890324,2.97,-0.08849302004086035,0.0009982327054353474,2024-07-31,-0.025434954764704476,-0.501569717458534,1.5570887895097276,-0.3413949875928159,-0.8457862795556516,美容护理,-0.7356749598262895
2024-07-31,801010.SI,-0.09082520577758002,2.38,-0.01867723734018989,0.00380812840945123,2024-08-30,-0.08359110593544161,0.27115147486670516,0.8391851313232355,-0.2063758365775375,-0.5912236421422853,农林牧渔,-0.2794355857507185
2024-07-31,801030.SI,-0.1777914031418597,1.57,-0.03279627970701393,0.012558250805675769,2024-08-30,-0.04034405497252036,-1.1025686787598734,-0.203463985328246,-0.5868191509402964,0.17237302107466748,基础化工,-0.4183465501418383
2024-07-31,801040.SI,-0.1208610502062506,0.82,-0.014225069666901069,0.0016479443062973676,2024-08-30,-0.06956788231688626,-0.20329544903438232,-1.168879834079618,-0.08641037562639675,-0.7797363621259871,钢铁,0.00333611757565197
2024-07-31,801050.SI,-0.1233253381050885,1.96,-0.0439993357198214,0.01615029051852329,2024-08-30,-0.03963558806782541,-0.24222140019206936,0.29855225602246727,-0.8886900321070648,0.48583944070516655,有色金属,-0.31674780725023366
2024-07-31,801080.SI,0.01888290701360873,2.77,0.026498744764878568,0.057741225350770135,2024-08-30,-0.05279259263567471,2.0041034737486916,1.341201372673949,1.010909296161318,4.1153542771696845,电子,1.4133790866323142
2024-07-31,801110.SI,-0.13135954794942428,2.21,0.006344751724040698,0.00557711789522203,2024-08-30,-0.019270196149324126,-0.36912997290335975,0.6203575389395912,0.46785179191324033,-0.43684929085512036,家用电器,-0.16738653977926837
2024-07-31,801120.SI,-0.19908142252824912,3.85,-0.03646130610678766,0.00960823871015344,2024-08-30,-0.02447392171396845,-1.4388663390988357,2.7314001948759246,-0.6855747715079661,-0.08506559413401242,食品饮料,-1.1988198832889094
2024-07-31,801130.SI,-0.19334366131174008,1.36,-0.055636840260314235,0.001968228035580377,2024-08-30,-0.027064756909421006,-1.348232524367356,-0.47378042297863004,-1.2022673047909387,-0.7517861717299403,纺织服饰,-0.8090041784232092
2024-07-31,801140.SI,-0.19946151363796194,1.38,-0.04476539690567605,0.0028441118301948845,2024-08-30,-0.03383130674399992,-1.4448702674463025,-0.4480360003452604,-0.909331860991722,-0.6753504474454411,轻工制造,-0.7328083382260422
2024-07-31,801150.SI,-0.15142274612018825,2.28,0.012514521309309634,0.021477935736935128,2024-08-30,-0.032806603915075505,-0.6860487356950142,0.7104630181563857,0.6340987319599435,0.95076689284439,医药生物,0.05164377543418662
2024-07-31,801160.SI,0.02594154737559662,1.57,-0.028208346280654717,0.008855177821369733,2024-08-30,-0.04675489703457936,2.115601927358755,-0.203463985328246,-0.4631954267916159,-0.15078293565629147,公用事业,0.4538530305210361
2024-07-31,801170.SI,-0.029963861738381392,1.24,-0.0023109921378122733,0.008409826389702781,2024-08-30,-0.04824271437050909,1.2325187349901001,-0.6282469587788497,0.23461926823896032,-0.1896474054066242,交通运输,0.5102312442921904
2024-07-31,801180.SI,-0.08019034823676607,0.59,-0.025496289374463577,0.005085059694821334,2024-08-30,-0.04491199901880438,0.4391399413920256,-1.4649406943633723,-0.39011795515259157,-0.4797897187623494,房地产,0.20543318963248092
2024-07-31,801200.SI,-0.1323547414224825,1.26,0.00186329816625741,0.004176819374093721,2024-08-30,-0.03638858960545899,-0.38485007303572705,-0.6025025361454798,0.3470972109444913,-0.5590490990203834,商贸零售,0.017667978169460835
2024-07-31,801210.SI,-0.1576196340354078,2.3,-0.00019714023447359175,0.002898612801465133,2024-08-30,-0.02850932595554856,-0.7839349268463203,0.7362074407897556,0.29157786382104106,-0.6705943128544553,社会服务,-0.40894854182217366
2024-07-31,801230.SI,-0.14496163867326617,1.06,0.03610640738515314,0.0005664864130362427,2024-08-30,-0.02459405314213403,-0.5839889264405598,-0.8599467624791789,1.2697916562798142,-0.8741119149822697,综合,0.24743925990025661
2024-07-31,801710.SI,-0.13281032635722945,1.0,-0.03055951488790598,0.0022857650308979274,2024-08-30,-0.07133185125303154,-0.3920465036664585,-0.9371800303792887,-0.5265486170667684,-0.7240756804827508,建筑材料,-0.22634214576060374
2024-07-31,801720.SI,-0.07919100687633385,0.67,-0.02043752938073995,0.006212570157530181,2024-08-30,-0.06244549918358511,0.45492556165351605,-1.3619630038298924,-0.2538076184756387,-0.3813952977382318,建筑装饰,0.25141564379111137
2024-07-31,801730.SI,-0.1266010630999327,1.99,0.026289593870376216,0.024897891688895155,2024-08-30,-0.037513212786049244,-0.293964831312861,0.33716888997252215,1.005273640609113,1.2492160841828353,电力设备,0.41477787767684404
2024-07-31,801740.SI,-0.016928042528953857,2.71,0.07301182048774013,0.010930404565020457,2024-08-30,-0.0890487152944085,1.4384328500112822,1.2639681047738391,2.2642229579144204,0.030315813037098967,国防军工,0.8679864851129753
2024-07-31,801750.SI,-0.13590752165581932,2.56,0.010898311209463163,0.024992101402947692,2024-08-30,-0.06954703480040614,-0.4409698753940805,1.070884935023565,0.590549296302965,1.257437480414296,计算机,0.09206437863390554
2024-07-31,801760.SI,-0.17768963140998706,1.82,-0.020088928056401167,0.00807759574730809,2024-08-30,-0.016474195196729657,-1.1009610900256284,0.11834129758887797,-0.2444144146182495,-0.21864016670336578,传媒,-0.451938286247098
2024-07-31,801770.SI,-0.04414694690771326,2.22,-0.01891607615040669,0.013423556288138919,2024-08-30,-0.062015470764867464,1.008482379162082,0.6332297502562765,-0.21281144504138386,0.2478856081165689,通信,0.13131792000475467
2024-07-31,801780.SI,-0.005086243712631666,0.48,-0.032734370945326385,0.009476620737080908,2024-08-30,-0.01747106289999978,1.6254861900697581,-1.6065350188469065,-0.5851509942854338,-0.09655149575990603,银行,0.5782192678669238
2024-07-31,801790.SI,-0.033066852853901096,1.0,0.04997839223030098,0.010277138165175776,2024-08-30,-0.018600755294644333,1.1835038123982973,-0.9371800303792887,1.6435779056701216,-0.026692765874709614,非银金融,1.0414408565528541
2024-07-31,801880.SI,-0.07690423158741033,1.98,0.022018471294996456,0.02391191403092265,2024-08-30,-0.05688525386792054,0.49104751933841956,0.3242966786558372,0.8901865131389664,1.1631728020958185,汽车,0.582465681163212
2024-07-31,801890.SI,-0.13673987496220041,1.9,0.002924956084807251,0.019788433220318726,2024-08-30,-0.04510684056601455,-0.4541177483213505,0.22131898812235742,0.3757040134994314,0.8033291284604799,机械设备,0.1056584202310244
2024-07-31,801950.SI,-0.11684461958786174,1.29,-0.12111870050452944,0.003123608190572178,2024-08-30,-0.009399579359820165,-0.13985181399751387,-0.5638859021954249,-2.9667025472607143,-0.6509596471227542,煤炭,-0.9965371928797174
2024-07-31,801960.SI,-0.09673695207665123,1.21,-0.06627278113719737,0.0037254986247851215,2024-08-30,-0.0009720972097209124,0.1777693875696803,-0.6668635927289046,-1.4888570389556053,-0.5984344930305654,石油石化,-0.40540065849172957
2024-07-31,801970.SI,-0.10304149096909199,1.25,0.0065123934109903026,0.002683089505624726,2024-08-30,-0.05854243022272343,0.07818273898263142,-0.6153747474621647,0.47236896505795256,-0.6894023777130982,环保,0.16358808448407133
2024-07-31,801980.SI,-0.17828887998607923,2.89,-0.0036237573235717857,0.000893760141285597,2024-08-30,-0.08126595930669211,-1.1104268350042397,1.4956679084741686,0.1992462786781439,-0.8455517285604652,美容护理,-0.7202025896137095
2024-08-30,801010.SI,-0.16037610029341165,2.17,-0.08618868289693316,0.004757738820003235,2024-09-30,0.19483934732922092,-1.602977188913407,0.6625664099955351,-2.3032569631698037,-0.6499772567694652,农林牧渔,-1.4450562516824181
2024-08-30,801030.SI,-0.11612006862139368,1.53,-0.020873142158327362,0.015252395530760474,2024-09-30,0.20535720621944042,-0.6050467135382288,-0.1773899845291562,0.3269229719301229,0.2559921263226284,基础化工,0.022589559604982865
2024-08-30,801040.SI,-0.11099891959570662,0.77,-0.058322726932414914,0.0018728722650938653,2024-09-30,0.21865203761755492,-0.4895697833076702,-1.1748382030272273,-1.1811277207040316,-0.8990183493070858,钢铁,-0.4476135405535003
2024-08-30,801050.SI,-0.11789916897506925,1.87,-0.019709346855444343,0.014655453048228994,2024-09-30,0.19600148725781819,-0.6451636963450303,0.2688368500620862,0.37378763873976645,0.204460034559573,有色金属,-0.07571807276839203
2024-08-30,801080.SI,-0.012179440522114726,2.62,-0.027106139577950716,0.05512154989916663,2024-09-30,0.1911641901019281,1.7387133682201006,1.253160749895709,0.07592750342084843,3.697765800589114,电子,0.9774205646247466
2024-08-30,801110.SI,-0.09870324889662174,2.21,-0.005208229685203514,0.00822850212439578,2024-09-30,0.21905641019778854,-0.21231436653805963,0.7150636846533283,0.9577305562506196,-0.35035761446938773,家用电器,0.0299545099849981
2024-08-30,801120.SI,-0.14893521457240566,4.02,-0.0008792364872978187,0.011613416292803002,2024-09-30,0.2464518229373649,-1.3449963421242128,3.0905653629184706,1.132054016173929,-0.05814904724410444,食品饮料,-0.6619389674882048
2024-08-30,801130.SI,-0.1391044818747188,1.35,-0.013047926983997149,0.0028817451644294425,2024-09-30,0.1973857726982442,-1.123322880142943,-0.4136277204892256,0.6420351750385884,-0.811925652192705,纺织服饰,-0.18263274699212217
2024-08-30,801140.SI,-0.12374154893839928,1.33,-0.01500941538725764,0.0037098756190189035,2024-09-30,0.22895182583569973,-0.776903682824991,-0.4398763578181222,0.5630483461331425,-0.7404358590777804,轻工制造,-0.09186089182466756
2024-08-30,801150.SI,-0.0982273078767828,2.22,-0.03425213476819311,0.03181594216249601,2024-09-30,0.21342974373606327,-0.20158235939159133,0.7281880033177769,-0.21183331051645227,1.685868923377747,医药生物,0.057804279119662516
2024-08-30,801160.SI,-0.05847272011353288,1.5,-0.03970448584134101,0.00913829432274823,2024-09-30,0.08917447179263771,0.6948449334785936,-0.21676294052250114,-0.4313930696418617,-0.27181823015217593,公用事业,0.0472163896775519
2024-08-30,801170.SI,-0.08137514730061424,1.19,-0.047741823343665724,0.01077755897676101,2024-09-30,0.16351799458489258,0.17841747293652718,-0.6236168191203986,-0.7550471891850488,-0.13030587503165544,交通运输,-0.08814323591177987
2024-08-30,801180.SI,-0.11797292914107427,0.57,-0.02101214898796533,0.006506060934181223,2024-09-30,0.36217654990456283,-0.6468269163569521,-1.4373245763161933,0.321325330541547,-0.4990503278681568,房地产,0.12029077891463164
2024-08-30,801200.SI,-0.0751266473387131,1.22,-0.02058509112716078,0.005431196648790389,2024-09-30,0.26013949711821316,0.3193150704340539,-0.5842438631270537,0.33852244785716484,-0.5918398454657261,商贸零售,0.20085081088646536
2024-08-30,801210.SI,-0.07358860305783077,2.25,-0.029676722513105158,0.005355138679366572,2024-09-30,0.2716614154624839,0.3539964732255165,0.7675609593111216,-0.02758684524865948,-0.5984056811607138,社会服务,-0.1860196605323003
2024-08-30,801230.SI,-0.01791496363925893,1.05,-0.016761528200713194,0.0004793939948567619,2024-09-30,0.25160662648974386,1.6093828997037387,-0.8073572804226747,0.4924928257490262,-1.0193127699473448,综合,0.5711597577872671
2024-08-30,801710.SI,-0.14229049810074013,0.93,-0.04819311423370798,0.003771292576283646,2024-09-30,0.22900730133513236,-1.1951644476506045,-0.9648491043960543,-0.7732201420605801,-0.7351339340679325,建筑材料,-0.5251398529436858
2024-08-30,801720.SI,-0.08984046542281199,0.63,-0.06392464604794934,0.008058323928639598,2024-09-30,0.18570028527019522,-0.012467218228140767,-1.3585786643295032,-1.4067104088225817,-0.3650485414119451,建筑装饰,-0.24378316271137385
2024-08-30,801730.SI,-0.11681630862282377,1.92,-0.008660429890794852,0.027182335414658376,2024-09-30,0.27113808661217553,-0.6207462484796242,0.33445844338432745,0.8187145179538203,1.2858648105679509,电力设备,0.27205325522579976
2024-08-30,801740.SI,-0.06373366363362076,2.48,-0.08383252142429809,0.012940394283340163,2024-09-30,0.19651625268192574,0.5762157733489305,1.0694202885934325,-2.208377114375758,0.05640462178934346,国防军工,-0.7527752065789161
2024-08-30,801750.SI,-0.08917158004261017,2.41,-0.04539789692327656,0.026391189078141118,2024-09-30,0.3493159533814749,0.002615496606826157,0.9775500579422945,-0.6606600315416569,1.2175677353815446,计算机,-0.17187154712211142
2024-08-30,801760.SI,-0.06204436474211528,1.81,0.0048657227582173945,0.012896033023717907,2024-09-30,0.2684802261061119,0.6143078205153899,0.19009093807539632,1.3633967619377985,0.052575059363355034,传媒,0.5769112629789647
2024-08-30,801770.SI,-0.04042787478370302,2.06,-0.03392693742521291,0.015484816273730596,2024-09-30,0.2459881602914391,1.1017386471202166,0.5181989046866039,-0.19873799634187678,0.27605624875462875,通信,0.19101906539517932
2024-08-30,801780.SI,-0.034554268390914133,0.47,-0.015054714534164515,0.011413132464195355,2024-09-30,0.1288591296327759,1.2341827592168861,-1.5685677629606762,0.5612242028140444,-0.07543889498738521,银行,0.8310161398720151
2024-08-30,801790.SI,-0.005698943610452645,0.97,0.0036553486242596467,0.01289980630002172,2024-09-30,0.36632993164745087,1.8848422713185522,-0.9123518297382612,1.314656420434081,0.052900793963296534,非银金融,1.1424585816538788
2024-08-30,801880.SI,-0.0565660984816615,1.92,-0.031014465480060593,0.023741642407867473,2024-09-30,0.22464061069428398,0.7378373970947344,0.33445844338432745,-0.08145617971667471,0.9888410386920705,汽车,0.30507551452797477
2024-08-30,801890.SI,-0.08479340391642454,1.82,-0.031120589183425418,0.02571066717151265,2024-09-30,0.22109609609609593,0.1013391104920532,0.2032152567398446,-0.08572965632074539,1.1588205053461982,机械设备,0.18690031432828974
2024-08-30,801950.SI,-0.1592329041802688,1.29,0.007040371385997668,0.0034471048685723532,2024-09-30,0.14654150700569324,-1.577199228316072,-0.4923736324759154,1.4509673021492115,-0.7631199983724645,煤炭,-0.02534474200222847
2024-08-30,801960.SI,-0.04861009917454551,1.21,0.008555163311388725,0.003894293259982869,2024-09-30,0.08130315698428725,0.9172374442899923,-0.597368181791502,1.511966189748714,-0.7245156874113584,石油石化,0.7180848422211067
2024-08-30,801970.SI,-0.06048265141763909,1.17,-0.04707074166024594,0.004314990781575485,2024-09-30,0.2040142542710408,0.6495229372218357,-0.6498654564492952,-0.728023519801255,-0.6881982465831167,环保,-0.05261244568956633
2024-08-30,801980.SI,-0.16291508403201083,2.66,-0.05858308564161829,0.0011541199298058834,2024-09-30,0.32021023403411353,-1.6602288030664252,1.305658024553502,-1.1916120594254362,-0.9610658871869474,美容护理,-1.3002953020022479
2024-09-30,801010.SI,0.09682854712625044,2.6,0.2125917965251658,0.00382236436383297,2024-10-31,-0.02293239191125418,-0.8524068443067379,0.5663149404549118,-0.40187303533848673,-0.7112162486303943,农林牧渔,-0.6220695166049939
2024-09-30,801030.SI,0.13659510967759214,1.85,0.22445220613413785,0.013832360132791599,2024-10-31,-0.010214865425771547,-0.43585394496259816,-0.20774869067834492,-0.25542594450070927,0.28912001083501704,基础化工,-0.10316489904993506
2024-09-30,801040.SI,0.13247874524373726,0.95,0.23015804770667447,0.0022113245302243724,2024-10-31,-0.005270515867468184,-0.4789726715929314,-1.1366250480382531,-0.18497273701223207,-0.8722134756221757,钢铁,-0.12969823315532247
2024-09-30,801050.SI,0.1063532123950155,2.24,0.20192584438732997,0.013714786528504152,2024-10-31,-0.035730339910852615,-0.7526364171327993,0.1947643975109487,-0.5335714937474969,0.27737044148060286,有色金属,-0.3653112102833673
2024-09-30,801080.SI,0.1752414935798603,3.11,0.23490842887243701,0.04389478297092822,2024-10-31,0.1464949766228678,-0.031034865041561815,1.092678209625526,-0.1263171319334469,3.293370193000447,电子,0.37357392586138194
2024-09-30,801110.SI,0.19486838327462697,2.66,0.24627057538024633,0.007367313401794306,2024-10-31,-0.013522953974836605,0.1745558947055824,0.6282400309455723,0.013977626561449729,-0.3569562526745052,家用电器,-0.14656228363383586
2024-09-30,801120.SI,0.18654546423002816,5.04,0.2767545796420696,0.012592473826454384,2024-10-31,-0.09442301354992533,0.08737370352277374,3.0846019537417737,0.3903806251436675,0.1652135418942427,食品饮料,-0.4542780859855828
2024-09-30,801130.SI,0.12470980508250129,1.62,0.21204234634338803,0.002443825824242064,2024-10-31,-0.013576227748147263,-0.5603519596522355,-0.44512820422587696,-0.4086574031077729,-0.8489787530362018,纺织服饰,-0.3615803662242501
2024-09-30,801140.SI,0.1640595507738769,1.65,0.2501187723687961,0.0033931983444389553,2024-10-31,0.018454522422092667,-0.1481651975946724,-0.41416565898054686,0.06149346054390298,-0.7541044116665443,轻工制造,-0.08461939500315752
2024-09-30,801150.SI,0.21158291593444445,2.7,0.2256005688528031,0.024657095906603036,2024-10-31,-0.04320917447371886,0.3496398495141022,0.6695234246060128,-0.2412464696832571,1.370876281627374,医药生物,0.1521016936990469
2024-09-30,801160.SI,0.015511716036896495,1.64,0.08798482165003607,0.007668252871569391,2024-10-31,-0.04161267098632104,-1.7041968805216035,-0.42448650739565696,-1.940464835300812,-0.32688224760310935,公用事业,-1.0700816395715407
2024-09-30,801170.SI,0.11737839022252539,1.4,0.1736702127659575,0.008050705099969028,2024-10-31,-0.03931565828234773,-0.6371481904623495,-0.6721868693582991,-0.882459532791584,-0.2886623681534195,交通运输,-0.37704797455961847
2024-09-30,801180.SI,0.31282593653133217,0.78,0.4282549222417389,0.0076958577060327864,2024-10-31,0.030565982756551868,1.4101557971407883,-1.3120794710951245,2.2610398322139282,-0.3241235934050819,房地产,1.3201669536064142
2024-09-30,801200.SI,0.26128112551459526,1.56,0.2850792056360205,0.004984451273865946,2024-10-31,0.0401920344774771,0.8702262911029804,-0.5070532947165375,0.4931694241244736,-0.5950845639037142,商贸零售,0.38705031645708093
2024-09-30,801210.SI,0.2740655070465272,2.86,0.29567452553553464,0.003921509304341999,2024-10-31,0.035993775343777346,1.004142095029268,0.8346569992477739,0.6239957469022025,-0.7013083244690996,社会服务,0.16872074589072455
2024-09-30,801230.SI,0.29880925004627246,1.33,0.26635677567537996,0.00045896331097660303,2024-10-31,0.10720485736247976,1.2633316559540504,-0.7444328082640695,0.26199314172392935,-1.047333476444806,综合,0.38281982756948896
2024-09-30,801710.SI,0.1295660131111145,1.15,0.256900897492252,0.0029244497758472384,2024-10-31,0.04711280512098592,-0.5094834056622989,-0.9302080797360514,0.1452361411741379,-0.8009482066648299,建筑材料,-0.06144455729259454
2024-09-30,801720.SI,0.10799491349440604,0.75,0.19921209136709717,0.007037900130692947,2024-10-31,0.06523364289173883,-0.7354396742178267,-1.3430420163404548,-0.5670797154841802,-0.3898757510476879,建筑装饰,-0.18556377563478965
2024-09-30,801730.SI,0.2730805520461852,2.46,0.29443679606283,0.02726308638249256,2024-10-31,0.04343141236881731,0.9938247370583281,0.4218230626433704,0.6087128109414877,1.6313026419399133,电力设备,0.7047300972706662
2024-09-30,801740.SI,0.18812314739962277,2.97,0.21256810876776866,0.008754941556489636,2024-10-31,0.10211067955660136,0.10389986159068838,0.9481863318139852,-0.40216552128742544,-0.21828538908619563,国防军工,-0.3375577200808994
2024-09-30,801750.SI,0.30274810763968674,3.27,0.3899124819202848,0.030903862894487648,2024-10-31,0.14462667274747587,1.3045910066591075,1.2578117842672878,1.7876043417186966,1.9951390352431626,计算机,1.066405939353087
2024-09-30,801760.SI,0.25306398965326093,2.3,0.3108128422635026,0.010266521353165423,2024-10-31,0.05155804580752976,0.7841521738612821,0.25668948800160885,0.8109169847079103,-0.06722757501806334,传媒,0.4108103138200691
2024-09-30,801770.SI,0.15891638676995679,2.58,0.265840411554618,0.013495807092250163,2024-10-31,0.06280631096524725,-0.2020396021240892,0.5456732436246916,0.2556173059988807,0.2554870086382583,通信,-0.03697463543208009
2024-09-30,801780.SI,0.07106648665920168,0.52,0.10387845739867729,0.010815412501277738,2024-10-31,-0.025091310762979102,-1.122263233497363,-1.580421529887987,-1.7442172523789656,-0.012374832756268115,银行,-0.5454220490626771
2024-09-30,801790.SI,0.4298077441310759,1.33,0.40764379491222225,0.019514594142649933,2024-10-31,0.02372618496300527,2.635534809050066,-0.7444328082640695,2.0065427502572177,0.8569668757113815,非银金融,1.6956288045962817
2024-09-30,801880.SI,0.18913203277439306,2.35,0.2594382306425578,0.01754705425781338,2024-10-31,0.014531661383161643,0.11446788912447083,0.30829373007715954,0.17656600840464604,0.6603432672529376,汽车,0.1545016309733456
2024-09-30,801890.SI,0.18498526343676502,2.22,0.2391415387545559,0.019185219885517153,2024-10-31,0.04544057233882004,0.07103067253653483,0.1741227006807285,-0.07404856382564716,0.8240512761497764,机械设备,0.12234631952240294
2024-09-30,801950.SI,0.0042319314993901624,1.5,0.155514681635315,0.003142415062109395,2024-10-31,-0.08037860291086651,-1.822352100676958,-0.5689783852071981,-1.1066359992338537,-0.7791661216185065,煤炭,-0.8963406246930408
2024-09-30,801960.SI,0.01195635676824236,1.32,0.0874708347491222,0.003240926611904585,2024-10-31,-0.07084888681509127,-1.7414391040518837,-0.7547536566791797,-1.9468113181668523,-0.7693214945566399,石油石化,-1.1014325030975662
2024-09-30,801970.SI,0.17251007924877682,1.37,0.21546147102391244,0.0032403767920961063,2024-10-31,0.08779107725788915,-0.05964630354480177,-0.7031494146036292,-0.3664395641643637,-0.7693764401034001,环保,-0.13984727222560234
2024-09-30,801980.SI,0.23801397406253155,3.51,0.34921908810526836,0.0010746956204278112,2024-10-31,-0.044230289028606595,0.6265039581926811,1.5055121462299297,1.2851403175405578,-0.985801047312471,美容护理,0.0801401729708625
2024-10-31,801010.SI,0.09671134986362917,2.42,0.12258267075105866,0.003866149598104615,2024-11-29,-0.0026343041581944338,-1.081329662974067,0.3746696385030272,-0.4280650209150566,-0.6211197965658454,农林牧渔,-0.6369760902571219
2024-10-31,801030.SI,0.1878813358723339,1.81,0.13284232302234122,0.013115632439736836,2024-11-29,0.01716676927469507,-0.32964351538542375,-0.26189845350885393,-0.32484999463893105,0.12282563576031391,基础化工,-0.11725843612983419
2024-10-31,801040.SI,0.14900041985595713,0.95,0.11494787205148027,0.002174685494371601,2024-11-29,0.004178788432439129,-0.6502122382135413,-1.1593551078206865,-0.5048732720675493,-0.7571659967114288,钢铁,-0.25206745102429756
2024-10-31,801050.SI,0.1512174080956572,2.11,0.07809226780396616,0.011676537453128275,2024-11-29,-0.003914555086961147,-0.6319334227600614,0.0511678212510875,-0.8756511561755169,0.00707774365632812,有色金属,-0.4643096723903193
2024-10-31,801080.SI,0.3381988838916381,3.56,0.3759627817199842,0.054758305363770146,2024-11-29,-0.00843030052335303,0.9097075422621382,1.5643214825908054,2.121011119287881,3.472188712822892,电子,1.2900090667129267
2024-10-31,801110.SI,0.2296418484843612,2.6,0.07507054469832153,0.006546547840206947,2024-11-29,-0.024090873984826566,0.014667153299603879,0.5625094033589924,-0.9060505519348917,-0.4055326050256089,家用电器,-0.4804017339956054
2024-10-31,801120.SI,0.13776348957001439,4.47,0.052592632121956084,0.009606216159795703,2024-11-29,0.02412055376046074,-0.7428594481906932,2.513955849362628,-1.1321847595918126,-0.15944033048829717,食品饮料,-1.1171643586527829
2024-10-31,801130.SI,0.18425319950437813,1.58,0.10880127067177425,0.0020794150877477967,2024-11-29,0.0690049856049435,-0.35955708638338946,-0.5019159308248091,-0.5667098339840787,-0.7648286936488857,纺织服饰,-0.3277919318573497
2024-10-31,801140.SI,0.2560115982602611,1.69,0.15906325507903296,0.003283955702943049,2024-11-29,0.06325127368253458,0.23208273587992956,-0.38712496341283065,-0.061059944093912626,-0.6679462512389794,轻工制造,-0.00640941335551657
2024-10-31,801150.SI,0.17529225055294884,2.55,0.13029950316803962,0.022060838520210253,2024-11-29,0.02147569075753264,-0.4334390895614447,0.5103316908990018,-0.35043148718247746,0.842297774768039,医药生物,-0.17195352998566074
2024-10-31,801160.SI,-0.008347369771513069,1.55,0.04185852366852316,0.006545233899647686,2024-11-29,-0.022302350427350404,-1.9475268369606396,-0.5332225583008033,-1.240172950300089,-0.4056382866182067,公用事业,-0.9076902559140909
2024-10-31,801170.SI,0.08140430395518483,1.34,0.06107891646290997,0.006499518121044952,2024-11-29,0.02119262975496028,-1.2075345125479438,-0.7523689506327624,-1.046810320178309,-0.40931525378048506,交通运输,-0.5955126351043741
2024-10-31,801180.SI,0.3917892093034021,0.8,0.2020342371610646,0.007070398506727636,2024-11-29,-0.005413788945392239,1.3515536697030759,-1.3158882452006573,0.3712403841659812,-0.36339875632814933,房地产,0.6944535644819273
2024-10-31,801200.SI,0.3088793338339768,1.6,0.1912022644522129,0.00474444612759678,2024-11-29,0.13594751994150833,0.667971192431268,-0.48104484584081303,0.26226765115281436,-0.5504775020147795,商贸零售,0.2605208313686995
2024-10-31,801210.SI,0.3429117287662198,2.91,0.21612269572268739,0.0035677290890873768,2024-11-29,0.013812560330654033,0.9485644113157208,0.8860112206109321,0.5129742930917481,-0.6451220654923365,社会服务,0.11831597986429106
2024-10-31,801230.SI,0.39830822762028384,1.47,0.25334734680908255,0.0005494076730406977,2024-11-29,0.08574013908444522,1.4053022330099603,-0.6167068982367878,0.8874648935925363,-0.8878887659886319,综合,0.6267945372346395
2024-10-31,801710.SI,0.22413793103448265,1.19,0.2012843887599478,0.0030781671861135483,2024-11-29,-0.024619878961597785,-0.03071201900991146,-0.9089020880127333,0.36369669551280753,-0.6844980336187894,建筑材料,0.16005735546917732
2024-10-31,801720.SI,0.1974351538966843,0.79,0.19142083259730325,0.008130217422755307,2024-11-29,0.010531830245281482,-0.2508733742470756,-1.3263237876926555,0.2644665089934228,-0.27815642925199974,建筑装饰,0.2330138996712408
2024-10-31,801730.SI,0.3131703478343353,2.51,0.25595781105359805,0.028179817843831396,2024-11-29,0.012136493753176936,0.7033501139863336,0.46858952093100953,0.9137269079830953,1.334453584584413,电力设备,0.6530526818481287
2024-10-31,801740.SI,0.21938959552077297,3.24,0.283545745699475,0.013562201063475433,2024-11-29,-0.02578794718937094,-0.06986150433963371,1.230384122846868,1.191269394227832,0.15874361015291058,国防军工,0.13801636913965543
2024-10-31,801750.SI,0.49572134585815086,3.73,0.396367347315163,0.042464089902001026,2024-11-29,0.04393584516901616,2.2084622945441144,1.7417257049547723,2.32628686532406,2.48335229965076,计算机,1.4861815742559017
2024-10-31,801760.SI,0.36558018807710324,2.42,0.23150866286766814,0.011448198102284285,2024-11-29,0.06651086702500564,1.1354632757023073,0.3746696385030272,0.6677615082099334,-0.011287825531616908,传媒,0.4497134657147535
2024-10-31,801770.SI,0.2608130137699005,2.7,0.23050493168421982,0.014262450020763895,2024-11-29,-0.019085019463281117,0.2716698597286556,0.666864828278973,0.657663686399367,0.2150653550748113,通信,0.19021469099487676
2024-10-31,801780.SI,0.0789399324816702,0.5,0.012213702116260272,0.007135372549567471,2024-11-29,0.01020551627176114,-1.2278529745796993,-1.628954519960599,-1.5384083051212676,-0.3581728271364228,银行,-0.5672204900041914
2024-10-31,801790.SI,0.43439846078394395,1.37,0.20869255614048465,0.027386365189465,2024-11-29,0.01505460054284935,1.7028620936616596,-0.7210623231567682,0.4382249709964034,1.2706353703026314,非银金融,1.0124207562420666
2024-10-31,801880.SI,0.208151065855247,2.36,0.15126513358319538,0.015503400319315451,2024-11-29,0.006936856897219901,-0.16252190101923078,0.3120563835510388,-0.13951126913055317,0.31487626582063855,汽车,-0.09211879572128548
2024-10-31,801890.SI,0.26664183652739215,2.3,0.20797913992556882,0.020176351826489813,2024-11-29,0.03427651100002693,0.31972783928277737,0.24944312859905046,0.43104780052109776,0.6907265688880193,机械设备,0.31089839111017126
2024-10-31,801950.SI,0.07129506501182048,1.35,-0.014616594693584894,0.002445365512785348,2024-11-29,-0.011309525861920355,-1.2908840358841116,-0.7419334081407644,-1.8083287387772737,-0.7353949240181006,煤炭,-0.9277652229860402
2024-10-31,801960.SI,0.028822112945040557,1.23,0.01459389131008404,0.0024553094185700126,2024-11-29,0.02193466232636543,-1.6410686867049051,-0.8671599180447411,-1.514462923378621,-0.7345951254331802,石油石化,-0.9056588392614542
2024-10-31,801970.SI,0.2549964848850055,1.46,0.243144528057871,0.0036468981393858475,2024-11-29,0.007956831900493677,0.2237132417534443,-0.6271424407287859,0.784821628728239,-0.6387544172292307,环保,0.31611339196588295
2024-10-31,801980.SI,0.2233404271352213,3.33,0.1893512799331043,0.001225511542382472,2024-11-29,-0.008360344439393819,-0.03728734779920688,1.3243040052748503,0.24364621928311497,-0.8335090353607846,美容护理,-0.3694776994344162
2024-11-29,801010.SI,0.18255269950526998,2.4,4.9265564128431194e-05,0.00407678368274701,2024-12-31,-0.04094524591779114,-0.7278303154799887,0.33124482506095254,-0.649209692463607,-0.6560673846481162,农林牧渔,-0.6069423421745095
2024-11-29,801030.SI,0.24771254706242885,1.84,0.026604430569730386,0.01590446859552399,2024-12-31,-0.04080373563974593,-0.3209471317019527,-0.2519610738293243,-0.07593720716481875,0.1797994648195952,基础化工,-0.026328818927419673
2024-11-29,801040.SI,0.2272120917184326,0.95,-0.01327140318734632,0.0023227844806167817,2024-12-31,-0.019220810726332194,-0.448959870404995,-1.1788418774228004,-0.9367760803730365,-0.7800231543414474,钢铁,-0.33418074647550977
2024-11-29,801050.SI,0.16653953400564836,2.1,-0.03334038010274187,0.01570650323180849,2024-12-31,-0.05567960390063409,-0.8278226881621868,0.018813093512590046,-1.370024838995541,0.1658091796460486,有色金属,-0.638591774618968
2024-11-29,801080.SI,0.4274285677299927,3.52,0.03783827027739273,0.06080692040986459,2024-12-31,0.004876732702449038,0.8012689170847346,1.4976566228415067,0.16657874810419354,3.353072274182631,电子,0.6270611403106208
2024-11-29,801110.SI,0.19644212406242278,2.44,-0.012435190796371676,0.00910284558161557,2024-12-31,0.02791448017240339,-0.6410993991790914,0.37290238926740094,-0.918723940402882,-0.3008737389247113,家用电器,-0.6074410478931036
2024-11-29,801120.SI,0.20861052406249314,4.47,0.016832864355503574,0.009063541771628098,2024-12-31,-0.012207189442181021,-0.5651152230471551,2.487023772744655,-0.2868856252111669,-0.30365135365393164,食品饮料,-0.8209930432168355
2024-11-29,801130.SI,0.2877976568117411,1.69,0.09631075232423303,0.0027379942606775595,2024-12-31,-0.01795884049212737,-0.07064026806810379,-0.40817693960350576,1.4288817726762328,-0.7506801262436437,纺织服饰,0.3723249491555948
2024-11-29,801140.SI,0.3743882282575841,1.79,0.08674426764710375,0.004668651877637503,2024-12-31,-0.051112514915420904,0.4700646094891684,-0.3040330290873848,1.222360651633537,-0.6142398413028559,轻工制造,0.4624590529476679
2024-11-29,801150.SI,0.21427369290125897,2.62,0.027849754859796905,0.0219377126446954,2024-12-31,-0.055643016477812,-0.5297522157078839,0.5603614281964188,-0.04905316593898644,0.6061710440965324,医药生物,-0.1594431314602731
2024-11-29,801160.SI,0.009358035329599224,1.5,-0.018760130847619627,0.00621108709276499,2024-12-31,0.022431191094112846,-1.8093245026993139,-0.6060503695841354,-1.0552666469452758,-0.5052353764997807,公用事业,-0.8148307568935083
2024-11-29,801170.SI,0.14779390021311523,1.33,0.014423791821561505,0.008097055001539817,2024-12-31,0.001630198200118782,-0.9448776452467977,-0.7830950174615409,-0.3388926452581777,-0.37195332969771533,交通运输,-0.2830002580642906
2024-11-29,801180.SI,0.4694011696481226,0.8,-0.005401382155064249,0.007567032493311559,2024-12-31,-0.09810405735905847,1.063362008768472,-1.3350577431969817,-0.7668781898655469,-0.409410215585937,房地产,0.2462641794950168
2024-11-29,801200.SI,0.5206318350812564,1.8,0.1442556042573433,0.0073383254277971915,2024-12-31,0.0007241000151971821,1.3832660146858509,-0.2936186380357727,2.4639144836075464,-0.4255730281491959,商贸零售,1.1475589264681076
2024-11-29,801210.SI,0.37272106504304836,2.95,0.026524924166624997,0.004314778831818905,2024-12-31,-0.05160664550274596,0.4596542002871996,0.9040363328996177,-0.07765359014702874,-0.6392481797986173,社会服务,-0.20870324367907941
2024-11-29,801230.SI,0.5454232545745248,1.59,0.12794268997317637,0.0008477637263305616,2024-12-31,-0.018238053841235113,1.538073186156737,-0.5123208501196266,2.111751546108281,-0.8842634143650159,综合,1.033272266600171
2024-11-29,801710.SI,0.2970804684293673,1.16,-0.008734843993022379,0.0027427646462359983,2024-12-31,-0.04839779292887714,-0.012674817150216644,-0.9601396653389466,-0.8388409116973183,-0.7503430013390758,建筑材料,-0.22066919752138167
2024-11-29,801720.SI,0.2688651144318126,0.78,0.014266297608063638,0.008771446118536775,2024-12-31,-0.02601359612657117,-0.18886235435829118,-1.355886525300206,-0.34229262786694903,-0.32429386105019387,建筑装饰,0.05387395079460726
2024-11-29,801730.SI,0.3963066713908203,2.54,0.03362106767243911,0.031846928456647376,2024-12-31,-0.059973329914769336,0.6069318100713337,0.4770462997835219,0.07553784446679275,1.3064589755483047,电力设备,0.35174257926405506
2024-11-29,801740.SI,0.32158217522922183,3.15,0.015103695513787097,0.013976189775562056,2024-12-31,-0.026477169959535085,0.1403232766831915,1.1123241539318593,-0.3242148950230064,0.04352729033887743,国防军工,-0.28489794261757945
2024-11-29,801750.SI,0.6874348400044124,3.95,0.11104212839531624,0.05061569173129498,2024-12-31,-0.07065273545815898,2.4248482198520223,1.9454754380608268,1.746902488057193,2.6328543895686467,计算机,1.3491651474662385
2024-11-29,801760.SI,0.4813997273258457,2.57,0.10917752284658766,0.01665392222685308,2024-12-31,-0.058389575481345046,1.1382856240266845,0.508289472938358,1.7066494127403555,0.2327636290039539,传媒,0.8021489128381378
2024-11-29,801770.SI,0.3156319326258308,2.64,0.014550278663977734,0.017043837776257165,2024-12-31,0.04391524746366393,0.10316767019415408,0.5811902102996429,-0.3361620492895874,0.26031910450421764,通信,-0.14698945451290918
2024-11-29,801780.SI,0.05214996956506757,0.5,0.00037673112044744883,0.005738772200755792,2024-12-31,0.06682548908846297,-1.5421151844688759,-1.6474894747453444,-0.6421403711740895,-0.5386140438934252,银行,-0.40069068723236834
2024-11-29,801790.SI,0.4617389064796158,1.37,0.02248762756588918,0.027625813022175934,2024-12-31,-0.03285484790381932,1.0155158865041065,-0.7414374532550925,-0.16481068578939898,1.0081511929627456,非银金融,0.5813178623064681
2024-11-29,801880.SI,0.3051244467139822,2.36,0.026913598321255172,0.02147162442510534,2024-12-31,0.017000110884062947,0.03755488131269673,0.28958726085450415,-0.06926289859797448,0.5732324179363191,汽车,0.0414357102575436
2024-11-29,801890.SI,0.3614331708861873,2.37,0.05850449008624525,0.026424950139553243,2024-12-31,-0.019229153878460914,0.3891682417578428,0.3000016519061165,0.6127207769355968,0.923285770714625,机械设备,0.4234694047369937
2024-11-29,801950.SI,0.04619072463979634,1.34,-0.02444160925406147,0.0026397456302175507,2024-12-31,0.013078004191936277,-1.579327004922883,-0.7726806264099287,-1.1779183136001516,-0.7576233931477537,煤炭,-0.8051695354949746
2024-11-29,801960.SI,0.01887382876761312,1.25,0.012055789665323946,0.002589932576073636,2024-12-31,0.015979431198940075,-1.7499042235644244,-0.8664101458744377,-0.39001303863599407,-0.7611437000325489,石油石化,-0.5828816345351797
2024-11-29,801970.SI,0.34140701071080826,1.48,0.03250890013115981,0.004051917427416064,2024-12-31,-0.04985368841302962,0.26411718475745055,-0.6268791516873596,0.05152838904358883,-0.6578246920717425,环保,0.08979455118190974
2024-11-29,801980.SI,0.3189122303459031,3.29,-0.005817841095423604,0.001270579065878229,2024-12-31,-0.06641848270780404,0.12365111253051082,1.2581256286544287,-0.775868698932779,-0.8543828985767954,美容护理,-0.6401350185052475
2024-12-31,801010.SI,-0.09206230762055778,2.3,-0.05978594010632399,0.005213989922957379,2025-01-27,-0.02983989505460638,-0.7150009545725868,0.2887317853880477,-0.4765305736085068,-0.6459766839643073,农林牧渔,-0.5375766745821053
2024-12-31,801030.SI,-0.07909888413221977,1.77,-0.059017907596458086,0.017935461608847816,2025-01-27,-0.005651611959225478,-0.5188589839767326,-0.2828180018319071,-0.45635314118841575,0.17056380902597726,基础化工,-0.1981838240321038
2024-12-31,801040.SI,-0.05198436140134122,0.93,-0.04375690808775046,0.0029993761721722207,2025-01-27,-0.011896437728022846,-0.10860501634349295,-1.1886704947842883,-0.0554224744595356,-0.7881239015582285,钢铁,0.042016631940527904
2024-12-31,801050.SI,-0.1159920238465697,1.99,-0.06418719766978176,0.01216404444873382,2025-01-27,0.044675879286427245,-1.0770674797148057,-0.04557092034437862,-0.5921585918360027,-0.19988042333425168,有色金属,-0.5186798836878908
2024-12-31,801080.SI,0.009440193131092345,3.55,-0.0006966771431277108,0.06975968850877869,2025-01-27,-0.0026600485080940928,0.8207739536332599,1.6367265665671868,1.0758381020365555,3.4969540904777556,电子,0.9219978401335722
2024-12-31,801110.SI,-0.06572463423298203,2.5,0.016127925744141347,0.010231463640722428,2025-01-27,-0.006752683128478654,-0.31650103950027614,0.5044109503767101,1.5178471099781765,-0.32392507199446924,家用电器,0.22809747515905346
2024-12-31,801120.SI,-0.09343848265132171,4.42,-0.01916732935429455,0.012475002930925143,2025-01-27,-0.06840832727301072,-0.735823053199672,2.5749309342678677,0.5905847671081991,-0.17992123947428765,食品饮料,-0.5825902836830007
2024-12-31,801130.SI,0.0014871283016593129,1.66,-0.03291265338861904,0.004627457271127005,2025-01-27,-0.025972722955392102,0.7004407862932513,-0.40144154257567144,0.22947329951777068,-0.6836238738890121,纺织服饰,0.21652584033818184
2024-12-31,801140.SI,-0.0010935745108471284,1.7,-0.06807172991902355,0.0070634385090426206,2025-01-27,-0.026323835448905708,0.6613936830629478,-0.35830570957793895,-0.6942114163400406,-0.5272679608283547,轻工制造,-0.0669541637400514
2024-12-31,801150.SI,-0.1493407143488118,2.47,-0.06729954645480551,0.02245387451919302,2025-01-27,-0.037715080078257524,-1.5816469897327736,0.47205907562841104,-0.6739249317641577,0.4605826996421455,医药生物,-0.6620598983556036
2024-12-31,801160.SI,-0.05020837546443335,1.54,-0.005782002324422941,0.008540321865403506,2025-01-27,-0.05176451924000203,-0.0817336129885839,-0.5308490415688687,0.94223854230218,-0.43247271278880733,公用事业,0.3019463148441579
2024-12-31,801170.SI,-0.029265016724711712,1.34,-0.021323229429789148,0.008273698789087722,2025-01-27,-0.042041216357048605,0.235148085568929,-0.7465282065575308,0.5339458520636307,-0.4495861838991459,交通运输,0.30111821662553173
2024-12-31,801180.SI,-0.09632841135197401,0.72,-0.12859653020418882,0.007534628452164016,2025-01-27,-0.061224962800550675,-0.7795488722888492,-1.415133618022384,-2.2842939347306466,-0.4970241590145178,房地产,-0.7514996368156451
2024-12-31,801200.SI,0.11725018962832845,1.8,-0.029817696484363165,0.013630346978624551,2025-01-27,-0.0761452154648753,2.4519838868675774,-0.2504661270836077,0.31078272714814614,-0.10576431631513877,商贸零售,0.8128182985098965
2024-12-31,801210.SI,-0.05020503619789518,2.83,-0.07120550455302244,0.006372251779506684,2025-01-27,-0.026857525552516415,-0.08168308850176674,0.860281572608003,-0.7765406473101572,-0.5716324783007773,社会服务,-0.5599664752572768
2024-12-31,801230.SI,0.12752334077322636,1.56,-0.07550935494673894,0.001341310787740351,2025-01-27,-0.027673190704617934,2.60742092181456,-0.5092811250700024,-0.8896096246644614,-0.8945485008375501,综合,0.37165215133457175
2024-12-31,801710.SI,-0.0598686238909254,1.11,-0.06713491142865646,0.003471618378003592,2025-01-27,-0.012712539911727272,-0.2278971757636647,-0.9945592462944924,-0.6695997084546881,-0.757812559200878,建筑材料,-0.2210379736183528
2024-12-31,801720.SI,-0.004931597197933457,0.77,-0.05799130603421776,0.009294724570141704,2025-01-27,-0.05923143745198367,0.6033228089829695,-1.3612138267752183,-0.4293826895755266,-0.38405061417867975,建筑装饰,0.23609933090281615
2024-12-31,801730.SI,-0.11312247661465491,2.39,-0.07057146329256847,0.027860496819409466,2025-01-27,-0.03668487812010557,-1.0336500406955544,0.38578740963294605,-0.7598833775721965,0.8076122059316919,电力设备,-0.45081592594280345
2024-12-31,801740.SI,-0.05328095109707409,3.07,-0.02893865269007656,0.012738261751925313,2025-01-27,-0.07277017589064128,-0.12822295586418433,1.1190965705943974,0.3338766021152556,-0.1630237064850867,国防军工,-0.19191257305469833
2024-12-31,801750.SI,-0.019237873130176553,3.67,-0.07836420934205757,0.05353251532551007,2025-01-27,-0.021630071994354738,0.3868629243111038,1.7661340655603843,-0.9646111784929564,2.4553966104889584,计算机,-0.08081486405961047
2024-12-31,801760.SI,-0.028837896069066282,2.42,-0.06898444383458757,0.024756318357145396,2025-01-27,-0.0059264315745380935,0.24161059812634514,0.41813928438124515,-0.7181898588064737,0.6083673799798185,传媒,-0.12818047159838739
2024-12-31,801770.SI,-0.0225536021427728,2.77,0.02513426053428791,0.024663241430883123,2025-01-27,-0.00848946037524212,0.33669457001198394,0.7955778231114042,1.754457812320225,0.6023931435759824,通信,0.607620474348753
2024-12-31,801780.SI,0.020734006276860617,0.54,0.05398883826265122,0.008421754218006514,2025-01-27,0.003522324683131517,0.9916540277082259,-1.60924486651218,2.512513343362745,-0.44008309684253416,银行,1.3221973733158352
2024-12-31,801790.SI,-0.08493623530911532,1.33,-0.04837903711031122,0.020985578283927022,2025-01-27,-0.06253549804425873,-0.6071805268104081,-0.757312164806964,-0.17685313630215083,0.36633862463236344,非银金融,0.0025818075457580136
2024-12-31,801880.SI,-0.01275379969122692,2.4,-0.015425997690471038,0.02390472225150561,2025-01-27,0.008353296304488111,0.4849696430299621,0.3965713678823789,0.6888754850637794,0.5537068248886216,汽车,0.3818570114196008
2024-12-31,801890.SI,-0.025844585921856567,2.33,-0.04738923057612654,0.04037907630276134,2025-01-27,0.00965814387076791,0.2869006213525748,0.3210836601363473,-0.15084934844691672,1.611129858233782,机械设备,0.2824823370132031
2024-12-31,801950.SI,-0.06941632496155814,1.36,-0.00699059261082402,0.003856915700045059,2025-01-27,-0.06634973200546657,-0.3723578503947721,-0.7249602900586646,0.9104869582036187,-0.733081861915554,煤炭,0.1917601481474102
2024-12-31,801960.SI,-0.06908307336056352,1.28,0.0023504763718686927,0.003108764452031459,2025-01-27,-0.04221799965451711,-0.3673156155420643,-0.8112319560541296,1.1558916587970862,-0.7811027044696333,石油石化,0.2797299836091775
2024-12-31,801970.SI,-0.021177776479523236,1.42,-0.06813833455694229,0.00438476725352199,2025-01-27,-0.04228117819093391,0.3575113825637673,-0.6602565405620661,-0.6959612258379545,-0.6992011774834389,环保,-0.12374600373097869
2024-12-31,801980.SI,-0.20564767462628897,3.06,-0.08322974050258813,0.0016467742542467586,2025-01-27,-0.03704256051393828,-2.433594637437275,1.1083126123449645,-1.0924364006265792,-0.8749420201024397,美容护理,-1.4264825830295391
2025-01-27,801010.SI,-0.069517500644242,2.23,-0.056375648056694594,0.00388534362289162,2025-02-28,0.002040467230340459,-0.7802830698384883,0.28443708250078265,-0.17555350151870425,-0.6306323296210812,农林牧渔,-0.455907949067835
2025-01-27,801030.SI,-0.02085009305397134,1.75,-0.029245195984774708,0.015148226684922453,2025-02-28,0.03319190420424656,0.033868480424680714,-0.24995986037947587,0.7882384294291862,0.15121593555265783,基础化工,0.3419547782607609
2025-01-27,801040.SI,-0.04375005754163708,0.92,-0.03766330028722309,0.0020747659606225517,2025-02-28,0.07098156260530497,-0.34922243219528376,-1.1740212407765898,0.489190666455315,-0.7563192426797476,钢铁,0.15185318122045566
2025-01-27,801050.SI,-0.046381836247172625,2.09,0.019460810569541076,0.01357680428475872,2025-02-28,-0.005333747145802259,-0.39324916012582006,0.12857130749404044,2.5184881127483307,0.04213073324197753,有色金属,0.6751385003640743
2025-01-27,801080.SI,0.04012536677074685,3.54,-0.0433457772006709,0.06849702712153384,2025-02-28,0.08306375354601103,1.0539200426991486,1.7428954057781552,0.28732431411955345,3.854589826655074,电子,0.7840146285657568
2025-01-27,801110.SI,0.00827730162852669,2.5,-0.02007399495637674,0.00944169509803498,2025-02-28,0.007384122229165291,0.5211373675520025,0.5850353628709282,1.1140394711825408,-0.2449208081917656,家用电器,0.3315926866739769
2025-01-27,801120.SI,-0.06429051232961458,4.11,-0.07667174787213027,0.010020545146495564,2025-02-28,0.041391310377146606,-0.6928413742505742,2.3774917754484624,-0.8965594464242741,-0.20473812106875475,食品饮料,-1.0089081556384842
2025-01-27,801130.SI,0.0486594701252312,1.62,-0.03202004825940419,0.0034090932977316754,2025-02-28,0.0168520807581376,1.1966860912763604,-0.39469236574287914,0.6896635798553272,-0.6636927359543413,纺织服饰,0.5039755120532965
2025-01-27,801140.SI,0.004052947667648077,1.64,-0.0491820646546951,0.005186298048890811,2025-02-28,0.026848118960312695,0.4504686285251626,-0.3724258264562019,0.07999394085596916,-0.5403225079319478,轻工制造,0.12145089707551754
2025-01-27,801150.SI,-0.0659513160158266,2.38,-0.059705975468190675,0.018495691715664345,2025-02-28,0.05073151921173191,-0.7206247710403925,0.4514361271508634,-0.29386124950999526,0.38359069364975484,医药生物,-0.3119746250301661
2025-01-27,801160.SI,-0.04868251860725192,1.47,-0.0662045545181329,0.006325148724340141,2025-02-28,-0.009369166285090436,-0.43173701478804677,-0.5616914103929601,-0.5247191074755776,-0.461265625250308,公用事业,-0.2624993304668726
2025-01-27,801170.SI,-0.026639630505801426,1.29,-0.05525548115654244,0.00671487454522264,2025-02-28,-0.008068958812664229,-0.06298403597392135,-0.762090263973057,-0.13576028993418537,-0.4342115880848497,交通运输,0.010814230257014876
2025-01-27,801180.SI,-0.1578958310810249,0.68,-0.09011223031925897,0.005148287887724558,2025-02-28,0.05369319724868027,-2.2587541513588025,-1.4412197122167187,-1.3740239758117756,-0.5429611021891317,房地产,-0.8769647735673687
2025-01-27,801200.SI,0.057891479687604,1.66,-0.09581304260397439,0.010950300287302367,2025-02-28,0.02973796170953391,1.3511273337713237,-0.35015928716952444,-1.5765416804667618,-0.14019625910742756,商贸零售,-0.08168997145237905
2025-01-27,801210.SI,-0.0525977120196357,2.76,-0.06220369284664784,0.0036140637401907726,2025-02-28,0.037610465789372105,-0.497233842009837,0.8745003735977346,-0.38259105942115695,-0.6494640714138393,社会服务,-0.5683539498509338
2025-01-27,801230.SI,0.0767267157756546,1.53,-0.05368080681462062,0.0010820940273231678,2025-02-28,0.028378002062212637,1.666219865302114,-0.4948917925329277,-0.07982099262384997,-0.8252286706354739,综合,0.3783262096748078
2025-01-27,801710.SI,-0.06870150292593646,1.09,-0.03881228423762306,0.0023044053126849767,2025-02-28,0.005658436213991758,-0.7666323364161788,-0.9847556568398314,0.4483737476200307,-0.7403781085991762,建筑材料,-0.013278985679818778
2025-01-27,801720.SI,-0.07063206246217646,0.72,-0.08001021365192074,0.005911665148695285,2025-02-28,0.0350564436497558,-0.7989284482727586,-1.396686633643364,-1.0151563047360426,-0.4899688812918809,建筑装饰,-0.3547198902502169
2025-01-27,801730.SI,-0.06401280802577991,2.3,-0.052099977726775215,0.029553000139827278,2025-02-28,0.06408525630453843,-0.6881956904001989,0.36236997000415355,-0.02366305190711436,1.1511683521683842,电力设备,-0.047514372334161364
2025-01-27,801740.SI,-0.08368680269373796,2.86,-0.09927676560091692,0.009473352489827955,2025-02-28,0.036637269097450575,-1.0173197192294954,0.985833070031122,-1.699588221182057,-0.24272321129610888,国防军工,-1.0760139207725046
2025-01-27,801750.SI,0.010209962561908759,3.6,-0.060978185833095666,0.03930660089126548,2025-02-28,0.16305346060724113,0.5534686334434002,1.8096950236381875,-0.33905570778563776,1.8282450637625298,计算机,0.03270970007136298
2025-01-27,801760.SI,0.03822347527383507,2.4,-0.03875003750487571,0.014659194877475388,2025-02-28,0.060991026141240745,1.022103515225994,0.47370266643754083,0.4505850229275977,0.11726826263787543,传媒,0.35378102487648916
2025-01-27,801770.SI,0.05011327948556543,2.73,-0.048473383307443885,0.02555676436253036,2025-02-28,0.03663637626035965,1.2210067034295304,0.8411005646677187,0.10516939175827579,0.873757142933877,通信,0.3721249748557533
2025-01-27,801780.SI,0.07098651684779789,0.54,0.004712245692392925,0.00845877428181473,2025-02-28,-0.009851852607108635,1.570192727483748,-1.597085487223461,1.9945547929505025,-0.3131533318477813,银行,1.340667669062716
2025-01-27,801790.SI,-0.07294702372752038,1.25,-0.08978867743915775,0.016409974797080076,2025-02-28,0.012591521442166353,-0.83765517312415,-0.8066233425464119,-1.3625299670038922,0.23880412830432807,非银金融,-0.45451386269694927
2025-01-27,801880.SI,0.053095185808750056,2.41,-0.012669058033344838,0.02156145801346497,2025-02-28,0.09178464128764174,1.270890676625704,0.4848359360808798,1.3770951120055288,0.5964104528679007,汽车,0.810364724372992
2025-01-27,801890.SI,0.04817694975070275,2.35,-0.017350491469021012,0.03535217630801602,2025-02-28,0.10708296629800018,1.1886140625736348,0.4180363182208474,1.210790187980904,1.5537363093746905,机械设备,0.9364481639006523
2025-01-27,801950.SI,-0.07725780386152925,1.27,-0.05887557949088085,0.0028425325235337225,2025-02-28,-0.07583595423590717,-0.9097697258140004,-0.7843568032597344,-0.2643619643413879,-0.7030223246557877,煤炭,-0.31430494751568905
2025-01-27,801960.SI,-0.015181858145761895,1.22,-0.045174511466912315,0.002963133045343002,2025-02-28,-0.010622948454351966,0.12869174030789463,-0.840023151476428,0.2223597007404936,-0.6946504621196751,石油石化,0.14320969945081163
2025-01-27,801970.SI,-0.060444772344013464,1.35,-0.06664766547036693,0.0030565322003221432,2025-02-28,0.04746947856488504,-0.6285064255402151,-0.6952906461130246,-0.5404603402108706,-0.688166867565159,环保,-0.33941442418741324
2025-01-27,801980.SI,-0.1062309674396813,2.95,-0.08216263263324552,0.001086819291416566,2025-02-28,0.02316150629608882,-1.394458498262537,1.0860324968211708,-1.0916196102762774,-0.8249006516448155,美容护理,-1.1223674222256474
2025-02-28,801010.SI,-0.05594502192906725,2.23,0.013181952955129361,0.003636653792640016,2025-03-31,0.019700609267862434,-0.7678863268114356,0.17337568699956746,-0.5696781666613983,-0.590028644899097,农林牧渔,-0.5472313313122232
2025-02-28,801030.SI,-0.00725512837129294,1.81,0.04303408063977021,0.015823187333006614,2025-03-31,0.011690666160268925,0.023945214853389175,-0.25253967993144555,0.10017567024553464,0.06461608544012012,基础化工,0.10334422973402312
2025-02-28,801040.SI,0.046773692679759504,0.98,0.10459862567524625,0.0028984629918833173,2025-03-31,-0.0017664906169231331,0.9026023968910535,-1.0942295717236856,1.4816265050100264,-0.6296832945252222,钢铁,0.8253582938341149
2025-02-28,801050.SI,-0.017700413119103864,2.08,0.0008766627034673125,0.012080034156051933,2025-03-31,0.07749997771259931,-0.1459238343605537,0.021263055952777176,-0.8457973758650444,-0.13646123437597638,有色金属,-0.3414919762719393
2025-02-28,801080.SI,0.09909090909090912,3.84,0.06882710399299907,0.07250026397373559,2025-03-31,-0.043718825976890585,1.7534241814426512,1.8060512602351175,0.678947000755417,3.1092349207294383,电子,0.944106681569844
2025-02-28,801110.SI,0.02385506129206627,2.52,0.012691794509692933,0.01047789742497191,2025-03-31,0.04319986552202559,0.5298824359605302,0.4674601070233622,-0.5806768639347206,-0.22252593561446207,家用电器,-0.17760446405139724
2025-02-28,801120.SI,-0.03428017127891014,4.28,0.03516171811684976,0.008271301921942182,2025-03-31,0.018665148306969526,-0.41555628793187926,2.252248311305703,-0.07647278500724712,-0.341061375841476,食品饮料,-0.6712427161493795
2025-02-28,801130.SI,0.005999008091527314,1.65,0.030144496003227994,0.0028435493930764385,2025-03-31,0.0005200102651377048,0.23949391586539184,-0.41479315304802206,-0.18905455870617888,-0.6326331816250942,纺织服饰,-0.0325040030414142
2025-02-28,801140.SI,-0.04225970872639828,1.7,0.04496420490565445,0.004605460547226122,2025-03-31,-0.016819157069224988,-0.5453255064930044,-0.3640889426990919,0.1434858543258118,-0.5379856062034719,轻工制造,-0.1369186453683438
2025-02-28,801150.SI,-0.03907140281758348,2.5,0.054476090359323326,0.020526684750492356,2025-03-31,0.01171653543307083,-0.49347488619784474,0.44717842288379017,0.35692367137754455,0.31728184870429205,医药生物,-0.053405052364253636
2025-02-28,801160.SI,-0.039860715794504564,1.46,0.001673908398034163,0.00514054477149918,2025-03-31,0.018728888888888795,-0.5063112854113666,-0.6074691523739565,-0.8279079278128071,-0.5092415776782389,公用事业,-0.379926309823973
2025-02-28,801170.SI,-0.044980879115001704,1.28,-0.0008952634965635475,0.005457804624895864,2025-03-31,0.0022775003500257185,-0.589579218844702,-0.7900043096301049,-0.8855577432447297,-0.49219879102472724,交通运输,-0.38053572253396023
2025-02-28,801180.SI,-0.09238418482791477,0.72,0.03913147220233815,0.004821711479309218,2025-03-31,-0.04799550130040531,-1.360487304690613,-1.3578914655381225,0.012604785403572343,-0.5263688874170986,房地产,-0.1986364848811502
2025-02-28,801200.SI,0.0028721966654268183,1.71,0.017732224770641958,0.00720365656471505,2025-03-31,-0.035273790911352854,0.1886433649376826,-0.3539481006293059,-0.46757432110673736,-0.39841389570815894,商贸零售,-0.10193557760124537
2025-02-28,801210.SI,-0.03507856910444629,2.86,0.04644763727175416,0.003868177024683143,2025-03-31,0.033150349355588915,-0.4285404317625898,0.8122487373960869,0.17677268978093014,-0.5775915180240844,社会服务,-0.34394089174307946
2025-02-28,801230.SI,0.01334564440291297,1.58,0.008845277780854088,0.0007648864873262644,2025-03-31,-0.04322019943280586,0.35897042179762634,-0.48577904753652407,-0.6669891032752044,-0.7442962491326425,综合,-0.1589206257797708
2025-02-28,801710.SI,-0.04667303726801797,1.1,0.024108413866977152,0.0021899933515790704,2025-03-31,0.026160356909384896,-0.6170983629860559,-0.9725394668862533,-0.32449859879493037,-0.6677413620711917,建筑材料,-0.2062491663218688
2025-02-28,801720.SI,-0.04081138029618048,0.74,0.04207013659763348,0.006696495582233674,2025-03-31,-0.03341532463916086,-0.5217717040519382,-1.3376097813985504,0.07854566711778146,-0.4256579240050773,建筑装饰,0.07161232607735518
2025-02-28,801730.SI,-0.03096922880626063,2.45,0.059740693905434794,0.03256707344825577,2025-03-31,-0.031227926280807283,-0.3617112599206606,0.3964742125348602,0.47505645314810596,0.9640758681945607,电力设备,0.158589455376564
2025-02-28,801740.SI,-0.057680163262050166,2.91,0.02982927715219752,0.009623289831139742,2025-03-31,0.022044922260786137,-0.7961044956409061,0.8629529477450174,-0.19612777502961024,-0.2684343439372177,国防军工,-0.514846897021051
2025-02-28,801750.SI,0.08500861076735355,4.2,0.18873613349767693,0.07338727361815744,2025-03-31,-0.054254801556916865,1.524407291551658,2.171121574747415,3.3695935215667667,3.1568839250633944,计算机,1.6722272586136042
2025-02-28,801760.SI,-0.008097697627593381,2.57,0.08955845820979236,0.02169969695405763,2025-03-31,-0.01297383169321753,0.01024272210950772,0.5181643173722922,1.1441392079273254,0.38029453850192735,传媒,0.3356152401266418
2025-02-28,801770.SI,0.0729359470525548,2.81,0.01714798444717691,0.028753645464468538,2025-03-31,-0.038438919201489785,1.3280725858709608,0.761544527047157,-0.4806841277671907,0.7592234771643124,通信,0.2090493096997983
2025-02-28,801780.SI,0.05748205982598842,0.53,0.004564474167403576,0.006138781655603566,2025-03-31,0.026883976449811664,1.0767498892459126,-1.5505674648640568,-0.7630463342976433,-0.45561759070568775,银行,0.2865318475719276
2025-02-28,801790.SI,-0.07072794603610888,1.28,0.002319634289852379,0.015950683968806393,2025-03-31,-0.006056603560582796,-1.008297318306073,-0.7900043096301049,-0.813418442480506,0.07146503887596262,非银金融,-0.3633198441799741
2025-02-28,801880.SI,0.12411095984528475,2.64,0.09819005017021198,0.025425275450106775,2025-03-31,0.011936814255699923,2.16031899910869,0.5891502118607946,1.3378240619646125,0.580427769319779,汽车,1.020936265391093
2025-02-28,801890.SI,0.11809207491466012,2.6,0.09951396539433621,0.04157024407958518,2025-03-31,-0.010485306425565666,2.0624353812678637,0.5485868435816506,1.3675314818841446,1.4477144837714806,机械设备,1.1820485368366505
2025-02-28,801950.SI,-0.1315936264642399,1.17,-0.05468266779308173,0.002014193249677356,2025-03-31,0.036265853843422624,-1.9981406316971366,-0.9015535723977512,-2.092496810567047,-0.677185114876027,煤炭,-1.1710084826216276
2025-02-28,801960.SI,-0.03490862709739839,1.21,0.0004696227060299041,0.0022622827579867576,2025-03-31,-0.0069544451938677865,-0.4257767074740026,-0.8609902041186072,-0.8549309728715425,-0.6638580691883234,石油石化,-0.3442791727003087
2025-02-28,801970.SI,-0.026689907173093497,1.41,0.05430275810589569,0.003104047035810152,2025-03-31,0.028183343447685028,-0.29211772420981236,-0.6581733627228866,0.3530342576565264,-0.6186395870958099,环保,0.045141100789685806
2025-02-28,801980.SI,-0.06315162542296326,3.01,0.01890096331798974,0.0009268873815309979,2025-03-31,0.03411996479020818,-0.8850855141123422,0.9643613684428772,-0.4413489207415652,-0.7355937718161784,美容护理,-0.7305631818543417
2025-03-31,801010.SI,-0.011322033631129491,2.27,0.010781453965286625,0.00473868798311259,2025-04-30,0.03385682397959178,0.06565855944490699,0.22255187248322952,0.3811225716703689,-0.6530156921372873,农林牧渔,-0.03448020062786242
2025-03-31,801030.SI,0.020838260963290445,1.82,-0.0007707546948630961,0.02218878793517846,2025-04-30,-0.02671566542801085,0.7061256965451108,-0.24013048536193493,0.0028627916305414996,0.33551855336568076,基础化工,0.31303958740468907
2025-03-31,801040.SI,0.030925633645901174,1.0,-0.006917707452968935,0.004050037090824438,2025-04-30,-0.04056159436604512,0.9070141145266882,-1.083240559657568,-0.1984099750410908,-0.6920272159734256,钢铁,0.27648120598571624
2025-03-31,801050.SI,0.08710913432782119,2.22,0.05292078108189324,0.021975792149533963,2025-04-30,-0.047807767805616685,2.0258995690231196,0.17114272161154476,1.7609117596149164,0.32345251197704855,有色金属,1.1539679043196047
2025-03-31,801080.SI,-0.018637680910899235,3.66,-0.03518029532566125,0.06716504320660469,2025-04-30,-0.04793887727621193,-0.08003138924486593,1.651726266716071,-1.1238261085774404,2.883387545085963,电子,-0.15387774582721492
2025-03-31,801110.SI,0.02288262584921874,2.58,0.05764827029985309,0.010982654377744809,2025-04-30,-0.0565089459069652,0.746838897160688,0.5412886078876762,1.9157063174638198,-0.2992999755615254,家用电器,0.6483410386952727
2025-03-31,801120.SI,-0.018748686873154674,4.36,0.027142965452461087,0.011579630983275427,2025-04-30,-0.002253275109170394,-0.08224205527710837,2.3714543789196605,0.9168557737208858,-0.2654817269582405,食品饮料,-0.27144067164408026
2025-03-31,801130.SI,-0.006164888978332339,1.65,0.002632611902924964,0.004063464557875692,2025-04-30,-0.014923962713717653,0.16836227261181655,-0.4149215983256639,0.1143009363651539,-0.6912665606736286,纺织服饰,0.03288799752748832
2025-03-31,801140.SI,-0.0317668488160292,1.67,-0.016741561394768456,0.005392292123321016,2025-04-30,-0.02083427396092008,-0.3414966738994868,-0.39435793797698987,-0.5200773670080497,-0.6159895388560241,轻工制造,-0.3007885348476442
2025-03-31,801150.SI,0.0046984365289501895,2.52,0.005049694324807508,0.0252082773220681,2025-04-30,-0.020692847648773882,0.38470366732789785,0.47959762684165425,0.19344468213156518,0.5065702190336357,医药生物,0.16961533469130097
2025-03-31,801160.SI,-0.04634433520696657,1.49,0.022925155192188296,0.008163564859725992,2025-04-30,0.014584623975848032,-0.6318049901840266,-0.5794308811150556,0.7787498904014414,-0.45899914848059736,公用事业,0.10141319262538301
2025-03-31,801170.SI,-0.05044082664945215,1.27,0.0059393882617451155,0.0065534083832962525,2025-04-30,-0.012400003725123177,-0.7133859638477272,-0.8056311449504694,0.22257637831098875,-0.5502132287403929,交通运输,-0.06994302672498534
2025-03-31,801180.SI,-0.07723159941132651,0.68,-0.052577334011108645,0.00483140422059695,2025-04-30,-0.01621438029465483,-1.246919930121685,-1.4122591252363514,-1.6934660986515473,-0.6477633912267343,房地产,-0.7235565704978908
2025-03-31,801200.SI,-0.09945216286102454,1.66,-0.03410378267593639,0.0075119458094242,2025-04-30,0.017359522673960015,-1.6894389069177125,-0.4046397681513269,-1.0885773132973056,-0.49591284800179597,商贸零售,-0.8317244468651943
2025-03-31,801210.SI,0.01399374838021239,2.97,0.029754549678235653,0.005491256487506866,2025-04-30,-0.04038192011212338,0.5698183201913218,0.942279984686819,1.0023681899053911,-0.61038328655083,社会服务,0.16407868109141793
2025-03-31,801230.SI,-0.05899120044627604,1.5,-0.05112302259835755,0.000910418076742549,2025-04-30,-0.03332007465654918,-0.883665294178817,-0.5691490509407187,-1.645846848404252,-0.8698841292161938,综合,-0.8245943901327335
2025-03-31,801710.SI,0.004242614707730796,1.12,0.017971565879054685,0.0027494975676428473,2025-04-30,-0.03611775487851221,0.375626048464455,-0.959858597565524,0.616552023386003,-0.7657017427570331,建筑材料,0.34837114097040633
2025-03-31,801720.SI,-0.07057820177809071,0.72,-0.03364953343300514,0.007791410078370502,2025-04-30,-0.013572125926281653,-1.1144185775100963,-1.3711318045390037,-1.0737036018046147,-0.48008142004397697,建筑装饰,-0.4645767198679818
2025-03-31,801730.SI,-0.02216564636303986,2.36,-0.04931476979980143,0.042235845469908474,2025-04-30,-0.08231644729111176,-0.1502902584939362,0.31508834405226227,-1.5866383172947236,1.4711683748042577,电力设备,-0.3232909032190432
2025-03-31,801740.SI,-0.03013080558567971,2.97,0.019757309571068582,0.017105274740968044,2025-04-30,-0.024634009980604832,-0.30891513392516334,0.942279984686819,0.6750235274957576,0.04754158511065056,国防军工,-0.05564689656368509
2025-03-31,801750.SI,0.02708608081214936,3.97,-0.05654803937754982,0.06213137532692249,2025-04-30,-0.04894843926248427,0.830550032272769,1.9704630021205178,-1.8234809021145533,2.5982342741463844,计算机,-0.24505011036061886
2025-03-31,801760.SI,0.0036495804478213767,2.53,-0.018259228372031755,0.01535020482734198,2025-04-30,-0.022250040982995656,0.3638158657706551,0.489879457015991,-0.5697711003781571,-0.05188172579513621,传媒,-0.19144431365549455
2025-03-31,801770.SI,-0.0641297158411559,2.69,-0.02750562570011461,0.02533112614081543,2025-04-30,-0.06694075873668481,-0.985998008645775,0.6543887398053829,-0.8725305399255501,0.5135295066414381,通信,-0.5866270991456001
2025-03-31,801780.SI,0.020933631251743634,0.54,0.02710079435582502,0.007814283247857679,2025-04-30,-0.004715585750457496,0.7080249806275593,-1.5562047476770695,0.9154749442875824,-0.47878567323430954,银行,0.7155380005209707
2025-03-31,801790.SI,-0.0790902244628997,1.28,-0.002532061449222689,0.017021780005926718,2025-04-30,-0.04186519316936321,-1.2839341515626272,-0.7953493147761324,-0.05480856153545016,0.04281167495917453,非银金融,-0.20278569075739483
2025-03-31,801880.SI,0.09179749811098992,2.63,0.015022933175904196,0.032431253532452395,2025-04-30,-0.0392538469497038,2.119267585944561,0.592697758759361,0.5200034593387284,0.9157460608930873,汽车,0.8139953525204291
2025-03-31,801890.SI,0.07677161566730994,2.57,-0.007149784737663922,0.05034724703250501,2025-04-30,-0.04643003925259237,1.8200295337913421,0.531006777713339,-0.20600899833122488,1.9306728043306736,机械设备,0.7114939820315217
2025-03-31,801950.SI,-0.0982067528860342,1.21,0.031602735699930884,0.003123062287555435,2025-04-30,-0.04325880980522745,-1.6646367659156676,-0.8673221259964914,1.062884274630445,-0.7445395992988462,煤炭,-0.0925076760531407
2025-03-31,801960.SI,-0.05804694592141102,1.19,-0.0018094614218243654,0.0033071219634795575,2025-04-30,-0.02114712118291706,-0.8648606159300318,-0.8878857863451654,-0.031148105300501872,-0.7341127654487838,石油石化,-0.21223262382364388
2025-03-31,801970.SI,0.016373484835118468,1.45,0.021781932348298172,0.005104611163146004,2025-04-30,-0.03084223013048648,0.6172103921094422,-0.6205582018124036,0.7413167696720604,-0.6322864358189845,环保,0.4117578661618071
2025-03-31,801980.SI,-0.03304278905091529,3.11,0.019547070005785372,0.0015966964697138645,2025-04-30,0.061484694130310436,-0.3669068201576073,1.0862256071275365,0.6681395476388126,-0.8310070055742416,美容护理,-0.276413663931797
2025-04-30,801010.SI,0.05637554371731568,2.26,0.021954121716928787,0.010864792847486425,2025-05-30,0.02477503527724445,1.1029330707017948,0.31963792039986677,1.876053943306272,-0.2545354968558888,农林牧渔,0.7893524196444224
2025-04-30,801030.SI,0.017345506048547676,1.73,-0.03614051903164428,0.025123752760208534,2025-05-30,0.019704567096175296,0.20636643691127074,-0.2587377439360152,-0.21635308745576412,0.869929753304618,基础化工,0.21288339589483163
2025-04-30,801040.SI,0.02572570163192589,0.95,-0.053017070883499495,0.003335344866080678,2025-05-30,-0.0030834358016462726,0.3988695497306539,-1.1099321178642947,-0.8241994446209776,-0.8483097033762308,钢铁,-0.08977815836351685
2025-04-30,801050.SI,0.02051475315347262,2.03,-0.04936902556731959,0.019309991283882093,2025-05-30,0.014109014128564912,0.27916783240637816,0.06864470757486132,-0.6928070206425088,0.41145502633535547,有色金属,-0.07633978984279732
2025-04-30,801080.SI,-0.013937463521895843,3.42,-0.04861423351769467,0.05656569494374762,2025-05-30,-0.02850751918510619,-0.5122407794273259,1.5855167329085902,-0.6656215148704078,3.3494494096717524,电子,-0.022896042278454987
2025-04-30,801110.SI,-0.008482438859181651,2.29,-0.040125836989147956,0.008302371359791023,2025-05-30,0.034964513502428796,-0.3869323403066641,0.3523761655509547,-0.35989313188417743,-0.456608715156143,家用电器,-0.38489395653499525
2025-04-30,801120.SI,0.058438693974359524,4.1,-0.005330738928044143,0.014195164228709586,2025-05-30,-0.001251446420191149,1.1503260990319222,2.32758362299991,0.8933293148162331,0.008098447782193562,食品饮料,0.1271955896477642
2025-04-30,801130.SI,0.0021975003433594154,1.62,-0.026878529849104105,0.004161996250139619,2025-05-30,0.06028504865013029,-0.14160136673263976,-0.3787779761566698,0.11723794666841195,-0.7831197623804634,纺织服饰,-0.0780173115596832
2025-04-30,801140.SI,-0.011456412957598139,1.62,-0.03154708742681356,0.005589942532584099,2025-05-30,0.04820116609113545,-0.45524808135272304,-0.3787779761566698,-0.050910484464739995,-0.670511550874652,轻工制造,-0.19683589235456841
2025-04-30,801150.SI,0.04104507677786229,2.46,-0.052376661410227454,0.02839720776314251,2025-05-30,0.06420987452972837,0.7507739143364071,0.5378928880737848,-0.8011336804269896,1.1280752576958015,医药生物,0.06471517457248777
2025-04-30,801160.SI,0.023902821316614364,1.47,-0.003184740677239506,0.011798131109982266,2025-05-30,0.023147013420365736,0.35699580925487506,-0.5424692019121083,0.9706221902024527,-0.18093220115650402,公用事业,0.4850494706275837
2025-04-30,801170.SI,-0.018137797262201993,1.23,-0.02131832129755684,0.010363094326965869,2025-05-30,0.055555293618425816,-0.6087274678159594,-0.8043751631208096,0.3175011605526712,-0.29409957136310194,交通运输,0.039572585763486795
2025-04-30,801180.SI,-0.013144315898104497,0.72,-0.018803175429208396,0.00617442798596907,2025-05-30,-0.0043680794960446745,-0.4940212301356635,-1.3609253306893,0.40808970418616697,-0.6244188775255032,房地产,0.15011620428776629
2025-04-30,801200.SI,0.010660413846451222,1.77,0.0198461290778964,0.011444861306296133,2025-05-30,0.016551460211916336,0.052801875609065574,-0.21508675040123157,1.8001299241218636,-0.2087911488362472,商贸零售,0.5918324282549028
2025-04-30,801210.SI,0.02871788934768915,2.86,-0.04794359912712953,0.006033709419373701,2025-05-30,-0.008553047023001858,0.46760367934534114,0.9744028234216202,-0.6414671334023757,-0.6355159799198868,社会服务,-0.39999275862065514
2025-04-30,801230.SI,-0.048853364642838404,1.51,-0.04359868923919863,0.0009877414763786406,2025-05-30,0.04765540925492173,-1.3143007774071946,-0.4988182083773247,-0.48497558994176115,-1.0334423111566677,综合,-0.6211138490224075
2025-04-30,801710.SI,-0.005305504807248673,1.09,-0.039064763271545844,0.0030345349941144715,2025-05-30,0.013547860449152571,-0.313954366447436,-0.957153640492552,-0.32167621413997044,-0.8720316473329872,建筑材料,-0.16425930793927765
2025-04-30,801720.SI,-0.013108804141869657,0.7,-0.020698385123432916,0.006863197003661409,2025-05-30,0.02909696645195492,-0.4932054826332485,-1.3827508274566918,0.3398295335772084,-0.5701023754438048,建筑装饰,0.14376057797352046
2025-04-30,801730.SI,-0.05400032983985248,2.16,-0.08464784316826757,0.027720165941151065,2025-05-30,0.02171924200184816,-1.432532722251473,0.21051043656290824,-1.9634516968815667,1.074683565286632,电力设备,-0.8569698356704262
2025-04-30,801740.SI,0.03339037339300588,2.89,-0.03864155872428443,0.013119684956165202,2025-05-30,0.06337749094202905,0.5749362247940932,1.0071410685727082,-0.30643356595883,-0.07671412456854748,国防军工,-0.1601523201955043
2025-04-30,801750.SI,0.046111281180715835,3.76,-0.039591290980552474,0.03873049918517768,2025-05-30,-0.006790384832812024,0.8671506871724686,1.9565501779542502,-0.3406402746113068,1.942961279886882,计算机,0.1118725873228894
2025-04-30,801760.SI,0.023925087787748822,2.49,-0.020103354541924245,0.010967729433852068,2025-05-30,0.02203999512254584,0.3575072967210373,0.5706311332248727,0.36126087657587813,-0.24641789115064808,传媒,0.04871157349368911
2025-04-30,801770.SI,-0.06993663061848654,2.47,-0.06258982245450417,0.01731214574651094,2025-05-30,0.03975178802930768,-1.7986086063033744,0.5488056364574809,-1.1689832737799608,0.2539044128465182,通信,-0.936764405429395
2025-04-30,801780.SI,0.011972613634046336,0.53,0.0011827306198617382,0.009776312695141476,2025-05-30,0.06051751975396025,0.08294467373826676,-1.5682675499795218,1.1279263327352644,-0.3403733219352111,银行,0.6388696658841125
2025-04-30,801790.SI,-0.03567693002360539,1.15,-0.04021366889285827,0.01532831598243722,2025-05-30,0.026565194971461148,-1.0116223190315337,-0.8916771501903769,-0.36305659223922204,0.09745908684874328,非银金融,-0.19461392359502647
2025-04-30,801880.SI,0.06144875151571316,2.4,-0.030558937512256246,0.024316474476869958,2025-05-30,0.014383715143065912,1.2194707199075185,0.4724163977716094,-0.01532007884341922,0.8062675800199074,汽车,0.39597844170533203
2025-04-30,801890.SI,0.04461192130762459,2.4,-0.04856653829696189,0.034458660439999,2025-05-30,0.007882967293805887,0.8327085980905587,0.4724163977716094,-0.6639036659619872,1.6060829765151972,机械设备,0.2387720166971185
2025-04-30,801950.SI,-0.08374843759793815,1.14,-0.05547003576627618,0.0025426424657707778,2025-05-30,0.03771383041653409,-2.1158823275132437,-0.9025898985740727,-0.9125484024731765,-0.9108224187722543,煤炭,-0.8733741791481778
2025-04-30,801960.SI,-0.03828048912455362,1.14,-0.03083424209378416,0.003104363937648859,2025-05-30,0.018819094770598177,-1.07142918467747,-0.9025898985740727,-0.02523578250501996,-0.8665249188660826,石油石化,-0.29089047697755455
2025-04-30,801970.SI,0.043773876518281796,1.4,-0.04319436033956792,0.004647350786799758,2025-05-30,0.06829268292682933,0.8134577072222673,-0.6188584405979796,-0.470412789975598,-0.7448445786487847,环保,0.05764359260289781
2025-04-30,801980.SI,0.12312695822065489,3.22,0.055298971749413894,0.002296285394138537,2025-05-30,0.025482517363836443,2.63629287706203,1.3672617652346726,3.077042498337336,-0.9302502008739907,美容护理,1.250566483159633
2025-05-30,801010.SI,0.07089329744887274,2.32,0.02561332294086327,0.007570318851961506,2025-06-30,0.005139202407825394,1.2583615522217098,0.33866153313779623,-0.11684149517672228,-0.6068390662265597,农林牧渔,0.12412576972173223
2025-05-30,801030.SI,-0.008302464070522597,1.77,0.01673266791257788,0.03230547807359387,2025-06-30,0.04099695322866159,-0.14487491876030467,-0.2640711537097427,-0.4767706717855487,1.0544092377418488,基础化工,0.06941113453932257
2025-05-30,801040.SI,-0.05013661018919724,0.95,-0.016542432520024075,0.0026821232542435527,2025-06-30,-0.0005084338824105084,-0.8861166018993488,-1.162690795918801,-1.8253963601087662,-0.9351372014200022,钢铁,-0.773054219133478
2025-05-30,801050.SI,0.016728446417137555,2.05,0.010896326820511781,0.018483154176133904,2025-06-30,0.09255867654587546,0.29863728219970326,0.042774577776276995,-0.7133150975046942,0.12608240039222432,有色金属,-0.12824151091560282
2025-05-30,801080.SI,-0.10761874456037279,3.32,-0.015802146619005253,0.054874487914749255,2025-06-30,0.08862959578140961,-1.9046184236132313,1.4345391455878673,-1.7953928869460132,2.5701758833058714,电子,-0.8930001684467799
2025-05-30,801110.SI,0.03277212892819081,2.37,0.03576178709032085,0.009812470533720532,2025-06-30,-0.030377193165945005,0.5829085613243152,0.3934554137603001,0.2944714466642021,-0.45625298569288103,家用电器,0.0854416464984299
2025-05-30,801120.SI,0.02354601177995086,4.1,-0.00043180943413201334,0.013390699465291213,2025-06-30,-0.05895218358698018,0.41943486248511347,2.2893236832989223,-1.172439648752324,-0.21593406595114686,食品饮料,-0.7710969243775081
2025-05-30,801130.SI,0.04721105561646444,1.72,0.06698937409928085,0.006936080239441845,2025-06-30,0.019381147488011896,0.8387458453165786,-0.3188650343322463,1.560112285523083,-0.6494354291575127,纺织服饰,0.6689529169306663
2025-05-30,801140.SI,0.009179742414750836,1.7,0.05237980113884788,0.009361501578808065,2025-06-30,0.03619922772374018,0.16488496311627884,-0.3407825865812477,0.9679924982431046,-0.4865406990153627,轻工制造,0.3290520306225988
2025-05-30,801150.SI,0.047451074284377226,2.61,0.07254841598956951,0.034464501155487874,2025-06-30,0.00704698204487153,0.8429986353910734,0.6564660407483168,1.7854178923654516,1.1994122838466945,医药生物,0.9045709108847202
2025-05-30,801160.SI,0.061867126032569164,1.51,0.015826121853026676,0.01213468323800959,2025-06-30,-0.0054425485416492725,1.098430607917441,-0.5489993329467612,-0.5135125985615558,-0.30028989356609825,公用事业,0.1963007210528778
2025-05-30,801170.SI,0.04865801676893544,1.3,0.04745106112213193,0.01228967609152687,2025-06-30,-0.01114892932758027,0.8643839428900734,-0.779133631561276,0.7682327586422235,-0.28988035414386465,交通运输,0.5891872334091248
2025-05-30,801180.SI,-0.07201052106311245,0.72,0.0013436057951177194,0.005319812620279621,2025-06-30,0.009292111002784154,-1.2736912512544252,-1.4147426467823174,-1.1004828235443522,-0.7579862501582562,房地产,-0.5631377108646654
2025-05-30,801200.SI,-0.0010717660165558973,1.79,0.01496864417708288,0.010002559862934994,2025-06-30,0.027119361897366856,-0.016757213654333,-0.24215360146074125,-0.5482658045897028,-0.4434863172865647,商贸零售,-0.21676566185447843
2025-05-30,801210.SI,-0.020280790027777496,2.82,-0.008327361097040353,0.003991167424308201,2025-06-30,0.04132303326501652,-0.35711385076949026,0.8866003393628318,-1.4924430043439587,-0.8472199421109224,社会服务,-0.9245197465473882
2025-05-30,801230.SI,-0.03902725811192864,1.59,0.05543066682609887,0.001177582703155799,2025-06-30,0.06833158985940169,-0.6892746534828886,-0.4613291239507554,1.0916427888195175,-1.036184274388117,综合,0.04732039741680244
2025-05-30,801710.SI,-0.005502057013871298,1.1,0.005230231381388339,0.003259655925778806,2025-06-30,-0.00775190251090252,-0.09525568106251302,-0.9983091540512903,-0.9429595392148097,-0.8963492897482953,建筑材料,-0.297708939845961
2025-05-30,801720.SI,-0.019028715780790906,0.72,0.02610022702883419,0.008293277484613589,2025-06-30,0.014589103369263112,-0.3349288725075079,-1.4147426467823174,-0.0971074792834509,-0.558284141167406,建筑装饰,0.05746792244957491
2025-05-30,801730.SI,-0.10862332124657781,2.2,0.0268377393596404,0.036208560960542376,2025-06-30,0.06684695866722845,-1.9224180964358217,0.20715621964378805,-0.06721641774345687,1.3165458089316022,电力设备,-0.3406579502434171
2025-05-30,801740.SI,0.057674169798837216,3.07,0.07010959743062029,0.024152077408176053,2025-06-30,0.10889876753533678,1.0241373756090035,1.1605697424753496,1.6865736119576358,0.5068153085645305,国防军工,0.6834506382732137
2025-05-30,801750.SI,-0.10882135887954192,3.73,0.016324123224898957,0.04511502832530137,2025-06-30,0.07108674690189654,-1.9259270421656274,1.8838489666923965,-0.4933288144648704,1.9147167635424789,计算机,-0.7053157922323277
2025-05-30,801760.SI,-0.018946875594376023,2.55,0.03625517710329462,0.013493954955236732,2025-06-30,0.0840069197959854,-0.3334787805812979,0.5907133840013126,0.31446833434321314,-0.20899928109650132,传媒,-0.15544096199858404
2025-05-30,801770.SI,-0.05653456872936835,2.58,0.05065224190907247,0.021972558699284057,2025-06-30,0.14093933875035036,-0.9994793449446346,0.623589712374815,0.8979752563689887,0.3604357471405754,通信,-0.04971815380109623
2025-05-30,801780.SI,0.08412189563941141,0.56,0.03839779414303557,0.01142629407219137,2025-06-30,0.05015972543850267,1.4927535333681305,-1.5900830647743287,0.4013076929767503,-0.3478663126107723,银行,0.8029157998674451
2025-05-30,801790.SI,-0.018902660080663325,1.2,0.026826896854287074,0.01704837093512959,2025-06-30,0.08004665153955859,-0.33269534444488713,-0.8887213928062833,-0.06765585988052553,0.029720327105217693,非银金融,0.07472511546676508
2025-05-30,801880.SI,-0.010793919302468202,2.44,0.030530796172081986,0.03727767965582808,2025-06-30,0.003088731080984175,-0.18901996869998888,0.47016684663180486,0.0824616063930529,1.3883493337591688,汽车,0.14977926771924638
2025-05-30,801890.SI,-0.045784643043005224,2.42,0.02097583507868306,0.046325407474941974,2025-06-30,0.028205064640479893,-0.8090059219476627,0.4482492943828034,-0.3047969086514669,1.9960075404274185,机械设备,-0.022347861240277767
2025-05-30,801950.SI,0.024199505921789433,1.18,0.03247465607533506,0.0028115300806924493,2025-06-30,-0.011916626272418851,0.4310138510042958,-0.9106389450552848,0.16124542269853503,-0.9264460557906604,煤炭,0.17689918505630592
2025-05-30,801960.SI,-0.004530524927048862,1.16,0.02370981038746911,0.003138115922762595,2025-06-30,0.01449555469655972,-0.07804151163218774,-0.9325564973042861,-0.1939900505282755,-0.9045120883810372,石油石化,-0.06930181110840056
2025-05-30,801970.SI,0.05789595047625817,1.5,0.07573033842971988,0.0056763949490732735,2025-06-30,0.01075881803904477,1.0280670143819064,-0.5599581090712619,1.91437985747599,-0.7340376762426496,环保,0.8676592910170252
2025-05-30,801980.SI,0.10981164650889408,3.29,0.0283884693117753,0.003786148390597561,2025-06-30,-0.03610926076864818,1.9479394506305274,1.4016628172143655,-0.004365991391255322,-0.8609893106030071,美容护理,0.08304743168411488
2025-06-30,801010.SI,0.0649154974489794,2.36,0.005139202407825394,0.006127397762411875,2025-07-31,0.03838811824857946,0.6855871836405532,0.2837464050236849,-0.5554598577281591,-0.6699663960874249,农林牧渔,-0.17633224939995487
2025-06-30,801030.SI,0.03315041896287241,1.84,0.04099695322866159,0.028286252670379135,2025-07-31,0.058680421502055324,0.05507893241747,-0.2588386541675139,0.22847835545229694,0.8173274423183637,基础化工,0.3022318008199989
2025-06-30,801040.SI,-0.04400626795507967,0.95,-0.0005084338824105084,0.002324158688186944,2025-07-31,0.16760476475326036,-1.4764119392352453,-1.187493851629374,-0.6789310125192722,-0.9252383433325444,钢铁,-0.5649244348157709
2025-06-30,801050.SI,0.05500385763366755,2.24,0.09255867654587546,0.02162150789776609,2025-07-31,0.057433697546706464,0.48885004384602615,0.15853446828725473,1.3557438509309976,0.36999233064296133,有色金属,0.6084488379211578
2025-06-30,801080.SI,0.0068955274084654405,3.63,0.08862959578140961,0.0566825004860036,2025-07-31,0.0659081541898956,-0.4660570618556429,1.608906068817575,1.2698445269793333,2.7232726992114418,电子,0.47902497140070366
2025-06-30,801110.SI,-0.05318295449258492,2.3,-0.030377193165945005,0.007115213105959704,2025-07-31,0.006437161273002312,-1.6585609171864708,0.22114043665546962,-1.3319352095657044,-0.6036646092828576,家用电器,-1.05082942936188
2025-06-30,801120.SI,-0.06224764051274834,3.99,-0.05895218358698018,0.01180385435941327,2025-07-31,0.002083788986922963,-1.8384867855566458,1.984541879026867,-1.956654452115022,-0.28896480752327364,食品饮料,-1.6015462592122218
2025-06-30,801130.SI,0.0647042544431018,1.77,0.019381147488011896,0.005706462082957392,2025-07-31,0.007195521659471238,0.6813941998808168,-0.3318789505970985,-0.24409607380984497,-0.6982194373667695,纺织服饰,0.0430479869635627
2025-06-30,801140.SI,0.06351619133619302,1.76,0.03619922772374018,0.009175360417027037,2025-07-31,0.0093397988641295,0.6578122152744403,-0.34231327865846767,0.12358833102073433,-0.46538831230430694,轻工制造,0.2016294816219659
2025-06-30,801150.SI,0.04953262426130811,2.63,0.00704698204487153,0.03967970987275874,2025-07-31,0.13927503317638235,0.38025098002981395,0.5654732626806537,-0.5137511245931473,1.5820519177309667,医药生物,0.1367203307267385
2025-06-30,801160.SI,0.03241948572076736,1.5,-0.0054425485416492725,0.008628394876127278,2025-07-31,-0.0077204251093410114,0.040570564668842,-0.6136058082540672,-0.7868028377466229,-0.5021004295224222,公用事业,-0.21183423242157548
2025-06-30,801170.SI,0.030844019780404075,1.29,-0.01114892932758027,0.009991102248441578,2025-07-31,-0.002186266272777404,0.009298982092572218,-0.8327266975428207,-0.9115582910209148,-0.41063603360436046,交通运输,-0.1971814579643951
2025-06-30,801180.SI,-0.01141011946660897,0.72,0.009292111002784154,0.004311020861064377,2025-07-31,0.04253740632857839,-0.8294076955950968,-1.4274833970408658,-0.46466710946850104,-0.791880916707595,房地产,-0.2407414606532098
2025-06-30,801200.SI,0.062245106532085925,1.84,0.027119361897366856,0.00776732151589718,2025-07-31,0.019118698114244825,0.6325823246149755,-0.2588386541675139,-0.07491976357256164,-0.5598953430414021,商贸零售,0.09553618009164029
2025-06-30,801210.SI,-0.009274414184370028,2.95,0.04132303326501652,0.004619738816354414,2025-07-31,0.051326306049011894,-0.7870158657363628,0.8993717606444688,0.2356072632951547,-0.771159886012863,社会服务,-0.48104369888255893
2025-06-30,801230.SI,0.0819500963803812,1.68,0.06833158985940169,0.0009333609147261906,2025-07-31,0.09520628086436123,1.0237086583670292,-0.4257879031494215,0.8260804277436711,-1.018588156196427,综合,0.43590459926300684
2025-06-30,801710.SI,-0.030632362474014796,1.11,-0.00775190251090252,0.003051265965167996,2025-07-31,0.1336420194343113,-1.2109519385436978,-1.0205446026474665,-0.8372909688428322,-0.8764351819144379,建筑材料,-0.5662728724725759
2025-06-30,801720.SI,0.02993976835624701,0.74,0.014589103369263112,0.00704188179575709,2025-07-31,0.054072673590427556,-0.008649595757176005,-1.4066147409181273,-0.3488618892315672,-0.6085865786842348,建筑装饰,0.05652072367997443
2025-06-30,801730.SI,0.0002916512700281704,2.35,0.06684695866722845,0.03813515661476522,2025-07-31,0.03486764166792877,-0.5971380663354852,0.27331207696231596,0.7936227554864372,1.478382095745834,电力设备,0.3210856763442481
2025-06-30,801740.SI,0.15013010677728622,3.41,0.10889876753533678,0.022796842345418525,2025-07-31,0.030786403571942955,2.3770205710867094,1.3793508514674526,1.7129782407143348,0.44888032775832754,国防军工,1.0122076684382384
2025-06-30,801750.SI,0.011741637588420728,4.03,0.07108674690189654,0.04975408574094587,2025-07-31,0.03858593268092614,-0.36986613142446606,2.026279191272344,0.8863149053526209,2.2582401601636257,计算机,0.20610858436823765
2025-06-30,801760.SI,0.08324764161487908,2.76,0.0840069197959854,0.017148590142707008,2025-07-31,0.0317663406111135,1.0494637647818903,0.7011195274784534,1.1687815135674635,0.0697718073160412,传媒,0.5341598160649291
2025-06-30,801770.SI,0.10688231596473052,2.95,0.14093933875035036,0.025234978083880966,2025-07-31,0.10754203234886917,1.518590803113292,0.8993717606444688,2.4134635632065486,0.612527062938146,通信,1.1274991105625178
2025-06-30,801780.SI,0.10846097921732811,0.62,0.05015972543850267,0.012258820728089906,2025-07-31,-0.01953844135753613,1.549925849463037,-1.531826677654558,0.4287989865440951,-0.25842763944193387,银行,0.8331880790732001
2025-06-30,801790.SI,0.06232075825292882,1.31,0.08004665153955859,0.022669316395810216,2025-07-31,0.04595243313749897,0.6340839432629991,-0.8118580414200822,1.0822003546941497,0.4403208349561481,非银金融,0.7754660592563639
2025-06-30,801880.SI,-0.022424577975007076,2.45,0.003088731080984175,0.027384302135257235,2025-07-31,0.004213368649734095,-1.0480347950161382,0.37765535757600815,-0.6002881805131903,0.7567888685064436,汽车,-0.4122633436100062
2025-06-30,801890.SI,-0.011805559691935641,2.49,0.028205064640479893,0.033170219163448,2025-07-31,0.05665893131611455,-0.8372568285680573,0.41939266982148504,-0.05118364379377775,1.145137399208776,机械设备,-0.11073966867437098
2025-06-30,801950.SI,-0.019007542186579518,1.18,-0.011916626272418851,0.002527992989099859,2025-07-31,0.026094771626596458,-0.9802097065224818,-0.9475043062178822,-0.928342025567119,-0.911557063272602,煤炭,-0.5529878442155665
2025-06-30,801960.SI,0.01173004378114939,1.19,0.01449555469655972,0.005497610359467734,2025-07-31,0.04508341724954401,-0.37009625807599833,-0.9370699781565129,-0.35090709222522193,-0.7122374849047275,石油石化,-0.16193014475943315
2025-06-30,801970.SI,0.046483233515609124,1.52,0.01075881803904477,0.004980840931713396,2025-07-31,0.016007918251791597,0.31972331512234536,-0.5927371521313288,-0.4326013031380822,-0.746922850595676,环保,-0.07360975351344348
2025-06-30,801980.SI,0.04922783835272204,3.17,-0.03610926076864818,0.002956088204301902,2025-07-31,0.014926846647307812,0.37420125374615026,1.1289269779945912,-1.4572522395362952,-0.8828234767012096,美容护理,-0.7665430566395179
2025-07-31,801010.SI,0.05356261250655092,2.45,0.0181483207756985,0.0052576484768915655,2025-08-29,0.08161933804817223,-0.35607307805210586,0.26994601619460196,-0.48058160283500423,-0.6666955031996558,农林牧渔,-0.4391018779513375
2025-07-31,801030.SI,0.08732477316726128,1.95,0.04699966871985484,0.022620711162262327,2025-08-29,0.08981457894807421,0.1342615303759222,-0.22995401379540184,0.2387895658942924,0.6581494372960344,基础化工,0.29032029950921007
2025-07-31,801040.SI,0.12844826016497013,1.11,0.12257161747257994,0.004638837825899868,2025-08-29,0.0077130052078921985,0.7315061527463795,-1.0697860641786077,2.1230786882820567,-0.7139122975490734,钢铁,0.9605942609695828
2025-07-31,801050.SI,0.13707958500852802,2.38,0.031080990661173535,0.02297670335355455,2025-08-29,0.18908746382172392,0.8568606088759068,0.19996001199600116,-0.15812215073898184,0.6853125283955587,有色金属,0.281810723637323
2025-07-31,801080.SI,0.10240550290760275,3.88,0.06854131963623233,0.050286845741949,2025-08-29,0.24787890258520529,0.3532819830759322,1.6996601019660118,0.7759028621627155,2.7691444319667036,电子,0.5400869461520001
2025-07-31,801110.SI,-0.008787875210991558,2.32,-0.007636429384299426,0.006110659825076539,2025-08-29,0.06739426849817498,-1.261601675214895,0.13997200839720067,-1.1234911089659847,-0.6016086121766544,家用电器,-0.8566883905494795
2025-07-31,801120.SI,-0.06507211205608632,4.0,0.0019591669004728196,0.007923660401687398,2025-08-29,0.06649761594105574,-2.079028898296217,1.8196361091636128,-0.8842372852835724,-0.463272151348092,食品饮料,-1.3269642477589576
2025-07-31,801130.SI,0.05797584007032208,1.78,0.00011960743580541333,0.0038954039858536,2025-08-29,0.027122463366735516,-0.2919788919266382,-0.399920023992003,-0.930104329159866,-0.7706381517043103,纺织服饰,-0.44697471649953635
2025-07-31,801140.SI,0.06321893338235962,1.77,0.004789721820469994,0.005479815596419555,2025-08-29,0.06402587206041788,-0.21583239964656004,-0.40991802459180304,-0.8136610472203781,-0.6497435984818809,轻工制造,-0.3628117342875903
2025-07-31,801150.SI,0.2094127729716484,3.01,0.11519214892204221,0.03819636263789879,2025-08-29,0.026063086161909332,1.9073699572755702,0.8298340497834055,1.9390811528436258,1.8466104494081126,医药生物,1.3415569719886948
2025-07-31,801160.SI,-0.003281110059382586,1.51,-0.019458989969851292,0.009457179521029901,2025-08-29,0.025287669599434404,-1.1816258240999657,-0.6698660401866049,-1.4182714167097676,-0.3462608219974177,公用事业,-0.7113148902326047
2025-07-31,801170.SI,0.018817625842872943,1.29,1.3581113198712913e-05,0.006703494728137065,2025-08-29,0.021412597669512756,-0.8606814649909631,-0.8898220533822064,-0.9327479588355845,-0.5563738321092679,交通运输,-0.4631411079448526
2025-07-31,801180.SI,0.02513158216847411,0.75,0.04056337468193383,0.005382404919062675,2025-08-29,0.06474414694953623,-0.7689826150963196,-1.4297140857714103,0.07830887108216543,-0.6571762758490631,房地产,-0.023866775834158693
2025-07-31,801200.SI,0.04516301819770807,1.87,0.03188799769909112,0.005717970838139922,2025-08-29,0.07473442395961194,-0.47806206530236955,-0.30993801859380227,-0.13800047056087686,-0.6315717602086944,商贸零售,-0.23748022459714768
2025-07-31,801210.SI,0.06528950672359568,3.11,0.050191704848336016,0.003992701146390527,2025-08-29,0.0505082855615564,-0.18576104909825258,0.9298140557814063,0.3183788719057898,-0.7632141359533016,社会服务,-0.2919030390468012
2025-07-31,801230.SI,0.1822365358344844,1.84,0.07337386755356934,0.0007615028831738527,2025-08-29,0.21895334125180765,1.5126840327249649,-0.33993202039320247,0.8963962148464044,-1.0097626135077764,综合,0.5785575571381458
2025-07-31,801710.SI,0.11334504905202314,1.25,0.09623514930964361,0.005993431256781283,2025-08-29,0.06748884305421643,0.5121591985779289,-0.9298140557814067,1.4664128049672094,-0.6105534439958922,建筑材料,0.681646245505611
2025-07-31,801720.SI,0.0764827863475741,0.78,0.049803962030540605,0.008857122458003035,2025-08-29,0.01853125890689644,-0.023198811550585865,-1.39972008397201,0.3087110045831342,-0.39204667086322054,建筑装饰,0.30325812859059004
2025-07-31,801730.SI,0.0944815177397964,2.4,0.020078909332395867,0.03393579504346756,2025-08-29,0.15370286283241508,0.23820036245656995,0.21995601319560132,-0.4324448658945007,1.5215185273546403,电力设备,0.18236259837815347
2025-07-31,801740.SI,0.15061060162514472,3.52,0.051541847523309814,0.016757029895604816,2025-08-29,0.09889847579790656,1.0533742680879739,1.3397320803732093,0.3520429390380127,0.2107359481219221,国防军工,0.1710191955870557
2025-07-31,801750.SI,0.07036699769767374,4.2,0.06297709516628891,0.04094542450134798,2025-08-29,0.15481158955014251,-0.11201963267674124,2.0195961211596143,0.6371660978436646,2.056370718486041,计算机,0.1601787652585916
2025-07-31,801760.SI,0.11797501565248503,2.84,0.04240739453749387,0.012000677921171862,2025-08-29,0.10703237506000307,0.5794011290600096,0.6598680395868044,0.1242871290554792,-0.15218555730197125,传媒,0.03511275061653024
2025-07-31,801770.SI,0.26724222712393053,3.28,0.12005389262453359,0.021464433602715466,2025-08-29,0.34408831632455095,2.7472386802025364,1.0997800659780075,2.0603024647938666,0.5699225788014755,通信,1.3074513814729685
2025-07-31,801780.SI,0.07734229969209205,0.61,-0.04102755816680015,0.009380604147323257,2025-08-29,-0.016234732362201854,-0.01071592742897451,-1.5696860941686115,-1.9560558606701846,-0.35210371378789035,银行,-0.3723801348533223
2025-07-31,801790.SI,0.13572328285261515,1.37,0.04954887298709365,0.021893961380665187,2025-08-29,0.08264889424968969,0.837162761536902,-0.8098380485838058,0.30235068811994303,0.6026966183664252,非银金融,0.6149325590546162
2025-07-31,801880.SI,-0.0012389405706807466,2.46,0.005218295099240544,0.02002840556295821,2025-08-29,0.11647670223841389,-1.1519669883800243,0.2799440167944018,-0.8029751249878343,0.46035006170831844,汽车,-0.5439863957196479
2025-07-31,801890.SI,0.056557036179868625,2.63,0.05614328919306444,0.030851503175358157,2025-08-29,0.1291463449416732,-0.3125844644506516,0.4499100269910029,0.4667739553571833,1.2861793737432459,机械设备,0.2219619156162247
2025-07-31,801950.SI,0.03550281796686572,1.21,0.01753682694740144,0.003334664407249169,2025-08-29,0.004413828977513967,-0.6183590843565633,-0.9698060581806071,-0.49582841316720244,-0.8134239785547593,煤炭,-0.2904297195419416
2025-07-31,801960.SI,0.06339858119366193,1.24,0.03745513983762527,0.0029648993274832432,2025-08-29,0.013728477367326963,-0.21322333857090506,-0.9398120563812068,0.0008090420633187877,-0.8416379753580204,石油石化,-0.030993970468267545
2025-07-31,801970.SI,0.07317115906900673,1.55,0.00223090097854195,0.004380019608863874,2025-08-29,0.052785684352601114,-0.07129423652098955,-0.6298740377874046,-0.8774619463391832,-0.7336607723177072,环保,-0.31407571097696485
2025-07-31,801980.SI,-0.009401276126875358,3.22,0.01156176936783515,0.0016607370353353159,2025-08-29,0.06840856513298954,-1.270510219336874,1.0397920623792074,-0.6448087714699429,-0.941148807383825,美容护理,-0.9587373632126865
2025-08-29,801010.SI,0.11871882246795584,2.62,0.08318502929380811,0.004319572013941647,2025-09-30,-0.012134037625181282,-0.2848587931799515,0.16622410804751017,-0.0745835446660187,-0.616713484009202,农林牧渔,-0.25863854689350374
2025-08-29,801030.SI,0.17056297503808948,2.12,0.09046078226200249,0.019654234040074374,2025-09-30,0.01216445636394936,0.0936472738795048,-0.2479999554149347,0.015000199689503835,0.3492157891930097,基础化工,0.1506341785627152
2025-08-29,801040.SI,0.1786646157620826,1.11,0.020545314900153544,0.003046237432917219,2025-09-30,-0.0019415143812174795,0.15279608845447612,-1.0847325636090732,-0.8458439468916727,-0.6969207389389902,钢铁,-0.14063783727924536
2025-08-29,801050.SI,0.3242657261794635,2.82,0.19024163913737424,0.02188914841477083,2025-09-30,0.12789751234161728,1.2158070729434143,0.33191373343248787,1.2435662069431292,0.4899928871127965,有色金属,0.7630364317649523
2025-08-29,801080.SI,0.3976781875913189,4.82,0.25963770527500785,0.07034310493703384,2025-09-30,0.1096328285282806,1.7517799968824401,1.9888099872822678,2.0980151519978856,3.5421041711802963,电子,1.44350184695663
2025-08-29,801110.SI,0.06066332652525097,2.47,0.062079727755415925,0.007216041295441717,2025-09-30,0.007701327288001547,-0.7087129088535178,0.041956889008776775,-0.3344455748677881,-0.4342650894398257,家用电器,-0.39805230964293464
2025-08-29,801120.SI,0.016542254933843203,4.31,0.06658907016726445,0.007634345859989337,2025-09-30,-0.041452903755386794,-1.0308339669597515,1.5663014425505735,-0.278923654373722,-0.4079161145930323,食品饮料,-0.7789656352715433
2025-08-29,801130.SI,0.034952749413331485,1.85,0.023476210188286162,0.0031599894199708747,2025-09-30,-0.009259656455101961,-0.8964218199268893,-0.47168094968465496,-0.8097568813504635,-0.68975550934392,纺织服饰,-0.5462697225474555
2025-08-29,801140.SI,0.0890774632391631,1.93,0.057129060416396094,0.004454347701887798,2025-09-30,-0.005411198369613013,-0.5012657310464631,-0.4054050995306639,-0.3954013713642778,-0.6082239729863117,轻工制造,-0.3017390525579796
2025-08-29,801150.SI,0.16409489794476828,3.08,0.02610838665271986,0.03250127187736967,2025-09-30,-0.017106878827562233,0.04642485243634423,0.5473102464329594,-0.777347833858164,1.158449791209648,医药生物,-0.1198472242631119
2025-08-29,801160.SI,0.013201806252866932,1.55,0.022826627241559594,0.006156731812545094,2025-09-30,0.004058050474339048,-1.0552220614654886,-0.7202153877621219,-0.817754963870808,-0.5009909186212461,公用事业,-0.5047214620536008
2025-08-29,801170.SI,0.013297884284604322,1.32,0.017630424095363972,0.005140805333387904,2025-09-30,-0.012835286400624035,-1.0545206107498164,-0.9107584569548465,-0.8817339549529739,-0.5649840554746617,交通运输,-0.4982464188139425
2025-08-29,801180.SI,0.11080993547422713,0.81,0.0665167679280485,0.004816164165816636,2025-09-30,0.0815263710335794,-0.34260034285162017,-1.3332670016865402,-0.2798138859885896,-0.5854331795902921,房地产,-0.02504006055717456
2025-08-29,801200.SI,0.11066975153778968,2.04,0.08011945855095504,0.005093178620204435,2025-09-30,-0.039068872482379335,-0.3436238038942917,-0.3142758055689259,-0.11232882091880393,-0.5679840587595023,商贸零售,-0.17845417816069586
2025-08-29,801210.SI,0.12656146337425578,3.15,0.046212625347070935,0.003846023258340188,2025-09-30,-0.047641189746649104,-0.22760089585416352,0.6053016153177015,-0.5298115324567564,-0.6465422865315152,社会服务,-0.48414720506892983
2025-08-29,801230.SI,0.3862018844308719,2.29,0.2307434105899837,0.0007844695968824487,2025-09-30,-0.005507584844609337,1.6679932985124255,-0.10716377383770351,1.7422500346675331,-0.8393893344835226,综合,0.8770095227612333
2025-08-29,801710.SI,0.1932041152731201,1.34,0.0728616403630713,0.00421058566305323,2025-09-30,-0.00711888887406853,0.25894670533438297,-0.8941894944163487,-0.20169174073816576,-0.6235785265202928,建筑材料,0.06944092105940503
2025-08-29,801720.SI,0.07580712135368017,0.79,0.0196536626162247,0.006603364210375773,2025-09-30,0.013403131257086143,-0.5981504261683216,-1.3498359642250382,-0.8568225425925824,-0.4728575755654978,建筑装饰,-0.25461125047982164
2025-08-29,801730.SI,0.2564397403549117,2.77,0.14753955632703963,0.03289014507935983,2025-09-30,0.21169681321469147,0.7206201354358087,0.29049132708624353,0.7177907323424958,1.1829448866167753,电力设备,0.602301992236097
2025-08-29,801740.SI,0.2509958310964415,3.86,0.11528075679955552,0.019301829686259087,2025-09-30,-0.07213813053314189,0.6808750035221444,1.1934997854343732,0.32059967009517987,0.3270178639453582,国防军工,0.11024145621781051
2025-08-29,801750.SI,0.24970143614642004,4.88,0.14787889666726506,0.046411096972438,2025-09-30,-0.019545292640760437,0.6714248279967275,2.038516874897761,0.7219689085974016,2.0346286872004624,计算机,0.39724702010639623
2025-08-29,801760.SI,0.20694016398209003,3.16,0.09807163263146745,0.011920015465426592,2025-09-30,0.05345506666827271,0.3592314532958044,0.6135860965869506,0.10870987850993348,-0.1379620901671804,传媒,-0.018842670242416426
2025-08-29,801770.SI,0.6133388337918899,4.35,0.35845245798772485,0.02419404908966832,2025-09-30,-0.001462039555490513,3.3262847185567557,1.5994393676275689,3.314685864193198,0.6351784171174961,通信,1.7784988819104601
2025-08-29,801780.SI,-0.0026589400721210854,0.58,-0.018424238518511493,0.006460488333384795,2025-09-30,-0.06893220501926256,-1.171018895138827,-1.523810070879265,-1.325662121913211,-0.4818573169217035,银行,-0.5295549338855792
2025-08-29,801790.SI,0.1991237107566204,1.46,0.0911479125350918,0.019166562951466706,2025-09-30,-0.05827786432516657,0.30216474814088035,-0.794775719185362,0.023460589011744564,0.31849742191645797,非银金融,0.3180255306513237
2025-08-29,801880.SI,0.12272875047082721,2.75,0.1120989398691754,0.021630203991761816,2025-09-30,0.05171870555264291,-0.2555829346247326,0.2739223645477457,0.2814230961071294,0.47368199627668844,汽车,0.05523739045270752
2025-08-29,801890.SI,0.21548267455926506,2.96,0.12866990916814447,0.03562016491992595,2025-09-30,0.0528985324206217,0.42159898986622607,0.44789647120197257,0.48545551500472445,1.3549086427094608,机械设备,0.4463348765614727
2025-08-29,801950.SI,0.02350190002923136,1.2,0.008359316202558809,0.0017370264994785714,2025-09-30,0.018834371013499274,-0.9800226842481394,-1.0101722321858333,-0.9958857909199446,-0.7793878427623214,煤炭,-0.535565723018967
2025-08-29,801960.SI,0.06391895339091125,1.26,0.032213584595462974,0.002175055820975338,2025-09-30,-0.03952731632128781,-0.6849440851840175,-0.9604653445703399,-0.7021767149192136,-0.7517964068745535,石油石化,-0.36456323581821715
2025-08-29,801970.SI,0.07620239784138638,1.65,0.04355660092356817,0.0037164679742885845,2025-09-30,0.007723245210450536,-0.595264574218859,-0.637370575069633,-0.5625142113406086,-0.6547029646834178,环保,-0.3425397656332078
2025-08-29,801980.SI,0.02912755833659242,3.7,0.06565481865197542,0.0013247185982593038,2025-09-30,-0.05002335505221234,-0.9389506308924778,1.060948085126391,-0.29042675917610816,-0.8053590882114585,美容护理,-0.7310728170528786
2025-09-30,801010.SI,0.08613639361561787,2.59,-0.006641957601388748,0.00317884689527388,2025-10-31,-0.0059374409629449065,-0.2969451829324746,0.09815536029777366,-0.29970024719539673,-0.571809821336895,农林牧渔,-0.310915329931488
2025-09-30,801030.SI,0.14681497588581305,2.14,0.026874151290039006,0.014419589709195406,2025-10-31,0.005457321075226007,0.12139160325493085,-0.2602915706325768,0.24509161225816062,0.1914174621361011,基础化工,0.20321534212315523
2025-09-30,801040.SI,0.10557309588846708,1.12,0.008127451376814587,0.0018735490438556322,2025-10-31,0.05163244023744595,-0.16294258665067088,-1.0727712807413716,-0.059629008426882964,-0.660437321294216,钢铁,0.026770265493689965
2025-09-30,801050.SI,0.39706507211779885,3.18,0.10198901895783696,0.01922668555916388,2025-10-31,0.050026957904195646,1.846692641677514,0.5681191141842337,1.4660557928529416,0.5178110793285391,有色金属,0.966483238986589
2025-09-30,801080.SI,0.46301070598429894,5.37,0.13792820862747446,0.06938687594315193,2025-10-31,-0.03527200256320562,2.3013420995695735,2.3125608447119403,2.050233927337509,3.923602536263724,电子,1.5896492957083188
2025-09-30,801110.SI,0.07225641786615222,2.54,0.003994895781461283,0.006011045559201307,2025-10-31,0.007043516576952902,-0.3926379995763251,0.058327923527734846,-0.12680215953403773,-0.37950835796313553,家用电器,-0.23642846779131282
2025-09-30,801120.SI,0.024323026908294798,4.13,-0.03993776459339193,0.00514156118825057,2025-10-31,-0.004808450861186864,-0.7231055216269193,1.3248404128149738,-0.8409111813745599,-0.43854486519832286,食品饮料,-0.8286854059499281
2025-09-30,801130.SI,0.004966712459051115,1.83,-0.01725741448796103,0.0024659532362046174,2025-10-31,0.02720356281313796,-0.856553899558235,-0.5072216786068184,-0.4722505427836751,-0.6202140860570784,纺织服饰,-0.40657352216197573
2025-09-30,801140.SI,0.05334058992357327,1.94,-5.740604176518449e-05,0.0036762709603567253,2025-10-31,0.012855275476497452,-0.523049528216461,-0.4196013177127328,-0.1926708154837512,-0.538035574900344,轻工制造,-0.22645034259906371
2025-09-30,801150.SI,0.12786075446187795,3.03,-0.03349049234961776,0.019239509802466623,2025-10-31,-0.018261042323997834,-0.00928462183987102,0.4486368038741165,-0.7361131737816381,0.5186818235970075,医药生物,-0.22769436247332558
2025-09-30,801160.SI,-0.012016037731993334,1.64,-0.008710022677224871,0.005585864946171189,2025-10-31,0.04473117034083063,-0.973638196351945,-0.6585659383329666,-0.33331587428938453,-0.4083773971040773,公用事业,-0.3220535074206635
2025-09-30,801170.SI,0.003894207366542446,1.3,-0.0012868858707104636,0.004277838537244317,2025-10-31,0.028047159815383527,-0.8639480791317101,-0.9293925083692314,-0.21265555190830238,-0.4971901614669258,交通运输,-0.21470003841379764
2025-09-30,801180.SI,0.17209345285550404,0.88,0.08117718805772056,0.005149361482998945,2025-10-31,-0.02371126751801056,0.2956691888472229,-1.2639429772375588,1.1277672375962393,-0.43801523847617085,房地产,0.6161638794417609
2025-09-30,801200.SI,0.05869421952264875,1.96,-0.031513490725126436,0.00473766594717944,2025-10-31,0.012388725650233967,-0.4861399611645774,-0.40367034300471716,-0.7039777491522949,-0.4659686638523236,商贸零售,-0.3682815690851827
2025-09-30,801210.SI,0.039924509864970315,2.98,-0.03876950595611006,0.003209300100798365,2025-10-31,0.0026888035227357054,-0.6155441054621408,0.40880936710407767,-0.8219215726049616,-0.5697421005723284,社会服务,-0.629733195921335
2025-09-30,801230.SI,0.24814231403200937,2.27,-0.04773000410744255,0.0008212592206851539,2025-10-31,0.0016694135219832429,0.8199733994519949,-0.15674023503047557,-0.9675711307117241,-0.7318860072449354,综合,-0.19169843911671214
2025-09-30,801710.SI,0.12511875971670405,1.33,0.014037115745389572,0.0024056250452366133,2025-10-31,0.013067467590415882,-0.02818877593383104,-0.905496046307208,0.03643038350706088,-0.6243102674279684,建筑材料,0.06756407249210214
2025-09-30,801720.SI,0.07166982999653038,0.8,0.019512384539590144,0.00485215904614047,2025-10-31,0.02519008012645041,-0.39668211654500146,-1.327666876069621,0.12542883726741022,-0.45819477752265797,建筑装饰,0.11295186609065716
2025-09-30,801730.SI,0.4063995927156645,3.38,0.2215964910183934,0.04320309024642551,2025-10-31,0.009846182745308463,1.9110476941756562,0.7274288612643893,3.4102306766228145,2.1457681031512226,电力设备,1.8914991666401844
2025-09-30,801740.SI,0.07417857077141043,4.05,-0.044821135417859814,0.008958971083270746,2025-10-31,-0.019904872297054177,-0.37938608697616083,1.2611165139829112,-0.9202885542217866,-0.17934923797778143,国防军工,-0.6941573059534893
2025-09-30,801750.SI,0.1824540669214778,4.79,0.016524563467257947,0.028564883793670608,2025-10-31,-0.022765051764530808,0.36709844492291127,1.850562578179488,0.0768629192193668,1.1518588276880146,计算机,-0.02803512329953506
2025-09-30,801760.SI,0.17537729636747246,3.34,0.06577873097498266,0.009628718232976593,2025-10-31,-0.060358331141880384,0.3183090147914425,0.6955669118483581,0.877471056318281,-0.1338745477241535,传媒,0.19874678420738873
2025-09-30,801770.SI,0.48502645096986896,4.35,0.006618909626106451,0.02191492621623423,2025-10-31,-0.004487536914276391,2.453125408575933,1.5000811346031449,-0.08414979239061476,0.7003380393330338,通信,0.48506713447978766
2025-09-30,801780.SI,-0.13915024801415243,0.52,-0.07725788648114795,0.005146606768280503,2025-10-31,0.043573193243662045,-1.8501404967367094,-1.5507005219818393,-1.447535854427348,-0.43820227891167446,银行,-0.7434335868935709
2025-09-30,801790.SI,0.05392040321430258,1.37,-0.035889827027079324,0.011892488510464642,2025-10-31,0.006882723011755187,-0.5190521172757709,-0.8736340968911768,-0.7751134647945368,0.01983159678030849,非银金融,-0.20776456298297194
2025-09-30,801880.SI,0.17978103683394897,2.89,0.0524718779838953,0.019899600952966848,2025-10-31,-0.035843328558589294,0.3486697543641947,0.33711998091800766,0.6611731200639991,0.5635008879578522,汽车,0.3492383262559481
2025-09-30,801890.SI,0.250651080734011,3.12,0.05472082913720944,0.027701454318194926,2025-10-31,-0.016308728696453167,0.8372696077703761,0.5203261900601869,0.697728982935885,1.093233437538383,机械设备,0.5633996046775304
2025-09-30,801950.SI,0.055224039534764735,1.25,0.013830944179825,0.0016051735397786659,2025-10-31,0.10020145691849391,-0.5100644480149618,-0.9692199451392703,0.033079141543555325,-0.6786595607243076,煤炭,-0.06527575961576271
2025-09-30,801960.SI,0.008542090024637128,1.21,-0.04399299385044175,0.0015919638419910663,2025-10-31,0.04727006882778784,-0.8319041482912467,-1.0010818945553015,-0.906827421670094,-0.6795564766955051,石油石化,-0.4481618475687701
2025-09-30,801970.SI,0.053907496012759015,1.66,0.007843076429926654,0.003078793650035504,2025-10-31,0.025834119916280374,-0.5191411034882102,-0.642634963624951,-0.06425141720944627,-0.5786032662034893,环保,-0.14644617737372928
2025-09-30,801980.SI,0.03025047383751489,3.51,-0.03999663977822543,0.0007670932387890858,2025-10-31,-0.038448236348105125,-0.6822398816285317,0.8309801968664905,-0.8418681755627878,-0.7355637851198977,美容护理,-0.7742604320445017
2025-10-31,801010.SI,0.06215080274815987,2.57,-0.0015924969674793177,0.0029277476386612516,2025-11-28,0.015129096190915625,-0.35926862521676767,0.15089951313652805,-0.3593290688720811,-0.5820281774701446,农林牧渔,-0.3601598615509151
2025-10-31,801030.SI,0.10909139662407652,2.11,0.030138125812541272,0.013860000480975866,2025-11-28,0.012289087300148438,0.034199901835840284,-0.2475869789610449,0.3832682137870899,0.2120419891417152,基础化工,0.2244180309867817
2025-10-31,801040.SI,0.0576861791176031,1.17,0.09093897319180977,0.0025397964731183604,2025-11-28,-0.006228236451774061,-0.39669228645980803,-1.0618854628126069,1.8062010178557555,-0.6102072226407359,钢铁,0.5641116143962405
2025-10-31,801050.SI,0.4082633871209971,3.16,0.12522999795557355,0.02451317067344237,2025-11-28,-0.02616462397486885,2.541938997497664,0.6620017530008067,2.608719833376867,0.9858408347861715,有色金属,1.597089551165532
2025-10-31,801080.SI,0.33584669894357244,4.99,-0.0357170139500993,0.06630884923441287,2025-11-28,-0.050432739842687146,1.9349230806023676,2.2472849715628906,-1.1579510738365197,4.021692814910952,电子,0.4975878032729778
2025-10-31,801110.SI,0.08319073051938397,2.47,0.010328721933122953,0.00531228916452071,2025-11-28,0.0007069010250613239,-0.1829063616433577,0.06427201485444727,-0.08033470992282848,-0.408825699074921,家用电器,-0.17018964139906317
2025-10-31,801120.SI,0.01737257037051254,3.97,0.0012793964647819234,0.004567687091176389,2025-11-28,0.008445132570723324,-0.7346116637864568,1.3636844890856634,-0.29211764747423946,-0.46291027806960844,食品饮料,-0.6697339413727096
2025-10-31,801130.SI,0.045294324991187906,1.86,0.022630285788180604,0.002151518452886844,2025-11-28,0.029475877351446522,-0.5005640994892753,-0.4641557246662474,0.20756092813493046,-0.6384100090804689,纺织服饰,-0.10315502390066891
2025-10-31,801140.SI,0.07187254645380792,1.95,0.014512947088121786,0.0030525680257156023,2025-11-28,0.02316932266573657,-0.2777783870157794,-0.3861909762123745,0.0175894389877548,-0.5729617803629387,轻工制造,-0.10485920741040734
2025-10-31,801150.SI,-0.009906100894843228,2.92,-0.022039346791821957,0.01636881856028875,2025-11-28,-0.036175861264697406,-0.9632687325722581,0.4540957571238119,-0.8378502508785548,0.3942713629929915,医药生物,-0.5514236787012512
2025-10-31,801160.SI,0.07549676770946023,1.66,0.05178416738855218,0.006435629077947154,2025-11-28,-0.017565116849999618,-0.24739920172162183,-0.6374107212304096,0.8898542888891026,-0.3272312898454114,公用事业,0.2817560013428731
2025-10-31,801170.SI,0.03658249508823075,1.32,0.027046544276942308,0.004778812959686837,2025-11-28,-0.026928233593473627,-0.5735889719250733,-0.9319442153894852,0.3109153935045765,-0.44757503509615104,交通运输,0.04336428013903901
2025-10-31,801180.SI,0.124244189933995,0.87,0.007641038153822333,0.00487539653971805,2025-11-28,-0.028102059543230085,0.16121464051057136,-1.3217679576588501,-0.1432350407796336,-0.4405596339163959,房地产,0.18494377295659342
2025-10-31,801200.SI,0.0455401657068617,1.97,0.014504069863814362,0.003446297294538571,2025-11-28,0.0016210103581271174,-0.49850339730597043,-0.3688654765559583,0.017381683763599543,-0.5443630394992005,商贸零售,-0.1643485096408419
2025-10-31,801210.SI,0.0031508635785515438,2.93,-0.014880575266092322,0.002031818894912009,2025-11-28,0.012341071098396661,-0.8538217879361204,0.4627585069520202,-0.6703122760004826,-0.6471044519657031,社会服务,-0.6740958652039868
2025-10-31,801230.SI,0.2142635819045653,2.26,-0.008935721812434183,0.0005928212444493628,2025-11-28,0.04066367541360094,0.9157810965392443,-0.11764573153792335,-0.5311838368551525,-0.7516268336320074,综合,-0.03783395309694412
2025-10-31,801710.SI,0.07373958040933881,1.34,0.018721546664916877,0.0024215344895580845,2025-11-28,-0.02014495883487355,-0.2621284124461809,-0.914618715733069,0.11608402673018121,-0.6187972465218223,建筑材料,0.03076306981934851
2025-10-31,801720.SI,0.05818353366684037,0.8,0.03886066605879046,0.005987225084139784,2025-11-28,-0.013393147389636595,-0.3925233285120539,-1.3824072064563069,0.5874033399601698,-0.35980135927280804,建筑装饰,0.2920111538682763
2025-10-31,801730.SI,0.4117024361155637,3.33,0.04465817393865357,0.039990160591319525,2025-11-28,-0.034849339169490845,2.570766019710694,0.8092685000803445,0.723083425019587,2.110020465462985,电力设备,1.1947134845102219
2025-10-31,801740.SI,-0.0006695310953528377,3.32,0.006084087005961081,0.009619936099802355,2025-11-28,-0.015619265119693249,-0.8858453509330944,0.8006057502521361,-0.1796726392361897,-0.09593740706941457,国防军工,-0.4878294965591735
2025-10-31,801750.SI,0.10646494642642157,4.65,-0.03128678085199832,0.024282250054041273,2025-11-28,-0.05261678514434931,0.01218429859528278,1.9527514774038148,-1.0542695582544177,0.969067789251385,计算机,-0.5444828171584708
2025-10-31,801760.SI,0.09581844365032799,3.08,-0.08411902373788016,0.007199528965812331,2025-11-28,0.016877175050497684,-0.07705751578492012,0.5926997543751418,-2.2907117256785177,-0.2717450035345056,传媒,-0.927279898910615
2025-10-31,801770.SI,0.33610037860940034,4.28,-0.0359207068545534,0.01873952603670955,2025-11-28,0.018452174742821015,1.9370494909481837,1.6322297337601148,-1.1627181343002624,0.5664689976381555,通信,-0.056063548325841706
2025-10-31,801780.SI,-0.044136881076779155,0.54,0.03184318451765855,0.0060203849121577314,2025-11-28,0.029880713642758572,-1.250200225038062,-1.6076387019897176,0.4231719991610004,-0.35739277702184563,银行,0.04765275439873967
2025-10-31,801790.SI,0.02657173960819592,1.34,0.03150099628191683,0.012405070050762943,2025-11-28,-0.03805175795835858,-0.6575017835913533,-0.914618715733069,0.4151637083757423,0.10636232130087951,非银金融,0.15858498467065496
2025-10-31,801880.SI,0.13213149915473776,2.72,-0.024911865795587573,0.01648547502664729,2025-11-28,-0.050758247633424514,0.22732816156438881,0.28084076055964996,-0.905076312635096,0.40274476925369646,汽车,-0.20388185070666356
2025-10-31,801890.SI,0.16948746470437248,3.02,-0.022648831089584598,0.02334268430812153,2025-11-28,-0.03395328192296254,0.5404557879488496,0.540723255405893,-0.8521141178842461,0.9008219172278723,机械设备,-0.05538675950207178
2025-10-31,801950.SI,0.1258706220286019,1.37,0.08605098196925143,0.002766691614816479,2025-11-28,-0.030676722380758137,0.1748478263690143,-0.8886304662484447,1.6918065092859698,-0.5937265698813821,煤炭,0.6543742335684591
2025-10-31,801960.SI,0.01968341601670187,1.26,0.05544723482636238,0.002047384814734265,2025-11-28,0.028953058757427597,-0.715241541732706,-0.983920714358734,0.9755816931185565,-0.6459738128627651,石油石化,0.18749623929636405
2025-10-31,801970.SI,0.08832445317644755,1.69,0.03399742498590985,0.00338276992499435,2025-11-28,-0.0202328325965635,-0.13987413462230658,-0.6114224717457853,0.4735880634471738,-0.5489773847440469,环保,0.1300422076275844
2025-10-31,801980.SI,-0.024060360249865687,3.35,-0.03454392934319883,0.0007091359630796615,2025-11-28,-0.035470059542897725,-1.0819134943889306,0.8265939997367606,-1.1304971707898357,-0.7431782504045253,美容护理,-0.97818512858006
2025-11-28,801010.SI,0.0021710433739621227,2.61,0.015129096190915625,0.0056786110858293845,2025-12-31,-0.003349803759001291,-0.083498887398227,0.21886135775425203,0.9126212095236885,-0.5031225017518002,农林牧渔,0.12364946738903022
2025-11-28,801030.SI,0.037228060266452756,2.14,0.012289087300148438,0.02484264497944052,2025-12-31,0.04427253750877713,0.41800310043889505,-0.20182597502667715,0.8080513165608615,0.7846859854479332,基础化工,0.5699122349785134
2025-11-28,801040.SI,0.04513292794455048,1.16,-0.006228236451774061,0.003374243542210744,2025-12-31,0.021027786306416996,0.5310847943637594,-1.0790038178464876,0.12623846414634968,-0.6579742462631171,钢铁,0.281094750371983
2025-11-28,801050.SI,0.18145864613615315,3.08,-0.02616462397486885,0.023920276598357774,2025-12-31,0.1368121200977741,2.481268373191218,0.6395486905351816,-0.6078246988715302,0.7227035324801875,有色金属,0.5076646509615925
2025-11-28,801080.SI,0.009008790248166587,4.75,-0.050432739842687146,0.06368144008298388,2025-12-31,0.05153899838760134,0.014317297597112533,2.1343313410546543,-1.5013832672821088,3.3946234466642338,电子,-0.2468660572398379
2025-11-28,801110.SI,-0.0029727447284167985,2.48,0.0007069010250613239,0.005923856320476889,2025-12-31,0.012243929394988529,-0.1570824431886951,0.10250103166590994,0.38159209560602525,-0.4866422086998433,家用电器,-0.03891741770532545
2025-11-28,801120.SI,-0.014752972216320104,4.0,0.008445132570723324,0.006230978433197358,2025-12-31,-0.052169842306986514,-0.32560241510970855,1.4630217674680648,0.6665158671766335,-0.46600383655106575,食品饮料,-0.2712864242173063
2025-11-28,801130.SI,0.044718750954810815,1.92,0.029475877351446522,0.0037122736391935933,2025-12-31,-0.01023613296444259,0.5251598583000942,-0.3987434499454103,1.4408735594353645,-0.6352588811035621,纺织服饰,0.5628454153666004
2025-11-28,801140.SI,0.027236076639220563,2.0,0.02316932266573657,0.004539487399200076,2025-12-31,0.037567808274633574,0.2750645364743639,-0.3271370954295073,1.2086645157972098,-0.5796707462265989,轻工制造,0.41533891764630937
2025-11-28,801150.SI,-0.05678197083754777,2.82,-0.036175861264697406,0.022916778100526093,2025-12-31,-0.04097494314966865,-0.9268408610387532,0.40682803835849707,-0.9764411546953838,0.6552691974349625,医药生物,-0.524396536066446
2025-11-28,801160.SI,0.028422444487736787,1.63,-0.017565116849999618,0.007646500270583488,2025-12-31,-0.024618112933779357,0.2920359130225031,-0.6583164850655583,-0.291188528293302,-0.37088184677989644,公用事业,0.051218209915192686
2025-11-28,801170.SI,-0.02917109643236826,1.3,-0.026928233593473627,0.005872740812015174,2025-12-31,0.02342322934478691,-0.5318583546097847,-0.9536926974436575,-0.6359410108811437,-0.4900771319519083,交通运输,-0.2507396905223558
2025-11-28,801180.SI,0.02085192589155027,0.84,-0.028102059543230085,0.006206281390175102,2025-12-31,-0.039636851606586254,0.1837371910693899,-1.3654292359100992,-0.6791615987891849,-0.4676634590391788,房地产,0.024033930734802103
2025-11-28,801200.SI,-0.017793294204951682,1.98,0.0016210103581271174,0.005846095633690986,2025-12-31,0.03997029379947459,-0.36909520645700233,-0.34503868405848304,0.4152498476735511,-0.49186766764910717,商贸零售,0.003945514328890398
2025-11-28,801210.SI,-0.03703100847175278,2.95,0.012341071098396661,0.003307766861301031,2025-12-31,-0.0057345629083251914,-0.6442969435537461,0.5231883644468396,0.8099653740260652,-0.662441428608528,社会服务,-0.15930459421469942
2025-11-28,801230.SI,0.07669291208655205,2.34,0.04066367541360094,0.001314040816439433,2025-12-31,0.002074042287985245,0.9825605953955389,-0.0228100887369202,1.8528113000715136,-0.7964183009088782,综合,0.7124162078517119
2025-11-28,801710.SI,-0.012459762565726007,1.32,-0.02014495883487355,0.0032983356915398487,2025-12-31,0.03682043152115089,-0.2927973078803322,-0.9357911088146817,-0.38617900564578617,-0.6630751960361008,建筑材料,-0.14224098824466877
2025-11-28,801720.SI,0.020006433554346836,0.79,-0.013393147389636595,0.0074406844276988515,2025-12-31,0.0002259355142386621,0.17164214918066026,-1.4101832074825384,-0.13757548809028539,-0.3847125147247786,建筑装饰,0.21885141808715955
2025-11-28,801730.SI,0.2178622816786735,3.21,-0.034849339169490845,0.056083852120089275,2025-12-31,0.012655902591308,3.002034177225807,0.7559090166235237,-0.927598253548302,2.8840713199471106,电力设备,0.9518146588955355
2025-11-28,801740.SI,-0.09797243190723792,3.27,-0.015619265119693249,0.01284214812142625,2025-12-31,0.1722358344282282,-1.5160837555419089,0.8096137825104509,-0.2195417430240128,-0.021738266886365022,国防军工,-0.6633408254461152
2025-11-28,801750.SI,-0.10566941480984404,4.4,-0.05261678514434931,0.028580713003764628,2025-12-31,-0.002486481313107136,-1.6261915903825894,1.8210535400475794,-1.5818004040605371,1.0358813107212506,计算机,-1.1287079964367854
2025-11-28,801760.SI,0.007790359731317142,3.12,0.016877175050497684,0.013891192946728116,2025-12-31,-0.019145855520587785,-0.0031127458123224884,0.675351867793133,0.9769859443776335,0.04875674668836506,传媒,0.18102633384863168
2025-11-28,801770.SI,0.004258800908216953,4.36,0.018452174742821015,0.021103715597080748,2025-12-31,0.12058205282797507,-0.05363283927549009,1.785250362789628,1.034977857634724,0.5334327775704104,通信,0.05206764867710062
2025-11-28,801780.SI,-0.006908957210540412,0.56,0.029880713642758572,0.006789015974382818,2025-12-31,-0.01983067885453993,-0.21339123838333493,-1.6160514767157592,1.4557797408165547,-0.4285041386427727,银行,0.653365170260527
2025-11-28,801790.SI,-0.0825411447402159,1.29,-0.03805175795835858,0.009443569867151681,2025-12-31,0.06313692001138627,-1.2953341916848453,-0.9626434917581453,-1.0455121766570368,-0.25012013808136146,非银金融,-0.5449232362076453
2025-11-28,801880.SI,-0.025538773064446185,2.58,-0.050758247633424514,0.016449939677721112,2025-12-31,0.057136723139882495,-0.4798967916774193,0.19200897481078863,-1.5133685518868967,0.22070257892078937,汽车,-0.612273912976863
2025-11-28,801890.SI,0.0009551870701025589,2.92,-0.03395328192296254,0.025222355102943496,2025-12-31,0.08592014379771373,-0.10089210585659729,0.49633598150337577,-0.8946051841735374,0.8102022166567401,机械设备,-0.2562373041973353
2025-11-28,801950.SI,0.08148777058040957,1.33,-0.030676722380758137,0.0031792246444256873,2025-12-31,-0.03556934076332674,1.0511526000558766,-0.9268403145001939,-0.773961378540208,-0.6710793677175129,煤炭,0.10504053424625392
2025-11-28,801960.SI,0.0356004523956408,1.3,0.028953058757427597,0.003039687661174738,2025-12-31,0.0700770268145976,0.3947196423758565,-0.9536926974436575,1.421623237863038,-0.6804561467561226,石油石化,0.6258320111990485
2025-11-28,801970.SI,0.006358892176199893,1.67,-0.0202328325965635,0.004746684325663546,2025-12-31,-0.00038790155466861265,-0.02359035309468711,-0.6225133078076067,-0.3894145412400697,-0.5657472705167009,环保,-0.11370085126697069
2025-11-28,801980.SI,-0.10940163416215176,3.21,-0.035470059542897725,0.0010096397973582809,2025-12-31,-0.017046092742605823,-1.6795821977456316,0.7559090166235237,-0.9504533450298888,-0.816873817636786,美容护理,-1.087181240016533
