trade_date,holdings,sold,bought,turnover,cost
2024-01-02,"['601059.SH', '688047.SH', '601127.SH', '002230.SZ', '600026.SH']",[],"['601059.SH', '688047.SH', '601127.SH', '002230.SZ', '600026.SH']",1.0,0.001
2024-01-03,"['688111.SH', '300502.SZ', '300498.SZ', '000625.SZ', '000807.SZ']","['601059.SH', '600026.SH', '688047.SH', '601127.SH', '002230.SZ']","['000807.SZ', '000625.SZ', '688111.SH', '300502.SZ', '300498.SZ']",1.0,0.002
2024-01-04,"['688047.SH', '000408.SZ', '002241.SZ', '300498.SZ', '002709.SZ']","['688111.SH', '300502.SZ', '000807.SZ', '000625.SZ']","['688047.SH', '002709.SZ', '002241.SZ', '000408.SZ']",0.8,0.0016
2024-01-05,"['600926.SH', '300803.SZ', '601059.SH', '002241.SZ', '603501.SH']","['688047.SH', '002709.SZ', '300498.SZ', '000408.SZ']","['300803.SZ', '600926.SH', '601059.SH', '603501.SH']",0.8,0.0016
2024-01-08,"['605117.SH', '300418.SZ', '603893.SH', '302132.SZ', '300498.SZ']","['601059.SH', '002241.SZ', '600926.SH', '603501.SH', '300803.SZ']","['605117.SH', '302132.SZ', '300418.SZ', '603893.SH', '300498.SZ']",1.0,0.002
2024-01-09,"['002463.SZ', '601059.SH', '002230.SZ', '601825.SH', '300498.SZ']","['603893.SH', '605117.SH', '302132.SZ', '300418.SZ']","['601059.SH', '601825.SH', '002230.SZ', '002463.SZ']",0.8,0.0016
2024-01-10,"['605117.SH', '300803.SZ', '601136.SH', '688472.SH', '601127.SH']","['601059.SH', '002463.SZ', '300498.SZ', '601825.SH', '002230.SZ']","['605117.SH', '601136.SH', '688472.SH', '601127.SH', '300803.SZ']",1.0,0.002
2024-01-11,"['605117.SH', '688472.SH', '600009.SH', '300418.SZ', '002241.SZ']","['300803.SZ', '601136.SH', '601127.SH']","['600009.SH', '002241.SZ', '300418.SZ']",0.6,0.0012
2024-01-12,"['300803.SZ', '601136.SH', '300274.SZ', '603893.SH', '600066.SH']","['605117.SH', '002241.SZ', '600009.SH', '300418.SZ', '688472.SH']","['601136.SH', '600066.SH', '300274.SZ', '603893.SH', '300803.SZ']",1.0,0.002
2024-01-15,"['600183.SH', '603019.SH', '600026.SH', '302132.SZ', '603501.SH']","['601136.SH', '600066.SH', '300274.SZ', '603893.SH', '300803.SZ']","['302132.SZ', '603501.SH', '600026.SH', '603019.SH', '600183.SH']",1.0,0.002
2024-01-16,"['300033.SZ', '301269.SZ', '600460.SH', '302132.SZ', '002371.SZ']","['600026.SH', '603501.SH', '600183.SH', '603019.SH']","['002371.SZ', '301269.SZ', '300033.SZ', '600460.SH']",0.8,0.0016
2024-01-17,"['300502.SZ', '300394.SZ', '000977.SZ', '300803.SZ', '002415.SZ']","['302132.SZ', '300033.SZ', '600460.SH', '002371.SZ', '301269.SZ']","['000977.SZ', '300394.SZ', '300803.SZ', '002415.SZ', '300502.SZ']",1.0,0.002
2024-01-18,"['300394.SZ', '300803.SZ', '601059.SH', '300896.SZ', '300502.SZ']","['002415.SZ', '000977.SZ']","['601059.SH', '300896.SZ']",0.4,0.0008
2024-01-19,"['301269.SZ', '605117.SH', '600415.SH', '600460.SH', '002230.SZ']","['601059.SH', '300896.SZ', '300394.SZ', '300803.SZ', '300502.SZ']","['600415.SH', '605117.SH', '600460.SH', '301269.SZ', '002230.SZ']",1.0,0.002
2024-01-22,"['000977.SZ', '688472.SH', '300308.SZ', '601138.SH', '600036.SH']","['600415.SH', '605117.SH', '600460.SH', '301269.SZ', '002230.SZ']","['600036.SH', '300308.SZ', '000977.SZ', '601138.SH', '688472.SH']",1.0,0.002
2024-01-23,"['000977.SZ', '601136.SH', '301236.SZ', '300033.SZ', '600009.SH']","['601138.SH', '688472.SH', '600036.SH', '300308.SZ']","['301236.SZ', '601136.SH', '600009.SH', '300033.SZ']",0.8,0.0016
2024-01-24,"['601136.SH', '300308.SZ', '688472.SH', '601788.SH', '601390.SH']","['000977.SZ', '301236.SZ', '600009.SH', '300033.SZ']","['688472.SH', '300308.SZ', '601788.SH', '601390.SH']",0.8,0.0016
2024-01-25,"['302132.SZ', '600009.SH', '688047.SH', '601698.SH', '600482.SH']","['601136.SH', '601788.SH', '601390.SH', '300308.SZ', '688472.SH']","['302132.SZ', '600009.SH', '601698.SH', '688047.SH', '600482.SH']",1.0,0.002
2024-01-26,"['601059.SH', '002230.SZ', '603501.SH', '688041.SH', '603893.SH']","['302132.SZ', '600009.SH', '601698.SH', '688047.SH', '600482.SH']","['601059.SH', '688041.SH', '603501.SH', '603893.SH', '002230.SZ']",1.0,0.002
2024-01-29,"['300308.SZ', '002230.SZ', '603893.SH', '600009.SH', '688041.SH']","['601059.SH', '603501.SH']","['300308.SZ', '600009.SH']",0.4,0.0008
2024-01-30,"['601058.SH', '605117.SH', '300502.SZ', '600176.SH', '603893.SH']","['688041.SH', '300308.SZ', '600009.SH', '002230.SZ']","['300502.SZ', '605117.SH', '600176.SH', '601058.SH']",0.8,0.0016
2024-01-31,"['302132.SZ', '603501.SH', '300308.SZ', '600460.SH', '002466.SZ']","['605117.SH', '603893.SH', '600176.SH', '601058.SH', '300502.SZ']","['302132.SZ', '600460.SH', '300308.SZ', '603501.SH', '002466.SZ']",1.0,0.002
2024-02-01,"['300308.SZ', '300394.SZ', '605117.SH', '600438.SH', '300476.SZ']","['302132.SZ', '002466.SZ', '603501.SH', '600460.SH']","['300476.SZ', '605117.SH', '600438.SH', '300394.SZ']",0.8,0.0016
2024-02-02,"['603986.SH', '601127.SH', '601059.SH', '688047.SH', '300418.SZ']","['300476.SZ', '605117.SH', '600438.SH', '300308.SZ', '300394.SZ']","['601059.SH', '603986.SH', '300418.SZ', '688047.SH', '601127.SH']",1.0,0.002
2024-02-05,"['302132.SZ', '300418.SZ', '600009.SH', '600588.SH', '002241.SZ']","['688047.SH', '601059.SH', '601127.SH', '603986.SH']","['600588.SH', '600009.SH', '002241.SZ', '302132.SZ']",0.8,0.0016
2024-02-06,"['300418.SZ', '300502.SZ', '300866.SZ', '300033.SZ', '000983.SZ']","['600588.SH', '600009.SH', '002241.SZ', '302132.SZ']","['300502.SZ', '300866.SZ', '300033.SZ', '000983.SZ']",0.8,0.0016
2024-02-07,"['688082.SH', '302132.SZ', '601127.SH', '603893.SH', '600588.SH']","['300033.SZ', '300866.SZ', '300418.SZ', '000983.SZ', '300502.SZ']","['688082.SH', '302132.SZ', '600588.SH', '603893.SH', '601127.SH']",1.0,0.002
2024-02-08,"['603893.SH', '688472.SH', '002463.SZ', '688047.SH', '002625.SZ']","['600588.SH', '688082.SH', '302132.SZ', '601127.SH']","['002625.SZ', '688472.SH', '688047.SH', '002463.SZ']",0.8,0.0016
2024-02-19,"['300502.SZ', '300394.SZ', '301236.SZ', '688041.SH', '002463.SZ']","['002625.SZ', '688472.SH', '603893.SH', '688047.SH']","['688041.SH', '300502.SZ', '300394.SZ', '301236.SZ']",0.8,0.0016
2024-02-20,"['601136.SH', '601881.SH', '001965.SZ', '601138.SH', '600160.SH']","['688041.SH', '301236.SZ', '002463.SZ', '300394.SZ', '300502.SZ']","['601136.SH', '001965.SZ', '601138.SH', '601881.SH', '600160.SH']",1.0,0.002
2024-02-21,"['601336.SH', '300308.SZ', '000568.SZ', '302132.SZ', '603296.SH']","['601136.SH', '001965.SZ', '601138.SH', '601881.SH', '600160.SH']","['302132.SZ', '300308.SZ', '000568.SZ', '603296.SH', '601336.SH']",1.0,0.002
2024-02-22,"['002916.SZ', '300442.SZ', '601857.SH', '600460.SH', '603392.SH']","['302132.SZ', '300308.SZ', '000568.SZ', '603296.SH', '601336.SH']","['300442.SZ', '601857.SH', '600460.SH', '603392.SH', '002916.SZ']",1.0,0.002
2024-02-23,"['300442.SZ', '601689.SH', '600460.SH', '301236.SZ', '300803.SZ']","['002916.SZ', '601857.SH', '603392.SH']","['300803.SZ', '601689.SH', '301236.SZ']",0.6,0.0012
2024-02-26,"['688187.SH', '002241.SZ', '601100.SH', '300832.SZ', '600009.SH']","['300442.SZ', '600460.SH', '301236.SZ', '300803.SZ', '601689.SH']","['002241.SZ', '600009.SH', '688187.SH', '601100.SH', '300832.SZ']",1.0,0.002
2024-02-27,"['601360.SH', '688047.SH', '601698.SH', '601138.SH', '601127.SH']","['002241.SZ', '600009.SH', '688187.SH', '601100.SH', '300832.SZ']","['601698.SH', '601360.SH', '688047.SH', '601138.SH', '601127.SH']",1.0,0.002
2024-02-28,"['603296.SH', '603019.SH', '000977.SZ', '601136.SH', '002241.SZ']","['601698.SH', '601360.SH', '688047.SH', '601138.SH', '601127.SH']","['601136.SH', '002241.SZ', '000977.SZ', '603296.SH', '603019.SH']",1.0,0.002
2024-02-29,"['000977.SZ', '301236.SZ', '688082.SH', '603893.SH', '603501.SH']","['601136.SH', '603296.SH', '002241.SZ', '603019.SH']","['603893.SH', '688082.SH', '603501.SH', '301236.SZ']",0.8,0.0016
2024-03-01,"['603296.SH', '002241.SZ', '688187.SH', '300502.SZ', '600009.SH']","['688082.SH', '603501.SH', '000977.SZ', '301236.SZ', '603893.SH']","['002241.SZ', '600009.SH', '603296.SH', '688187.SH', '300502.SZ']",1.0,0.002
2024-03-04,"['000977.SZ', '603296.SH', '603259.SH', '002241.SZ', '300476.SZ']","['300502.SZ', '688187.SH', '600009.SH']","['300476.SZ', '603259.SH', '000977.SZ']",0.6,0.0012
2024-03-05,"['601059.SH', '603019.SH', '302132.SZ', '002236.SZ', '688187.SH']","['300476.SZ', '002241.SZ', '000977.SZ', '603259.SH', '603296.SH']","['601059.SH', '302132.SZ', '603019.SH', '688187.SH', '002236.SZ']",1.0,0.002
2024-03-06,"['605117.SH', '603019.SH', '603501.SH', '300498.SZ', '301269.SZ']","['601059.SH', '688187.SH', '302132.SZ', '002236.SZ']","['605117.SH', '300498.SZ', '603501.SH', '301269.SZ']",0.8,0.0016
2024-03-07,"['688047.SH', '300418.SZ', '300803.SZ', '300498.SZ', '600522.SH']","['605117.SH', '603501.SH', '301269.SZ', '603019.SH']","['300803.SZ', '688047.SH', '600522.SH', '300418.SZ']",0.8,0.0016
2024-03-08,"['603392.SH', '300502.SZ', '300476.SZ', '002230.SZ', '600938.SH']","['600522.SH', '300418.SZ', '688047.SH', '300803.SZ', '300498.SZ']","['300476.SZ', '603392.SH', '300502.SZ', '600938.SH', '002230.SZ']",1.0,0.002
2024-03-11,"['605117.SH', '002709.SZ', '000977.SZ', '002241.SZ', '300014.SZ']","['300476.SZ', '603392.SH', '300502.SZ', '600938.SH', '002230.SZ']","['605117.SH', '002241.SZ', '002709.SZ', '000977.SZ', '300014.SZ']",1.0,0.002
2024-03-12,"['300308.SZ', '002920.SZ', '000786.SZ', '688047.SH', '000977.SZ']","['605117.SH', '002709.SZ', '002241.SZ', '300014.SZ']","['002920.SZ', '000786.SZ', '300308.SZ', '688047.SH']",0.8,0.0016
2024-03-13,"['600233.SH', '000977.SZ', '002252.SZ', '301236.SZ', '688111.SH']","['002920.SZ', '000786.SZ', '300308.SZ', '688047.SH']","['688111.SH', '002252.SZ', '301236.SZ', '600233.SH']",0.8,0.0016
2024-03-14,"['300347.SZ', '002422.SZ', '601136.SH', '600362.SH', '300442.SZ']","['002252.SZ', '688111.SH', '000977.SZ', '301236.SZ', '600233.SH']","['300442.SZ', '601136.SH', '002422.SZ', '300347.SZ', '600362.SH']",1.0,0.002
2024-03-15,"['000630.SZ', '002916.SZ', '300979.SZ', '601136.SH', '600160.SH']","['300442.SZ', '600362.SH', '300347.SZ', '002422.SZ']","['002916.SZ', '600160.SH', '300979.SZ', '000630.SZ']",0.8,0.0016
2024-03-18,"['601136.SH', '603501.SH', '002938.SZ', '605117.SH', '601881.SH']","['002916.SZ', '600160.SH', '300979.SZ', '000630.SZ']","['605117.SH', '002938.SZ', '603501.SH', '601881.SH']",0.8,0.0016
2024-03-19,"['000858.SZ', '000630.SZ', '000596.SZ', '603369.SH', '600010.SH']","['605117.SH', '601136.SH', '002938.SZ', '603501.SH', '601881.SH']","['000858.SZ', '000596.SZ', '600010.SH', '603369.SH', '000630.SZ']",1.0,0.002
2024-03-20,"['002625.SZ', '300251.SZ', '300442.SZ', '600026.SH', '600233.SH']","['000858.SZ', '000596.SZ', '600010.SH', '603369.SH', '000630.SZ']","['300442.SZ', '002625.SZ', '300251.SZ', '600233.SH', '600026.SH']",1.0,0.002
2024-03-21,"['688008.SH', '300394.SZ', '301236.SZ', '002230.SZ', '688126.SH']","['300442.SZ', '002625.SZ', '300251.SZ', '600233.SH', '600026.SH']","['301236.SZ', '688126.SH', '300394.SZ', '688008.SH', '002230.SZ']",1.0,0.002
2024-03-22,"['300442.SZ', '603019.SH', '002625.SZ', '002230.SZ', '300251.SZ']","['688008.SH', '300394.SZ', '301236.SZ', '688126.SH']","['300442.SZ', '002625.SZ', '300251.SZ', '603019.SH']",0.8,0.0016
2024-03-25,"['002475.SZ', '603259.SH', '301269.SZ', '300418.SZ', '688126.SH']","['300442.SZ', '002625.SZ', '300251.SZ', '603019.SH', '002230.SZ']","['002475.SZ', '300418.SZ', '688126.SH', '603259.SH', '301269.SZ']",1.0,0.002
2024-03-26,"['600160.SH', '002625.SZ', '002709.SZ', '600588.SH', '300418.SZ']","['002475.SZ', '301269.SZ', '603259.SH', '688126.SH']","['600588.SH', '002625.SZ', '002709.SZ', '600160.SH']",0.8,0.0016
2024-03-27,"['301236.SZ', '603893.SH', '603019.SH', '300498.SZ', '300803.SZ']","['002625.SZ', '002709.SZ', '300418.SZ', '600588.SH', '600160.SH']","['301236.SZ', '603893.SH', '603019.SH', '300803.SZ', '300498.SZ']",1.0,0.002
2024-03-28,"['300418.SZ', '601360.SH', '002625.SZ', '000807.SZ', '603296.SH']","['301236.SZ', '603893.SH', '603019.SH', '300803.SZ', '300498.SZ']","['002625.SZ', '000807.SZ', '300418.SZ', '601360.SH', '603296.SH']",1.0,0.002
2024-03-29,"['002625.SZ', '603296.SH', '601808.SH', '600547.SH', '000975.SZ']","['300418.SZ', '000807.SZ', '601360.SH']","['600547.SH', '000975.SZ', '601808.SH']",0.6,0.0012
2024-04-01,"['605117.SH', '300394.SZ', '002916.SZ', '688047.SH', '603501.SH']","['002625.SZ', '601808.SH', '600547.SH', '603296.SH', '000975.SZ']","['605117.SH', '002916.SZ', '603501.SH', '688047.SH', '300394.SZ']",1.0,0.002
2024-04-02,"['002625.SZ', '688047.SH', '002074.SZ', '601136.SH', '000002.SZ']","['605117.SH', '002916.SZ', '300394.SZ', '603501.SH']","['002074.SZ', '002625.SZ', '601136.SH', '000002.SZ']",0.8,0.0016
2024-04-03,"['601136.SH', '302132.SZ', '603296.SH', '002625.SZ', '000408.SZ']","['002074.SZ', '688047.SH', '000002.SZ']","['603296.SH', '302132.SZ', '000408.SZ']",0.6,0.0012
2024-04-08,"['002920.SZ', '002460.SZ', '601901.SH', '301269.SZ', '300442.SZ']","['002625.SZ', '601136.SH', '302132.SZ', '000408.SZ', '603296.SH']","['300442.SZ', '002920.SZ', '601901.SH', '002460.SZ', '301269.SZ']",1.0,0.002
2024-04-09,"['300347.SZ', '002074.SZ', '603260.SH', '601901.SH', '603893.SH']","['300442.SZ', '002920.SZ', '301269.SZ', '002460.SZ']","['300347.SZ', '603893.SH', '002074.SZ', '603260.SH']",0.8,0.0016
2024-04-10,"['302132.SZ', '300628.SZ', '301269.SZ', '688126.SH', '000002.SZ']","['601901.SH', '300347.SZ', '002074.SZ', '603893.SH', '603260.SH']","['302132.SZ', '688126.SH', '000002.SZ', '300628.SZ', '301269.SZ']",1.0,0.002
2024-04-11,"['603392.SH', '688008.SH', '300418.SZ', '688169.SH', '600588.SH']","['302132.SZ', '688126.SH', '000002.SZ', '300628.SZ', '301269.SZ']","['603392.SH', '300418.SZ', '600588.SH', '688169.SH', '688008.SH']",1.0,0.002
2024-04-12,"['002916.SZ', '000975.SZ', '603501.SH', '300394.SZ', '603893.SH']","['603392.SH', '300418.SZ', '600588.SH', '688169.SH', '688008.SH']","['002916.SZ', '603501.SH', '603893.SH', '300394.SZ', '000975.SZ']",1.0,0.002
2024-04-15,"['601136.SH', '301236.SZ', '002371.SZ', '300498.SZ', '601766.SH']","['002916.SZ', '603501.SH', '603893.SH', '300394.SZ', '000975.SZ']","['601136.SH', '601766.SH', '301236.SZ', '002371.SZ', '300498.SZ']",1.0,0.002
2024-04-16,"['300442.SZ', '603019.SH', '302132.SZ', '300502.SZ', '002230.SZ']","['601136.SH', '601766.SH', '301236.SZ', '002371.SZ', '300498.SZ']","['300442.SZ', '302132.SZ', '603019.SH', '300502.SZ', '002230.SZ']",1.0,0.002
2024-04-17,"['300442.SZ', '688169.SH', '600588.SH', '603986.SH', '300502.SZ']","['302132.SZ', '002230.SZ', '603019.SH']","['600588.SH', '603986.SH', '688169.SH']",0.6,0.0012
2024-04-18,"['603019.SH', '300442.SZ', '300502.SZ', '002311.SZ', '603799.SH']","['600588.SH', '603986.SH', '688169.SH']","['603799.SH', '603019.SH', '002311.SZ']",0.6,0.0012
2024-04-19,"['600026.SH', '000977.SZ', '301269.SZ', '605117.SH', '601360.SH']","['300442.SZ', '002311.SZ', '603019.SH', '603799.SH', '300502.SZ']","['605117.SH', '000977.SZ', '601360.SH', '600026.SH', '301269.SZ']",1.0,0.002
2024-04-22,"['600150.SH', '300502.SZ', '002230.SZ', '000983.SZ', '688126.SH']","['605117.SH', '000977.SZ', '601360.SH', '600026.SH', '301269.SZ']","['600150.SH', '688126.SH', '000983.SZ', '300502.SZ', '002230.SZ']",1.0,0.002
2024-04-23,"['300502.SZ', '300803.SZ', '688047.SH', '300347.SZ', '600588.SH']","['002230.SZ', '600150.SH', '688126.SH', '000983.SZ']","['300347.SZ', '688047.SH', '300803.SZ', '600588.SH']",0.8,0.0016
2024-04-24,"['603893.SH', '300803.SZ', '300308.SZ', '300476.SZ', '603986.SH']","['300347.SZ', '688047.SH', '300502.SZ', '600588.SH']","['300476.SZ', '603893.SH', '603986.SH', '300308.SZ']",0.8,0.0016
2024-04-25,"['601633.SH', '300014.SZ', '002466.SZ', '601838.SH', '300394.SZ']","['300476.SZ', '603986.SH', '300308.SZ', '603893.SH', '300803.SZ']","['601633.SH', '002466.SZ', '300394.SZ', '601838.SH', '300014.SZ']",1.0,0.002
2024-04-26,"['300803.SZ', '301269.SZ', '603986.SH', '601878.SH', '302132.SZ']","['601633.SH', '002466.SZ', '300394.SZ', '601838.SH', '300014.SZ']","['601878.SH', '302132.SZ', '603986.SH', '300803.SZ', '301269.SZ']",1.0,0.002
2024-04-29,"['688047.SH', '600460.SH', '600588.SH', '301269.SZ', '601111.SH']","['300803.SZ', '601878.SH', '603986.SH', '302132.SZ']","['600588.SH', '688047.SH', '601111.SH', '600460.SH']",0.8,0.0016
2024-04-30,"['000977.SZ', '300442.SZ', '688047.SH', '301269.SZ', '600886.SH']","['600588.SH', '601111.SH', '600460.SH']","['300442.SZ', '000977.SZ', '600886.SH']",0.6,0.0012
2024-05-06,"['601059.SH', '601136.SH', '002938.SZ', '000977.SZ', '301236.SZ']","['300442.SZ', '688047.SH', '600886.SH', '301269.SZ']","['601059.SH', '002938.SZ', '301236.SZ', '601136.SH']",0.8,0.0016
2024-05-07,"['000977.SZ', '601698.SH', '300803.SZ', '000768.SZ', '601360.SH']","['601059.SH', '002938.SZ', '301236.SZ', '601136.SH']","['300803.SZ', '601698.SH', '000768.SZ', '601360.SH']",0.8,0.0016
2024-05-08,"['600188.SH', '688047.SH', '302132.SZ', '601111.SH', '000625.SZ']","['000768.SZ', '000977.SZ', '601698.SH', '601360.SH', '300803.SZ']","['302132.SZ', '000625.SZ', '601111.SH', '600188.SH', '688047.SH']",1.0,0.002
2024-05-09,"['688396.SH', '603392.SH', '600010.SH', '601111.SH', '300014.SZ']","['688047.SH', '302132.SZ', '000625.SZ', '600188.SH']","['600010.SH', '300014.SZ', '688396.SH', '603392.SH']",0.8,0.0016
2024-05-10,"['600489.SH', '002230.SZ', '688506.SH', '300442.SZ', '688047.SH']","['688396.SH', '603392.SH', '601111.SH', '600010.SH', '300014.SZ']","['300442.SZ', '688506.SH', '688047.SH', '600489.SH', '002230.SZ']",1.0,0.002
2024-05-13,"['688047.SH', '688187.SH', '300498.SZ', '601111.SH', '301269.SZ']","['300442.SZ', '688506.SH', '600489.SH', '002230.SZ']","['300498.SZ', '688187.SH', '601111.SH', '301269.SZ']",0.8,0.0016
2024-05-14,"['000977.SZ', '300442.SZ', '300628.SZ', '688047.SH', '301236.SZ']","['300498.SZ', '688187.SH', '601111.SH', '301269.SZ']","['300442.SZ', '300628.SZ', '000977.SZ', '301236.SZ']",0.8,0.0016
2024-05-15,"['601456.SH', '601872.SH', '300476.SZ', '601136.SH', '301269.SZ']","['300442.SZ', '000977.SZ', '301236.SZ', '688047.SH', '300628.SZ']","['300476.SZ', '601136.SH', '601456.SH', '601872.SH', '301269.SZ']",1.0,0.002
2024-05-16,"['601456.SH', '603260.SH', '000876.SZ', '603986.SH', '002230.SZ']","['300476.SZ', '601136.SH', '601872.SH', '301269.SZ']","['000876.SZ', '603986.SH', '002230.SZ', '603260.SH']",0.8,0.0016
2024-05-17,"['300803.SZ', '301236.SZ', '600588.SH', '002074.SZ', '601127.SH']","['601456.SH', '000876.SZ', '603986.SH', '002230.SZ', '603260.SH']","['301236.SZ', '002074.SZ', '600588.SH', '601127.SH', '300803.SZ']",1.0,0.002
2024-05-20,"['300803.SZ', '000876.SZ', '600362.SH', '000975.SZ', '601898.SH']","['002074.SZ', '601127.SH', '301236.SZ', '600588.SH']","['000876.SZ', '000975.SZ', '600362.SH', '601898.SH']",0.8,0.0016
2024-05-21,"['603296.SH', '300413.SZ', '688041.SH', '688126.SH', '000301.SZ']","['600362.SH', '000876.SZ', '601898.SH', '300803.SZ', '000975.SZ']","['688041.SH', '000301.SZ', '688126.SH', '603296.SH', '300413.SZ']",1.0,0.002
2024-05-22,"['688472.SH', '603260.SH', '300316.SZ', '300803.SZ', '605117.SH']","['688041.SH', '000301.SZ', '688126.SH', '603296.SH', '300413.SZ']","['605117.SH', '300316.SZ', '688472.SH', '300803.SZ', '603260.SH']",1.0,0.002
2024-05-23,"['603296.SH', '000002.SZ', '601456.SH', '600588.SH', '000876.SZ']","['605117.SH', '300316.SZ', '688472.SH', '300803.SZ', '603260.SH']","['601456.SH', '000876.SZ', '600588.SH', '603296.SH', '000002.SZ']",1.0,0.002
2024-05-24,"['601136.SH', '600588.SH', '601236.SH', '300502.SZ', '302132.SZ']","['000876.SZ', '603296.SH', '000002.SZ', '601456.SH']","['300502.SZ', '601136.SH', '302132.SZ', '601236.SH']",0.8,0.0016
2024-05-27,"['603392.SH', '600023.SH', '601600.SH', '688126.SH', '301269.SZ']","['601136.SH', '302132.SZ', '600588.SH', '300502.SZ', '601236.SH']","['603392.SH', '688126.SH', '601600.SH', '600023.SH', '301269.SZ']",1.0,0.002
2024-05-28,"['600460.SH', '688047.SH', '601236.SH', '300394.SZ', '603986.SH']","['603392.SH', '688126.SH', '601600.SH', '600023.SH', '301269.SZ']","['600460.SH', '603986.SH', '688047.SH', '300394.SZ', '601236.SH']",1.0,0.002
2024-05-29,"['603296.SH', '601698.SH', '688472.SH', '000301.SZ', '688223.SH']","['600460.SH', '603986.SH', '688047.SH', '300394.SZ', '601236.SH']","['000301.SZ', '601698.SH', '603296.SH', '688472.SH', '688223.SH']",1.0,0.002
2024-05-30,"['688303.SH', '600150.SH', '603986.SH', '600588.SH', '301269.SZ']","['000301.SZ', '601698.SH', '603296.SH', '688472.SH', '688223.SH']","['600150.SH', '603986.SH', '600588.SH', '688303.SH', '301269.SZ']",1.0,0.002
2024-05-31,"['600460.SH', '688187.SH', '000975.SZ', '300498.SZ', '688041.SH']","['600150.SH', '603986.SH', '600588.SH', '688303.SH', '301269.SZ']","['600460.SH', '688041.SH', '688187.SH', '000975.SZ', '300498.SZ']",1.0,0.002
2024-06-03,"['300308.SZ', '603392.SH', '600161.SH', '605499.SH', '301236.SZ']","['600460.SH', '688041.SH', '688187.SH', '000975.SZ', '300498.SZ']","['605499.SH', '603392.SH', '300308.SZ', '301236.SZ', '600161.SH']",1.0,0.002
2024-06-04,"['605117.SH', '601136.SH', '300014.SZ', '603986.SH', '300476.SZ']","['605499.SH', '603392.SH', '300308.SZ', '301236.SZ', '600161.SH']","['300476.SZ', '605117.SH', '601136.SH', '603986.SH', '300014.SZ']",1.0,0.002
2024-06-05,"['000768.SZ', '688506.SH', '603501.SH', '600588.SH', '002230.SZ']","['300476.SZ', '605117.SH', '601136.SH', '603986.SH', '300014.SZ']","['688506.SH', '000768.SZ', '603501.SH', '600588.SH', '002230.SZ']",1.0,0.002
2024-06-06,"['601138.SH', '600588.SH', '302132.SZ', '603986.SH', '601111.SH']","['688506.SH', '603501.SH', '000768.SZ', '002230.SZ']","['601138.SH', '603986.SH', '302132.SZ', '601111.SH']",0.8,0.0016
2024-06-07,"['300308.SZ', '002230.SZ', '688126.SH', '688047.SH', '000301.SZ']","['302132.SZ', '603986.SH', '601111.SH', '600588.SH', '601138.SH']","['000301.SZ', '300308.SZ', '688126.SH', '688047.SH', '002230.SZ']",1.0,0.002
2024-06-11,"['600460.SH', '688047.SH', '302132.SZ', '603893.SH', '300498.SZ']","['000301.SZ', '300308.SZ', '002230.SZ', '688126.SH']","['603893.SH', '300498.SZ', '302132.SZ', '600460.SH']",0.8,0.0016
2024-06-12,"['300759.SZ', '002600.SZ', '601225.SH', '002384.SZ', '000983.SZ']","['302132.SZ', '600460.SH', '603893.SH', '688047.SH', '300498.SZ']","['300759.SZ', '601225.SH', '002384.SZ', '000983.SZ', '002600.SZ']",1.0,0.002
2024-06-13,"['002463.SZ', '601689.SH', '300803.SZ', '605117.SH', '300502.SZ']","['300759.SZ', '601225.SH', '002384.SZ', '000983.SZ', '002600.SZ']","['605117.SH', '002463.SZ', '300803.SZ', '300502.SZ', '601689.SH']",1.0,0.002
2024-06-14,"['300394.SZ', '300502.SZ', '601136.SH', '603986.SH', '300498.SZ']","['300803.SZ', '605117.SH', '601689.SH', '002463.SZ']","['601136.SH', '300498.SZ', '300394.SZ', '603986.SH']",0.8,0.0016
2024-06-17,"['002600.SZ', '002384.SZ', '002074.SZ', '002938.SZ', '688082.SH']","['601136.SH', '603986.SH', '300394.SZ', '300502.SZ', '300498.SZ']","['688082.SH', '002938.SZ', '002384.SZ', '002074.SZ', '002600.SZ']",1.0,0.002
2024-06-18,"['002384.SZ', '601059.SH', '601766.SH', '605117.SH', '601669.SH']","['688082.SH', '002938.SZ', '002074.SZ', '002600.SZ']","['605117.SH', '601059.SH', '601766.SH', '601669.SH']",0.8,0.0016
2024-06-19,"['000977.SZ', '300498.SZ', '000301.SZ', '002463.SZ', '002230.SZ']","['605117.SH', '601059.SH', '002384.SZ', '601669.SH', '601766.SH']","['000301.SZ', '000977.SZ', '002463.SZ', '300498.SZ', '002230.SZ']",1.0,0.002
2024-06-20,"['600066.SH', '601236.SH', '601298.SH', '000301.SZ', '301236.SZ']","['300498.SZ', '000977.SZ', '002230.SZ', '002463.SZ']","['601236.SH', '601298.SH', '301236.SZ', '600066.SH']",0.8,0.0016
2024-06-21,"['302132.SZ', '601127.SH', '000792.SZ', '301269.SZ', '688047.SH']","['600066.SH', '000301.SZ', '601298.SH', '301236.SZ', '601236.SH']","['302132.SZ', '000792.SZ', '688047.SH', '601127.SH', '301269.SZ']",1.0,0.002
2024-06-24,"['000301.SZ', '601236.SH', '002230.SZ', '603392.SH', '600010.SH']","['302132.SZ', '000792.SZ', '688047.SH', '601127.SH', '301269.SZ']","['603392.SH', '000301.SZ', '600010.SH', '601236.SH', '002230.SZ']",1.0,0.002
2024-06-25,"['600160.SH', '601236.SH', '000301.SZ', '601698.SH', '301269.SZ']","['600010.SH', '002230.SZ', '603392.SH']","['600160.SH', '601698.SH', '301269.SZ']",0.6,0.0012
2024-06-26,"['300476.SZ', '601236.SH', '601360.SH', '002938.SZ', '603392.SH']","['000301.SZ', '600160.SH', '601698.SH', '301269.SZ']","['300476.SZ', '002938.SZ', '601360.SH', '603392.SH']",0.8,0.0016
2024-06-27,"['302132.SZ', '601127.SH', '000301.SZ', '600588.SH', '600010.SH']","['300476.SZ', '002938.SZ', '603392.SH', '601360.SH', '601236.SH']","['302132.SZ', '000301.SZ', '600588.SH', '600010.SH', '601127.SH']",1.0,0.002
2024-06-28,"['002600.SZ', '688187.SH', '601698.SH', '600150.SH', '600460.SH']","['302132.SZ', '000301.SZ', '600588.SH', '600010.SH', '601127.SH']","['600150.SH', '600460.SH', '601698.SH', '688187.SH', '002600.SZ']",1.0,0.002
2024-07-01,"['300394.SZ', '000408.SZ', '601236.SH', '603986.SH', '300308.SZ']","['600150.SH', '600460.SH', '601698.SH', '688187.SH', '002600.SZ']","['000408.SZ', '603986.SH', '300308.SZ', '300394.SZ', '601236.SH']",1.0,0.002
2024-07-02,"['300502.SZ', '600588.SH', '600519.SH', '601127.SH', '603392.SH']","['000408.SZ', '603986.SH', '300308.SZ', '300394.SZ', '601236.SH']","['603392.SH', '600588.SH', '601127.SH', '300502.SZ', '600519.SH']",1.0,0.002
2024-07-03,"['688047.SH', '300502.SZ', '302132.SZ', '688012.SH', '688082.SH']","['600588.SH', '600519.SH', '601127.SH', '603392.SH']","['688047.SH', '688082.SH', '688012.SH', '302132.SZ']",0.8,0.0016
2024-07-04,"['002384.SZ', '000876.SZ', '300033.SZ', '000301.SZ', '600570.SH']","['688082.SH', '302132.SZ', '688047.SH', '688012.SH', '300502.SZ']","['002384.SZ', '300033.SZ', '000876.SZ', '000301.SZ', '600570.SH']",1.0,0.002
2024-07-05,"['302132.SZ', '603392.SH', '002422.SZ', '605117.SH', '600547.SH']","['002384.SZ', '300033.SZ', '000876.SZ', '000301.SZ', '600570.SH']","['605117.SH', '002422.SZ', '302132.SZ', '603392.SH', '600547.SH']",1.0,0.002
2024-07-08,"['601698.SH', '601236.SH', '302132.SZ', '000301.SZ', '002600.SZ']","['605117.SH', '600547.SH', '002422.SZ', '603392.SH']","['000301.SZ', '601236.SH', '002600.SZ', '601698.SH']",0.8,0.0016
2024-07-09,"['601236.SH', '603893.SH', '600482.SH', '600460.SH', '002920.SZ']","['000301.SZ', '302132.SZ', '601698.SH', '002600.SZ']","['600482.SH', '002920.SZ', '603893.SH', '600460.SH']",0.8,0.0016
2024-07-10,"['603501.SH', '600183.SH', '603986.SH', '688126.SH', '002920.SZ']","['603893.SH', '601236.SH', '600482.SH', '600460.SH']","['603986.SH', '603501.SH', '688126.SH', '600183.SH']",0.8,0.0016
2024-07-11,"['301236.SZ', '688126.SH', '605499.SH', '601111.SH', '603392.SH']","['002920.SZ', '603986.SH', '603501.SH', '600183.SH']","['605499.SH', '601111.SH', '301236.SZ', '603392.SH']",0.8,0.0016
2024-07-12,"['601919.SH', '688506.SH', '002027.SZ', '603501.SH', '302132.SZ']","['605499.SH', '603392.SH', '601111.SH', '301236.SZ', '688126.SH']","['002027.SZ', '688506.SH', '601919.SH', '302132.SZ', '603501.SH']",1.0,0.002
2024-07-15,"['300498.SZ', '302132.SZ', '603893.SH', '002230.SZ', '605117.SH']","['002027.SZ', '688506.SH', '601919.SH', '603501.SH']","['605117.SH', '300498.SZ', '603893.SH', '002230.SZ']",0.8,0.0016
2024-07-16,"['301236.SZ', '300476.SZ', '002230.SZ', '600588.SH', '688126.SH']","['603893.SH', '605117.SH', '300498.SZ', '302132.SZ']","['300476.SZ', '301236.SZ', '688126.SH', '600588.SH']",0.8,0.0016
2024-07-17,"['603392.SH', '301269.SZ', '600460.SH', '688047.SH', '000876.SZ']","['300476.SZ', '301236.SZ', '688126.SH', '600588.SH', '002230.SZ']","['603392.SH', '000876.SZ', '600460.SH', '688047.SH', '301269.SZ']",1.0,0.002
2024-07-18,"['300394.SZ', '000301.SZ', '688187.SH', '600482.SH', '002179.SZ']","['603392.SH', '000876.SZ', '600460.SH', '688047.SH', '301269.SZ']","['000301.SZ', '688187.SH', '600482.SH', '300394.SZ', '002179.SZ']",1.0,0.002
2024-07-19,"['600460.SH', '300661.SZ', '688047.SH', '600588.SH', '002230.SZ']","['000301.SZ', '688187.SH', '600482.SH', '300394.SZ', '002179.SZ']","['600460.SH', '600588.SH', '300661.SZ', '688047.SH', '002230.SZ']",1.0,0.002
2024-07-22,"['600460.SH', '600588.SH', '688047.SH', '300803.SZ', '300759.SZ']","['300661.SZ', '002230.SZ']","['300803.SZ', '300759.SZ']",0.4,0.0008
2024-07-23,"['000301.SZ', '600026.SH', '601398.SH', '600460.SH', '601872.SH']","['600588.SH', '300759.SZ', '300803.SZ', '688047.SH']","['600026.SH', '000301.SZ', '601398.SH', '601872.SH']",0.8,0.0016
2024-07-24,"['000301.SZ', '300661.SZ', '688047.SH', '300476.SZ', '600588.SH']","['600026.SH', '601398.SH', '601872.SH', '600460.SH']","['300476.SZ', '300661.SZ', '688047.SH', '600588.SH']",0.8,0.0016
2024-07-25,"['000301.SZ', '000876.SZ', '603392.SH', '688047.SH', '603986.SH']","['300476.SZ', '300661.SZ', '600588.SH']","['000876.SZ', '603986.SH', '603392.SH']",0.6,0.0012
2024-07-26,"['000338.SZ', '600066.SH', '688981.SH', '601136.SH', '600588.SH']","['603392.SH', '000876.SZ', '000301.SZ', '603986.SH', '688047.SH']","['601136.SH', '000338.SZ', '600066.SH', '600588.SH', '688981.SH']",1.0,0.002
2024-07-29,"['000876.SZ', '601136.SH', '000301.SZ', '603501.SH', '603392.SH']","['600588.SH', '000338.SZ', '688981.SH', '600066.SH']","['000876.SZ', '000301.SZ', '603501.SH', '603392.SH']",0.8,0.0016
2024-07-30,"['302132.SZ', '601689.SH', '688126.SH', '000301.SZ', '601111.SH']","['000876.SZ', '601136.SH', '603501.SH', '603392.SH']","['601689.SH', '302132.SZ', '601111.SH', '688126.SH']",0.8,0.0016
2024-07-31,"['300803.SZ', '601136.SH', '302132.SZ', '300122.SZ', '601698.SH']","['000301.SZ', '601689.SH', '601111.SH', '688126.SH']","['300803.SZ', '601136.SH', '601698.SH', '300122.SZ']",0.8,0.0016
2024-08-01,"['600460.SH', '601127.SH', '302132.SZ', '301236.SZ', '301269.SZ']","['300803.SZ', '601136.SH', '601698.SH', '300122.SZ']","['601127.SH', '301269.SZ', '301236.SZ', '600460.SH']",0.8,0.0016
2024-08-02,"['300502.SZ', '600460.SH', '300476.SZ', '300661.SZ', '601127.SH']","['301269.SZ', '302132.SZ', '301236.SZ']","['300476.SZ', '300661.SZ', '300502.SZ']",0.6,0.0012
2024-08-05,"['002384.SZ', '301269.SZ', '000301.SZ', '300661.SZ', '300476.SZ']","['300502.SZ', '601127.SH', '600460.SH']","['000301.SZ', '301269.SZ', '002384.SZ']",0.6,0.0012
2024-08-06,"['300347.SZ', '002459.SZ', '300274.SZ', '688303.SH', '300979.SZ']","['300476.SZ', '002384.SZ', '000301.SZ', '300661.SZ', '301269.SZ']","['300979.SZ', '300274.SZ', '300347.SZ', '688303.SH', '002459.SZ']",1.0,0.002
2024-08-07,"['300347.SZ', '000301.SZ', '600588.SH', '600660.SH', '600460.SH']","['688303.SH', '300979.SZ', '002459.SZ', '300274.SZ']","['600588.SH', '000301.SZ', '600660.SH', '600460.SH']",0.8,0.0016
2024-08-08,"['600309.SH', '603369.SH', '000596.SZ', '300347.SZ', '603392.SH']","['600588.SH', '000301.SZ', '600660.SH', '600460.SH']","['000596.SZ', '600309.SH', '603369.SH', '603392.SH']",0.8,0.0016
2024-08-09,"['300866.SZ', '000301.SZ', '688047.SH', '300498.SZ', '600989.SH']","['603392.SH', '000596.SZ', '300347.SZ', '603369.SH', '600309.SH']","['600989.SH', '000301.SZ', '300866.SZ', '688047.SH', '300498.SZ']",1.0,0.002
2024-08-12,"['603986.SH', '300803.SZ', '600066.SH', '000999.SZ', '688036.SH']","['600989.SH', '000301.SZ', '300866.SZ', '688047.SH', '300498.SZ']","['600066.SH', '000999.SZ', '603986.SH', '688036.SH', '300803.SZ']",1.0,0.002
2024-08-13,"['688126.SH', '603501.SH', '300122.SZ', '300014.SZ', '603986.SH']","['300803.SZ', '688036.SH', '600066.SH', '000999.SZ']","['603501.SH', '300014.SZ', '688126.SH', '300122.SZ']",0.8,0.0016
2024-08-14,"['601138.SH', '688047.SH', '600460.SH', '300476.SZ', '000301.SZ']","['603986.SH', '603501.SH', '688126.SH', '300122.SZ', '300014.SZ']","['300476.SZ', '600460.SH', '000301.SZ', '688047.SH', '601138.SH']",1.0,0.002
2024-08-15,"['603392.SH', '601456.SH', '601698.SH', '688047.SH', '688041.SH']","['300476.SZ', '000301.SZ', '601138.SH', '600460.SH']","['688041.SH', '601698.SH', '603392.SH', '601456.SH']",0.8,0.0016
2024-08-16,"['601456.SH', '000963.SZ', '300394.SZ', '688506.SH', '000876.SZ']","['688041.SH', '688047.SH', '601698.SH', '603392.SH']","['000876.SZ', '688506.SH', '000963.SZ', '300394.SZ']",0.8,0.0016
2024-08-19,"['300418.SZ', '300803.SZ', '601456.SH', '688041.SH', '603986.SH']","['000876.SZ', '688506.SH', '000963.SZ', '300394.SZ']","['688041.SH', '300803.SZ', '603986.SH', '300418.SZ']",0.8,0.0016
2024-08-20,"['301236.SZ', '688041.SH', '688047.SH', '300418.SZ', '601456.SH']","['300803.SZ', '603986.SH']","['688047.SH', '301236.SZ']",0.4,0.0008
2024-08-21,"['688041.SH', '600160.SH', '301236.SZ', '000301.SZ', '601236.SH']","['688047.SH', '300418.SZ', '601456.SH']","['000301.SZ', '601236.SH', '600160.SH']",0.6,0.0012
2024-08-22,"['603392.SH', '601136.SH', '600588.SH', '301269.SZ', '601698.SH']","['688041.SH', '000301.SZ', '600160.SH', '301236.SZ', '601236.SH']","['601136.SH', '603392.SH', '601698.SH', '600588.SH', '301269.SZ']",1.0,0.002
2024-08-23,"['688169.SH', '688981.SH', '000301.SZ', '688126.SH', '603195.SH']","['601136.SH', '603392.SH', '601698.SH', '600588.SH', '301269.SZ']","['000301.SZ', '688126.SH', '688981.SH', '688169.SH', '603195.SH']",1.0,0.002
2024-08-26,"['601236.SH', '000301.SZ', '301269.SZ', '688126.SH', '600010.SH']","['603195.SH', '688981.SH', '688169.SH']","['600010.SH', '601236.SH', '301269.SZ']",0.6,0.0012
2024-08-27,"['601236.SH', '688126.SH', '601100.SH', '603986.SH', '002230.SZ']","['000301.SZ', '600010.SH', '301269.SZ']","['603986.SH', '002230.SZ', '601100.SH']",0.6,0.0012
2024-08-28,"['301269.SZ', '601698.SH', '002179.SZ', '300498.SZ', '300759.SZ']","['603986.SH', '688126.SH', '601100.SH', '601236.SH', '002230.SZ']","['300759.SZ', '601698.SH', '002179.SZ', '300498.SZ', '301269.SZ']",1.0,0.002
2024-08-29,"['688126.SH', '600588.SH', '002352.SZ', '300803.SZ', '301269.SZ']","['300498.SZ', '300759.SZ', '002179.SZ', '601698.SH']","['600588.SH', '300803.SZ', '002352.SZ', '688126.SH']",0.8,0.0016
2024-08-30,"['600460.SH', '300803.SZ', '301269.SZ', '601881.SH', '601336.SH']","['600588.SH', '002352.SZ', '688126.SH']","['601336.SH', '601881.SH', '600460.SH']",0.6,0.0012
2024-09-02,"['601288.SH', '600588.SH', '000301.SZ', '601698.SH', '002230.SZ']","['600460.SH', '601881.SH', '300803.SZ', '301269.SZ', '601336.SH']","['000301.SZ', '601698.SH', '600588.SH', '601288.SH', '002230.SZ']",1.0,0.002
2024-09-03,"['600588.SH', '301269.SZ', '688008.SH', '002920.SZ', '300803.SZ']","['000301.SZ', '601288.SH', '601698.SH', '002230.SZ']","['300803.SZ', '002920.SZ', '301269.SZ', '688008.SH']",0.8,0.0016
2024-09-04,"['301269.SZ', '601456.SH', '300476.SZ', '002600.SZ', '688041.SH']","['600588.SH', '002920.SZ', '300803.SZ', '688008.SH']","['300476.SZ', '688041.SH', '002600.SZ', '601456.SH']",0.8,0.0016
2024-09-05,"['688036.SH', '600588.SH', '688047.SH', '600515.SH', '300498.SZ']","['300476.SZ', '601456.SH', '688041.SH', '002600.SZ', '301269.SZ']","['600515.SH', '600588.SH', '688047.SH', '688036.SH', '300498.SZ']",1.0,0.002
2024-09-06,"['688126.SH', '301236.SZ', '301269.SZ', '000301.SZ', '603392.SH']","['600515.SH', '600588.SH', '688047.SH', '688036.SH', '300498.SZ']","['603392.SH', '000301.SZ', '688126.SH', '301236.SZ', '301269.SZ']",1.0,0.002
2024-09-09,"['300394.SZ', '300759.SZ', '000301.SZ', '002625.SZ', '600588.SH']","['301269.SZ', '688126.SH', '301236.SZ', '603392.SH']","['600588.SH', '300759.SZ', '002625.SZ', '300394.SZ']",0.8,0.0016
2024-09-10,"['002625.SZ', '688111.SH', '301236.SZ', '688126.SH', '000301.SZ']","['600588.SH', '300759.SZ', '300394.SZ']","['688111.SH', '301236.SZ', '688126.SH']",0.6,0.0012
2024-09-11,"['688047.SH', '688041.SH', '000301.SZ', '688126.SH', '603392.SH']","['002625.SZ', '688111.SH', '301236.SZ']","['688041.SH', '688047.SH', '603392.SH']",0.6,0.0012
2024-09-12,"['601136.SH', '603392.SH', '301269.SZ', '600066.SH', '002625.SZ']","['688041.SH', '000301.SZ', '688126.SH', '688047.SH']","['002625.SZ', '601136.SH', '301269.SZ', '600066.SH']",0.8,0.0016
2024-09-13,"['600588.SH', '688041.SH', '002916.SZ', '301236.SZ', '002938.SZ']","['002625.SZ', '601136.SH', '600066.SH', '603392.SH', '301269.SZ']","['002938.SZ', '688041.SH', '002916.SZ', '301236.SZ', '600588.SH']",1.0,0.002
2024-09-18,"['301269.SZ', '002625.SZ', '600584.SH', '601698.SH', '601127.SH']","['002938.SZ', '688041.SH', '002916.SZ', '301236.SZ', '600588.SH']","['002625.SZ', '601698.SH', '600584.SH', '601127.SH', '301269.SZ']",1.0,0.002
2024-09-19,"['301269.SZ', '603993.SH', '601600.SH', '301236.SZ', '300803.SZ']","['002625.SZ', '601698.SH', '601127.SH', '600584.SH']","['300803.SZ', '601600.SH', '301236.SZ', '603993.SH']",0.8,0.0016
2024-09-20,"['301269.SZ', '688036.SH', '688126.SH', '002230.SZ', '300803.SZ']","['601600.SH', '301236.SZ', '603993.SH']","['688036.SH', '002230.SZ', '688126.SH']",0.6,0.0012
2024-09-23,"['301269.SZ', '605117.SH', '301236.SZ', '688036.SH', '688126.SH']","['300803.SZ', '002230.SZ']","['605117.SH', '301236.SZ']",0.4,0.0008
2024-09-24,"['600519.SH', '300502.SZ', '300803.SZ', '300059.SZ', '300832.SZ']","['605117.SH', '301236.SZ', '688126.SH', '688036.SH', '301269.SZ']","['300059.SZ', '300803.SZ', '300502.SZ', '600519.SH', '300832.SZ']",1.0,0.002
2024-09-25,"['000617.SZ', '600061.SH', '601800.SH', '603986.SH', '600460.SH']","['300059.SZ', '300803.SZ', '300502.SZ', '600519.SH', '300832.SZ']","['600061.SH', '600460.SH', '603986.SH', '000617.SZ', '601800.SH']",1.0,0.002
2024-09-26,"['300059.SZ', '000858.SZ', '301236.SZ', '601456.SH', '688041.SH']","['600061.SH', '600460.SH', '603986.SH', '000617.SZ', '601800.SH']","['300059.SZ', '601456.SH', '688041.SH', '301236.SZ', '000858.SZ']",1.0,0.002
2024-09-27,"['300059.SZ', '601456.SH', '301236.SZ', '302132.SZ', '300498.SZ']","['688041.SH', '000858.SZ']","['300498.SZ', '302132.SZ']",0.4,0.0008
2024-09-30,"['300059.SZ', '301236.SZ', '301269.SZ', '300498.SZ', '688047.SH']","['302132.SZ', '601456.SH']","['688047.SH', '301269.SZ']",0.4,0.0008
2024-10-08,"['302132.SZ', '300803.SZ', '300999.SZ', '300782.SZ', '300498.SZ']","['688047.SH', '301269.SZ', '301236.SZ', '300059.SZ']","['300999.SZ', '300782.SZ', '302132.SZ', '300803.SZ']",0.8,0.0016
2024-10-09,"['300059.SZ', '002049.SZ', '002625.SZ', '300782.SZ', '301236.SZ']","['300999.SZ', '300803.SZ', '300498.SZ', '302132.SZ']","['002049.SZ', '002625.SZ', '301236.SZ', '300059.SZ']",0.8,0.0016
2024-10-10,"['601211.SH', '302132.SZ', '603019.SH', '600588.SH', '600460.SH']","['002625.SZ', '300782.SZ', '300059.SZ', '301236.SZ', '002049.SZ']","['601211.SH', '302132.SZ', '600460.SH', '600588.SH', '603019.SH']",1.0,0.002
2024-10-11,"['601211.SH', '601127.SH', '300803.SZ', '600588.SH', '601236.SH']","['603019.SH', '302132.SZ', '600460.SH']","['300803.SZ', '601236.SH', '601127.SH']",0.6,0.0012
2024-10-14,"['601077.SH', '302132.SZ', '600039.SH', '300803.SZ', '603893.SH']","['601211.SH', '601236.SH', '601127.SH', '600588.SH']","['600039.SH', '603893.SH', '302132.SZ', '601077.SH']",0.8,0.0016
2024-10-15,"['600570.SH', '600584.SH', '002371.SZ', '000977.SZ', '600048.SH']","['302132.SZ', '600039.SH', '603893.SH', '601077.SH', '300803.SZ']","['000977.SZ', '002371.SZ', '600584.SH', '600570.SH', '600048.SH']",1.0,0.002
2024-10-16,"['600460.SH', '601698.SH', '301236.SZ', '302132.SZ', '300033.SZ']","['000977.SZ', '002371.SZ', '600584.SH', '600570.SH', '600048.SH']","['302132.SZ', '300033.SZ', '600460.SH', '601698.SH', '301236.SZ']",1.0,0.002
2024-10-17,"['688047.SH', '300476.SZ', '601127.SH', '000301.SZ', '603893.SH']","['302132.SZ', '300033.SZ', '600460.SH', '601698.SH', '301236.SZ']","['300476.SZ', '000301.SZ', '603893.SH', '688047.SH', '601127.SH']",1.0,0.002
2024-10-18,"['300059.SZ', '603893.SH', '301269.SZ', '300476.SZ', '688126.SH']","['000301.SZ', '601127.SH', '688047.SH']","['301269.SZ', '688126.SH', '300059.SZ']",0.6,0.0012
2024-10-21,"['688981.SH', '603893.SH', '601698.SH', '000617.SZ', '002459.SZ']","['300476.SZ', '301269.SZ', '688126.SH', '300059.SZ']","['000617.SZ', '002459.SZ', '688981.SH', '601698.SH']",0.8,0.0016
2024-10-22,"['600522.SH', '002600.SZ', '688981.SH', '601111.SH', '300498.SZ']","['603893.SH', '000617.SZ', '002459.SZ', '601698.SH']","['300498.SZ', '600522.SH', '002600.SZ', '601111.SH']",0.8,0.0016
2024-10-23,"['002625.SZ', '600438.SH', '603260.SH', '302132.SZ', '002230.SZ']","['600522.SH', '601111.SH', '688981.SH', '300498.SZ', '002600.SZ']","['002625.SZ', '600438.SH', '302132.SZ', '002230.SZ', '603260.SH']",1.0,0.002
2024-10-24,"['688981.SH', '601136.SH', '603392.SH', '002460.SZ', '600588.SH']","['002625.SZ', '600438.SH', '302132.SZ', '002230.SZ', '603260.SH']","['601136.SH', '603392.SH', '600588.SH', '688981.SH', '002460.SZ']",1.0,0.002
2024-10-25,"['600438.SH', '603260.SH', '002459.SZ', '688223.SH', '600588.SH']","['601136.SH', '688981.SH', '002460.SZ', '603392.SH']","['688223.SH', '600438.SH', '002459.SZ', '603260.SH']",0.8,0.0016
2024-10-28,"['002625.SZ', '600460.SH', '688981.SH', '301236.SZ', '600588.SH']","['688223.SH', '600438.SH', '002459.SZ', '603260.SH']","['002625.SZ', '688981.SH', '301236.SZ', '600460.SH']",0.8,0.0016
2024-10-29,"['000301.SZ', '688047.SH', '000977.SZ', '002709.SZ', '688036.SH']","['002625.SZ', '600460.SH', '301236.SZ', '600588.SH', '688981.SH']","['000301.SZ', '002709.SZ', '000977.SZ', '688047.SH', '688036.SH']",1.0,0.002
2024-10-30,"['601127.SH', '300251.SZ', '000301.SZ', '000895.SZ', '605117.SH']","['688047.SH', '002709.SZ', '000977.SZ', '688036.SH']","['601127.SH', '605117.SH', '300251.SZ', '000895.SZ']",0.8,0.0016
2024-10-31,"['300059.SZ', '601360.SH', '002459.SZ', '000301.SZ', '002230.SZ']","['601127.SH', '605117.SH', '300251.SZ', '000895.SZ']","['002230.SZ', '002459.SZ', '300059.SZ', '601360.SH']",0.8,0.0016
2024-11-01,"['600111.SH', '601800.SH', '600010.SH', '688047.SH', '688981.SH']","['300059.SZ', '000301.SZ', '601360.SH', '002459.SZ', '002230.SZ']","['600111.SH', '600010.SH', '688047.SH', '688981.SH', '601800.SH']",1.0,0.002
2024-11-04,"['300803.SZ', '300124.SZ', '600760.SH', '301236.SZ', '000301.SZ']","['600111.SH', '600010.SH', '688047.SH', '688981.SH', '601800.SH']","['600760.SH', '300124.SZ', '000301.SZ', '301236.SZ', '300803.SZ']",1.0,0.002
2024-11-05,"['300059.SZ', '603019.SH', '600760.SH', '600893.SH', '600460.SH']","['300803.SZ', '000301.SZ', '300124.SZ', '301236.SZ']","['603019.SH', '600893.SH', '300059.SZ', '600460.SH']",0.8,0.0016
2024-11-06,"['600760.SH', '601698.SH', '601360.SH', '600460.SH', '688981.SH']","['600893.SH', '300059.SZ', '603019.SH']","['688981.SH', '601698.SH', '601360.SH']",0.6,0.0012
2024-11-07,"['300059.SZ', '600030.SH', '600588.SH', '601136.SH', '600460.SH']","['600760.SH', '688981.SH', '601698.SH', '601360.SH']","['600588.SH', '601136.SH', '300059.SZ', '600030.SH']",0.8,0.0016
2024-11-08,"['600588.SH', '600760.SH', '601111.SH', '301269.SZ', '000301.SZ']","['601136.SH', '600030.SH', '300059.SZ', '600460.SH']","['000301.SZ', '600760.SH', '601111.SH', '301269.SZ']",0.8,0.0016
2024-11-11,"['600482.SH', '601698.SH', '301269.SZ', '688012.SH', '002230.SZ']","['600588.SH', '000301.SZ', '600760.SH', '601111.SH']","['688012.SH', '600482.SH', '601698.SH', '002230.SZ']",0.8,0.0016
2024-11-12,"['603296.SH', '600104.SH', '601238.SH', '300122.SZ', '601607.SH']","['601698.SH', '688012.SH', '600482.SH', '002230.SZ', '301269.SZ']","['600104.SH', '603296.SH', '601607.SH', '601238.SH', '300122.SZ']",1.0,0.002
2024-11-13,"['300418.SZ', '002460.SZ', '688111.SH', '600104.SH', '600460.SH']","['601607.SH', '603296.SH', '601238.SH', '300122.SZ']","['688111.SH', '300418.SZ', '002460.SZ', '600460.SH']",0.8,0.0016
2024-11-14,"['300803.SZ', '603392.SH', '301236.SZ', '300418.SZ', '601111.SH']","['688111.SH', '600104.SH', '002460.SZ', '600460.SH']","['300803.SZ', '601111.SH', '301236.SZ', '603392.SH']",0.8,0.0016
2024-11-15,"['603392.SH', '601360.SH', '002241.SZ', '600460.SH', '688047.SH']","['300803.SZ', '300418.SZ', '601111.SH', '301236.SZ']","['601360.SH', '688047.SH', '002241.SZ', '600460.SH']",0.8,0.0016
2024-11-18,"['002230.SZ', '601618.SH', '688981.SH', '603392.SH', '300759.SZ']","['601360.SH', '688047.SH', '002241.SZ', '600460.SH']","['601618.SH', '300759.SZ', '688981.SH', '002230.SZ']",0.8,0.0016
2024-11-19,"['300803.SZ', '002460.SZ', '688126.SH', '002709.SZ', '300033.SZ']","['601618.SH', '300759.SZ', '603392.SH', '688981.SH', '002230.SZ']","['300033.SZ', '002709.SZ', '688126.SH', '002460.SZ', '300803.SZ']",1.0,0.002
2024-11-20,"['688506.SH', '600415.SH', '688271.SH', '601607.SH', '600588.SH']","['300033.SZ', '002709.SZ', '688126.SH', '002460.SZ', '300803.SZ']","['600415.SH', '688506.SH', '688271.SH', '600588.SH', '601607.SH']",1.0,0.002
2024-11-21,"['300059.SZ', '002709.SZ', '301269.SZ', '600104.SH', '688111.SH']","['600415.SH', '688506.SH', '688271.SH', '600588.SH', '601607.SH']","['300059.SZ', '688111.SH', '002709.SZ', '600104.SH', '301269.SZ']",1.0,0.002
2024-11-22,"['601360.SH', '600111.SH', '600588.SH', '600845.SH', '600010.SH']","['300059.SZ', '688111.SH', '002709.SZ', '600104.SH', '301269.SZ']","['600111.SH', '600845.SH', '601360.SH', '600588.SH', '600010.SH']",1.0,0.002
2024-11-25,"['601698.SH', '600010.SH', '600460.SH', '002709.SZ', '600588.SH']","['600111.SH', '600845.SH', '601360.SH']","['002709.SZ', '601698.SH', '600460.SH']",0.6,0.0012
2024-11-26,"['601238.SH', '600588.SH', '301269.SZ', '600010.SH', '302132.SZ']","['002709.SZ', '601698.SH', '600460.SH']","['601238.SH', '302132.SZ', '301269.SZ']",0.6,0.0012
2024-11-27,"['302132.SZ', '600588.SH', '300394.SZ', '300059.SZ', '002938.SZ']","['600010.SH', '601238.SH', '301269.SZ']","['002938.SZ', '300394.SZ', '300059.SZ']",0.6,0.0012
2024-11-28,"['301236.SZ', '603019.SH', '688472.SH', '688047.SH', '601111.SH']","['002938.SZ', '302132.SZ', '300059.SZ', '600588.SH', '300394.SZ']","['601111.SH', '301236.SZ', '688047.SH', '688472.SH', '603019.SH']",1.0,0.002
2024-11-29,"['300059.SZ', '000963.SZ', '688036.SH', '601788.SH', '688981.SH']","['601111.SH', '301236.SZ', '688047.SH', '688472.SH', '603019.SH']","['601788.SH', '300059.SZ', '688981.SH', '688036.SH', '000963.SZ']",1.0,0.002
2024-12-02,"['688506.SH', '301269.SZ', '601238.SH', '300394.SZ', '600515.SH']","['601788.SH', '300059.SZ', '688981.SH', '688036.SH', '000963.SZ']","['688506.SH', '600515.SH', '300394.SZ', '601238.SH', '301269.SZ']",1.0,0.002
2024-12-03,"['603392.SH', '300418.SZ', '601238.SH', '600460.SH', '600010.SH']","['688506.SH', '301269.SZ', '300394.SZ', '600515.SH']","['600010.SH', '300418.SZ', '603392.SH', '600460.SH']",0.8,0.0016
2024-12-04,"['600460.SH', '688981.SH', '600066.SH', '302132.SZ', '300803.SZ']","['600010.SH', '601238.SH', '300418.SZ', '603392.SH']","['300803.SZ', '302132.SZ', '600066.SH', '688981.SH']",0.8,0.0016
2024-12-05,"['601360.SH', '300476.SZ', '000301.SZ', '688041.SH', '688981.SH']","['300803.SZ', '302132.SZ', '600066.SH', '600460.SH']","['300476.SZ', '000301.SZ', '688041.SH', '601360.SH']",0.8,0.0016
2024-12-06,"['601111.SH', '600010.SH', '301236.SZ', '600183.SH', '300347.SZ']","['300476.SZ', '688041.SH', '000301.SZ', '601360.SH', '688981.SH']","['601111.SH', '301236.SZ', '300347.SZ', '600010.SH', '600183.SH']",1.0,0.002
2024-12-09,"['300979.SZ', '300782.SZ', '600460.SH', '688111.SH', '600989.SH']","['601111.SH', '301236.SZ', '300347.SZ', '600010.SH', '600183.SH']","['300782.SZ', '600989.SH', '600460.SH', '688111.SH', '300979.SZ']",1.0,0.002
2024-12-10,"['601698.SH', '002384.SZ', '688981.SH', '300033.SZ', '301236.SZ']","['300782.SZ', '600989.SH', '600460.SH', '688111.SH', '300979.SZ']","['002384.SZ', '300033.SZ', '601698.SH', '301236.SZ', '688981.SH']",1.0,0.002
2024-12-11,"['300418.SZ', '301236.SZ', '600010.SH', '605499.SH', '600415.SH']","['002384.SZ', '688981.SH', '601698.SH', '300033.SZ']","['605499.SH', '600010.SH', '600415.SH', '300418.SZ']",0.8,0.0016
2024-12-12,"['000596.SZ', '601456.SH', '302132.SZ', '300502.SZ', '601238.SH']","['605499.SH', '600415.SH', '300418.SZ', '301236.SZ', '600010.SH']","['302132.SZ', '601456.SH', '000596.SZ', '300502.SZ', '601238.SH']",1.0,0.002
2024-12-13,"['601698.SH', '002463.SZ', '600900.SH', '603893.SH', '600460.SH']","['302132.SZ', '601456.SH', '000596.SZ', '300502.SZ', '601238.SH']","['600460.SH', '601698.SH', '002463.SZ', '603893.SH', '600900.SH']",1.0,0.002
2024-12-16,"['603986.SH', '300418.SZ', '600183.SH', '688472.SH', '300033.SZ']","['600460.SH', '601698.SH', '002463.SZ', '603893.SH', '600900.SH']","['300033.SZ', '603986.SH', '300418.SZ', '688472.SH', '600183.SH']",1.0,0.002
2024-12-17,"['601456.SH', '600183.SH', '300803.SZ', '688981.SH', '000301.SZ']","['603986.SH', '688472.SH', '300418.SZ', '300033.SZ']","['300803.SZ', '000301.SZ', '688981.SH', '601456.SH']",0.8,0.0016
2024-12-18,"['300866.SZ', '603392.SH', '688472.SH', '000301.SZ', '688041.SH']","['300803.SZ', '688981.SH', '600183.SH', '601456.SH']","['688041.SH', '300866.SZ', '688472.SH', '603392.SH']",0.8,0.0016
2024-12-19,"['688041.SH', '600588.SH', '600845.SH', '002938.SZ', '688036.SH']","['000301.SZ', '300866.SZ', '688472.SH', '603392.SH']","['600588.SH', '600845.SH', '002938.SZ', '688036.SH']",0.8,0.0016
2024-12-20,"['302132.SZ', '301269.SZ', '301236.SZ', '002384.SZ', '300418.SZ']","['600845.SH', '002938.SZ', '688041.SH', '600588.SH', '688036.SH']","['302132.SZ', '002384.SZ', '300418.SZ', '301236.SZ', '301269.SZ']",1.0,0.002
2024-12-23,"['301236.SZ', '688008.SH', '600026.SH', '600460.SH', '603392.SH']","['301269.SZ', '302132.SZ', '300418.SZ', '002384.SZ']","['600026.SH', '688008.SH', '600460.SH', '603392.SH']",0.8,0.0016
2024-12-24,"['600460.SH', '605117.SH', '688303.SH', '301236.SZ', '300408.SZ']","['600026.SH', '688008.SH', '603392.SH']","['605117.SH', '688303.SH', '300408.SZ']",0.6,0.0012
2024-12-25,"['302132.SZ', '600588.SH', '603296.SH', '002625.SZ', '600460.SH']","['605117.SH', '688303.SH', '301236.SZ', '300408.SZ']","['600588.SH', '002625.SZ', '603296.SH', '302132.SZ']",0.8,0.0016
2024-12-26,"['300476.SZ', '603893.SH', '603296.SH', '002463.SZ', '600460.SH']","['600588.SH', '002625.SZ', '302132.SZ']","['300476.SZ', '603893.SH', '002463.SZ']",0.6,0.0012
2024-12-27,"['688981.SH', '688506.SH', '302132.SZ', '002625.SZ', '600515.SH']","['300476.SZ', '600460.SH', '002463.SZ', '603893.SH', '603296.SH']","['688506.SH', '002625.SZ', '302132.SZ', '600515.SH', '688981.SH']",1.0,0.002
2024-12-30,"['001391.SZ', '000301.SZ', '688981.SH', '000938.SZ', '300979.SZ']","['688506.SH', '002625.SZ', '302132.SZ', '600515.SH']","['000938.SZ', '001391.SZ', '300979.SZ', '000301.SZ']",0.8,0.0016
2024-12-31,"['601238.SH', '302132.SZ', '300442.SZ', '603392.SH', '603893.SH']","['001391.SZ', '000301.SZ', '300979.SZ', '688981.SH', '000938.SZ']","['300442.SZ', '302132.SZ', '603392.SH', '603893.SH', '601238.SH']",1.0,0.002
2025-01-02,"['000975.SZ', '603019.SH', '000977.SZ', '300033.SZ', '600489.SH']","['300442.SZ', '302132.SZ', '603392.SH', '603893.SH', '601238.SH']","['300033.SZ', '000977.SZ', '600489.SH', '603019.SH', '000975.SZ']",1.0,0.002
2025-01-03,"['601899.SH', '002625.SZ', '603986.SH', '001391.SZ', '603392.SH']","['300033.SZ', '000977.SZ', '600489.SH', '603019.SH', '000975.SZ']","['002625.SZ', '603392.SH', '001391.SZ', '603986.SH', '601899.SH']",1.0,0.002
2025-01-06,"['688126.SH', '601456.SH', '600160.SH', '688169.SH', '603392.SH']","['001391.SZ', '002625.SZ', '603986.SH', '601899.SH']","['688169.SH', '600160.SH', '688126.SH', '601456.SH']",0.8,0.0016
2025-01-07,"['603893.SH', '002938.SZ', '603392.SH', '603019.SH', '302132.SZ']","['688169.SH', '600160.SH', '688126.SH', '601456.SH']","['603893.SH', '002938.SZ', '302132.SZ', '603019.SH']",0.8,0.0016
2025-01-08,"['603893.SH', '603392.SH', '300059.SZ', '300979.SZ', '002625.SZ']","['002938.SZ', '302132.SZ', '603019.SH']","['002625.SZ', '300979.SZ', '300059.SZ']",0.6,0.0012
2025-01-09,"['000301.SZ', '000408.SZ', '002230.SZ', '000768.SZ', '600066.SH']","['002625.SZ', '300059.SZ', '603392.SH', '300979.SZ', '603893.SH']","['000408.SZ', '000768.SZ', '600066.SH', '000301.SZ', '002230.SZ']",1.0,0.002
2025-01-10,"['688981.SH', '001391.SZ', '002050.SZ', '600584.SH', '601456.SH']","['000408.SZ', '000768.SZ', '600066.SH', '000301.SZ', '002230.SZ']","['601456.SH', '001391.SZ', '002050.SZ', '600584.SH', '688981.SH']",1.0,0.002
2025-01-13,"['600026.SH', '000063.SZ', '002230.SZ', '600588.SH', '001391.SZ']","['600584.SH', '688981.SH', '002050.SZ', '601456.SH']","['600026.SH', '002230.SZ', '000063.SZ', '600588.SH']",0.8,0.0016
2025-01-14,"['000063.SZ', '300059.SZ', '000977.SZ', '603019.SH', '601127.SH']","['600026.SH', '001391.SZ', '002230.SZ', '600588.SH']","['601127.SH', '000977.SZ', '300059.SZ', '603019.SH']",0.8,0.0016
2025-01-15,"['603986.SH', '002050.SZ', '002459.SZ', '601238.SH', '600460.SH']","['300059.SZ', '000977.SZ', '000063.SZ', '601127.SH', '603019.SH']","['600460.SH', '603986.SH', '002050.SZ', '601238.SH', '002459.SZ']",1.0,0.002
2025-01-16,"['300394.SZ', '000807.SZ', '688169.SH', '300628.SZ', '002230.SZ']","['600460.SH', '603986.SH', '002050.SZ', '601238.SH', '002459.SZ']","['000807.SZ', '300394.SZ', '688169.SH', '300628.SZ', '002230.SZ']",1.0,0.002
2025-01-17,"['000408.SZ', '603893.SH', '300394.SZ', '300803.SZ', '000301.SZ']","['300628.SZ', '000807.SZ', '688169.SH', '002230.SZ']","['300803.SZ', '000301.SZ', '603893.SH', '000408.SZ']",0.8,0.0016
2025-01-20,"['300803.SZ', '600183.SH', '002938.SZ', '002625.SZ', '603986.SH']","['000301.SZ', '300394.SZ', '603893.SH', '000408.SZ']","['002625.SZ', '002938.SZ', '600183.SH', '603986.SH']",0.8,0.0016
2025-01-21,"['600588.SH', '000301.SZ', '688981.SH', '600161.SH', '601100.SH']","['002625.SZ', '002938.SZ', '603986.SH', '300803.SZ', '600183.SH']","['000301.SZ', '600588.SH', '688981.SH', '601100.SH', '600161.SH']",1.0,0.002
2025-01-22,"['300476.SZ', '603986.SH', '600460.SH', '300418.SZ', '600010.SH']","['000301.SZ', '600588.SH', '688981.SH', '601100.SH', '600161.SH']","['300476.SZ', '600460.SH', '603986.SH', '300418.SZ', '600010.SH']",1.0,0.002
2025-01-23,"['603893.SH', '000301.SZ', '688041.SH', '301236.SZ', '688008.SH']","['300476.SZ', '600460.SH', '603986.SH', '300418.SZ', '600010.SH']","['688041.SH', '000301.SZ', '301236.SZ', '603893.SH', '688008.SH']",1.0,0.002
2025-01-24,"['002230.SZ', '300442.SZ', '688111.SH', '002600.SZ', '601211.SH']","['688041.SH', '000301.SZ', '301236.SZ', '603893.SH', '688008.SH']","['300442.SZ', '601211.SH', '688111.SH', '002600.SZ', '002230.SZ']",1.0,0.002
2025-01-27,"['300418.SZ', '600989.SH', '603986.SH', '688981.SH', '601698.SH']","['300442.SZ', '601211.SH', '688111.SH', '002600.SZ', '002230.SZ']","['600989.SH', '603986.SH', '300418.SZ', '601698.SH', '688981.SH']",1.0,0.002
2025-02-05,"['300251.SZ', '601360.SH', '600588.SH', '300394.SZ', '688981.SH']","['603986.SH', '300418.SZ', '601698.SH', '600989.SH']","['600588.SH', '300394.SZ', '300251.SZ', '601360.SH']",0.8,0.0016
2025-02-06,"['600460.SH', '300251.SZ', '601698.SH', '002920.SZ', '301269.SZ']","['600588.SH', '688981.SH', '300394.SZ', '601360.SH']","['002920.SZ', '601698.SH', '301269.SZ', '600460.SH']",0.8,0.0016
2025-02-07,"['600588.SH', '600438.SH', '300502.SZ', '002920.SZ', '605117.SH']","['301269.SZ', '601698.SH', '300251.SZ', '600460.SH']","['600588.SH', '605117.SH', '600438.SH', '300502.SZ']",0.8,0.0016
2025-02-10,"['688047.SH', '600588.SH', '301269.SZ', '002230.SZ', '002916.SZ']","['300502.SZ', '605117.SH', '002920.SZ', '600438.SH']","['688047.SH', '002916.SZ', '002230.SZ', '301269.SZ']",0.8,0.0016
2025-02-11,"['000977.SZ', '300803.SZ', '300251.SZ', '688506.SH', '601456.SH']","['301269.SZ', '002916.SZ', '600588.SH', '688047.SH', '002230.SZ']","['688506.SH', '601456.SH', '000977.SZ', '300251.SZ', '300803.SZ']",1.0,0.002
2025-02-12,"['300803.SZ', '601111.SH', '601456.SH', '300661.SZ', '603296.SH']","['688506.SH', '000977.SZ', '300251.SZ']","['300661.SZ', '603296.SH', '601111.SH']",0.6,0.0012
2025-02-13,"['300803.SZ', '600570.SH', '600588.SH', '300418.SZ', '002625.SZ']","['300661.SZ', '603296.SH', '601111.SH', '601456.SH']","['600588.SH', '002625.SZ', '600570.SH', '300418.SZ']",0.8,0.0016
2025-02-14,"['300251.SZ', '600570.SH', '300347.SZ', '601100.SH', '001391.SZ']","['600588.SH', '002625.SZ', '300418.SZ', '300803.SZ']","['300347.SZ', '001391.SZ', '300251.SZ', '601100.SH']",0.8,0.0016
2025-02-17,"['300502.SZ', '600183.SH', '302132.SZ', '688981.SH', '603893.SH']","['001391.SZ', '300251.SZ', '300347.SZ', '601100.SH', '600570.SH']","['302132.SZ', '603893.SH', '688981.SH', '300502.SZ', '600183.SH']",1.0,0.002
2025-02-18,"['603501.SH', '603893.SH', '601238.SH', '600588.SH', '300059.SZ']","['300502.SZ', '302132.SZ', '600183.SH', '688981.SH']","['600588.SH', '601238.SH', '603501.SH', '300059.SZ']",0.8,0.0016
2025-02-19,"['688126.SH', '600588.SH', '601238.SH', '300033.SZ', '601689.SH']","['603893.SH', '603501.SH', '300059.SZ']","['688126.SH', '601689.SH', '300033.SZ']",0.6,0.0012
2025-02-20,"['000977.SZ', '300759.SZ', '300251.SZ', '601100.SH', '300394.SZ']","['300033.SZ', '688126.SH', '600588.SH', '601238.SH', '601689.SH']","['300759.SZ', '000977.SZ', '300251.SZ', '300394.SZ', '601100.SH']",1.0,0.002
2025-02-21,"['300442.SZ', '601728.SH', '688506.SH', '300803.SZ', '601698.SH']","['300759.SZ', '000977.SZ', '300251.SZ', '300394.SZ', '601100.SH']","['300442.SZ', '688506.SH', '601698.SH', '601728.SH', '300803.SZ']",1.0,0.002
2025-02-24,"['002709.SZ', '688047.SH', '600176.SH', '601456.SH', '601100.SH']","['300442.SZ', '688506.SH', '601698.SH', '601728.SH', '300803.SZ']","['601456.SH', '002709.SZ', '688047.SH', '600176.SH', '601100.SH']",1.0,0.002
2025-02-25,"['601698.SH', '600010.SH', '300251.SZ', '688008.SH', '601238.SH']","['601456.SH', '002709.SZ', '688047.SH', '600176.SH', '601100.SH']","['601698.SH', '300251.SZ', '600010.SH', '688008.SH', '601238.SH']",1.0,0.002
2025-02-26,"['001391.SZ', '300418.SZ', '300251.SZ', '601059.SH', '688223.SH']","['600010.SH', '601238.SH', '601698.SH', '688008.SH']","['001391.SZ', '601059.SH', '688223.SH', '300418.SZ']",0.8,0.0016
2025-02-27,"['000157.SZ', '688047.SH', '002709.SZ', '002230.SZ', '300408.SZ']","['601059.SH', '001391.SZ', '300418.SZ', '300251.SZ', '688223.SH']","['000157.SZ', '002709.SZ', '688047.SH', '300408.SZ', '002230.SZ']",1.0,0.002
2025-02-28,"['601238.SH', '002311.SZ', '000301.SZ', '600010.SH', '300394.SZ']","['000157.SZ', '002709.SZ', '688047.SH', '300408.SZ', '002230.SZ']","['000301.SZ', '002311.SZ', '600010.SH', '300394.SZ', '601238.SH']",1.0,0.002
2025-03-03,"['600588.SH', '000807.SZ', '688041.SH', '603893.SH', '300502.SZ']","['000301.SZ', '002311.SZ', '600010.SH', '300394.SZ', '601238.SH']","['000807.SZ', '688041.SH', '600588.SH', '603893.SH', '300502.SZ']",1.0,0.002
2025-03-04,"['300661.SZ', '603986.SH', '302132.SZ', '601238.SH', '002049.SZ']","['000807.SZ', '688041.SH', '600588.SH', '603893.SH', '300502.SZ']","['302132.SZ', '603986.SH', '300661.SZ', '002049.SZ', '601238.SH']",1.0,0.002
2025-03-05,"['300476.SZ', '601698.SH', '601238.SH', '600460.SH', '601100.SH']","['002049.SZ', '300661.SZ', '603986.SH', '302132.SZ']","['300476.SZ', '601698.SH', '601100.SH', '600460.SH']",0.8,0.0016
2025-03-06,"['601136.SH', '688111.SH', '002371.SZ', '600588.SH', '600845.SH']","['300476.SZ', '600460.SH', '601698.SH', '601100.SH', '601238.SH']","['601136.SH', '600845.SH', '688111.SH', '002371.SZ', '600588.SH']",1.0,0.002
2025-03-07,"['603369.SH', '688036.SH', '688047.SH', '001391.SZ', '603392.SH']","['601136.SH', '600845.SH', '688111.SH', '002371.SZ', '600588.SH']","['603392.SH', '001391.SZ', '688047.SH', '688036.SH', '603369.SH']",1.0,0.002
2025-03-10,"['300476.SZ', '603986.SH', '300803.SZ', '601698.SH', '600482.SH']","['603392.SH', '001391.SZ', '688047.SH', '688036.SH', '603369.SH']","['300476.SZ', '603986.SH', '601698.SH', '600482.SH', '300803.SZ']",1.0,0.002
2025-03-11,"['000596.SZ', '600809.SH', '300418.SZ', '300896.SZ', '000408.SZ']","['300476.SZ', '603986.SH', '601698.SH', '600482.SH', '300803.SZ']","['300896.SZ', '000408.SZ', '600809.SH', '300418.SZ', '000596.SZ']",1.0,0.002
2025-03-12,"['000408.SZ', '002027.SZ', '600660.SH', '600460.SH', '601633.SH']","['000596.SZ', '300896.SZ', '300418.SZ', '600809.SH']","['002027.SZ', '600660.SH', '601633.SH', '600460.SH']",0.8,0.0016
2025-03-13,"['000301.SZ', '301236.SZ', '302132.SZ', '688126.SH', '601238.SH']","['002027.SZ', '000408.SZ', '601633.SH', '600460.SH', '600660.SH']","['302132.SZ', '000301.SZ', '301236.SZ', '688126.SH', '601238.SH']",1.0,0.002
2025-03-14,"['601689.SH', '300803.SZ', '002050.SZ', '600183.SH', '601698.SH']","['302132.SZ', '000301.SZ', '301236.SZ', '688126.SH', '601238.SH']","['601698.SH', '002050.SZ', '300803.SZ', '601689.SH', '600183.SH']",1.0,0.002
2025-03-17,"['688126.SH', '300476.SZ', '603392.SH', '688047.SH', '300251.SZ']","['601698.SH', '002050.SZ', '300803.SZ', '601689.SH', '600183.SH']","['300476.SZ', '603392.SH', '688126.SH', '300251.SZ', '688047.SH']",1.0,0.002
2025-03-18,"['002625.SZ', '600547.SH', '000975.SZ', '600415.SH', '002384.SZ']","['300476.SZ', '603392.SH', '688126.SH', '300251.SZ', '688047.SH']","['600415.SH', '002625.SZ', '002384.SZ', '600547.SH', '000975.SZ']",1.0,0.002
2025-03-19,"['603893.SH', '601456.SH', '000768.SZ', '600522.SH', '688041.SH']","['600415.SH', '002625.SZ', '002384.SZ', '600547.SH', '000975.SZ']","['000768.SZ', '601456.SH', '688041.SH', '600522.SH', '603893.SH']",1.0,0.002
2025-03-20,"['301236.SZ', '600010.SH', '600176.SH', '601808.SH', '603392.SH']","['000768.SZ', '601456.SH', '688041.SH', '600522.SH', '603893.SH']","['601808.SH', '603392.SH', '301236.SZ', '600010.SH', '600176.SH']",1.0,0.002
2025-03-21,"['300803.SZ', '601238.SH', '601456.SH', '601808.SH', '688041.SH']","['600010.SH', '600176.SH', '301236.SZ', '603392.SH']","['688041.SH', '300803.SZ', '601238.SH', '601456.SH']",0.8,0.0016
2025-03-24,"['300476.SZ', '601238.SH', '000630.SZ', '688126.SH', '688041.SH']","['300803.SZ', '601808.SH', '601456.SH']","['300476.SZ', '000630.SZ', '688126.SH']",0.6,0.0012
2025-03-25,"['000301.SZ', '601298.SH', '688126.SH', '600588.SH', '302132.SZ']","['300476.SZ', '601238.SH', '688041.SH', '000630.SZ']","['600588.SH', '000301.SZ', '302132.SZ', '601298.SH']",0.8,0.0016
2025-03-26,"['601238.SH', '300498.SZ', '603296.SH', '603392.SH', '601136.SH']","['302132.SZ', '000301.SZ', '601298.SH', '688126.SH', '600588.SH']","['601136.SH', '603392.SH', '603296.SH', '601238.SH', '300498.SZ']",1.0,0.002
2025-03-27,"['300347.SZ', '600415.SH', '688506.SH', '000301.SZ', '000963.SZ']","['601136.SH', '603392.SH', '603296.SH', '601238.SH', '300498.SZ']","['600415.SH', '688506.SH', '000301.SZ', '300347.SZ', '000963.SZ']",1.0,0.002
2025-03-28,"['000338.SZ', '300803.SZ', '601111.SH', '302132.SZ', '000301.SZ']","['600415.SH', '688506.SH', '000963.SZ', '300347.SZ']","['300803.SZ', '000338.SZ', '302132.SZ', '601111.SH']",0.8,0.0016
2025-03-31,"['300803.SZ', '000301.SZ', '688223.SH', '601136.SH', '605499.SH']","['000338.SZ', '302132.SZ', '601111.SH']","['605499.SH', '601136.SH', '688223.SH']",0.6,0.0012
2025-04-01,"['300347.SZ', '301236.SZ', '000963.SZ', '300759.SZ', '688506.SH']","['605499.SH', '601136.SH', '000301.SZ', '300803.SZ', '688223.SH']","['300759.SZ', '688506.SH', '301236.SZ', '300347.SZ', '000963.SZ']",1.0,0.002
2025-04-02,"['002422.SZ', '601698.SH', '600989.SH', '603893.SH', '601111.SH']","['300759.SZ', '688506.SH', '301236.SZ', '300347.SZ', '000963.SZ']","['002422.SZ', '600989.SH', '601698.SH', '601111.SH', '603893.SH']",1.0,0.002
2025-04-03,"['603986.SH', '603893.SH', '688981.SH', '000301.SZ', '300442.SZ']","['002422.SZ', '601698.SH', '600989.SH', '601111.SH']","['300442.SZ', '000301.SZ', '603986.SH', '688981.SH']",0.8,0.0016
2025-04-07,"['688271.SH', '000301.SZ', '600111.SH', '300661.SZ', '002371.SZ']","['300442.SZ', '603893.SH', '603986.SH', '688981.SH']","['600111.SH', '300661.SZ', '002371.SZ', '688271.SH']",0.8,0.0016
2025-04-08,"['603392.SH', '688223.SH', '000301.SZ', '600515.SH', '301236.SZ']","['600111.SH', '300661.SZ', '002371.SZ', '688271.SH']","['600515.SH', '688223.SH', '301236.SZ', '603392.SH']",0.8,0.0016
2025-04-09,"['302132.SZ', '000301.SZ', '688126.SH', '600415.SH', '002648.SZ']","['600515.SH', '688223.SH', '301236.SZ', '603392.SH']","['600415.SH', '002648.SZ', '302132.SZ', '688126.SH']",0.8,0.0016
2025-04-10,"['002241.SZ', '300502.SZ', '603296.SH', '301269.SZ', '603986.SH']","['600415.SH', '302132.SZ', '000301.SZ', '688126.SH', '002648.SZ']","['002241.SZ', '603986.SH', '603296.SH', '300502.SZ', '301269.SZ']",1.0,0.002
2025-04-11,"['300661.SZ', '302132.SZ', '300433.SZ', '300803.SZ', '300782.SZ']","['002241.SZ', '603986.SH', '603296.SH', '300502.SZ', '301269.SZ']","['300782.SZ', '302132.SZ', '300433.SZ', '300661.SZ', '300803.SZ']",1.0,0.002
2025-04-14,"['001391.SZ', '603893.SH', '300418.SZ', '002625.SZ', '301269.SZ']","['300782.SZ', '302132.SZ', '300433.SZ', '300661.SZ', '300803.SZ']","['002625.SZ', '001391.SZ', '300418.SZ', '603893.SH', '301269.SZ']",1.0,0.002
2025-04-15,"['300803.SZ', '600460.SH', '601456.SH', '688506.SH', '300418.SZ']","['001391.SZ', '002625.SZ', '603893.SH', '301269.SZ']","['300803.SZ', '688506.SH', '600460.SH', '601456.SH']",0.8,0.0016
2025-04-16,"['300661.SZ', '300782.SZ', '002625.SZ', '301236.SZ', '600460.SH']","['300803.SZ', '688506.SH', '300418.SZ', '601456.SH']","['300782.SZ', '002625.SZ', '300661.SZ', '301236.SZ']",0.8,0.0016
2025-04-17,"['603392.SH', '300760.SZ', '002625.SZ', '301269.SZ', '688126.SH']","['300782.SZ', '300661.SZ', '301236.SZ', '600460.SH']","['300760.SZ', '301269.SZ', '688126.SH', '603392.SH']",0.8,0.0016
2025-04-18,"['300433.SZ', '002463.SZ', '000301.SZ', '300476.SZ', '601111.SH']","['300760.SZ', '002625.SZ', '603392.SH', '688126.SH', '301269.SZ']","['300476.SZ', '000301.SZ', '601111.SH', '300433.SZ', '002463.SZ']",1.0,0.002
2025-04-21,"['002050.SZ', '000301.SZ', '600489.SH', '600588.SH', '300476.SZ']","['601111.SH', '300433.SZ', '002463.SZ']","['600588.SH', '600489.SH', '002050.SZ']",0.6,0.0012
2025-04-22,"['688506.SH', '001391.SZ', '002311.SZ', '000617.SZ', '000301.SZ']","['300476.SZ', '600489.SH', '002050.SZ', '600588.SH']","['001391.SZ', '688506.SH', '000617.SZ', '002311.SZ']",0.8,0.0016
2025-04-23,"['601100.SH', '301236.SZ', '000301.SZ', '002648.SZ', '600460.SH']","['001391.SZ', '688506.SH', '000617.SZ', '002311.SZ']","['002648.SZ', '601100.SH', '301236.SZ', '600460.SH']",0.8,0.0016
2025-04-24,"['000301.SZ', '601698.SH', '600010.SH', '688126.SH', '603986.SH']","['002648.SZ', '601100.SH', '301236.SZ', '600460.SH']","['600010.SH', '603986.SH', '601698.SH', '688126.SH']",0.8,0.0016
2025-04-25,"['000301.SZ', '300803.SZ', '301236.SZ', '300347.SZ', '002625.SZ']","['600010.SH', '603986.SH', '601698.SH', '688126.SH']","['300347.SZ', '002625.SZ', '300803.SZ', '301236.SZ']",0.8,0.0016
2025-04-28,"['688041.SH', '600010.SH', '002493.SZ', '688303.SH', '300418.SZ']","['002625.SZ', '000301.SZ', '301236.SZ', '300347.SZ', '300803.SZ']","['688041.SH', '300418.SZ', '600010.SH', '688303.SH', '002493.SZ']",1.0,0.002
2025-04-29,"['300418.SZ', '002493.SZ', '000301.SZ', '688271.SH', '300124.SZ']","['688041.SH', '600010.SH', '688303.SH']","['000301.SZ', '300124.SZ', '688271.SH']",0.6,0.0012
2025-04-30,"['002422.SZ', '002493.SZ', '000301.SZ', '603392.SH', '603893.SH']","['300418.SZ', '300124.SZ', '688271.SH']","['603893.SH', '002422.SZ', '603392.SH']",0.6,0.0012
2025-05-06,"['002230.SZ', '002463.SZ', '600160.SH', '600588.SH', '000301.SZ']","['603893.SH', '002493.SZ', '002422.SZ', '603392.SH']","['600588.SH', '600160.SH', '002230.SZ', '002463.SZ']",0.8,0.0016
2025-05-07,"['002050.SZ', '000768.SZ', '002625.SZ', '000977.SZ', '302132.SZ']","['000301.SZ', '002463.SZ', '600588.SH', '600160.SH', '002230.SZ']","['002625.SZ', '302132.SZ', '000768.SZ', '000977.SZ', '002050.SZ']",1.0,0.002
2025-05-08,"['002463.SZ', '302132.SZ', '688126.SH', '300418.SZ', '688303.SH']","['000977.SZ', '002625.SZ', '002050.SZ', '000768.SZ']","['688303.SH', '300418.SZ', '688126.SH', '002463.SZ']",0.8,0.0016
2025-05-09,"['603893.SH', '300803.SZ', '300122.SZ', '000768.SZ', '000301.SZ']","['302132.SZ', '300418.SZ', '688126.SH', '002463.SZ', '688303.SH']","['000768.SZ', '000301.SZ', '603893.SH', '300803.SZ', '300122.SZ']",1.0,0.002
2025-05-12,"['300866.SZ', '300433.SZ', '301236.SZ', '601238.SH', '600515.SH']","['000768.SZ', '000301.SZ', '603893.SH', '300803.SZ', '300122.SZ']","['300866.SZ', '301236.SZ', '600515.SH', '300433.SZ', '601238.SH']",1.0,0.002
2025-05-13,"['600438.SH', '601698.SH', '300502.SZ', '688472.SH', '300661.SZ']","['300866.SZ', '301236.SZ', '600515.SH', '300433.SZ', '601238.SH']","['600438.SH', '601698.SH', '300661.SZ', '688472.SH', '300502.SZ']",1.0,0.002
2025-05-14,"['300502.SZ', '601236.SH', '301236.SZ', '688041.SH', '300059.SZ']","['300661.SZ', '688472.SH', '600438.SH', '601698.SH']","['688041.SH', '601236.SH', '301236.SZ', '300059.SZ']",0.8,0.0016
2025-05-15,"['600276.SH', '302132.SZ', '002625.SZ', '002422.SZ', '002230.SZ']","['300059.SZ', '688041.SH', '301236.SZ', '300502.SZ', '601236.SH']","['002625.SZ', '302132.SZ', '002422.SZ', '600276.SH', '002230.SZ']",1.0,0.002
2025-05-16,"['000963.SZ', '300347.SZ', '300122.SZ', '002920.SZ', '603392.SH']","['002625.SZ', '302132.SZ', '002422.SZ', '600276.SH', '002230.SZ']","['603392.SH', '002920.SZ', '300347.SZ', '000963.SZ', '300122.SZ']",1.0,0.002
2025-05-19,"['688303.SH', '000661.SZ', '688126.SH', '301269.SZ', '688041.SH']","['603392.SH', '002920.SZ', '300347.SZ', '000963.SZ', '300122.SZ']","['000661.SZ', '688041.SH', '688126.SH', '688303.SH', '301269.SZ']",1.0,0.002
2025-05-20,"['002493.SZ', '300122.SZ', '002352.SZ', '600415.SH', '002230.SZ']","['000661.SZ', '688041.SH', '688126.SH', '688303.SH', '301269.SZ']","['600415.SH', '002352.SZ', '002493.SZ', '002230.SZ', '300122.SZ']",1.0,0.002
2025-05-21,"['600547.SH', '002493.SZ', '300347.SZ', '000975.SZ', '601136.SH']","['600415.SH', '002230.SZ', '002352.SZ', '300122.SZ']","['300347.SZ', '000975.SZ', '601136.SH', '600547.SH']",0.8,0.0016
2025-05-22,"['300418.SZ', '300347.SZ', '600066.SH', '600893.SH', '688169.SH']","['000975.SZ', '601136.SH', '600547.SH', '002493.SZ']","['688169.SH', '600893.SH', '300418.SZ', '600066.SH']",0.8,0.0016
2025-05-23,"['300347.SZ', '002594.SZ', '002422.SZ', '600104.SH', '002230.SZ']","['688169.SH', '600893.SH', '300418.SZ', '600066.SH']","['600104.SH', '002422.SZ', '002230.SZ', '002594.SZ']",0.8,0.0016
2025-05-26,"['688047.SH', '300442.SZ', '300476.SZ', '002625.SZ', '301269.SZ']","['002422.SZ', '600104.SH', '300347.SZ', '002594.SZ', '002230.SZ']","['300442.SZ', '002625.SZ', '300476.SZ', '688047.SH', '301269.SZ']",1.0,0.002
2025-05-27,"['002074.SZ', '000661.SZ', '002625.SZ', '300803.SZ', '302132.SZ']","['300442.SZ', '688047.SH', '300476.SZ', '301269.SZ']","['000661.SZ', '300803.SZ', '302132.SZ', '002074.SZ']",0.8,0.0016
2025-05-28,"['002074.SZ', '000301.SZ', '605499.SH', '601111.SH', '002230.SZ']","['000661.SZ', '002625.SZ', '302132.SZ', '300803.SZ']","['605499.SH', '000301.SZ', '601111.SH', '002230.SZ']",0.8,0.0016
2025-05-29,"['600588.SH', '603392.SH', '688126.SH', '300759.SZ', '000301.SZ']","['605499.SH', '002074.SZ', '601111.SH', '002230.SZ']","['600588.SH', '300759.SZ', '688126.SH', '603392.SH']",0.8,0.0016
2025-05-30,"['002648.SZ', '000963.SZ', '688506.SH', '301269.SZ', '302132.SZ']","['300759.SZ', '603392.SH', '000301.SZ', '688126.SH', '600588.SH']","['688506.SH', '302132.SZ', '002648.SZ', '000963.SZ', '301269.SZ']",1.0,0.002
2025-06-03,"['688082.SH', '600010.SH', '688047.SH', '302132.SZ', '300347.SZ']","['000963.SZ', '688506.SH', '301269.SZ', '002648.SZ']","['300347.SZ', '600010.SH', '688082.SH', '688047.SH']",0.8,0.0016
2025-06-04,"['002384.SZ', '300803.SZ', '302132.SZ', '301236.SZ', '600183.SH']","['300347.SZ', '600010.SH', '688082.SH', '688047.SH']","['300803.SZ', '301236.SZ', '002384.SZ', '600183.SH']",0.8,0.0016
2025-06-05,"['603392.SH', '300866.SZ', '300661.SZ', '300803.SZ', '600588.SH']","['302132.SZ', '301236.SZ', '002384.SZ', '600183.SH']","['600588.SH', '300661.SZ', '300866.SZ', '603392.SH']",0.8,0.0016
2025-06-06,"['300347.SZ', '600161.SH', '002230.SZ', '600588.SH', '600104.SH']","['300803.SZ', '300661.SZ', '300866.SZ', '603392.SH']","['300347.SZ', '600104.SH', '600161.SH', '002230.SZ']",0.8,0.0016
2025-06-09,"['688506.SH', '600588.SH', '300418.SZ', '300308.SZ', '688036.SH']","['300347.SZ', '600104.SH', '600161.SH', '002230.SZ']","['688506.SH', '300308.SZ', '300418.SZ', '688036.SH']",0.8,0.0016
2025-06-10,"['300803.SZ', '002625.SZ', '603019.SH', '600588.SH', '300347.SZ']","['688506.SH', '300308.SZ', '300418.SZ', '688036.SH']","['300347.SZ', '002625.SZ', '300803.SZ', '603019.SH']",0.8,0.0016
2025-06-11,"['688041.SH', '300803.SZ', '300394.SZ', '603799.SH', '603392.SH']","['300347.SZ', '002625.SZ', '603019.SH', '600588.SH']","['688041.SH', '300394.SZ', '603799.SH', '603392.SH']",0.8,0.0016
2025-06-12,"['300394.SZ', '000661.SZ', '000963.SZ', '688036.SH', '688303.SH']","['688041.SH', '300803.SZ', '603799.SH', '603392.SH']","['000661.SZ', '000963.SZ', '688303.SH', '688036.SH']",0.8,0.0016
2025-06-13,"['688041.SH', '300803.SZ', '688981.SH', '600893.SH', '002625.SZ']","['000661.SZ', '688303.SH', '300394.SZ', '688036.SH', '000963.SZ']","['002625.SZ', '688041.SH', '600893.SH', '688981.SH', '300803.SZ']",1.0,0.002
2025-06-16,"['600570.SH', '300308.SZ', '300251.SZ', '688126.SH', '300803.SZ']","['688041.SH', '002625.SZ', '600893.SH', '688981.SH']","['600570.SH', '300308.SZ', '300251.SZ', '688126.SH']",0.8,0.0016
2025-06-17,"['300122.SZ', '688303.SH', '300803.SZ', '600460.SH', '688047.SH']","['600570.SH', '300308.SZ', '300251.SZ', '688126.SH']","['688047.SH', '688303.SH', '300122.SZ', '600460.SH']",0.8,0.0016
2025-06-18,"['600183.SH', '300308.SZ', '002916.SZ', '688036.SH', '601059.SH']","['600460.SH', '688047.SH', '688303.SH', '300803.SZ', '300122.SZ']","['601059.SH', '002916.SZ', '300308.SZ', '688036.SH', '600183.SH']",1.0,0.002
2025-06-19,"['300308.SZ', '002384.SZ', '688041.SH', '300251.SZ', '688256.SH']","['601059.SH', '002916.SZ', '688036.SH', '600183.SH']","['688041.SH', '688256.SH', '300251.SZ', '002384.SZ']",0.8,0.0016
2025-06-20,"['300308.SZ', '600460.SH', '000596.SZ', '300442.SZ', '002625.SZ']","['688041.SH', '688256.SH', '300251.SZ', '002384.SZ']","['300442.SZ', '002625.SZ', '000596.SZ', '600460.SH']",0.8,0.0016
2025-06-23,"['300122.SZ', '601225.SH', '603392.SH', '600515.SH', '000301.SZ']","['300442.SZ', '002625.SZ', '600460.SH', '300308.SZ', '000596.SZ']","['601225.SH', '603392.SH', '000301.SZ', '600515.SH', '300122.SZ']",1.0,0.002
2025-06-24,"['688256.SH', '600415.SH', '688303.SH', '300442.SZ', '002371.SZ']","['601225.SH', '603392.SH', '000301.SZ', '600515.SH', '300122.SZ']","['600415.SH', '300442.SZ', '002371.SZ', '688256.SH', '688303.SH']",1.0,0.002
2025-06-25,"['300803.SZ', '300059.SZ', '688303.SH', '301236.SZ', '688169.SH']","['600415.SH', '688256.SH', '300442.SZ', '002371.SZ']","['300803.SZ', '688169.SH', '301236.SZ', '300059.SZ']",0.8,0.0016
2025-06-26,"['601059.SH', '603260.SH', '300251.SZ', '002916.SZ', '688303.SH']","['300803.SZ', '688169.SH', '301236.SZ', '300059.SZ']","['601059.SH', '002916.SZ', '300251.SZ', '603260.SH']",0.8,0.0016
2025-06-27,"['688303.SH', '600588.SH', '688041.SH', '300418.SZ', '601059.SH']","['002916.SZ', '300251.SZ', '603260.SH']","['688041.SH', '300418.SZ', '600588.SH']",0.6,0.0012
2025-06-30,"['600760.SH', '600893.SH', '300347.SZ', '600415.SH', '302132.SZ']","['601059.SH', '688041.SH', '300418.SZ', '600588.SH', '688303.SH']","['600415.SH', '600760.SH', '302132.SZ', '600893.SH', '300347.SZ']",1.0,0.002
2025-07-01,"['688047.SH', '600893.SH', '600547.SH', '600176.SH', '300347.SZ']","['600415.SH', '600760.SH', '302132.SZ']","['688047.SH', '600547.SH', '600176.SH']",0.6,0.0012
2025-07-02,"['302132.SZ', '002459.SZ', '603260.SH', '688223.SH', '300661.SZ']","['600547.SH', '600893.SH', '300347.SZ', '688047.SH', '600176.SH']","['302132.SZ', '300661.SZ', '688223.SH', '002459.SZ', '603260.SH']",1.0,0.002
2025-07-03,"['002916.SZ', '002938.SZ', '300347.SZ', '300433.SZ', '300122.SZ']","['302132.SZ', '300661.SZ', '688223.SH', '002459.SZ', '603260.SH']","['002938.SZ', '002916.SZ', '300433.SZ', '300347.SZ', '300122.SZ']",1.0,0.002
2025-07-04,"['600104.SH', '300442.SZ', '300347.SZ', '300122.SZ', '601136.SH']","['002938.SZ', '002916.SZ', '300433.SZ']","['300442.SZ', '601136.SH', '600104.SH']",0.6,0.0012
2025-07-07,"['302132.SZ', '002027.SZ', '001391.SZ', '688223.SH', '002384.SZ']","['300442.SZ', '601136.SH', '600104.SH', '300347.SZ', '300122.SZ']","['002027.SZ', '302132.SZ', '002384.SZ', '001391.SZ', '688223.SH']",1.0,0.002
2025-07-08,"['300347.SZ', '002384.SZ', '300502.SZ', '600438.SH', '300308.SZ']","['002027.SZ', '001391.SZ', '688223.SH', '302132.SZ']","['300347.SZ', '300502.SZ', '600438.SH', '300308.SZ']",0.8,0.0016
2025-07-09,"['300347.SZ', '601077.SH', '000983.SZ', '688041.SH', '000301.SZ']","['300502.SZ', '600438.SH', '002384.SZ', '300308.SZ']","['688041.SH', '000301.SZ', '601077.SH', '000983.SZ']",0.8,0.0016
2025-07-10,"['688303.SH', '002459.SZ', '600233.SH', '300347.SZ', '600588.SH']","['688041.SH', '000301.SZ', '601077.SH', '000983.SZ']","['600588.SH', '688303.SH', '002459.SZ', '600233.SH']",0.8,0.0016
2025-07-11,"['688256.SH', '300803.SZ', '600958.SH', '600588.SH', '603259.SH']","['300347.SZ', '688303.SH', '002459.SZ', '600233.SH']","['600958.SH', '300803.SZ', '688256.SH', '603259.SH']",0.8,0.0016
2025-07-14,"['002028.SZ', '688169.SH', '002916.SZ', '603296.SH', '600489.SH']","['600958.SH', '600588.SH', '688256.SH', '603259.SH', '300803.SZ']","['002916.SZ', '002028.SZ', '600489.SH', '603296.SH', '688169.SH']",1.0,0.002
2025-07-15,"['300394.SZ', '002938.SZ', '603296.SH', '002384.SZ', '600588.SH']","['688169.SH', '600489.SH', '002916.SZ', '002028.SZ']","['600588.SH', '002938.SZ', '300394.SZ', '002384.SZ']",0.8,0.0016
2025-07-16,"['688303.SH', '601100.SH', '601456.SH', '601238.SH', '600893.SH']","['002938.SZ', '002384.SZ', '600588.SH', '603296.SH', '300394.SZ']","['601456.SH', '600893.SH', '688303.SH', '601100.SH', '601238.SH']",1.0,0.002
2025-07-17,"['600760.SH', '600415.SH', '002463.SZ', '002916.SZ', '301269.SZ']","['601456.SH', '600893.SH', '688303.SH', '601100.SH', '601238.SH']","['600415.SH', '600760.SH', '002916.SZ', '002463.SZ', '301269.SZ']",1.0,0.002
2025-07-18,"['688506.SH', '300803.SZ', '601111.SH', '603392.SH', '601456.SH']","['600415.SH', '600760.SH', '002916.SZ', '002463.SZ', '301269.SZ']","['688506.SH', '603392.SH', '601456.SH', '601111.SH', '300803.SZ']",1.0,0.002
2025-07-21,"['601669.SH', '600875.SH', '002916.SZ', '601868.SH', '600089.SH']","['688506.SH', '603392.SH', '601456.SH', '601111.SH', '300803.SZ']","['600089.SH', '002916.SZ', '601669.SH', '601868.SH', '600875.SH']",1.0,0.002
2025-07-22,"['600875.SH', '601868.SH', '601669.SH', '302132.SZ', '002074.SZ']","['600089.SH', '002916.SZ']","['002074.SZ', '302132.SZ']",0.4,0.0008
2025-07-23,"['688012.SH', '600515.SH', '600875.SH', '302132.SZ', '300759.SZ']","['002074.SZ', '601669.SH', '601868.SH']","['300759.SZ', '688012.SH', '600515.SH']",0.6,0.0012
2025-07-24,"['601138.SH', '601888.SH', '601698.SH', '300347.SZ', '002230.SZ']","['300759.SZ', '302132.SZ', '600515.SH', '688012.SH', '600875.SH']","['601698.SH', '601888.SH', '300347.SZ', '601138.SH', '002230.SZ']",1.0,0.002
2025-07-25,"['300759.SZ', '688047.SH', '300782.SZ', '600048.SH', '300418.SZ']","['601698.SH', '601888.SH', '300347.SZ', '601138.SH', '002230.SZ']","['300759.SZ', '300782.SZ', '300418.SZ', '688047.SH', '600048.SH']",1.0,0.002
2025-07-28,"['002916.SZ', '688256.SH', '300782.SZ', '002938.SZ', '600276.SH']","['300759.SZ', '600048.SH', '300418.SZ', '688047.SH']","['688256.SH', '002938.SZ', '600276.SH', '002916.SZ']",0.8,0.0016
2025-07-29,"['002049.SZ', '600570.SH', '688169.SH', '300394.SZ', '002938.SZ']","['300782.SZ', '688256.SH', '600276.SH', '002916.SZ']","['002049.SZ', '600570.SH', '300394.SZ', '688169.SH']",0.8,0.0016
2025-07-30,"['600460.SH', '300803.SZ', '601669.SH', '601136.SH', '300347.SZ']","['002938.SZ', '300394.SZ', '688169.SH', '002049.SZ', '600570.SH']","['601136.SH', '600460.SH', '300347.SZ', '601669.SH', '300803.SZ']",1.0,0.002
2025-07-31,"['300308.SZ', '000301.SZ', '688981.SH', '300347.SZ', '688041.SH']","['300803.SZ', '601136.SH', '601669.SH', '600460.SH']","['688041.SH', '000301.SZ', '300308.SZ', '688981.SH']",0.8,0.0016
2025-08-01,"['300347.SZ', '688047.SH', '300418.SZ', '300661.SZ', '600183.SH']","['688041.SH', '000301.SZ', '300308.SZ', '688981.SH']","['688047.SH', '300418.SZ', '300661.SZ', '600183.SH']",0.8,0.0016
2025-08-04,"['600547.SH', '000301.SZ', '002493.SZ', '688036.SH', '300418.SZ']","['300347.SZ', '688047.SH', '300661.SZ', '600183.SH']","['000301.SZ', '002493.SZ', '600547.SH', '688036.SH']",0.8,0.0016
2025-08-05,"['601100.SH', '002027.SZ', '601138.SH', '300782.SZ', '301269.SZ']","['000301.SZ', '600547.SH', '300418.SZ', '688036.SH', '002493.SZ']","['002027.SZ', '300782.SZ', '601138.SH', '601100.SH', '301269.SZ']",1.0,0.002
2025-08-06,"['688008.SH', '002049.SZ', '600482.SH', '600048.SH', '302132.SZ']","['002027.SZ', '300782.SZ', '601138.SH', '601100.SH', '301269.SZ']","['302132.SZ', '600482.SH', '002049.SZ', '688008.SH', '600048.SH']",1.0,0.002
2025-08-07,"['300251.SZ', '600010.SH', '600460.SH', '301236.SZ', '600588.SH']","['302132.SZ', '600482.SH', '002049.SZ', '688008.SH', '600048.SH']","['600460.SH', '300251.SZ', '301236.SZ', '600588.SH', '600010.SH']",1.0,0.002
2025-08-08,"['002625.SZ', '000807.SZ', '300866.SZ', '301269.SZ', '600584.SH']","['600460.SH', '300251.SZ', '301236.SZ', '600588.SH', '600010.SH']","['002625.SZ', '000807.SZ', '300866.SZ', '600584.SH', '301269.SZ']",1.0,0.002
2025-08-11,"['300782.SZ', '300502.SZ', '002230.SZ', '600460.SH', '002625.SZ']","['300866.SZ', '000807.SZ', '301269.SZ', '600584.SH']","['300782.SZ', '300502.SZ', '002230.SZ', '600460.SH']",0.8,0.0016
2025-08-12,"['002028.SZ', '688256.SH', '300782.SZ', '300418.SZ', '603893.SH']","['002625.SZ', '300502.SZ', '002230.SZ', '600460.SH']","['603893.SH', '688256.SH', '300418.SZ', '002028.SZ']",0.8,0.0016
2025-08-13,"['300394.SZ', '300408.SZ', '600183.SH', '600460.SH', '688223.SH']","['300782.SZ', '300418.SZ', '002028.SZ', '603893.SH', '688256.SH']","['600460.SH', '300408.SZ', '300394.SZ', '688223.SH', '600183.SH']",1.0,0.002
2025-08-14,"['300418.SZ', '601601.SH', '600415.SH', '300782.SZ', '301236.SZ']","['600460.SH', '300408.SZ', '300394.SZ', '688223.SH', '600183.SH']","['600415.SH', '300782.SZ', '300418.SZ', '301236.SZ', '601601.SH']",1.0,0.002
2025-08-15,"['300782.SZ', '300803.SZ', '600183.SH', '002459.SZ', '688981.SH']","['600415.SH', '601601.SH', '300418.SZ', '301236.SZ']","['300803.SZ', '688981.SH', '002459.SZ', '600183.SH']",0.8,0.0016
2025-08-18,"['600588.SH', '002625.SZ', '688169.SH', '300413.SZ', '688981.SH']","['300803.SZ', '300782.SZ', '002459.SZ', '600183.SH']","['600588.SH', '002625.SZ', '688169.SH', '300413.SZ']",0.8,0.0016
2025-08-19,"['300394.SZ', '600111.SH', '000617.SZ', '300122.SZ', '002304.SZ']","['002625.SZ', '600588.SH', '688981.SH', '688169.SH', '300413.SZ']","['600111.SH', '002304.SZ', '000617.SZ', '300394.SZ', '300122.SZ']",1.0,0.002
2025-08-20,"['603893.SH', '002625.SZ', '600104.SH', '301236.SZ', '300782.SZ']","['600111.SH', '002304.SZ', '000617.SZ', '300394.SZ', '300122.SZ']","['002625.SZ', '300782.SZ', '600104.SH', '301236.SZ', '603893.SH']",1.0,0.002
2025-08-21,"['600588.SH', '002709.SZ', '301236.SZ', '688981.SH', '688223.SH']","['002625.SZ', '300782.SZ', '603893.SH', '600104.SH']","['600588.SH', '002709.SZ', '688981.SH', '688223.SH']",0.8,0.0016
2025-08-22,"['300418.SZ', '688082.SH', '302132.SZ', '300347.SZ', '688041.SH']","['002709.SZ', '301236.SZ', '600588.SH', '688981.SH', '688223.SH']","['688082.SH', '302132.SZ', '688041.SH', '300418.SZ', '300347.SZ']",1.0,0.002
2025-08-25,"['603019.SH', '300803.SZ', '603993.SH', '600588.SH', '600415.SH']","['688082.SH', '302132.SZ', '688041.SH', '300418.SZ', '300347.SZ']","['600415.SH', '600588.SH', '603019.SH', '603993.SH', '300803.SZ']",1.0,0.002
2025-08-26,"['688082.SH', '600460.SH', '688126.SH', '688041.SH', '600048.SH']","['600415.SH', '600588.SH', '603019.SH', '603993.SH', '300803.SZ']","['688082.SH', '600460.SH', '688041.SH', '688126.SH', '600048.SH']",1.0,0.002
2025-08-27,"['300308.SZ', '603986.SH', '688256.SH', '600111.SH', '002463.SZ']","['688082.SH', '600460.SH', '688041.SH', '688126.SH', '600048.SH']","['600111.SH', '603986.SH', '300308.SZ', '002463.SZ', '688256.SH']",1.0,0.002
2025-08-28,"['300394.SZ', '002384.SZ', '002916.SZ', '603893.SH', '688012.SH']","['600111.SH', '603986.SH', '300308.SZ', '002463.SZ', '688256.SH']","['002384.SZ', '002916.SZ', '603893.SH', '688012.SH', '300394.SZ']",1.0,0.002
2025-08-29,"['603986.SH', '002074.SZ', '300014.SZ', '300122.SZ', '301236.SZ']","['002384.SZ', '002916.SZ', '603893.SH', '688012.SH', '300394.SZ']","['300014.SZ', '603986.SH', '301236.SZ', '002074.SZ', '300122.SZ']",1.0,0.002
2025-09-01,"['002028.SZ', '000661.SZ', '002422.SZ', '600547.SH', '688041.SH']","['300014.SZ', '603986.SH', '301236.SZ', '002074.SZ', '300122.SZ']","['002422.SZ', '000661.SZ', '688041.SH', '600547.SH', '002028.SZ']",1.0,0.002
2025-09-02,"['688223.SH', '601689.SH', '002230.SZ', '600893.SH', '601111.SH']","['002422.SZ', '000661.SZ', '688041.SH', '600547.SH', '002028.SZ']","['600893.SH', '601111.SH', '688223.SH', '601689.SH', '002230.SZ']",1.0,0.002
2025-09-03,"['688506.SH', '000938.SZ', '300394.SZ', '600010.SH', '000301.SZ']","['600893.SH', '601111.SH', '688223.SH', '601689.SH', '002230.SZ']","['688506.SH', '000301.SZ', '600010.SH', '300394.SZ', '000938.SZ']",1.0,0.002
2025-09-04,"['002709.SZ', '600048.SH', '603392.SH', '600104.SH', '603260.SH']","['688506.SH', '000301.SZ', '600010.SH', '300394.SZ', '000938.SZ']","['603392.SH', '600104.SH', '002709.SZ', '603260.SH', '600048.SH']",1.0,0.002
2025-09-05,"['603260.SH', '002709.SZ', '000301.SZ', '601111.SH', '002460.SZ']","['600048.SH', '600104.SH', '603392.SH']","['000301.SZ', '601111.SH', '002460.SZ']",0.6,0.0012
2025-09-08,"['002709.SZ', '688271.SH', '000301.SZ', '300803.SZ', '601872.SH']","['601111.SH', '002460.SZ', '603260.SH']","['300803.SZ', '601872.SH', '688271.SH']",0.6,0.0012
2025-09-09,"['688036.SH', '603260.SH', '300418.SZ', '000975.SZ', '300347.SZ']","['688271.SH', '000301.SZ', '002709.SZ', '601872.SH', '300803.SZ']","['300418.SZ', '300347.SZ', '688036.SH', '000975.SZ', '603260.SH']",1.0,0.002
2025-09-10,"['688981.SH', '002916.SZ', '688041.SH', '300502.SZ', '603260.SH']","['300347.SZ', '000975.SZ', '300418.SZ', '688036.SH']","['688041.SH', '300502.SZ', '002916.SZ', '688981.SH']",0.8,0.0016
2025-09-11,"['688256.SH', '301236.SZ', '600276.SH', '300308.SZ', '002463.SZ']","['688041.SH', '002916.SZ', '688981.SH', '300502.SZ', '603260.SH']","['300308.SZ', '301236.SZ', '002463.SZ', '688256.SH', '600276.SH']",1.0,0.002
2025-09-12,"['300394.SZ', '000807.SZ', '300759.SZ', '600010.SH', '603893.SH']","['300308.SZ', '301236.SZ', '002463.SZ', '688256.SH', '600276.SH']","['300759.SZ', '000807.SZ', '600010.SH', '603893.SH', '300394.SZ']",1.0,0.002
2025-09-15,"['300661.SZ', '300316.SZ', '601136.SH', '002920.SZ', '600233.SH']","['300759.SZ', '000807.SZ', '600010.SH', '603893.SH', '300394.SZ']","['300316.SZ', '601136.SH', '002920.SZ', '600233.SH', '300661.SZ']",1.0,0.002
2025-09-16,"['601689.SH', '301269.SZ', '000977.SZ', '600588.SH', '301236.SZ']","['300316.SZ', '601136.SH', '002920.SZ', '600233.SH', '300661.SZ']","['000977.SZ', '301236.SZ', '600588.SH', '601689.SH', '301269.SZ']",1.0,0.002
2025-09-17,"['300628.SZ', '688169.SH', '601136.SH', '688041.SH', '688256.SH']","['000977.SZ', '301236.SZ', '600588.SH', '601689.SH', '301269.SZ']","['601136.SH', '688041.SH', '688256.SH', '688169.SH', '300628.SZ']",1.0,0.002
2025-09-18,"['688981.SH', '601138.SH', '002709.SZ', '601698.SH', '300782.SZ']","['601136.SH', '688041.SH', '688256.SH', '688169.SH', '300628.SZ']","['300782.SZ', '002709.SZ', '601698.SH', '601138.SH', '688981.SH']",1.0,0.002
2025-09-19,"['600760.SH', '688047.SH', '601136.SH', '600031.SH', '601698.SH']","['300782.SZ', '002709.SZ', '601138.SH', '688981.SH']","['688047.SH', '600760.SH', '600031.SH', '601136.SH']",0.8,0.0016
2025-09-22,"['688047.SH', '002241.SZ', '688981.SH', '688256.SH', '002938.SZ']","['600760.SH', '600031.SH', '601698.SH', '601136.SH']","['688256.SH', '002938.SZ', '002241.SZ', '688981.SH']",0.8,0.0016
2025-09-23,"['300308.SZ', '300274.SZ', '688472.SH', '688082.SH', '002475.SZ']","['002938.SZ', '002241.SZ', '688047.SH', '688256.SH', '688981.SH']","['688082.SH', '002475.SZ', '300308.SZ', '300274.SZ', '688472.SH']",1.0,0.002
2025-09-24,"['688082.SH', '600460.SH', '688047.SH', '300274.SZ', '600893.SH']","['002475.SZ', '688472.SH', '300308.SZ']","['688047.SH', '600893.SH', '600460.SH']",0.6,0.0012
2025-09-25,"['688047.SH', '300502.SZ', '000630.SZ', '603296.SH', '300413.SZ']","['300274.SZ', '688082.SH', '600893.SH', '600460.SH']","['300502.SZ', '603296.SH', '000630.SZ', '300413.SZ']",0.8,0.0016
2025-09-26,"['600893.SH', '300316.SZ', '300803.SZ', '688126.SH', '688008.SH']","['688047.SH', '603296.SH', '300413.SZ', '300502.SZ', '000630.SZ']","['300316.SZ', '600893.SH', '688126.SH', '300803.SZ', '688008.SH']",1.0,0.002
2025-09-29,"['002709.SZ', '300803.SZ', '002050.SZ', '688082.SH', '601689.SH']","['688008.SH', '300316.SZ', '600893.SH', '688126.SH']","['688082.SH', '002709.SZ', '002050.SZ', '601689.SH']",0.8,0.0016
2025-09-30,"['603799.SH', '605117.SH', '600760.SH', '688008.SH', '688223.SH']","['688082.SH', '002709.SZ', '002050.SZ', '300803.SZ', '601689.SH']","['605117.SH', '600760.SH', '603799.SH', '688008.SH', '688223.SH']",1.0,0.002
2025-10-09,"['002916.SZ', '600089.SH', '600875.SH', '000630.SZ', '600010.SH']","['605117.SH', '600760.SH', '603799.SH', '688008.SH', '688223.SH']","['600875.SH', '600089.SH', '002916.SZ', '600010.SH', '000630.SZ']",1.0,0.002
2025-10-10,"['002049.SZ', '300782.SZ', '000063.SZ', '600588.SH', '002466.SZ']","['600875.SH', '600089.SH', '002916.SZ', '600010.SH', '000630.SZ']","['300782.SZ', '000063.SZ', '002466.SZ', '600588.SH', '002049.SZ']",1.0,0.002
2025-10-13,"['600489.SH', '600588.SH', '301269.SZ', '600362.SH', '300803.SZ']","['002049.SZ', '300782.SZ', '000063.SZ', '002466.SZ']","['300803.SZ', '600362.SH', '600489.SH', '301269.SZ']",0.8,0.0016
2025-10-14,"['002459.SZ', '000301.SZ', '300347.SZ', '002493.SZ', '002384.SZ']","['600588.SH', '600489.SH', '300803.SZ', '600362.SH', '301269.SZ']","['002384.SZ', '000301.SZ', '300347.SZ', '002493.SZ', '002459.SZ']",1.0,0.002
2025-10-15,"['301269.SZ', '300274.SZ', '601111.SH', '002050.SZ', '601238.SH']","['002384.SZ', '000301.SZ', '300347.SZ', '002493.SZ', '002459.SZ']","['300274.SZ', '002050.SZ', '601111.SH', '601238.SH', '301269.SZ']",1.0,0.002
2025-10-16,"['601898.SH', '000301.SZ', '002050.SZ', '600893.SH', '600048.SH']","['601238.SH', '300274.SZ', '601111.SH', '301269.SZ']","['000301.SZ', '600048.SH', '600893.SH', '601898.SH']",0.8,0.0016
2025-10-17,"['000301.SZ', '300308.SZ', '600515.SH', '603893.SH', '002493.SZ']","['600048.SH', '600893.SH', '002050.SZ', '601898.SH']","['603893.SH', '002493.SZ', '300308.SZ', '600515.SH']",0.8,0.0016
2025-10-20,"['600547.SH', '002384.SZ', '688126.SH', '600029.SH', '000301.SZ']","['603893.SH', '002493.SZ', '300308.SZ', '600515.SH']","['688126.SH', '600547.SH', '600029.SH', '002384.SZ']",0.8,0.0016
2025-10-21,"['688126.SH', '002241.SZ', '301269.SZ', '002938.SZ', '600010.SH']","['000301.SZ', '600547.SH', '600029.SH', '002384.SZ']","['600010.SH', '002938.SZ', '002241.SZ', '301269.SZ']",0.8,0.0016
2025-10-22,"['300394.SZ', '600010.SH', '300782.SZ', '300803.SZ', '688047.SH']","['002938.SZ', '301269.SZ', '002241.SZ', '688126.SH']","['300803.SZ', '300782.SZ', '300394.SZ', '688047.SH']",0.8,0.0016
2025-10-23,"['002460.SZ', '002493.SZ', '600515.SH', '600104.SH', '600346.SH']","['300782.SZ', '600010.SH', '688047.SH', '300394.SZ', '300803.SZ']","['600346.SH', '600104.SH', '600515.SH', '002460.SZ', '002493.SZ']",1.0,0.002
2025-10-24,"['300308.SZ', '002463.SZ', '002916.SZ', '600460.SH', '302132.SZ']","['600346.SH', '600104.SH', '600515.SH', '002460.SZ', '002493.SZ']","['302132.SZ', '600460.SH', '002916.SZ', '300308.SZ', '002463.SZ']",1.0,0.002
2025-10-27,"['600183.SH', '000301.SZ', '600362.SH', '002938.SZ', '300394.SZ']","['302132.SZ', '600460.SH', '002916.SZ', '300308.SZ', '002463.SZ']","['002938.SZ', '000301.SZ', '300394.SZ', '600362.SH', '600183.SH']",1.0,0.002
2025-10-28,"['600183.SH', '301269.SZ', '302132.SZ', '600588.SH', '600893.SH']","['000301.SZ', '002938.SZ', '300394.SZ', '600362.SH']","['600893.SH', '302132.SZ', '301269.SZ', '600588.SH']",0.8,0.0016
2025-10-29,"['600438.SH', '300408.SZ', '300347.SZ', '002459.SZ', '000301.SZ']","['302132.SZ', '600893.SH', '600183.SH', '600588.SH', '301269.SZ']","['600438.SH', '000301.SZ', '300347.SZ', '300408.SZ', '002459.SZ']",1.0,0.002
2025-10-30,"['300442.SZ', '600026.SH', '688047.SH', '688111.SH', '600893.SH']","['600438.SH', '000301.SZ', '300347.SZ', '300408.SZ', '002459.SZ']","['300442.SZ', '688111.SH', '600893.SH', '600026.SH', '688047.SH']",1.0,0.002
2025-10-31,"['601360.SH', '688111.SH', '688506.SH', '688472.SH', '600111.SH']","['300442.SZ', '688047.SH', '600026.SH', '600893.SH']","['600111.SH', '688472.SH', '688506.SH', '601360.SH']",0.8,0.0016
2025-11-03,"['605117.SH', '688472.SH', '000301.SZ', '600588.SH', '301236.SZ']","['600111.SH', '688111.SH', '688506.SH', '601360.SH']","['600588.SH', '605117.SH', '000301.SZ', '301236.SZ']",0.8,0.0016
2025-11-04,"['000301.SZ', '300122.SZ', '301236.SZ', '600515.SH', '002709.SZ']","['600588.SH', '605117.SH', '688472.SH']","['002709.SZ', '600515.SH', '300122.SZ']",0.6,0.0012
2025-11-05,"['603392.SH', '300803.SZ', '301236.SZ', '688223.SH', '000338.SZ']","['000301.SZ', '002709.SZ', '600515.SH', '300122.SZ']","['300803.SZ', '000338.SZ', '688223.SH', '603392.SH']",0.8,0.0016
2025-11-06,"['688256.SH', '300433.SZ', '300782.SZ', '688223.SH', '601100.SH']","['300803.SZ', '000338.SZ', '301236.SZ', '603392.SH']","['300782.SZ', '688256.SH', '300433.SZ', '601100.SH']",0.8,0.0016
2025-11-07,"['600089.SH', '600515.SH', '688303.SH', '002493.SZ', '603392.SH']","['300782.SZ', '300433.SZ', '688256.SH', '601100.SH', '688223.SH']","['603392.SH', '600089.SH', '600515.SH', '688303.SH', '002493.SZ']",1.0,0.002
2025-11-10,"['600875.SH', '600089.SH', '000301.SZ', '601689.SH', '601111.SH']","['002493.SZ', '688303.SH', '600515.SH', '603392.SH']","['000301.SZ', '600875.SH', '601689.SH', '601111.SH']",0.8,0.0016
2025-11-11,"['688472.SH', '688223.SH', '300782.SZ', '688126.SH', '601698.SH']","['600875.SH', '000301.SZ', '600089.SH', '601111.SH', '601689.SH']","['300782.SZ', '601698.SH', '688126.SH', '688472.SH', '688223.SH']",1.0,0.002
2025-11-12,"['000301.SZ', '688126.SH', '000807.SZ', '300274.SZ', '002050.SZ']","['300782.SZ', '688472.SH', '688223.SH', '601698.SH']","['002050.SZ', '000301.SZ', '300274.SZ', '000807.SZ']",0.8,0.0016
2025-11-13,"['002460.SZ', '603260.SH', '600026.SH', '000301.SZ', '600875.SH']","['002050.SZ', '300274.SZ', '000807.SZ', '688126.SH']","['600026.SH', '600875.SH', '002460.SZ', '603260.SH']",0.8,0.0016
2025-11-14,"['601012.SH', '688223.SH', '300308.SZ', '002230.SZ', '300502.SZ']","['000301.SZ', '600026.SH', '002460.SZ', '600875.SH', '603260.SH']","['300308.SZ', '300502.SZ', '601012.SH', '688223.SH', '002230.SZ']",1.0,0.002
2025-11-17,"['300418.SZ', '002709.SZ', '603799.SH', '000338.SZ', '601698.SH']","['300308.SZ', '300502.SZ', '601012.SH', '688223.SH', '002230.SZ']","['000338.SZ', '002709.SZ', '300418.SZ', '601698.SH', '603799.SH']",1.0,0.002
2025-11-18,"['000301.SZ', '002384.SZ', '300274.SZ', '688256.SH', '301236.SZ']","['000338.SZ', '002709.SZ', '300418.SZ', '601698.SH', '603799.SH']","['002384.SZ', '000301.SZ', '300274.SZ', '301236.SZ', '688256.SH']",1.0,0.002
2025-11-19,"['002460.SZ', '603260.SH', '300308.SZ', '600588.SH', '300803.SZ']","['002384.SZ', '000301.SZ', '300274.SZ', '301236.SZ', '688256.SH']","['300308.SZ', '600588.SH', '002460.SZ', '300803.SZ', '603260.SH']",1.0,0.002
2025-11-20,"['603392.SH', '688126.SH', '301269.SZ', '688981.SH', '000301.SZ']","['300308.SZ', '600588.SH', '002460.SZ', '300803.SZ', '603260.SH']","['603392.SH', '000301.SZ', '688126.SH', '688981.SH', '301269.SZ']",1.0,0.002
2025-11-21,"['688036.SH', '300502.SZ', '603392.SH', '301269.SZ', '600893.SH']","['000301.SZ', '688981.SH', '688126.SH']","['300502.SZ', '600893.SH', '688036.SH']",0.6,0.0012
2025-11-24,"['002466.SZ', '688111.SH', '300782.SZ', '002460.SZ', '000301.SZ']","['603392.SH', '600893.SH', '688036.SH', '300502.SZ', '301269.SZ']","['300782.SZ', '688111.SH', '000301.SZ', '002466.SZ', '002460.SZ']",1.0,0.002
2025-11-25,"['002384.SZ', '603986.SH', '002916.SZ', '300476.SZ', '688047.SH']","['300782.SZ', '688111.SH', '000301.SZ', '002466.SZ', '002460.SZ']","['300476.SZ', '002384.SZ', '603986.SH', '002916.SZ', '688047.SH']",1.0,0.002
2025-11-26,"['603893.SH', '300999.SZ', '688126.SH', '300476.SZ', '688047.SH']","['603986.SH', '002916.SZ', '002384.SZ']","['300999.SZ', '603893.SH', '688126.SH']",0.6,0.0012
2025-11-27,"['601100.SH', '002709.SZ', '600795.SH', '603260.SH', '300866.SZ']","['300476.SZ', '300999.SZ', '688126.SH', '603893.SH', '688047.SH']","['600795.SH', '002709.SZ', '300866.SZ', '601100.SH', '603260.SH']",1.0,0.002
2025-11-28,"['688047.SH', '600875.SH', '300803.SZ', '605117.SH', '601111.SH']","['600795.SH', '002709.SZ', '300866.SZ', '601100.SH', '603260.SH']","['605117.SH', '601111.SH', '688047.SH', '300803.SZ', '600875.SH']",1.0,0.002
2025-12-01,"['603893.SH', '600026.SH', '002625.SZ', '300308.SZ', '688036.SH']","['605117.SH', '601111.SH', '688047.SH', '300803.SZ', '600875.SH']","['002625.SZ', '300308.SZ', '600026.SH', '603893.SH', '688036.SH']",1.0,0.002
2025-12-02,"['300502.SZ', '688256.SH', '002475.SZ', '603392.SH', '603019.SH']","['002625.SZ', '300308.SZ', '600026.SH', '603893.SH', '688036.SH']","['603392.SH', '002475.SZ', '688256.SH', '603019.SH', '300502.SZ']",1.0,0.002
2025-12-03,"['688396.SH', '000063.SZ', '688256.SH', '000301.SZ', '600219.SH']","['300502.SZ', '002475.SZ', '603019.SH', '603392.SH']","['000301.SZ', '000063.SZ', '688396.SH', '600219.SH']",0.8,0.0016
2025-12-04,"['601698.SH', '300394.SZ', '688126.SH', '000408.SZ', '600111.SH']","['688396.SH', '000301.SZ', '000063.SZ', '600219.SH', '688256.SH']","['600111.SH', '000408.SZ', '601698.SH', '688126.SH', '300394.SZ']",1.0,0.002
2025-12-05,"['002028.SZ', '601377.SH', '300782.SZ', '688256.SH', '601100.SH']","['600111.SH', '000408.SZ', '601698.SH', '688126.SH', '300394.SZ']","['300782.SZ', '601377.SH', '002028.SZ', '688256.SH', '601100.SH']",1.0,0.002
2025-12-08,"['002460.SZ', '601698.SH', '300502.SZ', '300122.SZ', '603392.SH']","['300782.SZ', '601377.SH', '002028.SZ', '688256.SH', '601100.SH']","['603392.SH', '601698.SH', '002460.SZ', '300502.SZ', '300122.SZ']",1.0,0.002
2025-12-09,"['300502.SZ', '603260.SH', '300803.SZ', '688047.SH', '002384.SZ']","['300122.SZ', '601698.SH', '002460.SZ', '603392.SH']","['300803.SZ', '688047.SH', '002384.SZ', '603260.SH']",0.8,0.0016
2025-12-10,"['688396.SH', '600048.SH', '601698.SH', '301269.SZ', '300803.SZ']","['688047.SH', '300502.SZ', '002384.SZ', '603260.SH']","['601698.SH', '688396.SH', '301269.SZ', '600048.SH']",0.8,0.0016
2025-12-11,"['600089.SH', '000975.SZ', '300782.SZ', '000301.SZ', '002050.SZ']","['688396.SH', '601698.SH', '300803.SZ', '301269.SZ', '600048.SH']","['300782.SZ', '000301.SZ', '600089.SH', '002050.SZ', '000975.SZ']",1.0,0.002
2025-12-12,"['688082.SH', '300803.SZ', '601698.SH', '600039.SH', '688036.SH']","['300782.SZ', '000301.SZ', '600089.SH', '002050.SZ', '000975.SZ']","['688082.SH', '601698.SH', '600039.SH', '688036.SH', '300803.SZ']",1.0,0.002
2025-12-15,"['000301.SZ', '603392.SH', '601698.SH', '300782.SZ', '002179.SZ']","['600039.SH', '300803.SZ', '688082.SH', '688036.SH']","['300782.SZ', '002179.SZ', '000301.SZ', '603392.SH']",0.8,0.0016
2025-12-16,"['603019.SH', '688472.SH', '002625.SZ', '300803.SZ', '300782.SZ']","['000301.SZ', '002179.SZ', '601698.SH', '603392.SH']","['300803.SZ', '002625.SZ', '688472.SH', '603019.SH']",0.8,0.0016
2025-12-17,"['300308.SZ', '300476.SZ', '300394.SZ', '600515.SH', '002916.SZ']","['002625.SZ', '300782.SZ', '688472.SH', '603019.SH', '300803.SZ']","['300476.SZ', '002916.SZ', '300308.SZ', '600515.SH', '300394.SZ']",1.0,0.002
2025-12-18,"['688256.SH', '600009.SH', '688126.SH', '601698.SH', '600372.SH']","['300476.SZ', '002916.SZ', '300308.SZ', '600515.SH', '300394.SZ']","['600009.SH', '601698.SH', '688126.SH', '688256.SH', '600372.SH']",1.0,0.002
2025-12-19,"['000807.SZ', '300803.SZ', '000301.SZ', '300122.SZ', '000408.SZ']","['600009.SH', '601698.SH', '688126.SH', '688256.SH', '600372.SH']","['000807.SZ', '000408.SZ', '000301.SZ', '300803.SZ', '300122.SZ']",1.0,0.002
2025-12-22,"['688082.SH', '601698.SH', '002493.SZ', '002916.SZ', '600183.SH']","['000807.SZ', '000408.SZ', '000301.SZ', '300803.SZ', '300122.SZ']","['688082.SH', '002916.SZ', '601698.SH', '002493.SZ', '600183.SH']",1.0,0.002
2025-12-23,"['688472.SH', '600176.SH', '600875.SH', '301236.SZ', '603392.SH']","['688082.SH', '002916.SZ', '601698.SH', '002493.SZ', '600183.SH']","['603392.SH', '301236.SZ', '688472.SH', '600176.SH', '600875.SH']",1.0,0.002
2025-12-24,"['300782.SZ', '300408.SZ', '300661.SZ', '002938.SZ', '600515.SH']","['603392.SH', '301236.SZ', '688472.SH', '600176.SH', '600875.SH']","['300782.SZ', '002938.SZ', '600515.SH', '300661.SZ', '300408.SZ']",1.0,0.002
2025-12-25,"['002311.SZ', '601689.SH', '002709.SZ', '601698.SH', '600893.SH']","['300782.SZ', '002938.SZ', '600515.SH', '300661.SZ', '300408.SZ']","['002709.SZ', '600893.SH', '601698.SH', '002311.SZ', '601689.SH']",1.0,0.002
2025-12-26,"['600362.SH', '301269.SZ', '600048.SH', '300122.SZ', '000408.SZ']","['002709.SZ', '600893.SH', '601698.SH', '002311.SZ', '601689.SH']","['000408.SZ', '600048.SH', '600362.SH', '301269.SZ', '300122.SZ']",1.0,0.002
2025-12-29,"['601111.SH', '300803.SZ', '002916.SZ', '601698.SH', '600515.SH']","['000408.SZ', '600048.SH', '600362.SH', '301269.SZ', '300122.SZ']","['002916.SZ', '601698.SH', '600515.SH', '601111.SH', '300803.SZ']",1.0,0.002
2025-12-30,"['300782.SZ', '000301.SZ', '601689.SH', '300803.SZ', '000807.SZ']","['600515.SH', '002916.SZ', '601698.SH', '601111.SH']","['300782.SZ', '000301.SZ', '000807.SZ', '601689.SH']",0.8,0.0016
