date,code,close,volume,amount,name,display_code,log_return
2024-01-02,sz.000598,5.86,35938572,210501308.33,兴蓉环境,000598.SZ,
2024-01-03,sz.000598,5.93,23878662,141392877.7,兴蓉环境,000598.SZ,0.011874609420712723
2024-01-04,sz.000598,5.94,15391591,91471237.07,兴蓉环境,000598.SZ,0.0016849203649196287
2024-01-05,sz.000598,5.95,23109834,138451133.3,兴蓉环境,000598.SZ,0.00168208618298471
2024-01-08,sz.000598,5.89,24633803,146763553.91,兴蓉环境,000598.SZ,-0.010135221894043145
2024-01-09,sz.000598,5.96,19489607,116026016.73,兴蓉环境,000598.SZ,0.011814483413763233
2024-01-10,sz.000598,5.93,15108615,89915474.35,兴蓉环境,000598.SZ,-0.0050462680676244265
2024-01-11,sz.000598,5.92,17357739,103253230.19,兴蓉环境,000598.SZ,-0.0016877641137196253
2024-01-12,sz.000598,5.98,23541580,141352015.96,兴蓉环境,000598.SZ,0.010084119066626096
2024-01-15,sz.000598,5.93,16708602,99406007.28,兴蓉环境,000598.SZ,-0.00839635495290647
2024-01-16,sz.000598,5.95,15025076,88869693.4,兴蓉环境,000598.SZ,0.0033670065479043387
2024-01-17,sz.000598,5.88,15973266,94643192.64,兴蓉环境,000598.SZ,-0.01183445764700286
2024-01-18,sz.000598,5.8,27197701,156288209.23,兴蓉环境,000598.SZ,-0.013698844358161821
2024-01-19,sz.000598,5.8,17600600,102268482.0,兴蓉环境,000598.SZ,0.0
2024-01-22,sz.000598,5.5,27927151,156837164.77,兴蓉环境,000598.SZ,-0.05310982531394837
2024-01-23,sz.000598,5.52,25116250,137232716.1,兴蓉环境,000598.SZ,0.0036297680505785745
2024-01-24,sz.000598,5.69,26997728,152169739.68,兴蓉环境,000598.SZ,0.030332387849235865
2024-01-25,sz.000598,5.94,24612999,144397499.31,兴蓉环境,000598.SZ,0.0429988852363139
2024-01-26,sz.000598,5.92,19669479,116569221.69,兴蓉环境,000598.SZ,-0.003372684478639254
2024-01-29,sz.000598,5.97,21235260,127224754.8,兴蓉环境,000598.SZ,0.00841047850859633
2024-01-30,sz.000598,5.87,19709300,117236661.99,兴蓉环境,000598.SZ,-0.0168922935645055
2024-01-31,sz.000598,5.83,17759024,104563193.74,兴蓉环境,000598.SZ,-0.0068376334776041325
2024-02-01,sz.000598,5.68,22709673,130640352.16,兴蓉环境,000598.SZ,-0.026065767629341208
2024-02-02,sz.000598,5.62,23721802,134797029.03,兴蓉环境,000598.SZ,-0.01061956882746018
2024-02-05,sz.000598,5.57,43451501,242041599.55,兴蓉环境,000598.SZ,-0.008936609966406994
2024-02-06,sz.000598,5.85,38798087,223022486.21,兴蓉环境,000598.SZ,0.04904660730457233
2024-02-07,sz.000598,6.2,59129407,359690042.29,兴蓉环境,000598.SZ,0.058107630807280986
2024-02-08,sz.000598,6.1,59260397,372081562.82,兴蓉环境,000598.SZ,-0.016260520871780537
2024-02-19,sz.000598,6.16,34063239,208937446.21,兴蓉环境,000598.SZ,0.00978800636616306
2024-02-20,sz.000598,6.18,20697611,128320682.96,兴蓉环境,000598.SZ,0.003241493924170946
2024-02-21,sz.000598,6.12,30839630,189641442.97,兴蓉环境,000598.SZ,-0.009756174945364737
2024-02-22,sz.000598,6.16,25267125,154501543.5,兴蓉环境,000598.SZ,0.006514681021193791
2024-02-23,sz.000598,6.09,25581518,155521986.72,兴蓉环境,000598.SZ,-0.011428695823622936
2024-02-26,sz.000598,5.86,40397801,239459332.86,兴蓉环境,000598.SZ,-0.03849847813288432
2024-02-27,sz.000598,5.9,23443800,137565696.0,兴蓉环境,000598.SZ,0.006802747322752545
2024-02-28,sz.000598,5.89,31901220,189485850.2,兴蓉环境,000598.SZ,-0.001696353248178628
2024-02-29,sz.000598,6.07,49230880,297665323.25,兴蓉环境,000598.SZ,0.03010260740791182
2024-03-01,sz.000598,6.11,34966706,213080306.58,兴蓉环境,000598.SZ,0.006568168112097039
2024-03-04,sz.000598,6.19,31271999,191049796.39,兴蓉环境,000598.SZ,0.013008313513000802
2024-03-05,sz.000598,6.2,30550004,189201839.16,兴蓉环境,000598.SZ,0.0016142053545411539
2024-03-06,sz.000598,6.23,26348322,164887538.92,兴蓉环境,000598.SZ,0.004827040748315747
2024-03-07,sz.000598,6.2,27917424,174969843.06,兴蓉环境,000598.SZ,-0.004827040748315747
2024-03-08,sz.000598,6.36,24289975,152635767.55,兴蓉环境,000598.SZ,0.02547908530098475
2024-03-11,sz.000598,6.39,24562462,156347427.82,兴蓉环境,000598.SZ,0.004705891037412702
2024-03-12,sz.000598,6.25,23382989,147332679.36,兴蓉环境,000598.SZ,-0.022152804641133228
2024-03-13,sz.000598,6.22,16632893,103292599.97,兴蓉环境,000598.SZ,-0.004811556997222244
2024-03-14,sz.000598,6.33,20869227,131946397.22,兴蓉环境,000598.SZ,0.01753032940499688
2024-03-15,sz.000598,6.37,16974200,107386782.0,兴蓉环境,000598.SZ,0.006299233427987216
2024-03-18,sz.000598,6.37,22140240,140913446.83,兴蓉环境,000598.SZ,0.0
2024-03-19,sz.000598,6.32,15199810,96581419.1,兴蓉环境,000598.SZ,-0.007880261425305957
2024-03-20,sz.000598,6.33,14621277,92192685.16,兴蓉环境,000598.SZ,0.0015810279973187402
2024-03-21,sz.000598,6.29,17738484,111485836.86,兴蓉环境,000598.SZ,-0.006339165443735695
2024-03-22,sz.000598,6.24,26352632,163714814.14,兴蓉环境,000598.SZ,-0.007980888331012848
2024-03-25,sz.000598,6.21,19920554,124641446.75,兴蓉环境,000598.SZ,-0.004819286435948866
2024-03-26,sz.000598,6.26,18856164,117286192.65,兴蓉环境,000598.SZ,0.008019289166619759
2024-03-27,sz.000598,6.22,24184290,151966403.56,兴蓉环境,000598.SZ,-0.00641027836091923
2024-03-28,sz.000598,6.21,18572400,115679715.0,兴蓉环境,000598.SZ,-0.0016090108057005281
2024-03-29,sz.000598,6.43,29628882,188719530.47,兴蓉环境,000598.SZ,0.034813642304140524
2024-04-01,sz.000598,6.44,18624377,119569102.53,兴蓉环境,000598.SZ,0.001554001866734378
2024-04-02,sz.000598,6.54,31408952,204057890.16,兴蓉环境,000598.SZ,0.015408625352844929
2024-04-03,sz.000598,6.55,20767378,135635099.56,兴蓉环境,000598.SZ,0.0015278841780532737
2024-04-08,sz.000598,6.59,22752589,150497777.81,兴蓉环境,000598.SZ,0.00608829886725526
2024-04-09,sz.000598,6.56,19328769,127372163.2,兴蓉环境,000598.SZ,-0.004562745558418291
2024-04-10,sz.000598,6.61,21247000,140208720.0,兴蓉环境,000598.SZ,0.007593050907597432
2024-04-11,sz.000598,6.73,36429628,245048339.19,兴蓉环境,000598.SZ,0.01799148979304155
2024-04-12,sz.000598,6.8,25415506,172865317.32,兴蓉环境,000598.SZ,0.010347468525424564
2024-04-15,sz.000598,6.9,36820510,254137549.93,兴蓉环境,000598.SZ,0.01459879942115272
2024-04-16,sz.000598,6.85,37525511,258776231.66,兴蓉环境,000598.SZ,-0.007272759329080003
2024-04-17,sz.000598,6.93,29968176,205578360.31,兴蓉环境,000598.SZ,0.01161116092767811
2024-04-18,sz.000598,6.86,28388805,195470537.9,兴蓉环境,000598.SZ,-0.010152371464017929
2024-04-19,sz.000598,7.23,73842066,529526913.33,兴蓉环境,000598.SZ,0.05253159443287947
2024-04-22,sz.000598,7.21,48836877,354552406.11,兴蓉环境,000598.SZ,-0.0027700848738156925
2024-04-23,sz.000598,7.16,30985595,223200079.91,兴蓉环境,000598.SZ,-0.006958970324303371
2024-04-24,sz.000598,7.2,22953189,164837348.13,兴蓉环境,000598.SZ,0.00557104504945527
2024-04-25,sz.000598,7.18,18144870,130141715.9,兴蓉环境,000598.SZ,-0.0027816429618767735
2024-04-26,sz.000598,7.06,44462557,313725481.16,兴蓉环境,000598.SZ,-0.016854331554982283
2024-04-29,sz.000598,7.05,29208607,205376157.09,兴蓉环境,000598.SZ,-0.0014174346809732175
2024-04-30,sz.000598,7.13,27882469,199235989.66,兴蓉环境,000598.SZ,0.01128361760202723
2024-05-06,sz.000598,7.34,36938017,268569242.46,兴蓉环境,000598.SZ,0.029027608200219657
2024-05-07,sz.000598,7.44,35542846,263005759.43,兴蓉环境,000598.SZ,0.01353200621857642
2024-05-08,sz.000598,7.35,23324284,172284096.42,兴蓉环境,000598.SZ,-0.012170535620255496
2024-05-09,sz.000598,7.45,24970097,185865329.76,兴蓉环境,000598.SZ,0.01351371916672317
2024-05-10,sz.000598,7.49,16292001,121788285.46,兴蓉环境,000598.SZ,0.005354765137659978
2024-05-13,sz.000598,7.62,41704632,316014746.15,兴蓉环境,000598.SZ,0.017207572169426477
2024-05-14,sz.000598,7.62,23513819,179056933.98,兴蓉环境,000598.SZ,0.0
2024-05-15,sz.000598,7.44,21532402,162159241.92,兴蓉环境,000598.SZ,-0.02390552085355413
2024-05-16,sz.000598,7.41,24362826,182103498.06,兴蓉环境,000598.SZ,-0.004040409537005019
2024-05-17,sz.000598,7.39,26089623,191604947.66,兴蓉环境,000598.SZ,-0.00270270434788511
2024-05-20,sz.000598,7.36,19477871,144199219.57,兴蓉环境,000598.SZ,-0.004067802219325678
2024-05-21,sz.000598,7.41,18333143,136036871.66,兴蓉环境,000598.SZ,0.006770506567210788
2024-05-22,sz.000598,7.35,26958215,200493361.43,兴蓉环境,000598.SZ,-0.008130126083250477
2024-05-23,sz.000598,7.27,23111778,168770976.75,兴蓉环境,000598.SZ,-0.010944021679317295
2024-05-24,sz.000598,7.38,21815955,161382089.85,兴蓉环境,000598.SZ,0.015017347066953235
2024-05-27,sz.000598,7.5,21784806,163026929.16,兴蓉环境,000598.SZ,0.016129381929883557
2024-05-28,sz.000598,7.45,16731335,124889047.45,兴蓉环境,000598.SZ,-0.006688988150796327
2024-05-29,sz.000598,7.57,22417900,168788780.6,兴蓉环境,000598.SZ,0.015979035057889224
2024-05-30,sz.000598,7.45,18075302,135552626.58,兴蓉环境,000598.SZ,-0.015979035057889224
2024-05-31,sz.000598,7.39,13619891,101163016.77,兴蓉环境,000598.SZ,-0.008086297431357803
2024-06-03,sz.000598,7.38,20773302,152944430.72,兴蓉环境,000598.SZ,-0.0013540963477294277
2024-06-04,sz.000598,7.52,22434010,167747349.49,兴蓉环境,000598.SZ,0.01879249934936711
2024-06-05,sz.000598,7.53,22004681,166693564.83,兴蓉环境,000598.SZ,0.0013289038500539085
2024-06-06,sz.000598,7.59,20276361,153989520.12,兴蓉环境,000598.SZ,0.00793654959573642
2024-06-07,sz.000598,7.92,38357650,298389114.53,兴蓉环境,000598.SZ,0.04255961441879608
2024-06-11,sz.000598,7.64,48035781,367144572.64,兴蓉环境,000598.SZ,-0.03599360264790574
2024-06-12,sz.000598,7.74,23331141,178514375.34,兴蓉环境,000598.SZ,0.013004084423207107
2024-06-13,sz.000598,7.72,23017648,178481072.75,兴蓉环境,000598.SZ,-0.0025873235649513937
2024-06-14,sz.000598,7.57,30169141,229570550.31,兴蓉环境,000598.SZ,-0.01962129658732703
2024-06-17,sz.000598,7.53,25196243,190830027.15,兴蓉环境,000598.SZ,-0.005298025637555437
2024-06-18,sz.000598,7.52,28250117,210188023.65,兴蓉环境,000598.SZ,-0.0013289038500539085
2024-06-19,sz.000598,7.46,12956357,96924711.94,兴蓉环境,000598.SZ,-0.008010723746078696
2024-06-20,sz.000598,7.38,17109755,126968284.1,兴蓉环境,000598.SZ,-0.010781775603288413
2024-06-21,sz.000598,7.46,21669634,162175154.41,兴蓉环境,000598.SZ,0.010781775603288413
2024-06-24,sz.000598,7.42,22144981,164344447.48,兴蓉环境,000598.SZ,-0.005376357036380508
2024-06-25,sz.000598,7.42,18489302,137876423.84,兴蓉环境,000598.SZ,0.0
2024-06-26,sz.000598,7.32,20569228,148726722.04,兴蓉环境,000598.SZ,-0.013568729206068886
2024-06-27,sz.000598,7.35,25865244,189590614.59,兴蓉环境,000598.SZ,0.004089985251525041
2024-06-28,sz.000598,7.52,23323250,175314267.37,兴蓉环境,000598.SZ,0.02286582473700305
2024-07-01,sz.000598,7.88,33064491,256486268.01,兴蓉环境,000598.SZ,0.04676176590803971
2024-07-02,sz.000598,7.92,25092931,196681935.52,兴蓉环境,000598.SZ,0.005063301956546695
2024-07-03,sz.000598,7.92,26456314,211687008.25,兴蓉环境,000598.SZ,0.0
2024-07-04,sz.000598,7.88,15304303,121497629.61,兴蓉环境,000598.SZ,-0.005063301956546695
2024-07-05,sz.000598,7.86,18469463,144598106.27,兴蓉环境,000598.SZ,-0.0025412974286727064
2024-07-08,sz.000598,7.91,27084584,213192257.59,兴蓉环境,000598.SZ,0.006341175338447247
2024-07-09,sz.000598,8.13,22157422,177790553.86,兴蓉环境,000598.SZ,0.027433141780156767
2024-07-10,sz.000598,7.77,33280768,261163083.73,兴蓉环境,000598.SZ,-0.04529075918016323
2024-07-11,sz.000598,7.77,22650609,176011602.8,兴蓉环境,000598.SZ,0.0
2024-07-12,sz.000598,7.81,16837480,131839197.1,兴蓉环境,000598.SZ,0.005134799472038765
2024-07-15,sz.000598,7.88,17013160,134152123.3,兴蓉环境,000598.SZ,0.00892294001819316
2024-07-16,sz.000598,7.74,16352201,126973529.26,兴蓉环境,000598.SZ,-0.01792621626815194
2024-07-17,sz.000598,7.58,22853047,174619405.65,兴蓉环境,000598.SZ,-0.02088848794735565
2024-07-18,sz.000598,7.74,19859291,151908050.11,兴蓉环境,000598.SZ,0.02088848794735565
2024-07-19,sz.000598,7.7,20319708,156662103.34,兴蓉环境,000598.SZ,-0.005181358741997766
2024-07-22,sz.000598,7.56,17984300,136669150.0,兴蓉环境,000598.SZ,-0.018349138668196652
2024-07-23,sz.000598,7.69,22695223,174565747.76,兴蓉环境,000598.SZ,0.017049593326111
2024-07-24,sz.000598,8.15,61242024,494173843.63,兴蓉环境,000598.SZ,0.058097143735218904
2024-07-25,sz.000598,8.41,66578800,555411668.3,兴蓉环境,000598.SZ,0.03140354673208501
2024-07-26,sz.000598,8.21,28970260,239217821.52,兴蓉环境,000598.SZ,-0.024068550520519594
2024-07-29,sz.000598,8.1,23224863,187838469.19,兴蓉环境,000598.SZ,-0.013488861785943662
2024-07-30,sz.000598,8.17,24499196,198691893.05,兴蓉环境,000598.SZ,0.008604847193518061
2024-07-31,sz.000598,8.0,30508686,244735808.21,兴蓉环境,000598.SZ,-0.02102736719207554
2024-08-01,sz.000598,8.02,23325147,187550742.41,兴蓉环境,000598.SZ,0.0024968801985871814
2024-08-02,sz.000598,8.12,25964514,209325331.94,兴蓉环境,000598.SZ,0.01239173229516366
2024-08-05,sz.000598,8.0,24789657,198994955.94,兴蓉环境,000598.SZ,-0.014888612493750841
2024-08-06,sz.000598,7.84,40667587,318646541.98,兴蓉环境,000598.SZ,-0.020202707317519497
2024-08-07,sz.000598,7.81,21079051,165067060.35,兴蓉环境,000598.SZ,-0.003833870510721482
2024-08-08,sz.000598,8.03,23999401,191534239.32,兴蓉环境,000598.SZ,0.027779564107075494
2024-08-09,sz.000598,7.88,13434500,106401922.0,兴蓉环境,000598.SZ,-0.018856624088882334
2024-08-12,sz.000598,7.93,13961619,110480627.66,兴蓉环境,000598.SZ,0.0063251317769688065
2024-08-13,sz.000598,7.9,10644450,84102913.5,兴蓉环境,000598.SZ,-0.0037902761737806934
2024-08-14,sz.000598,7.97,19002053,151981269.41,兴蓉环境,000598.SZ,0.008821733329147818
2024-08-15,sz.000598,8.02,15964800,127538582.0,兴蓉环境,000598.SZ,0.00625392907629907
2024-08-16,sz.000598,7.91,23749381,187310367.57,兴蓉环境,000598.SZ,-0.01381064009886046
2024-08-19,sz.000598,7.97,11868209,94140207.36,兴蓉环境,000598.SZ,0.007556711022561391
2024-08-20,sz.000598,7.89,18612330,146390231.54,兴蓉环境,000598.SZ,-0.010088357944340931
2024-08-21,sz.000598,7.89,13303677,104568510.15,兴蓉环境,000598.SZ,0.0
2024-08-22,sz.000598,8.02,15236370,121762937.32,兴蓉环境,000598.SZ,0.01634228702064
2024-08-23,sz.000598,7.76,23596146,184386981.83,兴蓉环境,000598.SZ,-0.03295608768329572
2024-08-26,sz.000598,7.4,50329840,374899760.35,兴蓉环境,000598.SZ,-0.04750233398500292
2024-08-27,sz.000598,7.36,25463028,187743472.86,兴蓉环境,000598.SZ,-0.005420067469339429
2024-08-28,sz.000598,6.71,80250218,544339224.49,兴蓉环境,000598.SZ,-0.09246098175719442
2024-08-29,sz.000598,6.7,37370424,248958770.28,兴蓉环境,000598.SZ,-0.0014914245866699538
2024-08-30,sz.000598,6.7,36286540,244181402.35,兴蓉环境,000598.SZ,0.0
2024-09-02,sz.000598,6.6,36525506,242438081.7,兴蓉环境,000598.SZ,-0.015037877364540764
2024-09-03,sz.000598,6.49,36037836,233192342.17,兴蓉环境,000598.SZ,-0.016807118316381153
2024-09-04,sz.000598,6.45,19799322,127353874.7,兴蓉环境,000598.SZ,-0.006182399908317482
2024-09-05,sz.000598,6.47,14542700,93837890.0,兴蓉环境,000598.SZ,0.003095977705128039
2024-09-06,sz.000598,6.51,24703499,160661133.66,兴蓉环境,000598.SZ,0.006163347707668798
2024-09-09,sz.000598,6.36,24401891,156688289.79,兴蓉环境,000598.SZ,-0.023311078868447188
2024-09-10,sz.000598,6.32,16685155,105334255.7,兴蓉环境,000598.SZ,-0.00630916919326463
2024-09-11,sz.000598,6.24,23280132,145182487.98,兴蓉环境,000598.SZ,-0.012739025777429802
2024-09-12,sz.000598,6.31,14370089,90451063.06,兴蓉环境,000598.SZ,0.011155494171785518
2024-09-13,sz.000598,6.36,15473049,98772122.26,兴蓉环境,000598.SZ,0.007892700798908914
2024-09-18,sz.000598,6.4,15303740,97195778.29,兴蓉环境,000598.SZ,0.006269613013595521
2024-09-19,sz.000598,6.37,18525719,117860248.12,兴蓉环境,000598.SZ,-0.004698520781554194
2024-09-20,sz.000598,6.07,55206523,338275621.23,兴蓉环境,000598.SZ,-0.04824086451266507
2024-09-23,sz.000598,6.22,34483970,211903175.16,兴蓉环境,000598.SZ,0.024411301679680975
2024-09-24,sz.000598,6.57,37893894,244841705.88,兴蓉环境,000598.SZ,0.05474392574543119
2024-09-25,sz.000598,6.79,43903147,297889957.3,兴蓉环境,000598.SZ,0.032937109074085535
2024-09-26,sz.000598,6.7,44564256,295276963.73,兴蓉环境,000598.SZ,-0.013343415173684203
2024-09-27,sz.000598,6.7,91347580,605993343.62,兴蓉环境,000598.SZ,0.0
2024-09-30,sz.000598,7.26,101287458,709260216.54,兴蓉环境,000598.SZ,0.08027230243978423
2024-10-08,sz.000598,7.4,109000824,826711299.11,兴蓉环境,000598.SZ,0.019100171373419572
2024-10-09,sz.000598,7.15,62098063,455744966.84,兴蓉环境,000598.SZ,-0.034367643504207956
2024-10-10,sz.000598,7.48,75965565,570284998.13,兴蓉环境,000598.SZ,0.045120435280469495
2024-10-11,sz.000598,7.26,29656738,217851026.53,兴蓉环境,000598.SZ,-0.02985296314968111
2024-10-14,sz.000598,7.57,41246496,311434489.66,兴蓉环境,000598.SZ,0.04181323861265285
2024-10-15,sz.000598,7.29,28521328,211729264.89,兴蓉环境,000598.SZ,-0.03768952142879067
2024-10-16,sz.000598,7.68,57803765,439387663.28,兴蓉环境,000598.SZ,0.052116001139014045
2024-10-17,sz.000598,7.2,79370070,580694045.09,兴蓉环境,000598.SZ,-0.0645385211375713
2024-10-18,sz.000598,7.2,53437723,380389759.52,兴蓉环境,000598.SZ,0.0
2024-10-21,sz.000598,7.3,44390361,320617231.96,兴蓉环境,000598.SZ,0.013793322132335861
2024-10-22,sz.000598,7.49,44723716,334860916.28,兴蓉环境,000598.SZ,0.025694449374782824
2024-10-23,sz.000598,7.55,26698839,200855252.77,兴蓉环境,000598.SZ,0.007978765731805115
2024-10-24,sz.000598,7.55,18664090,140840097.62,兴蓉环境,000598.SZ,0.0
2024-10-25,sz.000598,7.64,38151858,290472858.66,兴蓉环境,000598.SZ,0.011850039917495447
2024-10-28,sz.000598,7.71,31602388,239820517.11,兴蓉环境,000598.SZ,0.009120584396809406
2024-10-29,sz.000598,7.46,29660845,223732948.91,兴蓉环境,000598.SZ,-0.032962773359568764
2024-10-30,sz.000598,7.35,26107968,192352748.21,兴蓉环境,000598.SZ,-0.014855100990924353
2024-10-31,sz.000598,7.38,22898591,168917242.43,兴蓉环境,000598.SZ,0.00407332538763594
2024-11-01,sz.000598,7.25,27933573,204322333.72,兴蓉环境,000598.SZ,-0.01777216974579776
2024-11-04,sz.000598,7.28,19220108,138939803.12,兴蓉环境,000598.SZ,0.004129393342011234
2024-11-05,sz.000598,7.36,27351322,200688745.93,兴蓉环境,000598.SZ,0.010929070532190277
2024-11-06,sz.000598,7.38,31933264,239229095.46,兴蓉环境,000598.SZ,0.0027137058715962503
2024-11-07,sz.000598,7.57,28715622,216396853.3,兴蓉环境,000598.SZ,0.025419428836976454
2024-11-08,sz.000598,7.4,35285467,262471059.45,兴蓉环境,000598.SZ,-0.022713067239233276
2024-11-11,sz.000598,7.7,49243994,373504956.75,兴蓉环境,000598.SZ,0.039740328649513934
2024-11-12,sz.000598,7.5,27101969,205019112.12,兴蓉环境,000598.SZ,-0.026317308317373556
2024-11-13,sz.000598,7.53,18535506,138307904.45,兴蓉环境,000598.SZ,0.00399202126953746
2024-11-14,sz.000598,7.3,21729790,160527716.1,兴蓉环境,000598.SZ,-0.031020693657456633
2024-11-15,sz.000598,7.23,20085360,146822661.6,兴蓉环境,000598.SZ,-0.009635311983672068
2024-11-18,sz.000598,7.35,28384157,209263875.19,兴蓉环境,000598.SZ,0.016461277054071743
2024-11-19,sz.000598,7.41,22240978,163988762.0,兴蓉环境,000598.SZ,0.008130126083250477
2024-11-20,sz.000598,7.52,18159852,135530646.92,兴蓉环境,000598.SZ,0.014735698653752571
2024-11-21,sz.000598,7.43,15919830,118614035.06,兴蓉环境,000598.SZ,-0.012040279232080398
2024-11-22,sz.000598,7.16,25128261,182683487.32,兴蓉环境,000598.SZ,-0.03701587775711346
2024-11-25,sz.000598,7.15,18276458,130807645.56,兴蓉环境,000598.SZ,-0.0013976242666380312
2024-11-26,sz.000598,7.1,12996160,92167647.2,兴蓉环境,000598.SZ,-0.007017572658646554
2024-11-27,sz.000598,7.17,23458862,165853769.38,兴蓉环境,000598.SZ,0.009810870564259222
2024-11-28,sz.000598,7.09,24883623,175973164.96,兴蓉环境,000598.SZ,-0.01122031406749291
2024-11-29,sz.000598,7.05,22440037,158911698.86,兴蓉环境,000598.SZ,-0.005657723719858732
2024-12-02,sz.000598,7.04,18453764,130011898.92,兴蓉环境,000598.SZ,-0.0014194466542263307
2024-12-03,sz.000598,7.14,24510216,173247663.92,兴蓉环境,000598.SZ,0.014104606181541968
2024-12-04,sz.000598,7.11,16673074,118725011.91,兴蓉环境,000598.SZ,-0.004210532536343514
2024-12-05,sz.000598,7.1,11763473,83486751.58,兴蓉环境,000598.SZ,-0.001407459767879704
2024-12-06,sz.000598,7.23,23712868,170716225.97,兴蓉环境,000598.SZ,0.018144252123403648
2024-12-09,sz.000598,7.2,12226928,88088300.12,兴蓉环境,000598.SZ,-0.004158010148663793
2024-12-10,sz.000598,7.13,24115451,173508378.06,兴蓉环境,000598.SZ,-0.009769791595805044
2024-12-11,sz.000598,7.14,12408944,88702635.5,兴蓉环境,000598.SZ,0.0014015419252884076
2024-12-12,sz.000598,7.24,18059995,130003514.95,兴蓉环境,000598.SZ,0.01390843004613207
2024-12-13,sz.000598,7.08,20607050,146889048.98,兴蓉环境,000598.SZ,-0.022347298691996587
2024-12-16,sz.000598,7.21,18032483,129803191.95,兴蓉环境,000598.SZ,0.018195043591229254
2024-12-17,sz.000598,7.16,14908494,107280608.53,兴蓉环境,000598.SZ,-0.006958970324303371
2024-12-18,sz.000598,7.21,20160866,146565323.01,兴蓉环境,000598.SZ,0.006958970324303371
2024-12-19,sz.000598,7.25,18392078,132379200.94,兴蓉环境,000598.SZ,0.005532517569725615
2024-12-20,sz.000598,7.25,24474463,178141600.69,兴蓉环境,000598.SZ,0.0
2024-12-23,sz.000598,7.38,30233250,224078733.16,兴蓉环境,000598.SZ,0.01777216974579776
2024-12-24,sz.000598,7.55,27222746,204345662.93,兴蓉环境,000598.SZ,0.022773924648552324
2024-12-25,sz.000598,7.63,25943200,195592002.96,兴蓉环境,000598.SZ,0.010540282035432114
2024-12-26,sz.000598,7.49,20368008,153328259.6,兴蓉环境,000598.SZ,-0.01851904776723723
2024-12-27,sz.000598,7.66,24624725,186795845.37,兴蓉环境,000598.SZ,0.022443186223371825
2024-12-30,sz.000598,7.65,15437365,118265575.6,兴蓉环境,000598.SZ,-0.0013063359140557118
2024-12-31,sz.000598,7.59,18340302,140377310.2,兴蓉环境,000598.SZ,-0.007874056430905885
2024-01-02,sh.600036,27.58,54219480,1500865547.87,招商银行,600036.SH,
2024-01-03,sh.600036,27.77,43395588,1200383623.7,招商银行,600036.SH,0.006865428953552577
2024-01-04,sh.600036,27.81,63710249,1759101592.9,招商银行,600036.SH,0.0014393669271655085
2024-01-05,sh.600036,28.29,119063315,3376466446.93,招商银行,600036.SH,0.0171127170676022
2024-01-08,sh.600036,28.13,81682070,2305065735.92,招商银行,600036.SH,-0.005671762811710224
2024-01-09,sh.600036,28.17,55866306,1569684230.02,招商银行,600036.SH,0.0014209593865155412
2024-01-10,sh.600036,28.05,45364048,1277638873.09,招商银行,600036.SH,-0.004268949919575604
2024-01-11,sh.600036,28.38,73531826,2082611271.53,招商银行,600036.SH,0.011696039763191113
2024-01-12,sh.600036,28.54,57783201,1652242625.55,招商银行,600036.SH,0.005621940316793861
2024-01-15,sh.600036,28.77,48245229,1383953760.36,招商银行,600036.SH,0.008026565514766215
2024-01-16,sh.600036,29.13,85344024,2469511282.13,招商银行,600036.SH,0.012435393407886686
2024-01-17,sh.600036,29.19,130860146,3843478823.44,招商银行,600036.SH,0.002057613894680177
2024-01-18,sh.600036,29.58,129512645,3762050845.84,招商银行,600036.SH,0.013272272416629871
2024-01-19,sh.600036,29.73,96861623,2865398411.83,招商银行,600036.SH,0.005058179727353007
2024-01-22,sh.600036,30.25,154970267,4691297099.7,招商银行,600036.SH,0.017339547466844074
2024-01-23,sh.600036,29.99,88605552,2661547376.09,招商银行,600036.SH,-0.00863219171593288
2024-01-24,sh.600036,30.09,97489239,2904947629.04,招商银行,600036.SH,0.0033288978810359637
2024-01-25,sh.600036,30.9,123450922,3791899866.25,招商银行,600036.SH,0.02656329326174589
2024-01-26,sh.600036,31.12,100991578,3132788305.06,招商银行,600036.SH,0.0070945154064911975
2024-01-29,sh.600036,31.35,83882433,2632393040.21,招商银行,600036.SH,0.007363567768738921
2024-01-30,sh.600036,31.0,74399913,2316762500.3,招商银行,600036.SH,-0.011227062593783366
2024-01-31,sh.600036,30.71,80894928,2494516011.28,招商银行,600036.SH,-0.009398870032415463
2024-02-01,sh.600036,30.42,85970009,2621519217.61,招商银行,600036.SH,-0.009488047621584172
2024-02-02,sh.600036,30.23,98729165,2986530107.58,招商银行,600036.SH,-0.006265478039779726
2024-02-05,sh.600036,30.71,106397881,3246673368.04,招商银行,600036.SH,0.0157535256613639
2024-02-06,sh.600036,31.33,106215843,3296036540.08,招商银行,600036.SH,0.01998777051136935
2024-02-07,sh.600036,31.31,111051058,3458135329.46,招商银行,600036.SH,-0.0006385696257860118
2024-02-08,sh.600036,31.4,87300436,2728137528.15,招商银行,600036.SH,0.0028703575758934896
2024-02-19,sh.600036,31.62,87549010,2770406837.29,招商银行,600036.SH,0.006981938867118398
2024-02-20,sh.600036,31.4,60640469,1907541533.18,招商银行,600036.SH,-0.006981938867118398
2024-02-21,sh.600036,33.0,152865612,5003152628.47,招商银行,600036.SH,0.04969966855227259
2024-02-22,sh.600036,32.8,75276038,2461009464.75,招商银行,600036.SH,-0.006079046076382433
2024-02-23,sh.600036,32.95,63984872,2118316306.69,招商银行,600036.SH,0.004562745558418513
2024-02-26,sh.600036,32.25,66639018,2163023086.86,招商银行,600036.SH,-0.021473217706734715
2024-02-27,sh.600036,32.18,54349154,1746108592.02,招商银行,600036.SH,-0.00217290167754447
2024-02-28,sh.600036,32.02,68370752,2186677932.37,招商银行,600036.SH,-0.0049844339956686134
2024-02-29,sh.600036,32.04,49892829,1595634178.35,招商银行,600036.SH,0.0006244146315901311
2024-03-01,sh.600036,31.94,42717392,1361853700.99,招商银行,600036.SH,-0.003125979413292068
2024-03-04,sh.600036,31.52,59135015,1868022543.59,招商银行,600036.SH,-0.013236877797188296
2024-03-05,sh.600036,32.18,89402867,2850224114.41,招商银行,600036.SH,0.020722876574558846
2024-03-06,sh.600036,31.87,51610177,1655425115.47,招商银行,600036.SH,-0.009680013134992116
2024-03-07,sh.600036,32.0,51949197,1659111448.5,招商银行,600036.SH,0.0040707743704815336
2024-03-08,sh.600036,31.67,44107117,1399732268.57,招商银行,600036.SH,-0.010366042249178253
2024-03-11,sh.600036,31.48,73853794,2318402185.33,招商银行,600036.SH,-0.006017437001345716
2024-03-12,sh.600036,31.95,76925375,2447163517.3,招商银行,600036.SH,0.01481975727434115
2024-03-13,sh.600036,31.52,46938714,1482651383.69,招商银行,600036.SH,-0.013549915833865445
2024-03-14,sh.600036,31.25,50817498,1595073269.33,招商银行,600036.SH,-0.008602888807267561
2024-03-15,sh.600036,31.18,52078063,1621589212.64,招商银行,600036.SH,-0.0022425125527800738
2024-03-18,sh.600036,31.13,46189770,1436837360.47,招商银行,600036.SH,-0.0016048791761140713
2024-03-19,sh.600036,30.8,54702530,1688506946.37,招商银行,600036.SH,-0.010657294473987555
2024-03-20,sh.600036,31.18,49827225,1544956630.54,招商银行,600036.SH,0.012262173650101627
2024-03-21,sh.600036,31.55,64676108,2040298376.25,招商银行,600036.SH,0.011796725357591686
2024-03-22,sh.600036,31.2,55287852,1722145155.51,招商银行,600036.SH,-0.01115549417178574
2024-03-25,sh.600036,31.35,48375902,1514858504.95,招商银行,600036.SH,0.004796172263493048
2024-03-26,sh.600036,32.4,124430791,4014510510.12,招商银行,600036.SH,0.03294415571935394
2024-03-27,sh.600036,32.3,78208488,2539984050.45,招商银行,600036.SH,-0.0030911925696726072
2024-03-28,sh.600036,32.18,69474492,2242513221.65,招商银行,600036.SH,-0.003722088664373846
2024-03-29,sh.600036,32.2,51400131,1663236764.05,招商银行,600036.SH,0.0006213109861255006
2024-04-01,sh.600036,32.64,57015232,1861582315.82,招商银行,600036.SH,0.013572077545543682
2024-04-02,sh.600036,32.55,53661899,1753251096.99,招商银行,600036.SH,-0.002761161441328319
2024-04-03,sh.600036,32.23,49808163,1612691615.96,招商银行,600036.SH,-0.009879672827231456
2024-04-08,sh.600036,32.4,47729123,1544564957.26,招商银行,600036.SH,0.005260726970937046
2024-04-09,sh.600036,32.31,38477207,1248965234.89,招商银行,600036.SH,-0.0027816429618767735
2024-04-10,sh.600036,32.49,50401372,1638691786.16,招商银行,600036.SH,0.0055555698446023705
2024-04-11,sh.600036,32.3,44374773,1432073800.53,招商银行,600036.SH,-0.005865119452398204
2024-04-12,sh.600036,32.12,47820414,1540845216.23,招商银行,600036.SH,-0.005588341150049914
2024-04-15,sh.600036,32.83,76464473,2503221028.7,招商银行,600036.SH,0.021863842434940217
2024-04-16,sh.600036,32.75,74155610,2429469044.53,招商银行,600036.SH,-0.002439769432240446
2024-04-17,sh.600036,33.3,94821196,3131202073.92,招商银行,600036.SH,0.016654434905137183
2024-04-18,sh.600036,33.65,100657401,3393695785.4,招商银行,600036.SH,0.010455659104338544
2024-04-19,sh.600036,33.62,54038350,1818443520.53,招商银行,600036.SH,-0.0008919281102670595
2024-04-22,sh.600036,33.34,60753507,2034006573.12,招商银行,600036.SH,-0.008363250657821286
2024-04-23,sh.600036,33.38,51245244,1717681681.77,招商银行,600036.SH,0.0011990409110409495
2024-04-24,sh.600036,33.46,44338353,1480785928.64,招商银行,600036.SH,0.0023937773249889105
2024-04-25,sh.600036,34.4,91948180,3136628386.34,招商银行,600036.SH,0.027705868820674606
2024-04-26,sh.600036,34.48,95489883,3292052901.6,招商银行,600036.SH,0.002322881416139566
2024-04-29,sh.600036,34.88,81806412,2854804596.43,招商银行,600036.SH,0.011534153245286838
2024-04-30,sh.600036,34.31,86804180,2982962843.76,招商银行,600036.SH,-0.01647674217042061
2024-05-06,sh.600036,34.88,100070494,3501168455.64,招商银行,600036.SH,0.01647674217042061
2024-05-07,sh.600036,34.87,47384857,1649813220.86,招商银行,600036.SH,-0.0002867383532194623
2024-05-08,sh.600036,34.57,41286158,1434042864.93,招商银行,600036.SH,-0.008640606754026336
2024-05-09,sh.600036,34.84,51239131,1782846432.26,招商银行,600036.SH,0.007779898050769063
2024-05-10,sh.600036,35.62,94036570,3331360840.49,招商银行,600036.SH,0.022141125877213064
2024-05-13,sh.600036,35.91,74780026,2674602937.54,招商银行,600036.SH,0.008108530376476075
2024-05-14,sh.600036,35.34,68777884,2440460308.85,招商银行,600036.SH,-0.016000341346440905
2024-05-15,sh.600036,35.05,67494406,2361226414.76,招商银行,600036.SH,-0.008239853410951348
2024-05-16,sh.600036,36.25,129147553,4659047071.04,招商银行,600036.SH,0.03366376782008462
2024-05-17,sh.600036,36.85,91687944,3342837157.86,招商银行,600036.SH,0.016416237334661687
2024-05-20,sh.600036,36.38,91425000,3337501051.05,招商银行,600036.SH,-0.012836445545369113
2024-05-21,sh.600036,36.24,44599944,1620630879.86,招商银行,600036.SH,-0.0038556919151977453
2024-05-22,sh.600036,36.06,66447739,2398900244.02,招商银行,600036.SH,-0.004979263399607525
2024-05-23,sh.600036,35.5,92458495,3284073836.58,招商银行,600036.SH,-0.015651521293801096
2024-05-24,sh.600036,34.74,87044000,3051224758.14,招商银行,600036.SH,-0.0216409356684113
2024-05-27,sh.600036,35.14,57093814,1997775668.57,招商银行,600036.SH,0.011448321945992213
2024-05-28,sh.600036,34.83,47619058,1660811058.17,招商银行,600036.SH,-0.008860998381041263
2024-05-29,sh.600036,34.57,49104118,1703567317.85,招商银行,600036.SH,-0.00749283044437643
2024-05-30,sh.600036,34.34,55924484,1928489153.71,招商银行,600036.SH,-0.006675398464203841
2024-05-31,sh.600036,34.28,50893248,1752657846.26,招商银行,600036.SH,-0.0017487617397504707
2024-06-03,sh.600036,34.15,60811135,2071791244.88,招商银行,600036.SH,-0.003799507712780148
2024-06-04,sh.600036,34.54,53378842,1840296168.75,招商银行,600036.SH,0.011355486701733586
2024-06-05,sh.600036,33.99,69104122,2359792656.0,招商银行,600036.SH,-0.016051709010507675
2024-06-06,sh.600036,34.0,67724066,2302856624.4,招商银行,600036.SH,0.00029416090813683127
2024-06-07,sh.600036,33.99,67826559,2298090329.67,招商银行,600036.SH,-0.00029416090813683127
2024-06-11,sh.600036,33.36,69044831,2309722312.79,招商银行,600036.SH,-0.018708786217478846
2024-06-12,sh.600036,33.09,51138059,1693037687.68,招商银行,600036.SH,-0.008126455557024848
2024-06-13,sh.600036,32.82,55018421,1808251998.1,招商银行,600036.SH,-0.008193036271576304
2024-06-14,sh.600036,33.81,99167429,3324856784.77,招商银行,600036.SH,0.02971853105785005
2024-06-17,sh.600036,33.73,45768248,1539063151.58,招商银行,600036.SH,-0.0023689676462361753
2024-06-18,sh.600036,33.71,45367539,1538144777.4,招商银行,600036.SH,-0.0005931198275890281
2024-06-19,sh.600036,34.15,58593722,1997678159.05,招商银行,600036.SH,0.01296805677082924
2024-06-20,sh.600036,34.01,39246667,1336247231.5,招商银行,600036.SH,-0.00410798699769499
2024-06-21,sh.600036,33.7,52396280,1765822361.76,招商银行,600036.SH,-0.009156761660787716
2024-06-24,sh.600036,34.07,69258954,2350203463.61,招商银行,600036.SH,0.010919394314559128
2024-06-25,sh.600036,34.3,63816020,2187945493.81,招商银行,600036.SH,0.006728122499018774
2024-06-26,sh.600036,34.06,45263801,1545807548.45,招商银行,600036.SH,-0.007021678937351616
2024-06-27,sh.600036,34.26,55517260,1894891373.41,招商银行,600036.SH,0.005854817661431255
2024-06-28,sh.600036,34.19,52574940,1799951938.95,招商银行,600036.SH,-0.0020452892447639925
2024-07-01,sh.600036,34.36,47223865,1616131282.62,招商银行,600036.SH,0.004959893464845155
2024-07-02,sh.600036,35.08,86877071,3041833255.02,招商银行,600036.SH,0.020738070387927632
2024-07-03,sh.600036,34.46,69137270,2388331234.26,招商银行,600036.SH,-0.017831936404198778
2024-07-04,sh.600036,34.71,69691892,2424281265.78,招商银行,600036.SH,0.007228598773911354
2024-07-05,sh.600036,33.88,96778276,3295568198.62,招商银行,600036.SH,-0.02420296008984124
2024-07-08,sh.600036,33.99,54573002,1855611836.27,招商银行,600036.SH,0.003241493924170946
2024-07-09,sh.600036,34.47,62103701,2124005154.21,招商银行,600036.SH,0.014023016820749135
2024-07-10,sh.600036,34.68,72631424,2524474646.1,招商银行,600036.SH,0.006073771383567017
2024-07-11,sh.600036,32.9,73238896,2411951386.31,招商银行,600036.SH,-0.0526904941410149
2024-07-12,sh.600036,34.0,94490425,3199683546.91,招商银行,600036.SH,0.03288786684483558
2024-07-15,sh.600036,33.78,47460366,1605883747.16,招商银行,600036.SH,-0.006491613236507376
2024-07-16,sh.600036,33.79,45579255,1535668998.29,招商银行,600036.SH,0.00029598934654417874
2024-07-17,sh.600036,34.07,57795422,1964635267.03,招商银行,600036.SH,0.008252330946676878
2024-07-18,sh.600036,34.09,59862717,2036474279.69,招商银行,600036.SH,0.0005868544769365158
2024-07-19,sh.600036,34.25,81007218,2749172009.52,招商银行,600036.SH,0.00468247855842252
2024-07-22,sh.600036,33.34,80820577,2694241974.74,招商银行,600036.SH,-0.02692868738558607
2024-07-23,sh.600036,33.34,53875468,1803269600.31,招商银行,600036.SH,0.0
2024-07-24,sh.600036,33.18,48245294,1604648703.16,招商银行,600036.SH,-0.004810592560349658
2024-07-25,sh.600036,32.83,76207854,2496804672.67,招商银行,600036.SH,-0.010604553248797277
2024-07-26,sh.600036,32.37,60146167,1952156131.98,招商银行,600036.SH,-0.014110663575348514
2024-07-29,sh.600036,32.45,41347533,1343740115.07,招商银行,600036.SH,0.0024683752119463165
2024-07-30,sh.600036,32.42,39078161,1264925928.51,招商银行,600036.SH,-0.0009249268425688406
2024-07-31,sh.600036,32.73,59536965,1948675368.13,招商银行,600036.SH,0.009516572205559015
2024-08-01,sh.600036,32.71,40913881,1332771462.55,招商银行,600036.SH,-0.0006112469627965744
2024-08-02,sh.600036,32.28,38613024,1250037016.64,招商银行,600036.SH,-0.013232998148544617
2024-08-05,sh.600036,32.1,58441984,1884940814.96,招商银行,600036.SH,-0.005591813265777734
2024-08-06,sh.600036,31.7,51438864,1637765271.69,招商银行,600036.SH,-0.012539349252735477
2024-08-07,sh.600036,31.58,39073173,1238023516.35,招商银行,600036.SH,-0.003792672055738855
2024-08-08,sh.600036,31.93,39459978,1252394781.52,招商银行,600036.SH,0.01102199789919478
2024-08-09,sh.600036,32.33,48274847,1561254687.45,招商银行,600036.SH,0.012449585010650743
2024-08-12,sh.600036,32.12,31894321,1023447631.78,招商银行,600036.SH,-0.00651670265878046
2024-08-13,sh.600036,31.94,28237769,902009895.51,招商银行,600036.SH,-0.005619746291694483
2024-08-14,sh.600036,31.86,28244610,901196910.6,招商银行,600036.SH,-0.0025078383049641495
2024-08-15,sh.600036,32.76,73978983,2409557382.79,招商银行,600036.SH,0.027856954502966325
2024-08-16,sh.600036,33.15,41850302,1383877362.28,招商银行,600036.SH,0.01183445764700286
2024-08-19,sh.600036,33.42,42284342,1409948503.16,招商银行,600036.SH,0.008111806535376243
2024-08-20,sh.600036,33.48,42372873,1415473210.51,招商银行,600036.SH,0.0017937224540265362
2024-08-21,sh.600036,33.24,37810105,1254587420.89,招商银行,600036.SH,-0.007194275634026859
2024-08-22,sh.600036,33.3,38286399,1276718683.47,招商银行,600036.SH,0.0018034269991504814
2024-08-23,sh.600036,33.7,46558726,1561509818.1,招商银行,600036.SH,0.011940440371918104
2024-08-26,sh.600036,33.77,35117460,1182990039.64,招商银行,600036.SH,0.0020749970391604755
2024-08-27,sh.600036,33.7,38720857,1308314397.43,招商银行,600036.SH,-0.0020749970391604755
2024-08-28,sh.600036,33.68,41523208,1398682394.05,招商银行,600036.SH,-0.0005936479841901487
2024-08-29,sh.600036,32.93,51638782,1712021359.38,招商银行,600036.SH,-0.02252009298585289
2024-08-30,sh.600036,32.15,111222983,3618077500.26,招商银行,600036.SH,-0.02397164570464483
2024-09-02,sh.600036,31.93,55802065,1787602792.39,招商银行,600036.SH,-0.0068664439569374736
2024-09-03,sh.600036,31.62,50575188,1596269779.96,招商银行,600036.SH,-0.009756174945364737
2024-09-04,sh.600036,31.36,38052590,1198859445.94,招商银行,600036.SH,-0.008256636299118991
2024-09-05,sh.600036,31.2,54206345,1687017960.44,招商银行,600036.SH,-0.005115100666770456
2024-09-06,sh.600036,31.25,38318214,1206615762.41,招商银行,600036.SH,0.0016012813669741277
2024-09-09,sh.600036,30.24,87107347,2641195520.95,招商银行,600036.SH,-0.03285382487107835
2024-09-10,sh.600036,30.19,47602357,1435849554.54,招商银行,600036.SH,-0.0016548075925850725
2024-09-11,sh.600036,30.08,41579376,1249059023.11,招商银行,600036.SH,-0.0036502446371082797
2024-09-12,sh.600036,30.23,41026697,1242374644.99,招商银行,600036.SH,0.004974309709727898
2024-09-13,sh.600036,30.6,49597443,1520857906.32,招商银行,600036.SH,0.012165200166968315
2024-09-18,sh.600036,31.11,41854027,1295345114.35,招商银行,600036.SH,0.016529301951210496
2024-09-19,sh.600036,30.82,45119126,1393040941.69,招商银行,600036.SH,-0.009365481017575839
2024-09-20,sh.600036,30.94,48741755,1505998311.92,招商银行,600036.SH,0.0038860152529500702
2024-09-23,sh.600036,31.39,34460872,1076332364.96,招商银行,600036.SH,0.014439525708942469
2024-09-24,sh.600036,33.13,136121800,4427310186.16,招商银行,600036.SH,0.053949845457942125
2024-09-25,sh.600036,34.15,185624279,6327661420.97,招商银行,600036.SH,0.030323369704994274
2024-09-26,sh.600036,35.38,174532999,6068657571.58,招商银行,600036.SH,0.03538410271484027
2024-09-27,sh.600036,35.63,74545782,2653812670.19,招商银行,600036.SH,0.0070412908861055
2024-09-30,sh.600036,37.61,256101260,9443438268.16,招商银行,600036.SH,0.05408199286450044
2024-10-08,sh.600036,40.0,297303868,11999361938.23,招商银行,600036.SH,0.06160948163169122
2024-10-09,sh.600036,37.01,185593210,7113813984.51,招商银行,600036.SH,-0.07769130771587163
2024-10-10,sh.600036,38.73,143329841,5528664144.44,招商银行,600036.SH,0.045426347128596056
2024-10-11,sh.600036,38.43,90347580,3498241860.07,招商银行,600036.SH,-0.007776088949908111
2024-10-14,sh.600036,39.33,129293839,5076841419.76,招商银行,600036.SH,0.023149181866965574
2024-10-15,sh.600036,38.5,95597653,3755705942.07,招商银行,600036.SH,-0.021329345149979417
2024-10-16,sh.600036,39.5,101254815,3963555264.71,招商银行,600036.SH,0.025642430613337375
2024-10-17,sh.600036,38.49,84892228,3315820470.75,招商银行,600036.SH,-0.025902204611421453
2024-10-18,sh.600036,39.05,92819433,3603949497.55,招商银行,600036.SH,0.01444440899004018
2024-10-21,sh.600036,38.85,71753946,2780905731.18,招商银行,600036.SH,-0.0051347994720383205
2024-10-22,sh.600036,39.17,60052610,2352800199.33,招商银行,600036.SH,0.00820307086408345
2024-10-23,sh.600036,39.66,62709968,2482861345.38,招商银行,600036.SH,0.012431975413909946
2024-10-24,sh.600036,39.31,33631220,1323826642.8,招商银行,600036.SH,-0.008864183657880886
2024-10-25,sh.600036,39.1,44793119,1756222718.62,招商银行,600036.SH,-0.005356472442449078
2024-10-28,sh.600036,38.52,66464094,2559210507.21,招商银行,600036.SH,-0.01494488006139516
2024-10-29,sh.600036,38.6,51468161,1990283153.71,招商银行,600036.SH,0.0020746895408603194
2024-10-30,sh.600036,37.88,70340828,2680423056.42,招商银行,600036.SH,-0.018829008152907445
2024-10-31,sh.600036,37.36,85039251,3173924098.64,招商银行,600036.SH,-0.01382265495723578
2024-11-01,sh.600036,38.01,70310211,2671523514.7,招商银行,600036.SH,0.017248669640515413
2024-11-04,sh.600036,38.75,64661209,2466019719.36,招商银行,600036.SH,0.019281472798198696
2024-11-05,sh.600036,39.08,62874476,2445317943.24,招商银行,600036.SH,0.008480071375225773
2024-11-06,sh.600036,38.56,64833629,2501077844.66,招商银行,600036.SH,-0.013395357432236743
2024-11-07,sh.600036,39.57,74347218,2904874006.19,招商银行,600036.SH,0.02585578565498814
2024-11-08,sh.600036,38.8,74536846,2920926027.06,招商银行,600036.SH,-0.019651008768105438
2024-11-11,sh.600036,38.33,70314555,2682610299.31,招商银行,600036.SH,-0.012187367236764057
2024-11-12,sh.600036,37.59,89328928,3399364219.33,招商银行,600036.SH,-0.019494821816377073
2024-11-13,sh.600036,37.82,48530440,1833809094.23,招商银行,600036.SH,0.0061000056542250825
2024-11-14,sh.600036,38.06,67644030,2585688545.7,招商银行,600036.SH,0.006325798637691893
2024-11-15,sh.600036,37.82,69927688,2671344641.85,招商银行,600036.SH,-0.006325798637691893
2024-11-18,sh.600036,37.9,76344807,2918992439.92,招商银行,600036.SH,0.0021130488580691775
2024-11-19,sh.600036,37.72,52124855,1967719175.31,招商银行,600036.SH,-0.004760654323124225
2024-11-20,sh.600036,37.48,45129126,1693331536.28,招商银行,600036.SH,-0.006383000395035143
2024-11-21,sh.600036,37.43,35033614,1309684433.41,招商银行,600036.SH,-0.0013349354538840785
2024-11-22,sh.600036,36.45,69049090,2544524441.33,招商银行,600036.SH,-0.02653106346167
2024-11-25,sh.600036,36.22,53409473,1945383409.77,招商银行,600036.SH,-0.006330005999400257
2024-11-26,sh.600036,36.39,45942121,1666651768.42,招商银行,600036.SH,0.004682559168801337
2024-11-27,sh.600036,36.6,39207688,1429782933.46,招商银行,600036.SH,0.005754228783251936
2024-11-28,sh.600036,36.47,45193910,1647865702.09,招商银行,600036.SH,-0.0035582355867314064
2024-11-29,sh.600036,36.34,66437999,2437776752.38,招商银行,600036.SH,-0.0035709418525637915
2024-12-02,sh.600036,36.51,42465209,1548959359.88,招商银行,600036.SH,0.004667132699520238
2024-12-03,sh.600036,37.12,72198609,2658919819.02,招商银行,600036.SH,0.016569712250454227
2024-12-04,sh.600036,36.81,62051124,2285383468.94,招商银行,600036.SH,-0.008386360527069758
2024-12-05,sh.600036,36.91,56894934,2108115264.79,招商银行,600036.SH,0.002712969650977115
2024-12-06,sh.600036,37.7,87723587,3296793041.63,招商银行,600036.SH,0.021177577412057946
2024-12-09,sh.600036,37.7,49299535,1859542282.67,招商银行,600036.SH,0.0
2024-12-10,sh.600036,38.6,103895319,4022695500.78,招商银行,600036.SH,0.023592182016820118
2024-12-11,sh.600036,38.3,51770936,1988895959.33,招商银行,600036.SH,-0.0078023802841848955
2024-12-12,sh.600036,38.8,58688876,2267252620.6,招商银行,600036.SH,0.01297035044262751
2024-12-13,sh.600036,37.3,111798280,4213094969.05,招商银行,600036.SH,-0.03942691997945813
2024-12-16,sh.600036,37.74,64031589,2409086953.59,招商银行,600036.SH,0.01172721329063453
2024-12-17,sh.600036,37.85,60310408,2287237539.47,招商银行,600036.SH,0.002910439943053511
2024-12-18,sh.600036,38.52,80585536,3101731956.18,招商银行,600036.SH,0.017546607046467155
2024-12-19,sh.600036,38.02,61119582,2336249857.06,招商银行,600036.SH,-0.013065249869641526
2024-12-20,sh.600036,37.91,54215038,2060744582.24,招商银行,600036.SH,-0.0028974075320400416
2024-12-23,sh.600036,38.35,90269156,3473126152.19,招商银行,600036.SH,0.011539598285021935
2024-12-24,sh.600036,39.22,99342846,3875223368.27,招商银行,600036.SH,0.022432292954935207
2024-12-25,sh.600036,39.4,75591307,2972981820.97,招商银行,600036.SH,0.0045789955356876355
2024-12-26,sh.600036,39.48,53925194,2125139424.63,招商银行,600036.SH,0.002028398261392894
2024-12-27,sh.600036,39.34,70031955,2742768758.49,招商银行,600036.SH,-0.003552401604367983
2024-12-30,sh.600036,39.62,67884533,2690314729.02,招商银行,600036.SH,0.007092228309491855
2024-12-31,sh.600036,39.3,64371699,2549055493.94,招商银行,600036.SH,-0.008109522395189472
2024-01-02,sh.600519,1685.01,3215644,5440082548.08,贵州茅台,600519.SH,
2024-01-03,sh.600519,1694.0,2022929,3411400667.33,贵州茅台,600519.SH,0.005321097725047075
2024-01-04,sh.600519,1669.0,2155107,3603970147.13,贵州茅台,600519.SH,-0.014867951550164626
2024-01-05,sh.600519,1663.36,2024286,3373155626.7,贵州茅台,600519.SH,-0.0033849916487636023
2024-01-08,sh.600519,1643.99,2558620,4211918629.14,贵州茅台,600519.SH,-0.011713439140506487
2024-01-09,sh.600519,1641.0,2441204,4009826495.98,贵州茅台,600519.SH,-0.0018204017824734464
2024-01-10,sh.600519,1641.5,1735067,2856120717.95,贵州茅台,600519.SH,0.0003046458515560957
2024-01-11,sh.600519,1646.57,1644055,2708764500.37,贵州茅台,600519.SH,0.003083878395596429
2024-01-12,sh.600519,1643.06,1160324,1908084612.39,贵州茅台,600519.SH,-0.0021339794031591808
2024-01-15,sh.600519,1640.0,1785403,2931202342.59,贵州茅台,600519.SH,-0.0018641151158407254
2024-01-16,sh.600519,1639.43,2590314,4236042959.79,贵州茅台,600519.SH,-0.00034762138892396877
2024-01-17,sh.600519,1577.0,5163276,8251735591.39,贵州茅台,600519.SH,-0.03882431246628126
2024-01-18,sh.600519,1610.87,6043981,9566349513.74,贵州茅台,600519.SH,0.02125009773754094
2024-01-19,sh.600519,1635.0,4637843,7550144389.15,贵州茅台,600519.SH,0.014868398630774493
2024-01-22,sh.600519,1642.0,4694589,7678297835.81,贵州茅台,600519.SH,0.004272206681019242
2024-01-23,sh.600519,1619.0,3483490,5659457114.74,贵州茅台,600519.SH,-0.01410633633473779
2024-01-24,sh.600519,1626.0,3321635,5373603703.01,贵州茅台,600519.SH,0.004314336430120136
2024-01-25,sh.600519,1638.0,3120580,5094508164.92,贵州茅台,600519.SH,0.0073529743052596075
2024-01-26,sh.600519,1637.32,2695475,4402111882.29,贵州茅台,600519.SH,-0.0004152266097792179
2024-01-29,sh.600519,1650.0,3142068,5189014946.07,贵州茅台,600519.SH,0.007714529091390254
2024-01-30,sh.600519,1613.0,3086633,5010784454.24,贵州茅台,600519.SH,-0.022679488769417055
2024-01-31,sh.600519,1604.91,2964912,4770104890.59,贵州茅台,600519.SH,-0.005028118899696565
2024-02-01,sh.600519,1610.03,2648515,4272298575.76,贵州茅台,600519.SH,0.003185132119766898
2024-02-02,sh.600519,1596.0,3938202,6336691193.66,贵州茅台,600519.SH,-0.008752313335524953
2024-02-05,sh.600519,1630.01,5313036,8590683070.98,贵州茅台,600519.SH,0.021085650741559547
2024-02-06,sh.600519,1676.0,5247204,8740646588.38,贵州茅台,600519.SH,0.027823852290714157
2024-02-07,sh.600519,1710.99,5260107,8899606866.71,贵州茅台,600519.SH,0.020662148297726723
2024-02-08,sh.600519,1706.0,4675654,7953438044.01,贵州茅台,600519.SH,-0.0029207012881302674
2024-02-19,sh.600519,1695.43,3697744,6288277979.62,贵州茅台,600519.SH,-0.006215053094625667
2024-02-20,sh.600519,1670.0,3447007,5755266893.46,贵州茅台,600519.SH,-0.015112769546198557
2024-02-21,sh.600519,1717.66,4615407,7868784081.7,贵州茅台,600519.SH,0.02813927300754937
2024-02-22,sh.600519,1718.38,2279361,3905984694.84,贵州茅台,600519.SH,0.0004190870947597958
2024-02-23,sh.600519,1714.09,2730589,4670706949.89,贵州茅台,600519.SH,-0.002499658982462627
2024-02-26,sh.600519,1694.98,2731832,4625594409.39,贵州茅台,600519.SH,-0.011211386195739692
2024-02-27,sh.600519,1689.5,2207985,3718478357.63,贵州茅台,600519.SH,-0.0032383141805629734
2024-02-28,sh.600519,1681.55,3186731,5371312846.96,贵州茅台,600519.SH,-0.004716640060769883
2024-02-29,sh.600519,1695.0,2475833,4184917973.12,贵州茅台,600519.SH,0.007966753720975994
2024-03-01,sh.600519,1685.06,2686796,4526845398.15,贵州茅台,600519.SH,-0.005881569353443972
2024-03-04,sh.600519,1676.3,2648477,4434401015.25,贵州茅台,600519.SH,-0.005212187823874004
2024-03-05,sh.600519,1695.1,3623837,6102136582.12,贵州茅台,600519.SH,0.011152752487207707
2024-03-06,sh.600519,1680.55,2214248,3725582802.23,贵州茅台,600519.SH,-0.008620615352205263
2024-03-07,sh.600519,1683.63,2159912,3633934773.86,贵州茅台,600519.SH,0.0018310559247973757
2024-03-08,sh.600519,1671.43,2215623,3710678521.73,贵州茅台,600519.SH,-0.007272629266008579
2024-03-11,sh.600519,1694.49,2989509,5048394347.37,贵州茅台,600519.SH,0.013702263152814531
2024-03-12,sh.600519,1745.0,5422654,9393309052.2,贵州茅台,600519.SH,0.029372745052689275
2024-03-13,sh.600519,1727.45,2649954,4588879420.47,贵州茅台,600519.SH,-0.010108222973633119
2024-03-14,sh.600519,1716.63,1940479,3338768307.9,贵州茅台,600519.SH,-0.006283266124635034
2024-03-15,sh.600519,1717.49,1783358,3066692399.05,贵州茅台,600519.SH,0.0005008561249919552
2024-03-18,sh.600519,1708.26,2605501,4446059129.61,贵州茅台,600519.SH,-0.00538861407540292
2024-03-19,sh.600519,1708.02,2394753,4093701260.68,贵州茅台,600519.SH,-0.00014050370601648154
2024-03-20,sh.600519,1709.6,1524925,2604543856.37,贵州茅台,600519.SH,0.0009246201231061235
2024-03-21,sh.600519,1709.0,1659597,2839332631.35,贵州茅台,600519.SH,-0.0003510208893473532
2024-03-22,sh.600519,1701.35,2545614,4318592818.22,贵州茅台,600519.SH,-0.00448635056881308
2024-03-25,sh.600519,1689.01,2447285,4131446236.95,贵州茅台,600519.SH,-0.007279495093389876
2024-03-26,sh.600519,1709.29,2806907,4782899074.34,贵州茅台,600519.SH,0.011935521143625394
2024-03-27,sh.600519,1701.0,1811258,3087792980.39,贵州茅台,600519.SH,-0.0048617662011514184
2024-03-28,sh.600519,1701.64,2464218,4201857059.18,贵州茅台,600519.SH,0.0003761785011331398
2024-03-29,sh.600519,1702.9,1345655,2290584417.12,贵州茅台,600519.SH,0.0007401881355644235
2024-04-01,sh.600519,1721.33,2713137,4679371034.95,贵州茅台,600519.SH,0.010764567780642942
2024-04-02,sh.600519,1713.99,2544925,4360973684.11,贵州茅台,600519.SH,-0.004273261978214649
2024-04-03,sh.600519,1715.11,2904580,5002390041.83,贵州茅台,600519.SH,0.0006532326498653873
2024-04-08,sh.600519,1666.66,5916659,9907355766.28,贵州茅台,600519.SH,-0.02865559474472512
2024-04-09,sh.600519,1662.22,2558982,4256226332.6,贵州茅台,600519.SH,-0.002667565447167952
2024-04-10,sh.600519,1647.98,2763050,4562853879.72,贵州茅台,600519.SH,-0.008603762819514138
2024-04-11,sh.600519,1648.0,2276624,3736417594.65,贵州茅台,600519.SH,1.2135995971718216e-05
2024-04-12,sh.600519,1634.03,2674433,4403968129.45,贵州茅台,600519.SH,-0.008513075364888323
2024-04-15,sh.600519,1672.98,3581771,5960815531.8,贵州茅台,600519.SH,0.023557111238214468
2024-04-16,sh.600519,1670.0,2626623,4382796962.26,贵州茅台,600519.SH,-0.0017828409319431415
2024-04-17,sh.600519,1667.0,2481911,4130322017.81,贵州茅台,600519.SH,-0.001798022660006282
2024-04-18,sh.600519,1670.78,2656841,4445487745.15,贵州茅台,600519.SH,0.002264979486959362
2024-04-19,sh.600519,1646.64,2349992,3879233241.82,贵州茅台,600519.SH,-0.01455373518700842
2024-04-22,sh.600519,1675.06,2995139,5001684634.65,贵州茅台,600519.SH,0.01711213746239082
2024-04-23,sh.600519,1692.28,2497995,4217855278.96,贵州茅台,600519.SH,0.010227746595530718
2024-04-24,sh.600519,1693.6,1708643,2893555635.0,贵州茅台,600519.SH,0.0007797087119882917
2024-04-25,sh.600519,1693.04,1447648,2447183878.84,贵州茅台,600519.SH,-0.0003307112684565183
2024-04-26,sh.600519,1709.43,3099592,5290248521.35,贵州茅台,600519.SH,0.009634252043269065
2024-04-29,sh.600519,1704.0,4133223,7072096590.12,贵州茅台,600519.SH,-0.003181553206206722
2024-04-30,sh.600519,1705.0,3075989,5273902374.34,贵州茅台,600519.SH,0.0005866823283566802
2024-05-06,sh.600519,1760.2,5990949,10504351711.51,贵州茅台,600519.SH,0.03186232822209423
2024-05-07,sh.600519,1770.0,2492452,4413196426.02,贵州茅台,600519.SH,0.00555210762816305
2024-05-08,sh.600519,1763.97,1476909,2603293863.23,贵州茅台,600519.SH,-0.0034125959484763158
2024-05-09,sh.600519,1756.0,2238734,3929804849.36,贵州茅台,600519.SH,-0.004528455424336109
2024-05-10,sh.600519,1738.98,2620661,4571398242.25,贵州茅台,600519.SH,-0.009739760769479133
2024-05-13,sh.600519,1706.0,3766212,6435415673.6,贵州茅台,600519.SH,-0.01914728537395849
2024-05-14,sh.600519,1701.98,2127417,3623282672.07,贵州茅台,600519.SH,-0.0023591698686633578
2024-05-15,sh.600519,1700.0,1573876,2677203002.27,贵州茅台,600519.SH,-0.0011640281386542384
2024-05-16,sh.600519,1704.5,2967954,5048754768.56,贵州茅台,600519.SH,0.00264356153365064
2024-05-17,sh.600519,1715.0,2892388,4936920634.17,贵州茅台,600519.SH,0.006141268022082258
2024-05-20,sh.600519,1709.0,3142572,5401389334.87,贵州茅台,600519.SH,-0.0035046764844492984
2024-05-21,sh.600519,1705.0,1629339,2776847499.0,贵州茅台,600519.SH,-0.002343293397973234
2024-05-22,sh.600519,1697.71,2028568,3443977766.96,贵州茅台,600519.SH,-0.004284826596176572
2024-05-23,sh.600519,1692.01,1888497,3199923320.08,贵州茅台,600519.SH,-0.003363112807252655
2024-05-24,sh.600519,1677.08,2021663,3401323914.95,贵州茅台,600519.SH,-0.008862985395039047
2024-05-27,sh.600519,1670.12,2509791,4199001866.34,贵州茅台,600519.SH,-0.004158705802463025
2024-05-28,sh.600519,1664.64,2352087,3923020375.14,贵州茅台,600519.SH,-0.003286596296454114
2024-05-29,sh.600519,1674.0,1965128,3289173344.7,贵州茅台,600519.SH,0.005607088229188761
2024-05-30,sh.600519,1649.0,3220792,5333306808.36,贵州茅台,600519.SH,-0.01504692848982181
2024-05-31,sh.600519,1648.45,2185665,3617654788.02,贵州茅台,600519.SH,-0.00033359111137443165
2024-06-03,sh.600519,1639.39,3026105,4966041477.44,贵州茅台,600519.SH,-0.005511231040505216
2024-06-04,sh.600519,1653.2,2084108,3432497302.98,贵州茅台,600519.SH,0.008388582229858166
2024-06-05,sh.600519,1644.0,1905557,3140824328.04,贵州茅台,600519.SH,-0.005580507021452519
2024-06-06,sh.600519,1639.81,2561005,4205700983.23,贵州茅台,600519.SH,-0.0025519151679711527
2024-06-07,sh.600519,1619.18,3352455,5453120695.46,贵州茅台,600519.SH,-0.012660533209947644
2024-06-11,sh.600519,1569.0,7024676,11090577610.06,贵州茅台,600519.SH,-0.031481374505173854
2024-06-12,sh.600519,1571.68,3317050,5230086503.44,贵州茅台,600519.SH,0.0017066371935268165
2024-06-13,sh.600519,1555.01,3618597,5654938942.06,贵州茅台,600519.SH,-0.010663134465735524
2024-06-14,sh.600519,1555.0,5951416,9177637168.06,贵州茅台,600519.SH,-6.430847489191649e-06
2024-06-17,sh.600519,1541.5,4831816,7400883242.87,贵州茅台,600519.SH,-0.008719577287129354
2024-06-18,sh.600519,1521.5,4125825,6317590942.71,贵州茅台,600519.SH,-0.013059277989179385
2024-06-19,sh.600519,1501.0,4126153,6167728415.75,贵州茅台,600519.SH,-0.013565137703563934
2024-06-20,sh.600519,1500.1,2471068,3715924984.07,贵州茅台,600519.SH,-0.0005997800986170532
2024-06-21,sh.600519,1471.0,4331997,6418543742.21,贵州茅台,600519.SH,-0.019589330933406757
2024-06-24,sh.600519,1476.55,6383993,9319362390.13,贵州茅台,600519.SH,0.003765843876425201
2024-06-25,sh.600519,1486.65,4209795,6273919386.3,贵州茅台,600519.SH,0.00681698104296391
2024-06-26,sh.600519,1489.22,2956977,4414601922.25,贵州茅台,600519.SH,0.0017272264170991036
2024-06-27,sh.600519,1490.49,3282178,4857959457.24,贵州茅台,600519.SH,0.0008524319996929819
2024-06-28,sh.600519,1467.39,3858202,5699649046.86,贵州茅台,600519.SH,-0.01561961245537713
2024-07-01,sh.600519,1440.38,3216138,4636689118.2,贵州茅台,600519.SH,-0.01857834483585563
2024-07-02,sh.600519,1490.7,5185298,7659166816.23,贵州茅台,600519.SH,0.03433884062999848
2024-07-03,sh.600519,1500.0,3157326,4740808130.08,贵州茅台,600519.SH,0.006219299813916557
2024-07-04,sh.600519,1485.74,2437973,3637968895.24,贵州茅台,600519.SH,-0.00955214347361899
2024-07-05,sh.600519,1453.0,3882938,5664477336.47,贵州茅台,600519.SH,-0.022282580046399936
2024-07-08,sh.600519,1420.0,3952705,5657951348.41,贵州茅台,600519.SH,-0.02297351297497574
2024-07-09,sh.600519,1438.03,3362071,4807957927.36,贵州茅台,600519.SH,0.01261724977683265
2024-07-10,sh.600519,1437.59,2376322,3436693365.45,贵州茅台,600519.SH,-0.00030602096482468255
2024-07-11,sh.600519,1462.09,2902014,4236960596.17,贵州茅台,600519.SH,0.0168988185152239
2024-07-12,sh.600519,1478.82,2338634,3451132647.99,贵州茅台,600519.SH,0.011377553527791129
2024-07-15,sh.600519,1474.9,1917626,2835374730.12,贵州茅台,600519.SH,-0.0026542815848733525
2024-07-16,sh.600519,1476.0,2031644,2998367128.33,贵州茅台,600519.SH,0.0007455352949614635
2024-07-17,sh.600519,1501.4,3431101,5115680654.19,贵州茅台,600519.SH,0.017062279978484085
2024-07-18,sh.600519,1497.51,2887039,4337214600.94,贵州茅台,600519.SH,-0.0025942773752669623
2024-07-19,sh.600519,1525.62,3894291,5888615144.79,贵州茅台,600519.SH,0.018597156032869044
2024-07-22,sh.600519,1499.0,2854321,4300813309.97,贵州茅台,600519.SH,-0.01760266569390634
2024-07-23,sh.600519,1455.0,3094396,4555460197.63,贵州茅台,600519.SH,-0.029792318497004366
2024-07-24,sh.600519,1440.02,2412255,3490200972.8,贵州茅台,600519.SH,-0.010348898243107918
2024-07-25,sh.600519,1430.49,2834656,4054086714.05,贵州茅台,600519.SH,-0.006639959459494804
2024-07-26,sh.600519,1422.19,3235379,4594928574.1,贵州茅台,600519.SH,-0.005819105838158478
2024-07-29,sh.600519,1398.02,3086907,4342610099.97,贵州茅台,600519.SH,-0.017140987221763382
2024-07-30,sh.600519,1379.99,5177904,7103491565.79,贵州茅台,600519.SH,-0.012980697094884697
2024-07-31,sh.600519,1421.28,4327232,6098149721.25,贵州茅台,600519.SH,0.02948162127320675
2024-08-01,sh.600519,1386.16,3203810,4470988088.03,贵州茅台,600519.SH,-0.025020539818799037
2024-08-02,sh.600519,1385.45,2192769,3041726371.64,贵州茅台,600519.SH,-0.0005123376056017648
2024-08-05,sh.600519,1410.01,3773607,5327127146.61,贵州茅台,600519.SH,0.017571799948655986
2024-08-06,sh.600519,1404.7,2744433,3860735014.17,贵州茅台,600519.SH,-0.0037730397087818446
2024-08-07,sh.600519,1415.5,2062221,2910580747.04,贵州茅台,600519.SH,0.007659068715089923
2024-08-08,sh.600519,1430.69,2513082,3592705429.82,贵州茅台,600519.SH,0.010674019810389623
2024-08-09,sh.600519,1436.8,3013849,4368705515.28,贵州茅台,600519.SH,0.004261573185591061
2024-08-12,sh.600519,1436.1,1363203,1956573437.91,贵州茅台,600519.SH,-0.0004873124813613572
2024-08-13,sh.600519,1423.01,1630843,2317037755.64,贵州茅台,600519.SH,-0.009156759594525887
2024-08-14,sh.600519,1413.3,1341431,1898377426.46,贵州茅台,600519.SH,-0.006846951097942089
2024-08-15,sh.600519,1426.89,2303897,3275699572.4,贵州茅台,600519.SH,0.009569855338273037
2024-08-16,sh.600519,1431.2,1645470,2349825846.1,贵州茅台,600519.SH,0.003016002482130631
2024-08-19,sh.600519,1425.44,2043279,2942106435.2,贵州茅台,600519.SH,-0.004032715222175298
2024-08-20,sh.600519,1422.72,1859138,2644814343.58,贵州茅台,600519.SH,-0.0019100056365566331
2024-08-21,sh.600519,1417.58,1509165,2144746551.03,贵州茅台,600519.SH,-0.0036193399366286627
2024-08-22,sh.600519,1410.05,1952729,2750868072.63,贵州茅台,600519.SH,-0.005326027662753141
2024-08-23,sh.600519,1414.99,1532046,2166499201.67,贵州茅台,600519.SH,0.003497299178160773
2024-08-26,sh.600519,1412.0,1562841,2207595460.92,贵州茅台,600519.SH,-0.0021153248613687836
2024-08-27,sh.600519,1404.07,1365740,1920770569.55,贵州茅台,600519.SH,-0.00563197716041941
2024-08-28,sh.600519,1389.0,3166351,4388025874.57,贵州茅台,600519.SH,-0.010791098138423827
2024-08-29,sh.600519,1413.3,2747161,3864270620.62,贵州茅台,600519.SH,0.017343331619761315
2024-08-30,sh.600519,1443.19,3873923,5576118648.81,贵州茅台,600519.SH,0.020928545863684533
2024-09-02,sh.600519,1395.0,3413459,4801049927.2,贵州茅台,600519.SH,-0.03396152598232405
2024-09-03,sh.600519,1410.0,1788760,2516125842.32,贵州茅台,600519.SH,0.010695289116748441
2024-09-04,sh.600519,1400.0,1421109,1995221417.23,贵州茅台,600519.SH,-0.0071174677688645716
2024-09-05,sh.600519,1404.88,1450295,2033680838.85,贵州茅台,600519.SH,0.0034796532642493716
2024-09-06,sh.600519,1398.0,1032104,1445537257.09,贵州茅台,600519.SH,-0.004909246073843576
2024-09-09,sh.600519,1375.0,2863755,3950086824.52,贵州茅台,600519.SH,-0.016588912693084268
2024-09-10,sh.600519,1378.0,1980284,2737295643.84,贵州茅台,600519.SH,0.002179441472932808
2024-09-11,sh.600519,1380.0,2099577,2892932793.68,贵州茅台,600519.SH,0.0014503265776459884
2024-09-12,sh.600519,1335.06,4794831,6482445000.4,贵州茅台,600519.SH,-0.033107264506618606
2024-09-13,sh.600519,1304.13,5600511,7329376916.85,贵州茅台,600519.SH,-0.023440082875541002
2024-09-18,sh.600519,1266.9,4618531,5895948010.82,贵州茅台,600519.SH,-0.02896318016108257
2024-09-19,sh.600519,1261.0,5998821,7623739997.16,贵州茅台,600519.SH,-0.0046679146430879115
2024-09-20,sh.600519,1263.92,3998184,5038507834.94,贵州茅台,600519.SH,0.002312945599673988
2024-09-23,sh.600519,1261.54,4554969,5809791682.27,贵州茅台,600519.SH,-0.0018848057023896914
2024-09-24,sh.600519,1372.6,10041281,13297277523.01,贵州茅台,600519.SH,0.08437355461232965
2024-09-25,sh.600519,1399.0,7395380,10420109654.75,贵州茅台,600519.SH,0.01905094419094766
2024-09-26,sh.600519,1529.0,9727806,14269262657.31,贵州茅台,600519.SH,0.08885623126358055
2024-09-27,sh.600519,1629.2,8792167,14050260568.94,贵州茅台,600519.SH,0.06347516984519519
2024-09-30,sh.600519,1748.0,15729341,26982747037.24,贵州茅台,600519.SH,0.07038318044122338
2024-10-08,sh.600519,1723.0,19470947,35114075007.04,贵州茅台,600519.SH,-0.0144053196875511
2024-10-09,sh.600519,1595.15,12019684,19708432734.0,贵州茅台,600519.SH,-0.07709918184368636
2024-10-10,sh.600519,1640.0,7460342,12198964035.35,贵州茅台,600519.SH,0.027728466134000485
2024-10-11,sh.600519,1604.99,4191471,6764982707.43,贵州茅台,600519.SH,-0.021578715803132198
2024-10-14,sh.600519,1601.99,4481202,7181350821.99,贵州茅台,600519.SH,-0.0018709196035429088
2024-10-15,sh.600519,1554.25,4357143,6884141868.65,贵州茅台,600519.SH,-0.030253492262121817
2024-10-16,sh.600519,1522.5,4666440,7140169692.29,贵州茅台,600519.SH,-0.02063939356539457
2024-10-17,sh.600519,1494.6,3945955,5964778957.87,贵州茅台,600519.SH,-0.01849510808786281
2024-10-18,sh.600519,1541.0,6861930,10418043491.5,贵州茅台,600519.SH,0.030572943823925947
2024-10-21,sh.600519,1528.8,4200790,6433918335.41,贵州茅台,600519.SH,-0.007948442394051902
2024-10-22,sh.600519,1543.0,3626913,5607826491.64,贵州茅台,600519.SH,0.009245459437097203
2024-10-23,sh.600519,1567.5,4008846,6259600035.07,贵州茅台,600519.SH,0.015753420143915342
2024-10-24,sh.600519,1552.2,2392280,3723973209.08,贵州茅台,600519.SH,-0.009808714087037984
2024-10-25,sh.600519,1558.85,2774508,4328271350.73,贵州茅台,600519.SH,0.0042750904859572
2024-10-28,sh.600519,1565.0,3912140,6064453667.74,贵州茅台,600519.SH,0.003937454068258184
2024-10-29,sh.600519,1531.62,4116578,6368105233.47,贵州茅台,600519.SH,-0.02155982521662292
2024-10-30,sh.600519,1532.0,3200574,4913175982.5,贵州茅台,600519.SH,0.0002480725429059305
2024-10-31,sh.600519,1527.79,2995735,4575545180.01,贵州茅台,600519.SH,-0.0027518245740383307
2024-11-01,sh.600519,1533.75,3228392,4954302212.43,贵州茅台,600519.SH,0.0038934702986228586
2024-11-04,sh.600519,1548.2,2909292,4481761763.89,贵州茅台,600519.SH,0.009377248745492395
2024-11-05,sh.600519,1576.99,4564047,7134443463.85,贵州茅台,600519.SH,0.018425001018229636
2024-11-06,sh.600519,1571.0,3763143,5916917616.45,贵州茅台,600519.SH,-0.0038056075332217887
2024-11-07,sh.600519,1649.14,7473872,12074951756.99,贵州茅台,600519.SH,0.048541580639539283
2024-11-08,sh.600519,1609.97,6077120,9885645907.13,贵州茅台,600519.SH,-0.024038394630631288
2024-11-11,sh.600519,1598.01,4385365,6957095385.27,贵州茅台,600519.SH,-0.007456440135611864
2024-11-12,sh.600519,1577.2,4922266,7844798676.34,贵州茅台,600519.SH,-0.013107982125445616
2024-11-13,sh.600519,1578.5,2912526,4594445032.46,贵州茅台,600519.SH,0.0008239059945749361
2024-11-14,sh.600519,1573.8,2924814,4617144097.2,贵州茅台,600519.SH,-0.0029819518971638814
2024-11-15,sh.600519,1559.0,3376112,5295326891.85,贵州茅台,600519.SH,-0.00944848704310619
2024-11-18,sh.600519,1559.0,2709219,4237197498.8,贵州茅台,600519.SH,0.0
2024-11-19,sh.600519,1541.92,3326643,5138831154.7,贵州茅台,600519.SH,-0.01101619695479883
2024-11-20,sh.600519,1544.81,2134455,3292675256.92,贵州茅台,600519.SH,0.0018725323202559707
2024-11-21,sh.600519,1545.13,1826179,2810933514.72,贵州茅台,600519.SH,0.00020712376366116558
2024-11-22,sh.600519,1507.82,3343611,5107288992.25,贵州茅台,600519.SH,-0.024443150138596437
2024-11-25,sh.600519,1498.57,3318556,5011136233.94,贵州茅台,600519.SH,-0.006153579002569742
2024-11-26,sh.600519,1509.0,2574479,3876885983.6,贵州茅台,600519.SH,0.006935859722120519
2024-11-27,sh.600519,1519.05,2593417,3927607771.64,贵州茅台,600519.SH,0.00663795967855485
2024-11-28,sh.600519,1518.0,2395203,3627662381.97,贵州茅台,600519.SH,-0.0006914604908292432
2024-11-29,sh.600519,1525.74,3608810,5534035503.38,贵州茅台,600519.SH,0.0050858592938558544
2024-12-02,sh.600519,1525.0,2681954,4086609951.57,贵州茅台,600519.SH,-0.00048512820791835054
2024-12-03,sh.600519,1526.74,2480662,3777197199.46,贵州茅台,600519.SH,0.0011403331794657134
2024-12-04,sh.600519,1520.0,2392389,3626565543.56,贵州茅台,600519.SH,-0.00442440838065572
2024-12-05,sh.600519,1511.0,1614147,2441318386.64,贵州茅台,600519.SH,-0.0059386515675825535
2024-12-06,sh.600519,1521.01,3203969,4883148600.25,贵州茅台,600519.SH,0.006602904586899605
2024-12-09,sh.600519,1518.8,1979986,3008173585.89,贵州茅台,600519.SH,-0.0014540385019925495
2024-12-10,sh.600519,1546.59,6031210,9421340719.37,贵州茅台,600519.SH,0.018131958000445536
2024-12-11,sh.600519,1535.6,2967112,4569662604.07,贵州茅台,600519.SH,-0.0071313232314498265
2024-12-12,sh.600519,1565.8,4193652,6510547810.41,贵州茅台,600519.SH,0.01947569134717142
2024-12-13,sh.600519,1519.0,4951197,7580908314.92,贵州茅台,600519.SH,-0.030344651878040807
2024-12-16,sh.600519,1527.2,3253710,4945298799.42,贵州茅台,600519.SH,0.005383769815765049
2024-12-17,sh.600519,1558.0,5417163,8398945449.11,贵州茅台,600519.SH,0.01996695401915538
2024-12-18,sh.600519,1571.5,4116226,6440801970.64,贵州茅台,600519.SH,0.008627629806928994
2024-12-19,sh.600519,1551.01,2480932,3862602664.96,贵州茅台,600519.SH,-0.013124245628612918
2024-12-20,sh.600519,1522.0,2815774,4307425534.89,贵州茅台,600519.SH,-0.018881072187378223
2024-12-23,sh.600519,1526.45,2160269,3300971423.71,贵州茅台,600519.SH,0.0029195185493149367
2024-12-24,sh.600519,1538.82,2210492,3394160299.01,贵州茅台,600519.SH,0.00807111096336044
2024-12-25,sh.600519,1530.0,1712339,2621061878.27,贵州茅台,600519.SH,-0.005748153547825652
2024-12-26,sh.600519,1527.79,1828651,2798840002.83,贵州茅台,600519.SH,-0.001445488659983063
2024-12-27,sh.600519,1528.97,2075932,3170191444.57,贵州茅台,600519.SH,0.0007720593429736411
2024-12-30,sh.600519,1525.0,2512982,3849542646.36,贵州茅台,600519.SH,-0.002599896027959403
2024-12-31,sh.600519,1524.0,3935445,6033540366.22,贵州茅台,600519.SH,-0.000655952794920367
2024-01-02,sh.601398,4.79,207181111,995101442.25,工商银行,601398.SH,
2024-01-03,sh.601398,4.84,248895427,1201719345.71,工商银行,601398.SH,0.010384309305716544
2024-01-04,sh.601398,4.89,286567559,1396443521.13,工商银行,601398.SH,0.0102775827582402
2024-01-05,sh.601398,4.87,286074720,1403610998.36,工商银行,601398.SH,-0.004098366392282005
2024-01-08,sh.601398,4.88,325225728,1588242673.12,工商银行,601398.SH,0.0020512827705572168
2024-01-09,sh.601398,4.88,225734456,1097994736.76,工商银行,601398.SH,0.0
2024-01-10,sh.601398,4.85,234243492,1138531555.13,工商银行,601398.SH,-0.006166514915664001
2024-01-11,sh.601398,4.78,330666851,1587950047.3,工商银行,601398.SH,-0.014538158446027127
2024-01-12,sh.601398,4.81,230066493,1105695049.23,工商银行,601398.SH,0.006256537614305113
2024-01-15,sh.601398,4.86,181048290,874409886.8,工商银行,601398.SH,0.010341353794732777
2024-01-16,sh.601398,4.89,248039913,1207827030.99,工商银行,601398.SH,0.006153865574378026
2024-01-17,sh.601398,4.84,276631705,1349034065.55,工商银行,601398.SH,-0.0102775827582402
2024-01-18,sh.601398,4.85,523277295,2503424283.83,工商银行,601398.SH,0.0020639842208514114
2024-01-19,sh.601398,4.89,386721535,1875529373.06,工商银行,601398.SH,0.008213598537388789
2024-01-22,sh.601398,4.89,442063513,2173336065.95,工商银行,601398.SH,0.0
2024-01-23,sh.601398,4.89,310748810,1515560674.06,工商银行,601398.SH,0.0
2024-01-24,sh.601398,4.97,334847464,1650534904.78,工商银行,601398.SH,0.0162275366217568
2024-01-25,sh.601398,5.01,343758376,1721285076.56,工商银行,601398.SH,0.008016074988236088
2024-01-26,sh.601398,5.09,389936754,1970826386.99,工商银行,601398.SH,0.01584191546565794
2024-01-29,sh.601398,5.16,384404139,1981081369.23,工商银行,601398.SH,0.013658748931040021
2024-01-30,sh.601398,5.13,291481662,1498554325.78,工商银行,601398.SH,-0.005830920310793131
2024-01-31,sh.601398,5.17,296385863,1525456799.32,工商银行,601398.SH,0.007767029337659492
2024-02-01,sh.601398,5.14,299371509,1544401622.3,工商银行,601398.SH,-0.005819609053264063
2024-02-02,sh.601398,5.17,407597819,2103998355.72,工商银行,601398.SH,0.005819609053264063
2024-02-05,sh.601398,5.29,615938832,3242203982.0,工商银行,601398.SH,0.02294555734987025
2024-02-06,sh.601398,5.32,564913691,3006603607.53,工商银行,601398.SH,0.0056550574833451606
2024-02-07,sh.601398,5.23,775335496,4010563947.25,工商银行,601398.SH,-0.017062025276721515
2024-02-08,sh.601398,5.16,465369343,2383629315.55,工商银行,601398.SH,-0.013474698583360256
2024-02-19,sh.601398,5.27,479714386,2503180355.72,工商银行,601398.SH,0.021093783059799476
2024-02-20,sh.601398,5.35,305978096,1626681256.3,工商银行,601398.SH,0.015066198354644289
2024-02-21,sh.601398,5.41,346734893,1875270275.05,工商银行,601398.SH,0.011152531950475053
2024-02-22,sh.601398,5.42,223127868,1204599969.42,工商银行,601398.SH,0.0018467225931646514
2024-02-23,sh.601398,5.48,358318546,1967299035.59,工商银行,601398.SH,0.011009285508369437
2024-02-26,sh.601398,5.32,367717860,1977747711.37,工商银行,601398.SH,-0.029631797606371135
2024-02-27,sh.601398,5.3,294099947,1560959829.14,工商银行,601398.SH,-0.0037664827954770885
2024-02-28,sh.601398,5.33,380609395,2021720032.59,工商银行,601398.SH,0.005644417619677045
2024-02-29,sh.601398,5.33,252077765,1342717318.36,工商银行,601398.SH,0.0
2024-03-01,sh.601398,5.34,247751146,1317310135.72,工商银行,601398.SH,0.0018744147943503542
2024-03-04,sh.601398,5.32,255757275,1359409109.73,工商银行,601398.SH,-0.0037523496185503102
2024-03-05,sh.601398,5.46,429846712,2323265995.55,工商银行,601398.SH,0.025975486403260417
2024-03-06,sh.601398,5.35,352787155,1910626811.12,工商银行,601398.SH,-0.020352228848898424
2024-03-07,sh.601398,5.38,307459409,1650760689.84,工商银行,601398.SH,0.005591813265777956
2024-03-08,sh.601398,5.39,247200399,1328152979.5,工商银行,601398.SH,0.001857010747212673
2024-03-11,sh.601398,5.37,224302648,1200710433.17,工商银行,601398.SH,-0.0037174764001324245
2024-03-12,sh.601398,5.2,511714772,2688688960.19,工商银行,601398.SH,-0.03216928293339172
2024-03-13,sh.601398,5.17,300360721,1555083540.91,工商银行,601398.SH,-0.005785937067043889
2024-03-14,sh.601398,5.19,241311421,1253072994.29,工商银行,601398.SH,0.0038610086574595304
2024-03-15,sh.601398,5.21,225861420,1177297473.72,工商银行,601398.SH,0.0038461585874782767
2024-03-18,sh.601398,5.18,191173451,991424880.43,工商银行,601398.SH,-0.005774799493883931
2024-03-19,sh.601398,5.15,202804619,1048062766.24,工商银行,601398.SH,-0.005808341595746835
2024-03-20,sh.601398,5.2,245397599,1270999033.04,工商银行,601398.SH,0.009661910911736848
2024-03-21,sh.601398,5.22,205106253,1069468123.33,工商银行,601398.SH,0.00383877630716567
2024-03-22,sh.601398,5.25,265784434,1390667474.97,工商银行,601398.SH,0.0057306747089851395
2024-03-25,sh.601398,5.29,237408100,1252612474.8,工商银行,601398.SH,0.0075901692666755505
2024-03-26,sh.601398,5.33,243359624,1289061751.02,工商银行,601398.SH,0.007532992307545117
2024-03-27,sh.601398,5.36,290707855,1558334370.25,工商银行,601398.SH,0.005612736904957671
2024-03-28,sh.601398,5.25,397889768,2091220999.33,工商银行,601398.SH,-0.02073589847917834
2024-03-29,sh.601398,5.28,229812271,1217142787.08,工商银行,601398.SH,0.005698021114637797
2024-04-01,sh.601398,5.29,201919927,1069899178.48,工商银行,601398.SH,0.0018921481520377537
2024-04-02,sh.601398,5.34,314250134,1675629707.17,工商银行,601398.SH,0.00940740710189547
2024-04-03,sh.601398,5.33,218224133,1164487633.17,工商银行,601398.SH,-0.0018744147943503542
2024-04-08,sh.601398,5.4,307046883,1649825520.07,工商银行,601398.SH,0.013047715392475734
2024-04-09,sh.601398,5.33,313915016,1683877064.05,工商银行,601398.SH,-0.013047715392475734
2024-04-10,sh.601398,5.34,244947247,1311190476.63,工商银行,601398.SH,0.0018744147943503542
2024-04-11,sh.601398,5.32,200263755,1064148839.67,工商银行,601398.SH,-0.0037523496185503102
2024-04-12,sh.601398,5.32,248394369,1321908574.24,工商银行,601398.SH,0.0
2024-04-15,sh.601398,5.42,401243940,2162688285.87,工商银行,601398.SH,0.018622512098001698
2024-04-16,sh.601398,5.47,400069253,2183179672.86,工商银行,601398.SH,0.009182800982334927
2024-04-17,sh.601398,5.5,332204161,1811875417.65,工商银行,601398.SH,0.005469475804535495
2024-04-18,sh.601398,5.52,387972759,2153809249.22,工商银行,601398.SH,0.0036297680505785745
2024-04-19,sh.601398,5.55,255940597,1421250834.26,工商银行,601398.SH,0.005420067469339207
2024-04-22,sh.601398,5.48,327521249,1813431120.56,工商银行,601398.SH,-0.012692826798418766
2024-04-23,sh.601398,5.5,330912967,1827802629.43,工商银行,601398.SH,0.0036429912785009844
2024-04-24,sh.601398,5.47,236025975,1292875949.28,工商银行,601398.SH,-0.005469475804535495
2024-04-25,sh.601398,5.49,165074556,903595425.34,工商银行,601398.SH,0.003649639087549561
2024-04-26,sh.601398,5.4,471033131,2563059301.26,工商银行,601398.SH,-0.016529301951210496
2024-04-29,sh.601398,5.38,349015064,1882123563.21,工商银行,601398.SH,-0.0037105793965357403
2024-04-30,sh.601398,5.43,260174383,1410153798.77,工商银行,601398.SH,0.009250759772150952
2024-05-06,sh.601398,5.37,405871400,2189241442.19,工商银行,601398.SH,-0.011111225425070703
2024-05-07,sh.601398,5.4,278163143,1495708239.99,工商银行,601398.SH,0.005571045049455492
2024-05-08,sh.601398,5.41,296767233,1608594647.3,工商银行,601398.SH,0.0018501392881613565
2024-05-09,sh.601398,5.38,240195598,1293993946.34,工商银行,601398.SH,-0.005560718684697097
2024-05-10,sh.601398,5.4,264686114,1429642027.39,工商银行,601398.SH,0.0037105793965357403
2024-05-13,sh.601398,5.41,239093956,1289851740.3,工商银行,601398.SH,0.0018501392881613565
2024-05-14,sh.601398,5.37,257866693,1387229377.99,工商银行,601398.SH,-0.0074211843376168485
2024-05-15,sh.601398,5.38,142708145,766846437.15,工商银行,601398.SH,0.0018604656529197516
2024-05-16,sh.601398,5.41,297188855,1603335345.67,工商银行,601398.SH,0.005560718684697097
2024-05-17,sh.601398,5.47,383001626,2079470079.92,工商银行,601398.SH,0.011029523575499578
2024-05-20,sh.601398,5.46,331820267,1817190584.84,工商银行,601398.SH,-0.0018298266770762073
2024-05-21,sh.601398,5.5,273676042,1498524385.88,工商银行,601398.SH,0.0072993024816117025
2024-05-22,sh.601398,5.51,245844077,1356650239.52,工商银行,601398.SH,0.0018165309263977747
2024-05-23,sh.601398,5.49,224162538,1231956386.58,工商银行,601398.SH,-0.003636367643383709
2024-05-24,sh.601398,5.44,226186085,1238699583.99,工商银行,601398.SH,-0.009149194653587989
2024-05-27,sh.601398,5.48,215568186,1178996873.65,工商银行,601398.SH,0.0073260400920729385
2024-05-28,sh.601398,5.49,195724015,1074148916.08,工商银行,601398.SH,0.0018231545615150502
2024-05-29,sh.601398,5.47,227719946,1247889692.1,工商银行,601398.SH,-0.003649639087549561
2024-05-30,sh.601398,5.44,223985068,1219754897.43,工商银行,601398.SH,-0.005499555566038428
2024-05-31,sh.601398,5.43,203742314,1110323552.33,工商银行,601398.SH,-0.0018399269220072956
2024-06-03,sh.601398,5.44,215772721,1171716313.54,工商银行,601398.SH,0.0018399269220072956
2024-06-04,sh.601398,5.47,175628796,958146650.75,工商银行,601398.SH,0.005499555566038428
2024-06-05,sh.601398,5.46,188997545,1031778716.41,工商银行,601398.SH,-0.0018298266770762073
2024-06-06,sh.601398,5.46,237521446,1298076591.65,工商银行,601398.SH,0.0
2024-06-07,sh.601398,5.52,297294346,1633744047.22,工商银行,601398.SH,0.010929070532190277
2024-06-11,sh.601398,5.44,333761444,1829863373.32,工商银行,601398.SH,-0.014598799421152497
2024-06-12,sh.601398,5.4,323476183,1745522079.8,工商银行,601398.SH,-0.007380107297622507
2024-06-13,sh.601398,5.43,180474450,977764799.1,工商银行,601398.SH,0.005540180375615211
2024-06-14,sh.601398,5.5,369814097,2027587054.7,工商银行,601398.SH,0.012808958292581218
2024-06-17,sh.601398,5.43,273785828,1489815818.37,工商银行,601398.SH,-0.012808958292581218
2024-06-18,sh.601398,5.45,201065032,1091725781.36,工商银行,601398.SH,0.003676474729308765
2024-06-19,sh.601398,5.5,247937006,1360484559.85,工商银行,601398.SH,0.009132483563272453
2024-06-20,sh.601398,5.52,213376662,1175329568.93,工商银行,601398.SH,0.0036297680505785745
2024-06-21,sh.601398,5.51,224827378,1239151678.16,工商银行,601398.SH,-0.0018132371241807999
2024-06-24,sh.601398,5.57,331721147,1839293338.43,工商银行,601398.SH,0.010830430774369626
2024-06-25,sh.601398,5.6,292474147,1633949389.27,工商银行,601398.SH,0.00537154380191085
2024-06-26,sh.601398,5.63,252470534,1420409161.65,工商银行,601398.SH,0.005342844410495484
2024-06-27,sh.601398,5.7,315653580,1788966260.8,工商银行,601398.SH,0.01235673268890558
2024-06-28,sh.601398,5.7,268553336,1525746419.53,工商银行,601398.SH,0.0
2024-07-01,sh.601398,5.82,320284626,1854826331.93,工商银行,601398.SH,0.02083408690284183
2024-07-02,sh.601398,5.97,377040533,2234061030.0,工商银行,601398.SH,0.02544666566116427
2024-07-03,sh.601398,5.89,274371879,1619018145.76,工商银行,601398.SH,-0.013490929741015512
2024-07-04,sh.601398,5.96,261898011,1556909212.32,工商银行,601398.SH,0.011814483413763233
2024-07-05,sh.601398,5.83,399311982,2341435824.86,工商银行,601398.SH,-0.022053480714857354
2024-07-08,sh.601398,5.89,288364882,1699967172.11,工商银行,601398.SH,0.010238997301094122
2024-07-09,sh.601398,5.94,295534319,1746477243.58,工商银行,601398.SH,0.008453135711058435
2024-07-10,sh.601398,6.0,287630133,1720936653.36,工商银行,601398.SH,0.010050335853501347
2024-07-11,sh.601398,5.93,376798473,2229396342.55,工商银行,601398.SH,-0.011735256218420975
2024-07-12,sh.601398,6.08,400967281,2418946580.64,工商银行,601398.SH,0.024980482968441686
2024-07-15,sh.601398,6.2,428958260,2640918176.64,工商银行,601398.SH,0.01954459607297032
2024-07-16,sh.601398,5.89,503559121,2966243649.39,工商银行,601398.SH,-0.051293294387550814
2024-07-17,sh.601398,5.91,321899185,1898464087.54,工商银行,601398.SH,0.0033898337545117396
2024-07-18,sh.601398,5.91,255386418,1505808654.52,工商银行,601398.SH,0.0
2024-07-19,sh.601398,5.91,360143972,2112440787.75,工商银行,601398.SH,0.0
2024-07-22,sh.601398,5.84,323060657,1879506551.97,工商银行,601398.SH,-0.011915034577871353
2024-07-23,sh.601398,6.01,508143809,3034821326.97,工商银行,601398.SH,0.028693951706980636
2024-07-24,sh.601398,6.06,318449785,1929595589.64,工商银行,601398.SH,0.008285051534106858
2024-07-25,sh.601398,6.06,411478668,2488088459.84,工商银行,601398.SH,0.0
2024-07-26,sh.601398,5.93,415945631,2462785200.31,工商银行,601398.SH,-0.021685587071589074
2024-07-29,sh.601398,5.98,261893127,1555917030.87,工商银行,601398.SH,0.00839635495290647
2024-07-30,sh.601398,5.99,249533509,1490211571.21,工商银行,601398.SH,0.0016708441648176642
2024-07-31,sh.601398,5.85,461472959,2712777024.06,工商银行,601398.SH,-0.023649750883593113
2024-08-01,sh.601398,5.88,373139397,2178941279.03,工商银行,601398.SH,0.005115100666770456
2024-08-02,sh.601398,5.88,281415849,1655728285.17,工商银行,601398.SH,0.0
2024-08-05,sh.601398,5.87,319544631,1883504218.11,工商银行,601398.SH,-0.0017021280705302733
2024-08-06,sh.601398,5.8,275470037,1604677489.95,工商银行,601398.SH,-0.011996716287631548
2024-08-07,sh.601398,5.82,227015219,1326499664.82,工商银行,601398.SH,0.003442344190972779
2024-08-08,sh.601398,5.87,187175943,1095813857.56,工商银行,601398.SH,0.008554372096658769
2024-08-09,sh.601398,5.92,185078805,1091650499.07,工商银行,601398.SH,0.00848181505590917
2024-08-12,sh.601398,5.99,225847836,1350053507.27,工商银行,601398.SH,0.01175496323144376
2024-08-13,sh.601398,6.0,240418694,1445004522.57,工商银行,601398.SH,0.0016680571006968403
2024-08-14,sh.601398,6.02,188044815,1129757322.22,工商银行,601398.SH,0.0033277900926746984
2024-08-15,sh.601398,6.05,206740074,1247677389.84,工商银行,601398.SH,0.004971012722020385
2024-08-16,sh.601398,6.14,270194042,1647386714.11,工商银行,601398.SH,0.014766470116301056
2024-08-19,sh.601398,6.27,338863514,2104346757.21,工商银行,601398.SH,0.02095161248577826
2024-08-20,sh.601398,6.39,399597420,2534261643.48,工商银行,601398.SH,0.018957913744614086
2024-08-21,sh.601398,6.3,331588320,2088630841.85,工商银行,601398.SH,-0.014184634991956546
2024-08-22,sh.601398,6.42,350230155,2236501391.91,工商银行,601398.SH,0.018868484304382926
2024-08-23,sh.601398,6.46,265657420,1706372379.6,工商银行,601398.SH,0.006211200092640645
2024-08-26,sh.601398,6.43,267311089,1712684369.51,工商银行,601398.SH,-0.004654779544982501
2024-08-27,sh.601398,6.53,323249644,2103729869.81,工商银行,601398.SH,0.015432405038811714
2024-08-28,sh.601398,6.49,314722513,2043853154.0,工商银行,601398.SH,-0.006144412572341107
2024-08-29,sh.601398,6.22,557314746,3505246233.8,工商银行,601398.SH,-0.0424926239649106
2024-08-30,sh.601398,5.98,880782347,5320880798.8,工商银行,601398.SH,-0.03934933878854752
2024-09-02,sh.601398,5.94,568240173,3379236044.28,工商银行,601398.SH,-0.006711434587986842
2024-09-03,sh.601398,5.76,648640129,3742967423.84,工商银行,601398.SH,-0.030771658666753687
2024-09-04,sh.601398,5.71,392331435,2240822276.85,工商银行,601398.SH,-0.008718451039881003
2024-09-05,sh.601398,5.63,383530775,2163978357.85,工商银行,601398.SH,-0.014109581516319913
2024-09-06,sh.601398,5.64,290696812,1651910319.41,工商银行,601398.SH,0.0017746233583684212
2024-09-09,sh.601398,5.61,282126704,1576623850.75,工商银行,601398.SH,-0.005333345975362391
2024-09-10,sh.601398,5.67,368343232,2088218471.51,工商银行,601398.SH,0.010638398205055744
2024-09-11,sh.601398,5.54,359763384,1999982571.28,工商银行,601398.SH,-0.02319461698046843
2024-09-12,sh.601398,5.54,286853563,1582711060.56,工商银行,601398.SH,0.0
2024-09-13,sh.601398,5.56,234048696,1301691997.92,工商银行,601398.SH,0.003603607503298578
2024-09-18,sh.601398,5.68,246839404,1391412406.91,工商银行,601398.SH,0.02135312447056892
2024-09-19,sh.601398,5.65,280996806,1583072175.3,工商银行,601398.SH,-0.005295687574710106
2024-09-20,sh.601398,5.67,282832321,1602117689.03,工商银行,601398.SH,0.0035335725813110397
2024-09-23,sh.601398,5.72,227037687,1292978895.36,工商银行,601398.SH,0.00877968765204562
2024-09-24,sh.601398,6.0,605204899,3559231106.61,工商银行,601398.SH,0.04779066383634856
2024-09-25,sh.601398,6.04,629820829,3830867832.56,工商银行,601398.SH,0.006644542718668545
2024-09-26,sh.601398,6.2,521674373,3190823779.25,工商银行,601398.SH,0.026145280104322488
2024-09-27,sh.601398,6.01,687209271,4133669631.96,工商银行,601398.SH,-0.03112454350392979
2024-09-30,sh.601398,6.18,1616174183,9720369051.49,工商银行,601398.SH,0.02789352292248326
2024-10-08,sh.601398,6.12,1688226172,10602986872.65,工商银行,601398.SH,-0.009756174945364737
2024-10-09,sh.601398,6.04,1009071781,6133595303.1,工商银行,601398.SH,-0.01315808457751122
2024-10-10,sh.601398,6.27,1091528147,6791738965.55,工商银行,601398.SH,0.037372342698105854
2024-10-11,sh.601398,6.27,529952828,3337751103.73,工商银行,601398.SH,0.0
2024-10-14,sh.601398,6.47,789921118,5078881016.55,工商银行,601398.SH,0.031399753867979774
2024-10-15,sh.601398,6.26,492769157,3131385265.13,工商银行,601398.SH,-0.03299592340080193
2024-10-16,sh.601398,6.36,414614580,2634359939.38,工商银行,601398.SH,0.01584819224002354
2024-10-17,sh.601398,6.29,328081317,2079129206.25,工商银行,601398.SH,-0.011067306639681584
2024-10-18,sh.601398,6.32,514452181,3236239706.78,工商银行,601398.SH,0.004758137446416955
2024-10-21,sh.601398,6.16,568464907,3510955376.43,工商银行,601398.SH,-0.025642430613337597
2024-10-22,sh.601398,6.14,431271479,2648200619.27,工商银行,601398.SH,-0.0032520353863774165
2024-10-23,sh.601398,6.14,306854479,1883772583.17,工商银行,601398.SH,0.0
2024-10-24,sh.601398,6.16,288789477,1778302541.46,工商银行,601398.SH,0.0032520353863774165
2024-10-25,sh.601398,6.12,284528999,1742297127.51,工商银行,601398.SH,-0.006514681021193791
2024-10-28,sh.601398,6.07,329536371,1995022237.36,工商银行,601398.SH,-0.008203491452827727
2024-10-29,sh.601398,6.06,293860704,1785953206.74,工商银行,601398.SH,-0.0016488049901839386
2024-10-30,sh.601398,6.01,305412004,1839999984.48,工商银行,601398.SH,-0.008285051534106858
2024-10-31,sh.601398,6.04,305287998,1844805161.13,工商银行,601398.SH,0.004979263399607303
2024-11-01,sh.601398,6.15,451237925,2760339811.5,工商银行,601398.SH,0.018048069871703154
2024-11-04,sh.601398,6.13,318060458,1937583730.02,工商银行,601398.SH,-0.0032573318703066345
2024-11-05,sh.601398,6.15,312510781,1914855699.36,工商银行,601398.SH,0.0032573318703066345
2024-11-06,sh.601398,6.09,345023115,2106283783.01,工商银行,601398.SH,-0.00980400009662108
2024-11-07,sh.601398,6.15,379448763,2318559913.17,工商银行,601398.SH,0.00980400009662108
2024-11-08,sh.601398,6.11,330042436,2021389761.12,工商银行,601398.SH,-0.006525308634922622
2024-11-11,sh.601398,6.04,398730171,2410772376.99,工商银行,601398.SH,-0.011522761236780532
2024-11-12,sh.601398,6.0,329274155,1984275396.38,工商银行,601398.SH,-0.006644542718668545
2024-11-13,sh.601398,6.04,343885792,2075207458.38,工商银行,601398.SH,0.006644542718668545
2024-11-14,sh.601398,6.07,373526484,2271181110.09,工商银行,601398.SH,0.004954593124683493
2024-11-15,sh.601398,6.05,384523275,2337086118.73,工商银行,601398.SH,-0.0033003330286569543
2024-11-18,sh.601398,6.19,693242480,4282442406.2,工商银行,601398.SH,0.022876814653754796
2024-11-19,sh.601398,6.15,429498710,2648795350.77,工商银行,601398.SH,-0.00648300487807818
2024-11-20,sh.601398,6.14,268242057,1649596255.53,工商银行,601398.SH,-0.0016273396593755596
2024-11-21,sh.601398,6.13,180910703,1107466761.46,工商银行,601398.SH,-0.001629992210931075
2024-11-22,sh.601398,6.05,297820281,1814510785.77,工商银行,601398.SH,-0.013136477905369981
2024-11-25,sh.601398,6.07,290372207,1770698664.23,工商银行,601398.SH,0.0033003330286569543
2024-11-26,sh.601398,6.16,330004149,2021400612.94,工商银行,601398.SH,0.014718172474021518
2024-11-27,sh.601398,6.2,288317376,1783808193.73,工商银行,601398.SH,0.006472514505617477
2024-11-28,sh.601398,6.19,201840011,1248696414.72,工商银行,601398.SH,-0.0016142053545411539
2024-11-29,sh.601398,6.15,290646513,1796519083.84,工商银行,601398.SH,-0.00648300487807818
2024-12-02,sh.601398,6.13,241747989,1480654066.81,工商银行,601398.SH,-0.0032573318703066345
2024-12-03,sh.601398,6.21,338517203,2090169389.62,工商银行,601398.SH,0.01296614599726742
2024-12-04,sh.601398,6.26,357231531,2228037036.98,工商银行,601398.SH,0.008019289166619759
2024-12-05,sh.601398,6.26,264528322,1659231377.58,工商银行,601398.SH,0.0
2024-12-06,sh.601398,6.32,311963037,1968098516.42,工商银行,601398.SH,0.00953902304675891
2024-12-09,sh.601398,6.32,312743296,1982868640.44,工商银行,601398.SH,0.0
2024-12-10,sh.601398,6.42,437294605,2792561331.88,工商银行,601398.SH,0.015698909543103712
2024-12-11,sh.601398,6.31,387000336,2461585209.93,工商银行,601398.SH,-0.017282441148747996
2024-12-12,sh.601398,6.42,290184474,1851706027.92,工商银行,601398.SH,0.017282441148747996
2024-12-13,sh.601398,6.39,389098441,2494595253.51,工商银行,601398.SH,-0.00468384931242638
2024-12-16,sh.601398,6.53,471572594,3074595962.69,工商银行,601398.SH,0.021672674898896238
2024-12-17,sh.601398,6.51,313847722,2053036753.26,工商银行,601398.SH,-0.0030674870678617516
2024-12-18,sh.601398,6.59,348942453,2301576368.53,工商银行,601398.SH,0.012213892293937878
2024-12-19,sh.601398,6.49,361528511,2360581313.1,工商银行,601398.SH,-0.015290817798417233
2024-12-20,sh.601398,6.53,376548842,2467195131.39,工商银行,601398.SH,0.006144412572341107
2024-12-23,sh.601398,6.7,487110027,3253676275.04,工商银行,601398.SH,0.02570058310858081
2024-12-24,sh.601398,6.78,464147368,3126875531.62,工商银行,601398.SH,0.011869575555383705
2024-12-25,sh.601398,6.94,636090132,4411842457.16,工商银行,601398.SH,0.02332467256640891
2024-12-26,sh.601398,6.93,487252264,3343500771.65,工商银行,601398.SH,-0.001441961316901219
2024-12-27,sh.601398,6.92,510704060,3503590981.78,工商银行,601398.SH,-0.0014440435722335998
2024-12-30,sh.601398,6.95,482330317,3342787448.98,工商银行,601398.SH,0.004325889947122574
2024-12-31,sh.601398,6.92,520980174,3632600717.62,工商银行,601398.SH,-0.004325889947122574
2024-01-02,sh.601857,7.14,122608689,873933752.22,中国石油,601857.SH,
2024-01-03,sh.601857,7.28,134655887,975419831.03,中国石油,601857.SH,0.019418085857101586
2024-01-04,sh.601857,7.43,149391302,1103951799.06,中国石油,601857.SH,0.02039499652107324
2024-01-05,sh.601857,7.49,152900232,1149424617.4,中国石油,601857.SH,0.008042938799460497
2024-01-08,sh.601857,7.47,116656527,873973695.33,中国石油,601857.SH,-0.0026737983844022928
2024-01-09,sh.601857,7.46,106987184,794234789.26,中国石油,601857.SH,-0.0013395849290565032
2024-01-10,sh.601857,7.41,79849103,594867513.19,中国石油,601857.SH,-0.006724974907673875
2024-01-11,sh.601857,7.23,128745612,937044630.64,中国石油,601857.SH,-0.02459140313732222
2024-01-12,sh.601857,7.23,95005360,686252129.93,中国石油,601857.SH,0.0
2024-01-15,sh.601857,7.33,87215501,635988823.26,中国石油,601857.SH,0.013736479727886719
2024-01-16,sh.601857,7.34,100607620,735850339.25,中国石油,601857.SH,0.0013633267278641004
2024-01-17,sh.601857,7.2,100884100,733811242.5,中国石油,601857.SH,-0.019257816604414613
2024-01-18,sh.601857,7.19,195562937,1383391363.89,中国石油,601857.SH,-0.0013898542890542487
2024-01-19,sh.601857,7.14,119694368,854091375.82,中国石油,601857.SH,-0.006978395381462388
2024-01-22,sh.601857,7.05,130931082,931752789.28,中国石油,601857.SH,-0.012685159527315637
2024-01-23,sh.601857,7.01,135385464,943482518.0,中国石油,601857.SH,-0.0056899157776786335
2024-01-24,sh.601857,7.26,169985431,1215700399.07,中国石油,601857.SH,0.03504212779020599
2024-01-25,sh.601857,7.99,378027534,2909825460.47,中国石油,601857.SH,0.09581093094147852
2024-01-26,sh.601857,8.5,593009559,4823883680.43,中国石油,601857.SH,0.06187540371808753
2024-01-29,sh.601857,8.4,586392463,4976919503.67,中国石油,601857.SH,-0.01183445764700286
2024-01-30,sh.601857,8.4,364425093,3082528803.54,中国石油,601857.SH,0.0
2024-01-31,sh.601857,8.36,321814304,2709883366.75,中国石油,601857.SH,-0.004773278752657539
2024-02-01,sh.601857,8.15,364404315,2985635987.02,中国石油,601857.SH,-0.025440499843838893
2024-02-02,sh.601857,8.1,308338869,2519513412.18,中国石油,601857.SH,-0.006153865574378248
2024-02-05,sh.601857,8.31,435567239,3600174086.26,中国石油,601857.SH,0.025595547188963508
2024-02-06,sh.601857,8.12,328011383,2674727052.9,中国石油,601857.SH,-0.023129454693770146
2024-02-07,sh.601857,8.31,373426118,3027913355.85,中国石油,601857.SH,0.023129454693770146
2024-02-08,sh.601857,8.28,268741800,2220830979.48,中国石油,601857.SH,-0.0036166404701885035
2024-02-19,sh.601857,8.65,321573775,2732246800.89,中国石油,601857.SH,0.04371635254661976
2024-02-20,sh.601857,8.64,184550268,1589633077.31,中国石油,601857.SH,-0.0011567381278236866
2024-02-21,sh.601857,8.71,312287893,2738330683.29,中国石油,601857.SH,0.00806920804844724
2024-02-22,sh.601857,9.21,322411660,2885728608.75,中国石油,601857.SH,0.05581805940280393
2024-02-23,sh.601857,9.07,282484704,2570115752.46,中国石油,601857.SH,-0.015317586140170203
2024-02-26,sh.601857,8.84,248728463,2223115168.36,中国石油,601857.SH,-0.025685387477493382
2024-02-27,sh.601857,8.88,208408701,1851012781.32,中国石油,601857.SH,0.0045146803545268455
2024-02-28,sh.601857,8.84,278727374,2457073690.59,中国石油,601857.SH,-0.0045146803545268455
2024-02-29,sh.601857,8.84,206939563,1822502486.76,中国石油,601857.SH,0.0
2024-03-01,sh.601857,8.78,176714038,1552046718.35,中国石油,601857.SH,-0.006810469002526798
2024-03-04,sh.601857,9.12,313545401,2822418973.77,中国石油,601857.SH,0.037993396439214955
2024-03-05,sh.601857,9.05,249929865,2258240356.03,中国石油,601857.SH,-0.007705046374405278
2024-03-06,sh.601857,8.98,191910508,1735199601.94,中国石油,601857.SH,-0.007764875397726634
2024-03-07,sh.601857,9.07,212986731,1939805586.45,中国石油,601857.SH,0.009972381812937137
2024-03-08,sh.601857,9.18,202721600,1845160427.97,中国石油,601857.SH,0.012054940505353606
2024-03-11,sh.601857,9.0,223114002,2006531744.49,中国石油,601857.SH,-0.01980262729617932
2024-03-12,sh.601857,8.68,256919902,2250245327.03,中国石油,601857.SH,-0.036203048663960846
2024-03-13,sh.601857,8.69,173854176,1506428843.71,中国石油,601857.SH,0.0011514106050420914
2024-03-14,sh.601857,8.79,213697775,1887040143.56,中国石油,601857.SH,0.011441772419784613
2024-03-15,sh.601857,8.85,161067415,1417302911.31,中国石油,601857.SH,0.006802747322752545
2024-03-18,sh.601857,8.86,108472056,957393644.05,中国石油,601857.SH,0.0011293055971517418
2024-03-19,sh.601857,8.9,154847775,1389004778.92,中国石油,601857.SH,0.004504512121104476
2024-03-20,sh.601857,9.14,183131638,1658626117.62,中国石油,601857.SH,0.026609108727964514
2024-03-21,sh.601857,9.17,120783606,1105290822.64,中国石油,601857.SH,0.003276900802314575
2024-03-22,sh.601857,9.08,160444702,1454068494.2,中国石油,601857.SH,-0.009863093655171351
2024-03-25,sh.601857,9.28,180288068,1667558402.75,中国石油,601857.SH,0.021787354184907404
2024-03-26,sh.601857,9.21,190946491,1756886631.46,中国石油,601857.SH,-0.0075716965308938455
2024-03-27,sh.601857,9.17,132450804,1213742880.16,中国石油,601857.SH,-0.004352563998842207
2024-03-28,sh.601857,9.25,157585261,1448963366.28,中国石油,601857.SH,0.008686265255960723
2024-03-29,sh.601857,9.88,264647085,2568975097.59,中国石油,601857.SH,0.06588896023544244
2024-04-01,sh.601857,9.74,194136016,1897318194.29,中国石油,601857.SH,-0.014271394105332735
2024-04-02,sh.601857,9.96,222150619,2211912874.05,中国石油,601857.SH,0.022335953942063114
2024-04-03,sh.601857,10.18,282812551,2879116081.07,中国石油,601857.SH,0.02184793952586972
2024-04-08,sh.601857,10.27,281490891,2899428549.0,中国石油,601857.SH,0.008802012818090343
2024-04-09,sh.601857,10.12,198101747,2010125333.49,中国石油,601857.SH,-0.014713360081147542
2024-04-10,sh.601857,10.27,179033247,1826061453.62,中国石油,601857.SH,0.014713360081147542
2024-04-11,sh.601857,10.23,158878499,1629392485.51,中国石油,601857.SH,-0.0039024439769317354
2024-04-12,sh.601857,10.27,158392436,1621717958.96,中国石油,601857.SH,0.0039024439769317354
2024-04-15,sh.601857,10.67,267663570,2809133934.65,中国石油,601857.SH,0.03820904137319525
2024-04-16,sh.601857,10.9,318585062,3453312340.36,中国石油,601857.SH,0.021326723921435864
2024-04-17,sh.601857,10.93,243997534,2623289378.36,中国石油,601857.SH,0.0027485129533491026
2024-04-18,sh.601857,10.62,260051276,2775276178.49,中国石油,601857.SH,-0.028772286374654232
2024-04-19,sh.601857,10.92,341766333,3718370991.22,中国石油,601857.SH,0.027856954502966325
2024-04-22,sh.601857,10.63,257175836,2763287873.17,中国石油,601857.SH,-0.026915777962902343
2024-04-23,sh.601857,10.35,249454837,2584610112.13,中国石油,601857.SH,-0.026693672642478905
2024-04-24,sh.601857,10.43,158228408,1639942725.1,中国石油,601857.SH,0.007699749301302905
2024-04-25,sh.601857,10.54,162001712,1687183980.63,中国石油,601857.SH,0.010491274100535186
2024-04-26,sh.601857,10.68,244980102,2625222860.62,中国石油,601857.SH,0.013195290418832606
2024-04-29,sh.601857,10.22,332167031,3421211088.06,中国石油,601857.SH,-0.044026248756490194
2024-04-30,sh.601857,10.27,245067206,2520669927.22,中国石油,601857.SH,0.0048804391649084344
2024-05-06,sh.601857,10.01,417952703,4142433777.41,中国石油,601857.SH,-0.02564243061333782
2024-05-07,sh.601857,10.12,242615926,2439617959.9,中国石油,601857.SH,0.010929070532190277
2024-05-08,sh.601857,10.13,204559297,2083992060.79,中国石油,601857.SH,0.0009876544012725752
2024-05-09,sh.601857,10.07,170534187,1720816933.97,中国石油,601857.SH,-0.005940611530121043
2024-05-10,sh.601857,10.08,155578991,1571078590.01,中国石油,601857.SH,0.0009925559127514916
2024-05-13,sh.601857,10.02,167112341,1674881462.16,中国石油,601857.SH,-0.0059701669865037665
2024-05-14,sh.601857,9.93,210858826,2092693112.09,中国石油,601857.SH,-0.009022617599637517
2024-05-15,sh.601857,9.89,144959510,1432059273.1,中国石油,601857.SH,-0.004036332422460376
2024-05-16,sh.601857,9.83,129952952,1279126307.78,中国石油,601857.SH,-0.006085211475545638
2024-05-17,sh.601857,9.92,155688787,1539362563.62,中国石油,601857.SH,0.009113987137706392
2024-05-20,sh.601857,10.21,287740653,2905889836.51,中国石油,601857.SH,0.028814710879792926
2024-05-21,sh.601857,10.13,165579572,1673080165.06,中国石油,601857.SH,-0.00786631391598247
2024-05-22,sh.601857,10.05,131460554,1323570323.98,中国石油,601857.SH,-0.007928683755507038
2024-05-23,sh.601857,9.91,128172137,1274158042.15,中国石油,601857.SH,-0.014028286163188408
2024-05-24,sh.601857,9.97,131032908,1307904543.57,中国石油,601857.SH,0.006036235631850406
2024-05-27,sh.601857,10.24,224801370,2292678373.79,中国石油,601857.SH,0.026721035637614854
2024-05-28,sh.601857,10.39,211589081,2201043402.28,中国石油,601857.SH,0.014542185499774263
2024-05-29,sh.601857,10.49,145369863,1520595892.52,中国石油,601857.SH,0.00957861729706977
2024-05-30,sh.601857,10.2,173354142,1790480147.78,中国石油,601857.SH,-0.028034702117980537
2024-05-31,sh.601857,10.14,135394499,1374058265.34,中国石油,601857.SH,-0.005899722127188145
2024-06-03,sh.601857,10.16,181787212,1851083077.88,中国石油,601857.SH,0.001970443987298953
2024-06-04,sh.601857,9.99,214128444,2130211896.58,中国石油,601857.SH,-0.016873849489873916
2024-06-05,sh.601857,9.77,217594766,2140009481.8,中国石油,601857.SH,-0.02226812660577071
2024-06-06,sh.601857,9.99,254753743,2539095881.55,中国石油,601857.SH,0.02226812660577071
2024-06-07,sh.601857,9.99,145314301,1453898755.05,中国石油,601857.SH,0.0
2024-06-11,sh.601857,9.82,197392985,1953839971.29,中国石油,601857.SH,-0.017163470294087713
2024-06-12,sh.601857,10.0,172416942,1706992691.15,中国石油,601857.SH,0.0181639706276715
2024-06-13,sh.601857,9.91,120775559,1199428285.43,中国石油,601857.SH,-0.009040744652149435
2024-06-14,sh.601857,9.83,125843905,1239005989.49,中国石油,601857.SH,-0.008105414182821402
2024-06-17,sh.601857,9.65,155383510,1508379574.94,中国石油,601857.SH,-0.018481018808180316
2024-06-18,sh.601857,9.76,143145064,1385664532.26,中国石油,601857.SH,0.011334485074106393
2024-06-19,sh.601857,9.89,147923871,1461070285.32,中国石油,601857.SH,0.013231745209619561
2024-06-20,sh.601857,10.06,226430922,2258647250.62,中国石油,601857.SH,0.017043019036972584
2024-06-21,sh.601857,9.97,177274620,1785322173.79,中国石油,601857.SH,-0.008986580697846414
2024-06-24,sh.601857,10.03,118502694,1188036677.64,中国石油,601857.SH,0.006000018000097196
2024-06-25,sh.601857,10.05,159843932,1609730621.86,中国石油,601857.SH,0.001992032531240806
2024-06-26,sh.601857,9.7,130294612,1264405920.89,中国石油,601857.SH,-0.035446748995747956
2024-06-27,sh.601857,9.69,138692437,1340837540.81,中国石油,601857.SH,-0.0010314596066622883
2024-06-28,sh.601857,10.32,270254946,2723612874.02,中国石油,601857.SH,0.06298933415074215
2024-07-01,sh.601857,10.43,174330715,1809272312.66,中国石油,601857.SH,0.010602508959264068
2024-07-02,sh.601857,10.66,177194919,1874149290.04,中国石油,601857.SH,0.021812149725017438
2024-07-03,sh.601857,10.57,138481809,1466419334.34,中国石油,601857.SH,-0.0084786188555519
2024-07-04,sh.601857,10.64,120380662,1282164407.08,中国石油,601857.SH,0.006600684031352166
2024-07-05,sh.601857,10.54,165069007,1729155525.87,中国石油,601857.SH,-0.009442940800282518
2024-07-08,sh.601857,10.67,139077789,1479551352.78,中国石油,601857.SH,0.012258522200446098
2024-07-09,sh.601857,10.64,112851926,1199119686.71,中国石油,601857.SH,-0.0028155814001635804
2024-07-10,sh.601857,10.33,156758393,1635268558.75,中国石油,601857.SH,-0.029568200781951326
2024-07-11,sh.601857,10.46,139759018,1450536534.52,中国石油,601857.SH,0.012506175505229589
2024-07-12,sh.601857,10.33,135935064,1412404283.51,中国石油,601857.SH,-0.012506175505229589
2024-07-15,sh.601857,10.47,153414521,1594666895.51,中国石油,601857.SH,0.013461741750898426
2024-07-16,sh.601857,10.51,111483575,1168563676.93,中国石油,601857.SH,0.0038131600064139626
2024-07-17,sh.601857,10.09,213949950,2184469848.35,中国石油,601857.SH,-0.040782350523342004
2024-07-18,sh.601857,10.2,148627246,1506784061.46,中国石油,601857.SH,0.010842885924707613
2024-07-19,sh.601857,9.97,187645919,1868948688.22,中国石油,601857.SH,-0.02280713631647835
2024-07-22,sh.601857,9.63,257641429,2478545193.31,中国石油,601857.SH,-0.034697358163712444
2024-07-23,sh.601857,9.51,144474635,1380092475.29,中国石油,601857.SH,-0.012539349252735477
2024-07-24,sh.601857,9.56,171839606,1636607951.08,中国石油,601857.SH,0.005243850506011061
2024-07-25,sh.601857,9.16,226172007,2089178543.67,中国石油,601857.SH,-0.042741548377271066
2024-07-26,sh.601857,9.1,165972643,1509720704.55,中国石油,601857.SH,-0.006571765163234655
2024-07-29,sh.601857,9.14,130956211,1187012036.1,中国石油,601857.SH,0.0043859719432544075
2024-07-30,sh.601857,8.78,218352403,1936105493.61,中国石油,601857.SH,-0.0401839778190336
2024-07-31,sh.601857,8.97,200930536,1786098511.07,中国石油,601857.SH,0.021409268423679517
2024-08-01,sh.601857,9.03,160074494,1449132223.41,中国石油,601857.SH,0.006666691358189425
2024-08-02,sh.601857,8.86,134672028,1191228816.01,中国石油,601857.SH,-0.019005602811904332
2024-08-05,sh.601857,8.42,293326777,2506938475.88,中国石油,601857.SH,-0.05093693636275454
2024-08-06,sh.601857,8.49,135830397,1152287287.97,中国石油,601857.SH,0.008279172069020735
2024-08-07,sh.601857,8.59,157756843,1357786434.45,中国石油,601857.SH,0.011709735672908117
2024-08-08,sh.601857,8.55,99250002,854385928.21,中国石油,601857.SH,-0.0046674530474950515
2024-08-09,sh.601857,8.74,159988641,1394823875.66,中国石油,601857.SH,0.021978906718775004
2024-08-12,sh.601857,8.71,90947914,793562496.92,中国石油,601857.SH,-0.0034383988030324275
2024-08-13,sh.601857,8.79,126101491,1105109223.54,中国石油,601857.SH,0.009142920832673873
2024-08-14,sh.601857,8.78,78073202,682838064.5,中国石油,601857.SH,-0.0011383040500603236
2024-08-15,sh.601857,8.86,113933232,1007999859.41,中国石油,601857.SH,0.00907035696996461
2024-08-16,sh.601857,9.01,126854614,1139101885.07,中国石油,601857.SH,0.01678830700325662
2024-08-19,sh.601857,9.07,105618802,955618123.42,中国石油,601857.SH,0.00663719250679895
2024-08-20,sh.601857,8.89,140532524,1254182355.16,中国石油,601857.SH,-0.020045214601231987
2024-08-21,sh.601857,8.93,84565539,750297730.36,中国石油,601857.SH,0.004489345362594488
2024-08-22,sh.601857,8.9,87891299,781318036.85,中国石油,601857.SH,-0.003365118150313595
2024-08-23,sh.601857,8.93,95981506,859537311.94,中国石油,601857.SH,0.003365118150313595
2024-08-26,sh.601857,9.05,113732644,1022443900.73,中国石油,601857.SH,0.013348362823426996
2024-08-27,sh.601857,9.32,217449974,2011545765.62,中国石油,601857.SH,0.029397870985665264
2024-08-28,sh.601857,9.18,136048440,1254670844.48,中国石油,601857.SH,-0.015135424065101155
2024-08-29,sh.601857,8.9,145857294,1305475809.69,中国石油,601857.SH,-0.0309759278943047
2024-08-30,sh.601857,8.93,154953162,1385639932.17,中国石油,601857.SH,0.003365118150313595
2024-09-02,sh.601857,9.01,145210793,1300193606.62,中国石油,601857.SH,0.008918676731838548
2024-09-03,sh.601857,8.71,164742300,1443072087.56,中国石油,601857.SH,-0.03386328075583478
2024-09-04,sh.601857,8.25,234215259,1939151035.61,中国石油,601857.SH,-0.054258590517822114
2024-09-05,sh.601857,8.13,165342472,1342872183.16,中国石油,601857.SH,-0.0146522767868702
2024-09-06,sh.601857,8.04,111047936,901374546.41,中国石油,601857.SH,-0.011131840368844514
2024-09-09,sh.601857,7.82,183015842,1428680734.48,中国石油,601857.SH,-0.02774452863365484
2024-09-10,sh.601857,7.9,125534650,989432352.98,中国石油,601857.SH,0.010178204915756162
2024-09-11,sh.601857,7.75,202397741,1545930430.94,中国石油,601857.SH,-0.019169916107720564
2024-09-12,sh.601857,7.84,133186801,1037762145.12,中国石油,601857.SH,0.011545990997060773
2024-09-13,sh.601857,7.9,129717194,1029572480.89,中国石油,601857.SH,0.0076239251106597905
2024-09-18,sh.601857,8.06,117442201,941347769.1,中国石油,601857.SH,0.02005079704556101
2024-09-19,sh.601857,7.85,115368818,899950255.84,中国石油,601857.SH,-0.026400024724220206
2024-09-20,sh.601857,7.91,133488080,1058130224.57,中国石油,601857.SH,0.007614249985245625
2024-09-23,sh.601857,8.01,96586603,772046983.91,中国石油,601857.SH,0.01256297930070538
2024-09-24,sh.601857,8.36,183936323,1513319694.14,中国石油,601857.SH,0.04276766601634252
2024-09-25,sh.601857,8.4,212473516,1805556498.69,中国石油,601857.SH,0.004773278752657539
2024-09-26,sh.601857,8.39,295752968,2464797429.72,中国石油,601857.SH,-0.0011911853701529473
2024-09-27,sh.601857,8.38,179409373,1496451827.38,中国石油,601857.SH,-0.001192605985123052
2024-09-30,sh.601857,9.02,540926189,4758267274.63,中国石油,601857.SH,0.0735964195805403
2024-10-08,sh.601857,9.34,642985322,6034716232.83,中国石油,601857.SH,0.034861918166218864
2024-10-09,sh.601857,8.45,444901825,3873797993.64,中国石油,601857.SH,-0.1001398108716689
2024-10-10,sh.601857,8.74,393485553,3451721237.58,中国石油,601857.SH,0.0337437482983618
2024-10-11,sh.601857,8.7,251485177,2204108994.2,中国石油,601857.SH,-0.004587164006906175
2024-10-14,sh.601857,8.75,221455125,1934312204.45,中国石油,601857.SH,0.005730674708985362
2024-10-15,sh.601857,8.43,225516656,1918310045.82,中国石油,601857.SH,-0.03725692835575911
2024-10-16,sh.601857,8.42,166912034,1404550565.04,中国石油,601857.SH,-0.00118694375952888
2024-10-17,sh.601857,8.35,179804141,1522345249.67,中国石油,601857.SH,-0.008348289391471031
2024-10-18,sh.601857,8.54,240218341,2036682440.6,中国石油,601857.SH,0.022499468937714262
2024-10-21,sh.601857,8.46,229254626,1942472507.42,中国石油,601857.SH,-0.009411834182346368
2024-10-22,sh.601857,8.46,167043506,1414903216.86,中国石油,601857.SH,0.0
2024-10-23,sh.601857,8.48,195556524,1657075962.19,中国石油,601857.SH,0.002361276185679717
2024-10-24,sh.601857,8.45,97837261,825453466.29,中国石油,601857.SH,-0.003544008434729573
2024-10-25,sh.601857,8.39,121897008,1024342011.46,中国石油,601857.SH,-0.007125920889967219
2024-10-28,sh.601857,8.37,226008481,1865061281.66,中国石油,601857.SH,-0.002386635977730922
2024-10-29,sh.601857,8.2,159037556,1313118646.86,中国石油,601857.SH,-0.02051973023117659
2024-10-30,sh.601857,8.11,158425431,1290071544.64,中国石油,601857.SH,-0.011036286142886098
2024-10-31,sh.601857,8.1,128310150,1039938547.38,中国石油,601857.SH,-0.0012338064489281209
2024-11-01,sh.601857,8.3,280524659,2322035821.91,中国石油,601857.SH,0.024391453124159135
2024-11-04,sh.601857,8.2,194985482,1593503765.22,中国石油,601857.SH,-0.012121360532344916
2024-11-05,sh.601857,8.28,203694483,1676962489.85,中国石油,601857.SH,0.009708814126960785
2024-11-06,sh.601857,8.26,237345722,1969970799.06,中国石油,601857.SH,-0.0024183808642814775
2024-11-07,sh.601857,8.35,244681060,2019718751.4,中国石油,601857.SH,0.010836951329877387
2024-11-08,sh.601857,8.25,206159231,1710854042.27,中国石油,601857.SH,-0.012048338516174706
2024-11-11,sh.601857,8.09,248767811,2009778977.87,中国石油,601857.SH,-0.019584469276189065
2024-11-12,sh.601857,8.0,213088944,1716917877.18,中国石油,601857.SH,-0.011187189390564622
2024-11-13,sh.601857,8.07,223318088,1803260184.02,中国石油,601857.SH,0.008711940602021517
2024-11-14,sh.601857,8.03,185058127,1497145402.18,中国石油,601857.SH,-0.004968954323187003
2024-11-15,sh.601857,8.03,185354660,1489484686.63,中国石油,601857.SH,0.0
2024-11-18,sh.601857,8.15,278213049,2270719679.11,中国石油,601857.SH,0.014833399294101213
2024-11-19,sh.601857,8.13,169755627,1375912252.06,中国石油,601857.SH,-0.00245700369305224
2024-11-20,sh.601857,8.13,117567657,953323999.98,中国石油,601857.SH,0.0
2024-11-21,sh.601857,8.11,103457590,840590755.89,中国石油,601857.SH,-0.002463055432397887
2024-11-22,sh.601857,8.01,166400415,1345765045.79,中国石油,601857.SH,-0.0124071070470535
2024-11-25,sh.601857,8.03,151580229,1222692183.02,中国石油,601857.SH,0.0024937668784024147
2024-11-26,sh.601857,8.02,131371251,1044289900.41,中国石油,601857.SH,-0.0012461060802473334
2024-11-27,sh.601857,8.03,96015537,767807338.17,中国石油,601857.SH,0.0012461060802473334
2024-11-28,sh.601857,8.03,75655500,607167983.0,中国石油,601857.SH,0.0
2024-11-29,sh.601857,8.04,129150425,1042135819.63,中国石油,601857.SH,0.0012445552322044584
2024-12-02,sh.601857,8.02,130025201,1042573212.88,中国石油,601857.SH,-0.002490661312451792
2024-12-03,sh.601857,8.1,159973433,1286566304.01,中国石油,601857.SH,0.009925639799970298
2024-12-04,sh.601857,8.44,432554998,3600733254.78,中国石油,601857.SH,0.04111824692947241
2024-12-05,sh.601857,8.29,182716202,1517775072.76,中国石油,601857.SH,-0.017932339460662305
2024-12-06,sh.601857,8.32,159833336,1330524078.6,中国石油,601857.SH,0.003612285685913985
2024-12-09,sh.601857,8.43,212659243,1789796053.01,中国石油,601857.SH,0.013134517180646732
2024-12-10,sh.601857,8.36,191423022,1612096547.01,中国石油,601857.SH,-0.008338344917153684
2024-12-11,sh.601857,8.45,150390914,1264886128.51,中国石油,601857.SH,0.01070801427247181
2024-12-12,sh.601857,8.45,139217788,1178253732.98,中国石油,601857.SH,0.0
2024-12-13,sh.601857,8.28,162729605,1355494586.4,中国石油,601857.SH,-0.020323472971913947
2024-12-16,sh.601857,8.45,207205456,1745663827.52,中国石油,601857.SH,0.020323472971913947
2024-12-17,sh.601857,8.48,162559132,1382591695.73,中国石油,601857.SH,0.003544008434729573
2024-12-18,sh.601857,8.51,132476689,1130071893.81,中国石油,601857.SH,0.003531492781470913
2024-12-19,sh.601857,8.42,126127393,1067693429.17,中国石油,601857.SH,-0.010632114331047493
2024-12-20,sh.601857,8.34,106072126,887490574.76,中国石油,601857.SH,-0.009546611883579637
2024-12-23,sh.601857,8.58,223603268,1909500531.08,中国石油,601857.SH,0.028370697129215472
2024-12-24,sh.601857,8.78,238624272,2083028591.39,中国石油,601857.SH,0.02304249414715409
2024-12-25,sh.601857,9.02,250352051,2241802966.29,中国石油,601857.SH,0.026967926427507116
2024-12-26,sh.601857,8.97,184550697,1647425130.63,中国石油,601857.SH,-0.005558658003827599
2024-12-27,sh.601857,8.92,145199007,1291502032.3,中国石油,601857.SH,-0.005589729478786776
2024-12-30,sh.601857,9.0,145925007,1311769432.7,中国石油,601857.SH,0.008928630744301724
2024-12-31,sh.601857,8.94,155407359,1396986882.84,中国石油,601857.SH,-0.006688988150796771
