date,code,close,volume,amount,name,display_code
2015-01-05,sh.600519,202.52,9451517,1875063136.0,贵州茅台,600519.SH
2015-01-06,sh.600519,197.83,5502001,1094977376.0,贵州茅台,600519.SH
2015-01-07,sh.600519,192.94,5479784,1063925648.0,贵州茅台,600519.SH
2015-01-08,sh.600519,191.76,4052530,777874672.0,贵州茅台,600519.SH
2015-01-09,sh.600519,190.31,5398220,1039955152.0,贵州茅台,600519.SH
2015-01-12,sh.600519,186.43,4991459,934643408.0,贵州茅台,600519.SH
2015-01-13,sh.600519,184.88,3670808,683429632.0,贵州茅台,600519.SH
2015-01-14,sh.600519,183.18,5240344,965036192.0,贵州茅台,600519.SH
2015-01-15,sh.600519,186.07,4858552,895503104.0,贵州茅台,600519.SH
2015-01-16,sh.600519,186.11,3997806,746304288.0,贵州茅台,600519.SH
2015-01-19,sh.600519,175.48,6467937,1151544272.0,贵州茅台,600519.SH
2015-01-20,sh.600519,178.08,6102274,1086018448.0,贵州茅台,600519.SH
2015-01-21,sh.600519,182.36,5267474,950750400.0,贵州茅台,600519.SH
2015-01-22,sh.600519,181.23,3825481,696541248.0,贵州茅台,600519.SH
2015-01-23,sh.600519,181.02,3308455,600627344.0,贵州茅台,600519.SH
2015-01-26,sh.600519,182.8,3564906,650642096.0,贵州茅台,600519.SH
2015-01-27,sh.600519,180.11,4188362,755025856.0,贵州茅台,600519.SH
2015-01-28,sh.600519,177.47,3068066,547979152.0,贵州茅台,600519.SH
2015-01-29,sh.600519,176.15,3249254,571553424.0,贵州茅台,600519.SH
2015-01-30,sh.600519,177.18,4750834,848744496.0,贵州茅台,600519.SH
2015-02-02,sh.600519,174.82,3398336,593379648.0,贵州茅台,600519.SH
2015-02-03,sh.600519,178.37,2779280,493512560.0,贵州茅台,600519.SH
2015-02-04,sh.600519,177.25,3529371,634135328.0,贵州茅台,600519.SH
2015-02-05,sh.600519,174.05,4123962,735861120.0,贵州茅台,600519.SH
2015-02-06,sh.600519,174.6,3710238,648205632.0,贵州茅台,600519.SH
2015-02-09,sh.600519,184.3,8729358,1584342288.0,贵州茅台,600519.SH
2015-02-10,sh.600519,182.88,5363887,984795856.0,贵州茅台,600519.SH
2015-02-11,sh.600519,183.15,2289479,420358864.0,贵州茅台,600519.SH
2015-02-12,sh.600519,183.57,2505098,458818624.0,贵州茅台,600519.SH
2015-02-13,sh.600519,182.49,4012705,734977408.0,贵州茅台,600519.SH
2015-02-16,sh.600519,183.31,3952108,722512096.0,贵州茅台,600519.SH
2015-02-17,sh.600519,182.22,3417255,624854080.0,贵州茅台,600519.SH
2015-02-25,sh.600519,183.96,5993512,1104113264.0,贵州茅台,600519.SH
2015-02-26,sh.600519,186.64,6229772,1163369600.0,贵州茅台,600519.SH
2015-02-27,sh.600519,191.05,6337094,1217723184.0,贵州茅台,600519.SH
2015-03-02,sh.600519,190.73,3109870,592027088.0,贵州茅台,600519.SH
2015-03-03,sh.600519,185.95,4299960,812905776.0,贵州茅台,600519.SH
2015-03-04,sh.600519,187.19,4066223,757815040.0,贵州茅台,600519.SH
2015-03-05,sh.600519,185.52,3620624,670609776.0,贵州茅台,600519.SH
2015-03-06,sh.600519,183.62,2547066,471454752.0,贵州茅台,600519.SH
2015-03-09,sh.600519,191.56,4348603,815432192.0,贵州茅台,600519.SH
2015-03-10,sh.600519,187.83,2963706,561292480.0,贵州茅台,600519.SH
2015-03-11,sh.600519,191.98,4058339,778418704.0,贵州茅台,600519.SH
2015-03-12,sh.600519,192.75,3849640,747203168.0,贵州茅台,600519.SH
2015-03-13,sh.600519,189.91,2547927,486997360.0,贵州茅台,600519.SH
2015-03-16,sh.600519,193.76,3116097,597313680.0,贵州茅台,600519.SH
2015-03-17,sh.600519,196.77,4590408,903712736.0,贵州茅台,600519.SH
2015-03-18,sh.600519,199.45,3930446,778884992.0,贵州茅台,600519.SH
2015-03-19,sh.600519,195.28,3353977,658535488.0,贵州茅台,600519.SH
2015-03-20,sh.600519,193.15,5137371,991294896.0,贵州茅台,600519.SH
2015-03-23,sh.600519,195.08,4097901,799009920.0,贵州茅台,600519.SH
2015-03-24,sh.600519,195.69,6007944,1172628512.0,贵州茅台,600519.SH
2015-03-25,sh.600519,192.78,4224030,815963248.0,贵州茅台,600519.SH
2015-03-26,sh.600519,198.56,6710525,1315872112.0,贵州茅台,600519.SH
2015-03-27,sh.600519,194.55,4014459,784086656.0,贵州茅台,600519.SH
2015-03-30,sh.600519,196.77,6345139,1237889232.0,贵州茅台,600519.SH
2015-03-31,sh.600519,195.96,8813097,1746870224.0,贵州茅台,600519.SH
2015-04-01,sh.600519,195.34,7687523,1504959696.0,贵州茅台,600519.SH
2015-04-02,sh.600519,194.58,6298161,1228604480.0,贵州茅台,600519.SH
2015-04-03,sh.600519,196.81,5121088,996536048.0,贵州茅台,600519.SH
2015-04-07,sh.600519,200.67,5982433,1189027072.0,贵州茅台,600519.SH
2015-04-08,sh.600519,204.5,13585716,2798381808.0,贵州茅台,600519.SH
2015-04-09,sh.600519,200.0,6239973,1255308048.0,贵州茅台,600519.SH
2015-04-10,sh.600519,200.22,10201946,2048914304.0,贵州茅台,600519.SH
2015-04-13,sh.600519,203.9,9135609,1840018384.0,贵州茅台,600519.SH
2015-04-14,sh.600519,206.0,8190313,1691094336.0,贵州茅台,600519.SH
2015-04-15,sh.600519,205.7,5500520,1135635920.0,贵州茅台,600519.SH
2015-04-16,sh.600519,226.27,8601417,1877332304.0,贵州茅台,600519.SH
2015-04-17,sh.600519,232.56,19209491,4577504000.0,贵州茅台,600519.SH
2015-04-20,sh.600519,234.03,13058871,3118764544.0,贵州茅台,600519.SH
2015-04-21,sh.600519,257.43,12240188,3039243968.0,贵州茅台,600519.SH
2015-04-22,sh.600519,263.89,13463506,3543576704.0,贵州茅台,600519.SH
2015-04-23,sh.600519,256.04,8603012,2214737648.0,贵州茅台,600519.SH
2015-04-24,sh.600519,258.49,10053123,2547399872.0,贵州茅台,600519.SH
2015-04-27,sh.600519,255.79,7897335,2050832432.0,贵州茅台,600519.SH
2015-04-28,sh.600519,247.89,8729177,2187970736.0,贵州茅台,600519.SH
2015-04-29,sh.600519,249.78,5930057,1477767696.0,贵州茅台,600519.SH
2015-04-30,sh.600519,252.23,6406407,1610938048.0,贵州茅台,600519.SH
2015-05-04,sh.600519,254.97,5473902,1398337296.0,贵州茅台,600519.SH
2015-05-05,sh.600519,240.95,7370003,1801146752.0,贵州茅台,600519.SH
2015-05-06,sh.600519,242.68,6032432,1472597536.0,贵州茅台,600519.SH
2015-05-07,sh.600519,244.93,6810290,1693825904.0,贵州茅台,600519.SH
2015-05-08,sh.600519,254.17,5780559,1447670272.0,贵州茅台,600519.SH
2015-05-11,sh.600519,257.44,6134570,1552417968.0,贵州茅台,600519.SH
2015-05-12,sh.600519,254.42,4703129,1193035136.0,贵州茅台,600519.SH
2015-05-13,sh.600519,256.4,5891341,1520374560.0,贵州茅台,600519.SH
2015-05-14,sh.600519,251.41,4185329,1062504720.0,贵州茅台,600519.SH
2015-05-15,sh.600519,245.17,5418507,1333031168.0,贵州茅台,600519.SH
2015-05-18,sh.600519,241.14,3536324,856505072.0,贵州茅台,600519.SH
2015-05-19,sh.600519,250.04,4763777,1174434448.0,贵州茅台,600519.SH
2015-05-20,sh.600519,253.95,6377150,1631009456.0,贵州茅台,600519.SH
2015-05-21,sh.600519,258.59,4766913,1230234944.0,贵州茅台,600519.SH
2015-05-22,sh.600519,275.86,6664906,1779754352.0,贵州茅台,600519.SH
2015-05-25,sh.600519,286.83,6747362,1868570176.0,贵州茅台,600519.SH
2015-05-26,sh.600519,285.54,6091468,1746031120.0,贵州茅台,600519.SH
2015-05-27,sh.600519,276.9,4693479,1309260000.0,贵州茅台,600519.SH
2015-05-28,sh.600519,261.11,6088499,1650995552.0,贵州茅台,600519.SH
2015-05-29,sh.600519,263.83,5778309,1531805536.0,贵州茅台,600519.SH
2015-06-01,sh.600519,271.46,6581670,1747123648.0,贵州茅台,600519.SH
2015-06-02,sh.600519,266.62,6463560,1708951664.0,贵州茅台,600519.SH
2015-06-03,sh.600519,262.79,4642403,1218378720.0,贵州茅台,600519.SH
2015-06-04,sh.600519,258.21,9236273,2332785392.0,贵州茅台,600519.SH
2015-06-05,sh.600519,253.84,8573823,2188974560.0,贵州茅台,600519.SH
2015-06-08,sh.600519,264.64,9600797,2462736704.0,贵州茅台,600519.SH
2015-06-09,sh.600519,259.03,7785186,2045525408.0,贵州茅台,600519.SH
2015-06-10,sh.600519,261.05,8046208,2096832880.0,贵州茅台,600519.SH
2015-06-11,sh.600519,260.06,5295454,1378413760.0,贵州茅台,600519.SH
2015-06-12,sh.600519,266.0,9090952,2438986512.0,贵州茅台,600519.SH
2015-06-15,sh.600519,260.89,10001422,2664672592.0,贵州茅台,600519.SH
2015-06-16,sh.600519,253.95,6930384,1789696032.0,贵州茅台,600519.SH
2015-06-17,sh.600519,255.09,5838881,1478407040.0,贵州茅台,600519.SH
2015-06-18,sh.600519,243.97,6150650,1530836128.0,贵州茅台,600519.SH
2015-06-19,sh.600519,235.31,6760866,1646002768.0,贵州茅台,600519.SH
2015-06-23,sh.600519,252.25,8124734,1989068144.0,贵州茅台,600519.SH
2015-06-24,sh.600519,261.21,9570694,2463553856.0,贵州茅台,600519.SH
2015-06-25,sh.600519,251.79,6652166,1707385600.0,贵州茅台,600519.SH
2015-06-26,sh.600519,242.45,9933201,2451381600.0,贵州茅台,600519.SH
2015-06-29,sh.600519,246.64,16507167,4057069904.0,贵州茅台,600519.SH
2015-06-30,sh.600519,257.65,12629819,3205285536.0,贵州茅台,600519.SH
2015-07-01,sh.600519,257.49,10332654,2696026032.0,贵州茅台,600519.SH
2015-07-02,sh.600519,260.3,11845972,3011363680.0,贵州茅台,600519.SH
2015-07-03,sh.600519,249.81,10960531,2772183168.0,贵州茅台,600519.SH
2015-07-06,sh.600519,254.04,27279966,7012491264.0,贵州茅台,600519.SH
2015-07-07,sh.600519,244.18,16756224,4121731568.0,贵州茅台,600519.SH
2015-07-08,sh.600519,236.86,28914054,6738026752.0,贵州茅台,600519.SH
2015-07-09,sh.600519,257.94,13820334,3409950544.0,贵州茅台,600519.SH
2015-07-10,sh.600519,265.59,25614930,6888908288.0,贵州茅台,600519.SH
2015-07-13,sh.600519,257.75,14892616,3838169456.0,贵州茅台,600519.SH
2015-07-14,sh.600519,249.05,9676830,2425239232.0,贵州茅台,600519.SH
2015-07-15,sh.600519,251.26,10407746,2585923328.0,贵州茅台,600519.SH
2015-07-16,sh.600519,251.59,7281433,1826618384.0,贵州茅台,600519.SH
2015-07-17,sh.600519,228.29,5641853,1284361184.0,贵州茅台,600519.SH
2015-07-20,sh.600519,225.11,6793355,1531275696.0,贵州茅台,600519.SH
2015-07-21,sh.600519,221.66,5178996,1148423248.0,贵州茅台,600519.SH
2015-07-22,sh.600519,217.13,7085510,1552554832.0,贵州茅台,600519.SH
2015-07-23,sh.600519,219.54,6474810,1411411696.0,贵州茅台,600519.SH
2015-07-24,sh.600519,219.21,5739009,1271122144.0,贵州茅台,600519.SH
2015-07-27,sh.600519,201.52,7694415,1628465536.0,贵州茅台,600519.SH
2015-07-28,sh.600519,205.83,8670357,1766521472.0,贵州茅台,600519.SH
2015-07-29,sh.600519,207.74,6650743,1364157584.0,贵州茅台,600519.SH
2015-07-30,sh.600519,205.96,4113400,853284368.0,贵州茅台,600519.SH
2015-07-31,sh.600519,206.83,4073664,835374144.0,贵州茅台,600519.SH
2015-08-03,sh.600519,209.56,5455303,1117796048.0,贵州茅台,600519.SH
2015-08-04,sh.600519,211.97,5953396,1260302960.0,贵州茅台,600519.SH
2015-08-05,sh.600519,207.19,4314385,907597376.0,贵州茅台,600519.SH
2015-08-06,sh.600519,204.96,3924980,805358560.0,贵州茅台,600519.SH
2015-08-07,sh.600519,206.93,3952134,819022560.0,贵州茅台,600519.SH
2015-08-10,sh.600519,212.3,5649643,1182083552.0,贵州茅台,600519.SH
2015-08-11,sh.600519,210.75,5089705,1076261232.0,贵州茅台,600519.SH
2015-08-12,sh.600519,209.47,4582434,968610592.0,贵州茅台,600519.SH
2015-08-13,sh.600519,209.51,3518025,733202192.0,贵州茅台,600519.SH
2015-08-14,sh.600519,209.98,3066690,645849792.0,贵州茅台,600519.SH
2015-08-17,sh.600519,206.22,5385832,1108212048.0,贵州茅台,600519.SH
2015-08-18,sh.600519,201.06,5128552,1047896512.0,贵州茅台,600519.SH
2015-08-19,sh.600519,201.62,5026180,1004394400.0,贵州茅台,600519.SH
2015-08-20,sh.600519,195.07,3964503,788892224.0,贵州茅台,600519.SH
2015-08-21,sh.600519,186.33,7562061,1433277968.0,贵州茅台,600519.SH
2015-08-24,sh.600519,169.64,8981284,1559048768.0,贵州茅台,600519.SH
2015-08-25,sh.600519,176.59,12308058,2165823584.0,贵州茅台,600519.SH
2015-08-26,sh.600519,183.88,9157253,1663612848.0,贵州茅台,600519.SH
2015-08-27,sh.600519,197.07,8705201,1663248880.0,贵州茅台,600519.SH
2015-08-28,sh.600519,192.65,8992583,1720106864.0,贵州茅台,600519.SH
2015-08-31,sh.600519,195.37,6273019,1198185024.0,贵州茅台,600519.SH
2015-09-01,sh.600519,194.37,8743269,1688392992.0,贵州茅台,600519.SH
2015-09-02,sh.600519,194.61,10694546,2052413264.0,贵州茅台,600519.SH
2015-09-07,sh.600519,188.71,3221642,615819760.0,贵州茅台,600519.SH
2015-09-08,sh.600519,189.32,3309858,621914336.0,贵州茅台,600519.SH
2015-09-09,sh.600519,191.86,3521516,676337504.0,贵州茅台,600519.SH
2015-09-10,sh.600519,193.21,2685248,514766384.0,贵州茅台,600519.SH
2015-09-11,sh.600519,192.91,1693214,326277632.0,贵州茅台,600519.SH
2015-09-14,sh.600519,202.53,8617555,1678995776.0,贵州茅台,600519.SH
2015-09-15,sh.600519,202.0,5188434,1035493472.0,贵州茅台,600519.SH
2015-09-16,sh.600519,204.55,3719802,753188784.0,贵州茅台,600519.SH
2015-09-17,sh.600519,198.0,2642300,533638544.0,贵州茅台,600519.SH
2015-09-18,sh.600519,199.43,1564276,312040976.0,贵州茅台,600519.SH
2015-09-21,sh.600519,199.3,1652767,329196736.0,贵州茅台,600519.SH
2015-09-22,sh.600519,199.27,1645740,329161936.0,贵州茅台,600519.SH
2015-09-23,sh.600519,194.72,2234432,438412336.0,贵州茅台,600519.SH
2015-09-24,sh.600519,194.0,1388674,269653184.0,贵州茅台,600519.SH
2015-09-25,sh.600519,193.46,2445597,470411104.0,贵州茅台,600519.SH
2015-09-28,sh.600519,191.38,1234110,235369401.0,贵州茅台,600519.SH
2015-09-29,sh.600519,190.17,1840982,348759184.0,贵州茅台,600519.SH
2015-09-30,sh.600519,190.31,1163463,222178053.0,贵州茅台,600519.SH
2015-10-08,sh.600519,197.52,3439179,684138048.0,贵州茅台,600519.SH
2015-10-09,sh.600519,196.95,1572174,310187696.0,贵州茅台,600519.SH
2015-10-12,sh.600519,198.09,4903000,982174160.0,贵州茅台,600519.SH
2015-10-13,sh.600519,198.74,1575113,313495456.0,贵州茅台,600519.SH
2015-10-14,sh.600519,197.83,1521339,301666752.0,贵州茅台,600519.SH
2015-10-15,sh.600519,199.99,1655013,329836768.0,贵州茅台,600519.SH
2015-10-16,sh.600519,200.74,1923843,386383072.0,贵州茅台,600519.SH
2015-10-19,sh.600519,202.72,2612145,531101872.0,贵州茅台,600519.SH
2015-10-20,sh.600519,201.97,1478429,298284288.0,贵州茅台,600519.SH
2015-10-21,sh.600519,200.31,2234914,447195040.0,贵州茅台,600519.SH
2015-10-22,sh.600519,202.53,2372030,478632752.0,贵州茅台,600519.SH
2015-10-23,sh.600519,210.98,5627734,1189746960.0,贵州茅台,600519.SH
2015-10-26,sh.600519,217.73,4334626,932490832.0,贵州茅台,600519.SH
2015-10-27,sh.600519,215.25,2257279,484597008.0,贵州茅台,600519.SH
2015-10-28,sh.600519,212.44,1655922,353020512.0,贵州茅台,600519.SH
2015-10-29,sh.600519,213.0,1345435,287688320.0,贵州茅台,600519.SH
2015-10-30,sh.600519,213.86,1225791,263117287.0,贵州茅台,600519.SH
2015-11-02,sh.600519,212.56,1529820,328246688.0,贵州茅台,600519.SH
2015-11-03,sh.600519,209.71,2317329,493565248.0,贵州茅台,600519.SH
2015-11-04,sh.600519,214.98,3080972,659118992.0,贵州茅台,600519.SH
2015-11-05,sh.600519,216.56,4998258,1087812240.0,贵州茅台,600519.SH
2015-11-06,sh.600519,218.42,2169571,471929424.0,贵州茅台,600519.SH
2015-11-09,sh.600519,220.83,4052729,900398640.0,贵州茅台,600519.SH
2015-11-10,sh.600519,222.38,2872976,639416128.0,贵州茅台,600519.SH
2015-11-11,sh.600519,220.15,2381550,524296320.0,贵州茅台,600519.SH
2015-11-12,sh.600519,220.01,1618085,357408912.0,贵州茅台,600519.SH
2015-11-13,sh.600519,215.11,2839718,614644800.0,贵州茅台,600519.SH
2015-11-16,sh.600519,213.78,2391670,511461328.0,贵州茅台,600519.SH
2015-11-17,sh.600519,214.36,2198635,473813952.0,贵州茅台,600519.SH
2015-11-18,sh.600519,214.66,1972554,423815328.0,贵州茅台,600519.SH
2015-11-19,sh.600519,215.03,1526276,327777824.0,贵州茅台,600519.SH
2015-11-20,sh.600519,213.72,2227423,476413648.0,贵州茅台,600519.SH
2015-11-23,sh.600519,212.62,2099473,446996432.0,贵州茅台,600519.SH
2015-11-24,sh.600519,211.69,2046902,431548240.0,贵州茅台,600519.SH
2015-11-25,sh.600519,212.98,2424981,512351424.0,贵州茅台,600519.SH
2015-11-26,sh.600519,212.84,1880453,400523680.0,贵州茅台,600519.SH
2015-11-27,sh.600519,207.74,1622072,339061424.0,贵州茅台,600519.SH
2015-11-30,sh.600519,214.31,3344003,702029936.0,贵州茅台,600519.SH
2015-12-01,sh.600519,213.8,1887754,400895904.0,贵州茅台,600519.SH
2015-12-02,sh.600519,221.58,4789145,1055325952.0,贵州茅台,600519.SH
2015-12-03,sh.600519,220.2,2238683,489928576.0,贵州茅台,600519.SH
2015-12-04,sh.600519,215.31,2084871,452200736.0,贵州茅台,600519.SH
2015-12-07,sh.600519,214.51,1925509,413697600.0,贵州茅台,600519.SH
2015-12-08,sh.600519,211.94,1739368,370510928.0,贵州茅台,600519.SH
2015-12-09,sh.600519,214.47,1411977,302039600.0,贵州茅台,600519.SH
2015-12-10,sh.600519,212.96,1378671,295297552.0,贵州茅台,600519.SH
2015-12-11,sh.600519,211.41,1303548,275655728.0,贵州茅台,600519.SH
2015-12-14,sh.600519,214.1,2070134,439584112.0,贵州茅台,600519.SH
2015-12-15,sh.600519,214.51,1508839,321828816.0,贵州茅台,600519.SH
2015-12-16,sh.600519,213.91,2014480,430371568.0,贵州茅台,600519.SH
2015-12-17,sh.600519,215.86,2425321,523818384.0,贵州茅台,600519.SH
2015-12-18,sh.600519,216.88,2846020,618897536.0,贵州茅台,600519.SH
2015-12-21,sh.600519,227.03,5939189,1341466592.0,贵州茅台,600519.SH
2015-12-22,sh.600519,225.03,2840245,638684800.0,贵州茅台,600519.SH
2015-12-23,sh.600519,223.0,2237497,501438272.0,贵州茅台,600519.SH
2015-12-24,sh.600519,224.78,1557788,350137312.0,贵州茅台,600519.SH
2015-12-25,sh.600519,224.5,1154295,258870006.0,贵州茅台,600519.SH
2015-12-28,sh.600519,219.12,2559452,569404128.0,贵州茅台,600519.SH
2015-12-29,sh.600519,219.83,1577433,345982480.0,贵州茅台,600519.SH
2015-12-30,sh.600519,218.86,2014766,440489184.0,贵州茅台,600519.SH
2015-12-31,sh.600519,218.19,1967387,429872176.0,贵州茅台,600519.SH
2016-01-04,sh.600519,210.02,1734969,371909824.0,贵州茅台,600519.SH
2016-01-05,sh.600519,212.82,3190891,672596336.0,贵州茅台,600519.SH
2016-01-06,sh.600519,212.18,2376090,502483568.0,贵州茅台,600519.SH
2016-01-07,sh.600519,202.23,814868,167829920.0,贵州茅台,600519.SH
2016-01-08,sh.600519,204.63,4451009,911812832.0,贵州茅台,600519.SH
2016-01-11,sh.600519,199.86,2970258,596838944.0,贵州茅台,600519.SH
2016-01-12,sh.600519,196.79,4028723,801495584.0,贵州茅台,600519.SH
2016-01-13,sh.600519,199.78,2920198,592420624.0,贵州茅台,600519.SH
2016-01-14,sh.600519,204.82,3477606,699341424.0,贵州茅台,600519.SH
2016-01-15,sh.600519,199.0,2668119,537750016.0,贵州茅台,600519.SH
2016-01-18,sh.600519,199.43,2737123,548614384.0,贵州茅台,600519.SH
2016-01-19,sh.600519,210.24,5911022,1224859280.0,贵州茅台,600519.SH
2016-01-20,sh.600519,202.32,4096866,835946960.0,贵州茅台,600519.SH
2016-01-21,sh.600519,200.26,2183229,439737648.0,贵州茅台,600519.SH
2016-01-22,sh.600519,202.74,2273348,456952016.0,贵州茅台,600519.SH
2016-01-25,sh.600519,202.77,1375045,278273552.0,贵州茅台,600519.SH
2016-01-26,sh.600519,199.01,2228092,448487472.0,贵州茅台,600519.SH
2016-01-27,sh.600519,199.93,2984041,589842576.0,贵州茅台,600519.SH
2016-01-28,sh.600519,196.64,1790300,353744032.0,贵州茅台,600519.SH
2016-01-29,sh.600519,200.65,2309024,461975280.0,贵州茅台,600519.SH
2016-02-01,sh.600519,201.29,1917802,386028336.0,贵州茅台,600519.SH
2016-02-02,sh.600519,204.55,1784208,362596992.0,贵州茅台,600519.SH
2016-02-03,sh.600519,203.66,1515699,307933680.0,贵州茅台,600519.SH
2016-02-04,sh.600519,204.99,1662475,340315136.0,贵州茅台,600519.SH
2016-02-05,sh.600519,203.87,1422767,290691680.0,贵州茅台,600519.SH
2016-02-15,sh.600519,200.41,1947018,390748384.0,贵州茅台,600519.SH
2016-02-16,sh.600519,203.92,1922316,393326288.0,贵州茅台,600519.SH
2016-02-17,sh.600519,202.3,2034911,411126976.0,贵州茅台,600519.SH
2016-02-18,sh.600519,201.71,1889256,381696256.0,贵州茅台,600519.SH
2016-02-19,sh.600519,203.11,1423846,287755552.0,贵州茅台,600519.SH
2016-02-22,sh.600519,207.8,2775986,574540624.0,贵州茅台,600519.SH
2016-02-23,sh.600519,212.41,3746089,795824528.0,贵州茅台,600519.SH
2016-02-24,sh.600519,217.74,3312902,717612352.0,贵州茅台,600519.SH
2016-02-25,sh.600519,212.41,3948065,855036784.0,贵州茅台,600519.SH
2016-02-26,sh.600519,216.84,2833271,609924304.0,贵州茅台,600519.SH
2016-02-29,sh.600519,214.91,4771246,1022532384.0,贵州茅台,600519.SH
2016-03-01,sh.600519,218.42,3400459,736088848.0,贵州茅台,600519.SH
2016-03-02,sh.600519,224.22,4794266,1073462816.0,贵州茅台,600519.SH
2016-03-03,sh.600519,227.81,4019328,914557328.0,贵州茅台,600519.SH
2016-03-04,sh.600519,238.78,8583869,2007278352.0,贵州茅台,600519.SH
2016-03-07,sh.600519,233.64,3934555,924016288.0,贵州茅台,600519.SH
2016-03-08,sh.600519,229.21,2614722,600938832.0,贵州茅台,600519.SH
2016-03-09,sh.600519,227.44,1640260,375804064.0,贵州茅台,600519.SH
2016-03-10,sh.600519,228.06,2572746,593953296.0,贵州茅台,600519.SH
2016-03-11,sh.600519,228.05,1632008,373343712.0,贵州茅台,600519.SH
2016-03-14,sh.600519,224.57,4527783,1029457824.0,贵州茅台,600519.SH
2016-03-15,sh.600519,231.92,3635633,832373600.0,贵州茅台,600519.SH
2016-03-16,sh.600519,228.61,2425097,555358080.0,贵州茅台,600519.SH
2016-03-17,sh.600519,229.56,2882095,665454448.0,贵州茅台,600519.SH
2016-03-18,sh.600519,226.0,7056894,1613934128.0,贵州茅台,600519.SH
2016-03-21,sh.600519,231.98,3854745,885665712.0,贵州茅台,600519.SH
2016-03-22,sh.600519,234.49,4176661,981582400.0,贵州茅台,600519.SH
2016-03-23,sh.600519,234.97,2141206,503035648.0,贵州茅台,600519.SH
2016-03-24,sh.600519,242.66,6206802,1487290880.0,贵州茅台,600519.SH
2016-03-25,sh.600519,244.98,4475616,1100326144.0,贵州茅台,600519.SH
2016-03-28,sh.600519,249.58,4833765,1207751712.0,贵州茅台,600519.SH
2016-03-29,sh.600519,248.11,3668805,911522992.0,贵州茅台,600519.SH
2016-03-30,sh.600519,248.66,2778260,688591408.0,贵州茅台,600519.SH
2016-03-31,sh.600519,247.64,1945734,483196896.0,贵州茅台,600519.SH
2016-04-01,sh.600519,245.09,2514607,620149504.0,贵州茅台,600519.SH
2016-04-05,sh.600519,245.52,2504785,615354320.0,贵州茅台,600519.SH
2016-04-06,sh.600519,257.21,4842492,1225137024.0,贵州茅台,600519.SH
2016-04-07,sh.600519,254.11,2553639,650128768.0,贵州茅台,600519.SH
2016-04-08,sh.600519,249.86,2315602,583704016.0,贵州茅台,600519.SH
2016-04-11,sh.600519,243.72,11928468,2930751136.0,贵州茅台,600519.SH
2016-04-12,sh.600519,244.92,2333909,568663728.0,贵州茅台,600519.SH
2016-04-13,sh.600519,242.24,5427425,1328412384.0,贵州茅台,600519.SH
2016-04-14,sh.600519,242.76,2866437,696651872.0,贵州茅台,600519.SH
2016-04-15,sh.600519,244.9,1902926,463404864.0,贵州茅台,600519.SH
2016-04-18,sh.600519,243.68,1859304,453989136.0,贵州茅台,600519.SH
2016-04-19,sh.600519,243.18,1423668,345816832.0,贵州茅台,600519.SH
2016-04-20,sh.600519,238.44,3370850,808354336.0,贵州茅台,600519.SH
2016-04-21,sh.600519,240.37,2967222,713190672.0,贵州茅台,600519.SH
2016-04-22,sh.600519,247.4,3545938,869560464.0,贵州茅台,600519.SH
2016-04-25,sh.600519,244.52,2499028,614481808.0,贵州茅台,600519.SH
2016-04-26,sh.600519,243.86,1515668,370224912.0,贵州茅台,600519.SH
2016-04-27,sh.600519,244.88,1391510,340092448.0,贵州茅台,600519.SH
2016-04-28,sh.600519,246.44,1715655,421012816.0,贵州茅台,600519.SH
2016-04-29,sh.600519,251.2,4607949,1155915392.0,贵州茅台,600519.SH
2016-05-03,sh.600519,260.0,5647486,1463972624.0,贵州茅台,600519.SH
2016-05-04,sh.600519,256.21,2863626,743425168.0,贵州茅台,600519.SH
2016-05-05,sh.600519,257.77,1351789,347050352.0,贵州茅台,600519.SH
2016-05-06,sh.600519,252.22,2717369,689911424.0,贵州茅台,600519.SH
2016-05-09,sh.600519,250.82,2779918,696784544.0,贵州茅台,600519.SH
2016-05-10,sh.600519,252.08,3350589,843441776.0,贵州茅台,600519.SH
2016-05-11,sh.600519,256.87,4927713,1268594576.0,贵州茅台,600519.SH
2016-05-12,sh.600519,255.96,1889411,480711456.0,贵州茅台,600519.SH
2016-05-13,sh.600519,250.96,2814561,714915408.0,贵州茅台,600519.SH
2016-05-16,sh.600519,251.63,2220273,553627504.0,贵州茅台,600519.SH
2016-05-17,sh.600519,250.03,1178569,295827984.0,贵州茅台,600519.SH
2016-05-18,sh.600519,244.44,2838034,700172112.0,贵州茅台,600519.SH
2016-05-19,sh.600519,245.77,2088943,514050848.0,贵州茅台,600519.SH
2016-05-20,sh.600519,251.26,2550157,638079264.0,贵州茅台,600519.SH
2016-05-23,sh.600519,254.2,1870618,474832784.0,贵州茅台,600519.SH
2016-05-24,sh.600519,251.94,1167440,294383664.0,贵州茅台,600519.SH
2016-05-25,sh.600519,251.86,1778534,450815936.0,贵州茅台,600519.SH
2016-05-26,sh.600519,252.71,1812026,454859056.0,贵州茅台,600519.SH
2016-05-27,sh.600519,252.44,1323044,334258000.0,贵州茅台,600519.SH
2016-05-30,sh.600519,256.13,2980692,756013040.0,贵州茅台,600519.SH
2016-05-31,sh.600519,264.47,5394965,1418668240.0,贵州茅台,600519.SH
2016-06-01,sh.600519,263.79,2187669,578184016.0,贵州茅台,600519.SH
2016-06-02,sh.600519,267.74,2476076,660335568.0,贵州茅台,600519.SH
2016-06-03,sh.600519,283.89,6479813,1806172752.0,贵州茅台,600519.SH
2016-06-06,sh.600519,276.05,3726166,1034692864.0,贵州茅台,600519.SH
2016-06-07,sh.600519,277.85,1875353,518246016.0,贵州茅台,600519.SH
2016-06-08,sh.600519,274.28,2388209,656530784.0,贵州茅台,600519.SH
2016-06-13,sh.600519,267.06,3777506,1030012784.0,贵州茅台,600519.SH
2016-06-14,sh.600519,272.75,2558729,696446752.0,贵州茅台,600519.SH
2016-06-15,sh.600519,276.49,2732201,752172240.0,贵州茅台,600519.SH
2016-06-16,sh.600519,274.02,1964357,540824576.0,贵州茅台,600519.SH
2016-06-17,sh.600519,278.26,2470518,689165056.0,贵州茅台,600519.SH
2016-06-20,sh.600519,276.11,1901926,523759584.0,贵州茅台,600519.SH
2016-06-21,sh.600519,273.81,1674933,460067360.0,贵州茅台,600519.SH
2016-06-22,sh.600519,278.44,2088448,577353680.0,贵州茅台,600519.SH
2016-06-23,sh.600519,276.44,1398451,386801280.0,贵州茅台,600519.SH
2016-06-24,sh.600519,273.77,2012951,550877440.0,贵州茅台,600519.SH
2016-06-27,sh.600519,287.68,6364269,1823624048.0,贵州茅台,600519.SH
2016-06-28,sh.600519,288.21,2428223,699351504.0,贵州茅台,600519.SH
2016-06-29,sh.600519,288.18,2814760,805690464.0,贵州茅台,600519.SH
2016-06-30,sh.600519,291.92,3802240,1116195904.0,贵州茅台,600519.SH
2016-07-01,sh.600519,286.17,2601495,746622848.0,贵州茅台,600519.SH
2016-07-04,sh.600519,293.9,2948864,859625104.0,贵州茅台,600519.SH
2016-07-05,sh.600519,300.58,4170773,1252985744.0,贵州茅台,600519.SH
2016-07-06,sh.600519,317.19,4734770,1463885920.0,贵州茅台,600519.SH
2016-07-07,sh.600519,316.91,5072520,1619384208.0,贵州茅台,600519.SH
2016-07-08,sh.600519,309.91,4554563,1412963904.0,贵州茅台,600519.SH
2016-07-11,sh.600519,315.14,5748167,1825388224.0,贵州茅台,600519.SH
2016-07-12,sh.600519,324.73,5311945,1712151168.0,贵州茅台,600519.SH
2016-07-13,sh.600519,317.19,5344828,1697002624.0,贵州茅台,600519.SH
2016-07-14,sh.600519,317.09,2923085,928017840.0,贵州茅台,600519.SH
2016-07-15,sh.600519,317.52,2681101,848676192.0,贵州茅台,600519.SH
2016-07-18,sh.600519,316.21,2335289,741065232.0,贵州茅台,600519.SH
2016-07-19,sh.600519,308.11,4143166,1282256496.0,贵州茅台,600519.SH
2016-07-20,sh.600519,308.56,1773384,548187888.0,贵州茅台,600519.SH
2016-07-21,sh.600519,314.38,3300949,1041004816.0,贵州茅台,600519.SH
2016-07-22,sh.600519,307.92,2887145,893047920.0,贵州茅台,600519.SH
2016-07-25,sh.600519,311.26,2362353,736751808.0,贵州茅台,600519.SH
2016-07-26,sh.600519,319.04,3555567,1121135552.0,贵州茅台,600519.SH
2016-07-27,sh.600519,314.01,3922806,1235833184.0,贵州茅台,600519.SH
2016-07-28,sh.600519,316.05,3964399,1254912048.0,贵州茅台,600519.SH
2016-07-29,sh.600519,313.15,2900737,913987184.0,贵州茅台,600519.SH
2016-08-01,sh.600519,306.96,3170185,980681840.0,贵州茅台,600519.SH
2016-08-02,sh.600519,306.21,2654142,812078464.0,贵州茅台,600519.SH
2016-08-03,sh.600519,306.82,2403907,735080448.0,贵州茅台,600519.SH
2016-08-04,sh.600519,306.3,2179364,666165440.0,贵州茅台,600519.SH
2016-08-05,sh.600519,305.93,2030848,622324416.0,贵州茅台,600519.SH
2016-08-08,sh.600519,308.1,2200740,672724160.0,贵州茅台,600519.SH
2016-08-09,sh.600519,315.75,3928967,1230571984.0,贵州茅台,600519.SH
2016-08-10,sh.600519,313.81,2094471,659451040.0,贵州茅台,600519.SH
2016-08-11,sh.600519,316.77,3193972,1016399248.0,贵州茅台,600519.SH
2016-08-12,sh.600519,316.97,2335283,737487488.0,贵州茅台,600519.SH
2016-08-15,sh.600519,318.78,3411013,1084418384.0,贵州茅台,600519.SH
2016-08-16,sh.600519,309.52,8837869,2755749504.0,贵州茅台,600519.SH
2016-08-17,sh.600519,308.16,4375406,1347397792.0,贵州茅台,600519.SH
2016-08-18,sh.600519,306.43,3100599,951674784.0,贵州茅台,600519.SH
2016-08-19,sh.600519,306.48,1914091,585467696.0,贵州茅台,600519.SH
2016-08-22,sh.600519,307.32,2081270,640455200.0,贵州茅台,600519.SH
2016-08-23,sh.600519,306.88,1991426,612752800.0,贵州茅台,600519.SH
2016-08-24,sh.600519,305.28,2277942,695005296.0,贵州茅台,600519.SH
2016-08-25,sh.600519,303.01,2536258,766099104.0,贵州茅台,600519.SH
2016-08-26,sh.600519,301.45,2143645,648346752.0,贵州茅台,600519.SH
2016-08-29,sh.600519,307.53,3805557,1169052448.0,贵州茅台,600519.SH
2016-08-30,sh.600519,305.86,2117052,649198656.0,贵州茅台,600519.SH
2016-08-31,sh.600519,310.19,4040144,1250762224.0,贵州茅台,600519.SH
2016-09-01,sh.600519,308.71,1718597,532785264.0,贵州茅台,600519.SH
2016-09-02,sh.600519,305.78,1857224,570909568.0,贵州茅台,600519.SH
2016-09-05,sh.600519,308.5,1913870,589626256.0,贵州茅台,600519.SH
2016-09-06,sh.600519,309.94,2062583,638681584.0,贵州茅台,600519.SH
2016-09-07,sh.600519,306.6,2964515,908976240.0,贵州茅台,600519.SH
2016-09-08,sh.600519,305.82,1670578,509979664.0,贵州茅台,600519.SH
2016-09-09,sh.600519,304.63,1622251,494663728.0,贵州茅台,600519.SH
2016-09-12,sh.600519,298.06,3823881,1148690128.0,贵州茅台,600519.SH
2016-09-13,sh.600519,300.43,1625588,488095088.0,贵州茅台,600519.SH
2016-09-14,sh.600519,299.57,1852765,556106064.0,贵州茅台,600519.SH
2016-09-19,sh.600519,300.13,1285210,385804384.0,贵州茅台,600519.SH
2016-09-20,sh.600519,294.96,3489260,1031649952.0,贵州茅台,600519.SH
2016-09-21,sh.600519,294.05,3903723,1139374176.0,贵州茅台,600519.SH
2016-09-22,sh.600519,296.98,2960617,879666032.0,贵州茅台,600519.SH
2016-09-23,sh.600519,297.68,1267190,376554080.0,贵州茅台,600519.SH
2016-09-26,sh.600519,288.73,3717608,1080278320.0,贵州茅台,600519.SH
2016-09-27,sh.600519,291.17,1791582,520513712.0,贵州茅台,600519.SH
2016-09-28,sh.600519,288.41,2236001,648736320.0,贵州茅台,600519.SH
2016-09-29,sh.600519,290.98,2370569,688873472.0,贵州茅台,600519.SH
2016-09-30,sh.600519,297.91,2960350,880477808.0,贵州茅台,600519.SH
2016-10-10,sh.600519,302.96,2110362,637178864.0,贵州茅台,600519.SH
2016-10-11,sh.600519,308.92,4173675,1279755344.0,贵州茅台,600519.SH
2016-10-12,sh.600519,305.82,1928602,590793824.0,贵州茅台,600519.SH
2016-10-13,sh.600519,303.89,1614398,491591616.0,贵州茅台,600519.SH
2016-10-14,sh.600519,305.6,1269092,386317904.0,贵州茅台,600519.SH
2016-10-17,sh.600519,302.45,1895703,574503344.0,贵州茅台,600519.SH
2016-10-18,sh.600519,307.16,3038931,932443504.0,贵州茅台,600519.SH
2016-10-19,sh.600519,306.45,1412328,433658688.0,贵州茅台,600519.SH
2016-10-20,sh.600519,305.48,1407992,429896208.0,贵州茅台,600519.SH
2016-10-21,sh.600519,304.19,1148332,349209696.0,贵州茅台,600519.SH
2016-10-24,sh.600519,306.93,2624652,802002336.0,贵州茅台,600519.SH
2016-10-25,sh.600519,312.94,4376239,1363211040.0,贵州茅台,600519.SH
2016-10-26,sh.600519,313.68,4681307,1475976848.0,贵州茅台,600519.SH
2016-10-27,sh.600519,316.87,3295162,1039017328.0,贵州茅台,600519.SH
2016-10-28,sh.600519,317.05,2013733,637478016.0,贵州茅台,600519.SH
2016-10-31,sh.600519,317.95,4359610,1394967920.0,贵州茅台,600519.SH
2016-11-01,sh.600519,316.68,1951239,617880128.0,贵州茅台,600519.SH
2016-11-02,sh.600519,315.18,2063642,650629056.0,贵州茅台,600519.SH
2016-11-03,sh.600519,315.86,1869081,589861360.0,贵州茅台,600519.SH
2016-11-04,sh.600519,314.82,2061927,650490000.0,贵州茅台,600519.SH
2016-11-07,sh.600519,315.33,1604780,505304912.0,贵州茅台,600519.SH
2016-11-08,sh.600519,320.0,3419383,1093003616.0,贵州茅台,600519.SH
2016-11-09,sh.600519,316.81,3000449,951077200.0,贵州茅台,600519.SH
2016-11-10,sh.600519,319.13,1780496,568571584.0,贵州茅台,600519.SH
2016-11-11,sh.600519,315.08,3590265,1133744320.0,贵州茅台,600519.SH
2016-11-14,sh.600519,310.99,3992049,1246340880.0,贵州茅台,600519.SH
2016-11-15,sh.600519,314.01,2447055,766112496.0,贵州茅台,600519.SH
2016-11-16,sh.600519,313.15,1339981,419672480.0,贵州茅台,600519.SH
2016-11-17,sh.600519,311.04,1833776,570642080.0,贵州茅台,600519.SH
2016-11-18,sh.600519,310.0,1937769,601883504.0,贵州茅台,600519.SH
2016-11-21,sh.600519,309.5,2608384,807014528.0,贵州茅台,600519.SH
2016-11-22,sh.600519,308.87,2642427,816561744.0,贵州茅台,600519.SH
2016-11-23,sh.600519,312.95,3401504,1058266304.0,贵州茅台,600519.SH
2016-11-24,sh.600519,316.93,3907870,1227937712.0,贵州茅台,600519.SH
2016-11-25,sh.600519,316.89,2236967,706042464.0,贵州茅台,600519.SH
2016-11-28,sh.600519,319.5,4925301,1568882896.0,贵州茅台,600519.SH
2016-11-29,sh.600519,323.96,5883062,1911874432.0,贵州茅台,600519.SH
2016-11-30,sh.600519,319.08,2675237,855564592.0,贵州茅台,600519.SH
2016-12-01,sh.600519,321.02,2794182,896065024.0,贵州茅台,600519.SH
2016-12-02,sh.600519,321.77,3062833,984836864.0,贵州茅台,600519.SH
2016-12-05,sh.600519,315.93,4206081,1342647360.0,贵州茅台,600519.SH
2016-12-06,sh.600519,326.42,3892309,1251764480.0,贵州茅台,600519.SH
2016-12-07,sh.600519,327.45,2527174,825849248.0,贵州茅台,600519.SH
2016-12-08,sh.600519,337.71,5447578,1825332448.0,贵州茅台,600519.SH
2016-12-09,sh.600519,337.76,3449559,1162079792.0,贵州茅台,600519.SH
2016-12-12,sh.600519,326.86,5033244,1667557008.0,贵州茅台,600519.SH
2016-12-13,sh.600519,333.01,4178000,1384533792.0,贵州茅台,600519.SH
2016-12-14,sh.600519,332.27,3202902,1062697136.0,贵州茅台,600519.SH
2016-12-15,sh.600519,328.05,3920275,1285279904.0,贵州茅台,600519.SH
2016-12-16,sh.600519,327.58,2505126,818412416.0,贵州茅台,600519.SH
2016-12-19,sh.600519,325.96,3047187,1002365472.0,贵州茅台,600519.SH
2016-12-20,sh.600519,326.48,3083159,1001345152.0,贵州茅台,600519.SH
2016-12-21,sh.600519,328.66,2471124,807548096.0,贵州茅台,600519.SH
2016-12-22,sh.600519,325.2,1467813,478750704.0,贵州茅台,600519.SH
2016-12-23,sh.600519,320.03,3109555,1001068080.0,贵州茅台,600519.SH
2016-12-26,sh.600519,324.48,2600143,835811088.0,贵州茅台,600519.SH
2016-12-27,sh.600519,326.16,2006229,655887936.0,贵州茅台,600519.SH
2016-12-28,sh.600519,323.72,1787811,581648976.0,贵州茅台,600519.SH
2016-12-29,sh.600519,327.31,2122512,690986080.0,贵州茅台,600519.SH
2016-12-30,sh.600519,334.15,3468767,1152982240.0,贵州茅台,600519.SH
2017-01-03,sh.600519,334.56,2076389,695005296.0,贵州茅台,600519.SH
2017-01-04,sh.600519,351.91,6525738,2245051872.0,贵州茅台,600519.SH
2017-01-05,sh.600519,346.74,4170448,1449077680.0,贵州茅台,600519.SH
2017-01-06,sh.600519,350.76,6809562,2402546304.0,贵州茅台,600519.SH
2017-01-09,sh.600519,348.51,3540500,1233977968.0,贵州茅台,600519.SH
2017-01-10,sh.600519,349.0,3172764,1108100800.0,贵州茅台,600519.SH
2017-01-11,sh.600519,345.45,2359851,814074640.0,贵州茅台,600519.SH
2017-01-12,sh.600519,347.05,1777940,614822048.0,贵州茅台,600519.SH
2017-01-13,sh.600519,344.87,1828248,631734944.0,贵州茅台,600519.SH
2017-01-16,sh.600519,341.47,3685545,1259384864.0,贵州茅台,600519.SH
2017-01-17,sh.600519,349.13,3518838,1223967888.0,贵州茅台,600519.SH
2017-01-18,sh.600519,355.08,4600570,1622110976.0,贵州茅台,600519.SH
2017-01-19,sh.600519,354.72,2852392,1011320064.0,贵州茅台,600519.SH
2017-01-20,sh.600519,354.99,2134417,758416000.0,贵州茅台,600519.SH
2017-01-23,sh.600519,351.22,3258118,1151869296.0,贵州茅台,600519.SH
2017-01-24,sh.600519,350.31,2691458,939129472.0,贵州茅台,600519.SH
2017-01-25,sh.600519,347.63,2299036,799259968.0,贵州茅台,600519.SH
2017-01-26,sh.600519,344.42,3782617,1303262144.0,贵州茅台,600519.SH
2017-02-03,sh.600519,346.85,2093643,727140784.0,贵州茅台,600519.SH
2017-02-06,sh.600519,346.85,1568079,543401904.0,贵州茅台,600519.SH
2017-02-07,sh.600519,343.58,2051983,707114112.0,贵州茅台,600519.SH
2017-02-08,sh.600519,344.21,1908854,656786320.0,贵州茅台,600519.SH
2017-02-09,sh.600519,347.61,2332438,808958176.0,贵州茅台,600519.SH
2017-02-10,sh.600519,345.08,2405659,835679328.0,贵州茅台,600519.SH
2017-02-13,sh.600519,349.75,5358790,1869148352.0,贵州茅台,600519.SH
2017-02-14,sh.600519,350.21,2655868,931733728.0,贵州茅台,600519.SH
2017-02-15,sh.600519,348.53,2625696,917475856.0,贵州茅台,600519.SH
2017-02-16,sh.600519,348.09,1764230,612607280.0,贵州茅台,600519.SH
2017-02-17,sh.600519,350.56,2910234,1022647968.0,贵州茅台,600519.SH
2017-02-20,sh.600519,361.29,6185340,2215563600.0,贵州茅台,600519.SH
2017-02-21,sh.600519,358.74,2770577,994112864.0,贵州茅台,600519.SH
2017-02-22,sh.600519,361.89,3713031,1347469104.0,贵州茅台,600519.SH
2017-02-23,sh.600519,361.7,2332806,844123200.0,贵州茅台,600519.SH
2017-02-24,sh.600519,362.62,1769278,639123200.0,贵州茅台,600519.SH
2017-02-27,sh.600519,357.2,2540046,912927184.0,贵州茅台,600519.SH
2017-02-28,sh.600519,354.66,2747351,975788672.0,贵州茅台,600519.SH
2017-03-01,sh.600519,356.61,2194420,782349008.0,贵州茅台,600519.SH
2017-03-02,sh.600519,356.82,2210362,785560416.0,贵州茅台,600519.SH
2017-03-03,sh.600519,356.54,1415355,505108560.0,贵州茅台,600519.SH
2017-03-06,sh.600519,358.96,2281884,818625872.0,贵州茅台,600519.SH
2017-03-07,sh.600519,367.2,4628698,1694198544.0,贵州茅台,600519.SH
2017-03-08,sh.600519,367.28,1603770,588667680.0,贵州茅台,600519.SH
2017-03-09,sh.600519,369.9,2340606,860084032.0,贵州茅台,600519.SH
2017-03-10,sh.600519,369.85,4095105,1524343088.0,贵州茅台,600519.SH
2017-03-13,sh.600519,371.55,2767432,1027592800.0,贵州茅台,600519.SH
2017-03-14,sh.600519,369.5,2041649,756359632.0,贵州茅台,600519.SH
2017-03-15,sh.600519,374.68,2515526,935994832.0,贵州茅台,600519.SH
2017-03-16,sh.600519,374.77,2502260,938231440.0,贵州茅台,600519.SH
2017-03-17,sh.600519,378.48,3470026,1315336848.0,贵州茅台,600519.SH
2017-03-20,sh.600519,386.41,3154594,1209603920.0,贵州茅台,600519.SH
2017-03-21,sh.600519,394.01,4846096,1901883744.0,贵州茅台,600519.SH
2017-03-22,sh.600519,394.48,4553271,1775217760.0,贵州茅台,600519.SH
2017-03-23,sh.600519,389.79,3450481,1345058752.0,贵州茅台,600519.SH
2017-03-24,sh.600519,386.82,3328772,1292313392.0,贵州茅台,600519.SH
2017-03-27,sh.600519,378.82,5369028,2054742976.0,贵州茅台,600519.SH
2017-03-28,sh.600519,380.26,4118717,1558258560.0,贵州茅台,600519.SH
2017-03-29,sh.600519,383.65,3729967,1429610960.0,贵州茅台,600519.SH
2017-03-30,sh.600519,386.14,3161299,1216016528.0,贵州茅台,600519.SH
2017-03-31,sh.600519,386.36,2447422,945503280.0,贵州茅台,600519.SH
2017-04-05,sh.600519,389.66,4078998,1594997312.0,贵州茅台,600519.SH
2017-04-06,sh.600519,391.91,2885720,1125204240.0,贵州茅台,600519.SH
2017-04-07,sh.600519,392.87,2409723,945589200.0,贵州茅台,600519.SH
2017-04-10,sh.600519,389.2,2886948,1126296272.0,贵州茅台,600519.SH
2017-04-11,sh.600519,385.29,4353072,1679537552.0,贵州茅台,600519.SH
2017-04-12,sh.600519,390.23,2700291,1049245584.0,贵州茅台,600519.SH
2017-04-13,sh.600519,398.39,4564835,1805008864.0,贵州茅台,600519.SH
2017-04-14,sh.600519,395.45,2364656,938378992.0,贵州茅台,600519.SH
2017-04-17,sh.600519,395.79,2879371,1136763712.0,贵州茅台,600519.SH
2017-04-18,sh.600519,404.65,4958100,1987661264.0,贵州茅台,600519.SH
2017-04-19,sh.600519,405.74,3755011,1521983648.0,贵州茅台,600519.SH
2017-04-20,sh.600519,415.31,5045768,2091241456.0,贵州茅台,600519.SH
2017-04-21,sh.600519,400.53,4933292,2015062640.0,贵州茅台,600519.SH
2017-04-24,sh.600519,398.55,5003797,1986424992.0,贵州茅台,600519.SH
2017-04-25,sh.600519,418.89,7619271,3143136336.0,贵州茅台,600519.SH
2017-04-26,sh.600519,417.96,5662412,2384125120.0,贵州茅台,600519.SH
2017-04-27,sh.600519,421.44,2824071,1180494896.0,贵州茅台,600519.SH
2017-04-28,sh.600519,413.48,4950587,2052093808.0,贵州茅台,600519.SH
2017-05-02,sh.600519,412.08,2329168,960137248.0,贵州茅台,600519.SH
2017-05-03,sh.600519,417.61,2026791,842560352.0,贵州茅台,600519.SH
2017-05-04,sh.600519,416.0,2670915,1111200112.0,贵州茅台,600519.SH
2017-05-05,sh.600519,416.19,3743711,1566063424.0,贵州茅台,600519.SH
2017-05-08,sh.600519,405.48,4072165,1671035536.0,贵州茅台,600519.SH
2017-05-09,sh.600519,408.76,5280192,2126236512.0,贵州茅台,600519.SH
2017-05-10,sh.600519,410.09,2603938,1070652720.0,贵州茅台,600519.SH
2017-05-11,sh.600519,412.16,3046764,1254053008.0,贵州茅台,600519.SH
2017-05-12,sh.600519,413.47,2233742,921621376.0,贵州茅台,600519.SH
2017-05-15,sh.600519,419.55,3344735,1398908208.0,贵州茅台,600519.SH
2017-05-16,sh.600519,430.12,5016490,2145037952.0,贵州茅台,600519.SH
2017-05-17,sh.600519,426.6,2751521,1174696176.0,贵州茅台,600519.SH
2017-05-18,sh.600519,429.54,2430080,1040535488.0,贵州茅台,600519.SH
2017-05-19,sh.600519,440.82,3831083,1672948416.0,贵州茅台,600519.SH
2017-05-22,sh.600519,441.78,3532149,1560087952.0,贵州茅台,600519.SH
2017-05-23,sh.600519,454.2,4845439,2178738032.0,贵州茅台,600519.SH
2017-05-24,sh.600519,450.32,4022618,1812513088.0,贵州茅台,600519.SH
2017-05-25,sh.600519,450.6,2889842,1299628592.0,贵州茅台,600519.SH
2017-05-26,sh.600519,451.92,2738664,1237323136.0,贵州茅台,600519.SH
2017-05-31,sh.600519,442.94,4431225,1968887168.0,贵州茅台,600519.SH
2017-06-01,sh.600519,449.28,4060478,1808305712.0,贵州茅台,600519.SH
2017-06-02,sh.600519,447.31,2178526,974893312.0,贵州茅台,600519.SH
2017-06-05,sh.600519,444.41,1924120,854876928.0,贵州茅台,600519.SH
2017-06-06,sh.600519,448.82,2040244,912438704.0,贵州茅台,600519.SH
2017-06-07,sh.600519,459.37,3883430,1774212480.0,贵州茅台,600519.SH
2017-06-08,sh.600519,464.31,2895111,1338443408.0,贵州茅台,600519.SH
2017-06-09,sh.600519,465.74,3143076,1467836832.0,贵州茅台,600519.SH
2017-06-12,sh.600519,472.88,3510916,1654502000.0,贵州茅台,600519.SH
2017-06-13,sh.600519,473.04,2423798,1141536368.0,贵州茅台,600519.SH
2017-06-14,sh.600519,474.39,3376863,1600846624.0,贵州茅台,600519.SH
2017-06-15,sh.600519,464.3,5020280,2347172384.0,贵州茅台,600519.SH
2017-06-16,sh.600519,462.63,3333180,1544955952.0,贵州茅台,600519.SH
2017-06-19,sh.600519,470.17,3853668,1803585248.0,贵州茅台,600519.SH
2017-06-20,sh.600519,466.3,3450539,1614858144.0,贵州茅台,600519.SH
2017-06-21,sh.600519,472.71,4203854,1974672848.0,贵州茅台,600519.SH
2017-06-22,sh.600519,472.75,3824234,1815684368.0,贵州茅台,600519.SH
2017-06-23,sh.600519,472.73,3130362,1473803776.0,贵州茅台,600519.SH
2017-06-26,sh.600519,484.68,5293257,2536430496.0,贵州茅台,600519.SH
2017-06-27,sh.600519,484.1,2798078,1350476768.0,贵州茅台,600519.SH
2017-06-28,sh.600519,475.3,3772874,1799676816.0,贵州茅台,600519.SH
2017-06-29,sh.600519,473.01,3509272,1657994400.0,贵州茅台,600519.SH
2017-06-30,sh.600519,471.85,2242717,1056424784.0,贵州茅台,600519.SH
2017-07-03,sh.600519,460.37,4962853,2298656464.0,贵州茅台,600519.SH
2017-07-04,sh.600519,451.92,5648895,2563886384.0,贵州茅台,600519.SH
2017-07-05,sh.600519,460.13,3754032,1718844528.0,贵州茅台,600519.SH
2017-07-06,sh.600519,455.98,4204439,1913037504.0,贵州茅台,600519.SH
2017-07-07,sh.600519,445.97,3779647,1681450720.0,贵州茅台,600519.SH
2017-07-10,sh.600519,454.47,3662409,1648443664.0,贵州茅台,600519.SH
2017-07-11,sh.600519,463.13,4460182,2054854496.0,贵州茅台,600519.SH
2017-07-12,sh.600519,457.47,2895072,1330327920.0,贵州茅台,600519.SH
2017-07-13,sh.600519,456.16,2595135,1183440448.0,贵州茅台,600519.SH
2017-07-14,sh.600519,456.41,1772657,806510272.0,贵州茅台,600519.SH
2017-07-17,sh.600519,450.07,3526368,1595292992.0,贵州茅台,600519.SH
2017-07-18,sh.600519,452.55,3068449,1384468256.0,贵州茅台,600519.SH
2017-07-19,sh.600519,456.86,5625994,2574934656.0,贵州茅台,600519.SH
2017-07-20,sh.600519,466.47,4663487,2160731536.0,贵州茅台,600519.SH
2017-07-21,sh.600519,473.2,4679241,2207195744.0,贵州茅台,600519.SH
2017-07-24,sh.600519,477.8,4271643,2052709808.0,贵州茅台,600519.SH
2017-07-25,sh.600519,477.96,2192999,1051446096.0,贵州茅台,600519.SH
2017-07-26,sh.600519,471.63,3147018,1487729152.0,贵州茅台,600519.SH
2017-07-27,sh.600519,473.87,1959503,928077232.0,贵州茅台,600519.SH
2017-07-28,sh.600519,483.92,4661877,2235811536.0,贵州茅台,600519.SH
2017-07-31,sh.600519,481.22,3841218,1861154800.0,贵州茅台,600519.SH
2017-08-01,sh.600519,480.24,2750154,1318453664.0,贵州茅台,600519.SH
2017-08-02,sh.600519,482.84,2677422,1289564016.0,贵州茅台,600519.SH
2017-08-03,sh.600519,477.22,3176839,1522998144.0,贵州茅台,600519.SH
2017-08-04,sh.600519,473.64,1868114,887074160.0,贵州茅台,600519.SH
2017-08-07,sh.600519,481.56,2309937,1104715344.0,贵州茅台,600519.SH
2017-08-08,sh.600519,482.58,1605158,773408192.0,贵州茅台,600519.SH
2017-08-09,sh.600519,490.85,4179447,2045888048.0,贵州茅台,600519.SH
2017-08-10,sh.600519,491.63,3536438,1747693648.0,贵州茅台,600519.SH
2017-08-11,sh.600519,484.06,3657257,1785149168.0,贵州茅台,600519.SH
2017-08-14,sh.600519,499.83,3933147,1952353920.0,贵州茅台,600519.SH
2017-08-15,sh.600519,495.97,2716322,1350104672.0,贵州茅台,600519.SH
2017-08-16,sh.600519,496.49,1858722,921412992.0,贵州茅台,600519.SH
2017-08-17,sh.600519,492.69,2584673,1272341264.0,贵州茅台,600519.SH
2017-08-18,sh.600519,489.65,2385775,1169732672.0,贵州茅台,600519.SH
2017-08-21,sh.600519,489.73,2354662,1153168720.0,贵州茅台,600519.SH
2017-08-22,sh.600519,487.22,4245703,2051271360.0,贵州茅台,600519.SH
2017-08-23,sh.600519,494.01,2721499,1337347648.0,贵州茅台,600519.SH
2017-08-24,sh.600519,492.81,1815678,896861680.0,贵州茅台,600519.SH
2017-08-25,sh.600519,492.99,1729788,850598720.0,贵州茅台,600519.SH
2017-08-28,sh.600519,492.04,2902107,1432545552.0,贵州茅台,600519.SH
2017-08-29,sh.600519,489.44,2517662,1234431712.0,贵州茅台,600519.SH
2017-08-30,sh.600519,492.97,1850364,910133936.0,贵州茅台,600519.SH
2017-08-31,sh.600519,491.15,1873686,921659712.0,贵州茅台,600519.SH
2017-09-01,sh.600519,495.18,3145100,1554634576.0,贵州茅台,600519.SH
2017-09-04,sh.600519,492.42,1893162,932954816.0,贵州茅台,600519.SH
2017-09-05,sh.600519,489.99,2262215,1112006400.0,贵州茅台,600519.SH
2017-09-06,sh.600519,484.98,3300650,1608066096.0,贵州茅台,600519.SH
2017-09-07,sh.600519,481.27,3332016,1605408576.0,贵州茅台,600519.SH
2017-09-08,sh.600519,474.37,4117327,1962989424.0,贵州茅台,600519.SH
2017-09-11,sh.600519,478.32,4537440,2161657248.0,贵州茅台,600519.SH
2017-09-12,sh.600519,484.91,3434163,1661294228.0,贵州茅台,600519.SH
2017-09-13,sh.600519,491.63,3307570,1618956527.0,贵州茅台,600519.SH
2017-09-14,sh.600519,490.71,1939949,953145166.0,贵州茅台,600519.SH
2017-09-15,sh.600519,489.84,1603946,786562205.0,贵州茅台,600519.SH
2017-09-18,sh.600519,498.97,4220681,2101680376.0,贵州茅台,600519.SH
2017-09-19,sh.600519,496.95,2305481,1151152851.0,贵州茅台,600519.SH
2017-09-20,sh.600519,496.2,1731816,862024944.0,贵州茅台,600519.SH
2017-09-21,sh.600519,498.77,1940268,963615276.0,贵州茅台,600519.SH
2017-09-22,sh.600519,499.93,1634353,815718865.0,贵州茅台,600519.SH
2017-09-25,sh.600519,507.24,3269756,1649582919.0,贵州茅台,600519.SH
2017-09-26,sh.600519,509.29,2547049,1292872632.0,贵州茅台,600519.SH
2017-09-27,sh.600519,508.21,1667111,847627355.0,贵州茅台,600519.SH
2017-09-28,sh.600519,518.46,2596985,1340236075.0,贵州茅台,600519.SH
2017-09-29,sh.600519,517.64,2243622,1166403112.0,贵州茅台,600519.SH
2017-10-09,sh.600519,527.77,3489129,1844481600.0,贵州茅台,600519.SH
2017-10-10,sh.600519,540.06,3100644,1662690453.0,贵州茅台,600519.SH
2017-10-11,sh.600519,545.54,3340643,1824898708.0,贵州茅台,600519.SH
2017-10-12,sh.600519,544.09,1964622,1067464518.0,贵州茅台,600519.SH
2017-10-13,sh.600519,556.15,2785842,1534212916.0,贵州茅台,600519.SH
2017-10-16,sh.600519,560.69,2990901,1676809992.0,贵州茅台,600519.SH
2017-10-17,sh.600519,556.73,2097712,1168943280.0,贵州茅台,600519.SH
2017-10-18,sh.600519,560.72,1917865,1072237528.0,贵州茅台,600519.SH
2017-10-19,sh.600519,582.6,4065882,2338901855.0,贵州茅台,600519.SH
2017-10-20,sh.600519,574.33,3153433,1812957242.0,贵州茅台,600519.SH
2017-10-23,sh.600519,573.41,2377182,1362900409.0,贵州茅台,600519.SH
2017-10-24,sh.600519,567.33,3127428,1775645971.0,贵州茅台,600519.SH
2017-10-25,sh.600519,565.67,2507600,1418395221.0,贵州茅台,600519.SH
2017-10-26,sh.600519,605.09,11543497,6957625411.0,贵州茅台,600519.SH
2017-10-27,sh.600519,649.63,8438379,5284485766.0,贵州茅台,600519.SH
2017-10-30,sh.600519,622.08,8100786,5099041747.0,贵州茅台,600519.SH
2017-10-31,sh.600519,618.03,5187568,3206280600.0,贵州茅台,600519.SH
2017-11-01,sh.600519,623.01,4343525,2712016939.0,贵州茅台,600519.SH
2017-11-02,sh.600519,626.92,3424973,2144671943.0,贵州茅台,600519.SH
2017-11-03,sh.600519,639.17,4818897,3075651167.0,贵州茅台,600519.SH
2017-11-06,sh.600519,653.06,4851398,3153638704.0,贵州茅台,600519.SH
2017-11-07,sh.600519,642.07,5556485,3592238407.0,贵州茅台,600519.SH
2017-11-08,sh.600519,650.38,4395194,2855374070.0,贵州茅台,600519.SH
2017-11-09,sh.600519,650.07,3364113,2183815390.0,贵州茅台,600519.SH
2017-11-10,sh.600519,677.95,7407860,4967970730.0,贵州茅台,600519.SH
2017-11-13,sh.600519,687.88,4986984,3402794002.0,贵州茅台,600519.SH
2017-11-14,sh.600519,678.75,4636671,3159112664.0,贵州茅台,600519.SH
2017-11-15,sh.600519,688.08,4503633,3074244081.0,贵州茅台,600519.SH
2017-11-16,sh.600519,719.11,6071632,4299283186.0,贵州茅台,600519.SH
2017-11-17,sh.600519,690.25,12386124,8548747991.0,贵州茅台,600519.SH
2017-11-20,sh.600519,679.15,8830582,5954131851.0,贵州茅台,600519.SH
2017-11-21,sh.600519,677.25,9601651,6491134446.0,贵州茅台,600519.SH
2017-11-22,sh.600519,650.52,12849826,8528143403.0,贵州茅台,600519.SH
2017-11-23,sh.600519,633.73,10959913,6984097475.0,贵州茅台,600519.SH
2017-11-24,sh.600519,630.04,7654194,4835808966.0,贵州茅台,600519.SH
2017-11-27,sh.600519,621.29,6354846,3975262024.0,贵州茅台,600519.SH
2017-11-28,sh.600519,648.23,7029183,4491543613.0,贵州茅台,600519.SH
2017-11-29,sh.600519,638.12,4676372,3005733412.0,贵州茅台,600519.SH
2017-11-30,sh.600519,631.0,3801962,2419959854.0,贵州茅台,600519.SH
2017-12-01,sh.600519,622.35,4719274,2959772009.0,贵州茅台,600519.SH
2017-12-04,sh.600519,637.79,5426771,3436687377.0,贵州茅台,600519.SH
2017-12-05,sh.600519,632.96,4746576,3026076465.0,贵州茅台,600519.SH
2017-12-06,sh.600519,625.01,5817409,3657236582.0,贵州茅台,600519.SH
2017-12-07,sh.600519,616.69,5103262,3155212010.0,贵州茅台,600519.SH
2017-12-08,sh.600519,627.28,4550339,2842464437.0,贵州茅台,600519.SH
2017-12-11,sh.600519,650.99,7284917,4702239221.0,贵州茅台,600519.SH
2017-12-12,sh.600519,651.32,4788931,3138650306.0,贵州茅台,600519.SH
2017-12-13,sh.600519,668.21,4850248,3197982045.0,贵州茅台,600519.SH
2017-12-14,sh.600519,664.55,3196794,2126665894.0,贵州茅台,600519.SH
2017-12-15,sh.600519,653.79,3225595,2126579404.0,贵州茅台,600519.SH
2017-12-18,sh.600519,665.77,3916228,2599749872.0,贵州茅台,600519.SH
2017-12-19,sh.600519,667.09,4407221,2944470867.0,贵州茅台,600519.SH
2017-12-20,sh.600519,684.91,6360131,4321305755.0,贵州茅台,600519.SH
2017-12-21,sh.600519,681.74,4668038,3178595839.0,贵州茅台,600519.SH
2017-12-22,sh.600519,682.92,2831701,1930315469.0,贵州茅台,600519.SH
2017-12-25,sh.600519,688.12,3621428,2497653982.0,贵州茅台,600519.SH
2017-12-26,sh.600519,680.81,3186766,2174103282.0,贵州茅台,600519.SH
2017-12-27,sh.600519,664.18,3772205,2539720696.0,贵州茅台,600519.SH
2017-12-28,sh.600519,718.69,12414107,8656875718.0,贵州茅台,600519.SH
2017-12-29,sh.600519,697.49,7603887,5372514665.0,贵州茅台,600519.SH
2018-01-02,sh.600519,703.85,4961248,3482407646.0,贵州茅台,600519.SH
2018-01-03,sh.600519,715.86,5201941,3713523701.0,贵州茅台,600519.SH
2018-01-04,sh.600519,737.07,7220508,5309890210.0,贵州茅台,600519.SH
2018-01-05,sh.600519,738.36,3998907,2946493013.0,贵州茅台,600519.SH
2018-01-08,sh.600519,752.13,5220456,3899951720.0,贵州茅台,600519.SH
2018-01-09,sh.600519,782.52,6459195,5001164506.0,贵州茅台,600519.SH
2018-01-10,sh.600519,785.71,4771424,3731993154.0,贵州茅台,600519.SH
2018-01-11,sh.600519,774.81,5065607,3942075854.0,贵州茅台,600519.SH
2018-01-12,sh.600519,788.42,4598824,3577281776.0,贵州茅台,600519.SH
2018-01-15,sh.600519,785.37,5247313,4136645487.0,贵州茅台,600519.SH
2018-01-16,sh.600519,772.94,6542833,5084966063.0,贵州茅台,600519.SH
2018-01-17,sh.600519,747.93,9070954,6835580477.0,贵州茅台,600519.SH
2018-01-18,sh.600519,750.74,5897851,4443031234.0,贵州茅台,600519.SH
2018-01-19,sh.600519,750.18,5092556,3818021990.0,贵州茅台,600519.SH
2018-01-22,sh.600519,773.64,6712675,5129674653.0,贵州茅台,600519.SH
2018-01-23,sh.600519,773.78,4954918,3836387690.0,贵州茅台,600519.SH
2018-01-24,sh.600519,764.46,4329881,3311348774.0,贵州茅台,600519.SH
2018-01-25,sh.600519,769.16,5004072,3821875040.0,贵州茅台,600519.SH
2018-01-26,sh.600519,777.22,4397833,3389953777.0,贵州茅台,600519.SH
2018-01-29,sh.600519,736.32,7453551,5637041971.0,贵州茅台,600519.SH
2018-01-30,sh.600519,742.08,5191103,3852705098.0,贵州茅台,600519.SH
2018-01-31,sh.600519,764.54,6040241,4601994781.0,贵州茅台,600519.SH
2018-02-01,sh.600519,757.73,5058261,3846421613.0,贵州茅台,600519.SH
2018-02-02,sh.600519,740.4,7542082,5583742782.0,贵州茅台,600519.SH
2018-02-05,sh.600519,718.23,9899585,7104095616.0,贵州茅台,600519.SH
2018-02-06,sh.600519,708.86,8816871,6270888575.0,贵州茅台,600519.SH
2018-02-07,sh.600519,683.43,8828998,6231141116.0,贵州茅台,600519.SH
2018-02-08,sh.600519,700.99,8340943,5860233484.0,贵州茅台,600519.SH
2018-02-09,sh.600519,683.43,10557826,7160206330.0,贵州茅台,600519.SH
2018-02-12,sh.600519,697.48,6417955,4466343242.0,贵州茅台,600519.SH
2018-02-13,sh.600519,711.98,5338918,3793782378.0,贵州茅台,600519.SH
2018-02-14,sh.600519,718.45,3065260,2198728707.0,贵州茅台,600519.SH
2018-02-22,sh.600519,742.45,5076469,3717469267.0,贵州茅台,600519.SH
2018-02-23,sh.600519,742.48,3815877,2844936758.0,贵州茅台,600519.SH
2018-02-26,sh.600519,743.51,4365824,3243216345.0,贵州茅台,600519.SH
2018-02-27,sh.600519,737.98,4260154,3181778842.0,贵州茅台,600519.SH
2018-02-28,sh.600519,725.62,4833067,3522004686.0,贵州茅台,600519.SH
2018-03-01,sh.600519,741.97,4479465,3303604159.0,贵州茅台,600519.SH
2018-03-02,sh.600519,736.41,2599190,1912613830.0,贵州茅台,600519.SH
2018-03-05,sh.600519,720.11,3723470,2703926955.0,贵州茅台,600519.SH
2018-03-06,sh.600519,718.26,6457036,4581658583.0,贵州茅台,600519.SH
2018-03-07,sh.600519,710.04,3459594,2480929043.0,贵州茅台,600519.SH
2018-03-08,sh.600519,722.76,3534930,2540452000.0,贵州茅台,600519.SH
2018-03-09,sh.600519,728.2,3017100,2199081672.0,贵州茅台,600519.SH
2018-03-12,sh.600519,723.95,3988841,2900950557.0,贵州茅台,600519.SH
2018-03-13,sh.600519,710.35,3857709,2764426996.0,贵州茅台,600519.SH
2018-03-14,sh.600519,726.88,3735576,2683830110.0,贵州茅台,600519.SH
2018-03-15,sh.600519,746.47,5614879,4161645760.0,贵州茅台,600519.SH
2018-03-16,sh.600519,739.85,3585552,2676682524.0,贵州茅台,600519.SH
2018-03-19,sh.600519,753.48,3866658,2897348542.0,贵州茅台,600519.SH
2018-03-20,sh.600519,747.73,2887720,2154897794.0,贵州茅台,600519.SH
2018-03-21,sh.600519,742.0,2674271,1996584261.0,贵州茅台,600519.SH
2018-03-22,sh.600519,726.08,3748697,2748721669.0,贵州茅台,600519.SH
2018-03-23,sh.600519,711.06,5254677,3727044980.0,贵州茅台,600519.SH
2018-03-26,sh.600519,713.49,4625611,3276880070.0,贵州茅台,600519.SH
2018-03-27,sh.600519,714.74,4754844,3399900239.0,贵州茅台,600519.SH
2018-03-28,sh.600519,682.05,11353972,7786098263.0,贵州茅台,600519.SH
2018-03-29,sh.600519,689.1,7908196,5362890034.0,贵州茅台,600519.SH
2018-03-30,sh.600519,683.62,3654028,2502696336.0,贵州茅台,600519.SH
2018-04-02,sh.600519,680.06,3203908,2185060765.0,贵州茅台,600519.SH
2018-04-03,sh.600519,677.91,4023558,2737509485.0,贵州茅台,600519.SH
2018-04-04,sh.600519,694.01,5689131,3948712791.0,贵州茅台,600519.SH
2018-04-09,sh.600519,698.3,3083305,2149178951.0,贵州茅台,600519.SH
2018-04-10,sh.600519,708.02,3204325,2252069676.0,贵州茅台,600519.SH
2018-04-11,sh.600519,705.36,2572318,1822237882.0,贵州茅台,600519.SH
2018-04-12,sh.600519,694.2,3071361,2139139504.0,贵州茅台,600519.SH
2018-04-13,sh.600519,686.86,2754952,1904051062.0,贵州茅台,600519.SH
2018-04-16,sh.600519,681.38,3293967,2241463093.0,贵州茅台,600519.SH
2018-04-17,sh.600519,666.2,3517276,2377407817.0,贵州茅台,600519.SH
2018-04-18,sh.600519,655.64,6261660,4104175827.0,贵州茅台,600519.SH
2018-04-19,sh.600519,679.96,4420757,2976468492.0,贵州茅台,600519.SH
2018-04-20,sh.600519,670.26,4151168,2831559751.0,贵州茅台,600519.SH
2018-04-23,sh.600519,674.01,3265920,2196761047.0,贵州茅台,600519.SH
2018-04-24,sh.600519,689.88,4728256,3252280969.0,贵州茅台,600519.SH
2018-04-25,sh.600519,690.97,2525222,1738767067.0,贵州茅台,600519.SH
2018-04-26,sh.600519,678.23,3504790,2378744475.0,贵州茅台,600519.SH
2018-04-27,sh.600519,662.53,5791521,3866680412.0,贵州茅台,600519.SH
2018-05-02,sh.600519,667.83,7025911,4589885607.0,贵州茅台,600519.SH
2018-05-03,sh.600519,670.88,3632653,2426248236.0,贵州茅台,600519.SH
2018-05-04,sh.600519,662.87,3737584,2492610223.0,贵州茅台,600519.SH
2018-05-07,sh.600519,698.17,8559143,5858519223.0,贵州茅台,600519.SH
2018-05-08,sh.600519,708.83,6249783,4414037853.0,贵州茅台,600519.SH
2018-05-09,sh.600519,701.95,3233106,2267880036.0,贵州茅台,600519.SH
2018-05-10,sh.600519,714.19,3929380,2794919589.0,贵州茅台,600519.SH
2018-05-11,sh.600519,718.02,3914165,2826877192.0,贵州茅台,600519.SH
2018-05-14,sh.600519,742.41,5101471,3753818029.0,贵州茅台,600519.SH
2018-05-15,sh.600519,743.06,3805580,2811622722.0,贵州茅台,600519.SH
2018-05-16,sh.600519,734.52,3079520,2275092450.0,贵州茅台,600519.SH
2018-05-17,sh.600519,727.38,2851793,2077476640.0,贵州茅台,600519.SH
2018-05-18,sh.600519,739.32,2925517,2140724039.0,贵州茅台,600519.SH
2018-05-21,sh.600519,734.82,2905958,2150582003.0,贵州茅台,600519.SH
2018-05-22,sh.600519,739.57,1699896,1250693946.0,贵州茅台,600519.SH
2018-05-23,sh.600519,723.78,2826871,2061375201.0,贵州茅台,600519.SH
2018-05-24,sh.600519,715.4,3041634,2191695815.0,贵州茅台,600519.SH
2018-05-25,sh.600519,716.86,2651146,1908701139.0,贵州茅台,600519.SH
2018-05-28,sh.600519,740.4,4280523,3129960293.0,贵州茅台,600519.SH
2018-05-29,sh.600519,731.43,4082027,3029700817.0,贵州茅台,600519.SH
2018-05-30,sh.600519,725.87,3714710,2706486799.0,贵州茅台,600519.SH
2018-05-31,sh.600519,751.13,7185287,5356222572.0,贵州茅台,600519.SH
2018-06-01,sh.600519,745.11,3617763,2694415012.0,贵州茅台,600519.SH
2018-06-04,sh.600519,781.97,7380597,5697540359.0,贵州茅台,600519.SH
2018-06-05,sh.600519,788.05,5262967,4136578583.0,贵州茅台,600519.SH
2018-06-06,sh.600519,785.75,4896948,3870616725.0,贵州茅台,600519.SH
2018-06-07,sh.600519,780.97,3916778,3078137471.0,贵州茅台,600519.SH
2018-06-08,sh.600519,777.95,3495846,2712363711.0,贵州茅台,600519.SH
2018-06-11,sh.600519,775.73,3654755,2837404005.0,贵州茅台,600519.SH
2018-06-12,sh.600519,799.19,5528708,4385043270.0,贵州茅台,600519.SH
2018-06-13,sh.600519,790.33,3524437,2803441679.0,贵州茅台,600519.SH
2018-06-14,sh.600519,786.13,3615961,2830514231.0,贵州茅台,600519.SH
2018-06-15,sh.600519,773.33,3170773,2455441877.0,贵州茅台,600519.SH
2018-06-19,sh.600519,738.0,6019587,4535664030.0,贵州茅台,600519.SH
2018-06-20,sh.600519,763.59,4583802,3454583693.0,贵州茅台,600519.SH
2018-06-21,sh.600519,759.32,3918255,3013867644.0,贵州茅台,600519.SH
2018-06-22,sh.600519,766.53,2885481,2190055865.0,贵州茅台,600519.SH
2018-06-25,sh.600519,765.56,3293416,2543272262.0,贵州茅台,600519.SH
2018-06-26,sh.600519,754.8,4657798,3516945435.0,贵州茅台,600519.SH
2018-06-27,sh.600519,722.44,5729801,4194739085.0,贵州茅台,600519.SH
2018-06-28,sh.600519,710.93,5083394,3610842734.0,贵州茅台,600519.SH
2018-06-29,sh.600519,731.46,3292927,2378884218.0,贵州茅台,600519.SH
2018-07-02,sh.600519,711.55,3755811,2709882026.0,贵州茅台,600519.SH
2018-07-03,sh.600519,694.92,8283710,5743330241.0,贵州茅台,600519.SH
2018-07-04,sh.600519,690.91,3799075,2637494710.0,贵州茅台,600519.SH
2018-07-05,sh.600519,702.39,4712380,3333680083.0,贵州茅台,600519.SH
2018-07-06,sh.600519,714.12,4415661,3140922350.0,贵州茅台,600519.SH
2018-07-09,sh.600519,727.24,4057266,2944655287.0,贵州茅台,600519.SH
2018-07-10,sh.600519,725.76,2901047,2096683487.0,贵州茅台,600519.SH
2018-07-11,sh.600519,719.58,2427845,1736875980.0,贵州茅台,600519.SH
2018-07-12,sh.600519,737.54,4017004,2947129140.0,贵州茅台,600519.SH
2018-07-13,sh.600519,746.99,2890704,2152944602.0,贵州茅台,600519.SH
2018-07-16,sh.600519,754.68,3247487,2454501604.0,贵州茅台,600519.SH
2018-07-17,sh.600519,742.43,2780603,2064190615.0,贵州茅台,600519.SH
2018-07-18,sh.600519,737.44,2452171,1818760392.0,贵州茅台,600519.SH
2018-07-19,sh.600519,740.95,1807850,1337080011.0,贵州茅台,600519.SH
2018-07-20,sh.600519,741.13,3054850,2249792135.0,贵州茅台,600519.SH
2018-07-23,sh.600519,732.07,3596989,2621763717.0,贵州茅台,600519.SH
2018-07-24,sh.600519,745.4,4180860,3091209135.0,贵州茅台,600519.SH
2018-07-25,sh.600519,743.81,2174388,1618737612.0,贵州茅台,600519.SH
2018-07-26,sh.600519,735.62,2306726,1707662628.0,贵州茅台,600519.SH
2018-07-27,sh.600519,738.56,2091360,1546655260.0,贵州茅台,600519.SH
2018-07-30,sh.600519,719.21,4217166,3058614520.0,贵州茅台,600519.SH
2018-07-31,sh.600519,726.44,2068346,1499353469.0,贵州茅台,600519.SH
2018-08-01,sh.600519,714.94,2523788,1821933661.0,贵州茅台,600519.SH
2018-08-02,sh.600519,695.84,5500143,3840134516.0,贵州茅台,600519.SH
2018-08-03,sh.600519,678.99,4733699,3230239085.0,贵州茅台,600519.SH
2018-08-06,sh.600519,669.68,4524812,3039091096.0,贵州茅台,600519.SH
2018-08-07,sh.600519,686.28,3908559,2645263310.0,贵州茅台,600519.SH
2018-08-08,sh.600519,676.22,2968544,2016438669.0,贵州茅台,600519.SH
2018-08-09,sh.600519,691.88,3448575,2368461339.0,贵州茅台,600519.SH
2018-08-10,sh.600519,687.18,2381767,1643993563.0,贵州茅台,600519.SH
2018-08-13,sh.600519,679.22,3457041,2329262063.0,贵州茅台,600519.SH
2018-08-14,sh.600519,680.13,2169683,1474124248.0,贵州茅台,600519.SH
2018-08-15,sh.600519,662.8,3499709,2336994709.0,贵州茅台,600519.SH
2018-08-16,sh.600519,648.44,5993985,3908421566.0,贵州茅台,600519.SH
2018-08-17,sh.600519,634.86,4657457,3001465861.0,贵州茅台,600519.SH
2018-08-20,sh.600519,644.79,4885234,3081035729.0,贵州茅台,600519.SH
2018-08-21,sh.600519,671.49,5224902,3460897975.0,贵州茅台,600519.SH
2018-08-22,sh.600519,667.7,2067551,1381418422.0,贵州茅台,600519.SH
2018-08-23,sh.600519,670.21,2735727,1836880236.0,贵州茅台,600519.SH
2018-08-24,sh.600519,660.3,2609026,1725516320.0,贵州茅台,600519.SH
2018-08-27,sh.600519,687.3,4801692,3261483990.0,贵州茅台,600519.SH
2018-08-28,sh.600519,681.0,3248890,2222697903.0,贵州茅台,600519.SH
2018-08-29,sh.600519,685.85,2740403,1877474370.0,贵州茅台,600519.SH
2018-08-30,sh.600519,680.4,3378833,2312993223.0,贵州茅台,600519.SH
2018-08-31,sh.600519,659.19,5898093,3911486180.0,贵州茅台,600519.SH
2018-09-03,sh.600519,666.21,3017984,1992654934.0,贵州茅台,600519.SH
2018-09-04,sh.600519,675.04,2154048,1441658194.0,贵州茅台,600519.SH
2018-09-05,sh.600519,657.79,2898342,1927600143.0,贵州茅台,600519.SH
2018-09-06,sh.600519,644.0,4237058,2744204071.0,贵州茅台,600519.SH
2018-09-07,sh.600519,650.97,2924006,1903829724.0,贵州茅台,600519.SH
2018-09-10,sh.600519,644.8,2120220,1369296442.0,贵州茅台,600519.SH
2018-09-11,sh.600519,646.0,1949687,1258466309.0,贵州茅台,600519.SH
2018-09-12,sh.600519,630.0,4115737,2612360007.0,贵州茅台,600519.SH
2018-09-13,sh.600519,631.98,4771316,3004019091.0,贵州茅台,600519.SH
2018-09-14,sh.600519,642.9,4090019,2617626839.0,贵州茅台,600519.SH
2018-09-17,sh.600519,645.81,2911295,1884188491.0,贵州茅台,600519.SH
2018-09-18,sh.600519,666.7,3785868,2480477388.0,贵州茅台,600519.SH
2018-09-19,sh.600519,681.42,4822184,3277470608.0,贵州茅台,600519.SH
2018-09-20,sh.600519,678.55,2751948,1878075359.0,贵州茅台,600519.SH
2018-09-21,sh.600519,700.01,4261720,2945196257.0,贵州茅台,600519.SH
2018-09-25,sh.600519,697.02,3063991,2142679110.0,贵州茅台,600519.SH
2018-09-26,sh.600519,724.93,7228777,5200777033.0,贵州茅台,600519.SH
2018-09-27,sh.600519,724.0,4050853,2918965007.0,贵州茅台,600519.SH
2018-09-28,sh.600519,730.0,3508980,2551115844.0,贵州茅台,600519.SH
2018-10-08,sh.600519,686.15,8274502,5798721501.0,贵州茅台,600519.SH
2018-10-09,sh.600519,695.0,4022283,2785526957.0,贵州茅台,600519.SH
2018-10-10,sh.600519,670.92,6309820,4288785948.0,贵州茅台,600519.SH
2018-10-11,sh.600519,644.99,9158196,5953169079.0,贵州茅台,600519.SH
2018-10-12,sh.600519,668.0,5447256,3599837217.0,贵州茅台,600519.SH
2018-10-15,sh.600519,666.9,3560730,2372056680.0,贵州茅台,600519.SH
2018-10-16,sh.600519,667.14,2639360,1766613793.0,贵州茅台,600519.SH
2018-10-17,sh.600519,665.72,4307707,2846537063.0,贵州茅台,600519.SH
2018-10-18,sh.600519,645.94,5215607,3394332712.0,贵州茅台,600519.SH
2018-10-19,sh.600519,670.0,7619938,4973381203.0,贵州茅台,600519.SH
2018-10-22,sh.600519,693.0,7310857,5036971569.0,贵州茅台,600519.SH
2018-10-23,sh.600519,641.74,12311273,8076618589.0,贵州茅台,600519.SH
2018-10-24,sh.600519,636.99,7611282,4818473584.0,贵州茅台,600519.SH
2018-10-25,sh.600519,619.0,7556838,4657019123.0,贵州茅台,600519.SH
2018-10-26,sh.600519,610.1,5532738,3388947805.0,贵州茅台,600519.SH
2018-10-29,sh.600519,549.09,4907600,2694714084.0,贵州茅台,600519.SH
2018-10-30,sh.600519,524.0,20439667,10663392394.0,贵州茅台,600519.SH
2018-10-31,sh.600519,548.9,9688482,5239853122.0,贵州茅台,600519.SH
2018-11-01,sh.600519,563.0,9810672,5581027253.0,贵州茅台,600519.SH
2018-11-02,sh.600519,599.9,8915696,5227695093.0,贵州茅台,600519.SH
2018-11-05,sh.600519,575.8,7551708,4373994135.0,贵州茅台,600519.SH
2018-11-06,sh.600519,566.0,4556614,2572068930.0,贵州茅台,600519.SH
2018-11-07,sh.600519,566.4,3810778,2165679706.0,贵州茅台,600519.SH
2018-11-08,sh.600519,570.34,3376374,1933594956.0,贵州茅台,600519.SH
2018-11-09,sh.600519,562.0,2433682,1374731688.0,贵州茅台,600519.SH
2018-11-12,sh.600519,552.0,6782422,3709848786.0,贵州茅台,600519.SH
2018-11-13,sh.600519,570.0,6642905,3695850099.0,贵州茅台,600519.SH
2018-11-14,sh.600519,555.1,4176683,2331999884.0,贵州茅台,600519.SH
2018-11-15,sh.600519,559.7,3083340,1728199015.0,贵州茅台,600519.SH
2018-11-16,sh.600519,560.0,2893879,1625453517.0,贵州茅台,600519.SH
2018-11-19,sh.600519,569.02,3617925,2052509531.0,贵州茅台,600519.SH
2018-11-20,sh.600519,561.6,2694326,1514353125.0,贵州茅台,600519.SH
2018-11-21,sh.600519,564.7,2710730,1527915052.0,贵州茅台,600519.SH
2018-11-22,sh.600519,564.5,2121333,1193347565.0,贵州茅台,600519.SH
2018-11-23,sh.600519,556.9,2012621,1126652921.0,贵州茅台,600519.SH
2018-11-26,sh.600519,552.11,1912019,1063536979.0,贵州茅台,600519.SH
2018-11-27,sh.600519,548.1,2023382,1112920631.0,贵州茅台,600519.SH
2018-11-28,sh.600519,557.0,2773793,1535544366.0,贵州茅台,600519.SH
2018-11-29,sh.600519,551.6,4506945,2524752310.0,贵州茅台,600519.SH
2018-11-30,sh.600519,565.0,4901046,2762808219.0,贵州茅台,600519.SH
2018-12-03,sh.600519,601.2,8341468,4964130146.0,贵州茅台,600519.SH
2018-12-04,sh.600519,602.23,3147388,1888148735.0,贵州茅台,600519.SH
2018-12-05,sh.600519,610.1,4158819,2523641849.0,贵州茅台,600519.SH
2018-12-06,sh.600519,591.8,3775807,2250440655.0,贵州茅台,600519.SH
2018-12-07,sh.600519,587.0,2684167,1583970320.0,贵州茅台,600519.SH
2018-12-10,sh.600519,577.23,2464068,1427993218.0,贵州茅台,600519.SH
2018-12-11,sh.600519,582.99,1631660,949962155.0,贵州茅台,600519.SH
2018-12-12,sh.600519,589.0,1992154,1168089518.0,贵州茅台,600519.SH
2018-12-13,sh.600519,601.75,4039941,2427823194.0,贵州茅台,600519.SH
2018-12-14,sh.600519,592.96,2455448,1461585126.0,贵州茅台,600519.SH
2018-12-17,sh.600519,590.52,2489585,1466942952.0,贵州茅台,600519.SH
2018-12-18,sh.600519,590.94,1922218,1130221286.0,贵州茅台,600519.SH
2018-12-19,sh.600519,577.8,2571596,1501321336.0,贵州茅台,600519.SH
2018-12-20,sh.600519,574.5,2694098,1549600760.0,贵州茅台,600519.SH
2018-12-21,sh.600519,567.41,3064043,1736537277.0,贵州茅台,600519.SH
2018-12-24,sh.600519,568.0,1910986,1080787424.0,贵州茅台,600519.SH
2018-12-25,sh.600519,565.79,2659286,1490157587.0,贵州茅台,600519.SH
2018-12-26,sh.600519,560.08,1786620,1005617678.0,贵州茅台,600519.SH
2018-12-27,sh.600519,563.0,2949357,1670211285.0,贵州茅台,600519.SH
2018-12-28,sh.600519,590.01,6367837,3705150490.0,贵州茅台,600519.SH
2019-01-02,sh.600519,598.98,6228649,3754387984.0,贵州茅台,600519.SH
2019-01-03,sh.600519,590.0,3097735,1838179174.0,贵州茅台,600519.SH
2019-01-04,sh.600519,602.0,3768347,2258501484.0,贵州茅台,600519.SH
2019-01-07,sh.600519,605.49,3475013,2105981461.0,贵州茅台,600519.SH
2019-01-08,sh.600519,604.79,2883813,1750413219.0,贵州茅台,600519.SH
2019-01-09,sh.600519,616.12,4989227,3084214779.0,贵州茅台,600519.SH
2019-01-10,sh.600519,618.77,2904390,1797683134.0,贵州茅台,600519.SH
2019-01-11,sh.600519,635.88,3888421,2445929483.0,贵州茅台,600519.SH
2019-01-14,sh.600519,624.6,2564890,1606308126.0,贵州茅台,600519.SH
2019-01-15,sh.600519,659.98,5576485,3613919068.0,贵州茅台,600519.SH
2019-01-16,sh.600519,661.1,4208364,2775103930.0,贵州茅台,600519.SH
2019-01-17,sh.600519,659.25,3028476,2004454115.0,贵州茅台,600519.SH
2019-01-18,sh.600519,683.61,6860918,4647515824.0,贵州茅台,600519.SH
2019-01-21,sh.600519,686.98,4705193,3242615722.0,贵州茅台,600519.SH
2019-01-22,sh.600519,671.0,4212221,2834735031.0,贵州茅台,600519.SH
2019-01-23,sh.600519,665.66,3362481,2247371221.0,贵州茅台,600519.SH
2019-01-24,sh.600519,672.5,2915527,1960227058.0,贵州茅台,600519.SH
2019-01-25,sh.600519,679.7,2898635,1966232090.0,贵州茅台,600519.SH
2019-01-28,sh.600519,677.0,3610287,2476277972.0,贵州茅台,600519.SH
2019-01-29,sh.600519,685.0,3034259,2069407513.0,贵州茅台,600519.SH
2019-01-30,sh.600519,676.0,2269996,1545353573.0,贵州茅台,600519.SH
2019-01-31,sh.600519,689.6,3669657,2515374970.0,贵州茅台,600519.SH
2019-02-01,sh.600519,692.67,3052062,2121326140.0,贵州茅台,600519.SH
2019-02-11,sh.600519,725.3,5814075,4143849806.0,贵州茅台,600519.SH
2019-02-12,sh.600519,717.92,3509143,2521840124.0,贵州茅台,600519.SH
2019-02-13,sh.600519,735.25,3567706,2589623528.0,贵州茅台,600519.SH
2019-02-14,sh.600519,737.16,3225813,2375987077.0,贵州茅台,600519.SH
2019-02-15,sh.600519,724.78,2323798,1691515518.0,贵州茅台,600519.SH
2019-02-18,sh.600519,740.0,3774589,2787522993.0,贵州茅台,600519.SH
2019-02-19,sh.600519,730.76,2950150,2164408781.0,贵州茅台,600519.SH
2019-02-20,sh.600519,722.0,3788237,2742919644.0,贵州茅台,600519.SH
2019-02-21,sh.600519,720.25,2985040,2163554333.0,贵州茅台,600519.SH
2019-02-22,sh.600519,726.01,2590877,1867253930.0,贵州茅台,600519.SH
2019-02-25,sh.600519,742.33,8262259,6034261367.0,贵州茅台,600519.SH
2019-02-26,sh.600519,727.35,5796466,4265279124.0,贵州茅台,600519.SH
2019-02-27,sh.600519,740.7,6594227,4908445127.0,贵州茅台,600519.SH
2019-02-28,sh.600519,755.01,5698625,4289145218.0,贵州茅台,600519.SH
2019-03-01,sh.600519,789.3,6384023,4952509171.0,贵州茅台,600519.SH
2019-03-04,sh.600519,781.86,8458596,6661386571.0,贵州茅台,600519.SH
2019-03-05,sh.600519,779.78,4483056,3501155936.0,贵州茅台,600519.SH
2019-03-06,sh.600519,768.0,4673137,3602140487.0,贵州茅台,600519.SH
2019-03-07,sh.600519,748.6,6018053,4526351877.0,贵州茅台,600519.SH
2019-03-08,sh.600519,737.5,5227525,3868415483.0,贵州茅台,600519.SH
2019-03-11,sh.600519,758.54,5305724,4001728730.0,贵州茅台,600519.SH
2019-03-12,sh.600519,745.01,5251001,3946382127.0,贵州茅台,600519.SH
2019-03-13,sh.600519,754.0,4056136,3058080906.0,贵州茅台,600519.SH
2019-03-14,sh.600519,778.0,6217256,4808607656.0,贵州茅台,600519.SH
2019-03-15,sh.600519,777.3,5240071,4084798328.0,贵州茅台,600519.SH
2019-03-18,sh.600519,810.09,8131880,6499566987.0,贵州茅台,600519.SH
2019-03-19,sh.600519,792.61,4063493,3244967390.0,贵州茅台,600519.SH
2019-03-20,sh.600519,792.8,3111752,2470811128.0,贵州茅台,600519.SH
2019-03-21,sh.600519,785.75,3257328,2558222913.0,贵州茅台,600519.SH
2019-03-22,sh.600519,794.0,3051750,2420497823.0,贵州茅台,600519.SH
2019-03-25,sh.600519,775.6,3727046,2903744159.0,贵州茅台,600519.SH
2019-03-26,sh.600519,773.0,3759569,2914112997.0,贵州茅台,600519.SH
2019-03-27,sh.600519,788.5,4280739,3366132247.0,贵州茅台,600519.SH
2019-03-28,sh.600519,806.8,5756676,4615969704.0,贵州茅台,600519.SH
2019-03-29,sh.600519,853.99,9093396,7702154797.0,贵州茅台,600519.SH
2019-04-01,sh.600519,859.0,6093461,5228521999.0,贵州茅台,600519.SH
2019-04-02,sh.600519,850.0,5322705,4496538880.0,贵州茅台,600519.SH
2019-04-03,sh.600519,844.5,4305680,3629854319.0,贵州茅台,600519.SH
2019-04-04,sh.600519,865.0,5577236,4763897857.0,贵州茅台,600519.SH
2019-04-08,sh.600519,900.2,6625193,5944780639.0,贵州茅台,600519.SH
2019-04-09,sh.600519,905.0,4798980,4308645696.0,贵州茅台,600519.SH
2019-04-10,sh.600519,947.99,6781438,6331858748.0,贵州茅台,600519.SH
2019-04-11,sh.600519,925.2,6110254,5643817564.0,贵州茅台,600519.SH
2019-04-12,sh.600519,914.0,4861217,4419349981.0,贵州茅台,600519.SH
2019-04-15,sh.600519,907.0,4552264,4205548308.0,贵州茅台,600519.SH
2019-04-16,sh.600519,939.9,4642344,4297385218.0,贵州茅台,600519.SH
2019-04-17,sh.600519,952.0,4076102,3848216557.0,贵州茅台,600519.SH
2019-04-18,sh.600519,945.5,1959852,1853076080.0,贵州茅台,600519.SH
2019-04-19,sh.600519,952.56,3237978,3064971032.0,贵州茅台,600519.SH
2019-04-22,sh.600519,949.2,4062796,3897168684.0,贵州茅台,600519.SH
2019-04-23,sh.600519,974.95,4885205,4725480295.0,贵州茅台,600519.SH
2019-04-24,sh.600519,970.0,4522700,4383873128.0,贵州茅台,600519.SH
2019-04-25,sh.600519,952.37,3980134,3822767525.0,贵州茅台,600519.SH
2019-04-26,sh.600519,945.0,4327768,4119727292.0,贵州茅台,600519.SH
2019-04-29,sh.600519,971.97,5257230,5086408528.0,贵州茅台,600519.SH
2019-04-30,sh.600519,974.0,3594318,3503937512.0,贵州茅台,600519.SH
2019-05-06,sh.600519,906.0,13509968,12299395806.0,贵州茅台,600519.SH
2019-05-07,sh.600519,890.0,10083726,9045117765.0,贵州茅台,600519.SH
2019-05-08,sh.600519,884.4,8188298,7217709507.0,贵州茅台,600519.SH
2019-05-09,sh.600519,858.81,9154515,7863312116.0,贵州茅台,600519.SH
2019-05-10,sh.600519,907.12,7990738,7121198718.0,贵州茅台,600519.SH
2019-05-13,sh.600519,892.0,4663718,4179329433.0,贵州茅台,600519.SH
2019-05-14,sh.600519,886.57,5998312,5349455647.0,贵州茅台,600519.SH
2019-05-15,sh.600519,927.0,6312425,5778791845.0,贵州茅台,600519.SH
2019-05-16,sh.600519,929.91,4454012,4108281950.0,贵州茅台,600519.SH
2019-05-17,sh.600519,906.79,4984161,4551116799.0,贵州茅台,600519.SH
2019-05-20,sh.600519,884.96,4440799,3931645928.0,贵州茅台,600519.SH
2019-05-21,sh.600519,895.0,4238565,3791406204.0,贵州茅台,600519.SH
2019-05-22,sh.600519,888.0,3204158,2853872828.0,贵州茅台,600519.SH
2019-05-23,sh.600519,861.0,5805863,5062812286.0,贵州茅台,600519.SH
2019-05-24,sh.600519,878.5,4403409,3858962204.0,贵州茅台,600519.SH
2019-05-27,sh.600519,879.0,3916191,3417213669.0,贵州茅台,600519.SH
2019-05-28,sh.600519,888.0,7477277,6670856081.0,贵州茅台,600519.SH
2019-05-29,sh.600519,911.91,6564696,5963755397.0,贵州茅台,600519.SH
2019-05-30,sh.600519,905.3,4024720,3634187681.0,贵州茅台,600519.SH
2019-05-31,sh.600519,890.0,3579380,3211384923.0,贵州茅台,600519.SH
2019-06-03,sh.600519,892.0,3447924,3076922330.0,贵州茅台,600519.SH
2019-06-04,sh.600519,875.3,3968948,3481384251.0,贵州茅台,600519.SH
2019-06-05,sh.600519,871.6,3406736,2988114670.0,贵州茅台,600519.SH
2019-06-06,sh.600519,862.13,3478685,3009567792.0,贵州茅台,600519.SH
2019-06-10,sh.600519,871.08,5550246,4790052574.0,贵州茅台,600519.SH
2019-06-11,sh.600519,910.89,8010644,7209086880.0,贵州茅台,600519.SH
2019-06-12,sh.600519,906.7,3774740,3420899273.0,贵州茅台,600519.SH
2019-06-13,sh.600519,910.0,3291742,2984741685.0,贵州茅台,600519.SH
2019-06-14,sh.600519,913.0,4245504,3905679105.0,贵州茅台,600519.SH
2019-06-17,sh.600519,911.6,3276903,3001512189.0,贵州茅台,600519.SH
2019-06-18,sh.600519,917.0,2944138,2687679912.0,贵州茅台,600519.SH
2019-06-19,sh.600519,932.01,5372640,5051192622.0,贵州茅台,600519.SH
2019-06-20,sh.600519,975.0,6727197,6468666073.0,贵州茅台,600519.SH
2019-06-21,sh.600519,976.3,4592675,4482726902.0,贵州茅台,600519.SH
2019-06-24,sh.600519,987.1,4577920,4532526991.0,贵州茅台,600519.SH
2019-06-25,sh.600519,982.98,5129595,5035624420.0,贵州茅台,600519.SH
2019-06-26,sh.600519,979.86,2958818,2896585581.0,贵州茅台,600519.SH
2019-06-27,sh.600519,996.35,4797845,4772724089.0,贵州茅台,600519.SH
2019-06-28,sh.600519,984.0,3108840,3050739277.0,贵州茅台,600519.SH
2019-07-01,sh.600519,1031.86,5233723,5325575854.0,贵州茅台,600519.SH
2019-07-02,sh.600519,1025.0,3906109,3989722046.0,贵州茅台,600519.SH
2019-07-03,sh.600519,987.9,6713932,6717755678.0,贵州茅台,600519.SH
2019-07-04,sh.600519,981.2,4621668,4531686001.0,贵州茅台,600519.SH
2019-07-05,sh.600519,999.82,5003271,4968920475.0,贵州茅台,600519.SH
2019-07-08,sh.600519,984.86,3361352,3313713091.0,贵州茅台,600519.SH
2019-07-09,sh.600519,976.06,3172332,3103986405.0,贵州茅台,600519.SH
2019-07-10,sh.600519,982.52,2816670,2774054724.0,贵州茅台,600519.SH
2019-07-11,sh.600519,981.5,3051419,3011117079.0,贵州茅台,600519.SH
2019-07-12,sh.600519,986.09,2817385,2778937975.0,贵州茅台,600519.SH
2019-07-15,sh.600519,975.93,5987040,5785726590.0,贵州茅台,600519.SH
2019-07-16,sh.600519,968.0,3324524,3226755644.0,贵州茅台,600519.SH
2019-07-17,sh.600519,963.5,2546887,2459954487.0,贵州茅台,600519.SH
2019-07-18,sh.600519,947.5,3925295,3748507464.0,贵州茅台,600519.SH
2019-07-19,sh.600519,955.87,2801481,2679887449.0,贵州茅台,600519.SH
2019-07-22,sh.600519,957.02,2812549,2695084029.0,贵州茅台,600519.SH
2019-07-23,sh.600519,953.98,3248395,3087319264.0,贵州茅台,600519.SH
2019-07-24,sh.600519,946.36,4677120,4450509786.0,贵州茅台,600519.SH
2019-07-25,sh.600519,963.0,3825570,3633246146.0,贵州茅台,600519.SH
2019-07-26,sh.600519,965.03,2646759,2556208822.0,贵州茅台,600519.SH
2019-07-29,sh.600519,976.41,2698133,2626793557.0,贵州茅台,600519.SH
2019-07-30,sh.600519,978.93,1953797,1911965179.0,贵州茅台,600519.SH
2019-07-31,sh.600519,972.6,2252620,2191909987.0,贵州茅台,600519.SH
2019-08-01,sh.600519,959.3,3508952,3385045858.0,贵州茅台,600519.SH
2019-08-02,sh.600519,954.45,3971940,3772328947.0,贵州茅台,600519.SH
2019-08-05,sh.600519,942.43,3677431,3473341317.0,贵州茅台,600519.SH
2019-08-06,sh.600519,946.3,4399116,4121445010.0,贵州茅台,600519.SH
2019-08-07,sh.600519,945.0,2686998,2553463419.0,贵州茅台,600519.SH
2019-08-08,sh.600519,971.68,3880813,3755086990.0,贵州茅台,600519.SH
2019-08-09,sh.600519,962.03,2846170,2760764357.0,贵州茅台,600519.SH
2019-08-12,sh.600519,1018.63,8149895,8208540716.0,贵州茅台,600519.SH
2019-08-13,sh.600519,1017.95,3032970,3088013760.0,贵州茅台,600519.SH
2019-08-14,sh.600519,1043.33,4141095,4327071299.0,贵州茅台,600519.SH
2019-08-15,sh.600519,1044.9,2723739,2821331120.0,贵州茅台,600519.SH
2019-08-16,sh.600519,1054.6,3608673,3822488363.0,贵州茅台,600519.SH
2019-08-19,sh.600519,1055.88,3286758,3471558016.0,贵州茅台,600519.SH
2019-08-20,sh.600519,1070.0,2860213,3038219263.0,贵州茅台,600519.SH
2019-08-21,sh.600519,1066.0,2506662,2678841887.0,贵州茅台,600519.SH
2019-08-22,sh.600519,1104.0,3759078,4099045126.0,贵州茅台,600519.SH
2019-08-23,sh.600519,1130.1,4019230,4495782910.0,贵州茅台,600519.SH
2019-08-26,sh.600519,1102.95,4849789,5382792365.0,贵州茅台,600519.SH
2019-08-27,sh.600519,1109.0,5216421,5830617878.0,贵州茅台,600519.SH
2019-08-28,sh.600519,1100.11,4700967,5169778985.0,贵州茅台,600519.SH
2019-08-29,sh.600519,1113.1,2933042,3247704307.0,贵州茅台,600519.SH
2019-08-30,sh.600519,1142.0,4489077,5093877152.0,贵州茅台,600519.SH
2019-09-02,sh.600519,1138.76,2823433,3210850606.0,贵州茅台,600519.SH
2019-09-03,sh.600519,1140.0,2948509,3358578409.0,贵州茅台,600519.SH
2019-09-04,sh.600519,1125.01,3360022,3785904728.0,贵州茅台,600519.SH
2019-09-05,sh.600519,1144.0,3293084,3746608087.0,贵州茅台,600519.SH
2019-09-06,sh.600519,1142.49,2617659,2978155822.0,贵州茅台,600519.SH
2019-09-09,sh.600519,1136.52,2937934,3346080774.0,贵州茅台,600519.SH
2019-09-10,sh.600519,1123.85,2622707,2952753655.0,贵州茅台,600519.SH
2019-09-11,sh.600519,1069.52,8171654,8904690560.0,贵州茅台,600519.SH
2019-09-12,sh.600519,1099.0,4121133,4498210332.0,贵州茅台,600519.SH
2019-09-16,sh.600519,1099.0,3137180,3432292113.0,贵州茅台,600519.SH
2019-09-17,sh.600519,1094.01,2519693,2767385769.0,贵州茅台,600519.SH
2019-09-18,sh.600519,1148.9,6931447,7899560194.0,贵州茅台,600519.SH
2019-09-19,sh.600519,1145.0,2447980,2800064436.0,贵州茅台,600519.SH
2019-09-20,sh.600519,1157.42,3762666,4346138244.0,贵州茅台,600519.SH
2019-09-23,sh.600519,1149.0,3002633,3431058973.0,贵州茅台,600519.SH
2019-09-24,sh.600519,1184.0,3626913,4259833998.0,贵州茅台,600519.SH
2019-09-25,sh.600519,1174.0,2402458,2832308420.0,贵州茅台,600519.SH
2019-09-26,sh.600519,1167.0,2608194,3050478322.0,贵州茅台,600519.SH
2019-09-27,sh.600519,1174.75,2282661,2671754323.0,贵州茅台,600519.SH
2019-09-30,sh.600519,1150.0,3082514,3565988675.0,贵州茅台,600519.SH
2019-10-08,sh.600519,1167.1,3104527,3631091491.0,贵州茅台,600519.SH
2019-10-09,sh.600519,1146.81,3578857,4105282379.0,贵州茅台,600519.SH
2019-10-10,sh.600519,1155.0,4117370,4685560483.0,贵州茅台,600519.SH
2019-10-11,sh.600519,1174.6,2868925,3343559812.0,贵州茅台,600519.SH
2019-10-14,sh.600519,1180.0,2718751,3209362988.0,贵州茅台,600519.SH
2019-10-15,sh.600519,1211.0,4003473,4806856333.0,贵州茅台,600519.SH
2019-10-16,sh.600519,1170.0,5915059,6935972684.0,贵州茅台,600519.SH
2019-10-17,sh.600519,1183.33,3050870,3578144114.0,贵州茅台,600519.SH
2019-10-18,sh.600519,1175.79,2829161,3335011086.0,贵州茅台,600519.SH
2019-10-21,sh.600519,1168.5,2527467,2955023935.0,贵州茅台,600519.SH
2019-10-22,sh.600519,1170.8,1930943,2262188262.0,贵州茅台,600519.SH
2019-10-23,sh.600519,1158.91,2308021,2684922174.0,贵州茅台,600519.SH
2019-10-24,sh.600519,1150.27,2617844,3025245582.0,贵州茅台,600519.SH
2019-10-25,sh.600519,1171.35,2599845,3015928985.0,贵州茅台,600519.SH
2019-10-28,sh.600519,1178.29,2248599,2644563044.0,贵州茅台,600519.SH
2019-10-29,sh.600519,1193.0,2780371,3314271728.0,贵州茅台,600519.SH
2019-10-30,sh.600519,1183.8,2125475,2516524166.0,贵州茅台,600519.SH
2019-10-31,sh.600519,1180.01,2590927,3068884874.0,贵州茅台,600519.SH
2019-11-01,sh.600519,1185.0,2281196,2697638375.0,贵州茅台,600519.SH
2019-11-04,sh.600519,1199.59,2673798,3209264033.0,贵州茅台,600519.SH
2019-11-05,sh.600519,1199.0,2225472,2667596023.0,贵州茅台,600519.SH
2019-11-06,sh.600519,1193.0,1973751,2362005422.0,贵州茅台,600519.SH
2019-11-07,sh.600519,1201.37,1616788,1933203877.0,贵州茅台,600519.SH
2019-11-08,sh.600519,1205.0,2451211,2964133776.0,贵州茅台,600519.SH
2019-11-11,sh.600519,1199.0,1734246,2082060830.0,贵州茅台,600519.SH
2019-11-12,sh.600519,1201.6,1915055,2303205539.0,贵州茅台,600519.SH
2019-11-13,sh.600519,1224.0,3197704,3890666569.0,贵州茅台,600519.SH
2019-11-14,sh.600519,1230.0,2352112,2898399700.0,贵州茅台,600519.SH
2019-11-15,sh.600519,1224.9,1634072,2003665313.0,贵州茅台,600519.SH
2019-11-18,sh.600519,1227.28,1803766,2204546132.0,贵州茅台,600519.SH
2019-11-19,sh.600519,1232.32,2062375,2542105913.0,贵州茅台,600519.SH
2019-11-20,sh.600519,1233.75,1528053,1884957278.0,贵州茅台,600519.SH
2019-11-21,sh.600519,1231.3,1918739,2356277766.0,贵州茅台,600519.SH
2019-11-22,sh.600519,1194.0,4705428,5677646465.0,贵州茅台,600519.SH
2019-11-25,sh.600519,1182.06,3828175,4518778939.0,贵州茅台,600519.SH
2019-11-26,sh.600519,1185.0,4023961,4794179893.0,贵州茅台,600519.SH
2019-11-27,sh.600519,1189.95,1984881,2363839726.0,贵州茅台,600519.SH
2019-11-28,sh.600519,1175.8,2884499,3405325549.0,贵州茅台,600519.SH
2019-11-29,sh.600519,1129.0,8239732,9338326554.0,贵州茅台,600519.SH
2019-12-02,sh.600519,1133.0,3078441,3479717421.0,贵州茅台,600519.SH
2019-12-03,sh.600519,1118.0,2734093,3066695648.0,贵州茅台,600519.SH
2019-12-04,sh.600519,1122.33,3528308,3980511004.0,贵州茅台,600519.SH
2019-12-05,sh.600519,1129.8,2133879,2402503470.0,贵州茅台,600519.SH
2019-12-06,sh.600519,1170.0,3950626,4565643688.0,贵州茅台,600519.SH
2019-12-09,sh.600519,1158.7,2182412,2543532527.0,贵州茅台,600519.SH
2019-12-10,sh.600519,1164.4,1508658,1749356289.0,贵州茅台,600519.SH
2019-12-11,sh.600519,1158.98,1456799,1689987674.0,贵州茅台,600519.SH
2019-12-12,sh.600519,1137.0,2940916,3362699683.0,贵州茅台,600519.SH
2019-12-13,sh.600519,1163.0,3000059,3473927971.0,贵州茅台,600519.SH
2019-12-16,sh.600519,1147.92,3093642,3554133640.0,贵州茅台,600519.SH
2019-12-17,sh.600519,1169.98,4261696,4937041950.0,贵州茅台,600519.SH
2019-12-18,sh.600519,1168.0,1964009,2295963803.0,贵州茅台,600519.SH
2019-12-19,sh.600519,1157.4,1955230,2262598597.0,贵州茅台,600519.SH
2019-12-20,sh.600519,1146.3,2356384,2703612358.0,贵州茅台,600519.SH
2019-12-23,sh.600519,1149.3,2591918,2981937538.0,贵州茅台,600519.SH
2019-12-24,sh.600519,1148.0,1182310,1358536199.0,贵州茅台,600519.SH
2019-12-25,sh.600519,1133.7,2430597,2755735164.0,贵州茅台,600519.SH
2019-12-26,sh.600519,1135.1,2287727,2585996501.0,贵州茅台,600519.SH
2019-12-27,sh.600519,1163.0,4706628,5486452901.0,贵州茅台,600519.SH
2019-12-30,sh.600519,1185.8,4076066,4827682057.0,贵州茅台,600519.SH
2019-12-31,sh.600519,1183.0,2258881,2666705100.0,贵州茅台,600519.SH
2020-01-02,sh.600519,1130.0,14809916,16696837095.0,贵州茅台,600519.SH
2020-01-03,sh.600519,1078.56,13031878,14266380596.0,贵州茅台,600519.SH
2020-01-06,sh.600519,1077.99,6341478,6853917601.0,贵州茅台,600519.SH
2020-01-07,sh.600519,1094.53,4785359,5220697068.0,贵州茅台,600519.SH
2020-01-08,sh.600519,1088.14,2500825,2720371915.0,贵州茅台,600519.SH
2020-01-09,sh.600519,1102.7,3740587,4110949814.0,贵州茅台,600519.SH
2020-01-10,sh.600519,1112.5,3597587,3993457118.0,贵州茅台,600519.SH
2020-01-13,sh.600519,1124.27,3851575,4325687959.0,贵州茅台,600519.SH
2020-01-14,sh.600519,1107.4,3514465,3916300790.0,贵州茅台,600519.SH
2020-01-15,sh.600519,1112.13,2602911,2895603674.0,贵州茅台,600519.SH
2020-01-16,sh.600519,1107.0,2319165,2571593141.0,贵州茅台,600519.SH
2020-01-17,sh.600519,1107.5,2347275,2599645144.0,贵州茅台,600519.SH
2020-01-20,sh.600519,1091.0,3539130,3858246844.0,贵州茅台,600519.SH
2020-01-21,sh.600519,1075.3,3287405,3542441308.0,贵州茅台,600519.SH
2020-01-22,sh.600519,1075.51,3620004,3875275065.0,贵州茅台,600519.SH
2020-01-23,sh.600519,1052.8,5346843,5638945742.0,贵州茅台,600519.SH
2020-02-03,sh.600519,1003.92,12344288,12314991759.0,贵州茅台,600519.SH
2020-02-04,sh.600519,1038.01,6262418,6490469043.0,贵州茅台,600519.SH
2020-02-05,sh.600519,1049.99,4741824,4956355235.0,贵州茅台,600519.SH
2020-02-06,sh.600519,1071.0,4717121,5011246407.0,贵州茅台,600519.SH
2020-02-07,sh.600519,1076.0,3127871,3348894576.0,贵州茅台,600519.SH
2020-02-10,sh.600519,1066.49,3053342,3251908506.0,贵州茅台,600519.SH
2020-02-11,sh.600519,1098.0,4791793,5222918915.0,贵州茅台,600519.SH
2020-02-12,sh.600519,1097.27,2812543,3072293973.0,贵州茅台,600519.SH
2020-02-13,sh.600519,1091.0,3035736,3335277425.0,贵州茅台,600519.SH
2020-02-14,sh.600519,1088.0,2328760,2534568401.0,贵州茅台,600519.SH
2020-02-17,sh.600519,1093.82,2702822,2946182657.0,贵州茅台,600519.SH
2020-02-18,sh.600519,1084.0,2666496,2897729692.0,贵州茅台,600519.SH
2020-02-19,sh.600519,1096.5,3705147,4052365602.0,贵州茅台,600519.SH
2020-02-20,sh.600519,1118.0,4680262,5220660940.0,贵州茅台,600519.SH
2020-02-21,sh.600519,1112.88,2894008,3225337160.0,贵州茅台,600519.SH
2020-02-24,sh.600519,1087.18,3865036,4221857466.0,贵州茅台,600519.SH
2020-02-25,sh.600519,1074.81,3838562,4127432130.0,贵州茅台,600519.SH
2020-02-26,sh.600519,1073.7,4356097,4663278433.0,贵州茅台,600519.SH
2020-02-27,sh.600519,1087.39,3449829,3758783810.0,贵州茅台,600519.SH
2020-02-28,sh.600519,1057.0,4994657,5307929213.0,贵州茅台,600519.SH
2020-03-02,sh.600519,1086.01,4766304,5154329159.0,贵州茅台,600519.SH
2020-03-03,sh.600519,1113.0,5025015,5585227657.0,贵州茅台,600519.SH
2020-03-04,sh.600519,1128.92,5379299,6080149243.0,贵州茅台,600519.SH
2020-03-05,sh.600519,1171.0,6242645,7210485104.0,贵州茅台,600519.SH
2020-03-06,sh.600519,1155.5,3064100,3553622358.0,贵州茅台,600519.SH
2020-03-09,sh.600519,1114.01,4340409,4865288500.0,贵州茅台,600519.SH
2020-03-10,sh.600519,1156.0,5806293,6635936156.0,贵州茅台,600519.SH
2020-03-11,sh.600519,1158.52,3554757,4124607952.0,贵州茅台,600519.SH
2020-03-12,sh.600519,1138.5,3663063,4172606105.0,贵州茅台,600519.SH
2020-03-13,sh.600519,1112.03,7588531,8348496480.0,贵州茅台,600519.SH
2020-03-16,sh.600519,1067.0,5123254,5548946745.0,贵州茅台,600519.SH
2020-03-17,sh.600519,1045.1,7935912,8277472787.0,贵州茅台,600519.SH
2020-03-18,sh.600519,1007.99,7345988,7582762547.0,贵州茅台,600519.SH
2020-03-19,sh.600519,996.0,10226507,10075880470.0,贵州茅台,600519.SH
2020-03-20,sh.600519,1035.28,6013919,6169094444.0,贵州茅台,600519.SH
2020-03-23,sh.600519,1019.0,4847210,4918121944.0,贵州茅台,600519.SH
2020-03-24,sh.600519,1056.0,4665096,4900364144.0,贵州茅台,600519.SH
2020-03-25,sh.600519,1080.1,3704866,4015061222.0,贵州茅台,600519.SH
2020-03-26,sh.600519,1064.92,3004856,3231754298.0,贵州茅台,600519.SH
2020-03-27,sh.600519,1075.5,3626112,3931759353.0,贵州茅台,600519.SH
2020-03-30,sh.600519,1072.0,3068741,3279823025.0,贵州茅台,600519.SH
2020-03-31,sh.600519,1111.0,4798437,5293170703.0,贵州茅台,600519.SH
2020-04-01,sh.600519,1103.0,3320535,3700184247.0,贵州茅台,600519.SH
2020-04-02,sh.600519,1145.0,4520561,5095167594.0,贵州茅台,600519.SH
2020-04-03,sh.600519,1139.79,2761761,3148421866.0,贵州茅台,600519.SH
2020-04-07,sh.600519,1159.95,4348800,5041525481.0,贵州茅台,600519.SH
2020-04-08,sh.600519,1159.76,2422442,2809422100.0,贵州茅台,600519.SH
2020-04-09,sh.600519,1158.5,2281697,2640230492.0,贵州茅台,600519.SH
2020-04-10,sh.600519,1165.0,2780434,3252600672.0,贵州茅台,600519.SH
2020-04-13,sh.600519,1162.3,1598147,1854563731.0,贵州茅台,600519.SH
2020-04-14,sh.600519,1185.1,3679955,4340858665.0,贵州茅台,600519.SH
2020-04-15,sh.600519,1189.6,2933229,3501318260.0,贵州茅台,600519.SH
2020-04-16,sh.600519,1197.1,2172774,2588431844.0,贵州茅台,600519.SH
2020-04-17,sh.600519,1226.0,3824569,4676618151.0,贵州茅台,600519.SH
2020-04-20,sh.600519,1227.3,2423864,2963483323.0,贵州茅台,600519.SH
2020-04-21,sh.600519,1200.0,2922422,3517018487.0,贵州茅台,600519.SH
2020-04-22,sh.600519,1244.5,4403473,5430377598.0,贵州茅台,600519.SH
2020-04-23,sh.600519,1252.26,2689851,3377042463.0,贵州茅台,600519.SH
2020-04-24,sh.600519,1250.56,1912240,2390444036.0,贵州茅台,600519.SH
2020-04-27,sh.600519,1276.0,2590391,3284513346.0,贵州茅台,600519.SH
2020-04-28,sh.600519,1279.13,3466190,4458549425.0,贵州茅台,600519.SH
2020-04-29,sh.600519,1274.9,2344406,2976724957.0,贵州茅台,600519.SH
2020-04-30,sh.600519,1265.7,2466087,3134408881.0,贵州茅台,600519.SH
2020-05-06,sh.600519,1300.0,3583481,4598589768.0,贵州茅台,600519.SH
2020-05-07,sh.600519,1312.0,2793474,3647628296.0,贵州茅台,600519.SH
2020-05-08,sh.600519,1314.61,2907868,3839218026.0,贵州茅台,600519.SH
2020-05-11,sh.600519,1323.01,2367119,3135990964.0,贵州茅台,600519.SH
2020-05-12,sh.600519,1333.0,1972181,2621824685.0,贵州茅台,600519.SH
2020-05-13,sh.600519,1335.95,2201431,2931464950.0,贵州茅台,600519.SH
2020-05-14,sh.600519,1326.59,1857492,2467976357.0,贵州茅台,600519.SH
2020-05-15,sh.600519,1313.0,2639808,3469736812.0,贵州茅台,600519.SH
2020-05-18,sh.600519,1346.21,3436211,4587989708.0,贵州茅台,600519.SH
2020-05-19,sh.600519,1346.11,2478746,3342210487.0,贵州茅台,600519.SH
2020-05-20,sh.600519,1351.0,2118340,2859455106.0,贵州茅台,600519.SH
2020-05-21,sh.600519,1366.1,2305158,3147105462.0,贵州茅台,600519.SH
2020-05-22,sh.600519,1328.2,3442746,4608696074.0,贵州茅台,600519.SH
2020-05-25,sh.600519,1362.9,3156100,4260387678.0,贵州茅台,600519.SH
2020-05-26,sh.600519,1358.0,2247019,3056188321.0,贵州茅台,600519.SH
2020-05-27,sh.600519,1338.0,2677741,3596654307.0,贵州茅台,600519.SH
2020-05-28,sh.600519,1344.0,2648591,3536546893.0,贵州茅台,600519.SH
2020-05-29,sh.600519,1366.6,3044435,4144247222.0,贵州茅台,600519.SH
2020-06-01,sh.600519,1419.5,3547976,4986178912.0,贵州茅台,600519.SH
2020-06-02,sh.600519,1410.71,2596010,3679210598.0,贵州茅台,600519.SH
2020-06-03,sh.600519,1399.3,2355736,3308382799.0,贵州茅台,600519.SH
2020-06-04,sh.600519,1407.99,1803741,2534459742.0,贵州茅台,600519.SH
2020-06-05,sh.600519,1425.0,1834706,2597524609.0,贵州茅台,600519.SH
2020-06-08,sh.600519,1406.1,2930045,4145298455.0,贵州茅台,600519.SH
2020-06-09,sh.600519,1416.55,2261191,3199849660.0,贵州茅台,600519.SH
2020-06-10,sh.600519,1423.66,2270074,3234843851.0,贵州茅台,600519.SH
2020-06-11,sh.600519,1400.46,3071171,4314846228.0,贵州茅台,600519.SH
2020-06-12,sh.600519,1416.37,2842742,3992323389.0,贵州茅台,600519.SH
2020-06-15,sh.600519,1383.0,3461541,4819512189.0,贵州茅台,600519.SH
2020-06-16,sh.600519,1403.88,2920664,4099718932.0,贵州茅台,600519.SH
2020-06-17,sh.600519,1405.0,1945307,2730097120.0,贵州茅台,600519.SH
2020-06-18,sh.600519,1413.0,2101041,2956800081.0,贵州茅台,600519.SH
2020-06-19,sh.600519,1439.84,3895833,5603232657.0,贵州茅台,600519.SH
2020-06-22,sh.600519,1439.0,2324700,3343536637.0,贵州茅台,600519.SH
2020-06-23,sh.600519,1474.5,3393426,4963194685.0,贵州茅台,600519.SH
2020-06-24,sh.600519,1460.01,2513899,3663537115.0,贵州茅台,600519.SH
2020-06-29,sh.600519,1463.17,2808061,4064048236.0,贵州茅台,600519.SH
2020-06-30,sh.600519,1462.88,2244614,3281641199.0,贵州茅台,600519.SH
2020-07-01,sh.600519,1494.27,3868249,5759640251.0,贵州茅台,600519.SH
2020-07-02,sh.600519,1544.0,4588372,7014289615.0,贵州茅台,600519.SH
2020-07-03,sh.600519,1541.79,3512581,5395637032.0,贵州茅台,600519.SH
2020-07-06,sh.600519,1600.0,5182196,8228068998.0,贵州茅台,600519.SH
2020-07-07,sh.600519,1688.0,6666393,11219852098.0,贵州茅台,600519.SH
2020-07-08,sh.600519,1681.34,5316998,8963189092.0,贵州茅台,600519.SH
2020-07-09,sh.600519,1706.0,3503324,5951732803.0,贵州茅台,600519.SH
2020-07-10,sh.600519,1713.85,3710044,6352507468.0,贵州茅台,600519.SH
2020-07-13,sh.600519,1781.99,6072716,10679460274.0,贵州茅台,600519.SH
2020-07-14,sh.600519,1762.0,4609351,8135834910.0,贵州茅台,600519.SH
2020-07-15,sh.600519,1752.53,4071294,7176560649.0,贵州茅台,600519.SH
2020-07-16,sh.600519,1614.0,10224219,16901373196.0,贵州茅台,600519.SH
2020-07-17,sh.600519,1648.05,6590206,10863420089.0,贵州茅台,600519.SH
2020-07-20,sh.600519,1636.96,4528033,7363822989.0,贵州茅台,600519.SH
2020-07-21,sh.600519,1668.0,4196950,7026353150.98,贵州茅台,600519.SH
2020-07-22,sh.600519,1678.08,3920121,6637265371.71,贵州茅台,600519.SH
2020-07-23,sh.600519,1676.0,3432052,5739050333.42,贵州茅台,600519.SH
2020-07-24,sh.600519,1595.3,7875201,12705941887.22,贵州茅台,600519.SH
2020-07-27,sh.600519,1622.55,3878817,6279664443.71,贵州茅台,600519.SH
2020-07-28,sh.600519,1670.0,5491152,9133721867.31,贵州茅台,600519.SH
2020-07-29,sh.600519,1672.0,5074843,8411789966.5,贵州茅台,600519.SH
2020-07-30,sh.600519,1680.0,3837304,6486855474.99,贵州茅台,600519.SH
2020-07-31,sh.600519,1678.18,4068474,6846747330.22,贵州茅台,600519.SH
2020-08-03,sh.600519,1668.0,3466114,5790041421.93,贵州茅台,600519.SH
2020-08-04,sh.600519,1669.99,3194051,5337185768.01,贵州茅台,600519.SH
2020-08-05,sh.600519,1668.0,2552169,4236612469.34,贵州茅台,600519.SH
2020-08-06,sh.600519,1637.96,3264878,5372942644.96,贵州茅台,600519.SH
2020-08-07,sh.600519,1631.0,3424205,5560065753.27,贵州茅台,600519.SH
2020-08-10,sh.600519,1633.99,2362354,3857721122.38,贵州茅台,600519.SH
2020-08-11,sh.600519,1642.51,3581818,5936904875.64,贵州茅台,600519.SH
2020-08-12,sh.600519,1626.95,2793392,4529267492.98,贵州茅台,600519.SH
2020-08-13,sh.600519,1635.0,2054134,3341652185.89,贵州茅台,600519.SH
2020-08-14,sh.600519,1661.0,3765318,6230475427.24,贵州茅台,600519.SH
2020-08-17,sh.600519,1690.0,4357201,7363610867.33,贵州茅台,600519.SH
2020-08-18,sh.600519,1705.0,3042281,5192751797.11,贵州茅台,600519.SH
2020-08-19,sh.600519,1687.0,2691498,4578143762.2,贵州茅台,600519.SH
2020-08-20,sh.600519,1664.0,2238233,3727183935.45,贵州茅台,600519.SH
2020-08-21,sh.600519,1676.0,2508241,4217048420.24,贵州茅台,600519.SH
2020-08-24,sh.600519,1696.35,3093344,5260286523.46,贵州茅台,600519.SH
2020-08-25,sh.600519,1727.0,4187249,7227309774.14,贵州茅台,600519.SH
2020-08-26,sh.600519,1727.0,2621573,4530374186.47,贵州茅台,600519.SH
2020-08-27,sh.600519,1731.0,2263553,3896759446.17,贵州茅台,600519.SH
2020-08-28,sh.600519,1757.0,4229962,7389242302.49,贵州茅台,600519.SH
2020-08-31,sh.600519,1786.5,4781036,8608932570.41,贵州茅台,600519.SH
2020-09-01,sh.600519,1801.98,3163992,5661594315.16,贵州茅台,600519.SH
2020-09-02,sh.600519,1795.0,3200929,5746351923.01,贵州茅台,600519.SH
2020-09-03,sh.600519,1793.0,3043735,5471333880.1,贵州茅台,600519.SH
2020-09-04,sh.600519,1770.0,3085796,5433479408.0,贵州茅台,600519.SH
2020-09-07,sh.600519,1723.5,3111202,5446354619.03,贵州茅台,600519.SH
2020-09-08,sh.600519,1711.4,3447238,5865962723.75,贵州茅台,600519.SH
2020-09-09,sh.600519,1688.0,2596355,4401806095.14,贵州茅台,600519.SH
2020-09-10,sh.600519,1705.8,2477833,4236694401.52,贵州茅台,600519.SH
2020-09-11,sh.600519,1733.0,3108800,5339883407.76,贵州茅台,600519.SH
2020-09-14,sh.600519,1766.0,3105601,5448188995.38,贵州茅台,600519.SH
2020-09-15,sh.600519,1760.0,2082087,3654872008.51,贵州茅台,600519.SH
2020-09-16,sh.600519,1725.1,2251598,3916457761.65,贵州茅台,600519.SH
2020-09-17,sh.600519,1670.52,6367985,10683350186.5,贵州茅台,600519.SH
2020-09-18,sh.600519,1695.0,4720140,7853673240.87,贵州茅台,600519.SH
2020-09-21,sh.600519,1666.8,2244407,3756765108.07,贵州茅台,600519.SH
2020-09-22,sh.600519,1665.69,2326547,3890070212.39,贵州茅台,600519.SH
2020-09-23,sh.600519,1649.98,3572552,5878691068.93,贵州茅台,600519.SH
2020-09-24,sh.600519,1629.32,3005078,4915392273.49,贵州茅台,600519.SH
2020-09-25,sh.600519,1635.11,2258296,3700843486.0,贵州茅台,600519.SH
2020-09-28,sh.600519,1661.0,2423222,4019640150.42,贵州茅台,600519.SH
2020-09-29,sh.600519,1652.3,1743078,2895081365.61,贵州茅台,600519.SH
2020-09-30,sh.600519,1668.5,2708781,4536012539.91,贵州茅台,600519.SH
2020-10-09,sh.600519,1696.0,3423988,5817280604.62,贵州茅台,600519.SH
2020-10-12,sh.600519,1750.61,4372904,7597987786.33,贵州茅台,600519.SH
2020-10-13,sh.600519,1739.0,2294389,3995560518.33,贵州茅台,600519.SH
2020-10-14,sh.600519,1729.0,2048139,3554316588.74,贵州茅台,600519.SH
2020-10-15,sh.600519,1725.0,1620436,2801250556.48,贵州茅台,600519.SH
2020-10-16,sh.600519,1712.0,1737738,2991246892.13,贵州茅台,600519.SH
2020-10-19,sh.600519,1699.0,1922632,3284383414.71,贵州茅台,600519.SH
2020-10-20,sh.600519,1734.0,2773493,4787807535.82,贵州茅台,600519.SH
2020-10-21,sh.600519,1733.33,1890137,3275357440.3,贵州茅台,600519.SH
2020-10-22,sh.600519,1742.5,2248087,3897729793.1,贵州茅台,600519.SH
2020-10-23,sh.600519,1715.33,1929169,3339987454.08,贵州茅台,600519.SH
2020-10-26,sh.600519,1643.0,6601529,10821908227.12,贵州茅台,600519.SH
2020-10-27,sh.600519,1625.0,4394440,7156688306.58,贵州茅台,600519.SH
2020-10-28,sh.600519,1664.81,3463653,5739452181.14,贵州茅台,600519.SH
2020-10-29,sh.600519,1676.0,3937376,6633168612.77,贵州茅台,600519.SH
2020-10-30,sh.600519,1670.02,2605545,4379602067.68,贵州茅台,600519.SH
2020-11-02,sh.600519,1674.01,2106643,3544422245.43,贵州茅台,600519.SH
2020-11-03,sh.600519,1695.0,2349749,3976621208.06,贵州茅台,600519.SH
2020-11-04,sh.600519,1699.58,1644371,2788396252.94,贵州茅台,600519.SH
2020-11-05,sh.600519,1721.9,2352414,4053043270.71,贵州茅台,600519.SH
2020-11-06,sh.600519,1700.62,2305153,3932702366.7,贵州茅台,600519.SH
2020-11-09,sh.600519,1742.57,4146970,7198679682.95,贵州茅台,600519.SH
2020-11-10,sh.600519,1745.0,3018944,5287968172.74,贵州茅台,600519.SH
2020-11-11,sh.600519,1731.35,3485073,6122365404.41,贵州茅台,600519.SH
2020-11-12,sh.600519,1734.79,2347309,4071729791.56,贵州茅台,600519.SH
2020-11-13,sh.600519,1705.0,2815548,4791276459.47,贵州茅台,600519.SH
2020-11-16,sh.600519,1730.05,3061349,5247897160.86,贵州茅台,600519.SH
2020-11-17,sh.600519,1715.8,2522403,4355288046.56,贵州茅台,600519.SH
2020-11-18,sh.600519,1693.65,3517895,5973146815.32,贵州茅台,600519.SH
2020-11-19,sh.600519,1720.19,2781576,4767508752.81,贵州茅台,600519.SH
2020-11-20,sh.600519,1719.96,2187466,3771894859.49,贵州茅台,600519.SH
2020-11-23,sh.600519,1790.21,6663724,11926870594.6,贵州茅台,600519.SH
2020-11-24,sh.600519,1763.5,3246536,5736960168.07,贵州茅台,600519.SH
2020-11-25,sh.600519,1726.88,2822632,4910540740.65,贵州茅台,600519.SH
2020-11-26,sh.600519,1734.39,2322830,4027749312.81,贵州茅台,600519.SH
2020-11-27,sh.600519,1737.9,2156861,3737697984.7,贵州茅台,600519.SH
2020-11-30,sh.600519,1713.91,3194007,5520322173.16,贵州茅台,600519.SH
2020-12-01,sh.600519,1737.0,2819620,4891829153.17,贵州茅台,600519.SH
2020-12-02,sh.600519,1738.01,2357169,4101369305.99,贵州茅台,600519.SH
2020-12-03,sh.600519,1749.0,2950578,5147357780.65,贵州茅台,600519.SH
2020-12-04,sh.600519,1793.11,6249119,11176048846.87,贵州茅台,600519.SH
2020-12-07,sh.600519,1812.4,5833133,10617305103.95,贵州茅台,600519.SH
2020-12-08,sh.600519,1850.0,6145400,11333352154.27,贵州茅台,600519.SH
2020-12-09,sh.600519,1840.0,3115212,5766037608.84,贵州茅台,600519.SH
2020-12-10,sh.600519,1832.9,3265354,6009239910.86,贵州茅台,600519.SH
2020-12-11,sh.600519,1820.0,3077579,5595359665.39,贵州茅台,600519.SH
2020-12-14,sh.600519,1829.0,3305200,6026813427.85,贵州茅台,600519.SH
2020-12-15,sh.600519,1816.01,2960497,5383582284.17,贵州茅台,600519.SH
2020-12-16,sh.600519,1840.0,3215016,5901298274.85,贵州茅台,600519.SH
2020-12-17,sh.600519,1865.51,3603064,6683421886.39,贵州茅台,600519.SH
2020-12-18,sh.600519,1845.0,2707698,5020968993.22,贵州茅台,600519.SH
2020-12-21,sh.600519,1842.5,3069672,5663526809.13,贵州茅台,600519.SH
2020-12-22,sh.600519,1881.0,4065060,7618583444.29,贵州茅台,600519.SH
2020-12-23,sh.600519,1841.65,4770609,8901002261.88,贵州茅台,600519.SH
2020-12-24,sh.600519,1830.34,3785714,6921989374.42,贵州茅台,600519.SH
2020-12-25,sh.600519,1830.0,2308805,4218997634.27,贵州茅台,600519.SH
2020-12-28,sh.600519,1873.0,3008037,5616528738.07,贵州茅台,600519.SH
2020-12-29,sh.600519,1867.0,2286759,4275994833.55,贵州茅台,600519.SH
2020-12-30,sh.600519,1933.0,3445210,6604461376.11,贵州茅台,600519.SH
2020-12-31,sh.600519,1998.0,3886007,7682300728.32,贵州茅台,600519.SH
2021-01-04,sh.600519,1997.0,4351400,8686920261.12,贵州茅台,600519.SH
2021-01-05,sh.600519,2059.45,5211605,10592557369.7,贵州茅台,600519.SH
2021-01-06,sh.600519,2100.0,4741020,9882593867.1,贵州茅台,600519.SH
2021-01-07,sh.600519,2140.0,3793139,7991178754.07,贵州茅台,600519.SH
2021-01-08,sh.600519,2090.0,5386164,11345202869.15,贵州茅台,600519.SH
2021-01-11,sh.600519,2099.73,5107990,10768565414.66,贵州茅台,600519.SH
2021-01-12,sh.600519,2160.9,4105859,8800558287.66,贵州茅台,600519.SH
2021-01-13,sh.600519,2164.0,3438993,7418330853.82,贵州茅台,600519.SH
2021-01-14,sh.600519,2134.0,3615220,7722089683.72,贵州茅台,600519.SH
2021-01-15,sh.600519,2082.0,5950939,12372103226.55,贵州茅台,600519.SH
2021-01-18,sh.600519,2063.0,3914404,8076715789.5,贵州茅台,600519.SH
2021-01-19,sh.600519,2009.41,4634519,9479278513.19,贵州茅台,600519.SH
2021-01-20,sh.600519,2040.63,4508242,9126453276.98,贵州茅台,600519.SH
2021-01-21,sh.600519,2070.0,3831017,7953455966.93,贵州茅台,600519.SH
2021-01-22,sh.600519,2079.95,2924761,6090260363.6,贵州茅台,600519.SH
2021-01-25,sh.600519,2175.0,5595716,12029474557.67,贵州茅台,600519.SH
2021-01-26,sh.600519,2141.89,3174746,6820173361.71,贵州茅台,600519.SH
2021-01-27,sh.600519,2089.0,3712017,7809446386.54,贵州茅台,600519.SH
2021-01-28,sh.600519,2088.0,3512864,7337084454.98,贵州茅台,600519.SH
2021-01-29,sh.600519,2116.18,3370133,7166179277.17,贵州茅台,600519.SH
2021-02-01,sh.600519,2109.32,2934059,6219639110.8,贵州茅台,600519.SH
2021-02-02,sh.600519,2145.0,3458225,7372233581.9,贵州茅台,600519.SH
2021-02-03,sh.600519,2189.91,3871415,8384049314.31,贵州茅台,600519.SH
2021-02-04,sh.600519,2320.85,6385101,14596930187.5,贵州茅台,600519.SH
2021-02-05,sh.600519,2313.0,3972906,9253566204.82,贵州茅台,600519.SH
2021-02-08,sh.600519,2368.8,3578573,8420758624.81,贵州茅台,600519.SH
2021-02-09,sh.600519,2456.43,3329655,7972930044.98,贵州茅台,600519.SH
2021-02-10,sh.600519,2601.0,6137057,15675929713.5,贵州茅台,600519.SH
2021-02-18,sh.600519,2471.0,6591232,16704135269.47,贵州茅台,600519.SH
2021-02-19,sh.600519,2460.0,5938546,14525164524.57,贵州茅台,600519.SH
2021-02-22,sh.600519,2288.02,7893547,18498777222.54,贵州茅台,600519.SH
2021-02-23,sh.600519,2307.0,5745460,13316110795.16,贵州茅台,600519.SH
2021-02-24,sh.600519,2189.0,8211578,18195034445.01,贵州茅台,600519.SH
2021-02-25,sh.600519,2150.0,5972643,12982145755.12,贵州茅台,600519.SH
2021-02-26,sh.600519,2122.78,6652506,14097015493.7,贵州茅台,600519.SH
2021-03-01,sh.600519,2158.0,4491626,9686945528.92,贵州茅台,600519.SH
2021-03-02,sh.600519,2058.0,7076450,14796698645.52,贵州茅台,600519.SH
2021-03-03,sh.600519,2140.0,5421546,11366685429.08,贵州茅台,600519.SH
2021-03-04,sh.600519,2033.0,6508829,13297304315.65,贵州茅台,600519.SH
2021-03-05,sh.600519,2060.11,6377920,13100315985.42,贵州茅台,600519.SH
2021-03-08,sh.600519,1960.0,6309959,12724245990.38,贵州茅台,600519.SH
2021-03-09,sh.600519,1936.99,8226581,16100769578.87,贵州茅台,600519.SH
2021-03-10,sh.600519,1970.01,5117174,10136910283.82,贵州茅台,600519.SH
2021-03-11,sh.600519,2048.0,5676897,11521736383.85,贵州茅台,600519.SH
2021-03-12,sh.600519,2026.0,4032251,8181594631.17,贵州茅台,600519.SH
2021-03-15,sh.600519,1975.45,6248487,12459955712.19,贵州茅台,600519.SH
2021-03-16,sh.600519,2010.5,3464850,6918600717.41,贵州茅台,600519.SH
2021-03-17,sh.600519,2030.36,3137491,6352656523.24,贵州茅台,600519.SH
2021-03-18,sh.600519,2069.7,3386488,6997030294.38,贵州茅台,600519.SH
2021-03-19,sh.600519,2010.0,3578077,7211521835.48,贵州茅台,600519.SH
2021-03-22,sh.600519,1989.99,3691407,7323391310.93,贵州茅台,600519.SH
2021-03-23,sh.600519,1996.0,2744619,5459520703.31,贵州茅台,600519.SH
2021-03-24,sh.600519,1989.0,2935739,5857848160.33,贵州茅台,600519.SH
2021-03-25,sh.600519,1971.0,3157523,6216733243.7,贵州茅台,600519.SH
2021-03-26,sh.600519,2013.0,5001642,9987629443.81,贵州茅台,600519.SH
2021-03-29,sh.600519,2034.1,5699220,11740129412.79,贵州茅台,600519.SH
2021-03-30,sh.600519,2056.05,3262697,6717493349.55,贵州茅台,600519.SH
2021-03-31,sh.600519,2009.0,3715441,7489086233.43,贵州茅台,600519.SH
2021-04-01,sh.600519,2044.5,2658763,5379775870.02,贵州茅台,600519.SH
2021-04-02,sh.600519,2162.0,5202757,10981752657.58,贵州茅台,600519.SH
2021-04-06,sh.600519,2126.03,3274177,6967525036.59,贵州茅台,600519.SH
2021-04-07,sh.600519,2061.0,4020097,8317799924.65,贵州茅台,600519.SH
2021-04-08,sh.600519,2070.0,2854762,5893307514.47,贵州茅台,600519.SH
2021-04-09,sh.600519,2020.0,2880886,5832453811.8,贵州茅台,600519.SH
2021-04-12,sh.600519,2008.89,3194307,6409917317.58,贵州茅台,600519.SH
2021-04-13,sh.600519,2021.0,2899215,5883787293.27,贵州茅台,600519.SH
2021-04-14,sh.600519,2047.0,2411465,4908790022.84,贵州茅台,600519.SH
2021-04-15,sh.600519,2015.6,3436621,6903769489.51,贵州茅台,600519.SH
2021-04-16,sh.600519,2054.98,3029370,6183895053.75,贵州茅台,600519.SH
2021-04-19,sh.600519,2088.0,3175391,6610577917.18,贵州茅台,600519.SH
2021-04-20,sh.600519,2094.8,2829037,5949669952.68,贵州茅台,600519.SH
2021-04-21,sh.600519,2080.0,2614975,5446145952.13,贵州茅台,600519.SH
2021-04-22,sh.600519,2055.5,2685002,5539295655.77,贵州茅台,600519.SH
2021-04-23,sh.600519,2108.94,3346277,7002695288.1,贵州茅台,600519.SH
2021-04-26,sh.600519,2077.82,3404511,7160836874.36,贵州茅台,600519.SH
2021-04-27,sh.600519,2094.44,2210785,4607779001.56,贵州茅台,600519.SH
2021-04-28,sh.600519,2042.0,8134295,16463574636.6,贵州茅台,600519.SH
2021-04-29,sh.600519,2026.36,4128378,8370431227.68,贵州茅台,600519.SH
2021-04-30,sh.600519,2006.78,3840137,7723747038.43,贵州茅台,600519.SH
2021-05-06,sh.600519,1959.0,5354614,10584968907.14,贵州茅台,600519.SH
2021-05-07,sh.600519,1903.0,5249339,10101703446.06,贵州茅台,600519.SH
2021-05-10,sh.600519,1879.03,4600318,8677753607.6,贵州茅台,600519.SH
2021-05-11,sh.600519,1959.0,4249412,8209251913.88,贵州茅台,600519.SH
2021-05-12,sh.600519,1984.0,3269887,6473203286.06,贵州茅台,600519.SH
2021-05-13,sh.600519,1971.5,2507751,4934954969.14,贵州茅台,600519.SH
2021-05-14,sh.600519,2009.85,3561129,7150302044.37,贵州茅台,600519.SH
2021-05-17,sh.600519,2057.96,4452400,9178509985.37,贵州茅台,600519.SH
2021-05-18,sh.600519,2059.31,1750428,3595891741.83,贵州茅台,600519.SH
2021-05-19,sh.600519,2049.0,2240972,4606452358.47,贵州茅台,600519.SH
2021-05-20,sh.600519,2058.88,2185716,4500663211.25,贵州茅台,600519.SH
2021-05-21,sh.600519,2042.1,2424823,4976601457.79,贵州茅台,600519.SH
2021-05-24,sh.600519,2071.29,3254808,6705879397.29,贵州茅台,600519.SH
2021-05-25,sh.600519,2194.5,6775695,14636718750.42,贵州茅台,600519.SH
2021-05-26,sh.600519,2220.0,3860420,8558038173.71,贵州茅台,600519.SH
2021-05-27,sh.600519,2245.0,4537338,10240368980.36,贵州茅台,600519.SH
2021-05-28,sh.600519,2230.0,2580731,5741331985.52,贵州茅台,600519.SH
2021-05-31,sh.600519,2218.0,3173900,6960864260.2,贵州茅台,600519.SH
2021-06-01,sh.600519,2240.95,3061634,6832594465.5,贵州茅台,600519.SH
2021-06-02,sh.600519,2222.0,2286277,5088908383.98,贵州茅台,600519.SH
2021-06-03,sh.600519,2222.22,2345031,5242453018.5,贵州茅台,600519.SH
2021-06-04,sh.600519,2251.5,3142219,7058715114.68,贵州茅台,600519.SH
2021-06-07,sh.600519,2271.0,2546627,5756592694.17,贵州茅台,600519.SH
2021-06-08,sh.600519,2191.0,4731363,10479943156.1,贵州茅台,600519.SH
2021-06-09,sh.600519,2199.5,2550235,5591378816.61,贵州茅台,600519.SH
2021-06-10,sh.600519,2238.48,2556663,5707338424.23,贵州茅台,600519.SH
2021-06-11,sh.600519,2178.81,3397066,7513797036.43,贵州茅台,600519.SH
2021-06-15,sh.600519,2193.0,2936130,6412821567.23,贵州茅台,600519.SH
2021-06-16,sh.600519,2158.0,2759315,5978924528.06,贵州茅台,600519.SH
2021-06-17,sh.600519,2156.91,2106753,4558702643.11,贵州茅台,600519.SH
2021-06-18,sh.600519,2090.94,5402821,11329180836.32,贵州茅台,600519.SH
2021-06-21,sh.600519,2081.64,3548826,7367986470.8,贵州茅台,600519.SH
2021-06-22,sh.600519,2074.97,3322818,6900830616.21,贵州茅台,600519.SH
2021-06-23,sh.600519,2038.0,3707901,7596735684.45,贵州茅台,600519.SH
2021-06-24,sh.600519,2068.05,3147370,6452557072.56,贵州茅台,600519.SH
2021-06-25,sh.600519,2092.0,3587543,7459680452.0,贵州茅台,600519.SH
2021-06-28,sh.600519,2103.01,2745242,5750241214.09,贵州茅台,600519.SH
2021-06-29,sh.600519,2062.0,3303063,6835635172.06,贵州茅台,600519.SH
2021-06-30,sh.600519,2056.7,2191566,4511484217.06,贵州茅台,600519.SH
2021-07-01,sh.600519,2105.0,3370124,6970730877.58,贵州茅台,600519.SH
2021-07-02,sh.600519,2013.0,4627531,9388640194.18,贵州茅台,600519.SH
2021-07-05,sh.600519,1994.0,3442095,6872797767.52,贵州茅台,600519.SH
2021-07-06,sh.600519,2012.9,3528251,7015883090.99,贵州茅台,600519.SH
2021-07-07,sh.600519,2004.0,2812212,5658210730.18,贵州茅台,600519.SH
2021-07-08,sh.600519,1985.0,3551669,7027713779.87,贵州茅台,600519.SH
2021-07-09,sh.600519,1972.11,3090790,6072340992.95,贵州茅台,600519.SH
2021-07-12,sh.600519,1961.0,3901024,7658786228.0,贵州茅台,600519.SH
2021-07-13,sh.600519,1982.9,2992471,5946287258.91,贵州茅台,600519.SH
2021-07-14,sh.600519,1962.0,3077069,6011814880.15,贵州茅台,600519.SH
2021-07-15,sh.600519,1997.99,4219005,8391506228.51,贵州茅台,600519.SH
2021-07-16,sh.600519,1955.9,3540764,6958296858.75,贵州茅台,600519.SH
2021-07-19,sh.600519,1975.0,3005234,5900348209.63,贵州茅台,600519.SH
2021-07-20,sh.600519,1980.0,2347521,4639300956.05,贵州茅台,600519.SH
2021-07-21,sh.600519,1969.0,2978013,5902656220.53,贵州茅台,600519.SH
2021-07-22,sh.600519,1940.01,3909047,7619076855.11,贵州茅台,600519.SH
2021-07-23,sh.600519,1900.0,4758547,9057761875.71,贵州茅台,600519.SH
2021-07-26,sh.600519,1804.11,9861948,17894360803.19,贵州茅台,600519.SH
2021-07-27,sh.600519,1712.89,8657699,15230805685.48,贵州茅台,600519.SH
2021-07-28,sh.600519,1768.9,8536884,14792470948.05,贵州茅台,600519.SH
2021-07-29,sh.600519,1749.79,6386385,11299569856.98,贵州茅台,600519.SH
2021-07-30,sh.600519,1678.99,7773589,13109725032.42,贵州茅台,600519.SH
2021-08-02,sh.600519,1755.0,9740065,16515259088.96,贵州茅台,600519.SH
2021-08-03,sh.600519,1749.3,5437475,9447823227.17,贵州茅台,600519.SH
2021-08-04,sh.600519,1724.0,3817549,6614683378.43,贵州茅台,600519.SH
2021-08-05,sh.600519,1699.0,4805969,8177369850.63,贵州茅台,600519.SH
2021-08-06,sh.600519,1671.0,4568610,7616109614.97,贵州茅台,600519.SH
2021-08-09,sh.600519,1693.8,4769775,8028155490.38,贵州茅台,600519.SH
2021-08-10,sh.600519,1799.0,8328505,14549496462.91,贵州茅台,600519.SH
2021-08-11,sh.600519,1750.5,3866259,6821292779.01,贵州茅台,600519.SH
2021-08-12,sh.600519,1690.0,4755097,8130692626.46,贵州茅台,600519.SH
2021-08-13,sh.600519,1700.04,3790452,6418412543.9,贵州茅台,600519.SH
2021-08-16,sh.600519,1699.2,2805697,4773049794.4,贵州茅台,600519.SH
2021-08-17,sh.600519,1635.0,6120077,10140291982.18,贵州茅台,600519.SH
2021-08-18,sh.600519,1620.0,5997026,9701556273.15,贵州茅台,600519.SH
2021-08-19,sh.600519,1619.97,4129195,6682355677.87,贵州茅台,600519.SH
2021-08-20,sh.600519,1548.0,11454454,17825198285.98,贵州茅台,600519.SH
2021-08-23,sh.600519,1570.19,7159720,11218832882.53,贵州茅台,600519.SH
2021-08-24,sh.600519,1625.18,7259447,11703813763.5,贵州茅台,600519.SH
2021-08-25,sh.600519,1665.02,5423890,9037626406.21,贵州茅台,600519.SH
2021-08-26,sh.600519,1595.0,5402037,8722233200.59,贵州茅台,600519.SH
2021-08-27,sh.600519,1596.03,3609545,5791426192.05,贵州茅台,600519.SH
2021-08-30,sh.600519,1586.0,5158770,8098190333.41,贵州茅台,600519.SH
2021-08-31,sh.600519,1558.0,4367709,6888080926.71,贵州茅台,600519.SH
2021-09-01,sh.600519,1622.01,7731610,12370243405.19,贵州茅台,600519.SH
2021-09-02,sh.600519,1618.8,4283679,6939707277.23,贵州茅台,600519.SH
2021-09-03,sh.600519,1658.22,5283518,8631165695.89,贵州茅台,600519.SH
2021-09-06,sh.600519,1670.67,5533806,9306030671.19,贵州茅台,600519.SH
2021-09-07,sh.600519,1669.0,3121122,5204051657.3,贵州茅台,600519.SH
2021-09-08,sh.600519,1633.1,3306367,5428265636.13,贵州茅台,600519.SH
2021-09-09,sh.600519,1634.08,1995013,3257785762.02,贵州茅台,600519.SH
2021-09-10,sh.600519,1662.58,3338811,5528034093.44,贵州茅台,600519.SH
2021-09-13,sh.600519,1654.0,2772002,4605031710.53,贵州茅台,600519.SH
2021-09-14,sh.600519,1657.0,3376061,5638962653.7,贵州茅台,600519.SH
2021-09-15,sh.600519,1615.74,4157005,6781755393.37,贵州茅台,600519.SH
2021-09-16,sh.600519,1638.07,4596802,7458455126.2,贵州茅台,600519.SH
2021-09-17,sh.600519,1686.0,5513025,9242101551.88,贵州茅台,600519.SH
2021-09-22,sh.600519,1637.69,3174300,5227723003.37,贵州茅台,600519.SH
2021-09-23,sh.600519,1635.0,3034181,4964210090.5,贵州茅台,600519.SH
2021-09-24,sh.600519,1694.0,6953660,11756596091.11,贵州茅台,600519.SH
2021-09-27,sh.600519,1855.0,12686892,23270689701.97,贵州茅台,600519.SH
2021-09-28,sh.600519,1822.06,4922105,8973408813.24,贵州茅台,600519.SH
2021-09-29,sh.600519,1820.0,4329065,7870151768.17,贵州茅台,600519.SH
2021-09-30,sh.600519,1830.0,4053929,7411735790.23,贵州茅台,600519.SH
2021-10-08,sh.600519,1839.6,4745196,8780381117.96,贵州茅台,600519.SH
2021-10-11,sh.600519,1867.12,3767557,7040475326.66,贵州茅台,600519.SH
2021-10-12,sh.600519,1870.99,3060642,5688160837.06,贵州茅台,600519.SH
2021-10-13,sh.600519,1929.9,5014261,9625769126.63,贵州茅台,600519.SH
2021-10-14,sh.600519,1911.0,2662255,5097602232.37,贵州茅台,600519.SH
2021-10-15,sh.600519,1916.97,2856078,5452953878.98,贵州茅台,600519.SH
2021-10-18,sh.600519,1800.0,6965202,12651498606.59,贵州茅台,600519.SH
2021-10-19,sh.600519,1812.18,4031456,7330114082.02,贵州茅台,600519.SH
2021-10-20,sh.600519,1841.0,2866339,5246404614.98,贵州茅台,600519.SH
2021-10-21,sh.600519,1844.0,2301870,4238584293.96,贵州茅台,600519.SH
2021-10-22,sh.600519,1901.0,3596260,6794850055.72,贵州茅台,600519.SH
2021-10-25,sh.600519,1873.03,3246133,6076219947.62,贵州茅台,600519.SH
2021-10-26,sh.600519,1861.05,2113026,3934223713.92,贵州茅台,600519.SH
2021-10-27,sh.600519,1819.0,3464729,6302270905.08,贵州茅台,600519.SH
2021-10-28,sh.600519,1825.49,2949093,5383196101.39,贵州茅台,600519.SH
2021-10-29,sh.600519,1826.08,2877586,5266898950.19,贵州茅台,600519.SH
2021-11-01,sh.600519,1803.0,4168998,7486936394.48,贵州茅台,600519.SH
2021-11-02,sh.600519,1804.64,3250024,5875341368.84,贵州茅台,600519.SH
2021-11-03,sh.600519,1765.0,2782931,4958314535.25,贵州茅台,600519.SH
2021-11-04,sh.600519,1804.2,3113043,5592211730.83,贵州茅台,600519.SH
2021-11-05,sh.600519,1819.94,2707723,4956331383.2,贵州茅台,600519.SH
2021-11-08,sh.600519,1820.1,1770572,3220439333.62,贵州茅台,600519.SH
2021-11-09,sh.600519,1790.01,2735192,4915170027.86,贵州茅台,600519.SH
2021-11-10,sh.600519,1753.99,3534877,6204803249.65,贵州茅台,600519.SH
2021-11-11,sh.600519,1769.6,2265187,3987243284.9,贵州茅台,600519.SH
2021-11-12,sh.600519,1773.78,1760663,3124400971.84,贵州茅台,600519.SH
2021-11-15,sh.600519,1761.14,2494735,4410975373.31,贵州茅台,600519.SH
2021-11-16,sh.600519,1808.0,3352624,6033536262.21,贵州茅台,600519.SH
2021-11-17,sh.600519,1795.0,2450546,4411450908.49,贵州茅台,600519.SH
2021-11-18,sh.600519,1792.0,1952089,3485674964.21,贵州茅台,600519.SH
2021-11-19,sh.600519,1828.41,3115559,5699883799.68,贵州茅台,600519.SH
2021-11-22,sh.600519,1854.27,4257268,7994018410.01,贵州茅台,600519.SH
2021-11-23,sh.600519,1896.43,4578220,8676297615.55,贵州茅台,600519.SH
2021-11-24,sh.600519,1941.0,5451235,10555736753.38,贵州茅台,600519.SH
2021-11-25,sh.600519,1956.03,3975288,7803035266.46,贵州茅台,600519.SH
2021-11-26,sh.600519,1941.01,3265557,6337346210.94,贵州茅台,600519.SH
2021-11-29,sh.600519,1985.0,4239934,8372476082.52,贵州茅台,600519.SH
2021-11-30,sh.600519,1930.77,3692487,7192172533.06,贵州茅台,600519.SH
2021-12-01,sh.600519,1932.99,2625440,5071457098.18,贵州茅台,600519.SH
2021-12-02,sh.600519,1934.0,2042182,3939731543.19,贵州茅台,600519.SH
2021-12-03,sh.600519,1971.88,3581839,7045848179.87,贵州茅台,600519.SH
2021-12-06,sh.600519,1967.3,3106388,6122543819.18,贵州茅台,600519.SH
2021-12-07,sh.600519,1955.87,3697989,7286659622.07,贵州茅台,600519.SH
2021-12-08,sh.600519,2043.0,6104807,12285101988.37,贵州茅台,600519.SH
2021-12-09,sh.600519,2086.55,6423918,13404724467.36,贵州茅台,600519.SH
2021-12-10,sh.600519,2090.0,4314822,8944582264.84,贵州茅台,600519.SH
2021-12-13,sh.600519,2118.2,6580656,14139012289.88,贵州茅台,600519.SH
2021-12-14,sh.600519,2150.0,4044941,8673733690.92,贵州茅台,600519.SH
2021-12-15,sh.600519,2135.0,3007827,6444715085.83,贵州茅台,600519.SH
2021-12-16,sh.600519,2118.99,3721136,7865499277.85,贵州茅台,600519.SH
2021-12-17,sh.600519,2050.7,4840318,9988869784.79,贵州茅台,600519.SH
2021-12-20,sh.600519,2058.96,3225769,6654596507.97,贵州茅台,600519.SH
2021-12-21,sh.600519,2038.2,2628589,5354186590.18,贵州茅台,600519.SH
2021-12-22,sh.600519,2048.0,1743079,3570928372.49,贵州茅台,600519.SH
2021-12-23,sh.600519,2120.0,3909854,8126298013.23,贵州茅台,600519.SH
2021-12-24,sh.600519,2194.09,5612959,12295953399.53,贵州茅台,600519.SH
2021-12-27,sh.600519,2131.82,3755590,8020677686.43,贵州茅台,600519.SH
2021-12-28,sh.600519,2138.18,2765070,5901940632.95,贵州茅台,600519.SH
2021-12-29,sh.600519,2041.0,5404902,11195625154.37,贵州茅台,600519.SH
2021-12-30,sh.600519,2075.0,3526136,7272866656.61,贵州茅台,600519.SH
2021-12-31,sh.600519,2050.0,2966491,6061415343.62,贵州茅台,600519.SH
2022-01-04,sh.600519,2051.23,3384262,6913653122.1,贵州茅台,600519.SH
2022-01-05,sh.600519,2024.0,2839551,5774992117.19,贵州茅台,600519.SH
2022-01-06,sh.600519,1982.22,5179475,10226933846.73,贵州茅台,600519.SH
2022-01-07,sh.600519,1942.0,2981669,5831695310.91,贵州茅台,600519.SH
2022-01-10,sh.600519,1966.0,2962670,5792738145.05,贵州茅台,600519.SH
2022-01-11,sh.600519,1940.55,2227664,4332180603.54,贵州茅台,600519.SH
2022-01-12,sh.600519,1967.0,2747410,5384359627.75,贵州茅台,600519.SH
2022-01-13,sh.600519,1877.39,5674735,10781720543.51,贵州茅台,600519.SH
2022-01-14,sh.600519,1867.0,2932164,5506186026.03,贵州茅台,600519.SH
2022-01-17,sh.600519,1861.61,2735382,5074077664.85,贵州茅台,600519.SH
2022-01-18,sh.600519,1892.27,3121577,5906705861.19,贵州茅台,600519.SH
2022-01-19,sh.600519,1912.0,2637094,5026993463.36,贵州茅台,600519.SH
2022-01-20,sh.600519,1969.52,3401391,6665294953.73,贵州茅台,600519.SH
2022-01-21,sh.600519,1984.99,3081258,6091427695.41,贵州茅台,600519.SH
2022-01-24,sh.600519,1950.2,2398580,4685441775.05,贵州茅台,600519.SH
2022-01-25,sh.600519,1943.0,2551012,4971078497.88,贵州茅台,600519.SH
2022-01-26,sh.600519,1955.0,2390513,4655706528.07,贵州茅台,600519.SH
2022-01-27,sh.600519,1965.0,4266516,8450329057.76,贵州茅台,600519.SH
2022-01-28,sh.600519,1887.0,4102011,7889492895.47,贵州茅台,600519.SH
2022-02-07,sh.600519,1867.96,3515042,6601799703.31,贵州茅台,600519.SH
2022-02-08,sh.600519,1839.0,4171306,7585130458.71,贵州茅台,600519.SH
2022-02-09,sh.600519,1895.98,3388479,6346699783.61,贵州茅台,600519.SH
2022-02-10,sh.600519,1873.0,2303183,4315456867.57,贵州茅台,600519.SH
2022-02-11,sh.600519,1849.97,3374649,6296909575.46,贵州茅台,600519.SH
2022-02-14,sh.600519,1868.67,2019587,3762313349.46,贵州茅台,600519.SH
2022-02-15,sh.600519,1890.62,2710586,5131842112.34,贵州茅台,600519.SH
2022-02-16,sh.600519,1892.55,1458685,2769034315.56,贵州茅台,600519.SH
2022-02-17,sh.600519,1886.99,1821366,3450265031.67,贵州茅台,600519.SH
2022-02-18,sh.600519,1907.0,1938549,3670339742.13,贵州茅台,600519.SH
2022-02-21,sh.600519,1876.99,2081573,3920377358.24,贵州茅台,600519.SH
2022-02-22,sh.600519,1807.87,5229881,9473992638.0,贵州茅台,600519.SH
2022-02-23,sh.600519,1827.01,2811161,5118197819.78,贵州茅台,600519.SH
2022-02-24,sh.600519,1764.11,6535925,11578557074.65,贵州茅台,600519.SH
2022-02-25,sh.600519,1799.06,3897913,6999524161.07,贵州茅台,600519.SH
2022-02-28,sh.600519,1790.4,2892303,5158148352.0,贵州茅台,600519.SH
2022-03-01,sh.600519,1858.48,4737930,8721229312.0,贵州茅台,600519.SH
2022-03-02,sh.600519,1844.88,2007448,3690612336.0,贵州茅台,600519.SH
2022-03-03,sh.600519,1800.0,3154693,5703580672.0,贵州茅台,600519.SH
2022-03-04,sh.600519,1780.5,3104703,5509157632.0,贵州茅台,600519.SH
2022-03-07,sh.600519,1707.0,4915581,8487507456.0,贵州茅台,600519.SH
2022-03-08,sh.600519,1753.2,5721546,10087484416.0,贵州茅台,600519.SH
2022-03-09,sh.600519,1779.18,5643442,10018589952.0,贵州茅台,600519.SH
2022-03-10,sh.600519,1794.43,3646178,6587438848.0,贵州茅台,600519.SH
2022-03-11,sh.600519,1769.01,4772677,8335618304.0,贵州茅台,600519.SH
2022-03-14,sh.600519,1700.0,4900661,8416841984.0,贵州茅台,600519.SH
2022-03-15,sh.600519,1603.0,8905587,14567142656.0,贵州茅台,600519.SH
2022-03-16,sh.600519,1674.95,7759281,12753010176.0,贵州茅台,600519.SH
2022-03-17,sh.600519,1720.15,6835196,11843531776.0,贵州茅台,600519.SH
2022-03-18,sh.600519,1707.79,3834868,6564085393.78,贵州茅台,600519.SH
2022-03-21,sh.600519,1704.3,2787716,4763083282.92,贵州茅台,600519.SH
2022-03-22,sh.600519,1695.0,2105404,3578291198.34,贵州茅台,600519.SH
2022-03-23,sh.600519,1752.19,5806739,10096341448.23,贵州茅台,600519.SH
2022-03-24,sh.600519,1720.93,2581532,4457504429.6,贵州茅台,600519.SH
2022-03-25,sh.600519,1690.0,2970866,5054831352.2,贵州茅台,600519.SH
2022-03-28,sh.600519,1660.8,5754164,9392008017.02,贵州茅台,600519.SH
2022-03-29,sh.600519,1667.0,2593498,4343365463.71,贵州茅台,600519.SH
2022-03-30,sh.600519,1730.1,4243343,7276379090.56,贵州茅台,600519.SH
2022-03-31,sh.600519,1719.0,2517386,4338022921.71,贵州茅台,600519.SH
2022-04-01,sh.600519,1780.01,4486191,7936957251.77,贵州茅台,600519.SH
2022-04-06,sh.600519,1765.0,2781977,4910792426.08,贵州茅台,600519.SH
2022-04-07,sh.600519,1765.0,2019571,3568182341.31,贵州茅台,600519.SH
2022-04-08,sh.600519,1784.0,2294132,4081618542.86,贵州茅台,600519.SH
2022-04-11,sh.600519,1720.0,4386359,7568782591.47,贵州茅台,600519.SH
2022-04-12,sh.600519,1782.0,4162956,7284546260.78,贵州茅台,600519.SH
2022-04-13,sh.600519,1769.0,3114766,5534915752.96,贵州茅台,600519.SH
2022-04-14,sh.600519,1809.0,3764986,6834657201.49,贵州茅台,600519.SH
2022-04-15,sh.600519,1805.99,2104113,3800797635.05,贵州茅台,600519.SH
2022-04-18,sh.600519,1790.82,1979315,3525102976.54,贵州茅台,600519.SH
2022-04-19,sh.600519,1790.3,2420476,4359851980.1,贵州茅台,600519.SH
2022-04-20,sh.600519,1797.0,2415572,4342043328.48,贵州茅台,600519.SH
2022-04-21,sh.600519,1779.98,2895261,5160788004.08,贵州茅台,600519.SH
2022-04-22,sh.600519,1773.0,2789975,4955360846.23,贵州茅台,600519.SH
2022-04-25,sh.600519,1708.0,5365802,9352986851.61,贵州茅台,600519.SH
2022-04-26,sh.600519,1732.48,4456396,7692845225.54,贵州茅台,600519.SH
2022-04-27,sh.600519,1794.92,5740244,10289893014.2,贵州茅台,600519.SH
2022-04-28,sh.600519,1835.0,4401006,8038681950.1,贵州茅台,600519.SH
2022-04-29,sh.600519,1828.38,3488527,6384066536.99,贵州茅台,600519.SH
2022-05-05,sh.600519,1837.0,3366094,6235017580.16,贵州茅台,600519.SH
2022-05-06,sh.600519,1793.0,2859618,5138176680.32,贵州茅台,600519.SH
2022-05-09,sh.600519,1752.0,3035182,5324616273.09,贵州茅台,600519.SH
2022-05-10,sh.600519,1766.19,4011919,7018451096.9,贵州茅台,600519.SH
2022-05-11,sh.600519,1768.0,3031267,5372950032.7,贵州茅台,600519.SH
2022-05-12,sh.600519,1762.67,2203823,3888480084.0,贵州茅台,600519.SH
2022-05-13,sh.600519,1778.24,2073052,3690141230.79,贵州茅台,600519.SH
2022-05-16,sh.600519,1758.0,2776531,4881208652.71,贵州茅台,600519.SH
2022-05-17,sh.600519,1768.0,2014474,3557048801.41,贵州茅台,600519.SH
2022-05-18,sh.600519,1761.0,2485044,4362486906.87,贵州茅台,600519.SH
2022-05-19,sh.600519,1756.0,1977626,3459059182.46,贵州茅台,600519.SH
2022-05-20,sh.600519,1800.01,4194960,7493460271.98,贵州茅台,600519.SH
2022-05-23,sh.600519,1781.0,2215713,3950856593.62,贵州茅台,600519.SH
2022-05-24,sh.600519,1760.0,2734222,4824599922.43,贵州茅台,600519.SH
2022-05-25,sh.600519,1755.51,2238869,3929477101.94,贵州茅台,600519.SH
2022-05-26,sh.600519,1742.8,2805344,4888109192.13,贵州茅台,600519.SH
2022-05-27,sh.600519,1755.16,2511958,4436904895.65,贵州茅台,600519.SH
2022-05-30,sh.600519,1778.41,3446569,6135631304.04,贵州茅台,600519.SH
2022-05-31,sh.600519,1804.03,4075082,7329201058.43,贵州茅台,600519.SH
2022-06-01,sh.600519,1788.25,2176001,3897858998.89,贵州茅台,600519.SH
2022-06-02,sh.600519,1786.0,1691473,3019718031.75,贵州茅台,600519.SH
2022-06-06,sh.600519,1788.0,3674126,6535329351.79,贵州茅台,600519.SH
2022-06-07,sh.600519,1817.9,3504859,6356031009.17,贵州茅台,600519.SH
2022-06-08,sh.600519,1865.6,4435381,8236953845.7,贵州茅台,600519.SH
2022-06-09,sh.600519,1853.0,2632902,4897066622.16,贵州茅台,600519.SH
2022-06-10,sh.600519,1900.6,4734462,8882462597.88,贵州茅台,600519.SH
2022-06-13,sh.600519,1856.0,3675518,6847248995.14,贵州茅台,600519.SH
2022-06-14,sh.600519,1871.0,2941623,5467949347.61,贵州茅台,600519.SH
2022-06-15,sh.600519,1875.1,3366362,6354869099.95,贵州茅台,600519.SH
2022-06-16,sh.600519,1877.0,2688670,5087605390.52,贵州茅台,600519.SH
2022-06-17,sh.600519,1951.0,5054161,9749530915.53,贵州茅台,600519.SH
2022-06-20,sh.600519,1942.02,3497478,6802792459.37,贵州茅台,600519.SH
2022-06-21,sh.600519,1945.74,2371702,4617805127.24,贵州茅台,600519.SH
2022-06-22,sh.600519,1936.0,1964665,3813775293.57,贵州茅台,600519.SH
2022-06-23,sh.600519,1957.1,2684352,5239860443.01,贵州茅台,600519.SH
2022-06-24,sh.600519,2009.01,3963465,7921199792.23,贵州茅台,600519.SH
2022-06-27,sh.600519,2010.55,4011517,8124448900.32,贵州茅台,600519.SH
2022-06-28,sh.600519,2036.0,2524571,5112298786.55,贵州茅台,600519.SH
2022-06-29,sh.600519,2030.0,3036012,6142508407.97,贵州茅台,600519.SH
2022-06-30,sh.600519,2045.0,3898243,7984019437.56,贵州茅台,600519.SH
2022-07-01,sh.600519,2029.05,2159645,4385555298.57,贵州茅台,600519.SH
2022-07-04,sh.600519,2018.0,2507589,5042804258.48,贵州茅台,600519.SH
2022-07-05,sh.600519,2033.01,2632940,5345189851.74,贵州茅台,600519.SH
2022-07-06,sh.600519,2002.0,3275166,6566374982.4,贵州茅台,600519.SH
2022-07-07,sh.600519,1990.0,2093177,4179088240.33,贵州茅台,600519.SH
2022-07-08,sh.600519,1999.0,1564389,3134903462.48,贵州茅台,600519.SH
2022-07-11,sh.600519,1963.6,2394921,4709248309.87,贵州茅台,600519.SH
2022-07-12,sh.600519,1948.41,2344686,4562731380.52,贵州茅台,600519.SH
2022-07-13,sh.600519,1958.89,1985377,3893406034.09,贵州茅台,600519.SH
2022-07-14,sh.600519,1953.0,2052724,4014985518.47,贵州茅台,600519.SH
2022-07-15,sh.600519,1949.5,3341623,6588730698.53,贵州茅台,600519.SH
2022-07-18,sh.600519,1951.66,2422072,4701936867.9,贵州茅台,600519.SH
2022-07-19,sh.600519,1943.1,2195603,4250852885.95,贵州茅台,600519.SH
2022-07-20,sh.600519,1950.1,1870461,3659970960.88,贵州茅台,600519.SH
2022-07-21,sh.600519,1939.0,1406137,2735503093.44,贵州茅台,600519.SH
2022-07-22,sh.600519,1947.0,2511357,4894378604.9,贵州茅台,600519.SH
2022-07-25,sh.600519,1944.65,1691244,3285451347.06,贵州茅台,600519.SH
2022-07-26,sh.600519,1950.21,2068510,4041100077.11,贵州茅台,600519.SH
2022-07-27,sh.600519,1919.6,2148987,4149807165.61,贵州茅台,600519.SH
2022-07-28,sh.600519,1898.0,3486986,6669448409.07,贵州茅台,600519.SH
2022-07-29,sh.600519,1898.44,3703236,7028415880.69,贵州茅台,600519.SH
2022-08-01,sh.600519,1890.3,2103741,3988198589.91,贵州茅台,600519.SH
2022-08-02,sh.600519,1879.98,2822088,5284516567.68,贵州茅台,600519.SH
2022-08-03,sh.600519,1885.0,2459842,4642442195.72,贵州茅台,600519.SH
2022-08-04,sh.600519,1916.01,3035714,5797110733.0,贵州茅台,600519.SH
2022-08-05,sh.600519,1923.96,2008584,3857406327.0,贵州茅台,600519.SH
2022-08-08,sh.600519,1911.53,1679901,3220702892.0,贵州茅台,600519.SH
2022-08-09,sh.600519,1910.0,1387461,2651800008.0,贵州茅台,600519.SH
2022-08-10,sh.600519,1876.0,2792662,5259452686.0,贵州茅台,600519.SH
2022-08-11,sh.600519,1906.9,2606149,4940834195.0,贵州茅台,600519.SH
2022-08-12,sh.600519,1928.0,2025983,3882570566.0,贵州茅台,600519.SH
2022-08-15,sh.600519,1919.89,1932314,3717178491.24,贵州茅台,600519.SH
2022-08-16,sh.600519,1917.84,1483584,2854189585.56,贵州茅台,600519.SH
2022-08-17,sh.600519,1918.0,1836063,3508295540.77,贵州茅台,600519.SH
2022-08-18,sh.600519,1895.5,2316777,4384060205.32,贵州茅台,600519.SH
2022-08-19,sh.600519,1895.01,1354417,2572000761.5,贵州茅台,600519.SH
2022-08-22,sh.600519,1893.98,1542667,2925285473.06,贵州茅台,600519.SH
2022-08-23,sh.600519,1870.01,2375636,4452538978.24,贵州茅台,600519.SH
2022-08-24,sh.600519,1854.2,1872761,3486382969.34,贵州茅台,600519.SH
2022-08-25,sh.600519,1885.0,2192534,4107597895.13,贵州茅台,600519.SH
2022-08-26,sh.600519,1898.0,2314195,4397161134.7,贵州茅台,600519.SH
2022-08-29,sh.600519,1878.82,1356962,2555981192.15,贵州茅台,600519.SH
2022-08-30,sh.600519,1870.0,1823539,3400091357.62,贵州茅台,600519.SH
2022-08-31,sh.600519,1924.0,4469151,8518225336.67,贵州茅台,600519.SH
2022-09-01,sh.600519,1880.89,2684508,5088658954.73,贵州茅台,600519.SH
2022-09-02,sh.600519,1875.0,1939132,3635162803.58,贵州茅台,600519.SH
2022-09-05,sh.600519,1835.0,3682187,6764549172.75,贵州茅台,600519.SH
2022-09-06,sh.600519,1845.0,2083004,3832086313.19,贵州茅台,600519.SH
2022-09-07,sh.600519,1818.01,2830616,5151537330.29,贵州茅台,600519.SH
2022-09-08,sh.600519,1815.0,1659057,3026766447.8,贵州茅台,600519.SH
2022-09-09,sh.600519,1844.79,2708986,4991679522.92,贵州茅台,600519.SH
2022-09-13,sh.600519,1879.0,2869309,5387987148.04,贵州茅台,600519.SH
2022-09-14,sh.600519,1869.0,1604157,3002693246.64,贵州茅台,600519.SH
2022-09-15,sh.600519,1880.0,2081021,3917954255.67,贵州茅台,600519.SH
2022-09-16,sh.600519,1859.0,2412127,4501527357.24,贵州茅台,600519.SH
2022-09-19,sh.600519,1871.64,1858351,3479680770.65,贵州茅台,600519.SH
2022-09-20,sh.600519,1878.0,1411630,2645281859.21,贵州茅台,600519.SH
2022-09-21,sh.600519,1848.0,2099454,3904096420.83,贵州茅台,600519.SH
2022-09-22,sh.600519,1820.81,2270429,4147900996.45,贵州茅台,600519.SH
2022-09-23,sh.600519,1834.43,2828769,5191904759.53,贵州茅台,600519.SH
2022-09-26,sh.600519,1863.0,3513492,6566771226.62,贵州茅台,600519.SH
2022-09-27,sh.600519,1888.0,2882019,5422668135.07,贵州茅台,600519.SH
2022-09-28,sh.600519,1883.0,2144597,4042506329.83,贵州茅台,600519.SH
2022-09-29,sh.600519,1880.35,2158966,4075515187.39,贵州茅台,600519.SH
2022-09-30,sh.600519,1872.5,2128908,4000917950.94,贵州茅台,600519.SH
2022-10-10,sh.600519,1786.0,4858413,8865386495.5,贵州茅台,600519.SH
2022-10-11,sh.600519,1779.99,3204719,5712249507.43,贵州茅台,600519.SH
2022-10-12,sh.600519,1760.0,4819500,8372252823.49,贵州茅台,600519.SH
2022-10-13,sh.600519,1699.99,6396927,10919727537.31,贵州茅台,600519.SH
2022-10-14,sh.600519,1737.61,4651970,8045032622.51,贵州茅台,600519.SH
2022-10-17,sh.600519,1718.5,3354951,5740146639.24,贵州茅台,600519.SH
2022-10-18,sh.600519,1705.83,2808277,4800689502.2,贵州茅台,600519.SH
2022-10-19,sh.600519,1648.0,6012093,9997656284.46,贵州茅台,600519.SH
2022-10-20,sh.600519,1643.5,4277807,7020555512.3,贵州茅台,600519.SH
2022-10-21,sh.600519,1624.0,3890740,6317945876.4,贵州茅台,600519.SH
2022-10-24,sh.600519,1501.28,13209804,20217576174.45,贵州茅台,600519.SH
2022-10-25,sh.600519,1479.75,8136156,12136909034.26,贵州茅台,600519.SH
2022-10-26,sh.600519,1464.08,8178083,12120993864.44,贵州茅台,600519.SH
2022-10-27,sh.600519,1401.0,10710590,15258551283.15,贵州茅台,600519.SH
2022-10-28,sh.600519,1360.0,9314275,12823821843.11,贵州茅台,600519.SH
2022-10-31,sh.600519,1350.0,7184665,9758303070.63,贵州茅台,600519.SH
2022-11-01,sh.600519,1462.01,11876648,16859775303.5,贵州茅台,600519.SH
2022-11-02,sh.600519,1471.96,7977715,11717204099.4,贵州茅台,600519.SH
2022-11-03,sh.600519,1439.5,4515970,6509550786.92,贵州茅台,600519.SH
2022-11-04,sh.600519,1516.57,8000795,11996968945.34,贵州茅台,600519.SH
2022-11-07,sh.600519,1507.11,4269835,6414049133.44,贵州茅台,600519.SH
2022-11-08,sh.600519,1484.88,3932491,5842320995.47,贵州茅台,600519.SH
2022-11-09,sh.600519,1459.9,3609016,5276777530.39,贵州茅台,600519.SH
2022-11-10,sh.600519,1475.0,3771967,5518325849.45,贵州茅台,600519.SH
2022-11-11,sh.600519,1528.15,7394715,11252112275.01,贵州茅台,600519.SH
2022-11-14,sh.600519,1533.0,5737015,8858049580.56,贵州茅台,600519.SH
2022-11-15,sh.600519,1588.0,5631760,8858377894.31,贵州茅台,600519.SH
2022-11-16,sh.600519,1585.25,2684776,4250886805.49,贵州茅台,600519.SH
2022-11-17,sh.600519,1567.0,3057988,4793001162.45,贵州茅台,600519.SH
2022-11-18,sh.600519,1567.13,2360871,3703793426.03,贵州茅台,600519.SH
2022-11-21,sh.600519,1519.98,3909600,5917086070.31,贵州茅台,600519.SH
2022-11-22,sh.600519,1539.95,2990062,4582790131.01,贵州茅台,600519.SH
2022-11-23,sh.600519,1549.0,2217746,3428793051.75,贵州茅台,600519.SH
2022-11-24,sh.600519,1519.99,2768738,4241974248.28,贵州茅台,600519.SH
2022-11-25,sh.600519,1522.01,1862104,2833988373.47,贵州茅台,600519.SH
2022-11-28,sh.600519,1509.88,4772321,7040991068.02,贵州茅台,600519.SH
2022-11-29,sh.600519,1599.0,7342013,11587859175.79,贵州茅台,600519.SH
2022-11-30,sh.600519,1599.0,3149730,5019450678.42,贵州茅台,600519.SH
2022-12-01,sh.600519,1630.8,5135768,8480772923.09,贵州茅台,600519.SH
2022-12-02,sh.600519,1633.88,2388390,3910860617.59,贵州茅台,600519.SH
2022-12-05,sh.600519,1664.9,3612746,6018521303.79,贵州茅台,600519.SH
2022-12-06,sh.600519,1688.0,4414748,7477917193.65,贵州茅台,600519.SH
2022-12-07,sh.600519,1684.0,3552626,6012253044.68,贵州茅台,600519.SH
2022-12-08,sh.600519,1687.02,1972956,3323420876.55,贵州茅台,600519.SH
2022-12-09,sh.600519,1730.0,3921526,6716944492.77,贵州茅台,600519.SH
2022-12-12,sh.600519,1739.02,3475517,6063957619.1,贵州茅台,600519.SH
2022-12-13,sh.600519,1750.0,2138546,3735089151.74,贵州茅台,600519.SH
2022-12-14,sh.600519,1770.87,2909840,5141262368.0,贵州茅台,600519.SH
2022-12-15,sh.600519,1786.99,3063444,5497063389.62,贵州茅台,600519.SH
2022-12-16,sh.600519,1786.87,3330266,5901587127.54,贵州茅台,600519.SH
2022-12-19,sh.600519,1773.0,2498710,4447236355.79,贵州茅台,600519.SH
2022-12-20,sh.600519,1715.0,4619840,7944120660.96,贵州茅台,600519.SH
2022-12-21,sh.600519,1739.0,2281614,3948926226.82,贵州茅台,600519.SH
2022-12-22,sh.600519,1768.0,2317534,4093861570.3,贵州茅台,600519.SH
2022-12-23,sh.600519,1771.0,1731921,3063608408.78,贵州茅台,600519.SH
2022-12-26,sh.600519,1742.06,2138380,3749121030.39,贵州茅台,600519.SH
2022-12-27,sh.600519,1733.0,1790505,3109270166.22,贵州茅台,600519.SH
2022-12-28,sh.600519,1733.0,2143790,3699948994.81,贵州茅台,600519.SH
2022-12-29,sh.600519,1719.0,2241780,3844499655.3,贵州茅台,600519.SH
2022-12-30,sh.600519,1727.0,2533312,4409544296.52,贵州茅台,600519.SH
2023-01-03,sh.600519,1730.01,2603380,4487760230.88,贵州茅台,600519.SH
2023-01-04,sh.600519,1725.01,2041575,3523582305.68,贵州茅台,600519.SH
2023-01-05,sh.600519,1801.0,4794285,8541587088.57,贵州茅台,600519.SH
2023-01-06,sh.600519,1803.77,2490375,4480838898.35,贵州茅台,600519.SH
2023-01-09,sh.600519,1841.2,3097723,5684181146.57,贵州茅台,600519.SH
2023-01-10,sh.600519,1854.45,2273173,4204783734.04,贵州茅台,600519.SH
2023-01-11,sh.600519,1844.95,2272031,4201487772.78,贵州茅台,600519.SH
2023-01-12,sh.600519,1834.0,1719317,3162637136.11,贵州茅台,600519.SH
2023-01-13,sh.600519,1887.0,3193965,5969876222.27,贵州茅台,600519.SH
2023-01-16,sh.600519,1912.9,3684826,7059982640.36,贵州茅台,600519.SH
2023-01-17,sh.600519,1908.0,2129923,4068321408.74,贵州茅台,600519.SH
2023-01-18,sh.600519,1893.0,2106293,4008665437.58,贵州茅台,600519.SH
2023-01-19,sh.600519,1880.21,2343889,4401994436.6,贵州茅台,600519.SH
2023-01-20,sh.600519,1860.01,2560875,4807356070.5,贵州茅台,600519.SH
2023-01-30,sh.600519,1888.0,3592255,6799756571.47,贵州茅台,600519.SH
2023-01-31,sh.600519,1845.76,3299068,6128311547.65,贵州茅台,600519.SH
2023-02-01,sh.600519,1844.97,3397389,6244678924.61,贵州茅台,600519.SH
2023-02-02,sh.600519,1836.11,2975886,5465509509.98,贵州茅台,600519.SH
2023-02-03,sh.600519,1818.0,3494490,6324635031.35,贵州茅台,600519.SH
2023-02-06,sh.600519,1795.0,4266095,7595739043.71,贵州茅台,600519.SH
2023-02-07,sh.600519,1797.0,2432171,4373671735.48,贵州茅台,600519.SH
2023-02-08,sh.600519,1784.0,1667577,2980574806.02,贵州茅台,600519.SH
2023-02-09,sh.600519,1818.0,2975366,5401399087.97,贵州茅台,600519.SH
2023-02-10,sh.600519,1810.0,1798451,3253859316.65,贵州茅台,600519.SH
2023-02-13,sh.600519,1856.35,3814670,7058382497.58,贵州茅台,600519.SH
2023-02-14,sh.600519,1843.79,1956576,3601769573.56,贵州茅台,600519.SH
2023-02-15,sh.600519,1841.0,1817691,3351422210.83,贵州茅台,600519.SH
2023-02-16,sh.600519,1861.82,3324595,6196915129.81,贵州茅台,600519.SH
2023-02-17,sh.600519,1820.78,2644283,4880328952.31,贵州茅台,600519.SH
2023-02-20,sh.600519,1875.0,2966869,5488800056.22,贵州茅台,600519.SH
2023-02-21,sh.600519,1867.0,1875052,3491633509.91,贵州茅台,600519.SH
2023-02-22,sh.600519,1836.0,2186916,4031016044.67,贵州茅台,600519.SH
2023-02-23,sh.600519,1818.0,2188097,3983991207.99,贵州茅台,600519.SH
2023-02-24,sh.600519,1788.0,2463461,4415621498.39,贵州茅台,600519.SH
2023-02-27,sh.600519,1810.41,2206489,3978128676.14,贵州茅台,600519.SH
2023-02-28,sh.600519,1813.74,2395181,4314877096.49,贵州茅台,600519.SH
2023-03-01,sh.600519,1838.53,2445810,4475592194.72,贵州茅台,600519.SH
2023-03-02,sh.600519,1828.0,1314419,2405292304.3,贵州茅台,600519.SH
2023-03-03,sh.600519,1818.04,1619806,2946842659.13,贵州茅台,600519.SH
2023-03-06,sh.600519,1807.14,2064586,3730079521.72,贵州茅台,600519.SH
2023-03-07,sh.600519,1788.3,2278539,4101302455.87,贵州茅台,600519.SH
2023-03-08,sh.600519,1770.42,2276370,4035787172.33,贵州茅台,600519.SH
2023-03-09,sh.600519,1770.02,2761150,4881442709.87,贵州茅台,600519.SH
2023-03-10,sh.600519,1750.0,2116082,3725139075.37,贵州茅台,600519.SH
2023-03-13,sh.600519,1762.0,2056043,3626476291.19,贵州茅台,600519.SH
2023-03-14,sh.600519,1766.0,2370492,4177289026.69,贵州茅台,600519.SH
2023-03-15,sh.600519,1750.92,1921253,3392698489.5,贵州茅台,600519.SH
2023-03-16,sh.600519,1751.99,1764624,3096791141.74,贵州茅台,600519.SH
2023-03-17,sh.600519,1742.0,2702291,4744249368.65,贵州茅台,600519.SH
2023-03-20,sh.600519,1729.6,2049093,3557872017.41,贵州茅台,600519.SH
2023-03-21,sh.600519,1775.0,3114182,5491052283.5,贵州茅台,600519.SH
2023-03-22,sh.600519,1773.35,1533026,2727648673.67,贵州茅台,600519.SH
2023-03-23,sh.600519,1774.86,1735566,3082821550.73,贵州茅台,600519.SH
2023-03-24,sh.600519,1778.62,1276996,2269649178.71,贵州茅台,600519.SH
2023-03-27,sh.600519,1767.79,1529555,2700755932.7,贵州茅台,600519.SH
2023-03-28,sh.600519,1781.8,1726135,3073113077.26,贵州茅台,600519.SH
2023-03-29,sh.600519,1790.0,1539299,2761909332.83,贵州茅台,600519.SH
2023-03-30,sh.600519,1800.0,1925701,3453573052.06,贵州茅台,600519.SH
2023-03-31,sh.600519,1820.0,2744633,5024790356.05,贵州茅台,600519.SH
2023-04-03,sh.600519,1802.07,2141743,3875811672.66,贵州茅台,600519.SH
2023-04-04,sh.600519,1814.59,2006626,3614275263.46,贵州茅台,600519.SH
2023-04-06,sh.600519,1796.96,1487422,2676251955.72,贵州茅台,600519.SH
2023-04-07,sh.600519,1790.99,1352468,2428160574.15,贵州茅台,600519.SH
2023-04-10,sh.600519,1771.7,2941822,5171150567.29,贵州茅台,600519.SH
2023-04-11,sh.600519,1745.5,2920919,5138854627.36,贵州茅台,600519.SH
2023-04-12,sh.600519,1694.1,5110492,8732657375.75,贵州茅台,600519.SH
2023-04-13,sh.600519,1723.0,2954268,5049310126.13,贵州茅台,600519.SH
2023-04-14,sh.600519,1713.42,2123162,3646526766.48,贵州茅台,600519.SH
2023-04-17,sh.600519,1753.0,3046723,5303401394.55,贵州茅台,600519.SH
2023-04-18,sh.600519,1758.0,1831389,3220107647.21,贵州茅台,600519.SH
2023-04-19,sh.600519,1759.0,1460056,2568632844.69,贵州茅台,600519.SH
2023-04-20,sh.600519,1741.88,1988537,3468366834.79,贵州茅台,600519.SH
2023-04-21,sh.600519,1725.47,1851787,3210937221.62,贵州茅台,600519.SH
2023-04-24,sh.600519,1705.0,2023091,3456728717.89,贵州茅台,600519.SH
2023-04-25,sh.600519,1730.38,2058251,3534989916.76,贵州茅台,600519.SH
2023-04-26,sh.600519,1743.91,2789160,4861477657.17,贵州茅台,600519.SH
2023-04-27,sh.600519,1757.92,2560504,4489906863.57,贵州茅台,600519.SH
2023-04-28,sh.600519,1760.52,2622464,4636084177.09,贵州茅台,600519.SH
2023-05-04,sh.600519,1749.9,2746642,4818999650.48,贵州茅台,600519.SH
2023-05-05,sh.600519,1750.0,2071421,3621305973.01,贵州茅台,600519.SH
2023-05-08,sh.600519,1720.52,3317126,5742915994.0,贵州茅台,600519.SH
2023-05-09,sh.600519,1722.0,2937796,5057346564.02,贵州茅台,600519.SH
2023-05-10,sh.600519,1725.0,2077260,3588550877.49,贵州茅台,600519.SH
2023-05-11,sh.600519,1717.07,1524612,2623835905.18,贵州茅台,600519.SH
2023-05-12,sh.600519,1706.4,1946045,3335038590.38,贵州茅台,600519.SH
2023-05-15,sh.600519,1716.3,2574018,4384647977.05,贵州茅台,600519.SH
2023-05-16,sh.600519,1703.29,2222377,3785811907.34,贵州茅台,600519.SH
2023-05-17,sh.600519,1701.0,1677691,2858697941.93,贵州茅台,600519.SH
2023-05-18,sh.600519,1691.0,1921928,3260170684.33,贵州茅台,600519.SH
2023-05-19,sh.600519,1699.5,2674116,4504022548.88,贵州茅台,600519.SH
2023-05-22,sh.600519,1746.0,4128432,7165754128.68,贵州茅台,600519.SH
2023-05-23,sh.600519,1724.55,1689421,2934118393.78,贵州茅台,600519.SH
2023-05-24,sh.600519,1710.9,1847927,3182416490.69,贵州茅台,600519.SH
2023-05-25,sh.600519,1701.0,2246560,3814504092.83,贵州茅台,600519.SH
2023-05-26,sh.600519,1690.56,1829110,3090691545.84,贵州茅台,600519.SH
2023-05-29,sh.600519,1689.0,1777141,2998147158.83,贵州茅台,600519.SH
2023-05-30,sh.600519,1668.29,2645340,4424706687.63,贵州茅台,600519.SH
2023-05-31,sh.600519,1628.9,3695697,6053737281.28,贵州茅台,600519.SH
2023-06-01,sh.600519,1635.92,2864525,4708722933.17,贵州茅台,600519.SH
2023-06-02,sh.600519,1670.6,2505802,4163116244.45,贵州茅台,600519.SH
2023-06-05,sh.600519,1665.0,1620050,2704294313.25,贵州茅台,600519.SH
2023-06-06,sh.600519,1666.99,1991392,3326778182.83,贵州茅台,600519.SH
2023-06-07,sh.600519,1650.9,1788964,2971782063.87,贵州茅台,600519.SH
2023-06-08,sh.600519,1668.0,1470272,2441569676.58,贵州茅台,600519.SH
2023-06-09,sh.600519,1666.0,1758041,2938014322.09,贵州茅台,600519.SH
2023-06-12,sh.600519,1696.0,2702944,4562308598.85,贵州茅台,600519.SH
2023-06-13,sh.600519,1699.0,1466254,2485398902.44,贵州茅台,600519.SH
2023-06-14,sh.600519,1726.88,3150580,5438040355.85,贵州茅台,600519.SH
2023-06-15,sh.600519,1755.0,2522257,4395900801.51,贵州茅台,600519.SH
2023-06-16,sh.600519,1797.69,3791789,6742301360.96,贵州茅台,600519.SH
2023-06-19,sh.600519,1744.0,3169992,5584248724.93,贵州茅台,600519.SH
2023-06-20,sh.600519,1743.46,2094674,3659824529.03,贵州茅台,600519.SH
2023-06-21,sh.600519,1735.83,1772061,3088635933.98,贵州茅台,600519.SH
2023-06-26,sh.600519,1709.0,2399268,4098619509.84,贵州茅台,600519.SH
2023-06-27,sh.600519,1711.05,1517446,2598138743.78,贵州茅台,600519.SH
2023-06-28,sh.600519,1728.38,1857356,3199294221.21,贵州茅台,600519.SH
2023-06-29,sh.600519,1713.71,1423116,2446524133.52,贵州茅台,600519.SH
2023-06-30,sh.600519,1691.0,2045869,3472586730.49,贵州茅台,600519.SH
2023-07-03,sh.600519,1724.1,1913909,3286737792.28,贵州茅台,600519.SH
2023-07-04,sh.600519,1730.6,1247238,2155553634.66,贵州茅台,600519.SH
2023-07-05,sh.600519,1715.38,1474539,2523960724.51,贵州茅台,600519.SH
2023-07-06,sh.600519,1702.98,1514062,2589459002.05,贵州茅台,600519.SH
2023-07-07,sh.600519,1690.03,1516742,2571458552.96,贵州茅台,600519.SH
2023-07-10,sh.600519,1700.9,1347741,2298241728.03,贵州茅台,600519.SH
2023-07-11,sh.600519,1710.0,1258270,2151079269.91,贵州茅台,600519.SH
2023-07-12,sh.600519,1713.8,1328467,2280785350.62,贵州茅台,600519.SH
2023-07-13,sh.600519,1738.4,2580654,4479772500.36,贵州茅台,600519.SH
2023-07-14,sh.600519,1753.0,1855030,3245530255.33,贵州茅台,600519.SH
2023-07-17,sh.600519,1729.97,1433648,2482069845.85,贵州茅台,600519.SH
2023-07-18,sh.600519,1722.8,1473765,2544005062.88,贵州茅台,600519.SH
2023-07-19,sh.600519,1723.0,1248322,2147704434.69,贵州茅台,600519.SH
2023-07-20,sh.600519,1724.0,1669265,2897176490.41,贵州茅台,600519.SH
2023-07-21,sh.600519,1771.3,3937740,6931535725.83,贵州茅台,600519.SH
2023-07-24,sh.600519,1771.15,1971337,3476648177.44,贵州茅台,600519.SH
2023-07-25,sh.600519,1828.55,4308646,7837450018.66,贵州茅台,600519.SH
2023-07-26,sh.600519,1828.55,1961145,3580171484.29,贵州茅台,600519.SH
2023-07-27,sh.600519,1838.03,2034043,3749635290.09,贵州茅台,600519.SH
2023-07-28,sh.600519,1897.0,3901792,7330314112.24,贵州茅台,600519.SH
2023-07-31,sh.600519,1880.58,4537861,8615279839.34,贵州茅台,600519.SH
2023-08-01,sh.600519,1889.0,1923062,3635857283.15,贵州茅台,600519.SH
2023-08-02,sh.600519,1880.0,1850872,3478674238.72,贵州茅台,600519.SH
2023-08-03,sh.600519,1878.47,2154347,4031087705.21,贵州茅台,600519.SH
2023-08-04,sh.600519,1893.47,2457364,4655813751.33,贵州茅台,600519.SH
2023-08-07,sh.600519,1887.93,2389245,4491893139.83,贵州茅台,600519.SH
2023-08-08,sh.600519,1890.0,1773618,3333559504.87,贵州茅台,600519.SH
2023-08-09,sh.600519,1890.28,1852346,3506306394.31,贵州茅台,600519.SH
2023-08-10,sh.600519,1875.0,1843619,3454219139.54,贵州茅台,600519.SH
2023-08-11,sh.600519,1834.0,2678649,4959166750.57,贵州茅台,600519.SH
2023-08-14,sh.600519,1803.0,2373119,4285362052.52,贵州茅台,600519.SH
2023-08-15,sh.600519,1812.98,1481799,2682125118.69,贵州茅台,600519.SH
2023-08-16,sh.600519,1820.0,1318431,2396261790.64,贵州茅台,600519.SH
2023-08-17,sh.600519,1828.05,1729037,3141408018.07,贵州茅台,600519.SH
2023-08-18,sh.600519,1802.59,1702334,3084761576.77,贵州茅台,600519.SH
2023-08-21,sh.600519,1791.0,1891181,3405415644.52,贵州茅台,600519.SH
2023-08-22,sh.600519,1788.0,2665036,4763131152.45,贵州茅台,600519.SH
2023-08-23,sh.600519,1774.0,1991222,3556178583.82,贵州茅台,600519.SH
2023-08-24,sh.600519,1816.3,2605509,4703417599.85,贵州茅台,600519.SH
2023-08-25,sh.600519,1824.98,1883086,3433296756.29,贵州茅台,600519.SH
2023-08-28,sh.600519,1834.97,4105213,7633221011.5,贵州茅台,600519.SH
2023-08-29,sh.600519,1851.33,2895028,5371260173.33,贵州茅台,600519.SH
2023-08-30,sh.600519,1856.0,1981181,3672570259.68,贵州茅台,600519.SH
2023-08-31,sh.600519,1847.0,1482022,2738445519.09,贵州茅台,600519.SH
2023-09-01,sh.600519,1851.05,1314519,2438622738.38,贵州茅台,600519.SH
2023-09-04,sh.600519,1866.0,2387100,4453823216.38,贵州茅台,600519.SH
2023-09-05,sh.600519,1858.7,1565874,2915625960.96,贵州茅台,600519.SH
2023-09-06,sh.600519,1861.0,1112143,2067605990.0,贵州茅台,600519.SH
2023-09-07,sh.600519,1838.0,1698157,3128587115.72,贵州茅台,600519.SH
2023-09-08,sh.600519,1818.5,1221178,2224338143.85,贵州茅台,600519.SH
2023-09-11,sh.600519,1822.17,1592600,2902617736.37,贵州茅台,600519.SH
2023-09-12,sh.600519,1819.96,1216801,2214514112.22,贵州茅台,600519.SH
2023-09-13,sh.600519,1819.91,1950143,3540583633.36,贵州茅台,600519.SH
2023-09-14,sh.600519,1818.69,1750459,3180447848.44,贵州茅台,600519.SH
2023-09-15,sh.600519,1781.99,2843146,5105749077.09,贵州茅台,600519.SH
2023-09-18,sh.600519,1829.2,3255892,5905120999.66,贵州茅台,600519.SH
2023-09-19,sh.600519,1826.94,1498950,2727858952.95,贵州茅台,600519.SH
2023-09-20,sh.600519,1824.0,1250178,2281583949.35,贵州茅台,600519.SH
2023-09-21,sh.600519,1798.39,1948919,3521486754.52,贵州茅台,600519.SH
2023-09-22,sh.600519,1849.0,3439046,6287832574.83,贵州茅台,600519.SH
2023-09-25,sh.600519,1832.38,1397913,2565773541.04,贵州茅台,600519.SH
2023-09-26,sh.600519,1816.0,1576196,2870852363.47,贵州茅台,600519.SH
2023-09-27,sh.600519,1814.0,2087994,3791876118.5,贵州茅台,600519.SH
2023-09-28,sh.600519,1798.55,2053784,3704812959.84,贵州茅台,600519.SH
2023-10-09,sh.600519,1777.0,2976268,5279950405.97,贵州茅台,600519.SH
2023-10-10,sh.600519,1770.0,2028392,3615557182.23,贵州茅台,600519.SH
2023-10-11,sh.600519,1778.5,2194486,3896568648.26,贵州茅台,600519.SH
2023-10-12,sh.600519,1786.0,1486507,2657095942.16,贵州茅台,600519.SH
2023-10-13,sh.600519,1751.0,2502788,4387687934.1,贵州茅台,600519.SH
2023-10-16,sh.600519,1729.9,2078965,3603604610.39,贵州茅台,600519.SH
2023-10-17,sh.600519,1726.0,1494523,2577312288.01,贵州茅台,600519.SH
2023-10-18,sh.600519,1728.0,2031750,3511987514.2,贵州茅台,600519.SH
2023-10-19,sh.600519,1630.0,7349237,12146921769.34,贵州茅台,600519.SH
2023-10-20,sh.600519,1645.0,4537601,7421390806.38,贵州茅台,600519.SH
2023-10-23,sh.600519,1643.98,2523423,4138279588.35,贵州茅台,600519.SH
2023-10-24,sh.600519,1642.95,2986146,4894807616.68,贵州茅台,600519.SH
2023-10-25,sh.600519,1677.5,3617898,6075417064.21,贵州茅台,600519.SH
2023-10-26,sh.600519,1672.23,2238635,3741418873.67,贵州茅台,600519.SH
2023-10-27,sh.600519,1676.71,3426239,5754795486.11,贵州茅台,600519.SH
2023-10-30,sh.600519,1681.0,2408642,4050573178.4,贵州茅台,600519.SH
2023-10-31,sh.600519,1684.58,1985877,3335804698.65,贵州茅台,600519.SH
2023-11-01,sh.600519,1780.99,9314308,16747292689.4,贵州茅台,600519.SH
2023-11-02,sh.600519,1779.5,2790764,4982090752.58,贵州茅台,600519.SH
2023-11-03,sh.600519,1811.24,3017600,5433116880.72,贵州茅台,600519.SH
2023-11-06,sh.600519,1812.0,2552392,4624102375.09,贵州茅台,600519.SH
2023-11-07,sh.600519,1791.17,1958159,3511590028.41,贵州茅台,600519.SH
2023-11-08,sh.600519,1798.34,1454567,2610041958.5,贵州茅台,600519.SH
2023-11-09,sh.600519,1794.11,1280048,2291996819.28,贵州茅台,600519.SH
2023-11-10,sh.600519,1775.84,1646557,2928380667.66,贵州茅台,600519.SH
2023-11-13,sh.600519,1764.0,1836995,3244573620.57,贵州茅台,600519.SH
2023-11-14,sh.600519,1765.27,1281675,2263963956.58,贵州茅台,600519.SH
2023-11-15,sh.600519,1772.93,1843486,3271230274.52,贵州茅台,600519.SH
2023-11-16,sh.600519,1760.05,1255757,2215937272.64,贵州茅台,600519.SH
2023-11-17,sh.600519,1753.42,2171363,3793781119.24,贵州茅台,600519.SH
2023-11-20,sh.600519,1762.5,1860804,3265514009.96,贵州茅台,600519.SH
2023-11-21,sh.600519,1790.0,3009845,5383107809.55,贵州茅台,600519.SH
2023-11-22,sh.600519,1781.51,1266457,2263460167.15,贵州茅台,600519.SH
2023-11-23,sh.600519,1786.0,1154964,2055272192.8,贵州茅台,600519.SH
2023-11-24,sh.600519,1777.0,1308540,2329345658.1,贵州茅台,600519.SH
2023-11-27,sh.600519,1763.0,1626074,2865075216.81,贵州茅台,600519.SH
2023-11-28,sh.600519,1769.04,1451976,2562905659.33,贵州茅台,600519.SH
2023-11-29,sh.600519,1774.71,1714933,3034175613.94,贵州茅台,600519.SH
2023-11-30,sh.600519,1791.5,2135342,3817513544.95,贵州茅台,600519.SH
2023-12-01,sh.600519,1760.28,3305131,5830850111.12,贵州茅台,600519.SH
2023-12-04,sh.600519,1750.71,1844047,3233102118.37,贵州茅台,600519.SH
2023-12-05,sh.600519,1709.0,2990301,5168983316.9,贵州茅台,600519.SH
2023-12-06,sh.600519,1703.0,2385129,4078003021.8,贵州茅台,600519.SH
2023-12-07,sh.600519,1700.0,2504150,4249170905.94,贵州茅台,600519.SH
2023-12-08,sh.600519,1704.92,2628801,4474160126.29,贵州茅台,600519.SH
2023-12-11,sh.600519,1698.0,3683098,6172810248.13,贵州茅台,600519.SH
2023-12-12,sh.600519,1709.99,2101066,3564305866.14,贵州茅台,600519.SH
2023-12-13,sh.600519,1660.0,3878870,6480807499.57,贵州茅台,600519.SH
2023-12-14,sh.600519,1635.9,4067215,6703240106.62,贵州茅台,600519.SH
2023-12-15,sh.600519,1645.0,3709251,6140791726.45,贵州茅台,600519.SH
2023-12-18,sh.600519,1662.0,1989734,3292194756.9,贵州茅台,600519.SH
2023-12-19,sh.600519,1675.0,2220676,3706057587.17,贵州茅台,600519.SH
2023-12-20,sh.600519,1649.79,2309203,3816133219.46,贵州茅台,600519.SH
2023-12-21,sh.600519,1670.0,2901168,4827827888.44,贵州茅台,600519.SH
2023-12-22,sh.600519,1670.65,2166684,3613238325.14,贵州茅台,600519.SH
2023-12-25,sh.600519,1672.0,1247106,2086014389.78,贵州茅台,600519.SH
2023-12-26,sh.600519,1670.0,1477126,2457177339.1,贵州茅台,600519.SH
2023-12-27,sh.600519,1667.06,1605550,2679221364.52,贵州茅台,600519.SH
2023-12-28,sh.600519,1724.99,3833806,6537401379.77,贵州茅台,600519.SH
2023-12-29,sh.600519,1726.0,2753868,4768857531.46,贵州茅台,600519.SH
2024-01-02,sh.600519,1685.01,3215644,5440082548.08,贵州茅台,600519.SH
2024-01-03,sh.600519,1694.0,2022929,3411400667.33,贵州茅台,600519.SH
2024-01-04,sh.600519,1669.0,2155107,3603970147.13,贵州茅台,600519.SH
2024-01-05,sh.600519,1663.36,2024286,3373155626.7,贵州茅台,600519.SH
2024-01-08,sh.600519,1643.99,2558620,4211918629.14,贵州茅台,600519.SH
2024-01-09,sh.600519,1641.0,2441204,4009826495.98,贵州茅台,600519.SH
2024-01-10,sh.600519,1641.5,1735067,2856120717.95,贵州茅台,600519.SH
2024-01-11,sh.600519,1646.57,1644055,2708764500.37,贵州茅台,600519.SH
2024-01-12,sh.600519,1643.06,1160324,1908084612.39,贵州茅台,600519.SH
2024-01-15,sh.600519,1640.0,1785403,2931202342.59,贵州茅台,600519.SH
2024-01-16,sh.600519,1639.43,2590314,4236042959.79,贵州茅台,600519.SH
2024-01-17,sh.600519,1577.0,5163276,8251735591.39,贵州茅台,600519.SH
2024-01-18,sh.600519,1610.87,6043981,9566349513.74,贵州茅台,600519.SH
2024-01-19,sh.600519,1635.0,4637843,7550144389.15,贵州茅台,600519.SH
2024-01-22,sh.600519,1642.0,4694589,7678297835.81,贵州茅台,600519.SH
2024-01-23,sh.600519,1619.0,3483490,5659457114.74,贵州茅台,600519.SH
2024-01-24,sh.600519,1626.0,3321635,5373603703.01,贵州茅台,600519.SH
2024-01-25,sh.600519,1638.0,3120580,5094508164.92,贵州茅台,600519.SH
2024-01-26,sh.600519,1637.32,2695475,4402111882.29,贵州茅台,600519.SH
2024-01-29,sh.600519,1650.0,3142068,5189014946.07,贵州茅台,600519.SH
2024-01-30,sh.600519,1613.0,3086633,5010784454.24,贵州茅台,600519.SH
2024-01-31,sh.600519,1604.91,2964912,4770104890.59,贵州茅台,600519.SH
2024-02-01,sh.600519,1610.03,2648515,4272298575.76,贵州茅台,600519.SH
2024-02-02,sh.600519,1596.0,3938202,6336691193.66,贵州茅台,600519.SH
2024-02-05,sh.600519,1630.01,5313036,8590683070.98,贵州茅台,600519.SH
2024-02-06,sh.600519,1676.0,5247204,8740646588.38,贵州茅台,600519.SH
2024-02-07,sh.600519,1710.99,5260107,8899606866.71,贵州茅台,600519.SH
2024-02-08,sh.600519,1706.0,4675654,7953438044.01,贵州茅台,600519.SH
2024-02-19,sh.600519,1695.43,3697744,6288277979.62,贵州茅台,600519.SH
2024-02-20,sh.600519,1670.0,3447007,5755266893.46,贵州茅台,600519.SH
2024-02-21,sh.600519,1717.66,4615407,7868784081.7,贵州茅台,600519.SH
2024-02-22,sh.600519,1718.38,2279361,3905984694.84,贵州茅台,600519.SH
2024-02-23,sh.600519,1714.09,2730589,4670706949.89,贵州茅台,600519.SH
2024-02-26,sh.600519,1694.98,2731832,4625594409.39,贵州茅台,600519.SH
2024-02-27,sh.600519,1689.5,2207985,3718478357.63,贵州茅台,600519.SH
2024-02-28,sh.600519,1681.55,3186731,5371312846.96,贵州茅台,600519.SH
2024-02-29,sh.600519,1695.0,2475833,4184917973.12,贵州茅台,600519.SH
2024-03-01,sh.600519,1685.06,2686796,4526845398.15,贵州茅台,600519.SH
2024-03-04,sh.600519,1676.3,2648477,4434401015.25,贵州茅台,600519.SH
2024-03-05,sh.600519,1695.1,3623837,6102136582.12,贵州茅台,600519.SH
2024-03-06,sh.600519,1680.55,2214248,3725582802.23,贵州茅台,600519.SH
2024-03-07,sh.600519,1683.63,2159912,3633934773.86,贵州茅台,600519.SH
2024-03-08,sh.600519,1671.43,2215623,3710678521.73,贵州茅台,600519.SH
2024-03-11,sh.600519,1694.49,2989509,5048394347.37,贵州茅台,600519.SH
2024-03-12,sh.600519,1745.0,5422654,9393309052.2,贵州茅台,600519.SH
2024-03-13,sh.600519,1727.45,2649954,4588879420.47,贵州茅台,600519.SH
2024-03-14,sh.600519,1716.63,1940479,3338768307.9,贵州茅台,600519.SH
2024-03-15,sh.600519,1717.49,1783358,3066692399.05,贵州茅台,600519.SH
2024-03-18,sh.600519,1708.26,2605501,4446059129.61,贵州茅台,600519.SH
2024-03-19,sh.600519,1708.02,2394753,4093701260.68,贵州茅台,600519.SH
2024-03-20,sh.600519,1709.6,1524925,2604543856.37,贵州茅台,600519.SH
2024-03-21,sh.600519,1709.0,1659597,2839332631.35,贵州茅台,600519.SH
2024-03-22,sh.600519,1701.35,2545614,4318592818.22,贵州茅台,600519.SH
2024-03-25,sh.600519,1689.01,2447285,4131446236.95,贵州茅台,600519.SH
2024-03-26,sh.600519,1709.29,2806907,4782899074.34,贵州茅台,600519.SH
2024-03-27,sh.600519,1701.0,1811258,3087792980.39,贵州茅台,600519.SH
2024-03-28,sh.600519,1701.64,2464218,4201857059.18,贵州茅台,600519.SH
2024-03-29,sh.600519,1702.9,1345655,2290584417.12,贵州茅台,600519.SH
2024-04-01,sh.600519,1721.33,2713137,4679371034.95,贵州茅台,600519.SH
2024-04-02,sh.600519,1713.99,2544925,4360973684.11,贵州茅台,600519.SH
2024-04-03,sh.600519,1715.11,2904580,5002390041.83,贵州茅台,600519.SH
2024-04-08,sh.600519,1666.66,5916659,9907355766.28,贵州茅台,600519.SH
2024-04-09,sh.600519,1662.22,2558982,4256226332.6,贵州茅台,600519.SH
2024-04-10,sh.600519,1647.98,2763050,4562853879.72,贵州茅台,600519.SH
2024-04-11,sh.600519,1648.0,2276624,3736417594.65,贵州茅台,600519.SH
2024-04-12,sh.600519,1634.03,2674433,4403968129.45,贵州茅台,600519.SH
2024-04-15,sh.600519,1672.98,3581771,5960815531.8,贵州茅台,600519.SH
2024-04-16,sh.600519,1670.0,2626623,4382796962.26,贵州茅台,600519.SH
2024-04-17,sh.600519,1667.0,2481911,4130322017.81,贵州茅台,600519.SH
2024-04-18,sh.600519,1670.78,2656841,4445487745.15,贵州茅台,600519.SH
2024-04-19,sh.600519,1646.64,2349992,3879233241.82,贵州茅台,600519.SH
2024-04-22,sh.600519,1675.06,2995139,5001684634.65,贵州茅台,600519.SH
2024-04-23,sh.600519,1692.28,2497995,4217855278.96,贵州茅台,600519.SH
2024-04-24,sh.600519,1693.6,1708643,2893555635.0,贵州茅台,600519.SH
2024-04-25,sh.600519,1693.04,1447648,2447183878.84,贵州茅台,600519.SH
2024-04-26,sh.600519,1709.43,3099592,5290248521.35,贵州茅台,600519.SH
2024-04-29,sh.600519,1704.0,4133223,7072096590.12,贵州茅台,600519.SH
2024-04-30,sh.600519,1705.0,3075989,5273902374.34,贵州茅台,600519.SH
2024-05-06,sh.600519,1760.2,5990949,10504351711.51,贵州茅台,600519.SH
2024-05-07,sh.600519,1770.0,2492452,4413196426.02,贵州茅台,600519.SH
2024-05-08,sh.600519,1763.97,1476909,2603293863.23,贵州茅台,600519.SH
2024-05-09,sh.600519,1756.0,2238734,3929804849.36,贵州茅台,600519.SH
2024-05-10,sh.600519,1738.98,2620661,4571398242.25,贵州茅台,600519.SH
2024-05-13,sh.600519,1706.0,3766212,6435415673.6,贵州茅台,600519.SH
2024-05-14,sh.600519,1701.98,2127417,3623282672.07,贵州茅台,600519.SH
2024-05-15,sh.600519,1700.0,1573876,2677203002.27,贵州茅台,600519.SH
2024-05-16,sh.600519,1704.5,2967954,5048754768.56,贵州茅台,600519.SH
2024-05-17,sh.600519,1715.0,2892388,4936920634.17,贵州茅台,600519.SH
2024-05-20,sh.600519,1709.0,3142572,5401389334.87,贵州茅台,600519.SH
2024-05-21,sh.600519,1705.0,1629339,2776847499.0,贵州茅台,600519.SH
2024-05-22,sh.600519,1697.71,2028568,3443977766.96,贵州茅台,600519.SH
2024-05-23,sh.600519,1692.01,1888497,3199923320.08,贵州茅台,600519.SH
2024-05-24,sh.600519,1677.08,2021663,3401323914.95,贵州茅台,600519.SH
2024-05-27,sh.600519,1670.12,2509791,4199001866.34,贵州茅台,600519.SH
2024-05-28,sh.600519,1664.64,2352087,3923020375.14,贵州茅台,600519.SH
2024-05-29,sh.600519,1674.0,1965128,3289173344.7,贵州茅台,600519.SH
2024-05-30,sh.600519,1649.0,3220792,5333306808.36,贵州茅台,600519.SH
2024-05-31,sh.600519,1648.45,2185665,3617654788.02,贵州茅台,600519.SH
2024-06-03,sh.600519,1639.39,3026105,4966041477.44,贵州茅台,600519.SH
2024-06-04,sh.600519,1653.2,2084108,3432497302.98,贵州茅台,600519.SH
2024-06-05,sh.600519,1644.0,1905557,3140824328.04,贵州茅台,600519.SH
2024-06-06,sh.600519,1639.81,2561005,4205700983.23,贵州茅台,600519.SH
2024-06-07,sh.600519,1619.18,3352455,5453120695.46,贵州茅台,600519.SH
2024-06-11,sh.600519,1569.0,7024676,11090577610.06,贵州茅台,600519.SH
2024-06-12,sh.600519,1571.68,3317050,5230086503.44,贵州茅台,600519.SH
2024-06-13,sh.600519,1555.01,3618597,5654938942.06,贵州茅台,600519.SH
2024-06-14,sh.600519,1555.0,5951416,9177637168.06,贵州茅台,600519.SH
2024-06-17,sh.600519,1541.5,4831816,7400883242.87,贵州茅台,600519.SH
2024-06-18,sh.600519,1521.5,4125825,6317590942.71,贵州茅台,600519.SH
2024-06-19,sh.600519,1501.0,4126153,6167728415.75,贵州茅台,600519.SH
2024-06-20,sh.600519,1500.1,2471068,3715924984.07,贵州茅台,600519.SH
2024-06-21,sh.600519,1471.0,4331997,6418543742.21,贵州茅台,600519.SH
2024-06-24,sh.600519,1476.55,6383993,9319362390.13,贵州茅台,600519.SH
2024-06-25,sh.600519,1486.65,4209795,6273919386.3,贵州茅台,600519.SH
2024-06-26,sh.600519,1489.22,2956977,4414601922.25,贵州茅台,600519.SH
2024-06-27,sh.600519,1490.49,3282178,4857959457.24,贵州茅台,600519.SH
2024-06-28,sh.600519,1467.39,3858202,5699649046.86,贵州茅台,600519.SH
2024-07-01,sh.600519,1440.38,3216138,4636689118.2,贵州茅台,600519.SH
2024-07-02,sh.600519,1490.7,5185298,7659166816.23,贵州茅台,600519.SH
2024-07-03,sh.600519,1500.0,3157326,4740808130.08,贵州茅台,600519.SH
2024-07-04,sh.600519,1485.74,2437973,3637968895.24,贵州茅台,600519.SH
2024-07-05,sh.600519,1453.0,3882938,5664477336.47,贵州茅台,600519.SH
2024-07-08,sh.600519,1420.0,3952705,5657951348.41,贵州茅台,600519.SH
2024-07-09,sh.600519,1438.03,3362071,4807957927.36,贵州茅台,600519.SH
2024-07-10,sh.600519,1437.59,2376322,3436693365.45,贵州茅台,600519.SH
2024-07-11,sh.600519,1462.09,2902014,4236960596.17,贵州茅台,600519.SH
2024-07-12,sh.600519,1478.82,2338634,3451132647.99,贵州茅台,600519.SH
2024-07-15,sh.600519,1474.9,1917626,2835374730.12,贵州茅台,600519.SH
2024-07-16,sh.600519,1476.0,2031644,2998367128.33,贵州茅台,600519.SH
2024-07-17,sh.600519,1501.4,3431101,5115680654.19,贵州茅台,600519.SH
2024-07-18,sh.600519,1497.51,2887039,4337214600.94,贵州茅台,600519.SH
2024-07-19,sh.600519,1525.62,3894291,5888615144.79,贵州茅台,600519.SH
2024-07-22,sh.600519,1499.0,2854321,4300813309.97,贵州茅台,600519.SH
2024-07-23,sh.600519,1455.0,3094396,4555460197.63,贵州茅台,600519.SH
2024-07-24,sh.600519,1440.02,2412255,3490200972.8,贵州茅台,600519.SH
2024-07-25,sh.600519,1430.49,2834656,4054086714.05,贵州茅台,600519.SH
2024-07-26,sh.600519,1422.19,3235379,4594928574.1,贵州茅台,600519.SH
2024-07-29,sh.600519,1398.02,3086907,4342610099.97,贵州茅台,600519.SH
2024-07-30,sh.600519,1379.99,5177904,7103491565.79,贵州茅台,600519.SH
2024-07-31,sh.600519,1421.28,4327232,6098149721.25,贵州茅台,600519.SH
2024-08-01,sh.600519,1386.16,3203810,4470988088.03,贵州茅台,600519.SH
2024-08-02,sh.600519,1385.45,2192769,3041726371.64,贵州茅台,600519.SH
2024-08-05,sh.600519,1410.01,3773607,5327127146.61,贵州茅台,600519.SH
2024-08-06,sh.600519,1404.7,2744433,3860735014.17,贵州茅台,600519.SH
2024-08-07,sh.600519,1415.5,2062221,2910580747.04,贵州茅台,600519.SH
2024-08-08,sh.600519,1430.69,2513082,3592705429.82,贵州茅台,600519.SH
2024-08-09,sh.600519,1436.8,3013849,4368705515.28,贵州茅台,600519.SH
2024-08-12,sh.600519,1436.1,1363203,1956573437.91,贵州茅台,600519.SH
2024-08-13,sh.600519,1423.01,1630843,2317037755.64,贵州茅台,600519.SH
2024-08-14,sh.600519,1413.3,1341431,1898377426.46,贵州茅台,600519.SH
2024-08-15,sh.600519,1426.89,2303897,3275699572.4,贵州茅台,600519.SH
2024-08-16,sh.600519,1431.2,1645470,2349825846.1,贵州茅台,600519.SH
2024-08-19,sh.600519,1425.44,2043279,2942106435.2,贵州茅台,600519.SH
2024-08-20,sh.600519,1422.72,1859138,2644814343.58,贵州茅台,600519.SH
2024-08-21,sh.600519,1417.58,1509165,2144746551.03,贵州茅台,600519.SH
2024-08-22,sh.600519,1410.05,1952729,2750868072.63,贵州茅台,600519.SH
2024-08-23,sh.600519,1414.99,1532046,2166499201.67,贵州茅台,600519.SH
2024-08-26,sh.600519,1412.0,1562841,2207595460.92,贵州茅台,600519.SH
2024-08-27,sh.600519,1404.07,1365740,1920770569.55,贵州茅台,600519.SH
2024-08-28,sh.600519,1389.0,3166351,4388025874.57,贵州茅台,600519.SH
2024-08-29,sh.600519,1413.3,2747161,3864270620.62,贵州茅台,600519.SH
2024-08-30,sh.600519,1443.19,3873923,5576118648.81,贵州茅台,600519.SH
2024-09-02,sh.600519,1395.0,3413459,4801049927.2,贵州茅台,600519.SH
2024-09-03,sh.600519,1410.0,1788760,2516125842.32,贵州茅台,600519.SH
2024-09-04,sh.600519,1400.0,1421109,1995221417.23,贵州茅台,600519.SH
2024-09-05,sh.600519,1404.88,1450295,2033680838.85,贵州茅台,600519.SH
2024-09-06,sh.600519,1398.0,1032104,1445537257.09,贵州茅台,600519.SH
2024-09-09,sh.600519,1375.0,2863755,3950086824.52,贵州茅台,600519.SH
2024-09-10,sh.600519,1378.0,1980284,2737295643.84,贵州茅台,600519.SH
2024-09-11,sh.600519,1380.0,2099577,2892932793.68,贵州茅台,600519.SH
2024-09-12,sh.600519,1335.06,4794831,6482445000.4,贵州茅台,600519.SH
2024-09-13,sh.600519,1304.13,5600511,7329376916.85,贵州茅台,600519.SH
2024-09-18,sh.600519,1266.9,4618531,5895948010.82,贵州茅台,600519.SH
2024-09-19,sh.600519,1261.0,5998821,7623739997.16,贵州茅台,600519.SH
2024-09-20,sh.600519,1263.92,3998184,5038507834.94,贵州茅台,600519.SH
2024-09-23,sh.600519,1261.54,4554969,5809791682.27,贵州茅台,600519.SH
2024-09-24,sh.600519,1372.6,10041281,13297277523.01,贵州茅台,600519.SH
2024-09-25,sh.600519,1399.0,7395380,10420109654.75,贵州茅台,600519.SH
2024-09-26,sh.600519,1529.0,9727806,14269262657.31,贵州茅台,600519.SH
2024-09-27,sh.600519,1629.2,8792167,14050260568.94,贵州茅台,600519.SH
2024-09-30,sh.600519,1748.0,15729341,26982747037.24,贵州茅台,600519.SH
2024-10-08,sh.600519,1723.0,19470947,35114075007.04,贵州茅台,600519.SH
2024-10-09,sh.600519,1595.15,12019684,19708432734.0,贵州茅台,600519.SH
2024-10-10,sh.600519,1640.0,7460342,12198964035.35,贵州茅台,600519.SH
2024-10-11,sh.600519,1604.99,4191471,6764982707.43,贵州茅台,600519.SH
2024-10-14,sh.600519,1601.99,4481202,7181350821.99,贵州茅台,600519.SH
2024-10-15,sh.600519,1554.25,4357143,6884141868.65,贵州茅台,600519.SH
2024-10-16,sh.600519,1522.5,4666440,7140169692.29,贵州茅台,600519.SH
2024-10-17,sh.600519,1494.6,3945955,5964778957.87,贵州茅台,600519.SH
2024-10-18,sh.600519,1541.0,6861930,10418043491.5,贵州茅台,600519.SH
2024-10-21,sh.600519,1528.8,4200790,6433918335.41,贵州茅台,600519.SH
2024-10-22,sh.600519,1543.0,3626913,5607826491.64,贵州茅台,600519.SH
2024-10-23,sh.600519,1567.5,4008846,6259600035.07,贵州茅台,600519.SH
2024-10-24,sh.600519,1552.2,2392280,3723973209.08,贵州茅台,600519.SH
2024-10-25,sh.600519,1558.85,2774508,4328271350.73,贵州茅台,600519.SH
2024-10-28,sh.600519,1565.0,3912140,6064453667.74,贵州茅台,600519.SH
2024-10-29,sh.600519,1531.62,4116578,6368105233.47,贵州茅台,600519.SH
2024-10-30,sh.600519,1532.0,3200574,4913175982.5,贵州茅台,600519.SH
2024-10-31,sh.600519,1527.79,2995735,4575545180.01,贵州茅台,600519.SH
2024-11-01,sh.600519,1533.75,3228392,4954302212.43,贵州茅台,600519.SH
2024-11-04,sh.600519,1548.2,2909292,4481761763.89,贵州茅台,600519.SH
2024-11-05,sh.600519,1576.99,4564047,7134443463.85,贵州茅台,600519.SH
2024-11-06,sh.600519,1571.0,3763143,5916917616.45,贵州茅台,600519.SH
2024-11-07,sh.600519,1649.14,7473872,12074951756.99,贵州茅台,600519.SH
2024-11-08,sh.600519,1609.97,6077120,9885645907.13,贵州茅台,600519.SH
2024-11-11,sh.600519,1598.01,4385365,6957095385.27,贵州茅台,600519.SH
2024-11-12,sh.600519,1577.2,4922266,7844798676.34,贵州茅台,600519.SH
2024-11-13,sh.600519,1578.5,2912526,4594445032.46,贵州茅台,600519.SH
2024-11-14,sh.600519,1573.8,2924814,4617144097.2,贵州茅台,600519.SH
2024-11-15,sh.600519,1559.0,3376112,5295326891.85,贵州茅台,600519.SH
2024-11-18,sh.600519,1559.0,2709219,4237197498.8,贵州茅台,600519.SH
2024-11-19,sh.600519,1541.92,3326643,5138831154.7,贵州茅台,600519.SH
2024-11-20,sh.600519,1544.81,2134455,3292675256.92,贵州茅台,600519.SH
2024-11-21,sh.600519,1545.13,1826179,2810933514.72,贵州茅台,600519.SH
2024-11-22,sh.600519,1507.82,3343611,5107288992.25,贵州茅台,600519.SH
2024-11-25,sh.600519,1498.57,3318556,5011136233.94,贵州茅台,600519.SH
2024-11-26,sh.600519,1509.0,2574479,3876885983.6,贵州茅台,600519.SH
2024-11-27,sh.600519,1519.05,2593417,3927607771.64,贵州茅台,600519.SH
2024-11-28,sh.600519,1518.0,2395203,3627662381.97,贵州茅台,600519.SH
2024-11-29,sh.600519,1525.74,3608810,5534035503.38,贵州茅台,600519.SH
2024-12-02,sh.600519,1525.0,2681954,4086609951.57,贵州茅台,600519.SH
2024-12-03,sh.600519,1526.74,2480662,3777197199.46,贵州茅台,600519.SH
2024-12-04,sh.600519,1520.0,2392389,3626565543.56,贵州茅台,600519.SH
2024-12-05,sh.600519,1511.0,1614147,2441318386.64,贵州茅台,600519.SH
2024-12-06,sh.600519,1521.01,3203969,4883148600.25,贵州茅台,600519.SH
2024-12-09,sh.600519,1518.8,1979986,3008173585.89,贵州茅台,600519.SH
2024-12-10,sh.600519,1546.59,6031210,9421340719.37,贵州茅台,600519.SH
2024-12-11,sh.600519,1535.6,2967112,4569662604.07,贵州茅台,600519.SH
2024-12-12,sh.600519,1565.8,4193652,6510547810.41,贵州茅台,600519.SH
2024-12-13,sh.600519,1519.0,4951197,7580908314.92,贵州茅台,600519.SH
2024-12-16,sh.600519,1527.2,3253710,4945298799.42,贵州茅台,600519.SH
2024-12-17,sh.600519,1558.0,5417163,8398945449.11,贵州茅台,600519.SH
2024-12-18,sh.600519,1571.5,4116226,6440801970.64,贵州茅台,600519.SH
2024-12-19,sh.600519,1551.01,2480932,3862602664.96,贵州茅台,600519.SH
2024-12-20,sh.600519,1522.0,2815774,4307425534.89,贵州茅台,600519.SH
2024-12-23,sh.600519,1526.45,2160269,3300971423.71,贵州茅台,600519.SH
2024-12-24,sh.600519,1538.82,2210492,3394160299.01,贵州茅台,600519.SH
2024-12-25,sh.600519,1530.0,1712339,2621061878.27,贵州茅台,600519.SH
2024-12-26,sh.600519,1527.79,1828651,2798840002.83,贵州茅台,600519.SH
2024-12-27,sh.600519,1528.97,2075932,3170191444.57,贵州茅台,600519.SH
2024-12-30,sh.600519,1525.0,2512982,3849542646.36,贵州茅台,600519.SH
2024-12-31,sh.600519,1524.0,3935445,6033540366.22,贵州茅台,600519.SH
2015-01-05,sz.000568,21.9,59304755,1261231264.0,泸州老窖,000568.SZ
2015-01-06,sz.000568,21.58,40116720,863250432.0,泸州老窖,000568.SZ
2015-01-07,sz.000568,21.59,30594583,666507184.0,泸州老窖,000568.SZ
2015-01-08,sz.000568,21.64,30290587,655702896.0,泸州老窖,000568.SZ
2015-01-09,sz.000568,21.42,33466599,731845216.0,泸州老窖,000568.SZ
2015-01-12,sz.000568,19.37,84723542,1652420704.0,泸州老窖,000568.SZ
2015-01-13,sz.000568,19.1,38861707,745822176.0,泸州老窖,000568.SZ
2015-01-14,sz.000568,19.24,20610186,397070624.0,泸州老窖,000568.SZ
2015-01-15,sz.000568,19.34,20932901,400332832.0,泸州老窖,000568.SZ
2015-01-16,sz.000568,19.45,24540024,476024816.0,泸州老窖,000568.SZ
2015-01-19,sz.000568,18.32,32386490,608128672.0,泸州老窖,000568.SZ
2015-01-20,sz.000568,18.66,19520169,363648368.0,泸州老窖,000568.SZ
2015-01-21,sz.000568,19.14,21665412,410543904.0,泸州老窖,000568.SZ
2015-01-22,sz.000568,19.26,20697482,397433072.0,泸州老窖,000568.SZ
2015-01-23,sz.000568,19.22,19027334,366942816.0,泸州老窖,000568.SZ
2015-01-26,sz.000568,19.53,19794359,384557392.0,泸州老窖,000568.SZ
2015-01-27,sz.000568,19.59,23841654,467251184.0,泸州老窖,000568.SZ
2015-01-28,sz.000568,19.25,17008643,329732064.0,泸州老窖,000568.SZ
2015-01-29,sz.000568,19.15,12421826,237384621.0,泸州老窖,000568.SZ
2015-01-30,sz.000568,19.12,14177179,273052400.0,泸州老窖,000568.SZ
2015-02-02,sz.000568,18.71,17112151,320954192.0,泸州老窖,000568.SZ
2015-02-03,sz.000568,18.94,13509985,254339220.0,泸州老窖,000568.SZ
2015-02-04,sz.000568,18.91,12431392,236509004.0,泸州老窖,000568.SZ
2015-02-05,sz.000568,18.8,19343499,368005360.0,泸州老窖,000568.SZ
2015-02-06,sz.000568,18.21,14811880,272999472.0,泸州老窖,000568.SZ
2015-02-09,sz.000568,18.53,10885099,201090912.0,泸州老窖,000568.SZ
2015-02-10,sz.000568,19.66,47127822,929346608.0,泸州老窖,000568.SZ
2015-02-11,sz.000568,19.86,22049036,435558096.0,泸州老窖,000568.SZ
2015-02-12,sz.000568,19.96,17013130,340689056.0,泸州老窖,000568.SZ
2015-02-13,sz.000568,20.53,34321054,707769648.0,泸州老窖,000568.SZ
2015-02-16,sz.000568,20.34,17287164,351682768.0,泸州老窖,000568.SZ
2015-02-17,sz.000568,20.06,15198135,307119008.0,泸州老窖,000568.SZ
2015-02-25,sz.000568,20.14,14807748,299477376.0,泸州老窖,000568.SZ
2015-02-26,sz.000568,20.39,13575976,276163856.0,泸州老窖,000568.SZ
2015-02-27,sz.000568,20.36,20380328,421517056.0,泸州老窖,000568.SZ
2015-03-02,sz.000568,20.22,18792381,378807712.0,泸州老窖,000568.SZ
2015-03-03,sz.000568,19.94,17675092,354237664.0,泸州老窖,000568.SZ
2015-03-04,sz.000568,20.37,19175254,388000416.0,泸州老窖,000568.SZ
2015-03-05,sz.000568,20.32,14924691,302895120.0,泸州老窖,000568.SZ
2015-03-06,sz.000568,20.65,20079543,414489328.0,泸州老窖,000568.SZ
2015-03-09,sz.000568,20.75,16387361,337217808.0,泸州老窖,000568.SZ
2015-03-10,sz.000568,20.95,22876313,480276960.0,泸州老窖,000568.SZ
2015-03-11,sz.000568,20.8,15350391,323118768.0,泸州老窖,000568.SZ
2015-03-12,sz.000568,21.0,14243006,298680384.0,泸州老窖,000568.SZ
2015-03-13,sz.000568,20.84,12569830,262116496.0,泸州老窖,000568.SZ
2015-03-16,sz.000568,21.61,27033403,577237344.0,泸州老窖,000568.SZ
2015-03-17,sz.000568,22.61,38092653,863873200.0,泸州老窖,000568.SZ
2015-03-18,sz.000568,23.01,32393872,747847472.0,泸州老窖,000568.SZ
2015-03-19,sz.000568,22.59,23269799,525716544.0,泸州老窖,000568.SZ
2015-03-20,sz.000568,22.99,24865504,567526368.0,泸州老窖,000568.SZ
2015-03-23,sz.000568,23.12,20603311,477098528.0,泸州老窖,000568.SZ
2015-03-24,sz.000568,23.49,32488985,752160864.0,泸州老窖,000568.SZ
2015-03-25,sz.000568,23.01,21077761,487078832.0,泸州老窖,000568.SZ
2015-03-26,sz.000568,24.51,39032350,932020768.0,泸州老窖,000568.SZ
2015-03-27,sz.000568,24.29,27217304,673060656.0,泸州老窖,000568.SZ
2015-03-30,sz.000568,25.3,26824050,671715072.0,泸州老窖,000568.SZ
2015-03-31,sz.000568,24.54,24914865,619257984.0,泸州老窖,000568.SZ
2015-04-01,sz.000568,24.55,19086174,466723664.0,泸州老窖,000568.SZ
2015-04-02,sz.000568,24.76,33109970,814321984.0,泸州老窖,000568.SZ
2015-04-03,sz.000568,24.61,20152617,494419952.0,泸州老窖,000568.SZ
2015-04-07,sz.000568,25.0,31479104,781093632.0,泸州老窖,000568.SZ
2015-04-08,sz.000568,24.82,33718376,850076080.0,泸州老窖,000568.SZ
2015-04-09,sz.000568,24.0,27674626,671091968.0,泸州老窖,000568.SZ
2015-04-10,sz.000568,24.4,29127776,704004880.0,泸州老窖,000568.SZ
2015-04-13,sz.000568,24.85,37837722,926418480.0,泸州老窖,000568.SZ
2015-04-14,sz.000568,25.43,43409397,1095494048.0,泸州老窖,000568.SZ
2015-04-15,sz.000568,24.53,30114077,754581408.0,泸州老窖,000568.SZ
2015-04-16,sz.000568,26.38,60741505,1577867248.0,泸州老窖,000568.SZ
2015-04-17,sz.000568,25.97,43768923,1144049488.0,泸州老窖,000568.SZ
2015-04-20,sz.000568,25.02,41000620,1045520752.0,泸州老窖,000568.SZ
2015-04-21,sz.000568,26.88,49735176,1304855408.0,泸州老窖,000568.SZ
2015-04-22,sz.000568,27.41,35079614,950722768.0,泸州老窖,000568.SZ
2015-04-23,sz.000568,26.81,49742587,1324719264.0,泸州老窖,000568.SZ
2015-04-24,sz.000568,26.03,31393338,824999792.0,泸州老窖,000568.SZ
2015-04-27,sz.000568,26.34,35023954,918740816.0,泸州老窖,000568.SZ
2015-04-28,sz.000568,25.25,30817389,790492384.0,泸州老窖,000568.SZ
2015-04-29,sz.000568,25.63,17674264,452953712.0,泸州老窖,000568.SZ
2015-04-30,sz.000568,25.7,17356370,445688224.0,泸州老窖,000568.SZ
2015-05-04,sz.000568,25.97,21299468,550960544.0,泸州老窖,000568.SZ
2015-05-05,sz.000568,24.25,28953292,721541008.0,泸州老窖,000568.SZ
2015-05-06,sz.000568,23.69,23588280,571825360.0,泸州老窖,000568.SZ
2015-05-07,sz.000568,23.4,20559503,485323696.0,泸州老窖,000568.SZ
2015-05-08,sz.000568,23.93,20185815,478353744.0,泸州老窖,000568.SZ
2015-05-11,sz.000568,24.49,26198385,631266800.0,泸州老窖,000568.SZ
2015-05-12,sz.000568,24.5,20800236,509148208.0,泸州老窖,000568.SZ
2015-05-13,sz.000568,24.32,23987334,587419056.0,泸州老窖,000568.SZ
2015-05-14,sz.000568,24.14,19358040,465172800.0,泸州老窖,000568.SZ
2015-05-15,sz.000568,23.76,22030187,527353040.0,泸州老窖,000568.SZ
2015-05-18,sz.000568,23.95,17699265,420519680.0,泸州老窖,000568.SZ
2015-05-19,sz.000568,24.43,29119336,706301104.0,泸州老窖,000568.SZ
2015-05-20,sz.000568,24.55,38885396,959974256.0,泸州老窖,000568.SZ
2015-05-21,sz.000568,25.46,41734222,1050983712.0,泸州老窖,000568.SZ
2015-05-22,sz.000568,26.29,57489704,1517402896.0,泸州老窖,000568.SZ
2015-05-25,sz.000568,26.6,43912671,1162863472.0,泸州老窖,000568.SZ
2015-05-26,sz.000568,27.2,51134273,1369661120.0,泸州老窖,000568.SZ
2015-05-27,sz.000568,26.81,39761114,1069332672.0,泸州老窖,000568.SZ
2015-05-28,sz.000568,25.37,52252136,1397006064.0,泸州老窖,000568.SZ
2015-05-29,sz.000568,25.21,32162097,811491248.0,泸州老窖,000568.SZ
2015-06-01,sz.000568,26.33,30358924,787192432.0,泸州老窖,000568.SZ
2015-06-02,sz.000568,26.8,36087450,955886896.0,泸州老窖,000568.SZ
2015-06-03,sz.000568,26.4,34439528,918210416.0,泸州老窖,000568.SZ
2015-06-04,sz.000568,26.95,42480091,1124440352.0,泸州老窖,000568.SZ
2015-06-05,sz.000568,28.11,64141339,1780641600.0,泸州老窖,000568.SZ
2015-06-08,sz.000568,29.1,62588300,1791221376.0,泸州老窖,000568.SZ
2015-06-09,sz.000568,28.28,61797055,1771430096.0,泸州老窖,000568.SZ
2015-06-10,sz.000568,28.82,65765570,1893413920.0,泸州老窖,000568.SZ
2015-06-11,sz.000568,28.61,33958113,970424112.0,泸州老窖,000568.SZ
2015-06-12,sz.000568,29.8,57660649,1721084336.0,泸州老窖,000568.SZ
2015-06-15,sz.000568,29.93,50838137,1542755840.0,泸州老窖,000568.SZ
2015-06-16,sz.000568,28.4,38594249,1117186688.0,泸州老窖,000568.SZ
2015-06-17,sz.000568,28.71,33154049,932037888.0,泸州老窖,000568.SZ
2015-06-18,sz.000568,27.89,36546543,1058285008.0,泸州老窖,000568.SZ
2015-06-19,sz.000568,26.25,31323242,854367568.0,泸州老窖,000568.SZ
2015-06-23,sz.000568,28.88,54216365,1510462224.0,泸州老窖,000568.SZ
2015-06-24,sz.000568,31.77,82085570,2538076224.0,泸州老窖,000568.SZ
2015-06-25,sz.000568,31.95,91782240,2982152160.0,泸州老窖,000568.SZ
2015-06-26,sz.000568,31.0,103524283,3256888640.0,泸州老窖,000568.SZ
2015-06-29,sz.000568,33.95,151028735,5012710656.0,泸州老窖,000568.SZ
2015-06-30,sz.000568,32.61,116340159,3703145920.0,泸州老窖,000568.SZ
2015-07-01,sz.000568,30.77,96492529,3119256416.0,泸州老窖,000568.SZ
2015-07-02,sz.000568,27.69,69058252,1967908480.0,泸州老窖,000568.SZ
2015-07-03,sz.000568,24.92,66536397,1687838704.0,泸州老窖,000568.SZ
2015-07-06,sz.000568,24.4,91013626,2244109232.0,泸州老窖,000568.SZ
2015-07-07,sz.000568,22.0,78729599,1759822896.0,泸州老窖,000568.SZ
2015-07-08,sz.000568,19.8,71780794,1434498192.0,泸州老窖,000568.SZ
2015-07-09,sz.000568,21.78,46418880,984222880.0,泸州老窖,000568.SZ
2015-07-10,sz.000568,23.96,65667938,1565322064.0,泸州老窖,000568.SZ
2015-07-13,sz.000568,26.36,85355961,2166643040.0,泸州老窖,000568.SZ
2015-07-14,sz.000568,25.21,64079043,1653388656.0,泸州老窖,000568.SZ
2015-07-15,sz.000568,24.2,56990363,1365202288.0,泸州老窖,000568.SZ
2015-07-16,sz.000568,24.77,38584076,946925824.0,泸州老窖,000568.SZ
2015-07-17,sz.000568,25.7,38973550,992509728.0,泸州老窖,000568.SZ
2015-07-20,sz.000568,24.91,45731090,1151871248.0,泸州老窖,000568.SZ
2015-07-21,sz.000568,25.18,29862296,745536320.0,泸州老窖,000568.SZ
2015-07-22,sz.000568,25.13,33871962,851749808.0,泸州老窖,000568.SZ
2015-07-23,sz.000568,25.61,40933569,1036490640.0,泸州老窖,000568.SZ
2015-07-24,sz.000568,25.42,49069222,1275797632.0,泸州老窖,000568.SZ
2015-07-27,sz.000568,22.88,50728115,1221163040.0,泸州老窖,000568.SZ
2015-07-28,sz.000568,23.36,51558890,1161803616.0,泸州老窖,000568.SZ
2015-07-29,sz.000568,24.14,26696978,624123328.0,泸州老窖,000568.SZ
2015-07-30,sz.000568,23.91,43038853,1061790592.0,泸州老窖,000568.SZ
2015-07-31,sz.000568,24.82,36383924,891903232.0,泸州老窖,000568.SZ
2015-08-03,sz.000568,25.07,35002776,864058992.0,泸州老窖,000568.SZ
2015-08-04,sz.000568,25.82,30334368,772030288.0,泸州老窖,000568.SZ
2015-08-05,sz.000568,25.2,21173769,537575840.0,泸州老窖,000568.SZ
2015-08-06,sz.000568,24.75,15819075,392495744.0,泸州老窖,000568.SZ
2015-08-07,sz.000568,25.17,16865087,424942832.0,泸州老窖,000568.SZ
2015-08-10,sz.000568,26.12,31741843,822889216.0,泸州老窖,000568.SZ
2015-08-11,sz.000568,26.81,34133365,913384928.0,泸州老窖,000568.SZ
2015-08-12,sz.000568,26.06,21967428,582476112.0,泸州老窖,000568.SZ
2015-08-13,sz.000568,26.31,19626813,509802256.0,泸州老窖,000568.SZ
2015-08-14,sz.000568,27.4,38498173,1056767584.0,泸州老窖,000568.SZ
2015-08-17,sz.000568,27.45,23495614,640104080.0,泸州老窖,000568.SZ
2015-08-18,sz.000568,25.12,31904729,841482656.0,泸州老窖,000568.SZ
2015-08-19,sz.000568,25.9,27931693,708059680.0,泸州老窖,000568.SZ
2015-08-20,sz.000568,25.39,17174358,438357168.0,泸州老窖,000568.SZ
2015-08-21,sz.000568,23.0,20123941,477063472.0,泸州老窖,000568.SZ
2015-08-24,sz.000568,20.7,23874085,503876304.0,泸州老窖,000568.SZ
2015-08-25,sz.000568,19.42,38037316,751198784.0,泸州老窖,000568.SZ
2015-08-26,sz.000568,19.66,28774953,572983728.0,泸州老窖,000568.SZ
2015-08-27,sz.000568,21.14,27054454,550117888.0,泸州老窖,000568.SZ
2015-08-28,sz.000568,22.0,30980698,660290416.0,泸州老窖,000568.SZ
2015-08-31,sz.000568,21.83,24195909,516781344.0,泸州老窖,000568.SZ
2015-09-01,sz.000568,21.4,26249129,552498240.0,泸州老窖,000568.SZ
2015-09-02,sz.000568,21.76,32504552,695536224.0,泸州老窖,000568.SZ
2015-09-07,sz.000568,20.8,19964734,432052432.0,泸州老窖,000568.SZ
2015-09-08,sz.000568,21.2,15818876,326055024.0,泸州老窖,000568.SZ
2015-09-09,sz.000568,21.82,19164426,414865152.0,泸州老窖,000568.SZ
2015-09-10,sz.000568,21.11,11498640,246893950.0,泸州老窖,000568.SZ
2015-09-11,sz.000568,21.11,9062016,191160123.0,泸州老窖,000568.SZ
2015-09-14,sz.000568,20.03,18260398,376927520.0,泸州老窖,000568.SZ
2015-09-15,sz.000568,19.82,13768216,277038992.0,泸州老窖,000568.SZ
2015-09-16,sz.000568,21.17,13074184,268809600.0,泸州老窖,000568.SZ
2015-09-17,sz.000568,20.45,12945806,270244992.0,泸州老窖,000568.SZ
2015-09-18,sz.000568,20.81,9577876,199278227.0,泸州老窖,000568.SZ
2015-09-21,sz.000568,21.33,10896621,230632115.0,泸州老窖,000568.SZ
2015-09-22,sz.000568,21.35,12662111,271152656.0,泸州老窖,000568.SZ
2015-09-23,sz.000568,20.81,7918835,165465155.0,泸州老窖,000568.SZ
2015-09-24,sz.000568,21.22,8111143,171124885.0,泸州老窖,000568.SZ
2015-09-25,sz.000568,20.9,8724814,184934599.0,泸州老窖,000568.SZ
2015-09-28,sz.000568,20.75,6004993,124071370.0,泸州老窖,000568.SZ
2015-09-29,sz.000568,20.46,7187136,147773335.0,泸州老窖,000568.SZ
2015-09-30,sz.000568,20.54,6064836,125015339.0,泸州老窖,000568.SZ
2015-10-08,sz.000568,21.15,12101240,256450946.0,泸州老窖,000568.SZ
2015-10-09,sz.000568,21.2,9820735,207636915.0,泸州老窖,000568.SZ
2015-10-12,sz.000568,21.98,17510562,381700112.0,泸州老窖,000568.SZ
2015-10-13,sz.000568,21.93,11195680,244309589.0,泸州老窖,000568.SZ
2015-10-14,sz.000568,21.81,12797405,281537248.0,泸州老窖,000568.SZ
2015-10-15,sz.000568,22.28,12169525,269551536.0,泸州老窖,000568.SZ
2015-10-16,sz.000568,22.54,12895996,289401408.0,泸州老窖,000568.SZ
2015-10-19,sz.000568,22.24,11603448,259924840.0,泸州老窖,000568.SZ
2015-10-20,sz.000568,22.39,10368862,230845738.0,泸州老窖,000568.SZ
2015-10-21,sz.000568,21.45,15014901,330328064.0,泸州老窖,000568.SZ
2015-10-22,sz.000568,21.8,8793543,190259923.0,泸州老窖,000568.SZ
2015-10-23,sz.000568,22.68,17251763,389447168.0,泸州老窖,000568.SZ
2015-10-26,sz.000568,22.65,14909805,338089712.0,泸州老窖,000568.SZ
2015-10-27,sz.000568,22.48,9396033,209321356.0,泸州老窖,000568.SZ
2015-10-28,sz.000568,22.81,16885489,386609456.0,泸州老窖,000568.SZ
2015-10-29,sz.000568,23.6,20941164,489124800.0,泸州老窖,000568.SZ
2015-10-30,sz.000568,24.18,19729747,475423120.0,泸州老窖,000568.SZ
2015-11-02,sz.000568,23.94,14877587,359197520.0,泸州老窖,000568.SZ
2015-11-03,sz.000568,23.35,9839522,232433211.0,泸州老窖,000568.SZ
2015-11-04,sz.000568,24.47,12616371,304255632.0,泸州老窖,000568.SZ
2015-11-05,sz.000568,24.82,27428247,685763328.0,泸州老窖,000568.SZ
2015-11-06,sz.000568,24.98,16899879,418079808.0,泸州老窖,000568.SZ
2015-11-09,sz.000568,24.9,30457833,773595760.0,泸州老窖,000568.SZ
2015-11-10,sz.000568,24.88,17597203,438549760.0,泸州老窖,000568.SZ
2015-11-11,sz.000568,24.75,17346899,428013872.0,泸州老窖,000568.SZ
2015-11-12,sz.000568,24.47,11679013,285668272.0,泸州老窖,000568.SZ
2015-11-13,sz.000568,23.8,19779335,474673648.0,泸州老窖,000568.SZ
2015-11-16,sz.000568,24.5,16855541,408954464.0,泸州老窖,000568.SZ
2015-11-17,sz.000568,24.5,19374251,480298128.0,泸州老窖,000568.SZ
2015-11-18,sz.000568,24.17,10990388,266740444.0,泸州老窖,000568.SZ
2015-11-19,sz.000568,24.45,7453183,181498684.0,泸州老窖,000568.SZ
2015-11-20,sz.000568,24.84,13993889,344836048.0,泸州老窖,000568.SZ
2015-11-23,sz.000568,24.52,12048770,296902592.0,泸州老窖,000568.SZ
2015-11-24,sz.000568,24.53,8477531,206315187.0,泸州老窖,000568.SZ
2015-11-25,sz.000568,24.5,10707844,261190943.0,泸州老窖,000568.SZ
2015-11-26,sz.000568,24.3,9206756,225293872.0,泸州老窖,000568.SZ
2015-11-27,sz.000568,23.13,17220718,407298912.0,泸州老窖,000568.SZ
2015-11-30,sz.000568,23.2,12318118,284204096.0,泸州老窖,000568.SZ
2015-12-01,sz.000568,23.79,10604030,249583702.0,泸州老窖,000568.SZ
2015-12-02,sz.000568,24.88,22920086,561366544.0,泸州老窖,000568.SZ
2015-12-03,sz.000568,24.85,10366538,256656574.0,泸州老窖,000568.SZ
2015-12-04,sz.000568,24.99,18464990,456311600.0,泸州老窖,000568.SZ
2015-12-07,sz.000568,24.99,13295942,331379520.0,泸州老窖,000568.SZ
2015-12-08,sz.000568,24.2,10258342,250669139.0,泸州老窖,000568.SZ
2015-12-09,sz.000568,24.26,6383554,154610012.0,泸州老窖,000568.SZ
2015-12-10,sz.000568,23.94,9222379,223127194.0,泸州老窖,000568.SZ
2015-12-11,sz.000568,24.31,8337034,200855512.0,泸州老窖,000568.SZ
2015-12-14,sz.000568,24.99,12397810,306241488.0,泸州老窖,000568.SZ
2015-12-15,sz.000568,25.27,13381259,336949200.0,泸州老窖,000568.SZ
2015-12-16,sz.000568,24.86,10010105,250266816.0,泸州老窖,000568.SZ
2015-12-17,sz.000568,25.6,14793660,377033072.0,泸州老窖,000568.SZ
2015-12-18,sz.000568,25.92,13598720,350800544.0,泸州老窖,000568.SZ
2015-12-21,sz.000568,28.24,42988258,1199299584.0,泸州老窖,000568.SZ
2015-12-22,sz.000568,27.9,24697959,685398032.0,泸州老窖,000568.SZ
2015-12-23,sz.000568,27.29,24109944,661699312.0,泸州老窖,000568.SZ
2015-12-24,sz.000568,27.32,12123162,330739280.0,泸州老窖,000568.SZ
2015-12-25,sz.000568,26.92,13859060,374364384.0,泸州老窖,000568.SZ
2015-12-28,sz.000568,26.2,19895362,530650704.0,泸州老窖,000568.SZ
2015-12-29,sz.000568,26.7,16075553,423466656.0,泸州老窖,000568.SZ
2015-12-30,sz.000568,26.56,23072734,617151584.0,泸州老窖,000568.SZ
2015-12-31,sz.000568,27.12,25008595,678516144.0,泸州老窖,000568.SZ
2016-01-04,sz.000568,24.99,15192717,397241744.0,泸州老窖,000568.SZ
2016-01-05,sz.000568,25.4,23502454,595365968.0,泸州老窖,000568.SZ
2016-01-06,sz.000568,25.93,15226470,390080624.0,泸州老窖,000568.SZ
2016-01-07,sz.000568,23.98,5762100,141091268.0,泸州老窖,000568.SZ
2016-01-08,sz.000568,24.16,21574931,523889360.0,泸州老窖,000568.SZ
2016-01-11,sz.000568,22.86,14123765,330600496.0,泸州老窖,000568.SZ
2016-01-12,sz.000568,22.87,9041220,208302902.0,泸州老窖,000568.SZ
2016-01-13,sz.000568,22.41,12977354,299092080.0,泸州老窖,000568.SZ
2016-01-14,sz.000568,23.03,11781558,264801930.0,泸州老窖,000568.SZ
2016-01-15,sz.000568,22.4,9341889,213839652.0,泸州老窖,000568.SZ
2016-01-18,sz.000568,22.45,8660796,195547429.0,泸州老窖,000568.SZ
2016-01-19,sz.000568,23.15,10703933,244929779.0,泸州老窖,000568.SZ
2016-01-20,sz.000568,22.68,9567641,217925914.0,泸州老窖,000568.SZ
2016-01-21,sz.000568,21.9,8656240,193801459.0,泸州老窖,000568.SZ
2016-01-22,sz.000568,22.05,6941897,152093426.0,泸州老窖,000568.SZ
2016-01-25,sz.000568,22.3,5171329,115427513.0,泸州老窖,000568.SZ
2016-01-26,sz.000568,21.0,11045311,242856178.0,泸州老窖,000568.SZ
2016-01-27,sz.000568,20.78,10612923,217908817.0,泸州老窖,000568.SZ
2016-01-28,sz.000568,20.26,6101362,125513295.0,泸州老窖,000568.SZ
2016-01-29,sz.000568,21.25,7796615,162623932.0,泸州老窖,000568.SZ
2016-02-01,sz.000568,21.2,9143503,193930599.0,泸州老窖,000568.SZ
2016-02-02,sz.000568,21.45,7519994,161681533.0,泸州老窖,000568.SZ
2016-02-03,sz.000568,21.57,4681923,100239499.0,泸州老窖,000568.SZ
2016-02-04,sz.000568,21.66,7071270,153269816.0,泸州老窖,000568.SZ
2016-02-05,sz.000568,21.17,5965441,127149442.0,泸州老窖,000568.SZ
2016-02-15,sz.000568,20.86,4294057,89322713.0,泸州老窖,000568.SZ
2016-02-16,sz.000568,21.47,6657084,141942848.0,泸州老窖,000568.SZ
2016-02-17,sz.000568,21.56,7543787,162339677.0,泸州老窖,000568.SZ
2016-02-18,sz.000568,21.45,9810208,212155470.0,泸州老窖,000568.SZ
2016-02-19,sz.000568,21.41,5717297,122596751.0,泸州老窖,000568.SZ
2016-02-22,sz.000568,21.72,12347879,268171708.0,泸州老窖,000568.SZ
2016-02-23,sz.000568,22.24,18713367,416192624.0,泸州老窖,000568.SZ
2016-02-24,sz.000568,22.39,9837184,219184003.0,泸州老窖,000568.SZ
2016-02-25,sz.000568,20.8,13056043,280048896.0,泸州老窖,000568.SZ
2016-02-26,sz.000568,21.0,8759815,183429246.0,泸州老窖,000568.SZ
2016-02-29,sz.000568,19.82,13729456,274545152.0,泸州老窖,000568.SZ
2016-03-01,sz.000568,20.12,8557703,171145305.0,泸州老窖,000568.SZ
2016-03-02,sz.000568,20.98,10378190,214891730.0,泸州老窖,000568.SZ
2016-03-03,sz.000568,21.3,14461400,311498160.0,泸州老窖,000568.SZ
2016-03-04,sz.000568,21.8,18411975,396543152.0,泸州老窖,000568.SZ
2016-03-07,sz.000568,22.52,18120426,405939792.0,泸州老窖,000568.SZ
2016-03-08,sz.000568,22.1,13726837,299458928.0,泸州老窖,000568.SZ
2016-03-09,sz.000568,21.76,5161523,112130805.0,泸州老窖,000568.SZ
2016-03-10,sz.000568,22.12,15131025,338064032.0,泸州老窖,000568.SZ
2016-03-11,sz.000568,22.26,8121336,181278547.0,泸州老窖,000568.SZ
2016-03-14,sz.000568,22.54,10304956,234208896.0,泸州老窖,000568.SZ
2016-03-15,sz.000568,22.61,6369026,142983314.0,泸州老窖,000568.SZ
2016-03-16,sz.000568,22.53,7826791,176365132.0,泸州老窖,000568.SZ
2016-03-17,sz.000568,22.9,7523080,171632264.0,泸州老窖,000568.SZ
2016-03-18,sz.000568,23.4,14820803,341949056.0,泸州老窖,000568.SZ
2016-03-21,sz.000568,23.38,25102633,588232080.0,泸州老窖,000568.SZ
2016-03-22,sz.000568,23.68,16725000,396173456.0,泸州老窖,000568.SZ
2016-03-23,sz.000568,23.67,11361316,268950000.0,泸州老窖,000568.SZ
2016-03-24,sz.000568,24.29,19864853,478902768.0,泸州老窖,000568.SZ
2016-03-25,sz.000568,24.52,11195904,275965872.0,泸州老窖,000568.SZ
2016-03-28,sz.000568,25.15,20038886,508670192.0,泸州老窖,000568.SZ
2016-03-29,sz.000568,24.45,14210320,351369232.0,泸州老窖,000568.SZ
2016-03-30,sz.000568,24.86,10383696,256232090.0,泸州老窖,000568.SZ
2016-03-31,sz.000568,24.65,8909131,220163801.0,泸州老窖,000568.SZ
2016-04-01,sz.000568,24.48,7477853,183855940.0,泸州老窖,000568.SZ
2016-04-05,sz.000568,24.55,10373726,254425850.0,泸州老窖,000568.SZ
2016-04-06,sz.000568,25.17,12816662,318057312.0,泸州老窖,000568.SZ
2016-04-07,sz.000568,24.2,10881759,269311248.0,泸州老窖,000568.SZ
2016-04-08,sz.000568,23.88,10799991,258038519.0,泸州老窖,000568.SZ
2016-04-11,sz.000568,23.89,15498432,370301552.0,泸州老窖,000568.SZ
2016-04-12,sz.000568,23.72,6167201,145720002.0,泸州老窖,000568.SZ
2016-04-13,sz.000568,23.85,14722594,353007760.0,泸州老窖,000568.SZ
2016-04-14,sz.000568,24.15,9137143,219372789.0,泸州老窖,000568.SZ
2016-04-15,sz.000568,23.92,7051764,168702102.0,泸州老窖,000568.SZ
2016-04-18,sz.000568,23.48,5643577,132880827.0,泸州老窖,000568.SZ
2016-04-19,sz.000568,23.5,8204468,191142016.0,泸州老窖,000568.SZ
2016-04-20,sz.000568,23.5,0,0.0,泸州老窖,000568.SZ
2016-04-21,sz.000568,23.5,0,0.0,泸州老窖,000568.SZ
2016-04-22,sz.000568,23.5,0,0.0,泸州老窖,000568.SZ
2016-04-25,sz.000568,23.5,0,0.0,泸州老窖,000568.SZ
2016-04-26,sz.000568,23.5,0,0.0,泸州老窖,000568.SZ
2016-04-27,sz.000568,23.5,0,0.0,泸州老窖,000568.SZ
2016-04-28,sz.000568,23.5,0,0.0,泸州老窖,000568.SZ
2016-04-29,sz.000568,23.5,0,0.0,泸州老窖,000568.SZ
2016-05-03,sz.000568,23.5,0,0.0,泸州老窖,000568.SZ
2016-05-04,sz.000568,23.5,0,0.0,泸州老窖,000568.SZ
2016-05-05,sz.000568,23.5,0,0.0,泸州老窖,000568.SZ
2016-05-06,sz.000568,23.5,0,0.0,泸州老窖,000568.SZ
2016-05-09,sz.000568,23.5,0,0.0,泸州老窖,000568.SZ
2016-05-10,sz.000568,23.5,0,0.0,泸州老窖,000568.SZ
2016-05-11,sz.000568,23.5,0,0.0,泸州老窖,000568.SZ
2016-05-12,sz.000568,23.5,0,0.0,泸州老窖,000568.SZ
2016-05-13,sz.000568,23.5,0,0.0,泸州老窖,000568.SZ
2016-05-16,sz.000568,23.5,0,0.0,泸州老窖,000568.SZ
2016-05-17,sz.000568,24.56,58682047,1464500272.0,泸州老窖,000568.SZ
2016-05-18,sz.000568,23.89,25453333,614850592.0,泸州老窖,000568.SZ
2016-05-19,sz.000568,23.62,17591721,418468640.0,泸州老窖,000568.SZ
2016-05-20,sz.000568,23.83,14328303,339613056.0,泸州老窖,000568.SZ
2016-05-23,sz.000568,24.0,12351727,295300064.0,泸州老窖,000568.SZ
2016-05-24,sz.000568,23.33,11651869,274050512.0,泸州老窖,000568.SZ
2016-05-25,sz.000568,23.15,9976532,232985736.0,泸州老窖,000568.SZ
2016-05-26,sz.000568,23.01,8384092,192198321.0,泸州老窖,000568.SZ
2016-05-27,sz.000568,23.38,9737083,227253730.0,泸州老窖,000568.SZ
2016-05-30,sz.000568,23.8,11894211,282640928.0,泸州老窖,000568.SZ
2016-05-31,sz.000568,24.54,15875909,387530976.0,泸州老窖,000568.SZ
2016-06-01,sz.000568,24.64,15820804,391176160.0,泸州老窖,000568.SZ
2016-06-02,sz.000568,24.82,9150388,226704780.0,泸州老窖,000568.SZ
2016-06-03,sz.000568,25.58,27367705,702566496.0,泸州老窖,000568.SZ
2016-06-06,sz.000568,26.27,30282540,794623552.0,泸州老窖,000568.SZ
2016-06-07,sz.000568,26.98,21859448,583221696.0,泸州老窖,000568.SZ
2016-06-08,sz.000568,26.3,14484329,381646112.0,泸州老窖,000568.SZ
2016-06-13,sz.000568,25.28,11882168,310319648.0,泸州老窖,000568.SZ
2016-06-14,sz.000568,26.58,16237625,425785056.0,泸州老窖,000568.SZ
2016-06-15,sz.000568,27.31,21858017,591829648.0,泸州老窖,000568.SZ
2016-06-16,sz.000568,27.31,13277218,364809616.0,泸州老窖,000568.SZ
2016-06-17,sz.000568,28.76,22194855,633246544.0,泸州老窖,000568.SZ
2016-06-20,sz.000568,28.85,13993605,400032864.0,泸州老窖,000568.SZ
2016-06-21,sz.000568,28.34,8730372,249116433.0,泸州老窖,000568.SZ
2016-06-22,sz.000568,28.69,5968614,170875970.0,泸州老窖,000568.SZ
2016-06-23,sz.000568,28.65,12408880,358923680.0,泸州老窖,000568.SZ
2016-06-24,sz.000568,28.57,12394042,353928832.0,泸州老窖,000568.SZ
2016-06-27,sz.000568,30.19,17551641,523101632.0,泸州老窖,000568.SZ
2016-06-28,sz.000568,30.32,10603796,320502640.0,泸州老窖,000568.SZ
2016-06-29,sz.000568,29.9,7754275,232136689.0,泸州老窖,000568.SZ
2016-06-30,sz.000568,29.7,18606125,562069696.0,泸州老窖,000568.SZ
2016-07-01,sz.000568,29.85,8145883,243302881.0,泸州老窖,000568.SZ
2016-07-04,sz.000568,29.99,11628109,349099952.0,泸州老窖,000568.SZ
2016-07-05,sz.000568,30.26,14679937,446069216.0,泸州老窖,000568.SZ
2016-07-06,sz.000568,33.01,33498040,1072413104.0,泸州老窖,000568.SZ
2016-07-07,sz.000568,32.18,20033619,651139664.0,泸州老窖,000568.SZ
2016-07-08,sz.000568,32.8,14300809,459463168.0,泸州老窖,000568.SZ
2016-07-11,sz.000568,32.89,27081598,913918544.0,泸州老窖,000568.SZ
2016-07-12,sz.000568,33.21,23253299,770811824.0,泸州老窖,000568.SZ
2016-07-13,sz.000568,32.6,16085848,522318672.0,泸州老窖,000568.SZ
2016-07-14,sz.000568,32.36,10491402,339748000.0,泸州老窖,000568.SZ
2016-07-15,sz.000568,32.5,14950201,480512768.0,泸州老窖,000568.SZ
2016-07-18,sz.000568,32.2,13042188,420289168.0,泸州老窖,000568.SZ
2016-07-19,sz.000568,31.04,28885961,897777776.0,泸州老窖,000568.SZ
2016-07-20,sz.000568,30.83,9672286,299498416.0,泸州老窖,000568.SZ
2016-07-21,sz.000568,31.1,13992201,437453088.0,泸州老窖,000568.SZ
2016-07-22,sz.000568,30.12,17154444,521093600.0,泸州老窖,000568.SZ
2016-07-25,sz.000568,30.41,13124646,401120176.0,泸州老窖,000568.SZ
2016-07-26,sz.000568,31.56,18010872,561784592.0,泸州老窖,000568.SZ
2016-07-27,sz.000568,31.8,18981646,593848672.0,泸州老窖,000568.SZ
2016-07-28,sz.000568,32.0,23980802,776806832.0,泸州老窖,000568.SZ
2016-07-29,sz.000568,32.49,17069287,558855312.0,泸州老窖,000568.SZ
2016-08-01,sz.000568,31.59,13881379,437566736.0,泸州老窖,000568.SZ
2016-08-02,sz.000568,31.11,15403854,475900816.0,泸州老窖,000568.SZ
2016-08-03,sz.000568,31.31,7440688,233390637.0,泸州老窖,000568.SZ
2016-08-04,sz.000568,31.1,7696935,237988212.0,泸州老窖,000568.SZ
2016-08-05,sz.000568,30.92,4546739,141325226.0,泸州老窖,000568.SZ
2016-08-08,sz.000568,31.4,12384641,383024368.0,泸州老窖,000568.SZ
2016-08-09,sz.000568,32.18,16271817,518498592.0,泸州老窖,000568.SZ
2016-08-10,sz.000568,32.13,9342426,299676032.0,泸州老窖,000568.SZ
2016-08-11,sz.000568,32.22,19951661,651062800.0,泸州老窖,000568.SZ
2016-08-12,sz.000568,31.15,15567827,480598384.0,泸州老窖,000568.SZ
2016-08-15,sz.000568,32.11,18482849,585331824.0,泸州老窖,000568.SZ
2016-08-16,sz.000568,31.62,22945223,737488048.0,泸州老窖,000568.SZ
2016-08-17,sz.000568,31.48,16846183,533192880.0,泸州老窖,000568.SZ
2016-08-18,sz.000568,31.6,9963625,314953952.0,泸州老窖,000568.SZ
2016-08-19,sz.000568,31.29,6339337,199052127.0,泸州老窖,000568.SZ
2016-08-22,sz.000568,31.89,14704444,466930912.0,泸州老窖,000568.SZ
2016-08-23,sz.000568,31.93,13441605,431476352.0,泸州老窖,000568.SZ
2016-08-24,sz.000568,31.38,8877875,279087808.0,泸州老窖,000568.SZ
2016-08-25,sz.000568,30.97,9084983,281423152.0,泸州老窖,000568.SZ
2016-08-26,sz.000568,31.01,4845661,150457188.0,泸州老窖,000568.SZ
2016-08-29,sz.000568,30.92,4909021,152060655.0,泸州老窖,000568.SZ
2016-08-30,sz.000568,31.23,6581134,204955929.0,泸州老窖,000568.SZ
2016-08-31,sz.000568,31.87,13339440,424100960.0,泸州老窖,000568.SZ
2016-09-01,sz.000568,31.6,6943892,220794179.0,泸州老窖,000568.SZ
2016-09-02,sz.000568,31.37,6949509,218176452.0,泸州老窖,000568.SZ
2016-09-05,sz.000568,31.65,6875927,218127064.0,泸州老窖,000568.SZ
2016-09-06,sz.000568,32.19,10559154,337239136.0,泸州老窖,000568.SZ
2016-09-07,sz.000568,31.68,11063714,351436464.0,泸州老窖,000568.SZ
2016-09-08,sz.000568,31.64,6480260,205223107.0,泸州老窖,000568.SZ
2016-09-09,sz.000568,31.01,10002379,312351664.0,泸州老窖,000568.SZ
2016-09-12,sz.000568,29.85,14493092,436347712.0,泸州老窖,000568.SZ
2016-09-13,sz.000568,29.8,7694467,228615838.0,泸州老窖,000568.SZ
2016-09-14,sz.000568,29.5,5591053,165315678.0,泸州老窖,000568.SZ
2016-09-19,sz.000568,30.17,7429566,222706908.0,泸州老窖,000568.SZ
2016-09-20,sz.000568,30.0,4806729,144388790.0,泸州老窖,000568.SZ
2016-09-21,sz.000568,29.9,4705688,140669537.0,泸州老窖,000568.SZ
2016-09-22,sz.000568,30.52,9185707,279629296.0,泸州老窖,000568.SZ
2016-09-23,sz.000568,30.73,5651466,173314067.0,泸州老窖,000568.SZ
2016-09-26,sz.000568,30.04,5140147,154717196.0,泸州老窖,000568.SZ
2016-09-27,sz.000568,30.41,5460509,165879072.0,泸州老窖,000568.SZ
2016-09-28,sz.000568,30.26,2363801,71652093.0,泸州老窖,000568.SZ
2016-09-29,sz.000568,30.32,3625082,109989096.0,泸州老窖,000568.SZ
2016-09-30,sz.000568,31.08,14922196,462764320.0,泸州老窖,000568.SZ
2016-10-10,sz.000568,31.83,11743410,370470800.0,泸州老窖,000568.SZ
2016-10-11,sz.000568,31.78,7285998,230518791.0,泸州老窖,000568.SZ
2016-10-12,sz.000568,31.79,6881958,219642652.0,泸州老窖,000568.SZ
2016-10-13,sz.000568,31.35,7279720,229597956.0,泸州老窖,000568.SZ
2016-10-14,sz.000568,31.36,4881090,153401555.0,泸州老窖,000568.SZ
2016-10-17,sz.000568,31.2,4443752,139829489.0,泸州老窖,000568.SZ
2016-10-18,sz.000568,31.72,10052488,318906064.0,泸州老窖,000568.SZ
2016-10-19,sz.000568,31.97,8317367,264699625.0,泸州老窖,000568.SZ
2016-10-20,sz.000568,31.66,10375227,332882960.0,泸州老窖,000568.SZ
2016-10-21,sz.000568,31.68,6283422,197992692.0,泸州老窖,000568.SZ
2016-10-24,sz.000568,31.68,8741857,277891648.0,泸州老窖,000568.SZ
2016-10-25,sz.000568,33.29,21264631,694085984.0,泸州老窖,000568.SZ
2016-10-26,sz.000568,34.59,25090659,867073072.0,泸州老窖,000568.SZ
2016-10-27,sz.000568,34.86,13012059,451101984.0,泸州老窖,000568.SZ
2016-10-28,sz.000568,34.61,10378065,358506544.0,泸州老窖,000568.SZ
2016-10-31,sz.000568,34.4,7914065,270850592.0,泸州老窖,000568.SZ
2016-11-01,sz.000568,35.4,9987738,347994832.0,泸州老窖,000568.SZ
2016-11-02,sz.000568,34.6,8349258,290680240.0,泸州老窖,000568.SZ
2016-11-03,sz.000568,34.9,6263241,217498449.0,泸州老窖,000568.SZ
2016-11-04,sz.000568,34.13,7862535,269479376.0,泸州老窖,000568.SZ
2016-11-07,sz.000568,33.9,8236472,279086144.0,泸州老窖,000568.SZ
2016-11-08,sz.000568,34.47,9756114,337144288.0,泸州老窖,000568.SZ
2016-11-09,sz.000568,34.77,9850806,340183056.0,泸州老窖,000568.SZ
2016-11-10,sz.000568,35.0,7640245,266955370.0,泸州老窖,000568.SZ
2016-11-11,sz.000568,34.5,9784595,337004208.0,泸州老窖,000568.SZ
2016-11-14,sz.000568,33.72,14051799,475790368.0,泸州老窖,000568.SZ
2016-11-15,sz.000568,34.2,9263136,313951728.0,泸州老窖,000568.SZ
2016-11-16,sz.000568,33.7,8641014,292589776.0,泸州老窖,000568.SZ
2016-11-17,sz.000568,33.37,7507039,251513884.0,泸州老窖,000568.SZ
2016-11-18,sz.000568,33.29,5435773,181565670.0,泸州老窖,000568.SZ
2016-11-21,sz.000568,33.3,7914778,264777374.0,泸州老窖,000568.SZ
2016-11-22,sz.000568,33.4,8342989,277985376.0,泸州老窖,000568.SZ
2016-11-23,sz.000568,34.05,17750163,598081088.0,泸州老窖,000568.SZ
2016-11-24,sz.000568,33.73,16733371,564075024.0,泸州老窖,000568.SZ
2016-11-25,sz.000568,33.65,9005245,303867520.0,泸州老窖,000568.SZ
2016-11-28,sz.000568,33.78,11154033,377712080.0,泸州老窖,000568.SZ
2016-11-29,sz.000568,34.85,25927189,901891600.0,泸州老窖,000568.SZ
2016-11-30,sz.000568,34.29,12873167,443269184.0,泸州老窖,000568.SZ
2016-12-01,sz.000568,33.86,16817676,572850448.0,泸州老窖,000568.SZ
2016-12-02,sz.000568,33.6,8628504,290882496.0,泸州老窖,000568.SZ
2016-12-05,sz.000568,33.39,8096297,272706784.0,泸州老窖,000568.SZ
2016-12-06,sz.000568,33.8,7383960,248373366.0,泸州老窖,000568.SZ
2016-12-07,sz.000568,33.61,8709592,291608416.0,泸州老窖,000568.SZ
2016-12-08,sz.000568,34.14,18938311,650885824.0,泸州老窖,000568.SZ
2016-12-09,sz.000568,34.32,9577792,329493744.0,泸州老窖,000568.SZ
2016-12-12,sz.000568,33.0,17557348,596723984.0,泸州老窖,000568.SZ
2016-12-13,sz.000568,33.88,10883108,365540752.0,泸州老窖,000568.SZ
2016-12-14,sz.000568,33.56,8093828,273329696.0,泸州老窖,000568.SZ
2016-12-15,sz.000568,33.02,9009745,299423040.0,泸州老窖,000568.SZ
2016-12-16,sz.000568,32.98,6147696,203015094.0,泸州老窖,000568.SZ
2016-12-19,sz.000568,33.6,10981426,369887072.0,泸州老窖,000568.SZ
2016-12-20,sz.000568,33.39,6158264,205942473.0,泸州老窖,000568.SZ
2016-12-21,sz.000568,33.53,6921105,231980148.0,泸州老窖,000568.SZ
2016-12-22,sz.000568,33.29,6022577,200876279.0,泸州老窖,000568.SZ
2016-12-23,sz.000568,32.39,11730363,382224992.0,泸州老窖,000568.SZ
2016-12-26,sz.000568,32.36,6576268,210731561.0,泸州老窖,000568.SZ
2016-12-27,sz.000568,32.39,5265870,170970430.0,泸州老窖,000568.SZ
2016-12-28,sz.000568,32.28,5503890,177572305.0,泸州老窖,000568.SZ
2016-12-29,sz.000568,32.3,4306318,138827929.0,泸州老窖,000568.SZ
2016-12-30,sz.000568,33.0,9287822,305502272.0,泸州老窖,000568.SZ
2017-01-03,sz.000568,33.2,4971389,165235220.0,泸州老窖,000568.SZ
2017-01-04,sz.000568,34.35,11681838,396635632.0,泸州老窖,000568.SZ
2017-01-05,sz.000568,34.38,13376702,461234416.0,泸州老窖,000568.SZ
2017-01-06,sz.000568,34.43,10894820,376658848.0,泸州老窖,000568.SZ
2017-01-09,sz.000568,34.55,7241846,251103265.0,泸州老窖,000568.SZ
2017-01-10,sz.000568,34.36,4453789,153568616.0,泸州老窖,000568.SZ
2017-01-11,sz.000568,33.9,4292146,145990985.0,泸州老窖,000568.SZ
2017-01-12,sz.000568,33.08,7244740,242131303.0,泸州老窖,000568.SZ
2017-01-13,sz.000568,33.1,5823383,191873043.0,泸州老窖,000568.SZ
2017-01-16,sz.000568,32.75,6187869,203038018.0,泸州老窖,000568.SZ
2017-01-17,sz.000568,33.5,6993511,233061390.0,泸州老窖,000568.SZ
2017-01-18,sz.000568,34.25,11046359,376532400.0,泸州老窖,000568.SZ
2017-01-19,sz.000568,34.0,6949810,236312804.0,泸州老窖,000568.SZ
2017-01-20,sz.000568,34.08,5412888,183724248.0,泸州老窖,000568.SZ
2017-01-23,sz.000568,34.29,12631075,437541472.0,泸州老窖,000568.SZ
2017-01-24,sz.000568,34.3,5790200,197831026.0,泸州老窖,000568.SZ
2017-01-25,sz.000568,33.93,5961607,202551778.0,泸州老窖,000568.SZ
2017-01-26,sz.000568,33.69,4570555,153770775.0,泸州老窖,000568.SZ
2017-02-03,sz.000568,32.9,7297009,241852810.0,泸州老窖,000568.SZ
2017-02-06,sz.000568,33.3,7216917,239089610.0,泸州老窖,000568.SZ
2017-02-07,sz.000568,33.55,5681908,190865780.0,泸州老窖,000568.SZ
2017-02-08,sz.000568,33.75,5575336,187796167.0,泸州老窖,000568.SZ
2017-02-09,sz.000568,35.11,21024127,730922384.0,泸州老窖,000568.SZ
2017-02-10,sz.000568,34.71,9639472,337528192.0,泸州老窖,000568.SZ
2017-02-13,sz.000568,36.06,17547902,632024656.0,泸州老窖,000568.SZ
2017-02-14,sz.000568,36.5,11094070,403360288.0,泸州老窖,000568.SZ
2017-02-15,sz.000568,36.22,7321959,266675945.0,泸州老窖,000568.SZ
2017-02-16,sz.000568,36.35,6414559,230803488.0,泸州老窖,000568.SZ
2017-02-17,sz.000568,37.0,12110907,454086464.0,泸州老窖,000568.SZ
2017-02-20,sz.000568,38.66,17482991,670576336.0,泸州老窖,000568.SZ
2017-02-21,sz.000568,38.5,7058113,271006608.0,泸州老窖,000568.SZ
2017-02-22,sz.000568,38.81,8093784,314403440.0,泸州老窖,000568.SZ
2017-02-23,sz.000568,38.08,11555503,445840064.0,泸州老窖,000568.SZ
2017-02-24,sz.000568,38.36,6403476,243804255.0,泸州老窖,000568.SZ
2017-02-27,sz.000568,37.05,11494685,428761408.0,泸州老窖,000568.SZ
2017-02-28,sz.000568,37.39,7279508,272646720.0,泸州老窖,000568.SZ
2017-03-01,sz.000568,37.91,9089134,345061968.0,泸州老窖,000568.SZ
2017-03-02,sz.000568,37.95,7299060,279218176.0,泸州老窖,000568.SZ
2017-03-03,sz.000568,38.5,5001637,191666013.0,泸州老窖,000568.SZ
2017-03-06,sz.000568,38.5,10094643,389555088.0,泸州老窖,000568.SZ
2017-03-07,sz.000568,39.92,11806963,468584816.0,泸州老窖,000568.SZ
2017-03-08,sz.000568,39.92,8599409,342462144.0,泸州老窖,000568.SZ
2017-03-09,sz.000568,39.57,6254131,245506079.0,泸州老窖,000568.SZ
2017-03-10,sz.000568,39.5,8241409,328904736.0,泸州老窖,000568.SZ
2017-03-13,sz.000568,40.63,12339408,496230128.0,泸州老窖,000568.SZ
2017-03-14,sz.000568,39.97,10763471,430476112.0,泸州老窖,000568.SZ
2017-03-15,sz.000568,40.23,6586260,264185861.0,泸州老窖,000568.SZ
2017-03-16,sz.000568,39.95,8343588,334783584.0,泸州老窖,000568.SZ
2017-03-17,sz.000568,39.77,7063453,283330912.0,泸州老窖,000568.SZ
2017-03-20,sz.000568,39.6,9565000,381272368.0,泸州老窖,000568.SZ
2017-03-21,sz.000568,41.6,19196568,787286928.0,泸州老窖,000568.SZ
2017-03-22,sz.000568,42.99,14323007,604233792.0,泸州老窖,000568.SZ
2017-03-23,sz.000568,42.18,11896175,498934480.0,泸州老窖,000568.SZ
2017-03-24,sz.000568,42.06,15017840,635038096.0,泸州老窖,000568.SZ
2017-03-27,sz.000568,40.89,13433174,552914512.0,泸州老窖,000568.SZ
2017-03-28,sz.000568,41.0,9340388,380814064.0,泸州老窖,000568.SZ
2017-03-29,sz.000568,41.52,9044626,375379872.0,泸州老窖,000568.SZ
2017-03-30,sz.000568,41.78,8627319,359370048.0,泸州老窖,000568.SZ
2017-03-31,sz.000568,42.19,7689645,324601776.0,泸州老窖,000568.SZ
2017-04-05,sz.000568,42.16,8911408,378982368.0,泸州老窖,000568.SZ
2017-04-06,sz.000568,41.8,6962374,289614272.0,泸州老窖,000568.SZ
2017-04-07,sz.000568,41.55,4367196,181377896.0,泸州老窖,000568.SZ
2017-04-10,sz.000568,40.4,10293789,417905136.0,泸州老窖,000568.SZ
2017-04-11,sz.000568,39.95,12155805,482383280.0,泸州老窖,000568.SZ
2017-04-12,sz.000568,40.46,10502341,426680384.0,泸州老窖,000568.SZ
2017-04-13,sz.000568,41.27,6621474,272012656.0,泸州老窖,000568.SZ
2017-04-14,sz.000568,41.16,4657947,191413162.0,泸州老窖,000568.SZ
2017-04-17,sz.000568,41.95,9845539,412387120.0,泸州老窖,000568.SZ
2017-04-18,sz.000568,43.05,14127008,604456176.0,泸州老窖,000568.SZ
2017-04-19,sz.000568,43.51,23329203,1026235728.0,泸州老窖,000568.SZ
2017-04-20,sz.000568,45.87,22971614,1047763936.0,泸州老窖,000568.SZ
2017-04-21,sz.000568,45.68,14976381,691072320.0,泸州老窖,000568.SZ
2017-04-24,sz.000568,44.8,16582817,737103088.0,泸州老窖,000568.SZ
2017-04-25,sz.000568,47.51,15329725,710143408.0,泸州老窖,000568.SZ
2017-04-26,sz.000568,46.06,15489750,730433680.0,泸州老窖,000568.SZ
2017-04-27,sz.000568,46.75,7554480,346988896.0,泸州老窖,000568.SZ
2017-04-28,sz.000568,46.5,19331541,876009648.0,泸州老窖,000568.SZ
2017-05-02,sz.000568,45.29,9452868,428799968.0,泸州老窖,000568.SZ
2017-05-03,sz.000568,45.93,7025883,323492688.0,泸州老窖,000568.SZ
2017-05-04,sz.000568,45.63,6178801,283476064.0,泸州老窖,000568.SZ
2017-05-05,sz.000568,45.41,4002028,182693057.0,泸州老窖,000568.SZ
2017-05-08,sz.000568,43.7,8985527,401374512.0,泸州老窖,000568.SZ
2017-05-09,sz.000568,44.58,9936154,433390944.0,泸州老窖,000568.SZ
2017-05-10,sz.000568,44.69,6680118,302624288.0,泸州老窖,000568.SZ
2017-05-11,sz.000568,46.0,7928592,362259984.0,泸州老窖,000568.SZ
2017-05-12,sz.000568,46.33,4935471,228055850.0,泸州老窖,000568.SZ
2017-05-15,sz.000568,46.99,7182535,337982224.0,泸州老窖,000568.SZ
2017-05-16,sz.000568,48.75,11692271,565020816.0,泸州老窖,000568.SZ
2017-05-17,sz.000568,47.15,10439869,497831440.0,泸州老窖,000568.SZ
2017-05-18,sz.000568,46.82,6883275,324490192.0,泸州老窖,000568.SZ
2017-05-19,sz.000568,47.22,5717541,270057584.0,泸州老窖,000568.SZ
2017-05-22,sz.000568,47.38,6497362,305824976.0,泸州老窖,000568.SZ
2017-05-23,sz.000568,48.7,13826534,671648320.0,泸州老窖,000568.SZ
2017-05-24,sz.000568,48.18,8268080,396446272.0,泸州老窖,000568.SZ
2017-05-25,sz.000568,48.35,4407059,213132487.0,泸州老窖,000568.SZ
2017-05-26,sz.000568,48.53,4802450,231145937.0,泸州老窖,000568.SZ
2017-05-31,sz.000568,48.22,10254238,488170544.0,泸州老窖,000568.SZ
2017-06-01,sz.000568,48.01,5477249,262652568.0,泸州老窖,000568.SZ
2017-06-02,sz.000568,47.46,5737295,272723440.0,泸州老窖,000568.SZ
2017-06-05,sz.000568,46.69,5255431,246154330.0,泸州老窖,000568.SZ
2017-06-06,sz.000568,47.81,6451408,304908672.0,泸州老窖,000568.SZ
2017-06-07,sz.000568,49.56,15023381,735098592.0,泸州老窖,000568.SZ
2017-06-08,sz.000568,50.0,9766772,488206208.0,泸州老窖,000568.SZ
2017-06-09,sz.000568,49.85,7201030,361169584.0,泸州老窖,000568.SZ
2017-06-12,sz.000568,51.02,10872397,556423184.0,泸州老窖,000568.SZ
2017-06-13,sz.000568,50.88,6065040,305765472.0,泸州老窖,000568.SZ
2017-06-14,sz.000568,50.23,6733453,338654976.0,泸州老窖,000568.SZ
2017-06-15,sz.000568,49.1,10725723,527471056.0,泸州老窖,000568.SZ
2017-06-16,sz.000568,49.31,7089516,348319536.0,泸州老窖,000568.SZ
2017-06-19,sz.000568,49.0,8715432,426612976.0,泸州老窖,000568.SZ
2017-06-20,sz.000568,49.3,8450377,415793504.0,泸州老窖,000568.SZ
2017-06-21,sz.000568,50.15,10521934,517356976.0,泸州老窖,000568.SZ
2017-06-22,sz.000568,49.94,13074695,657078352.0,泸州老窖,000568.SZ
2017-06-23,sz.000568,50.04,7713309,383244896.0,泸州老窖,000568.SZ
2017-06-26,sz.000568,52.2,15833840,815589280.0,泸州老窖,000568.SZ
2017-06-27,sz.000568,51.8,8530868,440131600.0,泸州老窖,000568.SZ
2017-06-28,sz.000568,50.6,5936915,301810512.0,泸州老窖,000568.SZ
2017-06-29,sz.000568,50.57,6872322,345353584.0,泸州老窖,000568.SZ
2017-06-30,sz.000568,50.58,6442310,325661232.0,泸州老窖,000568.SZ
2017-07-03,sz.000568,48.92,12040558,591671104.0,泸州老窖,000568.SZ
2017-07-04,sz.000568,47.85,14533994,693085296.0,泸州老窖,000568.SZ
2017-07-05,sz.000568,48.8,9761519,474448800.0,泸州老窖,000568.SZ
2017-07-06,sz.000568,48.82,6968097,337850608.0,泸州老窖,000568.SZ
2017-07-07,sz.000568,48.25,10088802,483174848.0,泸州老窖,000568.SZ
2017-07-10,sz.000568,48.32,16207416,773895456.0,泸州老窖,000568.SZ
2017-07-11,sz.000568,49.58,12889034,634708592.0,泸州老窖,000568.SZ
2017-07-12,sz.000568,48.64,6213023,305009280.0,泸州老窖,000568.SZ
2017-07-13,sz.000568,48.82,5072099,248517500.0,泸州老窖,000568.SZ
2017-07-14,sz.000568,49.16,4008660,195386522.0,泸州老窖,000568.SZ
2017-07-17,sz.000568,47.97,6366067,307096800.0,泸州老窖,000568.SZ
2017-07-18,sz.000568,48.51,7155740,343471136.0,泸州老窖,000568.SZ
2017-07-19,sz.000568,49.92,9382072,466896832.0,泸州老窖,000568.SZ
2017-07-20,sz.000568,51.35,9667930,493830528.0,泸州老窖,000568.SZ
2017-07-21,sz.000568,51.38,6864323,354839056.0,泸州老窖,000568.SZ
2017-07-24,sz.000568,52.59,10318694,548339520.0,泸州老窖,000568.SZ
2017-07-25,sz.000568,53.15,7834560,416351632.0,泸州老窖,000568.SZ
2017-07-26,sz.000568,52.0,7825993,407877776.0,泸州老窖,000568.SZ
2017-07-27,sz.000568,52.8,6327170,333076000.0,泸州老窖,000568.SZ
2017-07-28,sz.000568,55.13,10470057,569926560.0,泸州老窖,000568.SZ
2017-07-31,sz.000568,55.37,15404575,868333968.0,泸州老窖,000568.SZ
2017-08-01,sz.000568,56.56,6281544,349053280.0,泸州老窖,000568.SZ
2017-08-02,sz.000568,55.5,8195763,455384992.0,泸州老窖,000568.SZ
2017-08-03,sz.000568,53.9,8559164,462856768.0,泸州老窖,000568.SZ
2017-08-04,sz.000568,53.35,7067237,377084896.0,泸州老窖,000568.SZ
2017-08-07,sz.000568,55.99,11198558,611253984.0,泸州老窖,000568.SZ
2017-08-08,sz.000568,56.2,6965794,391711936.0,泸州老窖,000568.SZ
2017-08-09,sz.000568,58.82,13432524,779209392.0,泸州老窖,000568.SZ
2017-08-10,sz.000568,58.13,15227653,899243424.0,泸州老窖,000568.SZ
2017-08-11,sz.000568,56.59,9543864,543844032.0,泸州老窖,000568.SZ
2017-08-14,sz.000568,57.0,13716582,782968480.0,泸州老窖,000568.SZ
2017-08-15,sz.000568,57.24,7550817,429380432.0,泸州老窖,000568.SZ
2017-08-16,sz.000568,56.86,6702302,380932752.0,泸州老窖,000568.SZ
2017-08-17,sz.000568,55.91,8205574,458007344.0,泸州老窖,000568.SZ
2017-08-18,sz.000568,56.1,5213707,292774352.0,泸州老窖,000568.SZ
2017-08-21,sz.000568,55.81,6086723,339138336.0,泸州老窖,000568.SZ
2017-08-22,sz.000568,54.91,20410580,1098406032.0,泸州老窖,000568.SZ
2017-08-23,sz.000568,55.24,9222082,504829648.0,泸州老窖,000568.SZ
2017-08-24,sz.000568,54.04,5532170,302493040.0,泸州老窖,000568.SZ
2017-08-25,sz.000568,53.95,8841574,474461568.0,泸州老窖,000568.SZ
2017-08-28,sz.000568,54.74,12171196,672797584.0,泸州老窖,000568.SZ
2017-08-29,sz.000568,53.76,15205107,818989328.0,泸州老窖,000568.SZ
2017-08-30,sz.000568,55.0,9636691,524570688.0,泸州老窖,000568.SZ
2017-08-31,sz.000568,55.28,8650461,476758912.0,泸州老窖,000568.SZ
2017-09-01,sz.000568,55.25,10077558,553629504.0,泸州老窖,000568.SZ
2017-09-04,sz.000568,54.08,7998248,433691632.0,泸州老窖,000568.SZ
2017-09-05,sz.000568,53.73,6916185,372592528.0,泸州老窖,000568.SZ
2017-09-06,sz.000568,53.24,6666294,356392544.0,泸州老窖,000568.SZ
2017-09-07,sz.000568,53.4,7336326,389487360.0,泸州老窖,000568.SZ
2017-09-08,sz.000568,51.54,12693775,660555984.0,泸州老窖,000568.SZ
2017-09-11,sz.000568,52.0,16722541,859454624.0,泸州老窖,000568.SZ
2017-09-12,sz.000568,52.4,12524467,651956604.47,泸州老窖,000568.SZ
2017-09-13,sz.000568,54.67,25312280,1373097471.54,泸州老窖,000568.SZ
2017-09-14,sz.000568,54.6,13200686,718900090.16,泸州老窖,000568.SZ
2017-09-15,sz.000568,54.99,12222073,671544208.86,泸州老窖,000568.SZ
2017-09-18,sz.000568,56.28,11970001,673037103.41,泸州老窖,000568.SZ
2017-09-19,sz.000568,55.2,10238365,572405321.68,泸州老窖,000568.SZ
2017-09-20,sz.000568,55.62,8367107,468119176.65,泸州老窖,000568.SZ
2017-09-21,sz.000568,55.13,5341521,295277744.04,泸州老窖,000568.SZ
2017-09-22,sz.000568,55.64,5025102,279724771.91,泸州老窖,000568.SZ
2017-09-25,sz.000568,57.45,12234198,694700620.1,泸州老窖,000568.SZ
2017-09-26,sz.000568,56.74,6845359,388499426.37,泸州老窖,000568.SZ
2017-09-27,sz.000568,56.2,5812658,327075006.49,泸州老窖,000568.SZ
2017-09-28,sz.000568,56.8,9710113,552095467.12,泸州老窖,000568.SZ
2017-09-29,sz.000568,56.1,8296774,471252852.5,泸州老窖,000568.SZ
2017-10-09,sz.000568,56.38,9351748,529922220.43,泸州老窖,000568.SZ
2017-10-10,sz.000568,57.7,10014351,569968444.63,泸州老窖,000568.SZ
2017-10-11,sz.000568,59.2,14103698,831437607.22,泸州老窖,000568.SZ
2017-10-12,sz.000568,59.5,8480272,502318173.59,泸州老窖,000568.SZ
2017-10-13,sz.000568,59.0,7853355,466964192.56,泸州老窖,000568.SZ
2017-10-16,sz.000568,57.64,9140550,530035838.9,泸州老窖,000568.SZ
2017-10-17,sz.000568,57.05,9065265,516408561.36,泸州老窖,000568.SZ
2017-10-18,sz.000568,58.46,8849885,507172742.63,泸州老窖,000568.SZ
2017-10-19,sz.000568,59.42,12219178,723781823.76,泸州老窖,000568.SZ
2017-10-20,sz.000568,58.01,9190374,531592250.93,泸州老窖,000568.SZ
2017-10-23,sz.000568,57.88,8419640,484046907.78,泸州老窖,000568.SZ
2017-10-24,sz.000568,58.81,10246128,596374636.33,泸州老窖,000568.SZ
2017-10-25,sz.000568,57.78,8267843,478337459.23,泸州老窖,000568.SZ
2017-10-26,sz.000568,58.85,18630290,1110737224.18,泸州老窖,000568.SZ
2017-10-27,sz.000568,59.8,23039021,1353204943.26,泸州老窖,000568.SZ
2017-10-30,sz.000568,59.85,15569419,919397754.11,泸州老窖,000568.SZ
2017-10-31,sz.000568,60.88,15362526,928423080.94,泸州老窖,000568.SZ
2017-11-01,sz.000568,62.26,17753122,1102492528.06,泸州老窖,000568.SZ
2017-11-02,sz.000568,65.3,21444898,1390318033.64,泸州老窖,000568.SZ
2017-11-03,sz.000568,64.91,14099938,919544533.13,泸州老窖,000568.SZ
2017-11-06,sz.000568,66.44,14196073,931012137.26,泸州老窖,000568.SZ
2017-11-07,sz.000568,66.6,12203771,823341956.9,泸州老窖,000568.SZ
2017-11-08,sz.000568,65.01,18439521,1220680870.97,泸州老窖,000568.SZ
2017-11-09,sz.000568,67.11,17722230,1162043953.87,泸州老窖,000568.SZ
2017-11-10,sz.000568,68.49,15749625,1071909851.47,泸州老窖,000568.SZ
2017-11-13,sz.000568,67.58,10529129,714767964.44,泸州老窖,000568.SZ
2017-11-14,sz.000568,65.58,14915725,981065089.31,泸州老窖,000568.SZ
2017-11-15,sz.000568,67.31,15823793,1046879027.59,泸州老窖,000568.SZ
2017-11-16,sz.000568,70.63,22056713,1529951917.74,泸州老窖,000568.SZ
2017-11-17,sz.000568,69.01,22154690,1521179684.56,泸州老窖,000568.SZ
2017-11-20,sz.000568,68.49,13356066,902888900.21,泸州老窖,000568.SZ
2017-11-21,sz.000568,70.17,16579556,1135392849.91,泸州老窖,000568.SZ
2017-11-22,sz.000568,67.67,14436973,988791690.32,泸州老窖,000568.SZ
2017-11-23,sz.000568,63.51,18199047,1173149595.13,泸州老窖,000568.SZ
2017-11-24,sz.000568,64.16,16950859,1058799894.91,泸州老窖,000568.SZ
2017-11-27,sz.000568,62.92,13688222,856902153.09,泸州老窖,000568.SZ
2017-11-28,sz.000568,62.99,10921733,688756062.33,泸州老窖,000568.SZ
2017-11-29,sz.000568,60.86,14458071,882446568.01,泸州老窖,000568.SZ
2017-11-30,sz.000568,59.28,12456577,746465063.92,泸州老窖,000568.SZ
2017-12-01,sz.000568,60.01,9491685,567391984.91,泸州老窖,000568.SZ
2017-12-04,sz.000568,62.35,11848020,733527596.2,泸州老窖,000568.SZ
2017-12-05,sz.000568,62.61,13791914,868337833.52,泸州老窖,000568.SZ
2017-12-06,sz.000568,61.05,12786289,787385866.55,泸州老窖,000568.SZ
2017-12-07,sz.000568,59.22,11738450,698483285.63,泸州老窖,000568.SZ
2017-12-08,sz.000568,60.7,10972187,660666040.15,泸州老窖,000568.SZ
2017-12-11,sz.000568,63.62,16716703,1053727441.34,泸州老窖,000568.SZ
2017-12-12,sz.000568,62.91,7363462,466811988.98,泸州老窖,000568.SZ
2017-12-13,sz.000568,65.74,11467562,737591941.2,泸州老窖,000568.SZ
2017-12-14,sz.000568,65.77,8588429,563956699.0,泸州老窖,000568.SZ
2017-12-15,sz.000568,65.0,7964947,524694477.96,泸州老窖,000568.SZ
2017-12-18,sz.000568,66.76,11489236,769061663.94,泸州老窖,000568.SZ
2017-12-19,sz.000568,66.99,9658311,650651659.71,泸州老窖,000568.SZ
2017-12-20,sz.000568,68.2,13002046,883957629.16,泸州老窖,000568.SZ
2017-12-21,sz.000568,68.26,9680847,658543584.67,泸州老窖,000568.SZ
2017-12-22,sz.000568,66.12,13722485,914161204.22,泸州老窖,000568.SZ
2017-12-25,sz.000568,66.38,10984621,729514935.25,泸州老窖,000568.SZ
2017-12-26,sz.000568,65.34,8148809,532674370.3,泸州老窖,000568.SZ
2017-12-27,sz.000568,63.7,8730990,564515783.15,泸州老窖,000568.SZ
2017-12-28,sz.000568,66.35,18276198,1205672022.31,泸州老窖,000568.SZ
2017-12-29,sz.000568,66.0,12281448,819296082.79,泸州老窖,000568.SZ
2018-01-02,sz.000568,65.78,12305989,808575676.53,泸州老窖,000568.SZ
2018-01-03,sz.000568,66.4,10830007,715993452.26,泸州老窖,000568.SZ
2018-01-04,sz.000568,68.75,17043669,1155914380.23,泸州老窖,000568.SZ
2018-01-05,sz.000568,68.05,10279909,700279713.9,泸州老窖,000568.SZ
2018-01-08,sz.000568,68.45,10807965,740472952.42,泸州老窖,000568.SZ
2018-01-09,sz.000568,70.3,13116152,921100618.36,泸州老窖,000568.SZ
2018-01-10,sz.000568,70.93,12549450,878610047.64,泸州老窖,000568.SZ
2018-01-11,sz.000568,70.14,7453183,525284112.94,泸州老窖,000568.SZ
2018-01-12,sz.000568,71.02,8269037,584957182.28,泸州老窖,000568.SZ
2018-01-15,sz.000568,72.78,17205121,1259865404.81,泸州老窖,000568.SZ
2018-01-16,sz.000568,73.37,11918088,881478820.09,泸州老窖,000568.SZ
2018-01-17,sz.000568,70.07,12999052,922970472.74,泸州老窖,000568.SZ
2018-01-18,sz.000568,70.15,16757741,1171162447.28,泸州老窖,000568.SZ
2018-01-19,sz.000568,67.89,17173326,1180361503.0,泸州老窖,000568.SZ
2018-01-22,sz.000568,70.9,13908056,964597420.3,泸州老窖,000568.SZ
2018-01-23,sz.000568,70.52,8761671,616077834.59,泸州老窖,000568.SZ
2018-01-24,sz.000568,68.75,11908873,820479194.86,泸州老窖,000568.SZ
2018-01-25,sz.000568,68.61,11220336,761520613.74,泸州老窖,000568.SZ
2018-01-26,sz.000568,68.99,8776957,602629979.59,泸州老窖,000568.SZ
2018-01-29,sz.000568,65.8,18409194,1226211542.84,泸州老窖,000568.SZ
2018-01-30,sz.000568,65.09,14669159,950377435.5,泸州老窖,000568.SZ
2018-01-31,sz.000568,65.31,11662786,766388096.97,泸州老窖,000568.SZ
2018-02-01,sz.000568,63.01,19022232,1196336869.77,泸州老窖,000568.SZ
2018-02-02,sz.000568,63.4,12231473,764578706.6,泸州老窖,000568.SZ
2018-02-05,sz.000568,59.48,22367059,1331786304.13,泸州老窖,000568.SZ
2018-02-06,sz.000568,59.24,13875555,821402946.44,泸州老窖,000568.SZ
2018-02-07,sz.000568,55.68,14626833,853042278.49,泸州老窖,000568.SZ
2018-02-08,sz.000568,56.45,10867723,615985816.87,泸州老窖,000568.SZ
2018-02-09,sz.000568,55.45,15085080,817978731.19,泸州老窖,000568.SZ
2018-02-12,sz.000568,58.59,12718614,739068111.37,泸州老窖,000568.SZ
2018-02-13,sz.000568,58.18,7885548,465771398.62,泸州老窖,000568.SZ
2018-02-14,sz.000568,59.3,5982264,351380186.14,泸州老窖,000568.SZ
2018-02-22,sz.000568,62.4,7999639,489823215.36,泸州老窖,000568.SZ
2018-02-23,sz.000568,61.86,5319398,330285247.96,泸州老窖,000568.SZ
2018-02-26,sz.000568,61.55,6910114,423613699.44,泸州老窖,000568.SZ
2018-02-27,sz.000568,60.09,6238354,379823537.11,泸州老窖,000568.SZ
2018-02-28,sz.000568,58.41,9235862,541357271.37,泸州老窖,000568.SZ
2018-03-01,sz.000568,59.46,6505154,386350683.04,泸州老窖,000568.SZ
2018-03-02,sz.000568,59.69,5036496,299837269.67,泸州老窖,000568.SZ
2018-03-05,sz.000568,57.7,6720221,392100611.38,泸州老窖,000568.SZ
2018-03-06,sz.000568,57.88,8717672,498220838.7,泸州老窖,000568.SZ
2018-03-07,sz.000568,58.0,5899840,344206263.02,泸州老窖,000568.SZ
2018-03-08,sz.000568,59.34,5906458,347350387.43,泸州老窖,000568.SZ
2018-03-09,sz.000568,59.82,8080023,486464023.06,泸州老窖,000568.SZ
2018-03-12,sz.000568,59.06,7342424,431774605.52,泸州老窖,000568.SZ
2018-03-13,sz.000568,58.04,6396993,373712854.56,泸州老窖,000568.SZ
2018-03-14,sz.000568,60.25,9987051,595085275.65,泸州老窖,000568.SZ
2018-03-15,sz.000568,61.8,9904239,613681520.84,泸州老窖,000568.SZ
2018-03-16,sz.000568,60.78,5174285,318787876.16,泸州老窖,000568.SZ
2018-03-19,sz.000568,60.96,3658258,222704180.49,泸州老窖,000568.SZ
2018-03-20,sz.000568,59.92,3934845,235662236.23,泸州老窖,000568.SZ
2018-03-21,sz.000568,59.7,3643661,218653099.18,泸州老窖,000568.SZ
2018-03-22,sz.000568,57.26,8235235,476504873.11,泸州老窖,000568.SZ
2018-03-23,sz.000568,56.95,11586649,651444434.74,泸州老窖,000568.SZ
2018-03-26,sz.000568,56.63,7847208,444146300.26,泸州老窖,000568.SZ
2018-03-27,sz.000568,55.75,10163181,566973400.48,泸州老窖,000568.SZ
2018-03-28,sz.000568,52.81,14288693,768891386.66,泸州老窖,000568.SZ
2018-03-29,sz.000568,56.69,16557202,913383109.08,泸州老窖,000568.SZ
2018-03-30,sz.000568,56.75,9829949,560324796.48,泸州老窖,000568.SZ
2018-04-02,sz.000568,57.97,10704448,619370827.93,泸州老窖,000568.SZ
2018-04-03,sz.000568,59.63,14064531,839311797.85,泸州老窖,000568.SZ
2018-04-04,sz.000568,60.71,14363592,884471161.93,泸州老窖,000568.SZ
2018-04-09,sz.000568,61.34,7881672,482276305.62,泸州老窖,000568.SZ
2018-04-10,sz.000568,61.56,6257648,380275801.97,泸州老窖,000568.SZ
2018-04-11,sz.000568,61.16,8349719,516704874.53,泸州老窖,000568.SZ
2018-04-12,sz.000568,61.89,6412988,396795609.64,泸州老窖,000568.SZ
2018-04-13,sz.000568,60.41,7738320,469382031.4,泸州老窖,000568.SZ
2018-04-16,sz.000568,61.37,9083989,548505179.77,泸州老窖,000568.SZ
2018-04-17,sz.000568,59.77,4495788,272572821.04,泸州老窖,000568.SZ
2018-04-18,sz.000568,58.44,8391842,490519792.1,泸州老窖,000568.SZ
2018-04-19,sz.000568,60.68,8363137,501569514.99,泸州老窖,000568.SZ
2018-04-20,sz.000568,60.49,8840983,536261212.36,泸州老窖,000568.SZ
2018-04-23,sz.000568,59.35,4869891,290263842.05,泸州老窖,000568.SZ
2018-04-24,sz.000568,62.67,11656903,725175138.36,泸州老窖,000568.SZ
2018-04-25,sz.000568,62.79,6445735,402076390.07,泸州老窖,000568.SZ
2018-04-26,sz.000568,60.13,15774262,951410785.95,泸州老窖,000568.SZ
2018-04-27,sz.000568,60.23,10196309,601373119.36,泸州老窖,000568.SZ
2018-05-02,sz.000568,59.51,8776184,517967314.73,泸州老窖,000568.SZ
2018-05-03,sz.000568,60.45,8548470,513984482.49,泸州老窖,000568.SZ
2018-05-04,sz.000568,60.62,7388342,451994797.74,泸州老窖,000568.SZ
2018-05-07,sz.000568,64.3,14295903,905478591.97,泸州老窖,000568.SZ
2018-05-08,sz.000568,64.51,10297085,665602556.48,泸州老窖,000568.SZ
2018-05-09,sz.000568,65.45,5325885,342983308.74,泸州老窖,000568.SZ
2018-05-10,sz.000568,66.05,9500732,624303318.32,泸州老窖,000568.SZ
2018-05-11,sz.000568,64.9,7388339,486112473.65,泸州老窖,000568.SZ
2018-05-14,sz.000568,66.98,8321539,550799784.93,泸州老窖,000568.SZ
2018-05-15,sz.000568,66.5,8917631,589224969.44,泸州老窖,000568.SZ
2018-05-16,sz.000568,66.9,8268264,554049050.94,泸州老窖,000568.SZ
2018-05-17,sz.000568,64.94,6143588,401892661.68,泸州老窖,000568.SZ
2018-05-18,sz.000568,65.95,5735432,374996582.25,泸州老窖,000568.SZ
2018-05-21,sz.000568,65.87,4152824,274343892.57,泸州老窖,000568.SZ
2018-05-22,sz.000568,66.86,6282024,419157888.84,泸州老窖,000568.SZ
2018-05-23,sz.000568,64.93,6229702,411265232.81,泸州老窖,000568.SZ
2018-05-24,sz.000568,64.65,5139593,333801830.89,泸州老窖,000568.SZ
2018-05-25,sz.000568,66.05,6867273,452584771.65,泸州老窖,000568.SZ
2018-05-28,sz.000568,68.45,10982118,743532541.68,泸州老窖,000568.SZ
2018-05-29,sz.000568,67.46,8722415,596416982.36,泸州老窖,000568.SZ
2018-05-30,sz.000568,67.22,7892090,533458635.87,泸州老窖,000568.SZ
2018-05-31,sz.000568,69.1,11431575,786037311.57,泸州老窖,000568.SZ
2018-06-01,sz.000568,67.68,8053952,548415759.38,泸州老窖,000568.SZ
2018-06-04,sz.000568,69.54,12740729,876481781.77,泸州老窖,000568.SZ
2018-06-05,sz.000568,69.81,11012964,765222314.05,泸州老窖,000568.SZ
2018-06-06,sz.000568,69.28,8775747,611334446.49,泸州老窖,000568.SZ
2018-06-07,sz.000568,68.1,7420058,510272627.0,泸州老窖,000568.SZ
2018-06-08,sz.000568,68.29,5686128,386849936.36,泸州老窖,000568.SZ
2018-06-11,sz.000568,68.12,7597587,519984558.44,泸州老窖,000568.SZ
2018-06-12,sz.000568,70.0,10766906,748370584.23,泸州老窖,000568.SZ
2018-06-13,sz.000568,69.65,6158266,430808740.22,泸州老窖,000568.SZ
2018-06-14,sz.000568,67.19,10693493,721341083.24,泸州老窖,000568.SZ
2018-06-15,sz.000568,67.23,7375870,494777897.35,泸州老窖,000568.SZ
2018-06-19,sz.000568,65.29,8877687,587038233.58,泸州老窖,000568.SZ
2018-06-20,sz.000568,66.97,7855041,523171464.52,泸州老窖,000568.SZ
2018-06-21,sz.000568,65.61,4418955,295594529.93,泸州老窖,000568.SZ
2018-06-22,sz.000568,66.05,3254728,213215012.46,泸州老窖,000568.SZ
2018-06-25,sz.000568,66.5,5764994,387548986.73,泸州老窖,000568.SZ
2018-06-26,sz.000568,64.69,12628519,818692334.36,泸州老窖,000568.SZ
2018-06-27,sz.000568,62.65,12206877,766701640.42,泸州老窖,000568.SZ
2018-06-28,sz.000568,59.28,13540464,813282697.99,泸州老窖,000568.SZ
2018-06-29,sz.000568,60.86,6375046,384927142.83,泸州老窖,000568.SZ
2018-07-02,sz.000568,59.61,8137919,494568925.32,泸州老窖,000568.SZ
2018-07-03,sz.000568,57.47,20413994,1157655391.59,泸州老窖,000568.SZ
2018-07-04,sz.000568,55.77,12252209,691504228.41,泸州老窖,000568.SZ
2018-07-05,sz.000568,55.16,14378873,795551730.84,泸州老窖,000568.SZ
2018-07-06,sz.000568,55.34,12259412,678315644.41,泸州老窖,000568.SZ
2018-07-09,sz.000568,58.15,11018697,631547259.57,泸州老窖,000568.SZ
2018-07-10,sz.000568,58.83,7401162,433056487.07,泸州老窖,000568.SZ
2018-07-11,sz.000568,57.42,5831153,336357876.55,泸州老窖,000568.SZ
2018-07-12,sz.000568,59.46,9092584,533660676.0,泸州老窖,000568.SZ
2018-07-13,sz.000568,60.49,9421030,562931441.7,泸州老窖,000568.SZ
2018-07-16,sz.000568,58.72,7667284,450586449.01,泸州老窖,000568.SZ
2018-07-17,sz.000568,57.47,7522761,430018726.03,泸州老窖,000568.SZ
2018-07-18,sz.000568,56.18,8389875,478147215.79,泸州老窖,000568.SZ
2018-07-19,sz.000568,56.19,6986136,393649916.83,泸州老窖,000568.SZ
2018-07-20,sz.000568,56.37,7319618,407868181.61,泸州老窖,000568.SZ
2018-07-23,sz.000568,55.23,10553568,582780479.24,泸州老窖,000568.SZ
2018-07-24,sz.000568,57.46,12901588,732930041.82,泸州老窖,000568.SZ
2018-07-25,sz.000568,57.03,7013872,399567732.79,泸州老窖,000568.SZ
2018-07-26,sz.000568,56.16,5597007,316552274.79,泸州老窖,000568.SZ
2018-07-27,sz.000568,56.2,5479297,307924784.56,泸州老窖,000568.SZ
2018-07-30,sz.000568,55.15,6296549,347718495.83,泸州老窖,000568.SZ
2018-07-31,sz.000568,54.93,4384901,241327895.19,泸州老窖,000568.SZ
2018-08-01,sz.000568,53.41,7526505,406481633.63,泸州老窖,000568.SZ
2018-08-02,sz.000568,50.9,16487934,842408236.69,泸州老窖,000568.SZ
2018-08-03,sz.000568,48.68,12377542,616633134.52,泸州老窖,000568.SZ
2018-08-06,sz.000568,48.34,10844742,523212354.24,泸州老窖,000568.SZ
2018-08-07,sz.000568,49.24,9087853,443502518.43,泸州老窖,000568.SZ
2018-08-08,sz.000568,46.95,11433236,544271904.95,泸州老窖,000568.SZ
2018-08-09,sz.000568,48.79,11687648,565070942.09,泸州老窖,000568.SZ
2018-08-10,sz.000568,49.07,12738184,625281609.38,泸州老窖,000568.SZ
2018-08-13,sz.000568,47.9,10136363,482287063.54,泸州老窖,000568.SZ
2018-08-14,sz.000568,48.62,8621319,417469168.19,泸州老窖,000568.SZ
2018-08-15,sz.000568,46.62,12400275,582606334.03,泸州老窖,000568.SZ
2018-08-16,sz.000568,44.45,13298358,603978540.65,泸州老窖,000568.SZ
2018-08-17,sz.000568,44.11,9855170,439795322.31,泸州老窖,000568.SZ
2018-08-20,sz.000568,45.1,10275861,454475208.23,泸州老窖,000568.SZ
2018-08-21,sz.000568,46.88,12888876,596476769.22,泸州老窖,000568.SZ
2018-08-22,sz.000568,45.96,7679355,354653760.7,泸州老窖,000568.SZ
2018-08-23,sz.000568,45.86,7528727,346720946.77,泸州老窖,000568.SZ
2018-08-24,sz.000568,45.25,9322660,419080831.43,泸州老窖,000568.SZ
2018-08-27,sz.000568,47.17,12264885,572564338.7,泸州老窖,000568.SZ
2018-08-28,sz.000568,45.59,18484256,847652460.73,泸州老窖,000568.SZ
2018-08-29,sz.000568,45.46,10574502,477596297.84,泸州老窖,000568.SZ
2018-08-30,sz.000568,44.65,8992653,404641619.67,泸州老窖,000568.SZ
2018-08-31,sz.000568,43.09,15514971,670560950.08,泸州老窖,000568.SZ
2018-09-03,sz.000568,43.14,7677726,328282398.97,泸州老窖,000568.SZ
2018-09-04,sz.000568,43.3,9531197,409781758.51,泸州老窖,000568.SZ
2018-09-05,sz.000568,42.08,8225662,350326100.56,泸州老窖,000568.SZ
2018-09-06,sz.000568,40.8,16775915,690367286.34,泸州老窖,000568.SZ
2018-09-07,sz.000568,41.06,10753153,441376490.91,泸州老窖,000568.SZ
2018-09-10,sz.000568,41.13,8459902,347690918.36,泸州老窖,000568.SZ
2018-09-11,sz.000568,40.92,8405194,346698679.5,泸州老窖,000568.SZ
2018-09-12,sz.000568,40.83,8717204,354825981.7,泸州老窖,000568.SZ
2018-09-13,sz.000568,40.31,10554078,425605363.93,泸州老窖,000568.SZ
2018-09-14,sz.000568,41.38,14482226,590847418.23,泸州老窖,000568.SZ
2018-09-17,sz.000568,40.43,11050307,449894043.54,泸州老窖,000568.SZ
2018-09-18,sz.000568,42.41,14005715,580906679.98,泸州老窖,000568.SZ
2018-09-19,sz.000568,44.35,24921828,1101757195.34,泸州老窖,000568.SZ
2018-09-20,sz.000568,44.86,12924922,579731627.81,泸州老窖,000568.SZ
2018-09-21,sz.000568,47.31,17271942,800014140.5,泸州老窖,000568.SZ
2018-09-25,sz.000568,46.17,13589213,629927340.01,泸州老窖,000568.SZ
2018-09-26,sz.000568,47.03,24160578,1139541210.82,泸州老窖,000568.SZ
2018-09-27,sz.000568,47.56,14383751,677166047.28,泸州老窖,000568.SZ
2018-09-28,sz.000568,47.51,8689351,412719504.84,泸州老窖,000568.SZ
2018-10-08,sz.000568,44.51,12974847,590209038.53,泸州老窖,000568.SZ
2018-10-09,sz.000568,44.51,11490182,516201509.23,泸州老窖,000568.SZ
2018-10-10,sz.000568,41.7,18822536,809895189.17,泸州老窖,000568.SZ
2018-10-11,sz.000568,40.98,20750362,853664758.6,泸州老窖,000568.SZ
2018-10-12,sz.000568,43.65,17780159,754428590.33,泸州老窖,000568.SZ
2018-10-15,sz.000568,42.05,13552034,579037535.52,泸州老窖,000568.SZ
2018-10-16,sz.000568,42.29,9068047,385375607.39,泸州老窖,000568.SZ
2018-10-17,sz.000568,41.98,9608330,402608268.71,泸州老窖,000568.SZ
2018-10-18,sz.000568,41.46,11726257,484399633.91,泸州老窖,000568.SZ
2018-10-19,sz.000568,43.25,11972739,505938446.94,泸州老窖,000568.SZ
2018-10-22,sz.000568,46.26,16159233,735021785.87,泸州老窖,000568.SZ
2018-10-23,sz.000568,42.6,18652672,813999933.89,泸州老窖,000568.SZ
2018-10-24,sz.000568,40.95,19205935,788098098.13,泸州老窖,000568.SZ
2018-10-25,sz.000568,39.45,18257281,717257341.79,泸州老窖,000568.SZ
2018-10-26,sz.000568,38.36,18526670,713743534.71,泸州老窖,000568.SZ
2018-10-29,sz.000568,35.6,22962484,821149782.67,泸州老窖,000568.SZ
2018-10-30,sz.000568,36.65,13390233,487912199.22,泸州老窖,000568.SZ
2018-10-31,sz.000568,38.06,12764218,482412566.41,泸州老窖,000568.SZ
2018-11-01,sz.000568,38.28,16493090,643861934.63,泸州老窖,000568.SZ
2018-11-02,sz.000568,41.0,19506629,778707186.04,泸州老窖,000568.SZ
2018-11-05,sz.000568,39.59,11160713,442206810.3,泸州老窖,000568.SZ
2018-11-06,sz.000568,38.85,10050293,387670013.43,泸州老窖,000568.SZ
2018-11-07,sz.000568,38.92,6919743,271238015.82,泸州老窖,000568.SZ
2018-11-08,sz.000568,39.06,6942943,273018009.79,泸州老窖,000568.SZ
2018-11-09,sz.000568,38.97,8745291,341168727.75,泸州老窖,000568.SZ
2018-11-12,sz.000568,38.78,11522589,443049771.8,泸州老窖,000568.SZ
2018-11-13,sz.000568,40.55,16541568,657017548.59,泸州老窖,000568.SZ
2018-11-14,sz.000568,39.95,8292427,331631786.24,泸州老窖,000568.SZ
2018-11-15,sz.000568,40.4,7525944,303574604.95,泸州老窖,000568.SZ
2018-11-16,sz.000568,40.29,5749330,232351613.68,泸州老窖,000568.SZ
2018-11-19,sz.000568,41.44,8758465,361023139.36,泸州老窖,000568.SZ
2018-11-20,sz.000568,40.32,5876188,238412602.39,泸州老窖,000568.SZ
2018-11-21,sz.000568,41.19,8141789,334283563.39,泸州老窖,000568.SZ
2018-11-22,sz.000568,41.3,5649533,232509999.57,泸州老窖,000568.SZ
2018-11-23,sz.000568,40.23,5738824,232341616.0,泸州老窖,000568.SZ
2018-11-26,sz.000568,40.02,4001430,160962324.24,泸州老窖,000568.SZ
2018-11-27,sz.000568,39.78,5005083,199204152.09,泸州老窖,000568.SZ
2018-11-28,sz.000568,40.22,6532659,262654689.02,泸州老窖,000568.SZ
2018-11-29,sz.000568,39.95,6807500,276487457.64,泸州老窖,000568.SZ
2018-11-30,sz.000568,41.0,9302027,378692329.67,泸州老窖,000568.SZ
2018-12-03,sz.000568,42.9,14575829,623174517.64,泸州老窖,000568.SZ
2018-12-04,sz.000568,42.95,7755320,332668022.25,泸州老窖,000568.SZ
2018-12-05,sz.000568,43.82,12501373,546888268.06,泸州老窖,000568.SZ
2018-12-06,sz.000568,42.28,9389294,401717104.43,泸州老窖,000568.SZ
2018-12-07,sz.000568,42.61,6946643,296429735.18,泸州老窖,000568.SZ
2018-12-10,sz.000568,42.25,4897703,206859943.43,泸州老窖,000568.SZ
2018-12-11,sz.000568,42.46,5040437,213368498.04,泸州老窖,000568.SZ
2018-12-12,sz.000568,43.24,7336500,315134936.1,泸州老窖,000568.SZ
2018-12-13,sz.000568,44.03,9996286,439185961.31,泸州老窖,000568.SZ
2018-12-14,sz.000568,43.2,6389152,278915676.34,泸州老窖,000568.SZ
2018-12-17,sz.000568,42.64,6587628,281340437.12,泸州老窖,000568.SZ
2018-12-18,sz.000568,42.88,6081730,259910412.92,泸州老窖,000568.SZ
2018-12-19,sz.000568,41.3,10448504,441119010.97,泸州老窖,000568.SZ
2018-12-20,sz.000568,41.05,7784414,318450044.03,泸州老窖,000568.SZ
2018-12-21,sz.000568,39.68,12171425,484466224.47,泸州老窖,000568.SZ
2018-12-24,sz.000568,40.16,5518943,220907813.92,泸州老窖,000568.SZ
2018-12-25,sz.000568,40.53,6195374,248159329.22,泸州老窖,000568.SZ
2018-12-26,sz.000568,39.69,6338381,255183622.21,泸州老窖,000568.SZ
2018-12-27,sz.000568,40.1,7791455,313721631.47,泸州老窖,000568.SZ
2018-12-28,sz.000568,40.66,6874734,277760897.81,泸州老窖,000568.SZ
2019-01-02,sz.000568,39.6,9150271,368147513.84,泸州老窖,000568.SZ
2019-01-03,sz.000568,38.13,11186214,429878979.41,泸州老窖,000568.SZ
2019-01-04,sz.000568,38.97,9950175,382548071.96,泸州老窖,000568.SZ
2019-01-07,sz.000568,38.72,10889766,421519651.93,泸州老窖,000568.SZ
2019-01-08,sz.000568,38.77,7180847,277935868.96,泸州老窖,000568.SZ
2019-01-09,sz.000568,39.49,11696546,463026589.17,泸州老窖,000568.SZ
2019-01-10,sz.000568,38.81,8317330,322823861.16,泸州老窖,000568.SZ
2019-01-11,sz.000568,39.3,8345117,324832921.06,泸州老窖,000568.SZ
2019-01-14,sz.000568,38.47,5896410,227598622.6,泸州老窖,000568.SZ
2019-01-15,sz.000568,41.83,21871802,882947470.74,泸州老窖,000568.SZ
2019-01-16,sz.000568,41.11,13422247,554003250.8,泸州老窖,000568.SZ
2019-01-17,sz.000568,41.08,9070388,374232461.15,泸州老窖,000568.SZ
2019-01-18,sz.000568,42.2,16815970,711219703.0,泸州老窖,000568.SZ
2019-01-21,sz.000568,42.63,15310417,658055271.21,泸州老窖,000568.SZ
2019-01-22,sz.000568,42.05,5703452,240319302.11,泸州老窖,000568.SZ
2019-01-23,sz.000568,42.26,5407365,228446355.17,泸州老窖,000568.SZ
2019-01-24,sz.000568,42.41,7108146,300044921.45,泸州老窖,000568.SZ
2019-01-25,sz.000568,42.72,10815196,464137617.71,泸州老窖,000568.SZ
2019-01-28,sz.000568,43.12,12893694,562710347.35,泸州老窖,000568.SZ
2019-01-29,sz.000568,43.38,10515457,452442849.88,泸州老窖,000568.SZ
2019-01-30,sz.000568,42.18,10390036,445943869.04,泸州老窖,000568.SZ
2019-01-31,sz.000568,42.67,14634242,621067415.3,泸州老窖,000568.SZ
2019-02-01,sz.000568,43.75,14292824,617471392.43,泸州老窖,000568.SZ
2019-02-11,sz.000568,46.81,22428846,1030908717.73,泸州老窖,000568.SZ
2019-02-12,sz.000568,47.48,16686666,794284241.69,泸州老窖,000568.SZ
2019-02-13,sz.000568,47.71,13703358,650785815.06,泸州老窖,000568.SZ
2019-02-14,sz.000568,48.86,16492973,800613213.44,泸州老窖,000568.SZ
2019-02-15,sz.000568,47.7,12338820,593074526.39,泸州老窖,000568.SZ
2019-02-18,sz.000568,49.88,14120089,693750584.77,泸州老窖,000568.SZ
2019-02-19,sz.000568,50.02,13521712,680760613.64,泸州老窖,000568.SZ
2019-02-20,sz.000568,50.26,10414220,523727994.39,泸州老窖,000568.SZ
2019-02-21,sz.000568,49.8,9070642,453106061.93,泸州老窖,000568.SZ
2019-02-22,sz.000568,50.1,11320974,560490274.4,泸州老窖,000568.SZ
2019-02-25,sz.000568,52.39,18511291,954467676.94,泸州老窖,000568.SZ
2019-02-26,sz.000568,50.85,15397470,790117662.49,泸州老窖,000568.SZ
2019-02-27,sz.000568,51.28,19280915,1003577293.15,泸州老窖,000568.SZ
2019-02-28,sz.000568,51.24,15866651,809238373.6,泸州老窖,000568.SZ
2019-03-01,sz.000568,53.49,17452088,914823498.16,泸州老窖,000568.SZ
2019-03-04,sz.000568,54.4,21643816,1177824689.37,泸州老窖,000568.SZ
2019-03-05,sz.000568,54.18,12306738,665951356.45,泸州老窖,000568.SZ
2019-03-06,sz.000568,53.59,13650707,726284065.7,泸州老窖,000568.SZ
2019-03-07,sz.000568,51.58,23888304,1228358089.86,泸州老窖,000568.SZ
2019-03-08,sz.000568,49.88,21158857,1059755106.61,泸州老窖,000568.SZ
2019-03-11,sz.000568,51.45,17709376,899391038.73,泸州老窖,000568.SZ
2019-03-12,sz.000568,50.76,13821193,704775488.42,泸州老窖,000568.SZ
2019-03-13,sz.000568,50.45,11834145,600526427.8,泸州老窖,000568.SZ
2019-03-14,sz.000568,51.43,16706673,861139391.82,泸州老窖,000568.SZ
2019-03-15,sz.000568,53.27,18805232,1000991092.44,泸州老窖,000568.SZ
2019-03-18,sz.000568,58.6,30944578,1774445857.88,泸州老窖,000568.SZ
2019-03-19,sz.000568,59.16,26666474,1567204930.88,泸州老窖,000568.SZ
2019-03-20,sz.000568,60.91,26250078,1608094175.71,泸州老窖,000568.SZ
2019-03-21,sz.000568,60.02,14527692,876417974.43,泸州老窖,000568.SZ
2019-03-22,sz.000568,61.03,13839608,845712205.46,泸州老窖,000568.SZ
2019-03-25,sz.000568,59.71,10998403,661229479.68,泸州老窖,000568.SZ
2019-03-26,sz.000568,59.16,13740800,822711213.01,泸州老窖,000568.SZ
2019-03-27,sz.000568,61.54,14789218,909238237.88,泸州老窖,000568.SZ
2019-03-28,sz.000568,64.39,22279721,1419624726.58,泸州老窖,000568.SZ
2019-03-29,sz.000568,66.58,23219919,1547154060.49,泸州老窖,000568.SZ
2019-04-01,sz.000568,67.3,21103358,1401180349.29,泸州老窖,000568.SZ
2019-04-02,sz.000568,66.51,11336516,749385760.01,泸州老窖,000568.SZ
2019-04-03,sz.000568,65.7,12395443,811656251.3,泸州老窖,000568.SZ
2019-04-04,sz.000568,67.9,18857550,1262599828.05,泸州老窖,000568.SZ
2019-04-08,sz.000568,68.99,15024190,1046222222.56,泸州老窖,000568.SZ
2019-04-09,sz.000568,69.09,15319807,1045248277.77,泸州老窖,000568.SZ
2019-04-10,sz.000568,72.7,26919055,1917231797.4,泸州老窖,000568.SZ
2019-04-11,sz.000568,70.5,21562226,1519668825.72,泸州老窖,000568.SZ
2019-04-12,sz.000568,69.6,14494837,998085978.34,泸州老窖,000568.SZ
2019-04-15,sz.000568,67.55,16589133,1156538073.61,泸州老窖,000568.SZ
2019-04-16,sz.000568,69.02,10365759,702858208.25,泸州老窖,000568.SZ
2019-04-17,sz.000568,69.53,13273555,911890986.17,泸州老窖,000568.SZ
2019-04-18,sz.000568,69.15,7918406,550000172.49,泸州老窖,000568.SZ
2019-04-19,sz.000568,69.14,7642994,527827330.41,泸州老窖,000568.SZ
2019-04-22,sz.000568,69.98,15221957,1078993685.37,泸州老窖,000568.SZ
2019-04-23,sz.000568,72.45,16871137,1208071951.41,泸州老窖,000568.SZ
2019-04-24,sz.000568,71.74,13005187,932007696.01,泸州老窖,000568.SZ
2019-04-25,sz.000568,70.48,12330213,878992321.15,泸州老窖,000568.SZ
2019-04-26,sz.000568,75.43,27186827,2024528483.35,泸州老窖,000568.SZ
2019-04-29,sz.000568,76.37,18569379,1433994486.23,泸州老窖,000568.SZ
2019-04-30,sz.000568,77.88,12079231,940017564.45,泸州老窖,000568.SZ
2019-05-06,sz.000568,70.5,24671868,1772250752.37,泸州老窖,000568.SZ
2019-05-07,sz.000568,72.32,20121745,1454510145.74,泸州老窖,000568.SZ
2019-05-08,sz.000568,71.22,12550771,898992206.37,泸州老窖,000568.SZ
2019-05-09,sz.000568,67.7,20990047,1421358972.65,泸州老窖,000568.SZ
2019-05-10,sz.000568,71.81,20522409,1442261992.41,泸州老窖,000568.SZ
2019-05-13,sz.000568,71.7,15957037,1141213510.12,泸州老窖,000568.SZ
2019-05-14,sz.000568,70.65,14394978,1028343989.72,泸州老窖,000568.SZ
2019-05-15,sz.000568,77.72,20349809,1526038393.92,泸州老窖,000568.SZ
2019-05-16,sz.000568,81.0,21567607,1727505916.71,泸州老窖,000568.SZ
2019-05-17,sz.000568,77.35,22875722,1791288389.24,泸州老窖,000568.SZ
2019-05-20,sz.000568,74.1,24527486,1804593472.51,泸州老窖,000568.SZ
2019-05-21,sz.000568,75.74,18118990,1351857288.29,泸州老窖,000568.SZ
2019-05-22,sz.000568,73.65,14028260,1033290860.24,泸州老窖,000568.SZ
2019-05-23,sz.000568,70.55,17125972,1220225740.19,泸州老窖,000568.SZ
2019-05-24,sz.000568,72.2,17665092,1262231387.01,泸州老窖,000568.SZ
2019-05-27,sz.000568,72.31,13501230,965886125.56,泸州老窖,000568.SZ
2019-05-28,sz.000568,73.99,14069252,1028122324.4,泸州老窖,000568.SZ
2019-05-29,sz.000568,73.79,11293266,835276424.54,泸州老窖,000568.SZ
2019-05-30,sz.000568,72.0,12656432,911548547.58,泸州老窖,000568.SZ
2019-05-31,sz.000568,70.63,12955432,918276157.83,泸州老窖,000568.SZ
2019-06-03,sz.000568,69.6,13361775,935694346.9,泸州老窖,000568.SZ
2019-06-04,sz.000568,67.9,16442565,1121115565.74,泸州老窖,000568.SZ
2019-06-05,sz.000568,68.16,11223206,767188633.06,泸州老窖,000568.SZ
2019-06-06,sz.000568,66.8,11876507,798968513.47,泸州老窖,000568.SZ
2019-06-10,sz.000568,67.91,13112067,883272264.45,泸州老窖,000568.SZ
2019-06-11,sz.000568,72.05,25231335,1792719190.69,泸州老窖,000568.SZ
2019-06-12,sz.000568,71.29,10718205,766992208.0,泸州老窖,000568.SZ
2019-06-13,sz.000568,70.73,8817660,622357800.59,泸州老窖,000568.SZ
2019-06-14,sz.000568,70.24,9821547,695344309.93,泸州老窖,000568.SZ
2019-06-17,sz.000568,69.82,7674802,536832620.42,泸州老窖,000568.SZ
2019-06-18,sz.000568,69.7,7692758,533591415.13,泸州老窖,000568.SZ
2019-06-19,sz.000568,71.0,11546970,825325894.04,泸州老窖,000568.SZ
2019-06-20,sz.000568,74.16,20759795,1524276747.41,泸州老窖,000568.SZ
2019-06-21,sz.000568,75.8,18485131,1386870739.45,泸州老窖,000568.SZ
2019-06-24,sz.000568,76.9,16282940,1258011673.25,泸州老窖,000568.SZ
2019-06-25,sz.000568,77.2,13421221,1028645603.55,泸州老窖,000568.SZ
2019-06-26,sz.000568,76.24,7881403,602002489.03,泸州老窖,000568.SZ
2019-06-27,sz.000568,80.93,18465996,1476931431.05,泸州老窖,000568.SZ
2019-06-28,sz.000568,80.83,10790322,874303404.26,泸州老窖,000568.SZ
2019-07-01,sz.000568,83.65,17597588,1477894072.74,泸州老窖,000568.SZ
2019-07-02,sz.000568,84.18,12483316,1049188306.35,泸州老窖,000568.SZ
2019-07-03,sz.000568,82.77,18861839,1577751161.47,泸州老窖,000568.SZ
2019-07-04,sz.000568,81.43,13251513,1080610018.3,泸州老窖,000568.SZ
2019-07-05,sz.000568,84.9,17369192,1457398367.27,泸州老窖,000568.SZ
2019-07-08,sz.000568,83.7,12557675,1050453838.71,泸州老窖,000568.SZ
2019-07-09,sz.000568,83.51,13699071,1156191116.39,泸州老窖,000568.SZ
2019-07-10,sz.000568,85.1,11980415,1013339257.77,泸州老窖,000568.SZ
2019-07-11,sz.000568,86.0,16735033,1449164302.46,泸州老窖,000568.SZ
2019-07-12,sz.000568,88.45,11125241,969377380.99,泸州老窖,000568.SZ
2019-07-15,sz.000568,87.48,12560744,1092176882.9,泸州老窖,000568.SZ
2019-07-16,sz.000568,84.9,14593355,1245240999.51,泸州老窖,000568.SZ
2019-07-17,sz.000568,84.41,11863137,1002773234.3,泸州老窖,000568.SZ
2019-07-18,sz.000568,83.66,7624163,642366750.95,泸州老窖,000568.SZ
2019-07-19,sz.000568,84.45,7780020,656981454.89,泸州老窖,000568.SZ
2019-07-22,sz.000568,85.2,7371690,624535076.53,泸州老窖,000568.SZ
2019-07-23,sz.000568,81.1,23628075,1919417173.94,泸州老窖,000568.SZ
2019-07-24,sz.000568,81.22,14561672,1180658063.48,泸州老窖,000568.SZ
2019-07-25,sz.000568,81.81,13188690,1058405702.4,泸州老窖,000568.SZ
2019-07-26,sz.000568,82.21,9246780,763383281.56,泸州老窖,000568.SZ
2019-07-29,sz.000568,82.93,8242555,683258415.82,泸州老窖,000568.SZ
2019-07-30,sz.000568,82.19,7701635,634657535.24,泸州老窖,000568.SZ
2019-07-31,sz.000568,80.64,8111328,656896764.14,泸州老窖,000568.SZ
2019-08-01,sz.000568,79.87,9777111,784121713.48,泸州老窖,000568.SZ
2019-08-02,sz.000568,79.81,9288327,735140251.14,泸州老窖,000568.SZ
2019-08-05,sz.000568,77.31,10343641,807381796.57,泸州老窖,000568.SZ
2019-08-06,sz.000568,78.9,11767603,917666438.46,泸州老窖,000568.SZ
2019-08-07,sz.000568,77.99,6717191,527325644.72,泸州老窖,000568.SZ
2019-08-08,sz.000568,79.3,6823044,541586067.61,泸州老窖,000568.SZ
2019-08-09,sz.000568,77.38,9820286,770771987.13,泸州老窖,000568.SZ
2019-08-12,sz.000568,79.63,12808963,1009711888.36,泸州老窖,000568.SZ
2019-08-13,sz.000568,79.2,5596761,443570351.52,泸州老窖,000568.SZ
2019-08-14,sz.000568,83.52,17594746,1456910575.71,泸州老窖,000568.SZ
2019-08-15,sz.000568,84.28,12903141,1077207450.23,泸州老窖,000568.SZ
2019-08-16,sz.000568,86.0,12817066,1097887763.09,泸州老窖,000568.SZ
2019-08-19,sz.000568,86.2,11309835,968612883.39,泸州老窖,000568.SZ
2019-08-20,sz.000568,86.3,9206399,793191955.79,泸州老窖,000568.SZ
2019-08-21,sz.000568,86.6,9916609,859936752.15,泸州老窖,000568.SZ
2019-08-22,sz.000568,87.66,13532672,1169585178.18,泸州老窖,000568.SZ
2019-08-23,sz.000568,88.69,10311696,918068121.94,泸州老窖,000568.SZ
2019-08-26,sz.000568,86.87,9102398,792263669.23,泸州老窖,000568.SZ
2019-08-27,sz.000568,89.25,11121853,991088852.21,泸州老窖,000568.SZ
2019-08-28,sz.000568,88.85,9502200,848994147.06,泸州老窖,000568.SZ
2019-08-29,sz.000568,92.28,16999268,1552010374.07,泸州老窖,000568.SZ
2019-08-30,sz.000568,96.88,17028947,1632071610.14,泸州老窖,000568.SZ
2019-09-02,sz.000568,98.07,15696478,1515451086.39,泸州老窖,000568.SZ
2019-09-03,sz.000568,96.16,13399415,1288866038.78,泸州老窖,000568.SZ
2019-09-04,sz.000568,94.25,13850908,1303071672.77,泸州老窖,000568.SZ
2019-09-05,sz.000568,94.5,11873497,1126155203.17,泸州老窖,000568.SZ
2019-09-06,sz.000568,94.03,10455879,980492703.45,泸州老窖,000568.SZ
2019-09-09,sz.000568,93.25,12147884,1134065638.22,泸州老窖,000568.SZ
2019-09-10,sz.000568,92.7,9093169,840358525.56,泸州老窖,000568.SZ
2019-09-11,sz.000568,87.51,25129696,2216816986.56,泸州老窖,000568.SZ
2019-09-12,sz.000568,88.89,15209468,1346716419.24,泸州老窖,000568.SZ
2019-09-16,sz.000568,86.79,17189732,1494311647.32,泸州老窖,000568.SZ
2019-09-17,sz.000568,87.82,13067413,1147703825.35,泸州老窖,000568.SZ
2019-09-18,sz.000568,90.2,18794430,1690221463.5,泸州老窖,000568.SZ
2019-09-19,sz.000568,88.7,14451379,1276102672.48,泸州老窖,000568.SZ
2019-09-20,sz.000568,89.0,14508574,1286668804.91,泸州老窖,000568.SZ
2019-09-23,sz.000568,87.65,8468078,741931239.48,泸州老窖,000568.SZ
2019-09-24,sz.000568,88.5,13325888,1182070739.5,泸州老窖,000568.SZ
2019-09-25,sz.000568,88.01,7793042,688425757.84,泸州老窖,000568.SZ
2019-09-26,sz.000568,87.74,8511863,752481692.49,泸州老窖,000568.SZ
2019-09-27,sz.000568,87.22,11095537,962565470.05,泸州老窖,000568.SZ
2019-09-30,sz.000568,85.22,9361839,804966738.83,泸州老窖,000568.SZ
2019-10-08,sz.000568,88.25,12314176,1086022746.89,泸州老窖,000568.SZ
2019-10-09,sz.000568,87.48,7634969,666326706.86,泸州老窖,000568.SZ
2019-10-10,sz.000568,86.68,11378043,972300395.39,泸州老窖,000568.SZ
2019-10-11,sz.000568,87.67,9382328,821460169.19,泸州老窖,000568.SZ
2019-10-14,sz.000568,87.66,8170552,716701639.75,泸州老窖,000568.SZ
2019-10-15,sz.000568,88.33,11141494,984451283.92,泸州老窖,000568.SZ
2019-10-16,sz.000568,85.82,14439614,1242540432.33,泸州老窖,000568.SZ
2019-10-17,sz.000568,86.12,5520278,473890022.43,泸州老窖,000568.SZ
2019-10-18,sz.000568,84.5,8140854,691151216.5,泸州老窖,000568.SZ
2019-10-21,sz.000568,83.57,8905505,746288360.71,泸州老窖,000568.SZ
2019-10-22,sz.000568,85.1,7725368,650913242.66,泸州老窖,000568.SZ
2019-10-23,sz.000568,84.0,5825132,493150487.86,泸州老窖,000568.SZ
2019-10-24,sz.000568,81.75,10588443,869833368.8,泸州老窖,000568.SZ
2019-10-25,sz.000568,83.0,7557821,623956706.76,泸州老窖,000568.SZ
2019-10-28,sz.000568,84.88,9322278,788324928.72,泸州老窖,000568.SZ
2019-10-29,sz.000568,85.83,11387681,978645463.79,泸州老窖,000568.SZ
2019-10-30,sz.000568,85.8,6422760,548697425.84,泸州老窖,000568.SZ
2019-10-31,sz.000568,87.2,14139530,1245594843.05,泸州老窖,000568.SZ
2019-11-01,sz.000568,88.2,11879288,1042022294.59,泸州老窖,000568.SZ
2019-11-04,sz.000568,87.4,13345418,1174229460.36,泸州老窖,000568.SZ
2019-11-05,sz.000568,86.75,9744926,846782669.93,泸州老窖,000568.SZ
2019-11-06,sz.000568,84.86,10563395,902308775.24,泸州老窖,000568.SZ
2019-11-07,sz.000568,84.91,6801144,576532078.23,泸州老窖,000568.SZ
2019-11-08,sz.000568,85.62,9395269,807203837.75,泸州老窖,000568.SZ
2019-11-11,sz.000568,85.0,6466338,549199517.24,泸州老窖,000568.SZ
2019-11-12,sz.000568,85.23,5721977,485545903.22,泸州老窖,000568.SZ
2019-11-13,sz.000568,86.45,8466065,727799482.48,泸州老窖,000568.SZ
2019-11-14,sz.000568,86.46,10032110,871974483.39,泸州老窖,000568.SZ
2019-11-15,sz.000568,85.21,7307927,624852564.5,泸州老窖,000568.SZ
2019-11-18,sz.000568,85.06,7139743,603069707.98,泸州老窖,000568.SZ
2019-11-19,sz.000568,85.52,6352256,544139778.28,泸州老窖,000568.SZ
2019-11-20,sz.000568,87.0,13627385,1189174909.36,泸州老窖,000568.SZ
2019-11-21,sz.000568,87.48,7719167,676139979.53,泸州老窖,000568.SZ
2019-11-22,sz.000568,84.2,14110738,1201937280.65,泸州老窖,000568.SZ
2019-11-25,sz.000568,84.35,9749199,811240920.21,泸州老窖,000568.SZ
2019-11-26,sz.000568,85.3,9281611,790480754.82,泸州老窖,000568.SZ
2019-11-27,sz.000568,85.83,7502334,645480623.62,泸州老窖,000568.SZ
2019-11-28,sz.000568,84.5,7444715,632173962.15,泸州老窖,000568.SZ
2019-11-29,sz.000568,81.75,14570688,1196783443.42,泸州老窖,000568.SZ
2019-12-02,sz.000568,81.74,7592210,620331821.42,泸州老窖,000568.SZ
2019-12-03,sz.000568,80.36,10070890,808116311.8,泸州老窖,000568.SZ
2019-12-04,sz.000568,81.72,8085665,658199036.23,泸州老窖,000568.SZ
2019-12-05,sz.000568,81.49,6688569,544605363.76,泸州老窖,000568.SZ
2019-12-06,sz.000568,82.59,9684467,797714974.79,泸州老窖,000568.SZ
2019-12-09,sz.000568,82.36,6048461,499406480.01,泸州老窖,000568.SZ
2019-12-10,sz.000568,81.93,7210623,589317718.33,泸州老窖,000568.SZ
2019-12-11,sz.000568,80.89,5948895,481697806.56,泸州老窖,000568.SZ
2019-12-12,sz.000568,80.49,5857017,471843491.71,泸州老窖,000568.SZ
2019-12-13,sz.000568,82.0,9803622,802329554.28,泸州老窖,000568.SZ
2019-12-16,sz.000568,81.6,7490391,610198247.44,泸州老窖,000568.SZ
2019-12-17,sz.000568,83.04,10581777,873623976.21,泸州老窖,000568.SZ
2019-12-18,sz.000568,82.5,7474573,619732347.41,泸州老窖,000568.SZ
2019-12-19,sz.000568,82.0,5778722,472071011.64,泸州老窖,000568.SZ
2019-12-20,sz.000568,82.15,5054107,414735791.57,泸州老窖,000568.SZ
2019-12-23,sz.000568,81.61,6309531,516679145.13,泸州老窖,000568.SZ
2019-12-24,sz.000568,82.05,3966581,325305762.56,泸州老窖,000568.SZ
2019-12-25,sz.000568,80.86,8552575,691814852.19,泸州老窖,000568.SZ
2019-12-26,sz.000568,80.73,6818454,549281134.05,泸州老窖,000568.SZ
2019-12-27,sz.000568,81.71,11134773,913715037.03,泸州老窖,000568.SZ
2019-12-30,sz.000568,85.73,24178132,2051980470.66,泸州老窖,000568.SZ
2019-12-31,sz.000568,86.68,14603913,1266693008.57,泸州老窖,000568.SZ
2020-01-02,sz.000568,85.45,16734111,1429489078.75,泸州老窖,000568.SZ
2020-01-03,sz.000568,85.79,12465768,1074108106.02,泸州老窖,000568.SZ
2020-01-06,sz.000568,85.62,8720029,746499548.64,泸州老窖,000568.SZ
2020-01-07,sz.000568,86.0,9184292,787221008.92,泸州老窖,000568.SZ
2020-01-08,sz.000568,84.85,7214211,613110043.19,泸州老窖,000568.SZ
2020-01-09,sz.000568,87.5,17676365,1534393827.56,泸州老窖,000568.SZ
2020-01-10,sz.000568,90.5,21465711,1930197066.32,泸州老窖,000568.SZ
2020-01-13,sz.000568,93.03,18976029,1772030179.76,泸州老窖,000568.SZ
2020-01-14,sz.000568,92.07,8973223,826979621.14,泸州老窖,000568.SZ
2020-01-15,sz.000568,92.34,8907122,827445730.04,泸州老窖,000568.SZ
2020-01-16,sz.000568,92.65,4994819,462384652.2,泸州老窖,000568.SZ
2020-01-17,sz.000568,91.8,5357166,493419304.2,泸州老窖,000568.SZ
2020-01-20,sz.000568,90.59,10856796,983616732.97,泸州老窖,000568.SZ
2020-01-21,sz.000568,87.26,15672876,1373275614.13,泸州老窖,000568.SZ
2020-01-22,sz.000568,87.51,8619480,749282295.15,泸州老窖,000568.SZ
2020-01-23,sz.000568,82.65,18786248,1570885071.6,泸州老窖,000568.SZ
2020-02-03,sz.000568,74.39,4440800,330351112.0,泸州老窖,000568.SZ
2020-02-04,sz.000568,72.12,43100487,3077752928.67,泸州老窖,000568.SZ
2020-02-05,sz.000568,72.4,30688674,2230127431.78,泸州老窖,000568.SZ
2020-02-06,sz.000568,73.89,18376932,1341103278.92,泸州老窖,000568.SZ
2020-02-07,sz.000568,74.76,17671559,1299849780.25,泸州老窖,000568.SZ
2020-02-10,sz.000568,73.72,17208674,1265595980.34,泸州老窖,000568.SZ
2020-02-11,sz.000568,77.4,21626058,1651211782.13,泸州老窖,000568.SZ
2020-02-12,sz.000568,77.49,13689545,1057427613.53,泸州老窖,000568.SZ
2020-02-13,sz.000568,77.5,12912409,1010605020.81,泸州老窖,000568.SZ
2020-02-14,sz.000568,77.72,8064951,623526997.77,泸州老窖,000568.SZ
2020-02-17,sz.000568,78.22,11316808,876266923.39,泸州老窖,000568.SZ
2020-02-18,sz.000568,77.7,8625404,669853135.61,泸州老窖,000568.SZ
2020-02-19,sz.000568,79.03,15259006,1203962407.64,泸州老窖,000568.SZ
2020-02-20,sz.000568,82.77,17795715,1458378224.73,泸州老窖,000568.SZ
2020-02-21,sz.000568,82.69,9530994,786572220.27,泸州老窖,000568.SZ
2020-02-24,sz.000568,81.11,11973734,968352955.36,泸州老窖,000568.SZ
2020-02-25,sz.000568,79.55,14748412,1167207848.53,泸州老窖,000568.SZ
2020-02-26,sz.000568,78.5,9747071,767928168.18,泸州老窖,000568.SZ
2020-02-27,sz.000568,79.02,8134393,645001018.31,泸州老窖,000568.SZ
2020-02-28,sz.000568,74.8,18180146,1375582292.74,泸州老窖,000568.SZ
2020-03-02,sz.000568,77.82,12266848,940271452.74,泸州老窖,000568.SZ
2020-03-03,sz.000568,79.0,11582835,917306973.0,泸州老窖,000568.SZ
2020-03-04,sz.000568,78.88,8122225,640139053.8,泸州老窖,000568.SZ
2020-03-05,sz.000568,83.4,23267771,1917881184.02,泸州老窖,000568.SZ
2020-03-06,sz.000568,81.38,13730391,1133973492.46,泸州老窖,000568.SZ
2020-03-09,sz.000568,77.8,11568965,911081062.73,泸州老窖,000568.SZ
2020-03-10,sz.000568,81.22,11413086,910343408.66,泸州老窖,000568.SZ
2020-03-11,sz.000568,81.51,15241879,1256478635.04,泸州老窖,000568.SZ
2020-03-12,sz.000568,80.25,9107640,725465649.35,泸州老窖,000568.SZ
2020-03-13,sz.000568,78.92,10726399,839818423.78,泸州老窖,000568.SZ
2020-03-16,sz.000568,74.05,16372454,1244996636.5,泸州老窖,000568.SZ
2020-03-17,sz.000568,71.65,17335056,1245893268.96,泸州老窖,000568.SZ
2020-03-18,sz.000568,69.77,11627586,834043147.21,泸州老窖,000568.SZ
2020-03-19,sz.000568,66.51,21292069,1420215228.61,泸州老窖,000568.SZ
2020-03-20,sz.000568,68.65,14614535,997565591.19,泸州老窖,000568.SZ
2020-03-23,sz.000568,66.63,9490790,636917242.8,泸州老窖,000568.SZ
2020-03-24,sz.000568,70.17,13797781,954421129.68,泸州老窖,000568.SZ
2020-03-25,sz.000568,72.91,12701351,923055557.86,泸州老窖,000568.SZ
2020-03-26,sz.000568,72.98,8624617,634785281.84,泸州老窖,000568.SZ
2020-03-27,sz.000568,74.5,11730975,883326875.78,泸州老窖,000568.SZ
2020-03-30,sz.000568,71.91,10235600,742051236.7,泸州老窖,000568.SZ
2020-03-31,sz.000568,73.65,7910758,582476019.9,泸州老窖,000568.SZ
2020-04-01,sz.000568,73.84,6979037,515435371.24,泸州老窖,000568.SZ
2020-04-02,sz.000568,74.25,7791504,571797867.82,泸州老窖,000568.SZ
2020-04-03,sz.000568,74.3,6515759,487033909.72,泸州老窖,000568.SZ
2020-04-07,sz.000568,76.24,9742247,745392714.65,泸州老窖,000568.SZ
2020-04-08,sz.000568,76.12,6048346,459439096.06,泸州老窖,000568.SZ
2020-04-09,sz.000568,76.35,5608460,428244616.39,泸州老窖,000568.SZ
2020-04-10,sz.000568,76.85,8810659,680797869.12,泸州老窖,000568.SZ
2020-04-13,sz.000568,78.13,8348621,648227874.09,泸州老窖,000568.SZ
2020-04-14,sz.000568,78.39,8480988,665249766.61,泸州老窖,000568.SZ
2020-04-15,sz.000568,78.63,7704333,610438477.92,泸州老窖,000568.SZ
2020-04-16,sz.000568,77.18,8279059,639544833.53,泸州老窖,000568.SZ
2020-04-17,sz.000568,78.33,9211819,724039518.8,泸州老窖,000568.SZ
2020-04-20,sz.000568,78.05,9030201,702719953.14,泸州老窖,000568.SZ
2020-04-21,sz.000568,74.73,18723008,1401405481.99,泸州老窖,000568.SZ
2020-04-22,sz.000568,77.28,14521815,1107057869.01,泸州老窖,000568.SZ
2020-04-23,sz.000568,77.74,11053173,866873704.85,泸州老窖,000568.SZ
2020-04-24,sz.000568,77.88,10494142,823115996.85,泸州老窖,000568.SZ
2020-04-27,sz.000568,78.15,6184828,483897444.8,泸州老窖,000568.SZ
2020-04-28,sz.000568,82.5,22674277,1842985872.82,泸州老窖,000568.SZ
2020-04-29,sz.000568,79.09,19125475,1533385300.86,泸州老窖,000568.SZ
2020-04-30,sz.000568,79.17,12166719,963624323.16,泸州老窖,000568.SZ
2020-05-06,sz.000568,79.03,13513840,1064831935.42,泸州老窖,000568.SZ
2020-05-07,sz.000568,80.3,13661283,1093461521.19,泸州老窖,000568.SZ
2020-05-08,sz.000568,81.64,17433201,1424080535.62,泸州老窖,000568.SZ
2020-05-11,sz.000568,82.8,16281186,1358074520.49,泸州老窖,000568.SZ
2020-05-12,sz.000568,84.12,11402709,956082503.06,泸州老窖,000568.SZ
2020-05-13,sz.000568,88.66,21101970,1851767530.41,泸州老窖,000568.SZ
2020-05-14,sz.000568,87.8,12572562,1104577661.4,泸州老窖,000568.SZ
2020-05-15,sz.000568,87.56,12514531,1093160701.24,泸州老窖,000568.SZ
2020-05-18,sz.000568,89.5,14443255,1290973951.64,泸州老窖,000568.SZ
2020-05-19,sz.000568,89.1,12246629,1090639043.18,泸州老窖,000568.SZ
2020-05-20,sz.000568,87.83,8743251,771074221.04,泸州老窖,000568.SZ
2020-05-21,sz.000568,87.63,10029224,882224582.92,泸州老窖,000568.SZ
2020-05-22,sz.000568,84.08,15070420,1278682508.56,泸州老窖,000568.SZ
2020-05-25,sz.000568,84.78,11850972,998913436.89,泸州老窖,000568.SZ
2020-05-26,sz.000568,85.35,10181592,864403059.17,泸州老窖,000568.SZ
2020-05-27,sz.000568,84.16,9360761,793573425.11,泸州老窖,000568.SZ
2020-05-28,sz.000568,84.0,10356429,875050849.17,泸州老窖,000568.SZ
2020-05-29,sz.000568,85.3,10280271,873471469.26,泸州老窖,000568.SZ
2020-06-01,sz.000568,89.22,19428871,1732255694.58,泸州老窖,000568.SZ
2020-06-02,sz.000568,88.11,14156520,1257946656.3,泸州老窖,000568.SZ
2020-06-03,sz.000568,87.48,11673975,1020901634.09,泸州老窖,000568.SZ
2020-06-04,sz.000568,89.08,11935685,1063820936.96,泸州老窖,000568.SZ
2020-06-05,sz.000568,93.59,22100803,2040668090.81,泸州老窖,000568.SZ
2020-06-08,sz.000568,95.03,16911016,1614017642.93,泸州老窖,000568.SZ
2020-06-09,sz.000568,95.79,12271867,1175393450.0,泸州老窖,000568.SZ
2020-06-10,sz.000568,95.95,8899663,849527240.29,泸州老窖,000568.SZ
2020-06-11,sz.000568,94.9,13144567,1248677072.92,泸州老窖,000568.SZ
2020-06-12,sz.000568,95.0,11237461,1057203330.54,泸州老窖,000568.SZ
2020-06-15,sz.000568,90.36,21658456,1981368927.7,泸州老窖,000568.SZ
2020-06-16,sz.000568,90.49,21207336,1930997720.42,泸州老窖,000568.SZ
2020-06-17,sz.000568,89.6,14118116,1260156859.83,泸州老窖,000568.SZ
2020-06-18,sz.000568,89.89,10198024,914980930.68,泸州老窖,000568.SZ
2020-06-19,sz.000568,91.89,17514570,1608157572.24,泸州老窖,000568.SZ
2020-06-22,sz.000568,90.41,17722751,1601264757.01,泸州老窖,000568.SZ
2020-06-23,sz.000568,93.28,20411774,1883997774.49,泸州老窖,000568.SZ
2020-06-24,sz.000568,92.46,16271170,1505023473.2,泸州老窖,000568.SZ
2020-06-29,sz.000568,90.88,17522854,1580141213.32,泸州老窖,000568.SZ
2020-06-30,sz.000568,91.12,14172903,1293655356.52,泸州老窖,000568.SZ
2020-07-01,sz.000568,100.23,44045748,4325700544.71,泸州老窖,000568.SZ
2020-07-02,sz.000568,107.61,42630227,4531835303.2,泸州老窖,000568.SZ
2020-07-03,sz.000568,110.1,32762607,3551127729.98,泸州老窖,000568.SZ
2020-07-06,sz.000568,111.47,29037010,3219090178.64,泸州老窖,000568.SZ
2020-07-07,sz.000568,114.85,25357226,2909119732.38,泸州老窖,000568.SZ
2020-07-08,sz.000568,114.89,17645951,2016555481.06,泸州老窖,000568.SZ
2020-07-09,sz.000568,119.5,15741084,1855568247.23,泸州老窖,000568.SZ
2020-07-10,sz.000568,121.5,18574463,2266892209.42,泸州老窖,000568.SZ
2020-07-13,sz.000568,124.91,26357105,3285481213.37,泸州老窖,000568.SZ
2020-07-14,sz.000568,123.8,17993461,2224227305.23,泸州老窖,000568.SZ
2020-07-15,sz.000568,127.88,20954235,2665744811.06,泸州老窖,000568.SZ
2020-07-16,sz.000568,115.09,31038000,3701452156.59,泸州老窖,000568.SZ
2020-07-17,sz.000568,114.01,24605965,2826244377.72,泸州老窖,000568.SZ
2020-07-20,sz.000568,112.8,23736061,2627571585.66,泸州老窖,000568.SZ
2020-07-21,sz.000568,115.03,17606188,2023786552.44,泸州老窖,000568.SZ
2020-07-22,sz.000568,117.1,16171128,1895812195.12,泸州老窖,000568.SZ
2020-07-23,sz.000568,120.0,17110866,2021801412.95,泸州老窖,000568.SZ
2020-07-24,sz.000568,113.98,17377032,2004207835.79,泸州老窖,000568.SZ
2020-07-27,sz.000568,115.05,10637324,1223095267.87,泸州老窖,000568.SZ
2020-07-28,sz.000568,116.9,15761948,1841111103.23,泸州老窖,000568.SZ
2020-07-29,sz.000568,118.19,14406790,1675632715.17,泸州老窖,000568.SZ
2020-07-30,sz.000568,118.19,12843554,1526305773.46,泸州老窖,000568.SZ
2020-07-31,sz.000568,117.98,12196683,1437328637.61,泸州老窖,000568.SZ
2020-08-03,sz.000568,117.51,11479257,1347943355.16,泸州老窖,000568.SZ
2020-08-04,sz.000568,117.1,11355598,1337898154.97,泸州老窖,000568.SZ
2020-08-05,sz.000568,118.86,13093258,1533987545.91,泸州老窖,000568.SZ
2020-08-06,sz.000568,114.73,14812183,1708921400.41,泸州老窖,000568.SZ
2020-08-07,sz.000568,111.0,18874577,2109676427.16,泸州老窖,000568.SZ
2020-08-10,sz.000568,111.9,10129063,1126482087.7,泸州老窖,000568.SZ
2020-08-11,sz.000568,112.86,10070798,1147950769.14,泸州老窖,000568.SZ
2020-08-12,sz.000568,110.9,8996729,995644169.42,泸州老窖,000568.SZ
2020-08-13,sz.000568,111.18,7090476,792081677.64,泸州老窖,000568.SZ
2020-08-14,sz.000568,117.59,18751742,2169435335.83,泸州老窖,000568.SZ
2020-08-17,sz.000568,123.9,22855529,2806963520.76,泸州老窖,000568.SZ
2020-08-18,sz.000568,125.66,14535415,1822961850.3,泸州老窖,000568.SZ
2020-08-19,sz.000568,127.87,18994119,2454475493.02,泸州老窖,000568.SZ
2020-08-20,sz.000568,125.36,11801929,1478639757.3,泸州老窖,000568.SZ
2020-08-21,sz.000568,127.86,10011996,1282198830.25,泸州老窖,000568.SZ
2020-08-24,sz.000568,128.06,10491794,1341276821.56,泸州老窖,000568.SZ
2020-08-25,sz.000568,138.37,18986466,2592306369.54,泸州老窖,000568.SZ
2020-08-26,sz.000568,138.2,19277494,2653631532.66,泸州老窖,000568.SZ
2020-08-27,sz.000568,142.48,13518207,1893430992.96,泸州老窖,000568.SZ
2020-08-28,sz.000568,151.49,24987476,3709824523.36,泸州老窖,000568.SZ
2020-08-31,sz.000568,149.5,17873829,2720569910.92,泸州老窖,000568.SZ
2020-09-01,sz.000568,147.77,19234506,2791262161.29,泸州老窖,000568.SZ
2020-09-02,sz.000568,147.1,11441885,1679346255.34,泸州老窖,000568.SZ
2020-09-03,sz.000568,150.51,17035218,2566440371.09,泸州老窖,000568.SZ
2020-09-04,sz.000568,152.38,14442850,2128322497.91,泸州老窖,000568.SZ
2020-09-07,sz.000568,152.0,18044450,2766991726.24,泸州老窖,000568.SZ
2020-09-08,sz.000568,141.64,22197845,3169807080.58,泸州老窖,000568.SZ
2020-09-09,sz.000568,138.41,12780258,1778906206.27,泸州老窖,000568.SZ
2020-09-10,sz.000568,141.58,11849841,1690981843.01,泸州老窖,000568.SZ
2020-09-11,sz.000568,146.0,12400515,1780244803.11,泸州老窖,000568.SZ
2020-09-14,sz.000568,146.44,11220412,1641405039.01,泸州老窖,000568.SZ
2020-09-15,sz.000568,146.21,6554940,956306376.22,泸州老窖,000568.SZ
2020-09-16,sz.000568,143.48,7970419,1154021482.55,泸州老窖,000568.SZ
2020-09-17,sz.000568,140.0,14998785,2087169765.28,泸州老窖,000568.SZ
2020-09-18,sz.000568,142.17,9270294,1300664761.41,泸州老窖,000568.SZ
2020-09-21,sz.000568,140.5,6170337,867316080.6,泸州老窖,000568.SZ
2020-09-22,sz.000568,139.93,5795572,814183616.74,泸州老窖,000568.SZ
2020-09-23,sz.000568,139.64,11551371,1590902706.57,泸州老窖,000568.SZ
2020-09-24,sz.000568,137.72,5694904,791958033.1,泸州老窖,000568.SZ
2020-09-25,sz.000568,138.88,5367121,749939737.68,泸州老窖,000568.SZ
2020-09-28,sz.000568,144.36,12308484,1777367685.38,泸州老窖,000568.SZ
2020-09-29,sz.000568,144.0,7580772,1091190572.29,泸州老窖,000568.SZ
2020-09-30,sz.000568,143.55,7420918,1070197823.9,泸州老窖,000568.SZ
2020-10-09,sz.000568,145.6,8824656,1283376129.01,泸州老窖,000568.SZ
2020-10-12,sz.000568,151.79,14152982,2136058599.76,泸州老窖,000568.SZ
2020-10-13,sz.000568,152.45,11584864,1774698773.2,泸州老窖,000568.SZ
2020-10-14,sz.000568,150.7,9436544,1431349474.89,泸州老窖,000568.SZ
2020-10-15,sz.000568,151.7,6277401,954764443.16,泸州老窖,000568.SZ
2020-10-16,sz.000568,149.88,5946783,893831745.36,泸州老窖,000568.SZ
2020-10-19,sz.000568,150.0,5636005,850067862.24,泸州老窖,000568.SZ
2020-10-20,sz.000568,157.09,14313592,2220129326.69,泸州老窖,000568.SZ
2020-10-21,sz.000568,157.9,9714207,1531108806.15,泸州老窖,000568.SZ
2020-10-22,sz.000568,162.0,14330700,2292322159.03,泸州老窖,000568.SZ
2020-10-23,sz.000568,155.6,13304049,2098804523.93,泸州老窖,000568.SZ
2020-10-26,sz.000568,155.51,9480006,1445325628.93,泸州老窖,000568.SZ
2020-10-27,sz.000568,155.9,7300993,1138359547.56,泸州老窖,000568.SZ
2020-10-28,sz.000568,162.7,12498495,2012278372.76,泸州老窖,000568.SZ
2020-10-29,sz.000568,178.97,22856709,4035633573.42,泸州老窖,000568.SZ
2020-10-30,sz.000568,172.5,21286877,3684657367.67,泸州老窖,000568.SZ
2020-11-02,sz.000568,177.9,16150046,2846013322.75,泸州老窖,000568.SZ
2020-11-03,sz.000568,182.43,14248055,2558190305.26,泸州老窖,000568.SZ
2020-11-04,sz.000568,183.54,7884856,1440218305.23,泸州老窖,000568.SZ
2020-11-05,sz.000568,183.36,10777758,1981915630.91,泸州老窖,000568.SZ
2020-11-06,sz.000568,182.8,10662872,1929476017.14,泸州老窖,000568.SZ
2020-11-09,sz.000568,185.95,11041092,2037415250.43,泸州老窖,000568.SZ
2020-11-10,sz.000568,189.45,10886005,2056055708.41,泸州老窖,000568.SZ
2020-11-11,sz.000568,190.7,12771725,2455961334.61,泸州老窖,000568.SZ
2020-11-12,sz.000568,192.11,9208832,1762895851.12,泸州老窖,000568.SZ
2020-11-13,sz.000568,186.69,13479786,2511258467.72,泸州老窖,000568.SZ
2020-11-16,sz.000568,197.97,15008609,2911358956.27,泸州老窖,000568.SZ
2020-11-17,sz.000568,197.0,15512782,3058210662.4,泸州老窖,000568.SZ
2020-11-18,sz.000568,191.5,14741995,2828979825.11,泸州老窖,000568.SZ
2020-11-19,sz.000568,191.66,9001349,1714647377.73,泸州老窖,000568.SZ
2020-11-20,sz.000568,194.15,8339923,1626273709.87,泸州老窖,000568.SZ
2020-11-23,sz.000568,197.86,9866144,1957944087.49,泸州老窖,000568.SZ
2020-11-24,sz.000568,198.77,6868404,1353802886.3,泸州老窖,000568.SZ
2020-11-25,sz.000568,192.25,9655653,1871224858.67,泸州老窖,000568.SZ
2020-11-26,sz.000568,192.75,9932602,1898444633.15,泸州老窖,000568.SZ
2020-11-27,sz.000568,192.9,7261442,1397210358.99,泸州老窖,000568.SZ
2020-11-30,sz.000568,183.33,19313032,3573186901.18,泸州老窖,000568.SZ
2020-12-01,sz.000568,184.27,12951579,2379129500.47,泸州老窖,000568.SZ
2020-12-02,sz.000568,183.91,9017117,1652281412.84,泸州老窖,000568.SZ
2020-12-03,sz.000568,186.38,8754054,1622940611.97,泸州老窖,000568.SZ
2020-12-04,sz.000568,190.8,12155824,2315888318.94,泸州老窖,000568.SZ
2020-12-07,sz.000568,190.78,12695853,2455493940.05,泸州老窖,000568.SZ
2020-12-08,sz.000568,191.85,9795369,1882026750.47,泸州老窖,000568.SZ
2020-12-09,sz.000568,190.01,8648915,1651998644.26,泸州老窖,000568.SZ
2020-12-10,sz.000568,190.7,8881802,1692812394.12,泸州老窖,000568.SZ
2020-12-11,sz.000568,191.5,9339248,1788738302.13,泸州老窖,000568.SZ
2020-12-14,sz.000568,197.95,12374432,2423301656.46,泸州老窖,000568.SZ
2020-12-15,sz.000568,193.71,23250398,4437597103.6,泸州老窖,000568.SZ
2020-12-16,sz.000568,198.22,18455859,3648541106.43,泸州老窖,000568.SZ
2020-12-17,sz.000568,204.8,17917421,3652006429.68,泸州老窖,000568.SZ
2020-12-18,sz.000568,204.63,19229990,3992411837.69,泸州老窖,000568.SZ
2020-12-21,sz.000568,213.6,15023178,3159837916.98,泸州老窖,000568.SZ
2020-12-22,sz.000568,215.1,12397839,2682152356.77,泸州老窖,000568.SZ
2020-12-23,sz.000568,216.05,18645852,4020415536.31,泸州老窖,000568.SZ
2020-12-24,sz.000568,214.0,12661076,2699651042.66,泸州老窖,000568.SZ
2020-12-25,sz.000568,212.9,8380171,1781089201.48,泸州老窖,000568.SZ
2020-12-28,sz.000568,224.83,16079524,3578931826.1,泸州老窖,000568.SZ
2020-12-29,sz.000568,221.1,14199008,3142682944.91,泸州老窖,000568.SZ
2020-12-30,sz.000568,224.9,10445525,2345753459.18,泸州老窖,000568.SZ
2020-12-31,sz.000568,226.16,12259622,2763455546.25,泸州老窖,000568.SZ
2021-01-04,sz.000568,240.85,15433467,3669628521.84,泸州老窖,000568.SZ
2021-01-05,sz.000568,258.3,15640878,3914144971.47,泸州老窖,000568.SZ
2021-01-06,sz.000568,262.3,17394704,4518171110.48,泸州老窖,000568.SZ
2021-01-07,sz.000568,265.0,14960633,3882804110.12,泸州老窖,000568.SZ
2021-01-08,sz.000568,255.47,17889445,4607199522.26,泸州老窖,000568.SZ
2021-01-11,sz.000568,246.9,19056773,4719071337.68,泸州老窖,000568.SZ
2021-01-12,sz.000568,262.3,17049828,4373373070.24,泸州老窖,000568.SZ
2021-01-13,sz.000568,266.2,16606668,4394991621.55,泸州老窖,000568.SZ
2021-01-14,sz.000568,257.98,13578459,3523821262.17,泸州老窖,000568.SZ
2021-01-15,sz.000568,243.5,30672796,7394308747.31,泸州老窖,000568.SZ
2021-01-18,sz.000568,232.01,24130848,5628705057.57,泸州老窖,000568.SZ
2021-01-19,sz.000568,229.87,18849555,4410572939.6,泸州老窖,000568.SZ
2021-01-20,sz.000568,229.0,19820072,4494726610.69,泸州老窖,000568.SZ
2021-01-21,sz.000568,238.79,18901986,4450523806.41,泸州老窖,000568.SZ
2021-01-22,sz.000568,239.09,12712220,3025040295.62,泸州老窖,000568.SZ
2021-01-25,sz.000568,263.0,23918262,6109499428.81,泸州老窖,000568.SZ
2021-01-26,sz.000568,263.29,16187892,4263858128.54,泸州老窖,000568.SZ
2021-01-27,sz.000568,254.0,18629495,4701857739.79,泸州老窖,000568.SZ
2021-01-28,sz.000568,250.0,13278373,3328071267.07,泸州老窖,000568.SZ
2021-01-29,sz.000568,257.7,16025788,4174569531.42,泸州老窖,000568.SZ
2021-02-01,sz.000568,255.25,11786784,3050204596.5,泸州老窖,000568.SZ
2021-02-02,sz.000568,279.18,22842030,6178093022.76,泸州老窖,000568.SZ
2021-02-03,sz.000568,279.0,13975944,3896260792.84,泸州老窖,000568.SZ
2021-02-04,sz.000568,279.06,17701582,5013852404.3,泸州老窖,000568.SZ
2021-02-05,sz.000568,287.79,17166124,4948264063.22,泸州老窖,000568.SZ
2021-02-08,sz.000568,290.5,13474409,3905771219.66,泸州老窖,000568.SZ
2021-02-09,sz.000568,298.1,10425006,3082766676.29,泸州老窖,000568.SZ
2021-02-10,sz.000568,313.99,17446413,5409428180.23,泸州老窖,000568.SZ
2021-02-18,sz.000568,292.4,23651442,7192593163.22,泸州老窖,000568.SZ
2021-02-19,sz.000568,298.01,18174712,5297220791.36,泸州老窖,000568.SZ
2021-02-22,sz.000568,271.37,24874236,6932055099.71,泸州老窖,000568.SZ
2021-02-23,sz.000568,274.46,15568563,4241905802.64,泸州老窖,000568.SZ
2021-02-24,sz.000568,247.01,27269550,6890041304.62,泸州老窖,000568.SZ
2021-02-25,sz.000568,243.17,19751749,4822339803.5,泸州老窖,000568.SZ
2021-02-26,sz.000568,235.21,24991604,5821867186.26,泸州老窖,000568.SZ
2021-03-01,sz.000568,238.35,17618691,4208813071.88,泸州老窖,000568.SZ
2021-03-02,sz.000568,226.99,22073558,5102249441.82,泸州老窖,000568.SZ
2021-03-03,sz.000568,232.01,15146478,3464897259.89,泸州老窖,000568.SZ
2021-03-04,sz.000568,214.5,22648399,4929040488.75,泸州老窖,000568.SZ
2021-03-05,sz.000568,217.36,22537141,4856252955.93,泸州老窖,000568.SZ
2021-03-08,sz.000568,195.62,28309372,5796655570.56,泸州老窖,000568.SZ
2021-03-09,sz.000568,187.21,28998554,5508978541.3,泸州老窖,000568.SZ
2021-03-10,sz.000568,195.89,23736844,4637555842.39,泸州老窖,000568.SZ
2021-03-11,sz.000568,207.02,23710809,4853324611.74,泸州老窖,000568.SZ
2021-03-12,sz.000568,210.69,17584101,3665764559.54,泸州老窖,000568.SZ
2021-03-15,sz.000568,196.0,19842859,3924974805.63,泸州老窖,000568.SZ
2021-03-16,sz.000568,200.99,13448116,2673225468.67,泸州老窖,000568.SZ
2021-03-17,sz.000568,210.05,15180611,3138541077.02,泸州老窖,000568.SZ
2021-03-18,sz.000568,219.0,15580525,3407893912.64,泸州老窖,000568.SZ
2021-03-19,sz.000568,214.51,14799504,3169662272.37,泸州老窖,000568.SZ
2021-03-22,sz.000568,216.19,10786818,2306817160.18,泸州老窖,000568.SZ
2021-03-23,sz.000568,219.9,9572786,2076480009.33,泸州老窖,000568.SZ
2021-03-24,sz.000568,214.89,15535259,3429067914.01,泸州老窖,000568.SZ
2021-03-25,sz.000568,210.7,13224417,2763583678.52,泸州老窖,000568.SZ
2021-03-26,sz.000568,224.91,14820108,3267704192.62,泸州老窖,000568.SZ
2021-03-29,sz.000568,224.48,18706714,4267214435.55,泸州老窖,000568.SZ
2021-03-30,sz.000568,228.9,14557225,3346332043.72,泸州老窖,000568.SZ
2021-03-31,sz.000568,225.02,10627678,2381316436.93,泸州老窖,000568.SZ
2021-04-01,sz.000568,232.64,8418673,1929489331.16,泸州老窖,000568.SZ
2021-04-02,sz.000568,247.9,13788301,3347161185.12,泸州老窖,000568.SZ
2021-04-06,sz.000568,243.9,12925807,3185396649.17,泸州老窖,000568.SZ
2021-04-07,sz.000568,229.0,18978534,4377400858.44,泸州老窖,000568.SZ
2021-04-08,sz.000568,233.2,13081503,3006419129.96,泸州老窖,000568.SZ
2021-04-09,sz.000568,223.87,11757416,2645355695.02,泸州老窖,000568.SZ
2021-04-12,sz.000568,225.5,14415420,3273126322.71,泸州老窖,000568.SZ
2021-04-13,sz.000568,233.9,13396772,3122781069.52,泸州老窖,000568.SZ
2021-04-14,sz.000568,233.74,9242999,2151467767.95,泸州老窖,000568.SZ
2021-04-15,sz.000568,231.67,10296105,2354927202.02,泸州老窖,000568.SZ
2021-04-16,sz.000568,236.71,12716129,3027724688.55,泸州老窖,000568.SZ
2021-04-19,sz.000568,239.14,12843645,3043457238.9,泸州老窖,000568.SZ
2021-04-20,sz.000568,239.54,14389659,3487370828.63,泸州老窖,000568.SZ
2021-04-21,sz.000568,244.6,13328051,3238403013.75,泸州老窖,000568.SZ
2021-04-22,sz.000568,240.38,11481844,2768176943.45,泸州老窖,000568.SZ
2021-04-23,sz.000568,249.61,14945017,3682469765.06,泸州老窖,000568.SZ
2021-04-26,sz.000568,247.45,13470436,3394292597.04,泸州老窖,000568.SZ
2021-04-27,sz.000568,251.0,8435415,2089277686.84,泸州老窖,000568.SZ
2021-04-28,sz.000568,261.0,14031376,3575539599.33,泸州老窖,000568.SZ
2021-04-29,sz.000568,262.98,11522005,2995080756.39,泸州老窖,000568.SZ
2021-04-30,sz.000568,255.58,13574238,3495598037.89,泸州老窖,000568.SZ
2021-05-06,sz.000568,239.88,16247668,3962110289.58,泸州老窖,000568.SZ
2021-05-07,sz.000568,237.4,10420747,2505159900.63,泸州老窖,000568.SZ
2021-05-10,sz.000568,226.03,16688080,3822935514.54,泸州老窖,000568.SZ
2021-05-11,sz.000568,236.87,14003624,3254747656.01,泸州老窖,000568.SZ
2021-05-12,sz.000568,243.3,9682283,2341943147.99,泸州老窖,000568.SZ
2021-05-13,sz.000568,243.11,7442029,1791812090.2,泸州老窖,000568.SZ
2021-05-14,sz.000568,247.8,10165224,2528236289.91,泸州老窖,000568.SZ
2021-05-17,sz.000568,257.81,14757035,3788481679.57,泸州老窖,000568.SZ
2021-05-18,sz.000568,257.9,7557045,1935662089.54,泸州老窖,000568.SZ
2021-05-19,sz.000568,258.03,7898046,2051079646.66,泸州老窖,000568.SZ
2021-05-20,sz.000568,259.5,10051757,2621554719.69,泸州老窖,000568.SZ
2021-05-21,sz.000568,257.5,10547624,2738400456.56,泸州老窖,000568.SZ
2021-05-24,sz.000568,264.77,12616998,3289981563.18,泸州老窖,000568.SZ
2021-05-25,sz.000568,284.05,20285346,5680389907.8,泸州老窖,000568.SZ
2021-05-26,sz.000568,275.89,17310154,4809844159.66,泸州老窖,000568.SZ
2021-05-27,sz.000568,275.8,12410602,3426533306.79,泸州老窖,000568.SZ
2021-05-28,sz.000568,274.49,8206796,2247678575.2,泸州老窖,000568.SZ
2021-05-31,sz.000568,274.95,11167013,3025006716.55,泸州老窖,000568.SZ
2021-06-01,sz.000568,277.71,11861677,3270365350.33,泸州老窖,000568.SZ
2021-06-02,sz.000568,274.8,9059630,2500673008.55,泸州老窖,000568.SZ
2021-06-03,sz.000568,276.99,13233210,3688072739.54,泸州老窖,000568.SZ
2021-06-04,sz.000568,279.6,10380608,2891265104.2,泸州老窖,000568.SZ
2021-06-07,sz.000568,283.22,12672016,3567826170.22,泸州老窖,000568.SZ
2021-06-08,sz.000568,262.02,23291852,6217301405.96,泸州老窖,000568.SZ
2021-06-09,sz.000568,262.2,12035105,3148550729.28,泸州老窖,000568.SZ
2021-06-10,sz.000568,266.71,8615467,2296731803.88,泸州老窖,000568.SZ
2021-06-11,sz.000568,258.25,16697134,4319519736.45,泸州老窖,000568.SZ
2021-06-15,sz.000568,249.86,21565069,5359971198.39,泸州老窖,000568.SZ
2021-06-16,sz.000568,242.58,15016349,3656585035.32,泸州老窖,000568.SZ
2021-06-17,sz.000568,242.45,14129267,3433652522.48,泸州老窖,000568.SZ
2021-06-18,sz.000568,232.8,23360700,5450532522.86,泸州老窖,000568.SZ
2021-06-21,sz.000568,236.5,18270417,4303519343.15,泸州老窖,000568.SZ
2021-06-22,sz.000568,232.02,24971471,5748178595.74,泸州老窖,000568.SZ
2021-06-23,sz.000568,225.98,17964254,4081289115.95,泸州老窖,000568.SZ
2021-06-24,sz.000568,231.0,16629430,3813008294.71,泸州老窖,000568.SZ
2021-06-25,sz.000568,234.93,23727273,5494646815.74,泸州老窖,000568.SZ
2021-06-28,sz.000568,235.5,13190220,3102280854.47,泸州老窖,000568.SZ
2021-06-29,sz.000568,228.15,16425529,3781616490.05,泸州老窖,000568.SZ
2021-06-30,sz.000568,235.94,17633056,4166882772.46,泸州老窖,000568.SZ
2021-07-01,sz.000568,236.0,11952296,2788051846.21,泸州老窖,000568.SZ
2021-07-02,sz.000568,226.6,13584164,3095966080.91,泸州老窖,000568.SZ
2021-07-05,sz.000568,223.0,12879413,2889101281.93,泸州老窖,000568.SZ
2021-07-06,sz.000568,225.51,15545235,3438588455.85,泸州老窖,000568.SZ
2021-07-07,sz.000568,227.65,10532156,2403680694.94,泸州老窖,000568.SZ
2021-07-08,sz.000568,220.7,13091117,2920498836.54,泸州老窖,000568.SZ
2021-07-09,sz.000568,216.51,11469328,2478389802.75,泸州老窖,000568.SZ
2021-07-12,sz.000568,223.8,16135948,3533011639.66,泸州老窖,000568.SZ
2021-07-13,sz.000568,224.36,11521877,2609689181.13,泸州老窖,000568.SZ
2021-07-14,sz.000568,225.62,10569402,2375855078.66,泸州老窖,000568.SZ
2021-07-15,sz.000568,228.11,12105227,2745328640.76,泸州老窖,000568.SZ
2021-07-16,sz.000568,222.2,9728497,2185357728.78,泸州老窖,000568.SZ
2021-07-19,sz.000568,228.48,12705570,2847462961.8,泸州老窖,000568.SZ
2021-07-20,sz.000568,226.04,11806031,2685304287.98,泸州老窖,000568.SZ
2021-07-21,sz.000568,222.72,12514553,2808791762.53,泸州老窖,000568.SZ
2021-07-22,sz.000568,216.55,15672673,3423397228.93,泸州老窖,000568.SZ
2021-07-23,sz.000568,216.5,13207324,2836461623.42,泸州老窖,000568.SZ
2021-07-26,sz.000568,199.68,21413531,4359446898.04,泸州老窖,000568.SZ
2021-07-27,sz.000568,190.0,21229594,4144275924.09,泸州老窖,000568.SZ
2021-07-28,sz.000568,191.29,20309348,3806113724.64,泸州老窖,000568.SZ
2021-07-29,sz.000568,185.35,19947422,3762130572.03,泸州老窖,000568.SZ
2021-07-30,sz.000568,171.1,28613862,4981863762.78,泸州老窖,000568.SZ
2021-08-02,sz.000568,180.89,33813636,5907235464.33,泸州老窖,000568.SZ
2021-08-03,sz.000568,187.85,23372527,4305394941.24,泸州老窖,000568.SZ
2021-08-04,sz.000568,180.73,18509642,3379870019.51,泸州老窖,000568.SZ
2021-08-05,sz.000568,176.62,19423084,3446369916.65,泸州老窖,000568.SZ
2021-08-06,sz.000568,178.54,14589395,2580363854.9,泸州老窖,000568.SZ
2021-08-09,sz.000568,179.7,17650899,3180942792.87,泸州老窖,000568.SZ
2021-08-10,sz.000568,194.69,31529091,5936893640.34,泸州老窖,000568.SZ
2021-08-11,sz.000568,190.2,20197122,3878509769.72,泸州老窖,000568.SZ
2021-08-12,sz.000568,186.53,14661109,2760808871.11,泸州老窖,000568.SZ
2021-08-13,sz.000568,188.9,13436058,2531664647.34,泸州老窖,000568.SZ
2021-08-16,sz.000568,188.48,13150792,2500488998.9,泸州老窖,000568.SZ
2021-08-17,sz.000568,179.38,16185836,2962176361.47,泸州老窖,000568.SZ
2021-08-18,sz.000568,179.55,14487803,2589833944.13,泸州老窖,000568.SZ
2021-08-19,sz.000568,176.82,14501646,2588473263.38,泸州老窖,000568.SZ
2021-08-20,sz.000568,161.38,25572964,4209818500.69,泸州老窖,000568.SZ
2021-08-23,sz.000568,167.67,20568791,3424646180.01,泸州老窖,000568.SZ
2021-08-24,sz.000568,174.1,16897793,2937771946.13,泸州老窖,000568.SZ
2021-08-25,sz.000568,176.15,14456888,2559604777.09,泸州老窖,000568.SZ
2021-08-26,sz.000568,170.03,10206352,1749028235.43,泸州老窖,000568.SZ
2021-08-27,sz.000568,169.38,15087095,2575914053.69,泸州老窖,000568.SZ
2021-08-30,sz.000568,177.15,23014073,4019309885.04,泸州老窖,000568.SZ
2021-08-31,sz.000568,170.0,17435412,2976155018.12,泸州老窖,000568.SZ
2021-09-01,sz.000568,182.18,29330914,5216352925.12,泸州老窖,000568.SZ
2021-09-02,sz.000568,179.11,21329967,3832689678.9,泸州老窖,000568.SZ
2021-09-03,sz.000568,184.3,23660590,4271739493.72,泸州老窖,000568.SZ
2021-09-06,sz.000568,187.0,29222544,5530538132.05,泸州老窖,000568.SZ
2021-09-07,sz.000568,186.96,15942444,2976099863.59,泸州老窖,000568.SZ
2021-09-08,sz.000568,181.91,15003058,2744686697.41,泸州老窖,000568.SZ
2021-09-09,sz.000568,181.41,10247966,1851247355.2,泸州老窖,000568.SZ
2021-09-10,sz.000568,187.39,18238704,3372838313.76,泸州老窖,000568.SZ
2021-09-13,sz.000568,184.93,10595785,1967024753.92,泸州老窖,000568.SZ
2021-09-14,sz.000568,181.52,11085572,2036174638.45,泸州老窖,000568.SZ
2021-09-15,sz.000568,172.87,18220562,3198477189.38,泸州老窖,000568.SZ
2021-09-16,sz.000568,174.2,15293633,2642349648.5,泸州老窖,000568.SZ
2021-09-17,sz.000568,181.99,16423524,2933551582.73,泸州老窖,000568.SZ
2021-09-22,sz.000568,174.42,11005505,1931294449.68,泸州老窖,000568.SZ
2021-09-23,sz.000568,177.12,9975986,1772753297.98,泸州老窖,000568.SZ
2021-09-24,sz.000568,186.4,23048021,4273299277.67,泸州老窖,000568.SZ
2021-09-27,sz.000568,205.04,14133314,2885827873.55,泸州老窖,000568.SZ
2021-09-28,sz.000568,213.03,45991379,9737615872.75,泸州老窖,000568.SZ
2021-09-29,sz.000568,211.5,28186736,5981219610.48,泸州老窖,000568.SZ
2021-09-30,sz.000568,221.58,28411679,6256662874.0,泸州老窖,000568.SZ
2021-10-08,sz.000568,225.33,22617622,5167261788.6,泸州老窖,000568.SZ
2021-10-11,sz.000568,224.5,15531629,3504444999.86,泸州老窖,000568.SZ
2021-10-12,sz.000568,225.15,11490605,2578356677.37,泸州老窖,000568.SZ
2021-10-13,sz.000568,238.28,21931916,5143609812.72,泸州老窖,000568.SZ
2021-10-14,sz.000568,238.89,14915230,3540118948.59,泸州老窖,000568.SZ
2021-10-15,sz.000568,234.69,13510583,3158303642.35,泸州老窖,000568.SZ
2021-10-18,sz.000568,224.92,24444266,5446849381.35,泸州老窖,000568.SZ
2021-10-19,sz.000568,231.37,14676861,3368282748.47,泸州老窖,000568.SZ
2021-10-20,sz.000568,232.13,10430217,2430024408.26,泸州老窖,000568.SZ
2021-10-21,sz.000568,231.9,9048912,2085988177.98,泸州老窖,000568.SZ
2021-10-22,sz.000568,231.91,10014047,2329154625.33,泸州老窖,000568.SZ
2021-10-25,sz.000568,230.6,8516350,1957281085.67,泸州老窖,000568.SZ
2021-10-26,sz.000568,232.9,9966985,2320919878.69,泸州老窖,000568.SZ
2021-10-27,sz.000568,225.13,11160944,2518039158.38,泸州老窖,000568.SZ
2021-10-28,sz.000568,227.29,8356695,1904842424.67,泸州老窖,000568.SZ
2021-10-29,sz.000568,228.95,17029287,3967048134.51,泸州老窖,000568.SZ
2021-11-01,sz.000568,231.2,14142845,3221780001.75,泸州老窖,000568.SZ
2021-11-02,sz.000568,224.0,13742496,3084690000.89,泸州老窖,000568.SZ
2021-11-03,sz.000568,223.01,7529719,1685176415.37,泸州老窖,000568.SZ
2021-11-04,sz.000568,234.77,14249145,3308513324.36,泸州老窖,000568.SZ
2021-11-05,sz.000568,229.7,10397633,2419406941.8,泸州老窖,000568.SZ
2021-11-08,sz.000568,231.5,8366436,1940822827.57,泸州老窖,000568.SZ
2021-11-09,sz.000568,226.97,8655226,1986235329.85,泸州老窖,000568.SZ
2021-11-10,sz.000568,219.05,11748430,2593735092.18,泸州老窖,000568.SZ
2021-11-11,sz.000568,218.8,8993040,1951204069.68,泸州老窖,000568.SZ
2021-11-12,sz.000568,210.0,18999671,4013527753.02,泸州老窖,000568.SZ
2021-11-15,sz.000568,211.46,9037375,1914795250.9,泸州老窖,000568.SZ
2021-11-16,sz.000568,221.8,14156038,3118274992.67,泸州老窖,000568.SZ
2021-11-17,sz.000568,222.63,7759073,1728554791.92,泸州老窖,000568.SZ
2021-11-18,sz.000568,223.15,5239234,1166569403.95,泸州老窖,000568.SZ
2021-11-19,sz.000568,230.53,12851030,2966579816.08,泸州老窖,000568.SZ
2021-11-22,sz.000568,227.48,15424897,3564570596.84,泸州老窖,000568.SZ
2021-11-23,sz.000568,226.05,8742354,1992945885.2,泸州老窖,000568.SZ
2021-11-24,sz.000568,234.95,21943330,5173554037.77,泸州老窖,000568.SZ
2021-11-25,sz.000568,234.94,15389988,3656938630.67,泸州老窖,000568.SZ
2021-11-26,sz.000568,233.68,7622769,1776291695.11,泸州老窖,000568.SZ
2021-11-29,sz.000568,235.5,9762013,2279079295.26,泸州老窖,000568.SZ
2021-11-30,sz.000568,230.05,10256231,2382385704.3,泸州老窖,000568.SZ
2021-12-01,sz.000568,232.11,6761525,1567198891.47,泸州老窖,000568.SZ
2021-12-02,sz.000568,237.18,9530593,2241999927.84,泸州老窖,000568.SZ
2021-12-03,sz.000568,252.3,23446929,5856889385.08,泸州老窖,000568.SZ
2021-12-06,sz.000568,244.38,17014192,4224829850.11,泸州老窖,000568.SZ
2021-12-07,sz.000568,246.47,14770630,3666434568.31,泸州老窖,000568.SZ
2021-12-08,sz.000568,252.87,18248567,4609795289.44,泸州老窖,000568.SZ
2021-12-09,sz.000568,253.3,19497098,4996530602.94,泸州老窖,000568.SZ
2021-12-10,sz.000568,252.17,12707982,3193365562.74,泸州老窖,000568.SZ
2021-12-13,sz.000568,254.43,15543017,4006423454.97,泸州老窖,000568.SZ
2021-12-14,sz.000568,260.4,12625438,3277151934.82,泸州老窖,000568.SZ
2021-12-15,sz.000568,261.22,8040745,2085645181.44,泸州老窖,000568.SZ
2021-12-16,sz.000568,257.88,13181047,3366538009.99,泸州老窖,000568.SZ
2021-12-17,sz.000568,248.51,12104503,3028576181.72,泸州老窖,000568.SZ
2021-12-20,sz.000568,247.65,8253173,2060307775.97,泸州老窖,000568.SZ
2021-12-21,sz.000568,248.0,7722227,1909425103.99,泸州老窖,000568.SZ
2021-12-22,sz.000568,252.28,7621115,1923149696.46,泸州老窖,000568.SZ
2021-12-23,sz.000568,263.0,13577381,3497651729.45,泸州老窖,000568.SZ
2021-12-24,sz.000568,261.2,13701815,3637742914.87,泸州老窖,000568.SZ
2021-12-27,sz.000568,261.19,7498507,1953107419.55,泸州老窖,000568.SZ
2021-12-28,sz.000568,260.8,7759484,2034387950.63,泸州老窖,000568.SZ
2021-12-29,sz.000568,243.0,17935972,4448622105.6,泸州老窖,000568.SZ
2021-12-30,sz.000568,254.0,11570897,2912695829.53,泸州老窖,000568.SZ
2021-12-31,sz.000568,253.87,9975719,2516428017.68,泸州老窖,000568.SZ
2022-01-04,sz.000568,250.64,8944097,2219385579.66,泸州老窖,000568.SZ
2022-01-05,sz.000568,247.87,7056065,1754157610.45,泸州老窖,000568.SZ
2022-01-06,sz.000568,241.75,10785593,2597882164.32,泸州老窖,000568.SZ
2022-01-07,sz.000568,236.68,8978967,2121261908.12,泸州老窖,000568.SZ
2022-01-10,sz.000568,237.2,7801688,1828744477.79,泸州老窖,000568.SZ
2022-01-11,sz.000568,231.0,5928627,1383213750.56,泸州老窖,000568.SZ
2022-01-12,sz.000568,230.16,8963264,2065516128.11,泸州老窖,000568.SZ
2022-01-13,sz.000568,224.0,12080667,2744953536.6,泸州老窖,000568.SZ
2022-01-14,sz.000568,227.15,7966141,1818364672.98,泸州老窖,000568.SZ
2022-01-17,sz.000568,229.68,6549307,1491417553.38,泸州老窖,000568.SZ
2022-01-18,sz.000568,235.72,8727508,2053400217.57,泸州老窖,000568.SZ
2022-01-19,sz.000568,229.89,8177996,1888235422.65,泸州老窖,000568.SZ
2022-01-20,sz.000568,236.2,9610122,2267297524.99,泸州老窖,000568.SZ
2022-01-21,sz.000568,236.85,6364017,1514268855.54,泸州老窖,000568.SZ
2022-01-24,sz.000568,232.9,6604416,1542806544.76,泸州老窖,000568.SZ
2022-01-25,sz.000568,226.99,6135018,1415285887.81,泸州老窖,000568.SZ
2022-01-26,sz.000568,228.03,6639053,1505263970.53,泸州老窖,000568.SZ
2022-01-27,sz.000568,224.5,8189463,1879742296.66,泸州老窖,000568.SZ
2022-01-28,sz.000568,216.31,10476593,2306683985.83,泸州老窖,000568.SZ
2022-02-07,sz.000568,214.45,9061610,1971650705.53,泸州老窖,000568.SZ
2022-02-08,sz.000568,208.36,11504823,2374228148.33,泸州老窖,000568.SZ
2022-02-09,sz.000568,214.18,10076333,2129352181.94,泸州老窖,000568.SZ
2022-02-10,sz.000568,213.4,7536154,1592037307.93,泸州老窖,000568.SZ
2022-02-11,sz.000568,216.18,11794451,2577664900.49,泸州老窖,000568.SZ
2022-02-14,sz.000568,219.4,6986391,1529978457.32,泸州老窖,000568.SZ
2022-02-15,sz.000568,224.01,7260463,1618131987.36,泸州老窖,000568.SZ
2022-02-16,sz.000568,228.96,6552377,1492471073.78,泸州老窖,000568.SZ
2022-02-17,sz.000568,227.54,4430757,1010760831.83,泸州老窖,000568.SZ
2022-02-18,sz.000568,228.1,3637130,827010988.5,泸州老窖,000568.SZ
2022-02-21,sz.000568,227.69,4172002,953068518.47,泸州老窖,000568.SZ
2022-02-22,sz.000568,221.32,5446140,1207409500.06,泸州老窖,000568.SZ
2022-02-23,sz.000568,222.45,3826630,846927233.41,泸州老窖,000568.SZ
2022-02-24,sz.000568,211.75,12178663,2590931112.86,泸州老窖,000568.SZ
2022-02-25,sz.000568,215.3,5950910,1281063981.78,泸州老窖,000568.SZ
2022-02-28,sz.000568,216.6,4376998,942205872.0,泸州老窖,000568.SZ
2022-03-01,sz.000568,220.79,6100024,1341709200.0,泸州老窖,000568.SZ
2022-03-02,sz.000568,216.01,4716747,1023154016.0,泸州老窖,000568.SZ
2022-03-03,sz.000568,206.08,9536769,1983852816.0,泸州老窖,000568.SZ
2022-03-04,sz.000568,203.26,6079039,1237753152.0,泸州老窖,000568.SZ
2022-03-07,sz.000568,190.85,12806647,2474574336.0,泸州老窖,000568.SZ
2022-03-08,sz.000568,195.8,11699644,2322587024.0,泸州老窖,000568.SZ
2022-03-09,sz.000568,200.33,12212479,2432417504.0,泸州老窖,000568.SZ
2022-03-10,sz.000568,212.32,10896493,2294381456.0,泸州老窖,000568.SZ
2022-03-11,sz.000568,205.6,9146913,1873997680.0,泸州老窖,000568.SZ
2022-03-14,sz.000568,194.98,11194588,2203223920.0,泸州老窖,000568.SZ
2022-03-15,sz.000568,186.98,11141287,2114182992.0,泸州老窖,000568.SZ
2022-03-16,sz.000568,193.99,11940351,2261624448.0,泸州老窖,000568.SZ
2022-03-17,sz.000568,203.9,14131344,2857111328.0,泸州老窖,000568.SZ
2022-03-18,sz.000568,203.88,6885561,1401913754.43,泸州老窖,000568.SZ
2022-03-21,sz.000568,205.4,5392388,1105451784.68,泸州老窖,000568.SZ
2022-03-22,sz.000568,202.36,4296034,875574690.95,泸州老窖,000568.SZ
2022-03-23,sz.000568,204.8,6836931,1403989551.78,泸州老窖,000568.SZ
2022-03-24,sz.000568,199.9,5958453,1188444395.82,泸州老窖,000568.SZ
2022-03-25,sz.000568,190.22,9116773,1757345696.77,泸州老窖,000568.SZ
2022-03-28,sz.000568,181.9,14412835,2599746147.93,泸州老窖,000568.SZ
2022-03-29,sz.000568,178.77,6582466,1186824096.56,泸州老窖,000568.SZ
2022-03-30,sz.000568,188.02,8776075,1618545539.12,泸州老窖,000568.SZ
2022-03-31,sz.000568,185.88,5512286,1020655431.55,泸州老窖,000568.SZ
2022-04-01,sz.000568,190.7,6904755,1315484547.55,泸州老窖,000568.SZ
2022-04-06,sz.000568,187.5,5438454,1020557679.09,泸州老窖,000568.SZ
2022-04-07,sz.000568,187.77,3764167,710451589.83,泸州老窖,000568.SZ
2022-04-08,sz.000568,188.67,5524879,1053211210.3,泸州老窖,000568.SZ
2022-04-11,sz.000568,180.1,8995011,1624080190.09,泸州老窖,000568.SZ
2022-04-12,sz.000568,193.0,9922519,1859224805.67,泸州老窖,000568.SZ
2022-04-13,sz.000568,192.7,10771393,2099972691.52,泸州老窖,000568.SZ
2022-04-14,sz.000568,209.53,15326222,3147206514.06,泸州老窖,000568.SZ
2022-04-15,sz.000568,208.5,7523181,1560747117.12,泸州老窖,000568.SZ
2022-04-18,sz.000568,206.1,6633250,1352710010.28,泸州老窖,000568.SZ
2022-04-19,sz.000568,202.95,4956798,1014846903.94,泸州老窖,000568.SZ
2022-04-20,sz.000568,202.91,7123813,1443518972.35,泸州老窖,000568.SZ
2022-04-21,sz.000568,199.39,6138024,1234526892.28,泸州老窖,000568.SZ
2022-04-22,sz.000568,201.4,6542157,1312480722.38,泸州老窖,000568.SZ
2022-04-25,sz.000568,192.7,7797024,1538773399.27,泸州老窖,000568.SZ
2022-04-26,sz.000568,200.86,10931682,2202759980.12,泸州老窖,000568.SZ
2022-04-27,sz.000568,201.73,9566794,1935971211.15,泸州老窖,000568.SZ
2022-04-28,sz.000568,214.0,12163514,2536129813.12,泸州老窖,000568.SZ
2022-04-29,sz.000568,210.73,15975239,3368644828.27,泸州老窖,000568.SZ
2022-05-05,sz.000568,209.99,9593662,2028141790.56,泸州老窖,000568.SZ
2022-05-06,sz.000568,199.93,8899837,1796167991.82,泸州老窖,000568.SZ
2022-05-09,sz.000568,194.08,8177869,1581245849.31,泸州老窖,000568.SZ
2022-05-10,sz.000568,197.66,7064814,1382065553.94,泸州老窖,000568.SZ
2022-05-11,sz.000568,201.5,7036959,1418899785.0,泸州老窖,000568.SZ
2022-05-12,sz.000568,205.42,6312428,1291859022.79,泸州老窖,000568.SZ
2022-05-13,sz.000568,204.55,3742588,767503522.78,泸州老窖,000568.SZ
2022-05-16,sz.000568,201.95,5544917,1131789095.4,泸州老窖,000568.SZ
2022-05-17,sz.000568,202.88,4704082,949609727.47,泸州老窖,000568.SZ
2022-05-18,sz.000568,198.78,6465533,1276932473.51,泸州老窖,000568.SZ
2022-05-19,sz.000568,196.17,4902314,958970059.08,泸州老窖,000568.SZ
2022-05-20,sz.000568,209.02,12406364,2546193315.88,泸州老窖,000568.SZ
2022-05-23,sz.000568,205.98,6405412,1319119297.67,泸州老窖,000568.SZ
2022-05-24,sz.000568,201.75,5998490,1212758419.84,泸州老窖,000568.SZ
2022-05-25,sz.000568,197.5,11886832,2335282701.79,泸州老窖,000568.SZ
2022-05-26,sz.000568,196.81,8126620,1594623987.76,泸州老窖,000568.SZ
2022-05-27,sz.000568,197.4,6770484,1352745870.44,泸州老窖,000568.SZ
2022-05-30,sz.000568,206.0,12523459,2565073319.55,泸州老窖,000568.SZ
2022-05-31,sz.000568,214.8,12652779,2699538951.1,泸州老窖,000568.SZ
2022-06-01,sz.000568,214.44,6607138,1412858637.42,泸州老窖,000568.SZ
2022-06-02,sz.000568,210.33,5536273,1169574225.24,泸州老窖,000568.SZ
2022-06-06,sz.000568,214.8,8934675,1892740047.53,泸州老窖,000568.SZ
2022-06-07,sz.000568,217.11,6865503,1492451244.45,泸州老窖,000568.SZ
2022-06-08,sz.000568,221.22,9121593,2009840844.18,泸州老窖,000568.SZ
2022-06-09,sz.000568,215.4,6892594,1498096245.78,泸州老窖,000568.SZ
2022-06-10,sz.000568,219.1,5736569,1246210258.54,泸州老窖,000568.SZ
2022-06-13,sz.000568,213.35,7266988,1552821167.02,泸州老窖,000568.SZ
2022-06-14,sz.000568,213.7,6224169,1319903147.01,泸州老窖,000568.SZ
2022-06-15,sz.000568,218.3,8780603,1912663554.45,泸州老窖,000568.SZ
2022-06-16,sz.000568,218.15,4750097,1041612659.04,泸州老窖,000568.SZ
2022-06-17,sz.000568,223.0,6778473,1502668985.13,泸州老窖,000568.SZ
2022-06-20,sz.000568,227.12,8202866,1858148589.8,泸州老窖,000568.SZ
2022-06-21,sz.000568,228.0,8111426,1863801118.05,泸州老窖,000568.SZ
2022-06-22,sz.000568,225.06,5702278,1294378995.24,泸州老窖,000568.SZ
2022-06-23,sz.000568,226.39,6595605,1482137574.04,泸州老窖,000568.SZ
2022-06-24,sz.000568,230.0,7854485,1802875949.17,泸州老窖,000568.SZ
2022-06-27,sz.000568,238.71,9789441,2332247293.49,泸州老窖,000568.SZ
2022-06-28,sz.000568,237.0,6205014,1474830527.62,泸州老窖,000568.SZ
2022-06-29,sz.000568,235.9,5779214,1369565466.88,泸州老窖,000568.SZ
2022-06-30,sz.000568,246.54,11434521,2828288825.41,泸州老窖,000568.SZ
2022-07-01,sz.000568,245.55,6533619,1593223909.71,泸州老窖,000568.SZ
2022-07-04,sz.000568,242.55,6815355,1647513922.76,泸州老窖,000568.SZ
2022-07-05,sz.000568,244.0,6864742,1663421009.77,泸州老窖,000568.SZ
2022-07-06,sz.000568,235.34,9192650,2179497284.08,泸州老窖,000568.SZ
2022-07-07,sz.000568,235.05,6418922,1500980608.25,泸州老窖,000568.SZ
2022-07-08,sz.000568,240.97,7698660,1854758875.0,泸州老窖,000568.SZ
2022-07-11,sz.000568,234.2,5313461,1241939327.49,泸州老窖,000568.SZ
2022-07-12,sz.000568,234.53,4847996,1134004150.05,泸州老窖,000568.SZ
2022-07-13,sz.000568,237.0,5013059,1188294948.88,泸州老窖,000568.SZ
2022-07-14,sz.000568,234.28,5289828,1245669779.64,泸州老窖,000568.SZ
2022-07-15,sz.000568,237.6,8166375,1963522094.13,泸州老窖,000568.SZ
2022-07-18,sz.000568,234.53,8584718,1989287627.07,泸州老窖,000568.SZ
2022-07-19,sz.000568,234.8,4848441,1131240249.25,泸州老窖,000568.SZ
2022-07-20,sz.000568,235.7,4120470,975370992.73,泸州老窖,000568.SZ
2022-07-21,sz.000568,233.89,3407506,804040422.79,泸州老窖,000568.SZ
2022-07-22,sz.000568,232.5,3469081,808395674.33,泸州老窖,000568.SZ
2022-07-25,sz.000568,233.8,3006880,699371073.46,泸州老窖,000568.SZ
2022-07-26,sz.000568,237.38,5201977,1242781654.04,泸州老窖,000568.SZ
2022-07-27,sz.000568,231.5,5132388,1192969933.02,泸州老窖,000568.SZ
2022-07-28,sz.000568,229.04,3673200,847228435.46,泸州老窖,000568.SZ
2022-07-29,sz.000568,222.2,8609777,1914333864.3,泸州老窖,000568.SZ
2022-08-01,sz.000568,224.0,7227824,1625286644.75,泸州老窖,000568.SZ
2022-08-02,sz.000568,219.22,7774085,1714758375.03,泸州老窖,000568.SZ
2022-08-03,sz.000568,220.6,5110680,1133401946.73,泸州老窖,000568.SZ
2022-08-04,sz.000568,225.8,5505400,1232429168.8,泸州老窖,000568.SZ
2022-08-05,sz.000568,225.48,4185962,939629873.58,泸州老窖,000568.SZ
2022-08-08,sz.000568,221.95,5403294,1201508434.17,泸州老窖,000568.SZ
2022-08-09,sz.000568,220.19,4484871,986186160.17,泸州老窖,000568.SZ
2022-08-10,sz.000568,215.32,8389679,1805397114.38,泸州老窖,000568.SZ
2022-08-11,sz.000568,220.84,6245917,1371059325.62,泸州老窖,000568.SZ
2022-08-12,sz.000568,224.68,4848619,1080015932.42,泸州老窖,000568.SZ
2022-08-15,sz.000568,220.0,6650481,1463178568.03,泸州老窖,000568.SZ
2022-08-16,sz.000568,218.39,4299348,939329658.91,泸州老窖,000568.SZ
2022-08-17,sz.000568,221.98,5174887,1140953510.11,泸州老窖,000568.SZ
2022-08-18,sz.000568,215.8,9014653,1948514986.78,泸州老窖,000568.SZ
2022-08-19,sz.000568,216.3,5658320,1227481842.77,泸州老窖,000568.SZ
2022-08-22,sz.000568,218.99,4255592,928717019.24,泸州老窖,000568.SZ
2022-08-23,sz.000568,215.0,5969429,1283553104.9,泸州老窖,000568.SZ
2022-08-24,sz.000568,214.2,4623355,994036059.24,泸州老窖,000568.SZ
2022-08-25,sz.000568,219.9,8239918,1804006865.21,泸州老窖,000568.SZ
2022-08-26,sz.000568,223.27,10823725,2432752406.32,泸州老窖,000568.SZ
2022-08-29,sz.000568,224.7,16422041,3771790833.9,泸州老窖,000568.SZ
2022-08-30,sz.000568,226.15,8148188,1836098803.64,泸州老窖,000568.SZ
2022-08-31,sz.000568,234.2,12256701,2859345353.92,泸州老窖,000568.SZ
2022-09-01,sz.000568,230.68,7376501,1708701423.01,泸州老窖,000568.SZ
2022-09-02,sz.000568,225.5,7476734,1684150643.78,泸州老窖,000568.SZ
2022-09-05,sz.000568,221.8,7996733,1759172241.4,泸州老窖,000568.SZ
2022-09-06,sz.000568,221.1,7649824,1682744881.13,泸州老窖,000568.SZ
2022-09-07,sz.000568,219.31,6330297,1386729287.58,泸州老窖,000568.SZ
2022-09-08,sz.000568,220.78,4385848,975262821.59,泸州老窖,000568.SZ
2022-09-09,sz.000568,224.7,6319102,1419268166.96,泸州老窖,000568.SZ
2022-09-13,sz.000568,224.48,6860738,1545612686.0,泸州老窖,000568.SZ
2022-09-14,sz.000568,221.3,3796369,841912592.55,泸州老窖,000568.SZ
2022-09-15,sz.000568,224.59,7017713,1579814516.04,泸州老窖,000568.SZ
2022-09-16,sz.000568,218.0,6040226,1326449414.94,泸州老窖,000568.SZ
2022-09-19,sz.000568,220.78,5986268,1323655396.2,泸州老窖,000568.SZ
2022-09-20,sz.000568,225.7,6178677,1384243386.85,泸州老窖,000568.SZ
2022-09-21,sz.000568,222.3,5196594,1157515329.84,泸州老窖,000568.SZ
2022-09-22,sz.000568,219.12,4686661,1029381029.04,泸州老窖,000568.SZ
2022-09-23,sz.000568,220.87,4584707,1011457027.26,泸州老窖,000568.SZ
2022-09-26,sz.000568,227.12,8530322,1934764914.93,泸州老窖,000568.SZ
2022-09-27,sz.000568,232.25,8605361,1980144846.02,泸州老窖,000568.SZ
2022-09-28,sz.000568,231.26,7910136,1848249966.43,泸州老窖,000568.SZ
2022-09-29,sz.000568,231.0,4568522,1057517589.97,泸州老窖,000568.SZ
2022-09-30,sz.000568,230.66,5293590,1229039465.49,泸州老窖,000568.SZ
2022-10-10,sz.000568,210.31,14153833,3085206413.5,泸州老窖,000568.SZ
2022-10-11,sz.000568,216.35,7967818,1704316836.98,泸州老窖,000568.SZ
2022-10-12,sz.000568,213.1,6915158,1457878420.56,泸州老窖,000568.SZ
2022-10-13,sz.000568,209.91,6005697,1267488734.72,泸州老窖,000568.SZ
2022-10-14,sz.000568,212.22,7881137,1670868797.7,泸州老窖,000568.SZ
2022-10-17,sz.000568,207.87,8928716,1853813731.38,泸州老窖,000568.SZ
2022-10-18,sz.000568,207.9,5627007,1173561575.96,泸州老窖,000568.SZ
2022-10-19,sz.000568,196.62,15914429,3153167292.03,泸州老窖,000568.SZ
2022-10-20,sz.000568,197.02,9282699,1819487856.73,泸州老窖,000568.SZ
2022-10-21,sz.000568,191.97,8503696,1638070494.96,泸州老窖,000568.SZ
2022-10-24,sz.000568,178.0,19402927,3494812214.17,泸州老窖,000568.SZ
2022-10-25,sz.000568,175.98,16058430,2833821989.97,泸州老窖,000568.SZ
2022-10-26,sz.000568,173.95,13275624,2328419647.38,泸州老窖,000568.SZ
2022-10-27,sz.000568,159.3,29744138,4888396070.03,泸州老窖,000568.SZ
2022-10-28,sz.000568,160.34,20415335,3291542149.16,泸州老窖,000568.SZ
2022-10-31,sz.000568,156.35,12732302,2002278772.2,泸州老窖,000568.SZ
2022-11-01,sz.000568,170.0,24578413,4059430597.84,泸州老窖,000568.SZ
2022-11-02,sz.000568,174.93,21822499,3805151749.41,泸州老窖,000568.SZ
2022-11-03,sz.000568,172.7,8844119,1520665757.14,泸州老窖,000568.SZ
2022-11-04,sz.000568,183.76,17743900,3245553349.72,泸州老窖,000568.SZ
2022-11-07,sz.000568,182.88,11519734,2096080111.38,泸州老窖,000568.SZ
2022-11-08,sz.000568,178.99,12711606,2277452318.14,泸州老窖,000568.SZ
2022-11-09,sz.000568,175.5,8399367,1482165497.11,泸州老窖,000568.SZ
2022-11-10,sz.000568,177.32,8039611,1416015061.97,泸州老窖,000568.SZ
2022-11-11,sz.000568,186.29,18773459,3455169027.32,泸州老窖,000568.SZ
2022-11-14,sz.000568,183.16,13472827,2509130616.55,泸州老窖,000568.SZ
2022-11-15,sz.000568,186.0,12081205,2247367543.35,泸州老窖,000568.SZ
2022-11-16,sz.000568,186.17,7906554,1480263797.43,泸州老窖,000568.SZ
2022-11-17,sz.000568,182.93,10396297,1900053450.01,泸州老窖,000568.SZ
2022-11-18,sz.000568,185.23,8880433,1644173476.05,泸州老窖,000568.SZ
2022-11-21,sz.000568,177.7,10855660,1926926843.57,泸州老窖,000568.SZ
2022-11-22,sz.000568,177.9,7165483,1276502995.47,泸州老窖,000568.SZ
2022-11-23,sz.000568,177.0,5278560,932814164.66,泸州老窖,000568.SZ
2022-11-24,sz.000568,173.65,9027775,1570638772.44,泸州老窖,000568.SZ
2022-11-25,sz.000568,173.37,5703511,985026622.51,泸州老窖,000568.SZ
2022-11-28,sz.000568,173.36,10889320,1842210823.94,泸州老窖,000568.SZ
2022-11-29,sz.000568,185.94,21142673,3848338173.41,泸州老窖,000568.SZ
2022-11-30,sz.000568,186.01,9208731,1711602834.39,泸州老窖,000568.SZ
2022-12-01,sz.000568,195.39,20541553,4071156353.6,泸州老窖,000568.SZ
2022-12-02,sz.000568,192.76,8575406,1667831144.96,泸州老窖,000568.SZ
2022-12-05,sz.000568,196.63,11163997,2204463451.71,泸州老窖,000568.SZ
2022-12-06,sz.000568,203.51,17026007,3496877975.14,泸州老窖,000568.SZ
2022-12-07,sz.000568,204.72,11295772,2306556008.09,泸州老窖,000568.SZ
2022-12-08,sz.000568,204.4,6466400,1317845556.24,泸州老窖,000568.SZ
2022-12-09,sz.000568,212.88,13666013,2857257839.99,泸州老窖,000568.SZ
2022-12-12,sz.000568,208.52,9971887,2105720946.68,泸州老窖,000568.SZ
2022-12-13,sz.000568,211.87,8829530,1866110784.36,泸州老窖,000568.SZ
2022-12-14,sz.000568,220.7,13744792,3013073571.26,泸州老窖,000568.SZ
2022-12-15,sz.000568,219.35,11510335,2547041643.55,泸州老窖,000568.SZ
2022-12-16,sz.000568,222.99,8130338,1803400301.03,泸州老窖,000568.SZ
2022-12-19,sz.000568,220.08,7629741,1692006908.74,泸州老窖,000568.SZ
2022-12-20,sz.000568,209.0,16799972,3553372365.64,泸州老窖,000568.SZ
2022-12-21,sz.000568,212.38,8033937,1707951210.63,泸州老窖,000568.SZ
2022-12-22,sz.000568,217.31,9390996,2049858823.76,泸州老窖,000568.SZ
2022-12-23,sz.000568,221.18,10267271,2276356261.89,泸州老窖,000568.SZ
2022-12-26,sz.000568,217.5,7602209,1663398173.59,泸州老窖,000568.SZ
2022-12-27,sz.000568,222.49,7251370,1614709239.41,泸州老窖,000568.SZ
2022-12-28,sz.000568,224.3,8901144,1986366330.63,泸州老窖,000568.SZ
2022-12-29,sz.000568,219.17,8077456,1771625585.96,泸州老窖,000568.SZ
2022-12-30,sz.000568,224.28,9934351,2222210148.41,泸州老窖,000568.SZ
2023-01-03,sz.000568,219.86,9238152,2030869788.16,泸州老窖,000568.SZ
2023-01-04,sz.000568,221.0,6892060,1525301301.0,泸州老窖,000568.SZ
2023-01-05,sz.000568,234.59,13553908,3156912259.57,泸州老窖,000568.SZ
2023-01-06,sz.000568,234.57,10003539,2333063640.48,泸州老窖,000568.SZ
2023-01-09,sz.000568,238.46,10608196,2523163702.84,泸州老窖,000568.SZ
2023-01-10,sz.000568,239.0,6772071,1620936729.28,泸州老窖,000568.SZ
2023-01-11,sz.000568,237.0,7299567,1733483566.33,泸州老窖,000568.SZ
2023-01-12,sz.000568,236.66,5897121,1400864763.11,泸州老窖,000568.SZ
2023-01-13,sz.000568,244.3,12072178,2927826941.51,泸州老窖,000568.SZ
2023-01-16,sz.000568,252.0,12592279,3183135635.12,泸州老窖,000568.SZ
2023-01-17,sz.000568,249.01,9806406,2448756429.96,泸州老窖,000568.SZ
2023-01-18,sz.000568,246.5,7766295,1930105775.92,泸州老窖,000568.SZ
2023-01-19,sz.000568,247.38,7325245,1806513612.97,泸州老窖,000568.SZ
2023-01-20,sz.000568,247.8,8019829,2003590391.58,泸州老窖,000568.SZ
2023-01-30,sz.000568,249.23,9945203,2459782211.64,泸州老窖,000568.SZ
2023-01-31,sz.000568,237.0,11300743,2710907684.93,泸州老窖,000568.SZ
2023-02-01,sz.000568,238.48,10290565,2436424033.48,泸州老窖,000568.SZ
2023-02-02,sz.000568,239.02,7121257,1699521194.25,泸州老窖,000568.SZ
2023-02-03,sz.000568,235.3,10920147,2541131073.33,泸州老窖,000568.SZ
2023-02-06,sz.000568,234.03,11208688,2588482867.87,泸州老窖,000568.SZ
2023-02-07,sz.000568,232.9,6683255,1559169991.72,泸州老窖,000568.SZ
2023-02-08,sz.000568,232.17,4824898,1120885002.49,泸州老窖,000568.SZ
2023-02-09,sz.000568,241.57,11714427,2811496460.02,泸州老窖,000568.SZ
2023-02-10,sz.000568,247.0,8919606,2190384393.95,泸州老窖,000568.SZ
2023-02-13,sz.000568,260.6,15441549,4007305304.95,泸州老窖,000568.SZ
2023-02-14,sz.000568,252.03,11272200,2874762378.57,泸州老窖,000568.SZ
2023-02-15,sz.000568,250.6,8850987,2238116154.17,泸州老窖,000568.SZ
2023-02-16,sz.000568,250.0,10505653,2641993488.49,泸州老窖,000568.SZ
2023-02-17,sz.000568,251.4,14522887,3693803516.35,泸州老窖,000568.SZ
2023-02-20,sz.000568,257.74,10052139,2559387028.68,泸州老窖,000568.SZ
2023-02-21,sz.000568,254.43,6822068,1728700105.37,泸州老窖,000568.SZ
2023-02-22,sz.000568,252.38,5193205,1316412377.87,泸州老窖,000568.SZ
2023-02-23,sz.000568,251.48,6020176,1516235275.13,泸州老窖,000568.SZ
2023-02-24,sz.000568,248.6,8506948,2099915029.88,泸州老窖,000568.SZ
2023-02-27,sz.000568,251.2,7131391,1795850099.72,泸州老窖,000568.SZ
2023-02-28,sz.000568,250.0,4568297,1140249858.74,泸州老窖,000568.SZ
2023-03-01,sz.000568,255.28,7141967,1807044152.6,泸州老窖,000568.SZ
2023-03-02,sz.000568,254.96,3895274,991738228.37,泸州老窖,000568.SZ
2023-03-03,sz.000568,254.5,4813749,1231260902.59,泸州老窖,000568.SZ
2023-03-06,sz.000568,252.37,6508410,1643576961.86,泸州老窖,000568.SZ
2023-03-07,sz.000568,247.4,5866549,1462033402.55,泸州老窖,000568.SZ
2023-03-08,sz.000568,243.8,4749946,1161086961.65,泸州老窖,000568.SZ
2023-03-09,sz.000568,242.98,4756441,1153802942.09,泸州老窖,000568.SZ
2023-03-10,sz.000568,237.98,4577525,1097570367.33,泸州老窖,000568.SZ
2023-03-13,sz.000568,244.73,5592884,1367779410.13,泸州老窖,000568.SZ
2023-03-14,sz.000568,240.5,4661381,1121860025.96,泸州老窖,000568.SZ
2023-03-15,sz.000568,236.88,4445057,1064635610.68,泸州老窖,000568.SZ
2023-03-16,sz.000568,236.98,5452615,1298977406.24,泸州老窖,000568.SZ
2023-03-17,sz.000568,235.72,6587781,1565759172.0,泸州老窖,000568.SZ
2023-03-20,sz.000568,231.0,6603761,1523405792.1,泸州老窖,000568.SZ
2023-03-21,sz.000568,240.55,9535382,2265934257.78,泸州老窖,000568.SZ
2023-03-22,sz.000568,241.89,6578756,1604520656.18,泸州老窖,000568.SZ
2023-03-23,sz.000568,244.04,6741219,1654821120.91,泸州老窖,000568.SZ
2023-03-24,sz.000568,245.65,5420078,1333681214.11,泸州老窖,000568.SZ
2023-03-27,sz.000568,242.19,5661713,1369239671.92,泸州老窖,000568.SZ
2023-03-28,sz.000568,248.73,6380894,1581812226.22,泸州老窖,000568.SZ
2023-03-29,sz.000568,253.58,6944860,1758892346.17,泸州老窖,000568.SZ
2023-03-30,sz.000568,256.54,6569127,1679910931.11,泸州老窖,000568.SZ
2023-03-31,sz.000568,254.79,5445078,1397409704.89,泸州老窖,000568.SZ
2023-04-03,sz.000568,254.29,5583392,1428301319.0,泸州老窖,000568.SZ
2023-04-04,sz.000568,259.23,6833299,1751925320.57,泸州老窖,000568.SZ
2023-04-06,sz.000568,250.04,6392120,1611933678.51,泸州老窖,000568.SZ
2023-04-07,sz.000568,249.0,5103385,1275060485.69,泸州老窖,000568.SZ
2023-04-10,sz.000568,247.5,12535893,3001171751.41,泸州老窖,000568.SZ
2023-04-11,sz.000568,238.99,9188248,2202877434.31,泸州老窖,000568.SZ
2023-04-12,sz.000568,233.19,8177404,1916586687.66,泸州老窖,000568.SZ
2023-04-13,sz.000568,234.3,6488606,1513113606.74,泸州老窖,000568.SZ
2023-04-14,sz.000568,229.55,6264920,1448325218.61,泸州老窖,000568.SZ
2023-04-17,sz.000568,233.42,8689856,2038268593.18,泸州老窖,000568.SZ
2023-04-18,sz.000568,234.08,7195574,1689396114.38,泸州老窖,000568.SZ
2023-04-19,sz.000568,232.09,4393229,1017954884.97,泸州老窖,000568.SZ
2023-04-20,sz.000568,229.5,4693860,1078579016.78,泸州老窖,000568.SZ
2023-04-21,sz.000568,229.12,3953400,911175195.59,泸州老窖,000568.SZ
2023-04-24,sz.000568,221.75,8091053,1803951235.37,泸州老窖,000568.SZ
2023-04-25,sz.000568,225.52,7862192,1753666180.77,泸州老窖,000568.SZ
2023-04-26,sz.000568,225.61,5696182,1279909713.0,泸州老窖,000568.SZ
2023-04-27,sz.000568,225.54,6706405,1508154044.59,泸州老窖,000568.SZ
2023-04-28,sz.000568,226.24,7625590,1728325423.04,泸州老窖,000568.SZ
2023-05-04,sz.000568,221.18,9033291,2032709259.13,泸州老窖,000568.SZ
2023-05-05,sz.000568,223.79,6651739,1477643558.56,泸州老窖,000568.SZ
2023-05-08,sz.000568,222.3,4683978,1043377302.14,泸州老窖,000568.SZ
2023-05-09,sz.000568,221.25,6180177,1365145672.45,泸州老窖,000568.SZ
2023-05-10,sz.000568,217.76,4744833,1032698792.36,泸州老窖,000568.SZ
2023-05-11,sz.000568,215.99,3716403,807294143.95,泸州老窖,000568.SZ
2023-05-12,sz.000568,213.82,4874049,1047753190.48,泸州老窖,000568.SZ
2023-05-15,sz.000568,215.88,4468608,958510327.33,泸州老窖,000568.SZ
2023-05-16,sz.000568,213.0,4887294,1041005581.15,泸州老窖,000568.SZ
2023-05-17,sz.000568,210.0,4974390,1048624716.3,泸州老窖,000568.SZ
2023-05-18,sz.000568,207.37,5516631,1148456817.57,泸州老窖,000568.SZ
2023-05-19,sz.000568,213.15,7190120,1513798332.95,泸州老窖,000568.SZ
2023-05-22,sz.000568,224.0,12186341,2709666222.58,泸州老窖,000568.SZ
2023-05-23,sz.000568,220.7,5546543,1230920604.54,泸州老窖,000568.SZ
2023-05-24,sz.000568,217.72,4707597,1035666177.28,泸州老窖,000568.SZ
2023-05-25,sz.000568,216.6,4919075,1062789230.6,泸州老窖,000568.SZ
2023-05-26,sz.000568,214.13,5402206,1162884917.73,泸州老窖,000568.SZ
2023-05-29,sz.000568,213.96,5530168,1184015235.14,泸州老窖,000568.SZ
2023-05-30,sz.000568,209.76,6234920,1313240328.55,泸州老窖,000568.SZ
2023-05-31,sz.000568,204.03,9628029,1964195352.89,泸州老窖,000568.SZ
2023-06-01,sz.000568,207.53,8547942,1783304205.01,泸州老窖,000568.SZ
2023-06-02,sz.000568,212.22,6080678,1281837040.63,泸州老窖,000568.SZ
2023-06-05,sz.000568,206.76,6901918,1429169412.66,泸州老窖,000568.SZ
2023-06-06,sz.000568,208.99,7787865,1636679658.83,泸州老窖,000568.SZ
2023-06-07,sz.000568,205.28,5446652,1129517879.16,泸州老窖,000568.SZ
2023-06-08,sz.000568,206.3,5363111,1101042684.46,泸州老窖,000568.SZ
2023-06-09,sz.000568,205.94,6444914,1332448864.2,泸州老窖,000568.SZ
2023-06-12,sz.000568,217.2,10927202,2338615835.82,泸州老窖,000568.SZ
2023-06-13,sz.000568,220.9,6972364,1535348387.83,泸州老窖,000568.SZ
2023-06-14,sz.000568,228.2,10802384,2465965283.67,泸州老窖,000568.SZ
2023-06-15,sz.000568,230.5,8681782,1997583816.66,泸州老窖,000568.SZ
2023-06-16,sz.000568,232.6,6320829,1469191164.43,泸州老窖,000568.SZ
2023-06-19,sz.000568,226.06,9877368,2237649595.96,泸州老窖,000568.SZ
2023-06-20,sz.000568,221.39,6988746,1553856825.87,泸州老窖,000568.SZ
2023-06-21,sz.000568,219.9,5598168,1240592285.71,泸州老窖,000568.SZ
2023-06-26,sz.000568,212.46,7254056,1540994489.56,泸州老窖,000568.SZ
2023-06-27,sz.000568,218.22,7528472,1618289783.55,泸州老窖,000568.SZ
2023-06-28,sz.000568,217.86,5829190,1269910922.31,泸州老窖,000568.SZ
2023-06-29,sz.000568,212.27,5481918,1174707796.28,泸州老窖,000568.SZ
2023-06-30,sz.000568,209.57,7141578,1502107539.66,泸州老窖,000568.SZ
2023-07-03,sz.000568,218.0,8836252,1903074474.39,泸州老窖,000568.SZ
2023-07-04,sz.000568,220.85,5978460,1309876856.0,泸州老窖,000568.SZ
2023-07-05,sz.000568,214.72,5401112,1161297045.48,泸州老窖,000568.SZ
2023-07-06,sz.000568,212.68,3535368,756527249.16,泸州老窖,000568.SZ
2023-07-07,sz.000568,211.35,3618420,766973161.03,泸州老窖,000568.SZ
2023-07-10,sz.000568,213.0,3977822,852086962.94,泸州老窖,000568.SZ
2023-07-11,sz.000568,212.43,3355463,711732025.04,泸州老窖,000568.SZ
2023-07-12,sz.000568,213.85,3829705,821018519.5,泸州老窖,000568.SZ
2023-07-13,sz.000568,227.25,10443162,2338475730.51,泸州老窖,000568.SZ
2023-07-14,sz.000568,228.99,5025760,1142234847.9,泸州老窖,000568.SZ
2023-07-17,sz.000568,222.99,4873006,1085353275.92,泸州老窖,000568.SZ
2023-07-18,sz.000568,222.3,2988277,664492620.7,泸州老窖,000568.SZ
2023-07-19,sz.000568,221.15,4043415,891879587.05,泸州老窖,000568.SZ
2023-07-20,sz.000568,222.24,5904047,1325949955.84,泸州老窖,000568.SZ
2023-07-21,sz.000568,226.95,7107610,1611673986.28,泸州老窖,000568.SZ
2023-07-24,sz.000568,223.07,5227138,1168852337.74,泸州老窖,000568.SZ
2023-07-25,sz.000568,238.76,13488695,3215186971.86,泸州老窖,000568.SZ
2023-07-26,sz.000568,237.7,7372092,1752337391.31,泸州老窖,000568.SZ
2023-07-27,sz.000568,239.77,7609299,1832446992.28,泸州老窖,000568.SZ
2023-07-28,sz.000568,244.97,9510828,2313427339.72,泸州老窖,000568.SZ
2023-07-31,sz.000568,241.11,10613901,2610152205.49,泸州老窖,000568.SZ
2023-08-01,sz.000568,237.59,7081244,1692895188.66,泸州老窖,000568.SZ
2023-08-02,sz.000568,237.42,4147739,984230267.93,泸州老窖,000568.SZ
2023-08-03,sz.000568,237.88,4575146,1084149966.1,泸州老窖,000568.SZ
2023-08-04,sz.000568,239.9,5382400,1298302063.41,泸州老窖,000568.SZ
2023-08-07,sz.000568,235.21,5693102,1340377518.05,泸州老窖,000568.SZ
2023-08-08,sz.000568,235.9,3884026,915342776.88,泸州老窖,000568.SZ
2023-08-09,sz.000568,237.3,4036682,953723001.14,泸州老窖,000568.SZ
2023-08-10,sz.000568,237.0,4115066,974117236.48,泸州老窖,000568.SZ
2023-08-11,sz.000568,232.68,4147354,973863950.98,泸州老窖,000568.SZ
2023-08-14,sz.000568,229.9,4943138,1128152540.85,泸州老窖,000568.SZ
2023-08-15,sz.000568,229.33,3135484,717508537.63,泸州老窖,000568.SZ
2023-08-16,sz.000568,229.68,2932687,674118039.53,泸州老窖,000568.SZ
2023-08-17,sz.000568,235.07,4336506,1008108875.24,泸州老窖,000568.SZ
2023-08-18,sz.000568,229.7,4139405,959168071.62,泸州老窖,000568.SZ
2023-08-21,sz.000568,228.9,3765777,865096215.75,泸州老窖,000568.SZ
2023-08-22,sz.000568,228.83,4746465,1083230811.03,泸州老窖,000568.SZ
2023-08-23,sz.000568,224.48,4059179,921093822.65,泸州老窖,000568.SZ
2023-08-24,sz.000568,233.3,7067245,1631358664.19,泸州老窖,000568.SZ
2023-08-25,sz.000568,231.6,4925393,1139143464.93,泸州老窖,000568.SZ
2023-08-28,sz.000568,228.29,9000703,2075561311.36,泸州老窖,000568.SZ
2023-08-29,sz.000568,233.85,6640487,1547753788.96,泸州老窖,000568.SZ
2023-08-30,sz.000568,233.26,5196311,1217004960.71,泸州老窖,000568.SZ
2023-08-31,sz.000568,232.3,3831586,893542260.31,泸州老窖,000568.SZ
2023-09-01,sz.000568,237.8,6076764,1449373598.06,泸州老窖,000568.SZ
2023-09-04,sz.000568,241.18,7420132,1798867077.35,泸州老窖,000568.SZ
2023-09-05,sz.000568,238.08,4766435,1141658438.77,泸州老窖,000568.SZ
2023-09-06,sz.000568,238.09,2682478,637295933.01,泸州老窖,000568.SZ
2023-09-07,sz.000568,233.57,4760734,1116080606.13,泸州老窖,000568.SZ
2023-09-08,sz.000568,233.3,2747014,640619745.32,泸州老窖,000568.SZ
2023-09-11,sz.000568,235.39,4269187,1003697121.1,泸州老窖,000568.SZ
2023-09-12,sz.000568,233.09,3279212,766080822.35,泸州老窖,000568.SZ
2023-09-13,sz.000568,232.23,3640881,848373502.96,泸州老窖,000568.SZ
2023-09-14,sz.000568,232.24,2786985,647388597.41,泸州老窖,000568.SZ
2023-09-15,sz.000568,226.6,6947380,1587897201.63,泸州老窖,000568.SZ
2023-09-18,sz.000568,227.33,5673193,1288494680.68,泸州老窖,000568.SZ
2023-09-19,sz.000568,227.39,3820160,863619269.54,泸州老窖,000568.SZ
2023-09-20,sz.000568,227.15,2582861,586857547.91,泸州老窖,000568.SZ
2023-09-21,sz.000568,220.68,5715886,1274276673.05,泸州老窖,000568.SZ
2023-09-22,sz.000568,227.0,5836218,1313776558.28,泸州老窖,000568.SZ
2023-09-25,sz.000568,225.3,3590723,810130643.29,泸州老窖,000568.SZ
2023-09-26,sz.000568,222.44,3409454,761742298.77,泸州老窖,000568.SZ
2023-09-27,sz.000568,222.11,4023652,894344102.41,泸州老窖,000568.SZ
2023-09-28,sz.000568,216.65,7090457,1544838084.75,泸州老窖,000568.SZ
2023-10-09,sz.000568,214.95,6499790,1388825897.17,泸州老窖,000568.SZ
2023-10-10,sz.000568,211.29,7675118,1631832867.62,泸州老窖,000568.SZ
2023-10-11,sz.000568,210.13,4977156,1049244363.81,泸州老窖,000568.SZ
2023-10-12,sz.000568,209.98,4574850,961940361.31,泸州老窖,000568.SZ
2023-10-13,sz.000568,205.15,8832665,1810385284.17,泸州老窖,000568.SZ
2023-10-16,sz.000568,203.44,5175580,1056380883.54,泸州老窖,000568.SZ
2023-10-17,sz.000568,203.84,5192192,1057597273.03,泸州老窖,000568.SZ
2023-10-18,sz.000568,204.21,5099166,1045896437.06,泸州老窖,000568.SZ
2023-10-19,sz.000568,197.81,8627754,1717078751.2,泸州老窖,000568.SZ
2023-10-20,sz.000568,197.0,4915478,974356750.97,泸州老窖,000568.SZ
2023-10-23,sz.000568,197.59,5097095,1006217951.64,泸州老窖,000568.SZ
2023-10-24,sz.000568,198.8,5649912,1119484535.53,泸州老窖,000568.SZ
2023-10-25,sz.000568,206.05,9021455,1863232031.31,泸州老窖,000568.SZ
2023-10-26,sz.000568,206.06,5373854,1103055291.61,泸州老窖,000568.SZ
2023-10-27,sz.000568,208.96,5851674,1219325754.39,泸州老窖,000568.SZ
2023-10-30,sz.000568,211.16,6211247,1308985575.97,泸州老窖,000568.SZ
2023-10-31,sz.000568,214.61,7293514,1560934291.84,泸州老窖,000568.SZ
2023-11-01,sz.000568,221.93,13943438,3126311596.26,泸州老窖,000568.SZ
2023-11-02,sz.000568,218.44,5770867,1272176688.44,泸州老窖,000568.SZ
2023-11-03,sz.000568,221.28,4608450,1015519604.8,泸州老窖,000568.SZ
2023-11-06,sz.000568,220.6,5606272,1234491458.4,泸州老窖,000568.SZ
2023-11-07,sz.000568,219.75,3904918,854089094.65,泸州老窖,000568.SZ
2023-11-08,sz.000568,216.9,6574031,1425337072.8,泸州老窖,000568.SZ
2023-11-09,sz.000568,215.73,3710249,800388230.61,泸州老窖,000568.SZ
2023-11-10,sz.000568,212.07,4952663,1049829268.88,泸州老窖,000568.SZ
2023-11-13,sz.000568,209.21,5559436,1162975444.95,泸州老窖,000568.SZ
2023-11-14,sz.000568,209.58,3756805,787111659.76,泸州老窖,000568.SZ
2023-11-15,sz.000568,211.9,5432677,1153558158.58,泸州老窖,000568.SZ
2023-11-16,sz.000568,210.64,3151283,665256379.33,泸州老窖,000568.SZ
2023-11-17,sz.000568,208.3,4627906,961691181.18,泸州老窖,000568.SZ
2023-11-20,sz.000568,208.87,4185619,870587356.29,泸州老窖,000568.SZ
2023-11-21,sz.000568,213.07,7252392,1543562408.62,泸州老窖,000568.SZ
2023-11-22,sz.000568,210.75,3030051,640752237.37,泸州老窖,000568.SZ
2023-11-23,sz.000568,209.7,3528803,737628526.69,泸州老窖,000568.SZ
2023-11-24,sz.000568,210.36,3427614,720189858.76,泸州老窖,000568.SZ
2023-11-27,sz.000568,206.5,5174405,1068058868.94,泸州老窖,000568.SZ
2023-11-28,sz.000568,206.3,4487087,924359432.05,泸州老窖,000568.SZ
2023-11-29,sz.000568,205.35,4763099,973664082.06,泸州老窖,000568.SZ
2023-11-30,sz.000568,207.5,3965417,820926403.55,泸州老窖,000568.SZ
2023-12-01,sz.000568,202.0,7351532,1492204514.39,泸州老窖,000568.SZ
2023-12-04,sz.000568,198.43,6222750,1240686652.28,泸州老窖,000568.SZ
2023-12-05,sz.000568,192.61,7684263,1500961555.69,泸州老窖,000568.SZ
2023-12-06,sz.000568,191.47,6104318,1175702070.16,泸州老窖,000568.SZ
2023-12-07,sz.000568,189.0,8064110,1522027054.46,泸州老窖,000568.SZ
2023-12-08,sz.000568,190.0,7039503,1340264681.32,泸州老窖,000568.SZ
2023-12-11,sz.000568,181.55,19106023,3446298040.16,泸州老窖,000568.SZ
2023-12-12,sz.000568,184.46,10652080,1951893207.16,泸州老窖,000568.SZ
2023-12-13,sz.000568,174.3,17463383,3083055575.01,泸州老窖,000568.SZ
2023-12-14,sz.000568,169.52,15917700,2733669728.07,泸州老窖,000568.SZ
2023-12-15,sz.000568,172.05,12677677,2190649202.83,泸州老窖,000568.SZ
2023-12-18,sz.000568,172.76,7740113,1337740858.95,泸州老窖,000568.SZ
2023-12-19,sz.000568,172.06,6964525,1192958707.34,泸州老窖,000568.SZ
2023-12-20,sz.000568,169.32,6675279,1141967918.34,泸州老窖,000568.SZ
2023-12-21,sz.000568,170.76,8313829,1416500537.71,泸州老窖,000568.SZ
2023-12-22,sz.000568,170.48,7263875,1240278320.51,泸州老窖,000568.SZ
2023-12-25,sz.000568,173.09,6259911,1076971893.41,泸州老窖,000568.SZ
2023-12-26,sz.000568,171.14,5284133,903699859.64,泸州老窖,000568.SZ
2023-12-27,sz.000568,170.27,5289989,902206159.14,泸州老窖,000568.SZ
2023-12-28,sz.000568,179.49,14550131,2574498500.24,泸州老窖,000568.SZ
2023-12-29,sz.000568,179.42,7837028,1409387165.2,泸州老窖,000568.SZ
2024-01-02,sz.000568,172.87,11708435,2033049618.71,泸州老窖,000568.SZ
2024-01-03,sz.000568,170.6,8530447,1455270130.73,泸州老窖,000568.SZ
2024-01-04,sz.000568,165.0,12494978,2071658718.36,泸州老窖,000568.SZ
2024-01-05,sz.000568,163.1,8059837,1329231479.32,泸州老窖,000568.SZ
2024-01-08,sz.000568,160.16,8093736,1305199029.64,泸州老窖,000568.SZ
2024-01-09,sz.000568,159.8,7767000,1241327530.26,泸州老窖,000568.SZ
2024-01-10,sz.000568,160.51,7106873,1143986583.72,泸州老窖,000568.SZ
2024-01-11,sz.000568,161.76,7432187,1198260185.26,泸州老窖,000568.SZ
2024-01-12,sz.000568,159.48,7058674,1130296529.9,泸州老窖,000568.SZ
2024-01-15,sz.000568,158.25,8316494,1318959844.18,泸州老窖,000568.SZ
2024-01-16,sz.000568,158.7,7218562,1145707382.2,泸州老窖,000568.SZ
2024-01-17,sz.000568,153.8,10084599,1569095091.78,泸州老窖,000568.SZ
2024-01-18,sz.000568,156.63,8876219,1366280019.04,泸州老窖,000568.SZ
2024-01-19,sz.000568,157.8,7425837,1168824262.95,泸州老窖,000568.SZ
2024-01-22,sz.000568,154.21,7862988,1224811062.5,泸州老窖,000568.SZ
2024-01-23,sz.000568,153.58,7641537,1173200795.14,泸州老窖,000568.SZ
2024-01-24,sz.000568,151.74,12776821,1923356899.9,泸州老窖,000568.SZ
2024-01-25,sz.000568,155.8,12170797,1866089715.68,泸州老窖,000568.SZ
2024-01-26,sz.000568,155.18,8520034,1323957257.18,泸州老窖,000568.SZ
2024-01-29,sz.000568,156.85,10911918,1728877762.65,泸州老窖,000568.SZ
2024-01-30,sz.000568,150.0,10044721,1517908080.0,泸州老窖,000568.SZ
2024-01-31,sz.000568,146.8,8983556,1328799101.7,泸州老窖,000568.SZ
2024-02-01,sz.000568,146.93,8038203,1186615477.95,泸州老窖,000568.SZ
2024-02-02,sz.000568,144.21,10827629,1572115105.89,泸州老窖,000568.SZ
2024-02-05,sz.000568,144.73,12918892,1866271827.89,泸州老窖,000568.SZ
2024-02-06,sz.000568,153.45,14421104,2169139800.47,泸州老窖,000568.SZ
2024-02-07,sz.000568,155.8,13747038,2130722516.94,泸州老窖,000568.SZ
2024-02-08,sz.000568,153.66,11505068,1775033373.76,泸州老窖,000568.SZ
2024-02-19,sz.000568,155.15,11972115,1873501585.59,泸州老窖,000568.SZ
2024-02-20,sz.000568,153.37,9012011,1379051518.29,泸州老窖,000568.SZ
2024-02-21,sz.000568,163.06,16941646,2713988993.74,泸州老窖,000568.SZ
2024-02-22,sz.000568,165.4,10783604,1759632658.79,泸州老窖,000568.SZ
2024-02-23,sz.000568,169.0,12765675,2152436230.11,泸州老窖,000568.SZ
2024-02-26,sz.000568,169.34,10554916,1797880491.63,泸州老窖,000568.SZ
2024-02-27,sz.000568,169.92,6900187,1163239526.78,泸州老窖,000568.SZ
2024-02-28,sz.000568,169.3,8642338,1479845802.64,泸州老窖,000568.SZ
2024-02-29,sz.000568,175.75,9594209,1662050403.12,泸州老窖,000568.SZ
2024-03-01,sz.000568,175.82,6044708,1060963071.12,泸州老窖,000568.SZ
2024-03-04,sz.000568,170.6,9553057,1639239454.66,泸州老窖,000568.SZ
2024-03-05,sz.000568,172.5,7689984,1317117054.66,泸州老窖,000568.SZ
2024-03-06,sz.000568,168.73,7504580,1271872599.54,泸州老窖,000568.SZ
2024-03-07,sz.000568,167.26,5243799,881856192.88,泸州老窖,000568.SZ
2024-03-08,sz.000568,165.83,6994242,1155777255.79,泸州老窖,000568.SZ
2024-03-11,sz.000568,172.9,10423939,1778472005.92,泸州老窖,000568.SZ
2024-03-12,sz.000568,185.97,18061801,3290011203.79,泸州老窖,000568.SZ
2024-03-13,sz.000568,185.56,10430650,1944935186.47,泸州老窖,000568.SZ
2024-03-14,sz.000568,187.02,12137680,2263392824.67,泸州老窖,000568.SZ
2024-03-15,sz.000568,187.6,7671098,1444274087.22,泸州老窖,000568.SZ
2024-03-18,sz.000568,186.2,8414044,1568290585.32,泸州老窖,000568.SZ
2024-03-19,sz.000568,190.74,11043440,2090281353.42,泸州老窖,000568.SZ
2024-03-20,sz.000568,189.2,6526747,1236440881.23,泸州老窖,000568.SZ
2024-03-21,sz.000568,190.3,6164273,1174836545.49,泸州老窖,000568.SZ
2024-03-22,sz.000568,183.14,9547988,1758141806.46,泸州老窖,000568.SZ
2024-03-25,sz.000568,183.2,7152988,1303116159.64,泸州老窖,000568.SZ
2024-03-26,sz.000568,187.31,6833244,1273401497.81,泸州老窖,000568.SZ
2024-03-27,sz.000568,184.45,4560896,848527175.2,泸州老窖,000568.SZ
2024-03-28,sz.000568,185.06,4942679,917431822.62,泸州老窖,000568.SZ
2024-03-29,sz.000568,184.59,3202824,591057160.93,泸州老窖,000568.SZ
2024-04-01,sz.000568,191.35,9172029,1762557751.42,泸州老窖,000568.SZ
2024-04-02,sz.000568,190.97,5921008,1135811345.84,泸州老窖,000568.SZ
2024-04-03,sz.000568,192.57,5712241,1104634828.18,泸州老窖,000568.SZ
2024-04-08,sz.000568,180.3,13822713,2526801078.78,泸州老窖,000568.SZ
2024-04-09,sz.000568,178.19,6885682,1234023228.97,泸州老窖,000568.SZ
2024-04-10,sz.000568,175.7,7959042,1397639111.96,泸州老窖,000568.SZ
2024-04-11,sz.000568,178.24,7182692,1266944532.09,泸州老窖,000568.SZ
2024-04-12,sz.000568,170.86,8887567,1540563423.93,泸州老窖,000568.SZ
2024-04-15,sz.000568,180.94,10051216,1799067809.25,泸州老窖,000568.SZ
2024-04-16,sz.000568,176.3,5798073,1031422899.51,泸州老窖,000568.SZ
2024-04-17,sz.000568,176.9,4694972,828134715.64,泸州老窖,000568.SZ
2024-04-18,sz.000568,178.19,5822460,1039986512.64,泸州老窖,000568.SZ
2024-04-19,sz.000568,175.68,5599170,981325098.46,泸州老窖,000568.SZ
2024-04-22,sz.000568,178.21,7078999,1268357474.96,泸州老窖,000568.SZ
2024-04-23,sz.000568,181.0,7443226,1337291907.45,泸州老窖,000568.SZ
2024-04-24,sz.000568,182.09,6762313,1229583671.22,泸州老窖,000568.SZ
2024-04-25,sz.000568,179.97,5464423,984211151.78,泸州老窖,000568.SZ
2024-04-26,sz.000568,186.42,8698726,1605714486.85,泸州老窖,000568.SZ
2024-04-29,sz.000568,189.0,15696298,2983160453.21,泸州老窖,000568.SZ
2024-04-30,sz.000568,186.1,8067781,1524012095.06,泸州老窖,000568.SZ
2024-05-06,sz.000568,193.55,15205669,2958518425.16,泸州老窖,000568.SZ
2024-05-07,sz.000568,193.62,7435621,1433480840.78,泸州老窖,000568.SZ
2024-05-08,sz.000568,190.97,5503315,1052275041.42,泸州老窖,000568.SZ
2024-05-09,sz.000568,190.56,5463323,1039564033.1,泸州老窖,000568.SZ
2024-05-10,sz.000568,186.94,8328942,1561088278.21,泸州老窖,000568.SZ
2024-05-13,sz.000568,180.78,14152557,2558830154.86,泸州老窖,000568.SZ
2024-05-14,sz.000568,181.93,7703616,1395084255.38,泸州老窖,000568.SZ
2024-05-15,sz.000568,180.82,4642722,839447888.54,泸州老窖,000568.SZ
2024-05-16,sz.000568,185.38,9257543,1702407345.88,泸州老窖,000568.SZ
2024-05-17,sz.000568,189.85,8131801,1523526471.48,泸州老窖,000568.SZ
2024-05-20,sz.000568,192.74,11069872,2149452050.57,泸州老窖,000568.SZ
2024-05-21,sz.000568,191.67,4400953,842187002.87,泸州老窖,000568.SZ
2024-05-22,sz.000568,187.01,6859331,1286111963.91,泸州老窖,000568.SZ
2024-05-23,sz.000568,183.65,4797446,886462762.61,泸州老窖,000568.SZ
2024-05-24,sz.000568,181.3,5902297,1071190383.6,泸州老窖,000568.SZ
2024-05-27,sz.000568,180.72,7197809,1297706585.62,泸州老窖,000568.SZ
2024-05-28,sz.000568,180.35,5500677,995107440.13,泸州老窖,000568.SZ
2024-05-29,sz.000568,179.01,5091552,914775406.01,泸州老窖,000568.SZ
2024-05-30,sz.000568,174.1,10324391,1805756353.8,泸州老窖,000568.SZ
2024-05-31,sz.000568,174.85,4974678,873110646.14,泸州老窖,000568.SZ
2024-06-03,sz.000568,174.23,6278177,1095347564.53,泸州老窖,000568.SZ
2024-06-04,sz.000568,175.52,5376882,939068021.89,泸州老窖,000568.SZ
2024-06-05,sz.000568,171.98,7852435,1362188176.06,泸州老窖,000568.SZ
2024-06-06,sz.000568,168.98,10991394,1859322332.19,泸州老窖,000568.SZ
2024-06-07,sz.000568,166.18,8792197,1468307293.36,泸州老窖,000568.SZ
2024-06-11,sz.000568,159.41,16667945,2664672324.81,泸州老窖,000568.SZ
2024-06-12,sz.000568,158.3,9619315,1534490955.62,泸州老窖,000568.SZ
2024-06-13,sz.000568,155.89,10873633,1702512104.26,泸州老窖,000568.SZ
2024-06-14,sz.000568,156.0,15498858,2388801977.24,泸州老窖,000568.SZ
2024-06-17,sz.000568,157.24,10623903,1649943749.1,泸州老窖,000568.SZ
2024-06-18,sz.000568,154.18,8669240,1351009057.1,泸州老窖,000568.SZ
2024-06-19,sz.000568,153.33,7712267,1188349644.62,泸州老窖,000568.SZ
2024-06-20,sz.000568,151.56,7486098,1136924282.13,泸州老窖,000568.SZ
2024-06-21,sz.000568,150.09,10141964,1517417107.79,泸州老窖,000568.SZ
2024-06-24,sz.000568,149.5,11597570,1724063194.54,泸州老窖,000568.SZ
2024-06-25,sz.000568,150.39,8095547,1215581583.3,泸州老窖,000568.SZ
2024-06-26,sz.000568,149.32,7907701,1182813390.6,泸州老窖,000568.SZ
2024-06-27,sz.000568,148.18,5600374,828964292.94,泸州老窖,000568.SZ
2024-06-28,sz.000568,143.49,13164234,1904233400.44,泸州老窖,000568.SZ
2024-07-01,sz.000568,143.0,12037281,1702014330.71,泸州老窖,000568.SZ
2024-07-02,sz.000568,143.99,11080352,1599850814.68,泸州老窖,000568.SZ
2024-07-03,sz.000568,142.61,7411027,1063472576.54,泸州老窖,000568.SZ
2024-07-04,sz.000568,139.51,8081792,1138483177.64,泸州老窖,000568.SZ
2024-07-05,sz.000568,137.37,8391987,1154001399.4,泸州老窖,000568.SZ
2024-07-08,sz.000568,134.31,8128816,1098469328.65,泸州老窖,000568.SZ
2024-07-09,sz.000568,135.95,10382736,1395010629.36,泸州老窖,000568.SZ
2024-07-10,sz.000568,133.5,9332737,1261295700.73,泸州老窖,000568.SZ
2024-07-11,sz.000568,136.85,12913766,1771407195.18,泸州老窖,000568.SZ
2024-07-12,sz.000568,136.88,10943936,1491746944.76,泸州老窖,000568.SZ
2024-07-15,sz.000568,138.3,8059207,1111495989.67,泸州老窖,000568.SZ
2024-07-16,sz.000568,137.57,8052871,1107256865.59,泸州老窖,000568.SZ
2024-07-17,sz.000568,141.52,11459169,1605696454.53,泸州老窖,000568.SZ
2024-07-18,sz.000568,142.9,10992666,1569427783.42,泸州老窖,000568.SZ
2024-07-19,sz.000568,146.98,10743292,1561896665.74,泸州老窖,000568.SZ
2024-07-22,sz.000568,142.3,10666854,1540332610.13,泸州老窖,000568.SZ
2024-07-23,sz.000568,135.44,12454860,1722736124.37,泸州老窖,000568.SZ
2024-07-24,sz.000568,133.98,9110998,1228183494.71,泸州老窖,000568.SZ
2024-07-25,sz.000568,131.56,11499191,1516184640.3,泸州老窖,000568.SZ
2024-07-26,sz.000568,129.83,11522174,1503397187.59,泸州老窖,000568.SZ
2024-07-29,sz.000568,126.23,10746206,1371108753.5,泸州老窖,000568.SZ
2024-07-30,sz.000568,125.33,10665891,1327700251.69,泸州老窖,000568.SZ
2024-07-31,sz.000568,130.66,14191851,1823517251.98,泸州老窖,000568.SZ
2024-08-01,sz.000568,124.79,13410805,1701948703.62,泸州老窖,000568.SZ
2024-08-02,sz.000568,123.35,8130939,1010650366.43,泸州老窖,000568.SZ
2024-08-05,sz.000568,126.8,16565741,2116471884.35,泸州老窖,000568.SZ
2024-08-06,sz.000568,126.89,8952838,1139087373.17,泸州老窖,000568.SZ
2024-08-07,sz.000568,127.26,7862813,996473856.21,泸州老窖,000568.SZ
2024-08-08,sz.000568,129.57,12577204,1627636372.77,泸州老窖,000568.SZ
2024-08-09,sz.000568,129.15,8282825,1081258795.98,泸州老窖,000568.SZ
2024-08-12,sz.000568,129.06,6332656,818247622.96,泸州老窖,000568.SZ
2024-08-13,sz.000568,127.1,6644347,844900212.14,泸州老窖,000568.SZ
2024-08-14,sz.000568,125.2,5213142,654518130.25,泸州老窖,000568.SZ
2024-08-15,sz.000568,126.54,7180085,905745209.59,泸州老窖,000568.SZ
2024-08-16,sz.000568,125.25,6150454,771073943.2,泸州老窖,000568.SZ
2024-08-19,sz.000568,124.78,8893606,1123069199.28,泸州老窖,000568.SZ
2024-08-20,sz.000568,123.85,5778169,717775339.34,泸州老窖,000568.SZ
2024-08-21,sz.000568,123.14,5812649,717818476.6,泸州老窖,000568.SZ
2024-08-22,sz.000568,122.5,12333557,1496892597.47,泸州老窖,000568.SZ
2024-08-23,sz.000568,118.21,8012162,947492926.68,泸州老窖,000568.SZ
2024-08-26,sz.000568,118.53,5882754,697151825.54,泸州老窖,000568.SZ
2024-08-27,sz.000568,118.75,5223446,616641008.87,泸州老窖,000568.SZ
2024-08-28,sz.000568,112.94,16501518,1867574088.0,泸州老窖,000568.SZ
2024-08-29,sz.000568,115.28,11544537,1326663564.16,泸州老窖,000568.SZ
2024-08-30,sz.000568,119.28,16309388,1928777281.25,泸州老窖,000568.SZ
2024-09-02,sz.000568,112.5,16404147,1866603856.07,泸州老窖,000568.SZ
2024-09-03,sz.000568,114.23,9071580,1035826498.0,泸州老窖,000568.SZ
2024-09-04,sz.000568,112.69,6733833,764944962.98,泸州老窖,000568.SZ
2024-09-05,sz.000568,113.4,5006785,565821127.33,泸州老窖,000568.SZ
2024-09-06,sz.000568,110.6,6750540,755045041.19,泸州老窖,000568.SZ
2024-09-09,sz.000568,107.9,9309617,1006077442.31,泸州老窖,000568.SZ
2024-09-10,sz.000568,107.19,7824236,840537509.02,泸州老窖,000568.SZ
2024-09-11,sz.000568,105.93,8205586,872407832.46,泸州老窖,000568.SZ
2024-09-12,sz.000568,102.6,13941480,1452114596.83,泸州老窖,000568.SZ
2024-09-13,sz.000568,100.82,13941584,1419254165.13,泸州老窖,000568.SZ
2024-09-18,sz.000568,100.02,11815724,1179452905.03,泸州老窖,000568.SZ
2024-09-19,sz.000568,101.5,17948051,1831435546.87,泸州老窖,000568.SZ
2024-09-20,sz.000568,101.37,9624766,970342360.58,泸州老窖,000568.SZ
2024-09-23,sz.000568,102.35,11036004,1139868738.52,泸州老窖,000568.SZ
2024-09-24,sz.000568,110.62,25513672,2726384793.89,泸州老窖,000568.SZ
2024-09-25,sz.000568,112.47,25286986,2899963790.77,泸州老窖,000568.SZ
2024-09-26,sz.000568,123.72,33127300,3963935766.91,泸州老窖,000568.SZ
2024-09-27,sz.000568,136.09,38203545,5141654807.94,泸州老窖,000568.SZ
2024-09-30,sz.000568,149.7,31658417,4721294735.93,泸州老窖,000568.SZ
2024-10-08,sz.000568,159.0,63281173,10149858248.53,泸州老窖,000568.SZ
2024-10-09,sz.000568,143.1,45385953,6666379302.09,泸州老窖,000568.SZ
2024-10-10,sz.000568,147.29,34967724,5193936580.53,泸州老窖,000568.SZ
2024-10-11,sz.000568,141.38,18996266,2715729760.91,泸州老窖,000568.SZ
2024-10-14,sz.000568,141.2,22751059,3184141637.86,泸州老窖,000568.SZ
2024-10-15,sz.000568,134.39,23013472,3168348682.94,泸州老窖,000568.SZ
2024-10-16,sz.000568,134.99,17861507,2409565559.06,泸州老窖,000568.SZ
2024-10-17,sz.000568,131.19,13119687,1750798396.21,泸州老窖,000568.SZ
2024-10-18,sz.000568,135.24,27618586,3664082243.2,泸州老窖,000568.SZ
2024-10-21,sz.000568,134.21,20400856,2727021756.4,泸州老窖,000568.SZ
2024-10-22,sz.000568,137.23,18535953,2532693924.66,泸州老窖,000568.SZ
2024-10-23,sz.000568,140.12,21210019,2965343725.43,泸州老窖,000568.SZ
2024-10-24,sz.000568,135.64,11259632,1541394023.71,泸州老窖,000568.SZ
2024-10-25,sz.000568,136.62,11189527,1531413858.49,泸州老窖,000568.SZ
2024-10-28,sz.000568,142.64,26045310,3673449133.35,泸州老窖,000568.SZ
2024-10-29,sz.000568,140.0,23408902,3351119012.45,泸州老窖,000568.SZ
2024-10-30,sz.000568,136.81,12523301,1727001289.71,泸州老窖,000568.SZ
2024-10-31,sz.000568,135.51,17676653,2394547551.21,泸州老窖,000568.SZ
2024-11-01,sz.000568,136.53,16284065,2235368158.89,泸州老窖,000568.SZ
2024-11-04,sz.000568,137.3,13245896,1808250250.92,泸州老窖,000568.SZ
2024-11-05,sz.000568,141.12,18439714,2567349049.65,泸州老窖,000568.SZ
2024-11-06,sz.000568,139.9,15475954,2169595166.0,泸州老窖,000568.SZ
2024-11-07,sz.000568,153.89,37394855,5515027482.74,泸州老窖,000568.SZ
2024-11-08,sz.000568,151.0,30631107,4676432985.37,泸州老窖,000568.SZ
2024-11-11,sz.000568,148.1,23607510,3451768025.52,泸州老窖,000568.SZ
2024-11-12,sz.000568,146.7,20081318,2984647599.44,泸州老窖,000568.SZ
2024-11-13,sz.000568,145.89,13546499,1978045193.9,泸州老窖,000568.SZ
2024-11-14,sz.000568,144.61,15178644,2203876589.5,泸州老窖,000568.SZ
2024-11-15,sz.000568,144.1,16915818,2463502207.59,泸州老窖,000568.SZ
2024-11-18,sz.000568,142.67,15618163,2235039282.31,泸州老窖,000568.SZ
2024-11-19,sz.000568,141.68,13723759,1930522353.87,泸州老窖,000568.SZ
2024-11-20,sz.000568,142.47,9416792,1333457075.34,泸州老窖,000568.SZ
2024-11-21,sz.000568,141.68,7631638,1079161639.61,泸州老窖,000568.SZ
2024-11-22,sz.000568,136.29,11876596,1648594919.7,泸州老窖,000568.SZ
2024-11-25,sz.000568,136.88,9881632,1347686514.44,泸州老窖,000568.SZ
2024-11-26,sz.000568,136.87,8314489,1142022251.23,泸州老窖,000568.SZ
2024-11-27,sz.000568,138.87,9932129,1366303238.41,泸州老窖,000568.SZ
2024-11-28,sz.000568,136.14,7948857,1089023946.8,泸州老窖,000568.SZ
2024-11-29,sz.000568,138.73,13763029,1910116239.97,泸州老窖,000568.SZ
2024-12-02,sz.000568,139.02,11169728,1548482539.4,泸州老窖,000568.SZ
2024-12-03,sz.000568,138.18,8408421,1157804272.26,泸州老窖,000568.SZ
2024-12-04,sz.000568,137.1,8357038,1147832065.3,泸州老窖,000568.SZ
2024-12-05,sz.000568,136.3,7008900,955376051.04,泸州老窖,000568.SZ
2024-12-06,sz.000568,138.21,10118492,1394428821.4,泸州老窖,000568.SZ
2024-12-09,sz.000568,137.88,9184620,1269885313.37,泸州老窖,000568.SZ
2024-12-10,sz.000568,141.69,33915376,4934615475.16,泸州老窖,000568.SZ
2024-12-11,sz.000568,141.3,15351492,2177743338.78,泸州老窖,000568.SZ
2024-12-12,sz.000568,144.91,18159864,2597459563.69,泸州老窖,000568.SZ
2024-12-13,sz.000568,137.79,21362888,2994615724.38,泸州老窖,000568.SZ
2024-12-16,sz.000568,132.6,21151916,2830112246.66,泸州老窖,000568.SZ
2024-12-17,sz.000568,132.0,11912011,1581527625.95,泸州老窖,000568.SZ
2024-12-18,sz.000568,131.5,9289535,1224250356.79,泸州老窖,000568.SZ
2024-12-19,sz.000568,129.97,11995399,1558287186.73,泸州老窖,000568.SZ
2024-12-20,sz.000568,130.32,9595491,1244293717.08,泸州老窖,000568.SZ
2024-12-23,sz.000568,129.76,9470600,1231964284.43,泸州老窖,000568.SZ
2024-12-24,sz.000568,130.12,9024317,1168449387.55,泸州老窖,000568.SZ
2024-12-25,sz.000568,129.55,7222381,938141336.83,泸州老窖,000568.SZ
2024-12-26,sz.000568,129.29,6460173,836105892.21,泸州老窖,000568.SZ
2024-12-27,sz.000568,129.55,8157152,1054962467.53,泸州老窖,000568.SZ
2024-12-30,sz.000568,126.86,14711655,1879349693.08,泸州老窖,000568.SZ
2024-12-31,sz.000568,125.2,11721767,1489825852.67,泸州老窖,000568.SZ
