date,code,close,volume,amount,name,display_code
2015-01-05,sh.601857,11.89,372688944,4228175376.0,中国石油,601857.SH
2015-01-06,sh.601857,11.69,389234896,4626943488.0,中国石油,601857.SH
2015-01-07,sh.601857,12.39,329258320,3900463760.0,中国石油,601857.SH
2015-01-08,sh.601857,12.21,425734784,5362076672.0,中国石油,601857.SH
2015-01-09,sh.601857,12.07,297197472,3640000032.0,中国石油,601857.SH
2015-01-12,sh.601857,11.62,195602393,2295823424.0,中国石油,601857.SH
2015-01-13,sh.601857,11.64,133755443,1560033200.0,中国石油,601857.SH
2015-01-14,sh.601857,11.31,160847524,1839785376.0,中国石油,601857.SH
2015-01-15,sh.601857,12.29,249404978,2920515888.0,中国石油,601857.SH
2015-01-16,sh.601857,12.6,327446096,4086420832.0,中国石油,601857.SH
2015-01-19,sh.601857,11.44,343042288,4045702864.0,中国石油,601857.SH
2015-01-20,sh.601857,11.83,247500975,2918343552.0,中国石油,601857.SH
2015-01-21,sh.601857,12.69,351314992,4311179008.0,中国石油,601857.SH
2015-01-22,sh.601857,12.63,249139322,3141047856.0,中国石油,601857.SH
2015-01-23,sh.601857,12.82,311384736,4005765120.0,中国石油,601857.SH
2015-01-26,sh.601857,13.09,232707550,2977062368.0,中国石油,601857.SH
2015-01-27,sh.601857,12.61,252416676,3219061088.0,中国石油,601857.SH
2015-01-28,sh.601857,12.25,167160586,2066608064.0,中国石油,601857.SH
2015-01-29,sh.601857,11.98,182113564,2176840176.0,中国石油,601857.SH
2015-01-30,sh.601857,11.64,141374048,1672654880.0,中国石油,601857.SH
2015-02-02,sh.601857,11.22,134274316,1528791360.0,中国石油,601857.SH
2015-02-03,sh.601857,11.69,168884648,1936931488.0,中国石油,601857.SH
2015-02-04,sh.601857,11.41,161537913,1889106416.0,中国石油,601857.SH
2015-02-05,sh.601857,11.15,148438560,1689535312.0,中国石油,601857.SH
2015-02-06,sh.601857,10.89,129164864,1415282880.0,中国石油,601857.SH
2015-02-09,sh.601857,11.03,110660468,1213012928.0,中国石油,601857.SH
2015-02-10,sh.601857,11.23,87253883,970756672.0,中国石油,601857.SH
2015-02-11,sh.601857,11.16,59322742,662547888.0,中国石油,601857.SH
2015-02-12,sh.601857,11.18,78547503,871216272.0,中国石油,601857.SH
2015-02-13,sh.601857,11.18,117198101,1321020992.0,中国石油,601857.SH
2015-02-16,sh.601857,11.07,102752360,1136054256.0,中国石油,601857.SH
2015-02-17,sh.601857,11.08,72968924,810469312.0,中国石油,601857.SH
2015-02-25,sh.601857,11.23,199745237,2269546784.0,中国石油,601857.SH
2015-02-26,sh.601857,11.34,165277605,1836995888.0,中国石油,601857.SH
2015-02-27,sh.601857,11.42,196104827,2237716800.0,中国石油,601857.SH
2015-03-02,sh.601857,11.32,146734546,1657644944.0,中国石油,601857.SH
2015-03-03,sh.601857,10.93,192965281,2130766144.0,中国石油,601857.SH
2015-03-04,sh.601857,10.92,113158533,1235480256.0,中国石油,601857.SH
2015-03-05,sh.601857,10.71,109298752,1174668048.0,中国石油,601857.SH
2015-03-06,sh.601857,10.77,68837346,740680720.0,中国石油,601857.SH
2015-03-09,sh.601857,10.89,119690553,1282135328.0,中国石油,601857.SH
2015-03-10,sh.601857,10.77,72511933,781556640.0,中国石油,601857.SH
2015-03-11,sh.601857,10.75,78045514,843193952.0,中国石油,601857.SH
2015-03-12,sh.601857,11.03,169043739,1852523808.0,中国石油,601857.SH
2015-03-13,sh.601857,11.06,112534243,1247388768.0,中国石油,601857.SH
2015-03-16,sh.601857,11.2,149504394,1667697376.0,中国石油,601857.SH
2015-03-17,sh.601857,11.48,259456088,2926486928.0,中国石油,601857.SH
2015-03-18,sh.601857,11.65,256208025,2955791312.0,中国石油,601857.SH
2015-03-19,sh.601857,11.64,222508597,2594325136.0,中国石油,601857.SH
2015-03-20,sh.601857,11.68,236236351,2745939936.0,中国石油,601857.SH
2015-03-23,sh.601857,11.8,238049360,2793745536.0,中国石油,601857.SH
2015-03-24,sh.601857,11.59,210254488,2446706208.0,中国石油,601857.SH
2015-03-25,sh.601857,11.33,163900564,1871605440.0,中国石油,601857.SH
2015-03-26,sh.601857,11.99,388691472,4542669824.0,中国石油,601857.SH
2015-03-27,sh.601857,11.7,241169171,2844519536.0,中国石油,601857.SH
2015-03-30,sh.601857,11.88,239974198,2832984112.0,中国石油,601857.SH
2015-03-31,sh.601857,11.73,276463216,3302312928.0,中国石油,601857.SH
2015-04-01,sh.601857,11.86,175679724,2065022048.0,中国石油,601857.SH
2015-04-02,sh.601857,11.91,221555817,2641012640.0,中国石油,601857.SH
2015-04-03,sh.601857,11.84,174613920,2059478048.0,中国石油,601857.SH
2015-04-07,sh.601857,12.27,358964304,4326770176.0,中国石油,601857.SH
2015-04-08,sh.601857,12.51,474708144,5847673088.0,中国石油,601857.SH
2015-04-09,sh.601857,12.39,323054016,4023491248.0,中国石油,601857.SH
2015-04-10,sh.601857,12.46,248162048,3071731504.0,中国石油,601857.SH
2015-04-13,sh.601857,12.69,273635760,3450355584.0,中国石油,601857.SH
2015-04-14,sh.601857,12.51,232794803,2916436400.0,中国石油,601857.SH
2015-04-15,sh.601857,12.47,293677216,3687939344.0,中国石油,601857.SH
2015-04-16,sh.601857,13.01,455575968,5858173952.0,中国石油,601857.SH
2015-04-17,sh.601857,13.38,560664960,7434599680.0,中国石油,601857.SH
2015-04-20,sh.601857,12.8,430602864,5631490560.0,中国石油,601857.SH
2015-04-21,sh.601857,12.99,240213566,3088745552.0,中国石油,601857.SH
2015-04-22,sh.601857,13.22,317706288,4156108000.0,中国石油,601857.SH
2015-04-23,sh.601857,13.34,415148752,5507290880.0,中国石油,601857.SH
2015-04-24,sh.601857,13.32,513249952,6916770048.0,中国石油,601857.SH
2015-04-27,sh.601857,14.65,629974496,8970314496.0,中国石油,601857.SH
2015-04-28,sh.601857,14.33,850168256,12561772544.0,中国石油,601857.SH
2015-04-29,sh.601857,13.71,370461152,5074129152.0,中国石油,601857.SH
2015-04-30,sh.601857,13.39,255161144,3456441072.0,中国石油,601857.SH
2015-05-04,sh.601857,13.5,220610811,2947550640.0,中国石油,601857.SH
2015-05-05,sh.601857,13.01,338553072,4589916416.0,中国石油,601857.SH
2015-05-06,sh.601857,12.61,247620439,3199052960.0,中国石油,601857.SH
2015-05-07,sh.601857,12.17,190776491,2352860320.0,中国石油,601857.SH
2015-05-08,sh.601857,12.41,172211992,2113747280.0,中国石油,601857.SH
2015-05-11,sh.601857,12.66,205843393,2569743296.0,中国石油,601857.SH
2015-05-12,sh.601857,12.69,193729531,2450888496.0,中国石油,601857.SH
2015-05-13,sh.601857,12.43,185725373,2324667472.0,中国石油,601857.SH
2015-05-14,sh.601857,12.47,207588438,2588255264.0,中国石油,601857.SH
2015-05-15,sh.601857,12.11,159422190,1949557936.0,中国石油,601857.SH
2015-05-18,sh.601857,11.79,139756346,1662652544.0,中国石油,601857.SH
2015-05-19,sh.601857,12.19,150925600,1817817200.0,中国石油,601857.SH
2015-05-20,sh.601857,12.17,176444751,2166183888.0,中国石油,601857.SH
2015-05-21,sh.601857,12.22,132553476,1611003280.0,中国石油,601857.SH
2015-05-22,sh.601857,12.64,252557664,3170165648.0,中国石油,601857.SH
2015-05-25,sh.601857,12.98,246929009,3169645136.0,中国石油,601857.SH
2015-05-26,sh.601857,13.05,264892990,3426450432.0,中国石油,601857.SH
2015-05-27,sh.601857,13.35,325406704,4348860416.0,中国石油,601857.SH
2015-05-28,sh.601857,12.2,347162592,4449343488.0,中国石油,601857.SH
2015-05-29,sh.601857,11.92,234515926,2804182320.0,中国石油,601857.SH
2015-06-01,sh.601857,12.4,206188279,2506650896.0,中国石油,601857.SH
2015-06-02,sh.601857,12.37,186221316,2288692464.0,中国石油,601857.SH
2015-06-03,sh.601857,12.35,168860636,2092947280.0,中国石油,601857.SH
2015-06-04,sh.601857,12.61,259534143,3198002640.0,中国石油,601857.SH
2015-06-05,sh.601857,12.82,327034128,4163192960.0,中国石油,601857.SH
2015-06-08,sh.601857,13.33,428162992,5602758912.0,中国石油,601857.SH
2015-06-09,sh.601857,13.18,327958384,4305123840.0,中国石油,601857.SH
2015-06-10,sh.601857,12.98,216996537,2822162480.0,中国石油,601857.SH
2015-06-11,sh.601857,12.91,182365800,2342716256.0,中国石油,601857.SH
2015-06-12,sh.601857,12.96,213647183,2774773920.0,中国石油,601857.SH
2015-06-15,sh.601857,12.6,223867038,2865595200.0,中国石油,601857.SH
2015-06-16,sh.601857,12.09,192269036,2357332224.0,中国石油,601857.SH
2015-06-17,sh.601857,12.28,173834082,2109224320.0,中国石油,601857.SH
2015-06-18,sh.601857,11.8,163538819,1976536016.0,中国石油,601857.SH
2015-06-19,sh.601857,11.17,197947509,2311603696.0,中国石油,601857.SH
2015-06-23,sh.601857,11.49,164963024,1854678144.0,中国石油,601857.SH
2015-06-24,sh.601857,11.82,193141552,2250416112.0,中国石油,601857.SH
2015-06-25,sh.601857,11.32,164463206,1913386512.0,中国石油,601857.SH
2015-06-26,sh.601857,10.53,245942596,2689291888.0,中国石油,601857.SH
2015-06-29,sh.601857,10.95,276563456,2924989488.0,中国石油,601857.SH
2015-06-30,sh.601857,11.33,251346370,2763524272.0,中国石油,601857.SH
2015-07-01,sh.601857,10.74,184177473,2039441520.0,中国石油,601857.SH
2015-07-02,sh.601857,11.68,452276240,5051041792.0,中国石油,601857.SH
2015-07-03,sh.601857,11.83,462361856,5462659328.0,中国石油,601857.SH
2015-07-06,sh.601857,13.01,769667648,9759080704.0,中国石油,601857.SH
2015-07-07,sh.601857,13.56,731780464,9961932288.0,中国石油,601857.SH
2015-07-08,sh.601857,12.33,873562016,11271601408.0,中国石油,601857.SH
2015-07-09,sh.601857,12.87,437065424,5327881984.0,中国石油,601857.SH
2015-07-10,sh.601857,13.09,492499616,6472733952.0,中国石油,601857.SH
2015-07-13,sh.601857,12.53,331969936,4179958416.0,中国石油,601857.SH
2015-07-14,sh.601857,12.29,270624128,3284868752.0,中国石油,601857.SH
2015-07-15,sh.601857,13.52,549939888,7133551616.0,中国石油,601857.SH
2015-07-16,sh.601857,13.4,581416896,7823484160.0,中国石油,601857.SH
2015-07-17,sh.601857,13.17,380505792,4993555968.0,中国石油,601857.SH
2015-07-20,sh.601857,13.73,559375488,7535304960.0,中国石油,601857.SH
2015-07-21,sh.601857,13.48,377457584,5088158976.0,中国石油,601857.SH
2015-07-22,sh.601857,13.63,442769840,6034143232.0,中国石油,601857.SH
2015-07-23,sh.601857,13.66,358423136,4863671808.0,中国石油,601857.SH
2015-07-24,sh.601857,13.68,473956240,6553140992.0,中国石油,601857.SH
2015-07-27,sh.601857,12.37,422481776,5556934400.0,中国石油,601857.SH
2015-07-28,sh.601857,11.85,400822112,4892270336.0,中国石油,601857.SH
2015-07-29,sh.601857,11.65,293794224,3399818432.0,中国石油,601857.SH
2015-07-30,sh.601857,11.71,274002016,3173922768.0,中国石油,601857.SH
2015-07-31,sh.601857,11.09,226907965,2551181680.0,中国石油,601857.SH
2015-08-03,sh.601857,10.57,183054962,1957197408.0,中国石油,601857.SH
2015-08-04,sh.601857,10.82,158953096,1700959952.0,中国石油,601857.SH
2015-08-05,sh.601857,10.63,125702524,1351756560.0,中国石油,601857.SH
2015-08-06,sh.601857,10.48,91217650,959680256.0,中国石油,601857.SH
2015-08-07,sh.601857,10.67,101491312,1081230160.0,中国石油,601857.SH
2015-08-10,sh.601857,11.07,192292111,2093907696.0,中国石油,601857.SH
2015-08-11,sh.601857,11.15,181876817,2007929312.0,中国石油,601857.SH
2015-08-12,sh.601857,10.99,103650983,1142313520.0,中国石油,601857.SH
2015-08-13,sh.601857,11.01,100427095,1098476464.0,中国石油,601857.SH
2015-08-14,sh.601857,10.98,117528968,1293098912.0,中国石油,601857.SH
2015-08-17,sh.601857,10.81,93895949,1015163136.0,中国石油,601857.SH
2015-08-18,sh.601857,11.13,316632688,3522443184.0,中国石油,601857.SH
2015-08-19,sh.601857,10.79,226135419,2411955872.0,中国石油,601857.SH
2015-08-20,sh.601857,10.32,141581054,1478578496.0,中国石油,601857.SH
2015-08-21,sh.601857,10.0,128401296,1309854192.0,中国石油,601857.SH
2015-08-24,sh.601857,9.51,249613571,2391347328.0,中国石油,601857.SH
2015-08-25,sh.601857,8.56,214238868,1946299696.0,中国石油,601857.SH
2015-08-26,sh.601857,8.58,188708460,1595395040.0,中国石油,601857.SH
2015-08-27,sh.601857,8.78,144269299,1242498032.0,中国石油,601857.SH
2015-08-28,sh.601857,9.14,165667990,1492277824.0,中国石油,601857.SH
2015-08-31,sh.601857,8.94,109078201,969427216.0,中国石油,601857.SH
2015-09-01,sh.601857,9.21,193013376,1771590832.0,中国石油,601857.SH
2015-09-02,sh.601857,8.75,152899405,1347811360.0,中国石油,601857.SH
2015-09-07,sh.601857,8.63,97520161,857284304.0,中国石油,601857.SH
2015-09-08,sh.601857,8.7,85961824,738536896.0,中国石油,601857.SH
2015-09-09,sh.601857,9.01,148808057,1321330112.0,中国石油,601857.SH
2015-09-10,sh.601857,8.84,96554126,856357024.0,中国石油,601857.SH
2015-09-11,sh.601857,8.81,52854605,467688640.0,中国石油,601857.SH
2015-09-14,sh.601857,8.5,79215563,682785072.0,中国石油,601857.SH
2015-09-15,sh.601857,8.48,88360997,751667216.0,中国石油,601857.SH
2015-09-16,sh.601857,8.76,105103884,899039424.0,中国石油,601857.SH
2015-09-17,sh.601857,8.57,90031274,782605856.0,中国石油,601857.SH
2015-09-18,sh.601857,8.42,49351072,417763296.0,中国石油,601857.SH
2015-09-21,sh.601857,8.47,50398141,424029920.0,中国石油,601857.SH
2015-09-22,sh.601857,8.55,66349085,568619488.0,中国石油,601857.SH
2015-09-23,sh.601857,8.36,52070080,438115360.0,中国石油,601857.SH
2015-09-24,sh.601857,8.4,39336117,329520624.0,中国石油,601857.SH
2015-09-25,sh.601857,8.53,94244682,800631664.0,中国石油,601857.SH
2015-09-28,sh.601857,8.43,49029438,411678816.0,中国石油,601857.SH
2015-09-29,sh.601857,8.26,47641434,394779920.0,中国石油,601857.SH
2015-09-30,sh.601857,8.23,28206902,233166414.0,中国石油,601857.SH
2015-10-08,sh.601857,8.44,64544238,547170848.0,中国石油,601857.SH
2015-10-09,sh.601857,8.52,59280185,503341824.0,中国石油,601857.SH
2015-10-12,sh.601857,8.77,100424485,871263824.0,中国石油,601857.SH
2015-10-13,sh.601857,8.68,62600469,542252992.0,中国石油,601857.SH
2015-10-14,sh.601857,8.73,86823259,754567152.0,中国石油,601857.SH
2015-10-15,sh.601857,8.82,93173894,815422432.0,中国石油,601857.SH
2015-10-16,sh.601857,8.95,132851706,1186105424.0,中国石油,601857.SH
2015-10-19,sh.601857,8.9,107808748,965922368.0,中国石油,601857.SH
2015-10-20,sh.601857,8.97,91236265,808730304.0,中国石油,601857.SH
2015-10-21,sh.601857,8.92,185126184,1652280656.0,中国石油,601857.SH
2015-10-22,sh.601857,8.82,84805701,743718112.0,中国石油,601857.SH
2015-10-23,sh.601857,8.83,75521662,664558800.0,中国石油,601857.SH
2015-10-26,sh.601857,8.89,96119183,856769184.0,中国石油,601857.SH
2015-10-27,sh.601857,8.81,64998350,569253600.0,中国石油,601857.SH
2015-10-28,sh.601857,8.79,83441687,738444704.0,中国石油,601857.SH
2015-10-29,sh.601857,8.82,55365811,488793424.0,中国石油,601857.SH
2015-10-30,sh.601857,8.75,69901412,613754064.0,中国石油,601857.SH
2015-11-02,sh.601857,8.53,72050975,621687888.0,中国石油,601857.SH
2015-11-03,sh.601857,8.47,37982306,323162672.0,中国石油,601857.SH
2015-11-04,sh.601857,8.74,82773447,714584512.0,中国石油,601857.SH
2015-11-05,sh.601857,8.98,199671788,1792031648.0,中国石油,601857.SH
2015-11-06,sh.601857,9.1,142950768,1287865520.0,中国石油,601857.SH
2015-11-09,sh.601857,9.24,157276078,1458270768.0,中国石油,601857.SH
2015-11-10,sh.601857,9.26,125169085,1151787552.0,中国石油,601857.SH
2015-11-11,sh.601857,9.2,86488933,796433024.0,中国石油,601857.SH
2015-11-12,sh.601857,9.11,70945801,646790576.0,中国石油,601857.SH
2015-11-13,sh.601857,8.94,65213894,587560912.0,中国石油,601857.SH
2015-11-16,sh.601857,8.98,52982398,471494672.0,中国石油,601857.SH
2015-11-17,sh.601857,9.04,84135785,761883344.0,中国石油,601857.SH
2015-11-18,sh.601857,9.05,88825216,803244656.0,中国石油,601857.SH
2015-11-19,sh.601857,9.04,77119095,693432672.0,中国石油,601857.SH
2015-11-20,sh.601857,8.99,50086988,450129344.0,中国石油,601857.SH
2015-11-23,sh.601857,8.92,59979003,537200160.0,中国石油,601857.SH
2015-11-24,sh.601857,8.91,46292554,410532512.0,中国石油,601857.SH
2015-11-25,sh.601857,8.98,60161407,538801360.0,中国石油,601857.SH
2015-11-26,sh.601857,8.97,59862903,538023648.0,中国石油,601857.SH
2015-11-27,sh.601857,8.46,96005431,834945520.0,中国石油,601857.SH
2015-11-30,sh.601857,8.4,60963751,512598224.0,中国石油,601857.SH
2015-12-01,sh.601857,8.41,40660515,341173344.0,中国石油,601857.SH
2015-12-02,sh.601857,8.64,75711282,645804624.0,中国石油,601857.SH
2015-12-03,sh.601857,8.82,86051597,748470496.0,中国石油,601857.SH
2015-12-04,sh.601857,8.58,73344072,632804528.0,中国石油,601857.SH
2015-12-07,sh.601857,8.55,32494090,277688240.0,中国石油,601857.SH
2015-12-08,sh.601857,8.38,49953535,420085872.0,中国石油,601857.SH
2015-12-09,sh.601857,8.35,40797653,341389888.0,中国石油,601857.SH
2015-12-10,sh.601857,8.33,34599513,288903632.0,中国石油,601857.SH
2015-12-11,sh.601857,8.3,33883265,280978976.0,中国石油,601857.SH
2015-12-14,sh.601857,8.43,46332051,387141296.0,中国石油,601857.SH
2015-12-15,sh.601857,8.37,31128169,261052659.0,中国石油,601857.SH
2015-12-16,sh.601857,8.46,69301385,589127216.0,中国石油,601857.SH
2015-12-17,sh.601857,8.48,75080566,636179152.0,中国石油,601857.SH
2015-12-18,sh.601857,8.48,58596300,497296736.0,中国石油,601857.SH
2015-12-21,sh.601857,8.53,73620271,625573408.0,中国石油,601857.SH
2015-12-22,sh.601857,8.52,50951432,434024544.0,中国石油,601857.SH
2015-12-23,sh.601857,8.54,85984764,736281168.0,中国石油,601857.SH
2015-12-24,sh.601857,8.48,58327364,496475648.0,中国石油,601857.SH
2015-12-25,sh.601857,8.48,32067281,271977616.0,中国石油,601857.SH
2015-12-28,sh.601857,8.37,55537569,469978592.0,中国石油,601857.SH
2015-12-29,sh.601857,8.42,32048501,269030960.0,中国石油,601857.SH
2015-12-30,sh.601857,8.41,28609052,240514586.0,中国石油,601857.SH
2015-12-31,sh.601857,8.35,27095492,227142471.0,中国石油,601857.SH
2016-01-04,sh.601857,8.13,47720508,393258336.0,中国石油,601857.SH
2016-01-05,sh.601857,8.07,63433603,513472144.0,中国石油,601857.SH
2016-01-06,sh.601857,8.31,75100836,615422688.0,中国石油,601857.SH
2016-01-07,sh.601857,7.83,20888300,168285166.0,中国石油,601857.SH
2016-01-08,sh.601857,7.99,74852367,595585456.0,中国石油,601857.SH
2016-01-11,sh.601857,7.7,55973597,438221760.0,中国石油,601857.SH
2016-01-12,sh.601857,7.76,47167537,364017184.0,中国石油,601857.SH
2016-01-13,sh.601857,7.61,43472024,335429744.0,中国石油,601857.SH
2016-01-14,sh.601857,7.63,47428219,357296224.0,中国石油,601857.SH
2016-01-15,sh.601857,7.34,52349872,390361472.0,中国石油,601857.SH
2016-01-18,sh.601857,7.27,38355700,278075280.0,中国石油,601857.SH
2016-01-19,sh.601857,7.42,42877859,316156400.0,中国石油,601857.SH
2016-01-20,sh.601857,7.46,46859232,345988112.0,中国石油,601857.SH
2016-01-21,sh.601857,7.26,33534429,246575009.0,中国石油,601857.SH
2016-01-22,sh.601857,7.33,28710425,209199729.0,中国石油,601857.SH
2016-01-25,sh.601857,7.43,35028851,260977455.0,中国石油,601857.SH
2016-01-26,sh.601857,7.08,48112114,345781824.0,中国石油,601857.SH
2016-01-27,sh.601857,7.28,74245609,531570256.0,中国石油,601857.SH
2016-01-28,sh.601857,7.44,113452648,842872640.0,中国石油,601857.SH
2016-01-29,sh.601857,7.46,75291201,558548688.0,中国石油,601857.SH
2016-02-01,sh.601857,7.25,47818737,347806112.0,中国石油,601857.SH
2016-02-02,sh.601857,7.32,43030580,312936928.0,中国石油,601857.SH
2016-02-03,sh.601857,7.22,37465786,268940800.0,中国石油,601857.SH
2016-02-04,sh.601857,7.26,36845307,268471040.0,中国石油,601857.SH
2016-02-05,sh.601857,7.23,26956101,195670328.0,中国石油,601857.SH
2016-02-15,sh.601857,7.18,21604074,154596295.0,中国石油,601857.SH
2016-02-16,sh.601857,7.35,44786697,327169248.0,中国石油,601857.SH
2016-02-17,sh.601857,7.52,75586618,559306480.0,中国石油,601857.SH
2016-02-18,sh.601857,7.43,66232641,495572672.0,中国石油,601857.SH
2016-02-19,sh.601857,7.42,30120694,223599672.0,中国石油,601857.SH
2016-02-22,sh.601857,7.53,42859967,321594256.0,中国石油,601857.SH
2016-02-23,sh.601857,7.48,39852146,299873824.0,中国石油,601857.SH
2016-02-24,sh.601857,7.53,36077841,270323664.0,中国石油,601857.SH
2016-02-25,sh.601857,7.08,69248311,504115024.0,中国石油,601857.SH
2016-02-26,sh.601857,7.26,64139524,461973808.0,中国石油,601857.SH
2016-02-29,sh.601857,7.28,65407555,469664448.0,中国石油,601857.SH
2016-03-01,sh.601857,7.32,34079106,248002249.0,中国石油,601857.SH
2016-03-02,sh.601857,7.54,71146975,530923520.0,中国石油,601857.SH
2016-03-03,sh.601857,7.58,53766610,404789360.0,中国石油,601857.SH
2016-03-04,sh.601857,7.82,137470105,1061131536.0,中国石油,601857.SH
2016-03-07,sh.601857,7.78,49994015,389208576.0,中国石油,601857.SH
2016-03-08,sh.601857,7.82,53807243,417468960.0,中国石油,601857.SH
2016-03-09,sh.601857,7.8,73103662,558576672.0,中国石油,601857.SH
2016-03-10,sh.601857,7.69,32517986,249567964.0,中国石油,601857.SH
2016-03-11,sh.601857,7.69,29608982,226338826.0,中国石油,601857.SH
2016-03-14,sh.601857,7.75,39927692,308870576.0,中国石油,601857.SH
2016-03-15,sh.601857,7.79,39703220,308007392.0,中国石油,601857.SH
2016-03-16,sh.601857,7.89,82352375,647592880.0,中国石油,601857.SH
2016-03-17,sh.601857,7.88,37373364,293815056.0,中国石油,601857.SH
2016-03-18,sh.601857,7.88,72457901,570774032.0,中国石油,601857.SH
2016-03-21,sh.601857,7.85,88362793,693984592.0,中国石油,601857.SH
2016-03-22,sh.601857,7.79,47955441,374506400.0,中国石油,601857.SH
2016-03-23,sh.601857,7.78,31238573,242775444.0,中国石油,601857.SH
2016-03-24,sh.601857,7.63,42163774,323692544.0,中国石油,601857.SH
2016-03-25,sh.601857,7.63,33624486,255912380.0,中国石油,601857.SH
2016-03-28,sh.601857,7.59,38835537,296262672.0,中国石油,601857.SH
2016-03-29,sh.601857,7.48,46606906,350163216.0,中国石油,601857.SH
2016-03-30,sh.601857,7.67,79893974,611403552.0,中国石油,601857.SH
2016-03-31,sh.601857,7.61,46671864,356127824.0,中国石油,601857.SH
2016-04-01,sh.601857,7.66,57441359,436366896.0,中国石油,601857.SH
2016-04-05,sh.601857,7.66,49314369,376268352.0,中国石油,601857.SH
2016-04-06,sh.601857,7.7,83998180,649029472.0,中国石油,601857.SH
2016-04-07,sh.601857,7.61,48421680,370358976.0,中国石油,601857.SH
2016-04-08,sh.601857,7.52,38597504,290920016.0,中国石油,601857.SH
2016-04-11,sh.601857,7.64,51481125,392612720.0,中国石油,601857.SH
2016-04-12,sh.601857,7.65,36059951,275864128.0,中国石油,601857.SH
2016-04-13,sh.601857,7.79,85861289,667927568.0,中国石油,601857.SH
2016-04-14,sh.601857,7.77,40295730,313662928.0,中国石油,601857.SH
2016-04-15,sh.601857,7.75,24313788,188413014.0,中国石油,601857.SH
2016-04-18,sh.601857,7.59,34382036,261319725.0,中国石油,601857.SH
2016-04-19,sh.601857,7.65,27505498,209199253.0,中国石油,601857.SH
2016-04-20,sh.601857,7.59,63591807,479044160.0,中国石油,601857.SH
2016-04-21,sh.601857,7.57,36131209,274244400.0,中国石油,601857.SH
2016-04-22,sh.601857,7.58,25101957,189714905.0,中国石油,601857.SH
2016-04-25,sh.601857,7.56,20461462,153967931.0,中国石油,601857.SH
2016-04-26,sh.601857,7.54,18084995,136311629.0,中国石油,601857.SH
2016-04-27,sh.601857,7.53,20805770,157227179.0,中国石油,601857.SH
2016-04-28,sh.601857,7.53,22256871,167361780.0,中国石油,601857.SH
2016-04-29,sh.601857,7.42,37414278,277998128.0,中国石油,601857.SH
2016-05-03,sh.601857,7.51,29245563,218308250.0,中国石油,601857.SH
2016-05-04,sh.601857,7.46,21305853,158994077.0,中国石油,601857.SH
2016-05-05,sh.601857,7.46,17745527,132121170.0,中国石油,601857.SH
2016-05-06,sh.601857,7.34,32726175,241868241.0,中国石油,601857.SH
2016-05-09,sh.601857,7.2,34754111,251194106.0,中国石油,601857.SH
2016-05-10,sh.601857,7.19,13713153,98602161.0,中国石油,601857.SH
2016-05-11,sh.601857,7.22,14851902,107197250.0,中国石油,601857.SH
2016-05-12,sh.601857,7.2,17221805,123489976.0,中国石油,601857.SH
2016-05-13,sh.601857,7.19,21040632,151349829.0,中国石油,601857.SH
2016-05-16,sh.601857,7.2,13220329,94745181.0,中国石油,601857.SH
2016-05-17,sh.601857,7.24,17886829,129258512.0,中国石油,601857.SH
2016-05-18,sh.601857,7.2,28808330,206279071.0,中国石油,601857.SH
2016-05-19,sh.601857,7.18,16951884,122035714.0,中国石油,601857.SH
2016-05-20,sh.601857,7.21,8715582,62618539.0,中国石油,601857.SH
2016-05-23,sh.601857,7.2,10559126,76128355.0,中国石油,601857.SH
2016-05-24,sh.601857,7.22,14916983,107107750.0,中国石油,601857.SH
2016-05-25,sh.601857,7.19,11116979,80176379.0,中国石油,601857.SH
2016-05-26,sh.601857,7.22,14301584,103046616.0,中国石油,601857.SH
2016-05-27,sh.601857,7.2,9075211,65305765.0,中国石油,601857.SH
2016-05-30,sh.601857,7.23,13372905,96504858.0,中国石油,601857.SH
2016-05-31,sh.601857,7.37,39531789,288934016.0,中国石油,601857.SH
2016-06-01,sh.601857,7.32,22588179,165820568.0,中国石油,601857.SH
2016-06-02,sh.601857,7.33,11668389,85421106.0,中国石油,601857.SH
2016-06-03,sh.601857,7.36,24646842,180972987.0,中国石油,601857.SH
2016-06-06,sh.601857,7.34,10535149,77259073.0,中国石油,601857.SH
2016-06-07,sh.601857,7.33,7962843,58366959.0,中国石油,601857.SH
2016-06-08,sh.601857,7.3,13098401,95632295.0,中国石油,601857.SH
2016-06-13,sh.601857,7.19,24259258,176045971.0,中国石油,601857.SH
2016-06-14,sh.601857,7.19,12560103,90229500.0,中国石油,601857.SH
2016-06-15,sh.601857,7.22,15492888,111458983.0,中国石油,601857.SH
2016-06-16,sh.601857,7.17,18759101,134619719.0,中国石油,601857.SH
2016-06-17,sh.601857,7.2,18670906,134476042.0,中国石油,601857.SH
2016-06-20,sh.601857,7.21,10036464,72220073.0,中国石油,601857.SH
2016-06-21,sh.601857,7.19,13018254,93934018.0,中国石油,601857.SH
2016-06-22,sh.601857,7.22,10138443,73034124.0,中国石油,601857.SH
2016-06-23,sh.601857,7.18,11776825,84731421.0,中国石油,601857.SH
2016-06-24,sh.601857,7.12,29130368,207671423.0,中国石油,601857.SH
2016-06-27,sh.601857,7.14,15491090,110445297.0,中国石油,601857.SH
2016-06-28,sh.601857,7.19,17433718,124874737.0,中国石油,601857.SH
2016-06-29,sh.601857,7.22,17209156,123959628.0,中国石油,601857.SH
2016-06-30,sh.601857,7.23,16572047,119769700.0,中国石油,601857.SH
2016-07-01,sh.601857,7.22,17463787,126064509.0,中国石油,601857.SH
2016-07-04,sh.601857,7.29,26733964,194249770.0,中国石油,601857.SH
2016-07-05,sh.601857,7.3,23300066,169841235.0,中国石油,601857.SH
2016-07-06,sh.601857,7.27,21980553,159345532.0,中国石油,601857.SH
2016-07-07,sh.601857,7.29,21218964,154217812.0,中国石油,601857.SH
2016-07-08,sh.601857,7.25,13207612,95762465.0,中国石油,601857.SH
2016-07-11,sh.601857,7.28,25484576,185558194.0,中国石油,601857.SH
2016-07-12,sh.601857,7.37,49131342,359837584.0,中国石油,601857.SH
2016-07-13,sh.601857,7.41,37263556,275925360.0,中国石油,601857.SH
2016-07-14,sh.601857,7.37,19200859,141478295.0,中国石油,601857.SH
2016-07-15,sh.601857,7.38,17813548,131609726.0,中国石油,601857.SH
2016-07-18,sh.601857,7.38,18094111,133383455.0,中国石油,601857.SH
2016-07-19,sh.601857,7.35,14914925,109504843.0,中国石油,601857.SH
2016-07-20,sh.601857,7.32,12113542,88876488.0,中国石油,601857.SH
2016-07-21,sh.601857,7.34,11994291,87997935.0,中国石油,601857.SH
2016-07-22,sh.601857,7.29,15962080,116458773.0,中国石油,601857.SH
2016-07-25,sh.601857,7.28,10728130,78139857.0,中国石油,601857.SH
2016-07-26,sh.601857,7.33,11168554,81623670.0,中国石油,601857.SH
2016-07-27,sh.601857,7.23,28483426,206374675.0,中国石油,601857.SH
2016-07-28,sh.601857,7.22,18958830,136735303.0,中国石油,601857.SH
2016-07-29,sh.601857,7.22,11617021,83846122.0,中国石油,601857.SH
2016-08-01,sh.601857,7.22,13395195,96369973.0,中国石油,601857.SH
2016-08-02,sh.601857,7.24,12309289,88860381.0,中国石油,601857.SH
2016-08-03,sh.601857,7.22,10374929,74851693.0,中国石油,601857.SH
2016-08-04,sh.601857,7.24,12408410,89506254.0,中国石油,601857.SH
2016-08-05,sh.601857,7.24,12971914,93834507.0,中国石油,601857.SH
2016-08-08,sh.601857,7.26,15223014,110245204.0,中国石油,601857.SH
2016-08-09,sh.601857,7.28,16470023,119738461.0,中国石油,601857.SH
2016-08-10,sh.601857,7.27,11481641,83513561.0,中国石油,601857.SH
2016-08-11,sh.601857,7.3,22607484,164661839.0,中国石油,601857.SH
2016-08-12,sh.601857,7.34,29687776,217007943.0,中国石油,601857.SH
2016-08-15,sh.601857,7.45,54969999,407237712.0,中国石油,601857.SH
2016-08-16,sh.601857,7.42,33481336,248668153.0,中国石油,601857.SH
2016-08-17,sh.601857,7.42,20291614,150609778.0,中国石油,601857.SH
2016-08-18,sh.601857,7.39,21412131,158653819.0,中国石油,601857.SH
2016-08-19,sh.601857,7.41,27988030,207697818.0,中国石油,601857.SH
2016-08-22,sh.601857,7.42,24902354,184910671.0,中国石油,601857.SH
2016-08-23,sh.601857,7.42,18715607,138741588.0,中国石油,601857.SH
2016-08-24,sh.601857,7.43,14867615,110348117.0,中国石油,601857.SH
2016-08-25,sh.601857,7.41,23713080,175150150.0,中国石油,601857.SH
2016-08-26,sh.601857,7.4,16373311,121273702.0,中国石油,601857.SH
2016-08-29,sh.601857,7.42,16382167,121271592.0,中国石油,601857.SH
2016-08-30,sh.601857,7.49,45669983,340947392.0,中国石油,601857.SH
2016-08-31,sh.601857,7.54,35517025,266689893.0,中国石油,601857.SH
2016-09-01,sh.601857,7.49,23787658,178598390.0,中国石油,601857.SH
2016-09-02,sh.601857,7.47,15672692,117163358.0,中国石油,601857.SH
2016-09-05,sh.601857,7.5,17818805,133320031.0,中国石油,601857.SH
2016-09-06,sh.601857,7.49,13599174,101683881.0,中国石油,601857.SH
2016-09-07,sh.601857,7.49,16613192,124435522.0,中国石油,601857.SH
2016-09-08,sh.601857,7.46,11017031,82247374.0,中国石油,601857.SH
2016-09-09,sh.601857,7.42,17406500,129570227.0,中国石油,601857.SH
2016-09-12,sh.601857,7.31,35806293,261515884.0,中国石油,601857.SH
2016-09-13,sh.601857,7.29,19273138,140357741.0,中国石油,601857.SH
2016-09-14,sh.601857,7.28,19195172,139576136.0,中国石油,601857.SH
2016-09-19,sh.601857,7.28,20736914,150774811.0,中国石油,601857.SH
2016-09-20,sh.601857,7.27,13226799,96006149.0,中国石油,601857.SH
2016-09-21,sh.601857,7.26,8671159,62848370.0,中国石油,601857.SH
2016-09-22,sh.601857,7.26,16954596,123264119.0,中国石油,601857.SH
2016-09-23,sh.601857,7.27,11294864,82065662.0,中国石油,601857.SH
2016-09-26,sh.601857,7.19,25311402,182567044.0,中国石油,601857.SH
2016-09-27,sh.601857,7.21,14626784,105109167.0,中国石油,601857.SH
2016-09-28,sh.601857,7.19,8017825,57630369.0,中国石油,601857.SH
2016-09-29,sh.601857,7.23,18350651,133012923.0,中国石油,601857.SH
2016-09-30,sh.601857,7.22,14029480,101327043.0,中国石油,601857.SH
2016-10-10,sh.601857,7.29,24455416,178442185.0,中国石油,601857.SH
2016-10-11,sh.601857,7.31,18689622,136617861.0,中国石油,601857.SH
2016-10-12,sh.601857,7.3,13139225,95799116.0,中国石油,601857.SH
2016-10-13,sh.601857,7.28,13214875,96314138.0,中国石油,601857.SH
2016-10-14,sh.601857,7.3,17225456,125256618.0,中国石油,601857.SH
2016-10-17,sh.601857,7.26,16207562,117930110.0,中国石油,601857.SH
2016-10-18,sh.601857,7.33,26004871,189845641.0,中国石油,601857.SH
2016-10-19,sh.601857,7.33,21133623,155045522.0,中国石油,601857.SH
2016-10-20,sh.601857,7.34,28331045,207752651.0,中国石油,601857.SH
2016-10-21,sh.601857,7.36,27268805,200317103.0,中国石油,601857.SH
2016-10-24,sh.601857,7.43,55889593,414547120.0,中国石油,601857.SH
2016-10-25,sh.601857,7.39,25015959,185118765.0,中国石油,601857.SH
2016-10-26,sh.601857,7.38,13907784,102611989.0,中国石油,601857.SH
2016-10-27,sh.601857,7.37,13541596,99691237.0,中国石油,601857.SH
2016-10-28,sh.601857,7.38,18958133,139801419.0,中国石油,601857.SH
2016-10-31,sh.601857,7.34,21382023,156386467.0,中国石油,601857.SH
2016-11-01,sh.601857,7.33,17066503,124885721.0,中国石油,601857.SH
2016-11-02,sh.601857,7.28,21137616,153921875.0,中国石油,601857.SH
2016-11-03,sh.601857,7.29,16550641,120540953.0,中国石油,601857.SH
2016-11-04,sh.601857,7.26,18431630,134216552.0,中国石油,601857.SH
2016-11-07,sh.601857,7.29,18057830,131524895.0,中国石油,601857.SH
2016-11-08,sh.601857,7.32,20522247,150031977.0,中国石油,601857.SH
2016-11-09,sh.601857,7.28,21646904,157594506.0,中国石油,601857.SH
2016-11-10,sh.601857,7.34,36041037,263997933.0,中国石油,601857.SH
2016-11-11,sh.601857,7.4,47275505,349124864.0,中国石油,601857.SH
2016-11-14,sh.601857,7.44,49616961,368036800.0,中国石油,601857.SH
2016-11-15,sh.601857,7.42,34282595,254796850.0,中国石油,601857.SH
2016-11-16,sh.601857,7.43,27218146,201737400.0,中国石油,601857.SH
2016-11-17,sh.601857,7.42,25416195,188149704.0,中国石油,601857.SH
2016-11-18,sh.601857,7.4,16103326,119225994.0,中国石油,601857.SH
2016-11-21,sh.601857,7.48,48437568,360821520.0,中国石油,601857.SH
2016-11-22,sh.601857,7.67,128671500,979351200.0,中国石油,601857.SH
2016-11-23,sh.601857,7.59,65243023,497535568.0,中国石油,601857.SH
2016-11-24,sh.601857,7.55,39349299,297630320.0,中国石油,601857.SH
2016-11-25,sh.601857,7.6,52084042,394378096.0,中国石油,601857.SH
2016-11-28,sh.601857,7.67,52209563,398715312.0,中国石油,601857.SH
2016-11-29,sh.601857,7.77,87072454,673135808.0,中国石油,601857.SH
2016-11-30,sh.601857,7.62,56125175,429321728.0,中国石油,601857.SH
2016-12-01,sh.601857,7.76,101227256,788376112.0,中国石油,601857.SH
2016-12-02,sh.601857,7.86,154759796,1227314800.0,中国石油,601857.SH
2016-12-05,sh.601857,7.64,66091433,507709760.0,中国石油,601857.SH
2016-12-06,sh.601857,7.6,34039640,259787013.0,中国石油,601857.SH
2016-12-07,sh.601857,7.62,35063710,265206675.0,中国石油,601857.SH
2016-12-08,sh.601857,7.58,22051771,167401660.0,中国石油,601857.SH
2016-12-09,sh.601857,7.65,38110104,290943728.0,中国石油,601857.SH
2016-12-12,sh.601857,7.57,60992352,468914256.0,中国石油,601857.SH
2016-12-13,sh.601857,7.71,57066920,436247312.0,中国石油,601857.SH
2016-12-14,sh.601857,7.75,76448869,596412304.0,中国石油,601857.SH
2016-12-15,sh.601857,7.6,54311745,412048368.0,中国石油,601857.SH
2016-12-16,sh.601857,7.61,29323274,222045981.0,中国石油,601857.SH
2016-12-19,sh.601857,7.7,40421035,309571680.0,中国石油,601857.SH
2016-12-20,sh.601857,7.63,31420238,239464954.0,中国石油,601857.SH
2016-12-21,sh.601857,7.93,151024402,1192757840.0,中国石油,601857.SH
2016-12-22,sh.601857,8.16,166586747,1353244560.0,中国石油,601857.SH
2016-12-23,sh.601857,8.12,83108504,676233040.0,中国石油,601857.SH
2016-12-26,sh.601857,8.1,68598146,551380976.0,中国石油,601857.SH
2016-12-27,sh.601857,8.02,49385070,396109584.0,中国石油,601857.SH
2016-12-28,sh.601857,8.03,66614894,539672784.0,中国石油,601857.SH
2016-12-29,sh.601857,7.95,38574755,307184336.0,中国石油,601857.SH
2016-12-30,sh.601857,7.95,24348142,193391872.0,中国石油,601857.SH
2017-01-03,sh.601857,7.97,44793060,356766656.0,中国石油,601857.SH
2017-01-04,sh.601857,8.0,39556853,315504096.0,中国石油,601857.SH
2017-01-05,sh.601857,8.16,78716533,637779936.0,中国石油,601857.SH
2017-01-06,sh.601857,8.36,116201023,968663808.0,中国石油,601857.SH
2017-01-09,sh.601857,8.37,78487628,663150256.0,中国石油,601857.SH
2017-01-10,sh.601857,8.4,47145986,392825488.0,中国石油,601857.SH
2017-01-11,sh.601857,8.31,51345438,431633920.0,中国石油,601857.SH
2017-01-12,sh.601857,8.32,38071438,318094992.0,中国石油,601857.SH
2017-01-13,sh.601857,8.39,34979813,292671664.0,中国石油,601857.SH
2017-01-16,sh.601857,8.52,91976630,774638192.0,中国石油,601857.SH
2017-01-17,sh.601857,8.54,64948709,556922480.0,中国石油,601857.SH
2017-01-18,sh.601857,8.57,21401405,183227434.0,中国石油,601857.SH
2017-01-19,sh.601857,8.5,46730402,394371648.0,中国石油,601857.SH
2017-01-20,sh.601857,8.45,25475108,214835928.0,中国石油,601857.SH
2017-01-23,sh.601857,8.52,31749218,269085264.0,中国石油,601857.SH
2017-01-24,sh.601857,8.76,58648360,510811680.0,中国石油,601857.SH
2017-01-25,sh.601857,8.74,31191955,272852912.0,中国石油,601857.SH
2017-01-26,sh.601857,8.65,50405831,436179152.0,中国石油,601857.SH
2017-02-03,sh.601857,8.58,20339492,174707464.0,中国石油,601857.SH
2017-02-06,sh.601857,8.55,55451194,472770064.0,中国石油,601857.SH
2017-02-07,sh.601857,8.51,32696792,278036944.0,中国石油,601857.SH
2017-02-08,sh.601857,8.41,72457918,608047472.0,中国石油,601857.SH
2017-02-09,sh.601857,8.43,102334870,858194672.0,中国石油,601857.SH
2017-02-10,sh.601857,8.44,81956660,690743168.0,中国石油,601857.SH
2017-02-13,sh.601857,8.41,76056756,639425008.0,中国石油,601857.SH
2017-02-14,sh.601857,8.39,38910834,325828352.0,中国石油,601857.SH
2017-02-15,sh.601857,8.42,56435751,474889760.0,中国石油,601857.SH
2017-02-16,sh.601857,8.32,83008496,689551664.0,中国石油,601857.SH
2017-02-17,sh.601857,8.28,54263514,451269296.0,中国石油,601857.SH
2017-02-20,sh.601857,8.35,52509917,436502400.0,中国石油,601857.SH
2017-02-21,sh.601857,8.35,35756293,298071296.0,中国石油,601857.SH
2017-02-22,sh.601857,8.4,55610341,466621056.0,中国石油,601857.SH
2017-02-23,sh.601857,8.29,46345419,385358512.0,中国石油,601857.SH
2017-02-24,sh.601857,8.26,66711214,549312912.0,中国石油,601857.SH
2017-02-27,sh.601857,8.21,32652070,268216921.0,中国石油,601857.SH
2017-02-28,sh.601857,8.23,22270942,183097600.0,中国石油,601857.SH
2017-03-01,sh.601857,8.25,27920217,229972045.0,中国石油,601857.SH
2017-03-02,sh.601857,8.18,33325821,273955920.0,中国石油,601857.SH
2017-03-03,sh.601857,8.04,57076187,460959920.0,中国石油,601857.SH
2017-03-06,sh.601857,8.06,27237504,218978173.0,中国石油,601857.SH
2017-03-07,sh.601857,8.09,29338086,236562780.0,中国石油,601857.SH
2017-03-08,sh.601857,8.09,44717164,361238752.0,中国石油,601857.SH
2017-03-09,sh.601857,7.96,59621009,475319008.0,中国石油,601857.SH
2017-03-10,sh.601857,7.93,28371475,225295973.0,中国石油,601857.SH
2017-03-13,sh.601857,7.97,36611412,291642432.0,中国石油,601857.SH
2017-03-14,sh.601857,7.99,30044331,240115372.0,中国石油,601857.SH
2017-03-15,sh.601857,7.99,33036528,262837260.0,中国石油,601857.SH
2017-03-16,sh.601857,8.04,33302385,267135048.0,中国石油,601857.SH
2017-03-17,sh.601857,7.94,38998911,311627600.0,中国石油,601857.SH
2017-03-20,sh.601857,8.02,51271325,408381568.0,中国石油,601857.SH
2017-03-21,sh.601857,8.03,42249232,339194720.0,中国石油,601857.SH
2017-03-22,sh.601857,7.98,36091109,287850976.0,中国石油,601857.SH
2017-03-23,sh.601857,7.92,40859219,323715904.0,中国石油,601857.SH
2017-03-24,sh.601857,7.96,37937493,300561056.0,中国石油,601857.SH
2017-03-27,sh.601857,7.92,47234463,375587104.0,中国石油,601857.SH
2017-03-28,sh.601857,7.85,47847276,375654080.0,中国石油,601857.SH
2017-03-29,sh.601857,7.85,27479948,215915076.0,中国石油,601857.SH
2017-03-30,sh.601857,7.86,55770291,435499600.0,中国石油,601857.SH
2017-03-31,sh.601857,7.87,36702631,288007472.0,中国石油,601857.SH
2017-04-05,sh.601857,7.97,54742973,433946624.0,中国石油,601857.SH
2017-04-06,sh.601857,7.98,40905455,325948256.0,中国石油,601857.SH
2017-04-07,sh.601857,8.05,81109305,654788944.0,中国石油,601857.SH
2017-04-10,sh.601857,8.05,40336719,324624784.0,中国石油,601857.SH
2017-04-11,sh.601857,8.02,43429243,347457120.0,中国石油,601857.SH
2017-04-12,sh.601857,8.1,44529145,357822896.0,中国石油,601857.SH
2017-04-13,sh.601857,8.06,29579233,238609983.0,中国石油,601857.SH
2017-04-14,sh.601857,8.02,27295881,219362409.0,中国石油,601857.SH
2017-04-17,sh.601857,8.05,34244924,274146688.0,中国石油,601857.SH
2017-04-18,sh.601857,7.96,25706975,205701367.0,中国石油,601857.SH
2017-04-19,sh.601857,7.8,37354420,292170640.0,中国石油,601857.SH
2017-04-20,sh.601857,7.69,42239459,325662816.0,中国石油,601857.SH
2017-04-21,sh.601857,7.79,28908705,223199850.0,中国石油,601857.SH
2017-04-24,sh.601857,7.77,29130393,225663688.0,中国石油,601857.SH
2017-04-25,sh.601857,7.74,17160668,132689196.0,中国石油,601857.SH
2017-04-26,sh.601857,7.73,27034112,209565733.0,中国石油,601857.SH
2017-04-27,sh.601857,7.8,27611438,214227410.0,中国石油,601857.SH
2017-04-28,sh.601857,7.8,23258709,180491022.0,中国石油,601857.SH
2017-05-02,sh.601857,7.69,25028726,193323608.0,中国石油,601857.SH
2017-05-03,sh.601857,7.6,35171106,267946187.0,中国石油,601857.SH
2017-05-04,sh.601857,7.58,33347081,251523438.0,中国石油,601857.SH
2017-05-05,sh.601857,7.55,57696495,431023120.0,中国石油,601857.SH
2017-05-08,sh.601857,7.48,34614069,259191043.0,中国石油,601857.SH
2017-05-09,sh.601857,7.49,18008148,134731441.0,中国石油,601857.SH
2017-05-10,sh.601857,7.44,17386400,129855309.0,中国石油,601857.SH
2017-05-11,sh.601857,7.62,68966786,522471696.0,中国石油,601857.SH
2017-05-12,sh.601857,7.6,33737585,255768055.0,中国石油,601857.SH
2017-05-15,sh.601857,7.7,46707292,358382752.0,中国石油,601857.SH
2017-05-16,sh.601857,7.69,25495558,195461853.0,中国石油,601857.SH
2017-05-17,sh.601857,7.59,42407095,322400048.0,中国石油,601857.SH
2017-05-18,sh.601857,7.62,26458652,200922750.0,中国石油,601857.SH
2017-05-19,sh.601857,7.6,25690963,195685184.0,中国石油,601857.SH
2017-05-22,sh.601857,7.69,37301795,286226672.0,中国石油,601857.SH
2017-05-23,sh.601857,7.79,55761549,430923344.0,中国石油,601857.SH
2017-05-24,sh.601857,7.75,30590213,236513371.0,中国石油,601857.SH
2017-05-25,sh.601857,7.87,50157737,391480672.0,中国石油,601857.SH
2017-05-26,sh.601857,7.8,41162958,321443840.0,中国石油,601857.SH
2017-05-31,sh.601857,7.82,33158474,258414237.0,中国石油,601857.SH
2017-06-01,sh.601857,7.85,43139929,337403472.0,中国石油,601857.SH
2017-06-02,sh.601857,7.77,38275464,299260592.0,中国石油,601857.SH
2017-06-05,sh.601857,7.74,36042371,277610000.0,中国石油,601857.SH
2017-06-06,sh.601857,7.72,15206205,117271636.0,中国石油,601857.SH
2017-06-07,sh.601857,7.75,27446830,212196425.0,中国石油,601857.SH
2017-06-08,sh.601857,7.73,31988109,246677828.0,中国石油,601857.SH
2017-06-09,sh.601857,7.73,27179738,210369629.0,中国石油,601857.SH
2017-06-12,sh.601857,7.64,25840367,198467475.0,中国石油,601857.SH
2017-06-13,sh.601857,7.65,16708856,127578805.0,中国石油,601857.SH
2017-06-14,sh.601857,7.66,16544242,126600479.0,中国石油,601857.SH
2017-06-15,sh.601857,7.65,19972561,152372901.0,中国石油,601857.SH
2017-06-16,sh.601857,7.65,20319473,154862002.0,中国石油,601857.SH
2017-06-19,sh.601857,7.65,17585815,134547366.0,中国石油,601857.SH
2017-06-20,sh.601857,7.7,23515978,180489828.0,中国石油,601857.SH
2017-06-21,sh.601857,7.72,22622756,174096978.0,中国石油,601857.SH
2017-06-22,sh.601857,7.69,29045153,223606839.0,中国石油,601857.SH
2017-06-23,sh.601857,7.74,33266978,255695135.0,中国石油,601857.SH
2017-06-26,sh.601857,7.73,26395813,204019154.0,中国石油,601857.SH
2017-06-27,sh.601857,7.7,24867905,191384320.0,中国石油,601857.SH
2017-06-28,sh.601857,7.69,25155911,193994440.0,中国石油,601857.SH
2017-06-29,sh.601857,7.69,24595993,188903814.0,中国石油,601857.SH
2017-06-30,sh.601857,7.69,17653192,135454059.0,中国石油,601857.SH
2017-07-03,sh.601857,7.74,19488606,150335670.0,中国石油,601857.SH
2017-07-04,sh.601857,7.83,53288809,415761568.0,中国石油,601857.SH
2017-07-05,sh.601857,7.81,20691776,161404362.0,中国石油,601857.SH
2017-07-06,sh.601857,7.83,33832100,264855332.0,中国石油,601857.SH
2017-07-07,sh.601857,7.8,18230510,142323879.0,中国石油,601857.SH
2017-07-10,sh.601857,7.84,36944858,290356336.0,中国石油,601857.SH
2017-07-11,sh.601857,7.84,28131084,221024063.0,中国石油,601857.SH
2017-07-12,sh.601857,7.79,28920647,225680973.0,中国石油,601857.SH
2017-07-13,sh.601857,7.89,43009209,337570192.0,中国石油,601857.SH
2017-07-14,sh.601857,7.89,31718231,250266293.0,中国石油,601857.SH
2017-07-17,sh.601857,8.13,127291134,1013330640.0,中国石油,601857.SH
2017-07-18,sh.601857,8.06,80143891,644576912.0,中国石油,601857.SH
2017-07-19,sh.601857,8.11,67786007,547149504.0,中国石油,601857.SH
2017-07-20,sh.601857,8.11,43466345,352340560.0,中国石油,601857.SH
2017-07-21,sh.601857,8.03,33842063,272853840.0,中国石油,601857.SH
2017-07-24,sh.601857,8.01,30547021,244880109.0,中国石油,601857.SH
2017-07-25,sh.601857,8.07,48473302,391642752.0,中国石油,601857.SH
2017-07-26,sh.601857,8.19,64278572,523321888.0,中国石油,601857.SH
2017-07-27,sh.601857,8.15,65010618,533083328.0,中国石油,601857.SH
2017-07-28,sh.601857,8.1,43078145,347958080.0,中国石油,601857.SH
2017-07-31,sh.601857,8.13,32503149,263810435.0,中国石油,601857.SH
2017-08-01,sh.601857,8.23,47033800,385281120.0,中国石油,601857.SH
2017-08-02,sh.601857,8.14,40122876,327313920.0,中国石油,601857.SH
2017-08-03,sh.601857,8.11,29118446,236020747.0,中国石油,601857.SH
2017-08-04,sh.601857,8.18,48838636,399492352.0,中国石油,601857.SH
2017-08-07,sh.601857,8.19,26026160,212375324.0,中国石油,601857.SH
2017-08-08,sh.601857,8.18,23563131,192351551.0,中国石油,601857.SH
2017-08-09,sh.601857,8.12,20122058,163795357.0,中国石油,601857.SH
2017-08-10,sh.601857,8.09,37198009,300923680.0,中国石油,601857.SH
2017-08-11,sh.601857,7.97,57845790,460610096.0,中国石油,601857.SH
2017-08-14,sh.601857,7.95,28246231,224054191.0,中国石油,601857.SH
2017-08-15,sh.601857,7.93,23089292,183163424.0,中国石油,601857.SH
2017-08-16,sh.601857,7.9,27964493,220887766.0,中国石油,601857.SH
2017-08-17,sh.601857,7.93,30690868,242794973.0,中国石油,601857.SH
2017-08-18,sh.601857,7.95,31139822,246778601.0,中国石油,601857.SH
2017-08-21,sh.601857,8.02,32544562,260237459.0,中国石油,601857.SH
2017-08-22,sh.601857,8.01,21880526,175032355.0,中国石油,601857.SH
2017-08-23,sh.601857,7.99,18377500,147013903.0,中国石油,601857.SH
2017-08-24,sh.601857,7.96,19566103,156038282.0,中国石油,601857.SH
2017-08-25,sh.601857,8.07,53153297,428291952.0,中国石油,601857.SH
2017-08-28,sh.601857,8.2,63427127,518155376.0,中国石油,601857.SH
2017-08-29,sh.601857,8.12,33692654,274068512.0,中国石油,601857.SH
2017-08-30,sh.601857,8.13,27404019,223219406.0,中国石油,601857.SH
2017-08-31,sh.601857,8.11,21613910,175084366.0,中国石油,601857.SH
2017-09-01,sh.601857,8.09,32021967,259441439.0,中国石油,601857.SH
2017-09-04,sh.601857,8.1,30874353,250001737.0,中国石油,601857.SH
2017-09-05,sh.601857,8.08,23336691,188673843.0,中国石油,601857.SH
2017-09-06,sh.601857,8.14,36160512,293817952.0,中国石油,601857.SH
2017-09-07,sh.601857,8.09,27271901,221351281.0,中国石油,601857.SH
2017-09-08,sh.601857,8.08,18564023,150128759.0,中国石油,601857.SH
2017-09-11,sh.601857,8.08,20652343,166660479.0,中国石油,601857.SH
2017-09-12,sh.601857,8.03,25260249,203247180.0,中国石油,601857.SH
2017-09-13,sh.601857,8.03,14689265,117836344.0,中国石油,601857.SH
2017-09-14,sh.601857,8.03,19559898,157340134.0,中国石油,601857.SH
2017-09-15,sh.601857,7.98,21291532,169875816.0,中国石油,601857.SH
2017-09-18,sh.601857,8.0,20191043,161603532.0,中国石油,601857.SH
2017-09-19,sh.601857,7.97,16689203,133040994.0,中国石油,601857.SH
2017-09-20,sh.601857,7.94,19783596,157336566.0,中国石油,601857.SH
2017-09-21,sh.601857,7.97,12227359,97332601.0,中国石油,601857.SH
2017-09-22,sh.601857,7.95,22784880,180274101.0,中国石油,601857.SH
2017-09-25,sh.601857,8.06,56883099,455782423.0,中国石油,601857.SH
2017-09-26,sh.601857,8.09,38019689,307836523.0,中国石油,601857.SH
2017-09-27,sh.601857,8.05,22488757,181213447.0,中国石油,601857.SH
2017-09-28,sh.601857,8.0,25997665,207714523.0,中国石油,601857.SH
2017-09-29,sh.601857,7.99,17017022,135822134.0,中国石油,601857.SH
2017-10-09,sh.601857,7.98,27263565,217707101.0,中国石油,601857.SH
2017-10-10,sh.601857,8.0,17384518,138820615.0,中国石油,601857.SH
2017-10-11,sh.601857,8.0,19773912,158066016.0,中国石油,601857.SH
2017-10-12,sh.601857,7.97,17028397,135712263.0,中国石油,601857.SH
2017-10-13,sh.601857,7.98,14901303,118639642.0,中国石油,601857.SH
2017-10-16,sh.601857,8.05,43276196,347572147.0,中国石油,601857.SH
2017-10-17,sh.601857,8.05,24339844,195937318.0,中国石油,601857.SH
2017-10-18,sh.601857,8.25,100724114,822514068.0,中国石油,601857.SH
2017-10-19,sh.601857,8.27,61444543,505635939.0,中国石油,601857.SH
2017-10-20,sh.601857,8.15,34397721,280790234.0,中国石油,601857.SH
2017-10-23,sh.601857,8.15,27878408,226401427.0,中国石油,601857.SH
2017-10-24,sh.601857,8.17,41247155,337284932.0,中国石油,601857.SH
2017-10-25,sh.601857,8.13,26901697,218655730.0,中国石油,601857.SH
2017-10-26,sh.601857,8.17,29204612,237183645.0,中国石油,601857.SH
2017-10-27,sh.601857,8.13,35602117,289734279.0,中国石油,601857.SH
2017-10-30,sh.601857,8.3,101277166,835501367.0,中国石油,601857.SH
2017-10-31,sh.601857,8.27,47719652,393957807.0,中国石油,601857.SH
2017-11-01,sh.601857,8.39,82155133,687248961.0,中国石油,601857.SH
2017-11-02,sh.601857,8.39,46492657,389432221.0,中国石油,601857.SH
2017-11-03,sh.601857,8.32,68350588,573122464.0,中国石油,601857.SH
2017-11-06,sh.601857,8.38,61862747,519015601.0,中国石油,601857.SH
2017-11-07,sh.601857,8.59,115952801,996095747.0,中国石油,601857.SH
2017-11-08,sh.601857,8.5,81422046,692602087.0,中国石油,601857.SH
2017-11-09,sh.601857,8.52,38032806,322430600.0,中国石油,601857.SH
2017-11-10,sh.601857,8.39,56177006,472776872.0,中国石油,601857.SH
2017-11-13,sh.601857,8.4,49540379,415151129.0,中国石油,601857.SH
2017-11-14,sh.601857,8.36,32852671,274714945.0,中国石油,601857.SH
2017-11-15,sh.601857,8.15,57290210,470168012.0,中国石油,601857.SH
2017-11-16,sh.601857,8.08,40260747,326493319.0,中国石油,601857.SH
2017-11-17,sh.601857,8.12,60639415,490547899.0,中国石油,601857.SH
2017-11-20,sh.601857,8.18,61241078,500081050.0,中国石油,601857.SH
2017-11-21,sh.601857,8.22,63231898,516898089.0,中国石油,601857.SH
2017-11-22,sh.601857,8.4,77470846,644979462.0,中国石油,601857.SH
2017-11-23,sh.601857,8.29,77924571,652383970.0,中国石油,601857.SH
2017-11-24,sh.601857,8.4,64856515,541272855.0,中国石油,601857.SH
2017-11-27,sh.601857,8.34,58173563,489085647.0,中国石油,601857.SH
2017-11-28,sh.601857,8.21,47254026,389336986.0,中国石油,601857.SH
2017-11-29,sh.601857,8.24,42474295,350481104.0,中国石油,601857.SH
2017-11-30,sh.601857,8.17,34723556,284522273.0,中国石油,601857.SH
2017-12-01,sh.601857,8.16,27725425,226050349.0,中国石油,601857.SH
2017-12-04,sh.601857,8.17,33240292,271764219.0,中国石油,601857.SH
2017-12-05,sh.601857,8.22,55968596,457808450.0,中国石油,601857.SH
2017-12-06,sh.601857,8.09,48636321,394839621.0,中国石油,601857.SH
2017-12-07,sh.601857,8.05,34432327,277573739.0,中国石油,601857.SH
2017-12-08,sh.601857,8.06,38839278,312231669.0,中国石油,601857.SH
2017-12-11,sh.601857,8.09,30388336,246045812.0,中国石油,601857.SH
2017-12-12,sh.601857,8.02,30919232,249621468.0,中国石油,601857.SH
2017-12-13,sh.601857,8.02,24574783,197199405.0,中国石油,601857.SH
2017-12-14,sh.601857,7.94,40182442,319916463.0,中国石油,601857.SH
2017-12-15,sh.601857,7.87,28084231,221702480.0,中国石油,601857.SH
2017-12-18,sh.601857,7.88,20861342,164226024.0,中国石油,601857.SH
2017-12-19,sh.601857,7.89,16446764,129744448.0,中国石油,601857.SH
2017-12-20,sh.601857,7.94,25688726,203894324.0,中国石油,601857.SH
2017-12-21,sh.601857,7.98,26014290,207253191.0,中国石油,601857.SH
2017-12-22,sh.601857,8.09,42492964,342894030.0,中国石油,601857.SH
2017-12-25,sh.601857,8.04,21008030,169164792.0,中国石油,601857.SH
2017-12-26,sh.601857,8.07,19729541,159039408.0,中国石油,601857.SH
2017-12-27,sh.601857,8.09,37452602,304450028.0,中国石油,601857.SH
2017-12-28,sh.601857,8.06,25125826,202762590.0,中国石油,601857.SH
2017-12-29,sh.601857,8.09,23867187,193083877.0,中国石油,601857.SH
2015-01-05,sh.600519,202.52,9451517,1875063136.0,贵州茅台,600519.SH
2015-01-06,sh.600519,197.83,5502001,1094977376.0,贵州茅台,600519.SH
2015-01-07,sh.600519,192.94,5479784,1063925648.0,贵州茅台,600519.SH
2015-01-08,sh.600519,191.76,4052530,777874672.0,贵州茅台,600519.SH
2015-01-09,sh.600519,190.31,5398220,1039955152.0,贵州茅台,600519.SH
2015-01-12,sh.600519,186.43,4991459,934643408.0,贵州茅台,600519.SH
2015-01-13,sh.600519,184.88,3670808,683429632.0,贵州茅台,600519.SH
2015-01-14,sh.600519,183.18,5240344,965036192.0,贵州茅台,600519.SH
2015-01-15,sh.600519,186.07,4858552,895503104.0,贵州茅台,600519.SH
2015-01-16,sh.600519,186.11,3997806,746304288.0,贵州茅台,600519.SH
2015-01-19,sh.600519,175.48,6467937,1151544272.0,贵州茅台,600519.SH
2015-01-20,sh.600519,178.08,6102274,1086018448.0,贵州茅台,600519.SH
2015-01-21,sh.600519,182.36,5267474,950750400.0,贵州茅台,600519.SH
2015-01-22,sh.600519,181.23,3825481,696541248.0,贵州茅台,600519.SH
2015-01-23,sh.600519,181.02,3308455,600627344.0,贵州茅台,600519.SH
2015-01-26,sh.600519,182.8,3564906,650642096.0,贵州茅台,600519.SH
2015-01-27,sh.600519,180.11,4188362,755025856.0,贵州茅台,600519.SH
2015-01-28,sh.600519,177.47,3068066,547979152.0,贵州茅台,600519.SH
2015-01-29,sh.600519,176.15,3249254,571553424.0,贵州茅台,600519.SH
2015-01-30,sh.600519,177.18,4750834,848744496.0,贵州茅台,600519.SH
2015-02-02,sh.600519,174.82,3398336,593379648.0,贵州茅台,600519.SH
2015-02-03,sh.600519,178.37,2779280,493512560.0,贵州茅台,600519.SH
2015-02-04,sh.600519,177.25,3529371,634135328.0,贵州茅台,600519.SH
2015-02-05,sh.600519,174.05,4123962,735861120.0,贵州茅台,600519.SH
2015-02-06,sh.600519,174.6,3710238,648205632.0,贵州茅台,600519.SH
2015-02-09,sh.600519,184.3,8729358,1584342288.0,贵州茅台,600519.SH
2015-02-10,sh.600519,182.88,5363887,984795856.0,贵州茅台,600519.SH
2015-02-11,sh.600519,183.15,2289479,420358864.0,贵州茅台,600519.SH
2015-02-12,sh.600519,183.57,2505098,458818624.0,贵州茅台,600519.SH
2015-02-13,sh.600519,182.49,4012705,734977408.0,贵州茅台,600519.SH
2015-02-16,sh.600519,183.31,3952108,722512096.0,贵州茅台,600519.SH
2015-02-17,sh.600519,182.22,3417255,624854080.0,贵州茅台,600519.SH
2015-02-25,sh.600519,183.96,5993512,1104113264.0,贵州茅台,600519.SH
2015-02-26,sh.600519,186.64,6229772,1163369600.0,贵州茅台,600519.SH
2015-02-27,sh.600519,191.05,6337094,1217723184.0,贵州茅台,600519.SH
2015-03-02,sh.600519,190.73,3109870,592027088.0,贵州茅台,600519.SH
2015-03-03,sh.600519,185.95,4299960,812905776.0,贵州茅台,600519.SH
2015-03-04,sh.600519,187.19,4066223,757815040.0,贵州茅台,600519.SH
2015-03-05,sh.600519,185.52,3620624,670609776.0,贵州茅台,600519.SH
2015-03-06,sh.600519,183.62,2547066,471454752.0,贵州茅台,600519.SH
2015-03-09,sh.600519,191.56,4348603,815432192.0,贵州茅台,600519.SH
2015-03-10,sh.600519,187.83,2963706,561292480.0,贵州茅台,600519.SH
2015-03-11,sh.600519,191.98,4058339,778418704.0,贵州茅台,600519.SH
2015-03-12,sh.600519,192.75,3849640,747203168.0,贵州茅台,600519.SH
2015-03-13,sh.600519,189.91,2547927,486997360.0,贵州茅台,600519.SH
2015-03-16,sh.600519,193.76,3116097,597313680.0,贵州茅台,600519.SH
2015-03-17,sh.600519,196.77,4590408,903712736.0,贵州茅台,600519.SH
2015-03-18,sh.600519,199.45,3930446,778884992.0,贵州茅台,600519.SH
2015-03-19,sh.600519,195.28,3353977,658535488.0,贵州茅台,600519.SH
2015-03-20,sh.600519,193.15,5137371,991294896.0,贵州茅台,600519.SH
2015-03-23,sh.600519,195.08,4097901,799009920.0,贵州茅台,600519.SH
2015-03-24,sh.600519,195.69,6007944,1172628512.0,贵州茅台,600519.SH
2015-03-25,sh.600519,192.78,4224030,815963248.0,贵州茅台,600519.SH
2015-03-26,sh.600519,198.56,6710525,1315872112.0,贵州茅台,600519.SH
2015-03-27,sh.600519,194.55,4014459,784086656.0,贵州茅台,600519.SH
2015-03-30,sh.600519,196.77,6345139,1237889232.0,贵州茅台,600519.SH
2015-03-31,sh.600519,195.96,8813097,1746870224.0,贵州茅台,600519.SH
2015-04-01,sh.600519,195.34,7687523,1504959696.0,贵州茅台,600519.SH
2015-04-02,sh.600519,194.58,6298161,1228604480.0,贵州茅台,600519.SH
2015-04-03,sh.600519,196.81,5121088,996536048.0,贵州茅台,600519.SH
2015-04-07,sh.600519,200.67,5982433,1189027072.0,贵州茅台,600519.SH
2015-04-08,sh.600519,204.5,13585716,2798381808.0,贵州茅台,600519.SH
2015-04-09,sh.600519,200.0,6239973,1255308048.0,贵州茅台,600519.SH
2015-04-10,sh.600519,200.22,10201946,2048914304.0,贵州茅台,600519.SH
2015-04-13,sh.600519,203.9,9135609,1840018384.0,贵州茅台,600519.SH
2015-04-14,sh.600519,206.0,8190313,1691094336.0,贵州茅台,600519.SH
2015-04-15,sh.600519,205.7,5500520,1135635920.0,贵州茅台,600519.SH
2015-04-16,sh.600519,226.27,8601417,1877332304.0,贵州茅台,600519.SH
2015-04-17,sh.600519,232.56,19209491,4577504000.0,贵州茅台,600519.SH
2015-04-20,sh.600519,234.03,13058871,3118764544.0,贵州茅台,600519.SH
2015-04-21,sh.600519,257.43,12240188,3039243968.0,贵州茅台,600519.SH
2015-04-22,sh.600519,263.89,13463506,3543576704.0,贵州茅台,600519.SH
2015-04-23,sh.600519,256.04,8603012,2214737648.0,贵州茅台,600519.SH
2015-04-24,sh.600519,258.49,10053123,2547399872.0,贵州茅台,600519.SH
2015-04-27,sh.600519,255.79,7897335,2050832432.0,贵州茅台,600519.SH
2015-04-28,sh.600519,247.89,8729177,2187970736.0,贵州茅台,600519.SH
2015-04-29,sh.600519,249.78,5930057,1477767696.0,贵州茅台,600519.SH
2015-04-30,sh.600519,252.23,6406407,1610938048.0,贵州茅台,600519.SH
2015-05-04,sh.600519,254.97,5473902,1398337296.0,贵州茅台,600519.SH
2015-05-05,sh.600519,240.95,7370003,1801146752.0,贵州茅台,600519.SH
2015-05-06,sh.600519,242.68,6032432,1472597536.0,贵州茅台,600519.SH
2015-05-07,sh.600519,244.93,6810290,1693825904.0,贵州茅台,600519.SH
2015-05-08,sh.600519,254.17,5780559,1447670272.0,贵州茅台,600519.SH
2015-05-11,sh.600519,257.44,6134570,1552417968.0,贵州茅台,600519.SH
2015-05-12,sh.600519,254.42,4703129,1193035136.0,贵州茅台,600519.SH
2015-05-13,sh.600519,256.4,5891341,1520374560.0,贵州茅台,600519.SH
2015-05-14,sh.600519,251.41,4185329,1062504720.0,贵州茅台,600519.SH
2015-05-15,sh.600519,245.17,5418507,1333031168.0,贵州茅台,600519.SH
2015-05-18,sh.600519,241.14,3536324,856505072.0,贵州茅台,600519.SH
2015-05-19,sh.600519,250.04,4763777,1174434448.0,贵州茅台,600519.SH
2015-05-20,sh.600519,253.95,6377150,1631009456.0,贵州茅台,600519.SH
2015-05-21,sh.600519,258.59,4766913,1230234944.0,贵州茅台,600519.SH
2015-05-22,sh.600519,275.86,6664906,1779754352.0,贵州茅台,600519.SH
2015-05-25,sh.600519,286.83,6747362,1868570176.0,贵州茅台,600519.SH
2015-05-26,sh.600519,285.54,6091468,1746031120.0,贵州茅台,600519.SH
2015-05-27,sh.600519,276.9,4693479,1309260000.0,贵州茅台,600519.SH
2015-05-28,sh.600519,261.11,6088499,1650995552.0,贵州茅台,600519.SH
2015-05-29,sh.600519,263.83,5778309,1531805536.0,贵州茅台,600519.SH
2015-06-01,sh.600519,271.46,6581670,1747123648.0,贵州茅台,600519.SH
2015-06-02,sh.600519,266.62,6463560,1708951664.0,贵州茅台,600519.SH
2015-06-03,sh.600519,262.79,4642403,1218378720.0,贵州茅台,600519.SH
2015-06-04,sh.600519,258.21,9236273,2332785392.0,贵州茅台,600519.SH
2015-06-05,sh.600519,253.84,8573823,2188974560.0,贵州茅台,600519.SH
2015-06-08,sh.600519,264.64,9600797,2462736704.0,贵州茅台,600519.SH
2015-06-09,sh.600519,259.03,7785186,2045525408.0,贵州茅台,600519.SH
2015-06-10,sh.600519,261.05,8046208,2096832880.0,贵州茅台,600519.SH
2015-06-11,sh.600519,260.06,5295454,1378413760.0,贵州茅台,600519.SH
2015-06-12,sh.600519,266.0,9090952,2438986512.0,贵州茅台,600519.SH
2015-06-15,sh.600519,260.89,10001422,2664672592.0,贵州茅台,600519.SH
2015-06-16,sh.600519,253.95,6930384,1789696032.0,贵州茅台,600519.SH
2015-06-17,sh.600519,255.09,5838881,1478407040.0,贵州茅台,600519.SH
2015-06-18,sh.600519,243.97,6150650,1530836128.0,贵州茅台,600519.SH
2015-06-19,sh.600519,235.31,6760866,1646002768.0,贵州茅台,600519.SH
2015-06-23,sh.600519,252.25,8124734,1989068144.0,贵州茅台,600519.SH
2015-06-24,sh.600519,261.21,9570694,2463553856.0,贵州茅台,600519.SH
2015-06-25,sh.600519,251.79,6652166,1707385600.0,贵州茅台,600519.SH
2015-06-26,sh.600519,242.45,9933201,2451381600.0,贵州茅台,600519.SH
2015-06-29,sh.600519,246.64,16507167,4057069904.0,贵州茅台,600519.SH
2015-06-30,sh.600519,257.65,12629819,3205285536.0,贵州茅台,600519.SH
2015-07-01,sh.600519,257.49,10332654,2696026032.0,贵州茅台,600519.SH
2015-07-02,sh.600519,260.3,11845972,3011363680.0,贵州茅台,600519.SH
2015-07-03,sh.600519,249.81,10960531,2772183168.0,贵州茅台,600519.SH
2015-07-06,sh.600519,254.04,27279966,7012491264.0,贵州茅台,600519.SH
2015-07-07,sh.600519,244.18,16756224,4121731568.0,贵州茅台,600519.SH
2015-07-08,sh.600519,236.86,28914054,6738026752.0,贵州茅台,600519.SH
2015-07-09,sh.600519,257.94,13820334,3409950544.0,贵州茅台,600519.SH
2015-07-10,sh.600519,265.59,25614930,6888908288.0,贵州茅台,600519.SH
2015-07-13,sh.600519,257.75,14892616,3838169456.0,贵州茅台,600519.SH
2015-07-14,sh.600519,249.05,9676830,2425239232.0,贵州茅台,600519.SH
2015-07-15,sh.600519,251.26,10407746,2585923328.0,贵州茅台,600519.SH
2015-07-16,sh.600519,251.59,7281433,1826618384.0,贵州茅台,600519.SH
2015-07-17,sh.600519,228.29,5641853,1284361184.0,贵州茅台,600519.SH
2015-07-20,sh.600519,225.11,6793355,1531275696.0,贵州茅台,600519.SH
2015-07-21,sh.600519,221.66,5178996,1148423248.0,贵州茅台,600519.SH
2015-07-22,sh.600519,217.13,7085510,1552554832.0,贵州茅台,600519.SH
2015-07-23,sh.600519,219.54,6474810,1411411696.0,贵州茅台,600519.SH
2015-07-24,sh.600519,219.21,5739009,1271122144.0,贵州茅台,600519.SH
2015-07-27,sh.600519,201.52,7694415,1628465536.0,贵州茅台,600519.SH
2015-07-28,sh.600519,205.83,8670357,1766521472.0,贵州茅台,600519.SH
2015-07-29,sh.600519,207.74,6650743,1364157584.0,贵州茅台,600519.SH
2015-07-30,sh.600519,205.96,4113400,853284368.0,贵州茅台,600519.SH
2015-07-31,sh.600519,206.83,4073664,835374144.0,贵州茅台,600519.SH
2015-08-03,sh.600519,209.56,5455303,1117796048.0,贵州茅台,600519.SH
2015-08-04,sh.600519,211.97,5953396,1260302960.0,贵州茅台,600519.SH
2015-08-05,sh.600519,207.19,4314385,907597376.0,贵州茅台,600519.SH
2015-08-06,sh.600519,204.96,3924980,805358560.0,贵州茅台,600519.SH
2015-08-07,sh.600519,206.93,3952134,819022560.0,贵州茅台,600519.SH
2015-08-10,sh.600519,212.3,5649643,1182083552.0,贵州茅台,600519.SH
2015-08-11,sh.600519,210.75,5089705,1076261232.0,贵州茅台,600519.SH
2015-08-12,sh.600519,209.47,4582434,968610592.0,贵州茅台,600519.SH
2015-08-13,sh.600519,209.51,3518025,733202192.0,贵州茅台,600519.SH
2015-08-14,sh.600519,209.98,3066690,645849792.0,贵州茅台,600519.SH
2015-08-17,sh.600519,206.22,5385832,1108212048.0,贵州茅台,600519.SH
2015-08-18,sh.600519,201.06,5128552,1047896512.0,贵州茅台,600519.SH
2015-08-19,sh.600519,201.62,5026180,1004394400.0,贵州茅台,600519.SH
2015-08-20,sh.600519,195.07,3964503,788892224.0,贵州茅台,600519.SH
2015-08-21,sh.600519,186.33,7562061,1433277968.0,贵州茅台,600519.SH
2015-08-24,sh.600519,169.64,8981284,1559048768.0,贵州茅台,600519.SH
2015-08-25,sh.600519,176.59,12308058,2165823584.0,贵州茅台,600519.SH
2015-08-26,sh.600519,183.88,9157253,1663612848.0,贵州茅台,600519.SH
2015-08-27,sh.600519,197.07,8705201,1663248880.0,贵州茅台,600519.SH
2015-08-28,sh.600519,192.65,8992583,1720106864.0,贵州茅台,600519.SH
2015-08-31,sh.600519,195.37,6273019,1198185024.0,贵州茅台,600519.SH
2015-09-01,sh.600519,194.37,8743269,1688392992.0,贵州茅台,600519.SH
2015-09-02,sh.600519,194.61,10694546,2052413264.0,贵州茅台,600519.SH
2015-09-07,sh.600519,188.71,3221642,615819760.0,贵州茅台,600519.SH
2015-09-08,sh.600519,189.32,3309858,621914336.0,贵州茅台,600519.SH
2015-09-09,sh.600519,191.86,3521516,676337504.0,贵州茅台,600519.SH
2015-09-10,sh.600519,193.21,2685248,514766384.0,贵州茅台,600519.SH
2015-09-11,sh.600519,192.91,1693214,326277632.0,贵州茅台,600519.SH
2015-09-14,sh.600519,202.53,8617555,1678995776.0,贵州茅台,600519.SH
2015-09-15,sh.600519,202.0,5188434,1035493472.0,贵州茅台,600519.SH
2015-09-16,sh.600519,204.55,3719802,753188784.0,贵州茅台,600519.SH
2015-09-17,sh.600519,198.0,2642300,533638544.0,贵州茅台,600519.SH
2015-09-18,sh.600519,199.43,1564276,312040976.0,贵州茅台,600519.SH
2015-09-21,sh.600519,199.3,1652767,329196736.0,贵州茅台,600519.SH
2015-09-22,sh.600519,199.27,1645740,329161936.0,贵州茅台,600519.SH
2015-09-23,sh.600519,194.72,2234432,438412336.0,贵州茅台,600519.SH
2015-09-24,sh.600519,194.0,1388674,269653184.0,贵州茅台,600519.SH
2015-09-25,sh.600519,193.46,2445597,470411104.0,贵州茅台,600519.SH
2015-09-28,sh.600519,191.38,1234110,235369401.0,贵州茅台,600519.SH
2015-09-29,sh.600519,190.17,1840982,348759184.0,贵州茅台,600519.SH
2015-09-30,sh.600519,190.31,1163463,222178053.0,贵州茅台,600519.SH
2015-10-08,sh.600519,197.52,3439179,684138048.0,贵州茅台,600519.SH
2015-10-09,sh.600519,196.95,1572174,310187696.0,贵州茅台,600519.SH
2015-10-12,sh.600519,198.09,4903000,982174160.0,贵州茅台,600519.SH
2015-10-13,sh.600519,198.74,1575113,313495456.0,贵州茅台,600519.SH
2015-10-14,sh.600519,197.83,1521339,301666752.0,贵州茅台,600519.SH
2015-10-15,sh.600519,199.99,1655013,329836768.0,贵州茅台,600519.SH
2015-10-16,sh.600519,200.74,1923843,386383072.0,贵州茅台,600519.SH
2015-10-19,sh.600519,202.72,2612145,531101872.0,贵州茅台,600519.SH
2015-10-20,sh.600519,201.97,1478429,298284288.0,贵州茅台,600519.SH
2015-10-21,sh.600519,200.31,2234914,447195040.0,贵州茅台,600519.SH
2015-10-22,sh.600519,202.53,2372030,478632752.0,贵州茅台,600519.SH
2015-10-23,sh.600519,210.98,5627734,1189746960.0,贵州茅台,600519.SH
2015-10-26,sh.600519,217.73,4334626,932490832.0,贵州茅台,600519.SH
2015-10-27,sh.600519,215.25,2257279,484597008.0,贵州茅台,600519.SH
2015-10-28,sh.600519,212.44,1655922,353020512.0,贵州茅台,600519.SH
2015-10-29,sh.600519,213.0,1345435,287688320.0,贵州茅台,600519.SH
2015-10-30,sh.600519,213.86,1225791,263117287.0,贵州茅台,600519.SH
2015-11-02,sh.600519,212.56,1529820,328246688.0,贵州茅台,600519.SH
2015-11-03,sh.600519,209.71,2317329,493565248.0,贵州茅台,600519.SH
2015-11-04,sh.600519,214.98,3080972,659118992.0,贵州茅台,600519.SH
2015-11-05,sh.600519,216.56,4998258,1087812240.0,贵州茅台,600519.SH
2015-11-06,sh.600519,218.42,2169571,471929424.0,贵州茅台,600519.SH
2015-11-09,sh.600519,220.83,4052729,900398640.0,贵州茅台,600519.SH
2015-11-10,sh.600519,222.38,2872976,639416128.0,贵州茅台,600519.SH
2015-11-11,sh.600519,220.15,2381550,524296320.0,贵州茅台,600519.SH
2015-11-12,sh.600519,220.01,1618085,357408912.0,贵州茅台,600519.SH
2015-11-13,sh.600519,215.11,2839718,614644800.0,贵州茅台,600519.SH
2015-11-16,sh.600519,213.78,2391670,511461328.0,贵州茅台,600519.SH
2015-11-17,sh.600519,214.36,2198635,473813952.0,贵州茅台,600519.SH
2015-11-18,sh.600519,214.66,1972554,423815328.0,贵州茅台,600519.SH
2015-11-19,sh.600519,215.03,1526276,327777824.0,贵州茅台,600519.SH
2015-11-20,sh.600519,213.72,2227423,476413648.0,贵州茅台,600519.SH
2015-11-23,sh.600519,212.62,2099473,446996432.0,贵州茅台,600519.SH
2015-11-24,sh.600519,211.69,2046902,431548240.0,贵州茅台,600519.SH
2015-11-25,sh.600519,212.98,2424981,512351424.0,贵州茅台,600519.SH
2015-11-26,sh.600519,212.84,1880453,400523680.0,贵州茅台,600519.SH
2015-11-27,sh.600519,207.74,1622072,339061424.0,贵州茅台,600519.SH
2015-11-30,sh.600519,214.31,3344003,702029936.0,贵州茅台,600519.SH
2015-12-01,sh.600519,213.8,1887754,400895904.0,贵州茅台,600519.SH
2015-12-02,sh.600519,221.58,4789145,1055325952.0,贵州茅台,600519.SH
2015-12-03,sh.600519,220.2,2238683,489928576.0,贵州茅台,600519.SH
2015-12-04,sh.600519,215.31,2084871,452200736.0,贵州茅台,600519.SH
2015-12-07,sh.600519,214.51,1925509,413697600.0,贵州茅台,600519.SH
2015-12-08,sh.600519,211.94,1739368,370510928.0,贵州茅台,600519.SH
2015-12-09,sh.600519,214.47,1411977,302039600.0,贵州茅台,600519.SH
2015-12-10,sh.600519,212.96,1378671,295297552.0,贵州茅台,600519.SH
2015-12-11,sh.600519,211.41,1303548,275655728.0,贵州茅台,600519.SH
2015-12-14,sh.600519,214.1,2070134,439584112.0,贵州茅台,600519.SH
2015-12-15,sh.600519,214.51,1508839,321828816.0,贵州茅台,600519.SH
2015-12-16,sh.600519,213.91,2014480,430371568.0,贵州茅台,600519.SH
2015-12-17,sh.600519,215.86,2425321,523818384.0,贵州茅台,600519.SH
2015-12-18,sh.600519,216.88,2846020,618897536.0,贵州茅台,600519.SH
2015-12-21,sh.600519,227.03,5939189,1341466592.0,贵州茅台,600519.SH
2015-12-22,sh.600519,225.03,2840245,638684800.0,贵州茅台,600519.SH
2015-12-23,sh.600519,223.0,2237497,501438272.0,贵州茅台,600519.SH
2015-12-24,sh.600519,224.78,1557788,350137312.0,贵州茅台,600519.SH
2015-12-25,sh.600519,224.5,1154295,258870006.0,贵州茅台,600519.SH
2015-12-28,sh.600519,219.12,2559452,569404128.0,贵州茅台,600519.SH
2015-12-29,sh.600519,219.83,1577433,345982480.0,贵州茅台,600519.SH
2015-12-30,sh.600519,218.86,2014766,440489184.0,贵州茅台,600519.SH
2015-12-31,sh.600519,218.19,1967387,429872176.0,贵州茅台,600519.SH
2016-01-04,sh.600519,210.02,1734969,371909824.0,贵州茅台,600519.SH
2016-01-05,sh.600519,212.82,3190891,672596336.0,贵州茅台,600519.SH
2016-01-06,sh.600519,212.18,2376090,502483568.0,贵州茅台,600519.SH
2016-01-07,sh.600519,202.23,814868,167829920.0,贵州茅台,600519.SH
2016-01-08,sh.600519,204.63,4451009,911812832.0,贵州茅台,600519.SH
2016-01-11,sh.600519,199.86,2970258,596838944.0,贵州茅台,600519.SH
2016-01-12,sh.600519,196.79,4028723,801495584.0,贵州茅台,600519.SH
2016-01-13,sh.600519,199.78,2920198,592420624.0,贵州茅台,600519.SH
2016-01-14,sh.600519,204.82,3477606,699341424.0,贵州茅台,600519.SH
2016-01-15,sh.600519,199.0,2668119,537750016.0,贵州茅台,600519.SH
2016-01-18,sh.600519,199.43,2737123,548614384.0,贵州茅台,600519.SH
2016-01-19,sh.600519,210.24,5911022,1224859280.0,贵州茅台,600519.SH
2016-01-20,sh.600519,202.32,4096866,835946960.0,贵州茅台,600519.SH
2016-01-21,sh.600519,200.26,2183229,439737648.0,贵州茅台,600519.SH
2016-01-22,sh.600519,202.74,2273348,456952016.0,贵州茅台,600519.SH
2016-01-25,sh.600519,202.77,1375045,278273552.0,贵州茅台,600519.SH
2016-01-26,sh.600519,199.01,2228092,448487472.0,贵州茅台,600519.SH
2016-01-27,sh.600519,199.93,2984041,589842576.0,贵州茅台,600519.SH
2016-01-28,sh.600519,196.64,1790300,353744032.0,贵州茅台,600519.SH
2016-01-29,sh.600519,200.65,2309024,461975280.0,贵州茅台,600519.SH
2016-02-01,sh.600519,201.29,1917802,386028336.0,贵州茅台,600519.SH
2016-02-02,sh.600519,204.55,1784208,362596992.0,贵州茅台,600519.SH
2016-02-03,sh.600519,203.66,1515699,307933680.0,贵州茅台,600519.SH
2016-02-04,sh.600519,204.99,1662475,340315136.0,贵州茅台,600519.SH
2016-02-05,sh.600519,203.87,1422767,290691680.0,贵州茅台,600519.SH
2016-02-15,sh.600519,200.41,1947018,390748384.0,贵州茅台,600519.SH
2016-02-16,sh.600519,203.92,1922316,393326288.0,贵州茅台,600519.SH
2016-02-17,sh.600519,202.3,2034911,411126976.0,贵州茅台,600519.SH
2016-02-18,sh.600519,201.71,1889256,381696256.0,贵州茅台,600519.SH
2016-02-19,sh.600519,203.11,1423846,287755552.0,贵州茅台,600519.SH
2016-02-22,sh.600519,207.8,2775986,574540624.0,贵州茅台,600519.SH
2016-02-23,sh.600519,212.41,3746089,795824528.0,贵州茅台,600519.SH
2016-02-24,sh.600519,217.74,3312902,717612352.0,贵州茅台,600519.SH
2016-02-25,sh.600519,212.41,3948065,855036784.0,贵州茅台,600519.SH
2016-02-26,sh.600519,216.84,2833271,609924304.0,贵州茅台,600519.SH
2016-02-29,sh.600519,214.91,4771246,1022532384.0,贵州茅台,600519.SH
2016-03-01,sh.600519,218.42,3400459,736088848.0,贵州茅台,600519.SH
2016-03-02,sh.600519,224.22,4794266,1073462816.0,贵州茅台,600519.SH
2016-03-03,sh.600519,227.81,4019328,914557328.0,贵州茅台,600519.SH
2016-03-04,sh.600519,238.78,8583869,2007278352.0,贵州茅台,600519.SH
2016-03-07,sh.600519,233.64,3934555,924016288.0,贵州茅台,600519.SH
2016-03-08,sh.600519,229.21,2614722,600938832.0,贵州茅台,600519.SH
2016-03-09,sh.600519,227.44,1640260,375804064.0,贵州茅台,600519.SH
2016-03-10,sh.600519,228.06,2572746,593953296.0,贵州茅台,600519.SH
2016-03-11,sh.600519,228.05,1632008,373343712.0,贵州茅台,600519.SH
2016-03-14,sh.600519,224.57,4527783,1029457824.0,贵州茅台,600519.SH
2016-03-15,sh.600519,231.92,3635633,832373600.0,贵州茅台,600519.SH
2016-03-16,sh.600519,228.61,2425097,555358080.0,贵州茅台,600519.SH
2016-03-17,sh.600519,229.56,2882095,665454448.0,贵州茅台,600519.SH
2016-03-18,sh.600519,226.0,7056894,1613934128.0,贵州茅台,600519.SH
2016-03-21,sh.600519,231.98,3854745,885665712.0,贵州茅台,600519.SH
2016-03-22,sh.600519,234.49,4176661,981582400.0,贵州茅台,600519.SH
2016-03-23,sh.600519,234.97,2141206,503035648.0,贵州茅台,600519.SH
2016-03-24,sh.600519,242.66,6206802,1487290880.0,贵州茅台,600519.SH
2016-03-25,sh.600519,244.98,4475616,1100326144.0,贵州茅台,600519.SH
2016-03-28,sh.600519,249.58,4833765,1207751712.0,贵州茅台,600519.SH
2016-03-29,sh.600519,248.11,3668805,911522992.0,贵州茅台,600519.SH
2016-03-30,sh.600519,248.66,2778260,688591408.0,贵州茅台,600519.SH
2016-03-31,sh.600519,247.64,1945734,483196896.0,贵州茅台,600519.SH
2016-04-01,sh.600519,245.09,2514607,620149504.0,贵州茅台,600519.SH
2016-04-05,sh.600519,245.52,2504785,615354320.0,贵州茅台,600519.SH
2016-04-06,sh.600519,257.21,4842492,1225137024.0,贵州茅台,600519.SH
2016-04-07,sh.600519,254.11,2553639,650128768.0,贵州茅台,600519.SH
2016-04-08,sh.600519,249.86,2315602,583704016.0,贵州茅台,600519.SH
2016-04-11,sh.600519,243.72,11928468,2930751136.0,贵州茅台,600519.SH
2016-04-12,sh.600519,244.92,2333909,568663728.0,贵州茅台,600519.SH
2016-04-13,sh.600519,242.24,5427425,1328412384.0,贵州茅台,600519.SH
2016-04-14,sh.600519,242.76,2866437,696651872.0,贵州茅台,600519.SH
2016-04-15,sh.600519,244.9,1902926,463404864.0,贵州茅台,600519.SH
2016-04-18,sh.600519,243.68,1859304,453989136.0,贵州茅台,600519.SH
2016-04-19,sh.600519,243.18,1423668,345816832.0,贵州茅台,600519.SH
2016-04-20,sh.600519,238.44,3370850,808354336.0,贵州茅台,600519.SH
2016-04-21,sh.600519,240.37,2967222,713190672.0,贵州茅台,600519.SH
2016-04-22,sh.600519,247.4,3545938,869560464.0,贵州茅台,600519.SH
2016-04-25,sh.600519,244.52,2499028,614481808.0,贵州茅台,600519.SH
2016-04-26,sh.600519,243.86,1515668,370224912.0,贵州茅台,600519.SH
2016-04-27,sh.600519,244.88,1391510,340092448.0,贵州茅台,600519.SH
2016-04-28,sh.600519,246.44,1715655,421012816.0,贵州茅台,600519.SH
2016-04-29,sh.600519,251.2,4607949,1155915392.0,贵州茅台,600519.SH
2016-05-03,sh.600519,260.0,5647486,1463972624.0,贵州茅台,600519.SH
2016-05-04,sh.600519,256.21,2863626,743425168.0,贵州茅台,600519.SH
2016-05-05,sh.600519,257.77,1351789,347050352.0,贵州茅台,600519.SH
2016-05-06,sh.600519,252.22,2717369,689911424.0,贵州茅台,600519.SH
2016-05-09,sh.600519,250.82,2779918,696784544.0,贵州茅台,600519.SH
2016-05-10,sh.600519,252.08,3350589,843441776.0,贵州茅台,600519.SH
2016-05-11,sh.600519,256.87,4927713,1268594576.0,贵州茅台,600519.SH
2016-05-12,sh.600519,255.96,1889411,480711456.0,贵州茅台,600519.SH
2016-05-13,sh.600519,250.96,2814561,714915408.0,贵州茅台,600519.SH
2016-05-16,sh.600519,251.63,2220273,553627504.0,贵州茅台,600519.SH
2016-05-17,sh.600519,250.03,1178569,295827984.0,贵州茅台,600519.SH
2016-05-18,sh.600519,244.44,2838034,700172112.0,贵州茅台,600519.SH
2016-05-19,sh.600519,245.77,2088943,514050848.0,贵州茅台,600519.SH
2016-05-20,sh.600519,251.26,2550157,638079264.0,贵州茅台,600519.SH
2016-05-23,sh.600519,254.2,1870618,474832784.0,贵州茅台,600519.SH
2016-05-24,sh.600519,251.94,1167440,294383664.0,贵州茅台,600519.SH
2016-05-25,sh.600519,251.86,1778534,450815936.0,贵州茅台,600519.SH
2016-05-26,sh.600519,252.71,1812026,454859056.0,贵州茅台,600519.SH
2016-05-27,sh.600519,252.44,1323044,334258000.0,贵州茅台,600519.SH
2016-05-30,sh.600519,256.13,2980692,756013040.0,贵州茅台,600519.SH
2016-05-31,sh.600519,264.47,5394965,1418668240.0,贵州茅台,600519.SH
2016-06-01,sh.600519,263.79,2187669,578184016.0,贵州茅台,600519.SH
2016-06-02,sh.600519,267.74,2476076,660335568.0,贵州茅台,600519.SH
2016-06-03,sh.600519,283.89,6479813,1806172752.0,贵州茅台,600519.SH
2016-06-06,sh.600519,276.05,3726166,1034692864.0,贵州茅台,600519.SH
2016-06-07,sh.600519,277.85,1875353,518246016.0,贵州茅台,600519.SH
2016-06-08,sh.600519,274.28,2388209,656530784.0,贵州茅台,600519.SH
2016-06-13,sh.600519,267.06,3777506,1030012784.0,贵州茅台,600519.SH
2016-06-14,sh.600519,272.75,2558729,696446752.0,贵州茅台,600519.SH
2016-06-15,sh.600519,276.49,2732201,752172240.0,贵州茅台,600519.SH
2016-06-16,sh.600519,274.02,1964357,540824576.0,贵州茅台,600519.SH
2016-06-17,sh.600519,278.26,2470518,689165056.0,贵州茅台,600519.SH
2016-06-20,sh.600519,276.11,1901926,523759584.0,贵州茅台,600519.SH
2016-06-21,sh.600519,273.81,1674933,460067360.0,贵州茅台,600519.SH
2016-06-22,sh.600519,278.44,2088448,577353680.0,贵州茅台,600519.SH
2016-06-23,sh.600519,276.44,1398451,386801280.0,贵州茅台,600519.SH
2016-06-24,sh.600519,273.77,2012951,550877440.0,贵州茅台,600519.SH
2016-06-27,sh.600519,287.68,6364269,1823624048.0,贵州茅台,600519.SH
2016-06-28,sh.600519,288.21,2428223,699351504.0,贵州茅台,600519.SH
2016-06-29,sh.600519,288.18,2814760,805690464.0,贵州茅台,600519.SH
2016-06-30,sh.600519,291.92,3802240,1116195904.0,贵州茅台,600519.SH
2016-07-01,sh.600519,286.17,2601495,746622848.0,贵州茅台,600519.SH
2016-07-04,sh.600519,293.9,2948864,859625104.0,贵州茅台,600519.SH
2016-07-05,sh.600519,300.58,4170773,1252985744.0,贵州茅台,600519.SH
2016-07-06,sh.600519,317.19,4734770,1463885920.0,贵州茅台,600519.SH
2016-07-07,sh.600519,316.91,5072520,1619384208.0,贵州茅台,600519.SH
2016-07-08,sh.600519,309.91,4554563,1412963904.0,贵州茅台,600519.SH
2016-07-11,sh.600519,315.14,5748167,1825388224.0,贵州茅台,600519.SH
2016-07-12,sh.600519,324.73,5311945,1712151168.0,贵州茅台,600519.SH
2016-07-13,sh.600519,317.19,5344828,1697002624.0,贵州茅台,600519.SH
2016-07-14,sh.600519,317.09,2923085,928017840.0,贵州茅台,600519.SH
2016-07-15,sh.600519,317.52,2681101,848676192.0,贵州茅台,600519.SH
2016-07-18,sh.600519,316.21,2335289,741065232.0,贵州茅台,600519.SH
2016-07-19,sh.600519,308.11,4143166,1282256496.0,贵州茅台,600519.SH
2016-07-20,sh.600519,308.56,1773384,548187888.0,贵州茅台,600519.SH
2016-07-21,sh.600519,314.38,3300949,1041004816.0,贵州茅台,600519.SH
2016-07-22,sh.600519,307.92,2887145,893047920.0,贵州茅台,600519.SH
2016-07-25,sh.600519,311.26,2362353,736751808.0,贵州茅台,600519.SH
2016-07-26,sh.600519,319.04,3555567,1121135552.0,贵州茅台,600519.SH
2016-07-27,sh.600519,314.01,3922806,1235833184.0,贵州茅台,600519.SH
2016-07-28,sh.600519,316.05,3964399,1254912048.0,贵州茅台,600519.SH
2016-07-29,sh.600519,313.15,2900737,913987184.0,贵州茅台,600519.SH
2016-08-01,sh.600519,306.96,3170185,980681840.0,贵州茅台,600519.SH
2016-08-02,sh.600519,306.21,2654142,812078464.0,贵州茅台,600519.SH
2016-08-03,sh.600519,306.82,2403907,735080448.0,贵州茅台,600519.SH
2016-08-04,sh.600519,306.3,2179364,666165440.0,贵州茅台,600519.SH
2016-08-05,sh.600519,305.93,2030848,622324416.0,贵州茅台,600519.SH
2016-08-08,sh.600519,308.1,2200740,672724160.0,贵州茅台,600519.SH
2016-08-09,sh.600519,315.75,3928967,1230571984.0,贵州茅台,600519.SH
2016-08-10,sh.600519,313.81,2094471,659451040.0,贵州茅台,600519.SH
2016-08-11,sh.600519,316.77,3193972,1016399248.0,贵州茅台,600519.SH
2016-08-12,sh.600519,316.97,2335283,737487488.0,贵州茅台,600519.SH
2016-08-15,sh.600519,318.78,3411013,1084418384.0,贵州茅台,600519.SH
2016-08-16,sh.600519,309.52,8837869,2755749504.0,贵州茅台,600519.SH
2016-08-17,sh.600519,308.16,4375406,1347397792.0,贵州茅台,600519.SH
2016-08-18,sh.600519,306.43,3100599,951674784.0,贵州茅台,600519.SH
2016-08-19,sh.600519,306.48,1914091,585467696.0,贵州茅台,600519.SH
2016-08-22,sh.600519,307.32,2081270,640455200.0,贵州茅台,600519.SH
2016-08-23,sh.600519,306.88,1991426,612752800.0,贵州茅台,600519.SH
2016-08-24,sh.600519,305.28,2277942,695005296.0,贵州茅台,600519.SH
2016-08-25,sh.600519,303.01,2536258,766099104.0,贵州茅台,600519.SH
2016-08-26,sh.600519,301.45,2143645,648346752.0,贵州茅台,600519.SH
2016-08-29,sh.600519,307.53,3805557,1169052448.0,贵州茅台,600519.SH
2016-08-30,sh.600519,305.86,2117052,649198656.0,贵州茅台,600519.SH
2016-08-31,sh.600519,310.19,4040144,1250762224.0,贵州茅台,600519.SH
2016-09-01,sh.600519,308.71,1718597,532785264.0,贵州茅台,600519.SH
2016-09-02,sh.600519,305.78,1857224,570909568.0,贵州茅台,600519.SH
2016-09-05,sh.600519,308.5,1913870,589626256.0,贵州茅台,600519.SH
2016-09-06,sh.600519,309.94,2062583,638681584.0,贵州茅台,600519.SH
2016-09-07,sh.600519,306.6,2964515,908976240.0,贵州茅台,600519.SH
2016-09-08,sh.600519,305.82,1670578,509979664.0,贵州茅台,600519.SH
2016-09-09,sh.600519,304.63,1622251,494663728.0,贵州茅台,600519.SH
2016-09-12,sh.600519,298.06,3823881,1148690128.0,贵州茅台,600519.SH
2016-09-13,sh.600519,300.43,1625588,488095088.0,贵州茅台,600519.SH
2016-09-14,sh.600519,299.57,1852765,556106064.0,贵州茅台,600519.SH
2016-09-19,sh.600519,300.13,1285210,385804384.0,贵州茅台,600519.SH
2016-09-20,sh.600519,294.96,3489260,1031649952.0,贵州茅台,600519.SH
2016-09-21,sh.600519,294.05,3903723,1139374176.0,贵州茅台,600519.SH
2016-09-22,sh.600519,296.98,2960617,879666032.0,贵州茅台,600519.SH
2016-09-23,sh.600519,297.68,1267190,376554080.0,贵州茅台,600519.SH
2016-09-26,sh.600519,288.73,3717608,1080278320.0,贵州茅台,600519.SH
2016-09-27,sh.600519,291.17,1791582,520513712.0,贵州茅台,600519.SH
2016-09-28,sh.600519,288.41,2236001,648736320.0,贵州茅台,600519.SH
2016-09-29,sh.600519,290.98,2370569,688873472.0,贵州茅台,600519.SH
2016-09-30,sh.600519,297.91,2960350,880477808.0,贵州茅台,600519.SH
2016-10-10,sh.600519,302.96,2110362,637178864.0,贵州茅台,600519.SH
2016-10-11,sh.600519,308.92,4173675,1279755344.0,贵州茅台,600519.SH
2016-10-12,sh.600519,305.82,1928602,590793824.0,贵州茅台,600519.SH
2016-10-13,sh.600519,303.89,1614398,491591616.0,贵州茅台,600519.SH
2016-10-14,sh.600519,305.6,1269092,386317904.0,贵州茅台,600519.SH
2016-10-17,sh.600519,302.45,1895703,574503344.0,贵州茅台,600519.SH
2016-10-18,sh.600519,307.16,3038931,932443504.0,贵州茅台,600519.SH
2016-10-19,sh.600519,306.45,1412328,433658688.0,贵州茅台,600519.SH
2016-10-20,sh.600519,305.48,1407992,429896208.0,贵州茅台,600519.SH
2016-10-21,sh.600519,304.19,1148332,349209696.0,贵州茅台,600519.SH
2016-10-24,sh.600519,306.93,2624652,802002336.0,贵州茅台,600519.SH
2016-10-25,sh.600519,312.94,4376239,1363211040.0,贵州茅台,600519.SH
2016-10-26,sh.600519,313.68,4681307,1475976848.0,贵州茅台,600519.SH
2016-10-27,sh.600519,316.87,3295162,1039017328.0,贵州茅台,600519.SH
2016-10-28,sh.600519,317.05,2013733,637478016.0,贵州茅台,600519.SH
2016-10-31,sh.600519,317.95,4359610,1394967920.0,贵州茅台,600519.SH
2016-11-01,sh.600519,316.68,1951239,617880128.0,贵州茅台,600519.SH
2016-11-02,sh.600519,315.18,2063642,650629056.0,贵州茅台,600519.SH
2016-11-03,sh.600519,315.86,1869081,589861360.0,贵州茅台,600519.SH
2016-11-04,sh.600519,314.82,2061927,650490000.0,贵州茅台,600519.SH
2016-11-07,sh.600519,315.33,1604780,505304912.0,贵州茅台,600519.SH
2016-11-08,sh.600519,320.0,3419383,1093003616.0,贵州茅台,600519.SH
2016-11-09,sh.600519,316.81,3000449,951077200.0,贵州茅台,600519.SH
2016-11-10,sh.600519,319.13,1780496,568571584.0,贵州茅台,600519.SH
2016-11-11,sh.600519,315.08,3590265,1133744320.0,贵州茅台,600519.SH
2016-11-14,sh.600519,310.99,3992049,1246340880.0,贵州茅台,600519.SH
2016-11-15,sh.600519,314.01,2447055,766112496.0,贵州茅台,600519.SH
2016-11-16,sh.600519,313.15,1339981,419672480.0,贵州茅台,600519.SH
2016-11-17,sh.600519,311.04,1833776,570642080.0,贵州茅台,600519.SH
2016-11-18,sh.600519,310.0,1937769,601883504.0,贵州茅台,600519.SH
2016-11-21,sh.600519,309.5,2608384,807014528.0,贵州茅台,600519.SH
2016-11-22,sh.600519,308.87,2642427,816561744.0,贵州茅台,600519.SH
2016-11-23,sh.600519,312.95,3401504,1058266304.0,贵州茅台,600519.SH
2016-11-24,sh.600519,316.93,3907870,1227937712.0,贵州茅台,600519.SH
2016-11-25,sh.600519,316.89,2236967,706042464.0,贵州茅台,600519.SH
2016-11-28,sh.600519,319.5,4925301,1568882896.0,贵州茅台,600519.SH
2016-11-29,sh.600519,323.96,5883062,1911874432.0,贵州茅台,600519.SH
2016-11-30,sh.600519,319.08,2675237,855564592.0,贵州茅台,600519.SH
2016-12-01,sh.600519,321.02,2794182,896065024.0,贵州茅台,600519.SH
2016-12-02,sh.600519,321.77,3062833,984836864.0,贵州茅台,600519.SH
2016-12-05,sh.600519,315.93,4206081,1342647360.0,贵州茅台,600519.SH
2016-12-06,sh.600519,326.42,3892309,1251764480.0,贵州茅台,600519.SH
2016-12-07,sh.600519,327.45,2527174,825849248.0,贵州茅台,600519.SH
2016-12-08,sh.600519,337.71,5447578,1825332448.0,贵州茅台,600519.SH
2016-12-09,sh.600519,337.76,3449559,1162079792.0,贵州茅台,600519.SH
2016-12-12,sh.600519,326.86,5033244,1667557008.0,贵州茅台,600519.SH
2016-12-13,sh.600519,333.01,4178000,1384533792.0,贵州茅台,600519.SH
2016-12-14,sh.600519,332.27,3202902,1062697136.0,贵州茅台,600519.SH
2016-12-15,sh.600519,328.05,3920275,1285279904.0,贵州茅台,600519.SH
2016-12-16,sh.600519,327.58,2505126,818412416.0,贵州茅台,600519.SH
2016-12-19,sh.600519,325.96,3047187,1002365472.0,贵州茅台,600519.SH
2016-12-20,sh.600519,326.48,3083159,1001345152.0,贵州茅台,600519.SH
2016-12-21,sh.600519,328.66,2471124,807548096.0,贵州茅台,600519.SH
2016-12-22,sh.600519,325.2,1467813,478750704.0,贵州茅台,600519.SH
2016-12-23,sh.600519,320.03,3109555,1001068080.0,贵州茅台,600519.SH
2016-12-26,sh.600519,324.48,2600143,835811088.0,贵州茅台,600519.SH
2016-12-27,sh.600519,326.16,2006229,655887936.0,贵州茅台,600519.SH
2016-12-28,sh.600519,323.72,1787811,581648976.0,贵州茅台,600519.SH
2016-12-29,sh.600519,327.31,2122512,690986080.0,贵州茅台,600519.SH
2016-12-30,sh.600519,334.15,3468767,1152982240.0,贵州茅台,600519.SH
2017-01-03,sh.600519,334.56,2076389,695005296.0,贵州茅台,600519.SH
2017-01-04,sh.600519,351.91,6525738,2245051872.0,贵州茅台,600519.SH
2017-01-05,sh.600519,346.74,4170448,1449077680.0,贵州茅台,600519.SH
2017-01-06,sh.600519,350.76,6809562,2402546304.0,贵州茅台,600519.SH
2017-01-09,sh.600519,348.51,3540500,1233977968.0,贵州茅台,600519.SH
2017-01-10,sh.600519,349.0,3172764,1108100800.0,贵州茅台,600519.SH
2017-01-11,sh.600519,345.45,2359851,814074640.0,贵州茅台,600519.SH
2017-01-12,sh.600519,347.05,1777940,614822048.0,贵州茅台,600519.SH
2017-01-13,sh.600519,344.87,1828248,631734944.0,贵州茅台,600519.SH
2017-01-16,sh.600519,341.47,3685545,1259384864.0,贵州茅台,600519.SH
2017-01-17,sh.600519,349.13,3518838,1223967888.0,贵州茅台,600519.SH
2017-01-18,sh.600519,355.08,4600570,1622110976.0,贵州茅台,600519.SH
2017-01-19,sh.600519,354.72,2852392,1011320064.0,贵州茅台,600519.SH
2017-01-20,sh.600519,354.99,2134417,758416000.0,贵州茅台,600519.SH
2017-01-23,sh.600519,351.22,3258118,1151869296.0,贵州茅台,600519.SH
2017-01-24,sh.600519,350.31,2691458,939129472.0,贵州茅台,600519.SH
2017-01-25,sh.600519,347.63,2299036,799259968.0,贵州茅台,600519.SH
2017-01-26,sh.600519,344.42,3782617,1303262144.0,贵州茅台,600519.SH
2017-02-03,sh.600519,346.85,2093643,727140784.0,贵州茅台,600519.SH
2017-02-06,sh.600519,346.85,1568079,543401904.0,贵州茅台,600519.SH
2017-02-07,sh.600519,343.58,2051983,707114112.0,贵州茅台,600519.SH
2017-02-08,sh.600519,344.21,1908854,656786320.0,贵州茅台,600519.SH
2017-02-09,sh.600519,347.61,2332438,808958176.0,贵州茅台,600519.SH
2017-02-10,sh.600519,345.08,2405659,835679328.0,贵州茅台,600519.SH
2017-02-13,sh.600519,349.75,5358790,1869148352.0,贵州茅台,600519.SH
2017-02-14,sh.600519,350.21,2655868,931733728.0,贵州茅台,600519.SH
2017-02-15,sh.600519,348.53,2625696,917475856.0,贵州茅台,600519.SH
2017-02-16,sh.600519,348.09,1764230,612607280.0,贵州茅台,600519.SH
2017-02-17,sh.600519,350.56,2910234,1022647968.0,贵州茅台,600519.SH
2017-02-20,sh.600519,361.29,6185340,2215563600.0,贵州茅台,600519.SH
2017-02-21,sh.600519,358.74,2770577,994112864.0,贵州茅台,600519.SH
2017-02-22,sh.600519,361.89,3713031,1347469104.0,贵州茅台,600519.SH
2017-02-23,sh.600519,361.7,2332806,844123200.0,贵州茅台,600519.SH
2017-02-24,sh.600519,362.62,1769278,639123200.0,贵州茅台,600519.SH
2017-02-27,sh.600519,357.2,2540046,912927184.0,贵州茅台,600519.SH
2017-02-28,sh.600519,354.66,2747351,975788672.0,贵州茅台,600519.SH
2017-03-01,sh.600519,356.61,2194420,782349008.0,贵州茅台,600519.SH
2017-03-02,sh.600519,356.82,2210362,785560416.0,贵州茅台,600519.SH
2017-03-03,sh.600519,356.54,1415355,505108560.0,贵州茅台,600519.SH
2017-03-06,sh.600519,358.96,2281884,818625872.0,贵州茅台,600519.SH
2017-03-07,sh.600519,367.2,4628698,1694198544.0,贵州茅台,600519.SH
2017-03-08,sh.600519,367.28,1603770,588667680.0,贵州茅台,600519.SH
2017-03-09,sh.600519,369.9,2340606,860084032.0,贵州茅台,600519.SH
2017-03-10,sh.600519,369.85,4095105,1524343088.0,贵州茅台,600519.SH
2017-03-13,sh.600519,371.55,2767432,1027592800.0,贵州茅台,600519.SH
2017-03-14,sh.600519,369.5,2041649,756359632.0,贵州茅台,600519.SH
2017-03-15,sh.600519,374.68,2515526,935994832.0,贵州茅台,600519.SH
2017-03-16,sh.600519,374.77,2502260,938231440.0,贵州茅台,600519.SH
2017-03-17,sh.600519,378.48,3470026,1315336848.0,贵州茅台,600519.SH
2017-03-20,sh.600519,386.41,3154594,1209603920.0,贵州茅台,600519.SH
2017-03-21,sh.600519,394.01,4846096,1901883744.0,贵州茅台,600519.SH
2017-03-22,sh.600519,394.48,4553271,1775217760.0,贵州茅台,600519.SH
2017-03-23,sh.600519,389.79,3450481,1345058752.0,贵州茅台,600519.SH
2017-03-24,sh.600519,386.82,3328772,1292313392.0,贵州茅台,600519.SH
2017-03-27,sh.600519,378.82,5369028,2054742976.0,贵州茅台,600519.SH
2017-03-28,sh.600519,380.26,4118717,1558258560.0,贵州茅台,600519.SH
2017-03-29,sh.600519,383.65,3729967,1429610960.0,贵州茅台,600519.SH
2017-03-30,sh.600519,386.14,3161299,1216016528.0,贵州茅台,600519.SH
2017-03-31,sh.600519,386.36,2447422,945503280.0,贵州茅台,600519.SH
2017-04-05,sh.600519,389.66,4078998,1594997312.0,贵州茅台,600519.SH
2017-04-06,sh.600519,391.91,2885720,1125204240.0,贵州茅台,600519.SH
2017-04-07,sh.600519,392.87,2409723,945589200.0,贵州茅台,600519.SH
2017-04-10,sh.600519,389.2,2886948,1126296272.0,贵州茅台,600519.SH
2017-04-11,sh.600519,385.29,4353072,1679537552.0,贵州茅台,600519.SH
2017-04-12,sh.600519,390.23,2700291,1049245584.0,贵州茅台,600519.SH
2017-04-13,sh.600519,398.39,4564835,1805008864.0,贵州茅台,600519.SH
2017-04-14,sh.600519,395.45,2364656,938378992.0,贵州茅台,600519.SH
2017-04-17,sh.600519,395.79,2879371,1136763712.0,贵州茅台,600519.SH
2017-04-18,sh.600519,404.65,4958100,1987661264.0,贵州茅台,600519.SH
2017-04-19,sh.600519,405.74,3755011,1521983648.0,贵州茅台,600519.SH
2017-04-20,sh.600519,415.31,5045768,2091241456.0,贵州茅台,600519.SH
2017-04-21,sh.600519,400.53,4933292,2015062640.0,贵州茅台,600519.SH
2017-04-24,sh.600519,398.55,5003797,1986424992.0,贵州茅台,600519.SH
2017-04-25,sh.600519,418.89,7619271,3143136336.0,贵州茅台,600519.SH
2017-04-26,sh.600519,417.96,5662412,2384125120.0,贵州茅台,600519.SH
2017-04-27,sh.600519,421.44,2824071,1180494896.0,贵州茅台,600519.SH
2017-04-28,sh.600519,413.48,4950587,2052093808.0,贵州茅台,600519.SH
2017-05-02,sh.600519,412.08,2329168,960137248.0,贵州茅台,600519.SH
2017-05-03,sh.600519,417.61,2026791,842560352.0,贵州茅台,600519.SH
2017-05-04,sh.600519,416.0,2670915,1111200112.0,贵州茅台,600519.SH
2017-05-05,sh.600519,416.19,3743711,1566063424.0,贵州茅台,600519.SH
2017-05-08,sh.600519,405.48,4072165,1671035536.0,贵州茅台,600519.SH
2017-05-09,sh.600519,408.76,5280192,2126236512.0,贵州茅台,600519.SH
2017-05-10,sh.600519,410.09,2603938,1070652720.0,贵州茅台,600519.SH
2017-05-11,sh.600519,412.16,3046764,1254053008.0,贵州茅台,600519.SH
2017-05-12,sh.600519,413.47,2233742,921621376.0,贵州茅台,600519.SH
2017-05-15,sh.600519,419.55,3344735,1398908208.0,贵州茅台,600519.SH
2017-05-16,sh.600519,430.12,5016490,2145037952.0,贵州茅台,600519.SH
2017-05-17,sh.600519,426.6,2751521,1174696176.0,贵州茅台,600519.SH
2017-05-18,sh.600519,429.54,2430080,1040535488.0,贵州茅台,600519.SH
2017-05-19,sh.600519,440.82,3831083,1672948416.0,贵州茅台,600519.SH
2017-05-22,sh.600519,441.78,3532149,1560087952.0,贵州茅台,600519.SH
2017-05-23,sh.600519,454.2,4845439,2178738032.0,贵州茅台,600519.SH
2017-05-24,sh.600519,450.32,4022618,1812513088.0,贵州茅台,600519.SH
2017-05-25,sh.600519,450.6,2889842,1299628592.0,贵州茅台,600519.SH
2017-05-26,sh.600519,451.92,2738664,1237323136.0,贵州茅台,600519.SH
2017-05-31,sh.600519,442.94,4431225,1968887168.0,贵州茅台,600519.SH
2017-06-01,sh.600519,449.28,4060478,1808305712.0,贵州茅台,600519.SH
2017-06-02,sh.600519,447.31,2178526,974893312.0,贵州茅台,600519.SH
2017-06-05,sh.600519,444.41,1924120,854876928.0,贵州茅台,600519.SH
2017-06-06,sh.600519,448.82,2040244,912438704.0,贵州茅台,600519.SH
2017-06-07,sh.600519,459.37,3883430,1774212480.0,贵州茅台,600519.SH
2017-06-08,sh.600519,464.31,2895111,1338443408.0,贵州茅台,600519.SH
2017-06-09,sh.600519,465.74,3143076,1467836832.0,贵州茅台,600519.SH
2017-06-12,sh.600519,472.88,3510916,1654502000.0,贵州茅台,600519.SH
2017-06-13,sh.600519,473.04,2423798,1141536368.0,贵州茅台,600519.SH
2017-06-14,sh.600519,474.39,3376863,1600846624.0,贵州茅台,600519.SH
2017-06-15,sh.600519,464.3,5020280,2347172384.0,贵州茅台,600519.SH
2017-06-16,sh.600519,462.63,3333180,1544955952.0,贵州茅台,600519.SH
2017-06-19,sh.600519,470.17,3853668,1803585248.0,贵州茅台,600519.SH
2017-06-20,sh.600519,466.3,3450539,1614858144.0,贵州茅台,600519.SH
2017-06-21,sh.600519,472.71,4203854,1974672848.0,贵州茅台,600519.SH
2017-06-22,sh.600519,472.75,3824234,1815684368.0,贵州茅台,600519.SH
2017-06-23,sh.600519,472.73,3130362,1473803776.0,贵州茅台,600519.SH
2017-06-26,sh.600519,484.68,5293257,2536430496.0,贵州茅台,600519.SH
2017-06-27,sh.600519,484.1,2798078,1350476768.0,贵州茅台,600519.SH
2017-06-28,sh.600519,475.3,3772874,1799676816.0,贵州茅台,600519.SH
2017-06-29,sh.600519,473.01,3509272,1657994400.0,贵州茅台,600519.SH
2017-06-30,sh.600519,471.85,2242717,1056424784.0,贵州茅台,600519.SH
2017-07-03,sh.600519,460.37,4962853,2298656464.0,贵州茅台,600519.SH
2017-07-04,sh.600519,451.92,5648895,2563886384.0,贵州茅台,600519.SH
2017-07-05,sh.600519,460.13,3754032,1718844528.0,贵州茅台,600519.SH
2017-07-06,sh.600519,455.98,4204439,1913037504.0,贵州茅台,600519.SH
2017-07-07,sh.600519,445.97,3779647,1681450720.0,贵州茅台,600519.SH
2017-07-10,sh.600519,454.47,3662409,1648443664.0,贵州茅台,600519.SH
2017-07-11,sh.600519,463.13,4460182,2054854496.0,贵州茅台,600519.SH
2017-07-12,sh.600519,457.47,2895072,1330327920.0,贵州茅台,600519.SH
2017-07-13,sh.600519,456.16,2595135,1183440448.0,贵州茅台,600519.SH
2017-07-14,sh.600519,456.41,1772657,806510272.0,贵州茅台,600519.SH
2017-07-17,sh.600519,450.07,3526368,1595292992.0,贵州茅台,600519.SH
2017-07-18,sh.600519,452.55,3068449,1384468256.0,贵州茅台,600519.SH
2017-07-19,sh.600519,456.86,5625994,2574934656.0,贵州茅台,600519.SH
2017-07-20,sh.600519,466.47,4663487,2160731536.0,贵州茅台,600519.SH
2017-07-21,sh.600519,473.2,4679241,2207195744.0,贵州茅台,600519.SH
2017-07-24,sh.600519,477.8,4271643,2052709808.0,贵州茅台,600519.SH
2017-07-25,sh.600519,477.96,2192999,1051446096.0,贵州茅台,600519.SH
2017-07-26,sh.600519,471.63,3147018,1487729152.0,贵州茅台,600519.SH
2017-07-27,sh.600519,473.87,1959503,928077232.0,贵州茅台,600519.SH
2017-07-28,sh.600519,483.92,4661877,2235811536.0,贵州茅台,600519.SH
2017-07-31,sh.600519,481.22,3841218,1861154800.0,贵州茅台,600519.SH
2017-08-01,sh.600519,480.24,2750154,1318453664.0,贵州茅台,600519.SH
2017-08-02,sh.600519,482.84,2677422,1289564016.0,贵州茅台,600519.SH
2017-08-03,sh.600519,477.22,3176839,1522998144.0,贵州茅台,600519.SH
2017-08-04,sh.600519,473.64,1868114,887074160.0,贵州茅台,600519.SH
2017-08-07,sh.600519,481.56,2309937,1104715344.0,贵州茅台,600519.SH
2017-08-08,sh.600519,482.58,1605158,773408192.0,贵州茅台,600519.SH
2017-08-09,sh.600519,490.85,4179447,2045888048.0,贵州茅台,600519.SH
2017-08-10,sh.600519,491.63,3536438,1747693648.0,贵州茅台,600519.SH
2017-08-11,sh.600519,484.06,3657257,1785149168.0,贵州茅台,600519.SH
2017-08-14,sh.600519,499.83,3933147,1952353920.0,贵州茅台,600519.SH
2017-08-15,sh.600519,495.97,2716322,1350104672.0,贵州茅台,600519.SH
2017-08-16,sh.600519,496.49,1858722,921412992.0,贵州茅台,600519.SH
2017-08-17,sh.600519,492.69,2584673,1272341264.0,贵州茅台,600519.SH
2017-08-18,sh.600519,489.65,2385775,1169732672.0,贵州茅台,600519.SH
2017-08-21,sh.600519,489.73,2354662,1153168720.0,贵州茅台,600519.SH
2017-08-22,sh.600519,487.22,4245703,2051271360.0,贵州茅台,600519.SH
2017-08-23,sh.600519,494.01,2721499,1337347648.0,贵州茅台,600519.SH
2017-08-24,sh.600519,492.81,1815678,896861680.0,贵州茅台,600519.SH
2017-08-25,sh.600519,492.99,1729788,850598720.0,贵州茅台,600519.SH
2017-08-28,sh.600519,492.04,2902107,1432545552.0,贵州茅台,600519.SH
2017-08-29,sh.600519,489.44,2517662,1234431712.0,贵州茅台,600519.SH
2017-08-30,sh.600519,492.97,1850364,910133936.0,贵州茅台,600519.SH
2017-08-31,sh.600519,491.15,1873686,921659712.0,贵州茅台,600519.SH
2017-09-01,sh.600519,495.18,3145100,1554634576.0,贵州茅台,600519.SH
2017-09-04,sh.600519,492.42,1893162,932954816.0,贵州茅台,600519.SH
2017-09-05,sh.600519,489.99,2262215,1112006400.0,贵州茅台,600519.SH
2017-09-06,sh.600519,484.98,3300650,1608066096.0,贵州茅台,600519.SH
2017-09-07,sh.600519,481.27,3332016,1605408576.0,贵州茅台,600519.SH
2017-09-08,sh.600519,474.37,4117327,1962989424.0,贵州茅台,600519.SH
2017-09-11,sh.600519,478.32,4537440,2161657248.0,贵州茅台,600519.SH
2017-09-12,sh.600519,484.91,3434163,1661294228.0,贵州茅台,600519.SH
2017-09-13,sh.600519,491.63,3307570,1618956527.0,贵州茅台,600519.SH
2017-09-14,sh.600519,490.71,1939949,953145166.0,贵州茅台,600519.SH
2017-09-15,sh.600519,489.84,1603946,786562205.0,贵州茅台,600519.SH
2017-09-18,sh.600519,498.97,4220681,2101680376.0,贵州茅台,600519.SH
2017-09-19,sh.600519,496.95,2305481,1151152851.0,贵州茅台,600519.SH
2017-09-20,sh.600519,496.2,1731816,862024944.0,贵州茅台,600519.SH
2017-09-21,sh.600519,498.77,1940268,963615276.0,贵州茅台,600519.SH
2017-09-22,sh.600519,499.93,1634353,815718865.0,贵州茅台,600519.SH
2017-09-25,sh.600519,507.24,3269756,1649582919.0,贵州茅台,600519.SH
2017-09-26,sh.600519,509.29,2547049,1292872632.0,贵州茅台,600519.SH
2017-09-27,sh.600519,508.21,1667111,847627355.0,贵州茅台,600519.SH
2017-09-28,sh.600519,518.46,2596985,1340236075.0,贵州茅台,600519.SH
2017-09-29,sh.600519,517.64,2243622,1166403112.0,贵州茅台,600519.SH
2017-10-09,sh.600519,527.77,3489129,1844481600.0,贵州茅台,600519.SH
2017-10-10,sh.600519,540.06,3100644,1662690453.0,贵州茅台,600519.SH
2017-10-11,sh.600519,545.54,3340643,1824898708.0,贵州茅台,600519.SH
2017-10-12,sh.600519,544.09,1964622,1067464518.0,贵州茅台,600519.SH
2017-10-13,sh.600519,556.15,2785842,1534212916.0,贵州茅台,600519.SH
2017-10-16,sh.600519,560.69,2990901,1676809992.0,贵州茅台,600519.SH
2017-10-17,sh.600519,556.73,2097712,1168943280.0,贵州茅台,600519.SH
2017-10-18,sh.600519,560.72,1917865,1072237528.0,贵州茅台,600519.SH
2017-10-19,sh.600519,582.6,4065882,2338901855.0,贵州茅台,600519.SH
2017-10-20,sh.600519,574.33,3153433,1812957242.0,贵州茅台,600519.SH
2017-10-23,sh.600519,573.41,2377182,1362900409.0,贵州茅台,600519.SH
2017-10-24,sh.600519,567.33,3127428,1775645971.0,贵州茅台,600519.SH
2017-10-25,sh.600519,565.67,2507600,1418395221.0,贵州茅台,600519.SH
2017-10-26,sh.600519,605.09,11543497,6957625411.0,贵州茅台,600519.SH
2017-10-27,sh.600519,649.63,8438379,5284485766.0,贵州茅台,600519.SH
2017-10-30,sh.600519,622.08,8100786,5099041747.0,贵州茅台,600519.SH
2017-10-31,sh.600519,618.03,5187568,3206280600.0,贵州茅台,600519.SH
2017-11-01,sh.600519,623.01,4343525,2712016939.0,贵州茅台,600519.SH
2017-11-02,sh.600519,626.92,3424973,2144671943.0,贵州茅台,600519.SH
2017-11-03,sh.600519,639.17,4818897,3075651167.0,贵州茅台,600519.SH
2017-11-06,sh.600519,653.06,4851398,3153638704.0,贵州茅台,600519.SH
2017-11-07,sh.600519,642.07,5556485,3592238407.0,贵州茅台,600519.SH
2017-11-08,sh.600519,650.38,4395194,2855374070.0,贵州茅台,600519.SH
2017-11-09,sh.600519,650.07,3364113,2183815390.0,贵州茅台,600519.SH
2017-11-10,sh.600519,677.95,7407860,4967970730.0,贵州茅台,600519.SH
2017-11-13,sh.600519,687.88,4986984,3402794002.0,贵州茅台,600519.SH
2017-11-14,sh.600519,678.75,4636671,3159112664.0,贵州茅台,600519.SH
2017-11-15,sh.600519,688.08,4503633,3074244081.0,贵州茅台,600519.SH
2017-11-16,sh.600519,719.11,6071632,4299283186.0,贵州茅台,600519.SH
2017-11-17,sh.600519,690.25,12386124,8548747991.0,贵州茅台,600519.SH
2017-11-20,sh.600519,679.15,8830582,5954131851.0,贵州茅台,600519.SH
2017-11-21,sh.600519,677.25,9601651,6491134446.0,贵州茅台,600519.SH
2017-11-22,sh.600519,650.52,12849826,8528143403.0,贵州茅台,600519.SH
2017-11-23,sh.600519,633.73,10959913,6984097475.0,贵州茅台,600519.SH
2017-11-24,sh.600519,630.04,7654194,4835808966.0,贵州茅台,600519.SH
2017-11-27,sh.600519,621.29,6354846,3975262024.0,贵州茅台,600519.SH
2017-11-28,sh.600519,648.23,7029183,4491543613.0,贵州茅台,600519.SH
2017-11-29,sh.600519,638.12,4676372,3005733412.0,贵州茅台,600519.SH
2017-11-30,sh.600519,631.0,3801962,2419959854.0,贵州茅台,600519.SH
2017-12-01,sh.600519,622.35,4719274,2959772009.0,贵州茅台,600519.SH
2017-12-04,sh.600519,637.79,5426771,3436687377.0,贵州茅台,600519.SH
2017-12-05,sh.600519,632.96,4746576,3026076465.0,贵州茅台,600519.SH
2017-12-06,sh.600519,625.01,5817409,3657236582.0,贵州茅台,600519.SH
2017-12-07,sh.600519,616.69,5103262,3155212010.0,贵州茅台,600519.SH
2017-12-08,sh.600519,627.28,4550339,2842464437.0,贵州茅台,600519.SH
2017-12-11,sh.600519,650.99,7284917,4702239221.0,贵州茅台,600519.SH
2017-12-12,sh.600519,651.32,4788931,3138650306.0,贵州茅台,600519.SH
2017-12-13,sh.600519,668.21,4850248,3197982045.0,贵州茅台,600519.SH
2017-12-14,sh.600519,664.55,3196794,2126665894.0,贵州茅台,600519.SH
2017-12-15,sh.600519,653.79,3225595,2126579404.0,贵州茅台,600519.SH
2017-12-18,sh.600519,665.77,3916228,2599749872.0,贵州茅台,600519.SH
2017-12-19,sh.600519,667.09,4407221,2944470867.0,贵州茅台,600519.SH
2017-12-20,sh.600519,684.91,6360131,4321305755.0,贵州茅台,600519.SH
2017-12-21,sh.600519,681.74,4668038,3178595839.0,贵州茅台,600519.SH
2017-12-22,sh.600519,682.92,2831701,1930315469.0,贵州茅台,600519.SH
2017-12-25,sh.600519,688.12,3621428,2497653982.0,贵州茅台,600519.SH
2017-12-26,sh.600519,680.81,3186766,2174103282.0,贵州茅台,600519.SH
2017-12-27,sh.600519,664.18,3772205,2539720696.0,贵州茅台,600519.SH
2017-12-28,sh.600519,718.69,12414107,8656875718.0,贵州茅台,600519.SH
2017-12-29,sh.600519,697.49,7603887,5372514665.0,贵州茅台,600519.SH
2015-01-05,sz.000568,21.9,59304755,1261231264.0,泸州老窖,000568.SZ
2015-01-06,sz.000568,21.58,40116720,863250432.0,泸州老窖,000568.SZ
2015-01-07,sz.000568,21.59,30594583,666507184.0,泸州老窖,000568.SZ
2015-01-08,sz.000568,21.64,30290587,655702896.0,泸州老窖,000568.SZ
2015-01-09,sz.000568,21.42,33466599,731845216.0,泸州老窖,000568.SZ
2015-01-12,sz.000568,19.37,84723542,1652420704.0,泸州老窖,000568.SZ
2015-01-13,sz.000568,19.1,38861707,745822176.0,泸州老窖,000568.SZ
2015-01-14,sz.000568,19.24,20610186,397070624.0,泸州老窖,000568.SZ
2015-01-15,sz.000568,19.34,20932901,400332832.0,泸州老窖,000568.SZ
2015-01-16,sz.000568,19.45,24540024,476024816.0,泸州老窖,000568.SZ
2015-01-19,sz.000568,18.32,32386490,608128672.0,泸州老窖,000568.SZ
2015-01-20,sz.000568,18.66,19520169,363648368.0,泸州老窖,000568.SZ
2015-01-21,sz.000568,19.14,21665412,410543904.0,泸州老窖,000568.SZ
2015-01-22,sz.000568,19.26,20697482,397433072.0,泸州老窖,000568.SZ
2015-01-23,sz.000568,19.22,19027334,366942816.0,泸州老窖,000568.SZ
2015-01-26,sz.000568,19.53,19794359,384557392.0,泸州老窖,000568.SZ
2015-01-27,sz.000568,19.59,23841654,467251184.0,泸州老窖,000568.SZ
2015-01-28,sz.000568,19.25,17008643,329732064.0,泸州老窖,000568.SZ
2015-01-29,sz.000568,19.15,12421826,237384621.0,泸州老窖,000568.SZ
2015-01-30,sz.000568,19.12,14177179,273052400.0,泸州老窖,000568.SZ
2015-02-02,sz.000568,18.71,17112151,320954192.0,泸州老窖,000568.SZ
2015-02-03,sz.000568,18.94,13509985,254339220.0,泸州老窖,000568.SZ
2015-02-04,sz.000568,18.91,12431392,236509004.0,泸州老窖,000568.SZ
2015-02-05,sz.000568,18.8,19343499,368005360.0,泸州老窖,000568.SZ
2015-02-06,sz.000568,18.21,14811880,272999472.0,泸州老窖,000568.SZ
2015-02-09,sz.000568,18.53,10885099,201090912.0,泸州老窖,000568.SZ
2015-02-10,sz.000568,19.66,47127822,929346608.0,泸州老窖,000568.SZ
2015-02-11,sz.000568,19.86,22049036,435558096.0,泸州老窖,000568.SZ
2015-02-12,sz.000568,19.96,17013130,340689056.0,泸州老窖,000568.SZ
2015-02-13,sz.000568,20.53,34321054,707769648.0,泸州老窖,000568.SZ
2015-02-16,sz.000568,20.34,17287164,351682768.0,泸州老窖,000568.SZ
2015-02-17,sz.000568,20.06,15198135,307119008.0,泸州老窖,000568.SZ
2015-02-25,sz.000568,20.14,14807748,299477376.0,泸州老窖,000568.SZ
2015-02-26,sz.000568,20.39,13575976,276163856.0,泸州老窖,000568.SZ
2015-02-27,sz.000568,20.36,20380328,421517056.0,泸州老窖,000568.SZ
2015-03-02,sz.000568,20.22,18792381,378807712.0,泸州老窖,000568.SZ
2015-03-03,sz.000568,19.94,17675092,354237664.0,泸州老窖,000568.SZ
2015-03-04,sz.000568,20.37,19175254,388000416.0,泸州老窖,000568.SZ
2015-03-05,sz.000568,20.32,14924691,302895120.0,泸州老窖,000568.SZ
2015-03-06,sz.000568,20.65,20079543,414489328.0,泸州老窖,000568.SZ
2015-03-09,sz.000568,20.75,16387361,337217808.0,泸州老窖,000568.SZ
2015-03-10,sz.000568,20.95,22876313,480276960.0,泸州老窖,000568.SZ
2015-03-11,sz.000568,20.8,15350391,323118768.0,泸州老窖,000568.SZ
2015-03-12,sz.000568,21.0,14243006,298680384.0,泸州老窖,000568.SZ
2015-03-13,sz.000568,20.84,12569830,262116496.0,泸州老窖,000568.SZ
2015-03-16,sz.000568,21.61,27033403,577237344.0,泸州老窖,000568.SZ
2015-03-17,sz.000568,22.61,38092653,863873200.0,泸州老窖,000568.SZ
2015-03-18,sz.000568,23.01,32393872,747847472.0,泸州老窖,000568.SZ
2015-03-19,sz.000568,22.59,23269799,525716544.0,泸州老窖,000568.SZ
2015-03-20,sz.000568,22.99,24865504,567526368.0,泸州老窖,000568.SZ
2015-03-23,sz.000568,23.12,20603311,477098528.0,泸州老窖,000568.SZ
2015-03-24,sz.000568,23.49,32488985,752160864.0,泸州老窖,000568.SZ
2015-03-25,sz.000568,23.01,21077761,487078832.0,泸州老窖,000568.SZ
2015-03-26,sz.000568,24.51,39032350,932020768.0,泸州老窖,000568.SZ
2015-03-27,sz.000568,24.29,27217304,673060656.0,泸州老窖,000568.SZ
2015-03-30,sz.000568,25.3,26824050,671715072.0,泸州老窖,000568.SZ
2015-03-31,sz.000568,24.54,24914865,619257984.0,泸州老窖,000568.SZ
2015-04-01,sz.000568,24.55,19086174,466723664.0,泸州老窖,000568.SZ
2015-04-02,sz.000568,24.76,33109970,814321984.0,泸州老窖,000568.SZ
2015-04-03,sz.000568,24.61,20152617,494419952.0,泸州老窖,000568.SZ
2015-04-07,sz.000568,25.0,31479104,781093632.0,泸州老窖,000568.SZ
2015-04-08,sz.000568,24.82,33718376,850076080.0,泸州老窖,000568.SZ
2015-04-09,sz.000568,24.0,27674626,671091968.0,泸州老窖,000568.SZ
2015-04-10,sz.000568,24.4,29127776,704004880.0,泸州老窖,000568.SZ
2015-04-13,sz.000568,24.85,37837722,926418480.0,泸州老窖,000568.SZ
2015-04-14,sz.000568,25.43,43409397,1095494048.0,泸州老窖,000568.SZ
2015-04-15,sz.000568,24.53,30114077,754581408.0,泸州老窖,000568.SZ
2015-04-16,sz.000568,26.38,60741505,1577867248.0,泸州老窖,000568.SZ
2015-04-17,sz.000568,25.97,43768923,1144049488.0,泸州老窖,000568.SZ
2015-04-20,sz.000568,25.02,41000620,1045520752.0,泸州老窖,000568.SZ
2015-04-21,sz.000568,26.88,49735176,1304855408.0,泸州老窖,000568.SZ
2015-04-22,sz.000568,27.41,35079614,950722768.0,泸州老窖,000568.SZ
2015-04-23,sz.000568,26.81,49742587,1324719264.0,泸州老窖,000568.SZ
2015-04-24,sz.000568,26.03,31393338,824999792.0,泸州老窖,000568.SZ
2015-04-27,sz.000568,26.34,35023954,918740816.0,泸州老窖,000568.SZ
2015-04-28,sz.000568,25.25,30817389,790492384.0,泸州老窖,000568.SZ
2015-04-29,sz.000568,25.63,17674264,452953712.0,泸州老窖,000568.SZ
2015-04-30,sz.000568,25.7,17356370,445688224.0,泸州老窖,000568.SZ
2015-05-04,sz.000568,25.97,21299468,550960544.0,泸州老窖,000568.SZ
2015-05-05,sz.000568,24.25,28953292,721541008.0,泸州老窖,000568.SZ
2015-05-06,sz.000568,23.69,23588280,571825360.0,泸州老窖,000568.SZ
2015-05-07,sz.000568,23.4,20559503,485323696.0,泸州老窖,000568.SZ
2015-05-08,sz.000568,23.93,20185815,478353744.0,泸州老窖,000568.SZ
2015-05-11,sz.000568,24.49,26198385,631266800.0,泸州老窖,000568.SZ
2015-05-12,sz.000568,24.5,20800236,509148208.0,泸州老窖,000568.SZ
2015-05-13,sz.000568,24.32,23987334,587419056.0,泸州老窖,000568.SZ
2015-05-14,sz.000568,24.14,19358040,465172800.0,泸州老窖,000568.SZ
2015-05-15,sz.000568,23.76,22030187,527353040.0,泸州老窖,000568.SZ
2015-05-18,sz.000568,23.95,17699265,420519680.0,泸州老窖,000568.SZ
2015-05-19,sz.000568,24.43,29119336,706301104.0,泸州老窖,000568.SZ
2015-05-20,sz.000568,24.55,38885396,959974256.0,泸州老窖,000568.SZ
2015-05-21,sz.000568,25.46,41734222,1050983712.0,泸州老窖,000568.SZ
2015-05-22,sz.000568,26.29,57489704,1517402896.0,泸州老窖,000568.SZ
2015-05-25,sz.000568,26.6,43912671,1162863472.0,泸州老窖,000568.SZ
2015-05-26,sz.000568,27.2,51134273,1369661120.0,泸州老窖,000568.SZ
2015-05-27,sz.000568,26.81,39761114,1069332672.0,泸州老窖,000568.SZ
2015-05-28,sz.000568,25.37,52252136,1397006064.0,泸州老窖,000568.SZ
2015-05-29,sz.000568,25.21,32162097,811491248.0,泸州老窖,000568.SZ
2015-06-01,sz.000568,26.33,30358924,787192432.0,泸州老窖,000568.SZ
2015-06-02,sz.000568,26.8,36087450,955886896.0,泸州老窖,000568.SZ
2015-06-03,sz.000568,26.4,34439528,918210416.0,泸州老窖,000568.SZ
2015-06-04,sz.000568,26.95,42480091,1124440352.0,泸州老窖,000568.SZ
2015-06-05,sz.000568,28.11,64141339,1780641600.0,泸州老窖,000568.SZ
2015-06-08,sz.000568,29.1,62588300,1791221376.0,泸州老窖,000568.SZ
2015-06-09,sz.000568,28.28,61797055,1771430096.0,泸州老窖,000568.SZ
2015-06-10,sz.000568,28.82,65765570,1893413920.0,泸州老窖,000568.SZ
2015-06-11,sz.000568,28.61,33958113,970424112.0,泸州老窖,000568.SZ
2015-06-12,sz.000568,29.8,57660649,1721084336.0,泸州老窖,000568.SZ
2015-06-15,sz.000568,29.93,50838137,1542755840.0,泸州老窖,000568.SZ
2015-06-16,sz.000568,28.4,38594249,1117186688.0,泸州老窖,000568.SZ
2015-06-17,sz.000568,28.71,33154049,932037888.0,泸州老窖,000568.SZ
2015-06-18,sz.000568,27.89,36546543,1058285008.0,泸州老窖,000568.SZ
2015-06-19,sz.000568,26.25,31323242,854367568.0,泸州老窖,000568.SZ
2015-06-23,sz.000568,28.88,54216365,1510462224.0,泸州老窖,000568.SZ
2015-06-24,sz.000568,31.77,82085570,2538076224.0,泸州老窖,000568.SZ
2015-06-25,sz.000568,31.95,91782240,2982152160.0,泸州老窖,000568.SZ
2015-06-26,sz.000568,31.0,103524283,3256888640.0,泸州老窖,000568.SZ
2015-06-29,sz.000568,33.95,151028735,5012710656.0,泸州老窖,000568.SZ
2015-06-30,sz.000568,32.61,116340159,3703145920.0,泸州老窖,000568.SZ
2015-07-01,sz.000568,30.77,96492529,3119256416.0,泸州老窖,000568.SZ
2015-07-02,sz.000568,27.69,69058252,1967908480.0,泸州老窖,000568.SZ
2015-07-03,sz.000568,24.92,66536397,1687838704.0,泸州老窖,000568.SZ
2015-07-06,sz.000568,24.4,91013626,2244109232.0,泸州老窖,000568.SZ
2015-07-07,sz.000568,22.0,78729599,1759822896.0,泸州老窖,000568.SZ
2015-07-08,sz.000568,19.8,71780794,1434498192.0,泸州老窖,000568.SZ
2015-07-09,sz.000568,21.78,46418880,984222880.0,泸州老窖,000568.SZ
2015-07-10,sz.000568,23.96,65667938,1565322064.0,泸州老窖,000568.SZ
2015-07-13,sz.000568,26.36,85355961,2166643040.0,泸州老窖,000568.SZ
2015-07-14,sz.000568,25.21,64079043,1653388656.0,泸州老窖,000568.SZ
2015-07-15,sz.000568,24.2,56990363,1365202288.0,泸州老窖,000568.SZ
2015-07-16,sz.000568,24.77,38584076,946925824.0,泸州老窖,000568.SZ
2015-07-17,sz.000568,25.7,38973550,992509728.0,泸州老窖,000568.SZ
2015-07-20,sz.000568,24.91,45731090,1151871248.0,泸州老窖,000568.SZ
2015-07-21,sz.000568,25.18,29862296,745536320.0,泸州老窖,000568.SZ
2015-07-22,sz.000568,25.13,33871962,851749808.0,泸州老窖,000568.SZ
2015-07-23,sz.000568,25.61,40933569,1036490640.0,泸州老窖,000568.SZ
2015-07-24,sz.000568,25.42,49069222,1275797632.0,泸州老窖,000568.SZ
2015-07-27,sz.000568,22.88,50728115,1221163040.0,泸州老窖,000568.SZ
2015-07-28,sz.000568,23.36,51558890,1161803616.0,泸州老窖,000568.SZ
2015-07-29,sz.000568,24.14,26696978,624123328.0,泸州老窖,000568.SZ
2015-07-30,sz.000568,23.91,43038853,1061790592.0,泸州老窖,000568.SZ
2015-07-31,sz.000568,24.82,36383924,891903232.0,泸州老窖,000568.SZ
2015-08-03,sz.000568,25.07,35002776,864058992.0,泸州老窖,000568.SZ
2015-08-04,sz.000568,25.82,30334368,772030288.0,泸州老窖,000568.SZ
2015-08-05,sz.000568,25.2,21173769,537575840.0,泸州老窖,000568.SZ
2015-08-06,sz.000568,24.75,15819075,392495744.0,泸州老窖,000568.SZ
2015-08-07,sz.000568,25.17,16865087,424942832.0,泸州老窖,000568.SZ
2015-08-10,sz.000568,26.12,31741843,822889216.0,泸州老窖,000568.SZ
2015-08-11,sz.000568,26.81,34133365,913384928.0,泸州老窖,000568.SZ
2015-08-12,sz.000568,26.06,21967428,582476112.0,泸州老窖,000568.SZ
2015-08-13,sz.000568,26.31,19626813,509802256.0,泸州老窖,000568.SZ
2015-08-14,sz.000568,27.4,38498173,1056767584.0,泸州老窖,000568.SZ
2015-08-17,sz.000568,27.45,23495614,640104080.0,泸州老窖,000568.SZ
2015-08-18,sz.000568,25.12,31904729,841482656.0,泸州老窖,000568.SZ
2015-08-19,sz.000568,25.9,27931693,708059680.0,泸州老窖,000568.SZ
2015-08-20,sz.000568,25.39,17174358,438357168.0,泸州老窖,000568.SZ
2015-08-21,sz.000568,23.0,20123941,477063472.0,泸州老窖,000568.SZ
2015-08-24,sz.000568,20.7,23874085,503876304.0,泸州老窖,000568.SZ
2015-08-25,sz.000568,19.42,38037316,751198784.0,泸州老窖,000568.SZ
2015-08-26,sz.000568,19.66,28774953,572983728.0,泸州老窖,000568.SZ
2015-08-27,sz.000568,21.14,27054454,550117888.0,泸州老窖,000568.SZ
2015-08-28,sz.000568,22.0,30980698,660290416.0,泸州老窖,000568.SZ
2015-08-31,sz.000568,21.83,24195909,516781344.0,泸州老窖,000568.SZ
2015-09-01,sz.000568,21.4,26249129,552498240.0,泸州老窖,000568.SZ
2015-09-02,sz.000568,21.76,32504552,695536224.0,泸州老窖,000568.SZ
2015-09-07,sz.000568,20.8,19964734,432052432.0,泸州老窖,000568.SZ
2015-09-08,sz.000568,21.2,15818876,326055024.0,泸州老窖,000568.SZ
2015-09-09,sz.000568,21.82,19164426,414865152.0,泸州老窖,000568.SZ
2015-09-10,sz.000568,21.11,11498640,246893950.0,泸州老窖,000568.SZ
2015-09-11,sz.000568,21.11,9062016,191160123.0,泸州老窖,000568.SZ
2015-09-14,sz.000568,20.03,18260398,376927520.0,泸州老窖,000568.SZ
2015-09-15,sz.000568,19.82,13768216,277038992.0,泸州老窖,000568.SZ
2015-09-16,sz.000568,21.17,13074184,268809600.0,泸州老窖,000568.SZ
2015-09-17,sz.000568,20.45,12945806,270244992.0,泸州老窖,000568.SZ
2015-09-18,sz.000568,20.81,9577876,199278227.0,泸州老窖,000568.SZ
2015-09-21,sz.000568,21.33,10896621,230632115.0,泸州老窖,000568.SZ
2015-09-22,sz.000568,21.35,12662111,271152656.0,泸州老窖,000568.SZ
2015-09-23,sz.000568,20.81,7918835,165465155.0,泸州老窖,000568.SZ
2015-09-24,sz.000568,21.22,8111143,171124885.0,泸州老窖,000568.SZ
2015-09-25,sz.000568,20.9,8724814,184934599.0,泸州老窖,000568.SZ
2015-09-28,sz.000568,20.75,6004993,124071370.0,泸州老窖,000568.SZ
2015-09-29,sz.000568,20.46,7187136,147773335.0,泸州老窖,000568.SZ
2015-09-30,sz.000568,20.54,6064836,125015339.0,泸州老窖,000568.SZ
2015-10-08,sz.000568,21.15,12101240,256450946.0,泸州老窖,000568.SZ
2015-10-09,sz.000568,21.2,9820735,207636915.0,泸州老窖,000568.SZ
2015-10-12,sz.000568,21.98,17510562,381700112.0,泸州老窖,000568.SZ
2015-10-13,sz.000568,21.93,11195680,244309589.0,泸州老窖,000568.SZ
2015-10-14,sz.000568,21.81,12797405,281537248.0,泸州老窖,000568.SZ
2015-10-15,sz.000568,22.28,12169525,269551536.0,泸州老窖,000568.SZ
2015-10-16,sz.000568,22.54,12895996,289401408.0,泸州老窖,000568.SZ
2015-10-19,sz.000568,22.24,11603448,259924840.0,泸州老窖,000568.SZ
2015-10-20,sz.000568,22.39,10368862,230845738.0,泸州老窖,000568.SZ
2015-10-21,sz.000568,21.45,15014901,330328064.0,泸州老窖,000568.SZ
2015-10-22,sz.000568,21.8,8793543,190259923.0,泸州老窖,000568.SZ
2015-10-23,sz.000568,22.68,17251763,389447168.0,泸州老窖,000568.SZ
2015-10-26,sz.000568,22.65,14909805,338089712.0,泸州老窖,000568.SZ
2015-10-27,sz.000568,22.48,9396033,209321356.0,泸州老窖,000568.SZ
2015-10-28,sz.000568,22.81,16885489,386609456.0,泸州老窖,000568.SZ
2015-10-29,sz.000568,23.6,20941164,489124800.0,泸州老窖,000568.SZ
2015-10-30,sz.000568,24.18,19729747,475423120.0,泸州老窖,000568.SZ
2015-11-02,sz.000568,23.94,14877587,359197520.0,泸州老窖,000568.SZ
2015-11-03,sz.000568,23.35,9839522,232433211.0,泸州老窖,000568.SZ
2015-11-04,sz.000568,24.47,12616371,304255632.0,泸州老窖,000568.SZ
2015-11-05,sz.000568,24.82,27428247,685763328.0,泸州老窖,000568.SZ
2015-11-06,sz.000568,24.98,16899879,418079808.0,泸州老窖,000568.SZ
2015-11-09,sz.000568,24.9,30457833,773595760.0,泸州老窖,000568.SZ
2015-11-10,sz.000568,24.88,17597203,438549760.0,泸州老窖,000568.SZ
2015-11-11,sz.000568,24.75,17346899,428013872.0,泸州老窖,000568.SZ
2015-11-12,sz.000568,24.47,11679013,285668272.0,泸州老窖,000568.SZ
2015-11-13,sz.000568,23.8,19779335,474673648.0,泸州老窖,000568.SZ
2015-11-16,sz.000568,24.5,16855541,408954464.0,泸州老窖,000568.SZ
2015-11-17,sz.000568,24.5,19374251,480298128.0,泸州老窖,000568.SZ
2015-11-18,sz.000568,24.17,10990388,266740444.0,泸州老窖,000568.SZ
2015-11-19,sz.000568,24.45,7453183,181498684.0,泸州老窖,000568.SZ
2015-11-20,sz.000568,24.84,13993889,344836048.0,泸州老窖,000568.SZ
2015-11-23,sz.000568,24.52,12048770,296902592.0,泸州老窖,000568.SZ
2015-11-24,sz.000568,24.53,8477531,206315187.0,泸州老窖,000568.SZ
2015-11-25,sz.000568,24.5,10707844,261190943.0,泸州老窖,000568.SZ
2015-11-26,sz.000568,24.3,9206756,225293872.0,泸州老窖,000568.SZ
2015-11-27,sz.000568,23.13,17220718,407298912.0,泸州老窖,000568.SZ
2015-11-30,sz.000568,23.2,12318118,284204096.0,泸州老窖,000568.SZ
2015-12-01,sz.000568,23.79,10604030,249583702.0,泸州老窖,000568.SZ
2015-12-02,sz.000568,24.88,22920086,561366544.0,泸州老窖,000568.SZ
2015-12-03,sz.000568,24.85,10366538,256656574.0,泸州老窖,000568.SZ
2015-12-04,sz.000568,24.99,18464990,456311600.0,泸州老窖,000568.SZ
2015-12-07,sz.000568,24.99,13295942,331379520.0,泸州老窖,000568.SZ
2015-12-08,sz.000568,24.2,10258342,250669139.0,泸州老窖,000568.SZ
2015-12-09,sz.000568,24.26,6383554,154610012.0,泸州老窖,000568.SZ
2015-12-10,sz.000568,23.94,9222379,223127194.0,泸州老窖,000568.SZ
2015-12-11,sz.000568,24.31,8337034,200855512.0,泸州老窖,000568.SZ
2015-12-14,sz.000568,24.99,12397810,306241488.0,泸州老窖,000568.SZ
2015-12-15,sz.000568,25.27,13381259,336949200.0,泸州老窖,000568.SZ
2015-12-16,sz.000568,24.86,10010105,250266816.0,泸州老窖,000568.SZ
2015-12-17,sz.000568,25.6,14793660,377033072.0,泸州老窖,000568.SZ
2015-12-18,sz.000568,25.92,13598720,350800544.0,泸州老窖,000568.SZ
2015-12-21,sz.000568,28.24,42988258,1199299584.0,泸州老窖,000568.SZ
2015-12-22,sz.000568,27.9,24697959,685398032.0,泸州老窖,000568.SZ
2015-12-23,sz.000568,27.29,24109944,661699312.0,泸州老窖,000568.SZ
2015-12-24,sz.000568,27.32,12123162,330739280.0,泸州老窖,000568.SZ
2015-12-25,sz.000568,26.92,13859060,374364384.0,泸州老窖,000568.SZ
2015-12-28,sz.000568,26.2,19895362,530650704.0,泸州老窖,000568.SZ
2015-12-29,sz.000568,26.7,16075553,423466656.0,泸州老窖,000568.SZ
2015-12-30,sz.000568,26.56,23072734,617151584.0,泸州老窖,000568.SZ
2015-12-31,sz.000568,27.12,25008595,678516144.0,泸州老窖,000568.SZ
2016-01-04,sz.000568,24.99,15192717,397241744.0,泸州老窖,000568.SZ
2016-01-05,sz.000568,25.4,23502454,595365968.0,泸州老窖,000568.SZ
2016-01-06,sz.000568,25.93,15226470,390080624.0,泸州老窖,000568.SZ
2016-01-07,sz.000568,23.98,5762100,141091268.0,泸州老窖,000568.SZ
2016-01-08,sz.000568,24.16,21574931,523889360.0,泸州老窖,000568.SZ
2016-01-11,sz.000568,22.86,14123765,330600496.0,泸州老窖,000568.SZ
2016-01-12,sz.000568,22.87,9041220,208302902.0,泸州老窖,000568.SZ
2016-01-13,sz.000568,22.41,12977354,299092080.0,泸州老窖,000568.SZ
2016-01-14,sz.000568,23.03,11781558,264801930.0,泸州老窖,000568.SZ
2016-01-15,sz.000568,22.4,9341889,213839652.0,泸州老窖,000568.SZ
2016-01-18,sz.000568,22.45,8660796,195547429.0,泸州老窖,000568.SZ
2016-01-19,sz.000568,23.15,10703933,244929779.0,泸州老窖,000568.SZ
2016-01-20,sz.000568,22.68,9567641,217925914.0,泸州老窖,000568.SZ
2016-01-21,sz.000568,21.9,8656240,193801459.0,泸州老窖,000568.SZ
2016-01-22,sz.000568,22.05,6941897,152093426.0,泸州老窖,000568.SZ
2016-01-25,sz.000568,22.3,5171329,115427513.0,泸州老窖,000568.SZ
2016-01-26,sz.000568,21.0,11045311,242856178.0,泸州老窖,000568.SZ
2016-01-27,sz.000568,20.78,10612923,217908817.0,泸州老窖,000568.SZ
2016-01-28,sz.000568,20.26,6101362,125513295.0,泸州老窖,000568.SZ
2016-01-29,sz.000568,21.25,7796615,162623932.0,泸州老窖,000568.SZ
2016-02-01,sz.000568,21.2,9143503,193930599.0,泸州老窖,000568.SZ
2016-02-02,sz.000568,21.45,7519994,161681533.0,泸州老窖,000568.SZ
2016-02-03,sz.000568,21.57,4681923,100239499.0,泸州老窖,000568.SZ
2016-02-04,sz.000568,21.66,7071270,153269816.0,泸州老窖,000568.SZ
2016-02-05,sz.000568,21.17,5965441,127149442.0,泸州老窖,000568.SZ
2016-02-15,sz.000568,20.86,4294057,89322713.0,泸州老窖,000568.SZ
2016-02-16,sz.000568,21.47,6657084,141942848.0,泸州老窖,000568.SZ
2016-02-17,sz.000568,21.56,7543787,162339677.0,泸州老窖,000568.SZ
2016-02-18,sz.000568,21.45,9810208,212155470.0,泸州老窖,000568.SZ
2016-02-19,sz.000568,21.41,5717297,122596751.0,泸州老窖,000568.SZ
2016-02-22,sz.000568,21.72,12347879,268171708.0,泸州老窖,000568.SZ
2016-02-23,sz.000568,22.24,18713367,416192624.0,泸州老窖,000568.SZ
2016-02-24,sz.000568,22.39,9837184,219184003.0,泸州老窖,000568.SZ
2016-02-25,sz.000568,20.8,13056043,280048896.0,泸州老窖,000568.SZ
2016-02-26,sz.000568,21.0,8759815,183429246.0,泸州老窖,000568.SZ
2016-02-29,sz.000568,19.82,13729456,274545152.0,泸州老窖,000568.SZ
2016-03-01,sz.000568,20.12,8557703,171145305.0,泸州老窖,000568.SZ
2016-03-02,sz.000568,20.98,10378190,214891730.0,泸州老窖,000568.SZ
2016-03-03,sz.000568,21.3,14461400,311498160.0,泸州老窖,000568.SZ
2016-03-04,sz.000568,21.8,18411975,396543152.0,泸州老窖,000568.SZ
2016-03-07,sz.000568,22.52,18120426,405939792.0,泸州老窖,000568.SZ
2016-03-08,sz.000568,22.1,13726837,299458928.0,泸州老窖,000568.SZ
2016-03-09,sz.000568,21.76,5161523,112130805.0,泸州老窖,000568.SZ
2016-03-10,sz.000568,22.12,15131025,338064032.0,泸州老窖,000568.SZ
2016-03-11,sz.000568,22.26,8121336,181278547.0,泸州老窖,000568.SZ
2016-03-14,sz.000568,22.54,10304956,234208896.0,泸州老窖,000568.SZ
2016-03-15,sz.000568,22.61,6369026,142983314.0,泸州老窖,000568.SZ
2016-03-16,sz.000568,22.53,7826791,176365132.0,泸州老窖,000568.SZ
2016-03-17,sz.000568,22.9,7523080,171632264.0,泸州老窖,000568.SZ
2016-03-18,sz.000568,23.4,14820803,341949056.0,泸州老窖,000568.SZ
2016-03-21,sz.000568,23.38,25102633,588232080.0,泸州老窖,000568.SZ
2016-03-22,sz.000568,23.68,16725000,396173456.0,泸州老窖,000568.SZ
2016-03-23,sz.000568,23.67,11361316,268950000.0,泸州老窖,000568.SZ
2016-03-24,sz.000568,24.29,19864853,478902768.0,泸州老窖,000568.SZ
2016-03-25,sz.000568,24.52,11195904,275965872.0,泸州老窖,000568.SZ
2016-03-28,sz.000568,25.15,20038886,508670192.0,泸州老窖,000568.SZ
2016-03-29,sz.000568,24.45,14210320,351369232.0,泸州老窖,000568.SZ
2016-03-30,sz.000568,24.86,10383696,256232090.0,泸州老窖,000568.SZ
2016-03-31,sz.000568,24.65,8909131,220163801.0,泸州老窖,000568.SZ
2016-04-01,sz.000568,24.48,7477853,183855940.0,泸州老窖,000568.SZ
2016-04-05,sz.000568,24.55,10373726,254425850.0,泸州老窖,000568.SZ
2016-04-06,sz.000568,25.17,12816662,318057312.0,泸州老窖,000568.SZ
2016-04-07,sz.000568,24.2,10881759,269311248.0,泸州老窖,000568.SZ
2016-04-08,sz.000568,23.88,10799991,258038519.0,泸州老窖,000568.SZ
2016-04-11,sz.000568,23.89,15498432,370301552.0,泸州老窖,000568.SZ
2016-04-12,sz.000568,23.72,6167201,145720002.0,泸州老窖,000568.SZ
2016-04-13,sz.000568,23.85,14722594,353007760.0,泸州老窖,000568.SZ
2016-04-14,sz.000568,24.15,9137143,219372789.0,泸州老窖,000568.SZ
2016-04-15,sz.000568,23.92,7051764,168702102.0,泸州老窖,000568.SZ
2016-04-18,sz.000568,23.48,5643577,132880827.0,泸州老窖,000568.SZ
2016-04-19,sz.000568,23.5,8204468,191142016.0,泸州老窖,000568.SZ
2016-04-20,sz.000568,23.5,0,0.0,泸州老窖,000568.SZ
2016-04-21,sz.000568,23.5,0,0.0,泸州老窖,000568.SZ
2016-04-22,sz.000568,23.5,0,0.0,泸州老窖,000568.SZ
2016-04-25,sz.000568,23.5,0,0.0,泸州老窖,000568.SZ
2016-04-26,sz.000568,23.5,0,0.0,泸州老窖,000568.SZ
2016-04-27,sz.000568,23.5,0,0.0,泸州老窖,000568.SZ
2016-04-28,sz.000568,23.5,0,0.0,泸州老窖,000568.SZ
2016-04-29,sz.000568,23.5,0,0.0,泸州老窖,000568.SZ
2016-05-03,sz.000568,23.5,0,0.0,泸州老窖,000568.SZ
2016-05-04,sz.000568,23.5,0,0.0,泸州老窖,000568.SZ
2016-05-05,sz.000568,23.5,0,0.0,泸州老窖,000568.SZ
2016-05-06,sz.000568,23.5,0,0.0,泸州老窖,000568.SZ
2016-05-09,sz.000568,23.5,0,0.0,泸州老窖,000568.SZ
2016-05-10,sz.000568,23.5,0,0.0,泸州老窖,000568.SZ
2016-05-11,sz.000568,23.5,0,0.0,泸州老窖,000568.SZ
2016-05-12,sz.000568,23.5,0,0.0,泸州老窖,000568.SZ
2016-05-13,sz.000568,23.5,0,0.0,泸州老窖,000568.SZ
2016-05-16,sz.000568,23.5,0,0.0,泸州老窖,000568.SZ
2016-05-17,sz.000568,24.56,58682047,1464500272.0,泸州老窖,000568.SZ
2016-05-18,sz.000568,23.89,25453333,614850592.0,泸州老窖,000568.SZ
2016-05-19,sz.000568,23.62,17591721,418468640.0,泸州老窖,000568.SZ
2016-05-20,sz.000568,23.83,14328303,339613056.0,泸州老窖,000568.SZ
2016-05-23,sz.000568,24.0,12351727,295300064.0,泸州老窖,000568.SZ
2016-05-24,sz.000568,23.33,11651869,274050512.0,泸州老窖,000568.SZ
2016-05-25,sz.000568,23.15,9976532,232985736.0,泸州老窖,000568.SZ
2016-05-26,sz.000568,23.01,8384092,192198321.0,泸州老窖,000568.SZ
2016-05-27,sz.000568,23.38,9737083,227253730.0,泸州老窖,000568.SZ
2016-05-30,sz.000568,23.8,11894211,282640928.0,泸州老窖,000568.SZ
2016-05-31,sz.000568,24.54,15875909,387530976.0,泸州老窖,000568.SZ
2016-06-01,sz.000568,24.64,15820804,391176160.0,泸州老窖,000568.SZ
2016-06-02,sz.000568,24.82,9150388,226704780.0,泸州老窖,000568.SZ
2016-06-03,sz.000568,25.58,27367705,702566496.0,泸州老窖,000568.SZ
2016-06-06,sz.000568,26.27,30282540,794623552.0,泸州老窖,000568.SZ
2016-06-07,sz.000568,26.98,21859448,583221696.0,泸州老窖,000568.SZ
2016-06-08,sz.000568,26.3,14484329,381646112.0,泸州老窖,000568.SZ
2016-06-13,sz.000568,25.28,11882168,310319648.0,泸州老窖,000568.SZ
2016-06-14,sz.000568,26.58,16237625,425785056.0,泸州老窖,000568.SZ
2016-06-15,sz.000568,27.31,21858017,591829648.0,泸州老窖,000568.SZ
2016-06-16,sz.000568,27.31,13277218,364809616.0,泸州老窖,000568.SZ
2016-06-17,sz.000568,28.76,22194855,633246544.0,泸州老窖,000568.SZ
2016-06-20,sz.000568,28.85,13993605,400032864.0,泸州老窖,000568.SZ
2016-06-21,sz.000568,28.34,8730372,249116433.0,泸州老窖,000568.SZ
2016-06-22,sz.000568,28.69,5968614,170875970.0,泸州老窖,000568.SZ
2016-06-23,sz.000568,28.65,12408880,358923680.0,泸州老窖,000568.SZ
2016-06-24,sz.000568,28.57,12394042,353928832.0,泸州老窖,000568.SZ
2016-06-27,sz.000568,30.19,17551641,523101632.0,泸州老窖,000568.SZ
2016-06-28,sz.000568,30.32,10603796,320502640.0,泸州老窖,000568.SZ
2016-06-29,sz.000568,29.9,7754275,232136689.0,泸州老窖,000568.SZ
2016-06-30,sz.000568,29.7,18606125,562069696.0,泸州老窖,000568.SZ
2016-07-01,sz.000568,29.85,8145883,243302881.0,泸州老窖,000568.SZ
2016-07-04,sz.000568,29.99,11628109,349099952.0,泸州老窖,000568.SZ
2016-07-05,sz.000568,30.26,14679937,446069216.0,泸州老窖,000568.SZ
2016-07-06,sz.000568,33.01,33498040,1072413104.0,泸州老窖,000568.SZ
2016-07-07,sz.000568,32.18,20033619,651139664.0,泸州老窖,000568.SZ
2016-07-08,sz.000568,32.8,14300809,459463168.0,泸州老窖,000568.SZ
2016-07-11,sz.000568,32.89,27081598,913918544.0,泸州老窖,000568.SZ
2016-07-12,sz.000568,33.21,23253299,770811824.0,泸州老窖,000568.SZ
2016-07-13,sz.000568,32.6,16085848,522318672.0,泸州老窖,000568.SZ
2016-07-14,sz.000568,32.36,10491402,339748000.0,泸州老窖,000568.SZ
2016-07-15,sz.000568,32.5,14950201,480512768.0,泸州老窖,000568.SZ
2016-07-18,sz.000568,32.2,13042188,420289168.0,泸州老窖,000568.SZ
2016-07-19,sz.000568,31.04,28885961,897777776.0,泸州老窖,000568.SZ
2016-07-20,sz.000568,30.83,9672286,299498416.0,泸州老窖,000568.SZ
2016-07-21,sz.000568,31.1,13992201,437453088.0,泸州老窖,000568.SZ
2016-07-22,sz.000568,30.12,17154444,521093600.0,泸州老窖,000568.SZ
2016-07-25,sz.000568,30.41,13124646,401120176.0,泸州老窖,000568.SZ
2016-07-26,sz.000568,31.56,18010872,561784592.0,泸州老窖,000568.SZ
2016-07-27,sz.000568,31.8,18981646,593848672.0,泸州老窖,000568.SZ
2016-07-28,sz.000568,32.0,23980802,776806832.0,泸州老窖,000568.SZ
2016-07-29,sz.000568,32.49,17069287,558855312.0,泸州老窖,000568.SZ
2016-08-01,sz.000568,31.59,13881379,437566736.0,泸州老窖,000568.SZ
2016-08-02,sz.000568,31.11,15403854,475900816.0,泸州老窖,000568.SZ
2016-08-03,sz.000568,31.31,7440688,233390637.0,泸州老窖,000568.SZ
2016-08-04,sz.000568,31.1,7696935,237988212.0,泸州老窖,000568.SZ
2016-08-05,sz.000568,30.92,4546739,141325226.0,泸州老窖,000568.SZ
2016-08-08,sz.000568,31.4,12384641,383024368.0,泸州老窖,000568.SZ
2016-08-09,sz.000568,32.18,16271817,518498592.0,泸州老窖,000568.SZ
2016-08-10,sz.000568,32.13,9342426,299676032.0,泸州老窖,000568.SZ
2016-08-11,sz.000568,32.22,19951661,651062800.0,泸州老窖,000568.SZ
2016-08-12,sz.000568,31.15,15567827,480598384.0,泸州老窖,000568.SZ
2016-08-15,sz.000568,32.11,18482849,585331824.0,泸州老窖,000568.SZ
2016-08-16,sz.000568,31.62,22945223,737488048.0,泸州老窖,000568.SZ
2016-08-17,sz.000568,31.48,16846183,533192880.0,泸州老窖,000568.SZ
2016-08-18,sz.000568,31.6,9963625,314953952.0,泸州老窖,000568.SZ
2016-08-19,sz.000568,31.29,6339337,199052127.0,泸州老窖,000568.SZ
2016-08-22,sz.000568,31.89,14704444,466930912.0,泸州老窖,000568.SZ
2016-08-23,sz.000568,31.93,13441605,431476352.0,泸州老窖,000568.SZ
2016-08-24,sz.000568,31.38,8877875,279087808.0,泸州老窖,000568.SZ
2016-08-25,sz.000568,30.97,9084983,281423152.0,泸州老窖,000568.SZ
2016-08-26,sz.000568,31.01,4845661,150457188.0,泸州老窖,000568.SZ
2016-08-29,sz.000568,30.92,4909021,152060655.0,泸州老窖,000568.SZ
2016-08-30,sz.000568,31.23,6581134,204955929.0,泸州老窖,000568.SZ
2016-08-31,sz.000568,31.87,13339440,424100960.0,泸州老窖,000568.SZ
2016-09-01,sz.000568,31.6,6943892,220794179.0,泸州老窖,000568.SZ
2016-09-02,sz.000568,31.37,6949509,218176452.0,泸州老窖,000568.SZ
2016-09-05,sz.000568,31.65,6875927,218127064.0,泸州老窖,000568.SZ
2016-09-06,sz.000568,32.19,10559154,337239136.0,泸州老窖,000568.SZ
2016-09-07,sz.000568,31.68,11063714,351436464.0,泸州老窖,000568.SZ
2016-09-08,sz.000568,31.64,6480260,205223107.0,泸州老窖,000568.SZ
2016-09-09,sz.000568,31.01,10002379,312351664.0,泸州老窖,000568.SZ
2016-09-12,sz.000568,29.85,14493092,436347712.0,泸州老窖,000568.SZ
2016-09-13,sz.000568,29.8,7694467,228615838.0,泸州老窖,000568.SZ
2016-09-14,sz.000568,29.5,5591053,165315678.0,泸州老窖,000568.SZ
2016-09-19,sz.000568,30.17,7429566,222706908.0,泸州老窖,000568.SZ
2016-09-20,sz.000568,30.0,4806729,144388790.0,泸州老窖,000568.SZ
2016-09-21,sz.000568,29.9,4705688,140669537.0,泸州老窖,000568.SZ
2016-09-22,sz.000568,30.52,9185707,279629296.0,泸州老窖,000568.SZ
2016-09-23,sz.000568,30.73,5651466,173314067.0,泸州老窖,000568.SZ
2016-09-26,sz.000568,30.04,5140147,154717196.0,泸州老窖,000568.SZ
2016-09-27,sz.000568,30.41,5460509,165879072.0,泸州老窖,000568.SZ
2016-09-28,sz.000568,30.26,2363801,71652093.0,泸州老窖,000568.SZ
2016-09-29,sz.000568,30.32,3625082,109989096.0,泸州老窖,000568.SZ
2016-09-30,sz.000568,31.08,14922196,462764320.0,泸州老窖,000568.SZ
2016-10-10,sz.000568,31.83,11743410,370470800.0,泸州老窖,000568.SZ
2016-10-11,sz.000568,31.78,7285998,230518791.0,泸州老窖,000568.SZ
2016-10-12,sz.000568,31.79,6881958,219642652.0,泸州老窖,000568.SZ
2016-10-13,sz.000568,31.35,7279720,229597956.0,泸州老窖,000568.SZ
2016-10-14,sz.000568,31.36,4881090,153401555.0,泸州老窖,000568.SZ
2016-10-17,sz.000568,31.2,4443752,139829489.0,泸州老窖,000568.SZ
2016-10-18,sz.000568,31.72,10052488,318906064.0,泸州老窖,000568.SZ
2016-10-19,sz.000568,31.97,8317367,264699625.0,泸州老窖,000568.SZ
2016-10-20,sz.000568,31.66,10375227,332882960.0,泸州老窖,000568.SZ
2016-10-21,sz.000568,31.68,6283422,197992692.0,泸州老窖,000568.SZ
2016-10-24,sz.000568,31.68,8741857,277891648.0,泸州老窖,000568.SZ
2016-10-25,sz.000568,33.29,21264631,694085984.0,泸州老窖,000568.SZ
2016-10-26,sz.000568,34.59,25090659,867073072.0,泸州老窖,000568.SZ
2016-10-27,sz.000568,34.86,13012059,451101984.0,泸州老窖,000568.SZ
2016-10-28,sz.000568,34.61,10378065,358506544.0,泸州老窖,000568.SZ
2016-10-31,sz.000568,34.4,7914065,270850592.0,泸州老窖,000568.SZ
2016-11-01,sz.000568,35.4,9987738,347994832.0,泸州老窖,000568.SZ
2016-11-02,sz.000568,34.6,8349258,290680240.0,泸州老窖,000568.SZ
2016-11-03,sz.000568,34.9,6263241,217498449.0,泸州老窖,000568.SZ
2016-11-04,sz.000568,34.13,7862535,269479376.0,泸州老窖,000568.SZ
2016-11-07,sz.000568,33.9,8236472,279086144.0,泸州老窖,000568.SZ
2016-11-08,sz.000568,34.47,9756114,337144288.0,泸州老窖,000568.SZ
2016-11-09,sz.000568,34.77,9850806,340183056.0,泸州老窖,000568.SZ
2016-11-10,sz.000568,35.0,7640245,266955370.0,泸州老窖,000568.SZ
2016-11-11,sz.000568,34.5,9784595,337004208.0,泸州老窖,000568.SZ
2016-11-14,sz.000568,33.72,14051799,475790368.0,泸州老窖,000568.SZ
2016-11-15,sz.000568,34.2,9263136,313951728.0,泸州老窖,000568.SZ
2016-11-16,sz.000568,33.7,8641014,292589776.0,泸州老窖,000568.SZ
2016-11-17,sz.000568,33.37,7507039,251513884.0,泸州老窖,000568.SZ
2016-11-18,sz.000568,33.29,5435773,181565670.0,泸州老窖,000568.SZ
2016-11-21,sz.000568,33.3,7914778,264777374.0,泸州老窖,000568.SZ
2016-11-22,sz.000568,33.4,8342989,277985376.0,泸州老窖,000568.SZ
2016-11-23,sz.000568,34.05,17750163,598081088.0,泸州老窖,000568.SZ
2016-11-24,sz.000568,33.73,16733371,564075024.0,泸州老窖,000568.SZ
2016-11-25,sz.000568,33.65,9005245,303867520.0,泸州老窖,000568.SZ
2016-11-28,sz.000568,33.78,11154033,377712080.0,泸州老窖,000568.SZ
2016-11-29,sz.000568,34.85,25927189,901891600.0,泸州老窖,000568.SZ
2016-11-30,sz.000568,34.29,12873167,443269184.0,泸州老窖,000568.SZ
2016-12-01,sz.000568,33.86,16817676,572850448.0,泸州老窖,000568.SZ
2016-12-02,sz.000568,33.6,8628504,290882496.0,泸州老窖,000568.SZ
2016-12-05,sz.000568,33.39,8096297,272706784.0,泸州老窖,000568.SZ
2016-12-06,sz.000568,33.8,7383960,248373366.0,泸州老窖,000568.SZ
2016-12-07,sz.000568,33.61,8709592,291608416.0,泸州老窖,000568.SZ
2016-12-08,sz.000568,34.14,18938311,650885824.0,泸州老窖,000568.SZ
2016-12-09,sz.000568,34.32,9577792,329493744.0,泸州老窖,000568.SZ
2016-12-12,sz.000568,33.0,17557348,596723984.0,泸州老窖,000568.SZ
2016-12-13,sz.000568,33.88,10883108,365540752.0,泸州老窖,000568.SZ
2016-12-14,sz.000568,33.56,8093828,273329696.0,泸州老窖,000568.SZ
2016-12-15,sz.000568,33.02,9009745,299423040.0,泸州老窖,000568.SZ
2016-12-16,sz.000568,32.98,6147696,203015094.0,泸州老窖,000568.SZ
2016-12-19,sz.000568,33.6,10981426,369887072.0,泸州老窖,000568.SZ
2016-12-20,sz.000568,33.39,6158264,205942473.0,泸州老窖,000568.SZ
2016-12-21,sz.000568,33.53,6921105,231980148.0,泸州老窖,000568.SZ
2016-12-22,sz.000568,33.29,6022577,200876279.0,泸州老窖,000568.SZ
2016-12-23,sz.000568,32.39,11730363,382224992.0,泸州老窖,000568.SZ
2016-12-26,sz.000568,32.36,6576268,210731561.0,泸州老窖,000568.SZ
2016-12-27,sz.000568,32.39,5265870,170970430.0,泸州老窖,000568.SZ
2016-12-28,sz.000568,32.28,5503890,177572305.0,泸州老窖,000568.SZ
2016-12-29,sz.000568,32.3,4306318,138827929.0,泸州老窖,000568.SZ
2016-12-30,sz.000568,33.0,9287822,305502272.0,泸州老窖,000568.SZ
2017-01-03,sz.000568,33.2,4971389,165235220.0,泸州老窖,000568.SZ
2017-01-04,sz.000568,34.35,11681838,396635632.0,泸州老窖,000568.SZ
2017-01-05,sz.000568,34.38,13376702,461234416.0,泸州老窖,000568.SZ
2017-01-06,sz.000568,34.43,10894820,376658848.0,泸州老窖,000568.SZ
2017-01-09,sz.000568,34.55,7241846,251103265.0,泸州老窖,000568.SZ
2017-01-10,sz.000568,34.36,4453789,153568616.0,泸州老窖,000568.SZ
2017-01-11,sz.000568,33.9,4292146,145990985.0,泸州老窖,000568.SZ
2017-01-12,sz.000568,33.08,7244740,242131303.0,泸州老窖,000568.SZ
2017-01-13,sz.000568,33.1,5823383,191873043.0,泸州老窖,000568.SZ
2017-01-16,sz.000568,32.75,6187869,203038018.0,泸州老窖,000568.SZ
2017-01-17,sz.000568,33.5,6993511,233061390.0,泸州老窖,000568.SZ
2017-01-18,sz.000568,34.25,11046359,376532400.0,泸州老窖,000568.SZ
2017-01-19,sz.000568,34.0,6949810,236312804.0,泸州老窖,000568.SZ
2017-01-20,sz.000568,34.08,5412888,183724248.0,泸州老窖,000568.SZ
2017-01-23,sz.000568,34.29,12631075,437541472.0,泸州老窖,000568.SZ
2017-01-24,sz.000568,34.3,5790200,197831026.0,泸州老窖,000568.SZ
2017-01-25,sz.000568,33.93,5961607,202551778.0,泸州老窖,000568.SZ
2017-01-26,sz.000568,33.69,4570555,153770775.0,泸州老窖,000568.SZ
2017-02-03,sz.000568,32.9,7297009,241852810.0,泸州老窖,000568.SZ
2017-02-06,sz.000568,33.3,7216917,239089610.0,泸州老窖,000568.SZ
2017-02-07,sz.000568,33.55,5681908,190865780.0,泸州老窖,000568.SZ
2017-02-08,sz.000568,33.75,5575336,187796167.0,泸州老窖,000568.SZ
2017-02-09,sz.000568,35.11,21024127,730922384.0,泸州老窖,000568.SZ
2017-02-10,sz.000568,34.71,9639472,337528192.0,泸州老窖,000568.SZ
2017-02-13,sz.000568,36.06,17547902,632024656.0,泸州老窖,000568.SZ
2017-02-14,sz.000568,36.5,11094070,403360288.0,泸州老窖,000568.SZ
2017-02-15,sz.000568,36.22,7321959,266675945.0,泸州老窖,000568.SZ
2017-02-16,sz.000568,36.35,6414559,230803488.0,泸州老窖,000568.SZ
2017-02-17,sz.000568,37.0,12110907,454086464.0,泸州老窖,000568.SZ
2017-02-20,sz.000568,38.66,17482991,670576336.0,泸州老窖,000568.SZ
2017-02-21,sz.000568,38.5,7058113,271006608.0,泸州老窖,000568.SZ
2017-02-22,sz.000568,38.81,8093784,314403440.0,泸州老窖,000568.SZ
2017-02-23,sz.000568,38.08,11555503,445840064.0,泸州老窖,000568.SZ
2017-02-24,sz.000568,38.36,6403476,243804255.0,泸州老窖,000568.SZ
2017-02-27,sz.000568,37.05,11494685,428761408.0,泸州老窖,000568.SZ
2017-02-28,sz.000568,37.39,7279508,272646720.0,泸州老窖,000568.SZ
2017-03-01,sz.000568,37.91,9089134,345061968.0,泸州老窖,000568.SZ
2017-03-02,sz.000568,37.95,7299060,279218176.0,泸州老窖,000568.SZ
2017-03-03,sz.000568,38.5,5001637,191666013.0,泸州老窖,000568.SZ
2017-03-06,sz.000568,38.5,10094643,389555088.0,泸州老窖,000568.SZ
2017-03-07,sz.000568,39.92,11806963,468584816.0,泸州老窖,000568.SZ
2017-03-08,sz.000568,39.92,8599409,342462144.0,泸州老窖,000568.SZ
2017-03-09,sz.000568,39.57,6254131,245506079.0,泸州老窖,000568.SZ
2017-03-10,sz.000568,39.5,8241409,328904736.0,泸州老窖,000568.SZ
2017-03-13,sz.000568,40.63,12339408,496230128.0,泸州老窖,000568.SZ
2017-03-14,sz.000568,39.97,10763471,430476112.0,泸州老窖,000568.SZ
2017-03-15,sz.000568,40.23,6586260,264185861.0,泸州老窖,000568.SZ
2017-03-16,sz.000568,39.95,8343588,334783584.0,泸州老窖,000568.SZ
2017-03-17,sz.000568,39.77,7063453,283330912.0,泸州老窖,000568.SZ
2017-03-20,sz.000568,39.6,9565000,381272368.0,泸州老窖,000568.SZ
2017-03-21,sz.000568,41.6,19196568,787286928.0,泸州老窖,000568.SZ
2017-03-22,sz.000568,42.99,14323007,604233792.0,泸州老窖,000568.SZ
2017-03-23,sz.000568,42.18,11896175,498934480.0,泸州老窖,000568.SZ
2017-03-24,sz.000568,42.06,15017840,635038096.0,泸州老窖,000568.SZ
2017-03-27,sz.000568,40.89,13433174,552914512.0,泸州老窖,000568.SZ
2017-03-28,sz.000568,41.0,9340388,380814064.0,泸州老窖,000568.SZ
2017-03-29,sz.000568,41.52,9044626,375379872.0,泸州老窖,000568.SZ
2017-03-30,sz.000568,41.78,8627319,359370048.0,泸州老窖,000568.SZ
2017-03-31,sz.000568,42.19,7689645,324601776.0,泸州老窖,000568.SZ
2017-04-05,sz.000568,42.16,8911408,378982368.0,泸州老窖,000568.SZ
2017-04-06,sz.000568,41.8,6962374,289614272.0,泸州老窖,000568.SZ
2017-04-07,sz.000568,41.55,4367196,181377896.0,泸州老窖,000568.SZ
2017-04-10,sz.000568,40.4,10293789,417905136.0,泸州老窖,000568.SZ
2017-04-11,sz.000568,39.95,12155805,482383280.0,泸州老窖,000568.SZ
2017-04-12,sz.000568,40.46,10502341,426680384.0,泸州老窖,000568.SZ
2017-04-13,sz.000568,41.27,6621474,272012656.0,泸州老窖,000568.SZ
2017-04-14,sz.000568,41.16,4657947,191413162.0,泸州老窖,000568.SZ
2017-04-17,sz.000568,41.95,9845539,412387120.0,泸州老窖,000568.SZ
2017-04-18,sz.000568,43.05,14127008,604456176.0,泸州老窖,000568.SZ
2017-04-19,sz.000568,43.51,23329203,1026235728.0,泸州老窖,000568.SZ
2017-04-20,sz.000568,45.87,22971614,1047763936.0,泸州老窖,000568.SZ
2017-04-21,sz.000568,45.68,14976381,691072320.0,泸州老窖,000568.SZ
2017-04-24,sz.000568,44.8,16582817,737103088.0,泸州老窖,000568.SZ
2017-04-25,sz.000568,47.51,15329725,710143408.0,泸州老窖,000568.SZ
2017-04-26,sz.000568,46.06,15489750,730433680.0,泸州老窖,000568.SZ
2017-04-27,sz.000568,46.75,7554480,346988896.0,泸州老窖,000568.SZ
2017-04-28,sz.000568,46.5,19331541,876009648.0,泸州老窖,000568.SZ
2017-05-02,sz.000568,45.29,9452868,428799968.0,泸州老窖,000568.SZ
2017-05-03,sz.000568,45.93,7025883,323492688.0,泸州老窖,000568.SZ
2017-05-04,sz.000568,45.63,6178801,283476064.0,泸州老窖,000568.SZ
2017-05-05,sz.000568,45.41,4002028,182693057.0,泸州老窖,000568.SZ
2017-05-08,sz.000568,43.7,8985527,401374512.0,泸州老窖,000568.SZ
2017-05-09,sz.000568,44.58,9936154,433390944.0,泸州老窖,000568.SZ
2017-05-10,sz.000568,44.69,6680118,302624288.0,泸州老窖,000568.SZ
2017-05-11,sz.000568,46.0,7928592,362259984.0,泸州老窖,000568.SZ
2017-05-12,sz.000568,46.33,4935471,228055850.0,泸州老窖,000568.SZ
2017-05-15,sz.000568,46.99,7182535,337982224.0,泸州老窖,000568.SZ
2017-05-16,sz.000568,48.75,11692271,565020816.0,泸州老窖,000568.SZ
2017-05-17,sz.000568,47.15,10439869,497831440.0,泸州老窖,000568.SZ
2017-05-18,sz.000568,46.82,6883275,324490192.0,泸州老窖,000568.SZ
2017-05-19,sz.000568,47.22,5717541,270057584.0,泸州老窖,000568.SZ
2017-05-22,sz.000568,47.38,6497362,305824976.0,泸州老窖,000568.SZ
2017-05-23,sz.000568,48.7,13826534,671648320.0,泸州老窖,000568.SZ
2017-05-24,sz.000568,48.18,8268080,396446272.0,泸州老窖,000568.SZ
2017-05-25,sz.000568,48.35,4407059,213132487.0,泸州老窖,000568.SZ
2017-05-26,sz.000568,48.53,4802450,231145937.0,泸州老窖,000568.SZ
2017-05-31,sz.000568,48.22,10254238,488170544.0,泸州老窖,000568.SZ
2017-06-01,sz.000568,48.01,5477249,262652568.0,泸州老窖,000568.SZ
2017-06-02,sz.000568,47.46,5737295,272723440.0,泸州老窖,000568.SZ
2017-06-05,sz.000568,46.69,5255431,246154330.0,泸州老窖,000568.SZ
2017-06-06,sz.000568,47.81,6451408,304908672.0,泸州老窖,000568.SZ
2017-06-07,sz.000568,49.56,15023381,735098592.0,泸州老窖,000568.SZ
2017-06-08,sz.000568,50.0,9766772,488206208.0,泸州老窖,000568.SZ
2017-06-09,sz.000568,49.85,7201030,361169584.0,泸州老窖,000568.SZ
2017-06-12,sz.000568,51.02,10872397,556423184.0,泸州老窖,000568.SZ
2017-06-13,sz.000568,50.88,6065040,305765472.0,泸州老窖,000568.SZ
2017-06-14,sz.000568,50.23,6733453,338654976.0,泸州老窖,000568.SZ
2017-06-15,sz.000568,49.1,10725723,527471056.0,泸州老窖,000568.SZ
2017-06-16,sz.000568,49.31,7089516,348319536.0,泸州老窖,000568.SZ
2017-06-19,sz.000568,49.0,8715432,426612976.0,泸州老窖,000568.SZ
2017-06-20,sz.000568,49.3,8450377,415793504.0,泸州老窖,000568.SZ
2017-06-21,sz.000568,50.15,10521934,517356976.0,泸州老窖,000568.SZ
2017-06-22,sz.000568,49.94,13074695,657078352.0,泸州老窖,000568.SZ
2017-06-23,sz.000568,50.04,7713309,383244896.0,泸州老窖,000568.SZ
2017-06-26,sz.000568,52.2,15833840,815589280.0,泸州老窖,000568.SZ
2017-06-27,sz.000568,51.8,8530868,440131600.0,泸州老窖,000568.SZ
2017-06-28,sz.000568,50.6,5936915,301810512.0,泸州老窖,000568.SZ
2017-06-29,sz.000568,50.57,6872322,345353584.0,泸州老窖,000568.SZ
2017-06-30,sz.000568,50.58,6442310,325661232.0,泸州老窖,000568.SZ
2017-07-03,sz.000568,48.92,12040558,591671104.0,泸州老窖,000568.SZ
2017-07-04,sz.000568,47.85,14533994,693085296.0,泸州老窖,000568.SZ
2017-07-05,sz.000568,48.8,9761519,474448800.0,泸州老窖,000568.SZ
2017-07-06,sz.000568,48.82,6968097,337850608.0,泸州老窖,000568.SZ
2017-07-07,sz.000568,48.25,10088802,483174848.0,泸州老窖,000568.SZ
2017-07-10,sz.000568,48.32,16207416,773895456.0,泸州老窖,000568.SZ
2017-07-11,sz.000568,49.58,12889034,634708592.0,泸州老窖,000568.SZ
2017-07-12,sz.000568,48.64,6213023,305009280.0,泸州老窖,000568.SZ
2017-07-13,sz.000568,48.82,5072099,248517500.0,泸州老窖,000568.SZ
2017-07-14,sz.000568,49.16,4008660,195386522.0,泸州老窖,000568.SZ
2017-07-17,sz.000568,47.97,6366067,307096800.0,泸州老窖,000568.SZ
2017-07-18,sz.000568,48.51,7155740,343471136.0,泸州老窖,000568.SZ
2017-07-19,sz.000568,49.92,9382072,466896832.0,泸州老窖,000568.SZ
2017-07-20,sz.000568,51.35,9667930,493830528.0,泸州老窖,000568.SZ
2017-07-21,sz.000568,51.38,6864323,354839056.0,泸州老窖,000568.SZ
2017-07-24,sz.000568,52.59,10318694,548339520.0,泸州老窖,000568.SZ
2017-07-25,sz.000568,53.15,7834560,416351632.0,泸州老窖,000568.SZ
2017-07-26,sz.000568,52.0,7825993,407877776.0,泸州老窖,000568.SZ
2017-07-27,sz.000568,52.8,6327170,333076000.0,泸州老窖,000568.SZ
2017-07-28,sz.000568,55.13,10470057,569926560.0,泸州老窖,000568.SZ
2017-07-31,sz.000568,55.37,15404575,868333968.0,泸州老窖,000568.SZ
2017-08-01,sz.000568,56.56,6281544,349053280.0,泸州老窖,000568.SZ
2017-08-02,sz.000568,55.5,8195763,455384992.0,泸州老窖,000568.SZ
2017-08-03,sz.000568,53.9,8559164,462856768.0,泸州老窖,000568.SZ
2017-08-04,sz.000568,53.35,7067237,377084896.0,泸州老窖,000568.SZ
2017-08-07,sz.000568,55.99,11198558,611253984.0,泸州老窖,000568.SZ
2017-08-08,sz.000568,56.2,6965794,391711936.0,泸州老窖,000568.SZ
2017-08-09,sz.000568,58.82,13432524,779209392.0,泸州老窖,000568.SZ
2017-08-10,sz.000568,58.13,15227653,899243424.0,泸州老窖,000568.SZ
2017-08-11,sz.000568,56.59,9543864,543844032.0,泸州老窖,000568.SZ
2017-08-14,sz.000568,57.0,13716582,782968480.0,泸州老窖,000568.SZ
2017-08-15,sz.000568,57.24,7550817,429380432.0,泸州老窖,000568.SZ
2017-08-16,sz.000568,56.86,6702302,380932752.0,泸州老窖,000568.SZ
2017-08-17,sz.000568,55.91,8205574,458007344.0,泸州老窖,000568.SZ
2017-08-18,sz.000568,56.1,5213707,292774352.0,泸州老窖,000568.SZ
2017-08-21,sz.000568,55.81,6086723,339138336.0,泸州老窖,000568.SZ
2017-08-22,sz.000568,54.91,20410580,1098406032.0,泸州老窖,000568.SZ
2017-08-23,sz.000568,55.24,9222082,504829648.0,泸州老窖,000568.SZ
2017-08-24,sz.000568,54.04,5532170,302493040.0,泸州老窖,000568.SZ
2017-08-25,sz.000568,53.95,8841574,474461568.0,泸州老窖,000568.SZ
2017-08-28,sz.000568,54.74,12171196,672797584.0,泸州老窖,000568.SZ
2017-08-29,sz.000568,53.76,15205107,818989328.0,泸州老窖,000568.SZ
2017-08-30,sz.000568,55.0,9636691,524570688.0,泸州老窖,000568.SZ
2017-08-31,sz.000568,55.28,8650461,476758912.0,泸州老窖,000568.SZ
2017-09-01,sz.000568,55.25,10077558,553629504.0,泸州老窖,000568.SZ
2017-09-04,sz.000568,54.08,7998248,433691632.0,泸州老窖,000568.SZ
2017-09-05,sz.000568,53.73,6916185,372592528.0,泸州老窖,000568.SZ
2017-09-06,sz.000568,53.24,6666294,356392544.0,泸州老窖,000568.SZ
2017-09-07,sz.000568,53.4,7336326,389487360.0,泸州老窖,000568.SZ
2017-09-08,sz.000568,51.54,12693775,660555984.0,泸州老窖,000568.SZ
2017-09-11,sz.000568,52.0,16722541,859454624.0,泸州老窖,000568.SZ
2017-09-12,sz.000568,52.4,12524467,651956604.47,泸州老窖,000568.SZ
2017-09-13,sz.000568,54.67,25312280,1373097471.54,泸州老窖,000568.SZ
2017-09-14,sz.000568,54.6,13200686,718900090.16,泸州老窖,000568.SZ
2017-09-15,sz.000568,54.99,12222073,671544208.86,泸州老窖,000568.SZ
2017-09-18,sz.000568,56.28,11970001,673037103.41,泸州老窖,000568.SZ
2017-09-19,sz.000568,55.2,10238365,572405321.68,泸州老窖,000568.SZ
2017-09-20,sz.000568,55.62,8367107,468119176.65,泸州老窖,000568.SZ
2017-09-21,sz.000568,55.13,5341521,295277744.04,泸州老窖,000568.SZ
2017-09-22,sz.000568,55.64,5025102,279724771.91,泸州老窖,000568.SZ
2017-09-25,sz.000568,57.45,12234198,694700620.1,泸州老窖,000568.SZ
2017-09-26,sz.000568,56.74,6845359,388499426.37,泸州老窖,000568.SZ
2017-09-27,sz.000568,56.2,5812658,327075006.49,泸州老窖,000568.SZ
2017-09-28,sz.000568,56.8,9710113,552095467.12,泸州老窖,000568.SZ
2017-09-29,sz.000568,56.1,8296774,471252852.5,泸州老窖,000568.SZ
2017-10-09,sz.000568,56.38,9351748,529922220.43,泸州老窖,000568.SZ
2017-10-10,sz.000568,57.7,10014351,569968444.63,泸州老窖,000568.SZ
2017-10-11,sz.000568,59.2,14103698,831437607.22,泸州老窖,000568.SZ
2017-10-12,sz.000568,59.5,8480272,502318173.59,泸州老窖,000568.SZ
2017-10-13,sz.000568,59.0,7853355,466964192.56,泸州老窖,000568.SZ
2017-10-16,sz.000568,57.64,9140550,530035838.9,泸州老窖,000568.SZ
2017-10-17,sz.000568,57.05,9065265,516408561.36,泸州老窖,000568.SZ
2017-10-18,sz.000568,58.46,8849885,507172742.63,泸州老窖,000568.SZ
2017-10-19,sz.000568,59.42,12219178,723781823.76,泸州老窖,000568.SZ
2017-10-20,sz.000568,58.01,9190374,531592250.93,泸州老窖,000568.SZ
2017-10-23,sz.000568,57.88,8419640,484046907.78,泸州老窖,000568.SZ
2017-10-24,sz.000568,58.81,10246128,596374636.33,泸州老窖,000568.SZ
2017-10-25,sz.000568,57.78,8267843,478337459.23,泸州老窖,000568.SZ
2017-10-26,sz.000568,58.85,18630290,1110737224.18,泸州老窖,000568.SZ
2017-10-27,sz.000568,59.8,23039021,1353204943.26,泸州老窖,000568.SZ
2017-10-30,sz.000568,59.85,15569419,919397754.11,泸州老窖,000568.SZ
2017-10-31,sz.000568,60.88,15362526,928423080.94,泸州老窖,000568.SZ
2017-11-01,sz.000568,62.26,17753122,1102492528.06,泸州老窖,000568.SZ
2017-11-02,sz.000568,65.3,21444898,1390318033.64,泸州老窖,000568.SZ
2017-11-03,sz.000568,64.91,14099938,919544533.13,泸州老窖,000568.SZ
2017-11-06,sz.000568,66.44,14196073,931012137.26,泸州老窖,000568.SZ
2017-11-07,sz.000568,66.6,12203771,823341956.9,泸州老窖,000568.SZ
2017-11-08,sz.000568,65.01,18439521,1220680870.97,泸州老窖,000568.SZ
2017-11-09,sz.000568,67.11,17722230,1162043953.87,泸州老窖,000568.SZ
2017-11-10,sz.000568,68.49,15749625,1071909851.47,泸州老窖,000568.SZ
2017-11-13,sz.000568,67.58,10529129,714767964.44,泸州老窖,000568.SZ
2017-11-14,sz.000568,65.58,14915725,981065089.31,泸州老窖,000568.SZ
2017-11-15,sz.000568,67.31,15823793,1046879027.59,泸州老窖,000568.SZ
2017-11-16,sz.000568,70.63,22056713,1529951917.74,泸州老窖,000568.SZ
2017-11-17,sz.000568,69.01,22154690,1521179684.56,泸州老窖,000568.SZ
2017-11-20,sz.000568,68.49,13356066,902888900.21,泸州老窖,000568.SZ
2017-11-21,sz.000568,70.17,16579556,1135392849.91,泸州老窖,000568.SZ
2017-11-22,sz.000568,67.67,14436973,988791690.32,泸州老窖,000568.SZ
2017-11-23,sz.000568,63.51,18199047,1173149595.13,泸州老窖,000568.SZ
2017-11-24,sz.000568,64.16,16950859,1058799894.91,泸州老窖,000568.SZ
2017-11-27,sz.000568,62.92,13688222,856902153.09,泸州老窖,000568.SZ
2017-11-28,sz.000568,62.99,10921733,688756062.33,泸州老窖,000568.SZ
2017-11-29,sz.000568,60.86,14458071,882446568.01,泸州老窖,000568.SZ
2017-11-30,sz.000568,59.28,12456577,746465063.92,泸州老窖,000568.SZ
2017-12-01,sz.000568,60.01,9491685,567391984.91,泸州老窖,000568.SZ
2017-12-04,sz.000568,62.35,11848020,733527596.2,泸州老窖,000568.SZ
2017-12-05,sz.000568,62.61,13791914,868337833.52,泸州老窖,000568.SZ
2017-12-06,sz.000568,61.05,12786289,787385866.55,泸州老窖,000568.SZ
2017-12-07,sz.000568,59.22,11738450,698483285.63,泸州老窖,000568.SZ
2017-12-08,sz.000568,60.7,10972187,660666040.15,泸州老窖,000568.SZ
2017-12-11,sz.000568,63.62,16716703,1053727441.34,泸州老窖,000568.SZ
2017-12-12,sz.000568,62.91,7363462,466811988.98,泸州老窖,000568.SZ
2017-12-13,sz.000568,65.74,11467562,737591941.2,泸州老窖,000568.SZ
2017-12-14,sz.000568,65.77,8588429,563956699.0,泸州老窖,000568.SZ
2017-12-15,sz.000568,65.0,7964947,524694477.96,泸州老窖,000568.SZ
2017-12-18,sz.000568,66.76,11489236,769061663.94,泸州老窖,000568.SZ
2017-12-19,sz.000568,66.99,9658311,650651659.71,泸州老窖,000568.SZ
2017-12-20,sz.000568,68.2,13002046,883957629.16,泸州老窖,000568.SZ
2017-12-21,sz.000568,68.26,9680847,658543584.67,泸州老窖,000568.SZ
2017-12-22,sz.000568,66.12,13722485,914161204.22,泸州老窖,000568.SZ
2017-12-25,sz.000568,66.38,10984621,729514935.25,泸州老窖,000568.SZ
2017-12-26,sz.000568,65.34,8148809,532674370.3,泸州老窖,000568.SZ
2017-12-27,sz.000568,63.7,8730990,564515783.15,泸州老窖,000568.SZ
2017-12-28,sz.000568,66.35,18276198,1205672022.31,泸州老窖,000568.SZ
2017-12-29,sz.000568,66.0,12281448,819296082.79,泸州老窖,000568.SZ
2015-01-05,sz.000598,7.68,129811169,993083648.0,兴蓉环境,000598.SZ
2015-01-06,sz.000598,8.32,218129556,1737382880.0,兴蓉环境,000598.SZ
2015-01-07,sz.000598,7.91,162718523,1299805664.0,兴蓉环境,000598.SZ
2015-01-08,sz.000598,7.79,100833949,796025024.0,兴蓉环境,000598.SZ
2015-01-09,sz.000598,7.62,75255504,584214112.0,兴蓉环境,000598.SZ
2015-01-12,sz.000598,7.33,76524553,569270752.0,兴蓉环境,000598.SZ
2015-01-13,sz.000598,7.38,46926869,347110848.0,兴蓉环境,000598.SZ
2015-01-14,sz.000598,7.39,38297414,283506912.0,兴蓉环境,000598.SZ
2015-01-15,sz.000598,7.62,77617236,592720352.0,兴蓉环境,000598.SZ
2015-01-16,sz.000598,7.78,92266283,709380640.0,兴蓉环境,000598.SZ
2015-01-19,sz.000598,7.11,112466616,828102816.0,兴蓉环境,000598.SZ
2015-01-20,sz.000598,7.28,75750684,549412656.0,兴蓉环境,000598.SZ
2015-01-21,sz.000598,7.49,86975453,646172704.0,兴蓉环境,000598.SZ
2015-01-22,sz.000598,7.58,77728130,587045792.0,兴蓉环境,000598.SZ
2015-01-23,sz.000598,7.45,70904975,533875376.0,兴蓉环境,000598.SZ
2015-01-26,sz.000598,7.57,55010898,412913040.0,兴蓉环境,000598.SZ
2015-01-27,sz.000598,7.7,104522476,801177504.0,兴蓉环境,000598.SZ
2015-01-28,sz.000598,7.69,76729246,591696192.0,兴蓉环境,000598.SZ
2015-01-29,sz.000598,7.4,70561022,530242560.0,兴蓉环境,000598.SZ
2015-01-30,sz.000598,7.47,69339252,523486992.0,兴蓉环境,000598.SZ
2015-02-02,sz.000598,7.26,49937915,364630768.0,兴蓉环境,000598.SZ
2015-02-03,sz.000598,7.34,38898747,284132352.0,兴蓉环境,000598.SZ
2015-02-04,sz.000598,7.2,45750053,333959280.0,兴蓉环境,000598.SZ
2015-02-05,sz.000598,7.09,52466478,377730288.0,兴蓉环境,000598.SZ
2015-02-06,sz.000598,6.95,55009863,385084192.0,兴蓉环境,000598.SZ
2015-02-09,sz.000598,6.85,36548093,249786730.0,兴蓉环境,000598.SZ
2015-02-10,sz.000598,6.97,30171884,208156811.0,兴蓉环境,000598.SZ
2015-02-11,sz.000598,7.03,25650101,180263920.0,兴蓉环境,000598.SZ
2015-02-12,sz.000598,7.03,28089328,197308294.0,兴蓉环境,000598.SZ
2015-02-13,sz.000598,7.24,71934169,522372464.0,兴蓉环境,000598.SZ
2015-02-16,sz.000598,7.38,57164012,421910256.0,兴蓉环境,000598.SZ
2015-02-17,sz.000598,7.38,45968481,339306848.0,兴蓉环境,000598.SZ
2015-02-25,sz.000598,7.61,101416000,774579760.0,兴蓉环境,000598.SZ
2015-02-26,sz.000598,7.79,137841482,1075897168.0,兴蓉环境,000598.SZ
2015-02-27,sz.000598,7.76,68882957,533390432.0,兴蓉环境,000598.SZ
2015-03-02,sz.000598,8.05,160171536,1293558224.0,兴蓉环境,000598.SZ
2015-03-03,sz.000598,8.35,248543238,2083131216.0,兴蓉环境,000598.SZ
2015-03-04,sz.000598,8.24,126792211,1034341760.0,兴蓉环境,000598.SZ
2015-03-05,sz.000598,8.2,108281594,899297296.0,兴蓉环境,000598.SZ
2015-03-06,sz.000598,7.93,94923505,759644304.0,兴蓉环境,000598.SZ
2015-03-09,sz.000598,8.01,57037641,455290528.0,兴蓉环境,000598.SZ
2015-03-10,sz.000598,7.92,62412196,495003904.0,兴蓉环境,000598.SZ
2015-03-11,sz.000598,7.79,72835570,568967280.0,兴蓉环境,000598.SZ
2015-03-12,sz.000598,7.87,65124009,512933648.0,兴蓉环境,000598.SZ
2015-03-13,sz.000598,7.95,53641972,423398432.0,兴蓉环境,000598.SZ
2015-03-16,sz.000598,8.2,108842446,887532000.0,兴蓉环境,000598.SZ
2015-03-17,sz.000598,8.22,104009841,853491504.0,兴蓉环境,000598.SZ
2015-03-18,sz.000598,8.34,125521938,1040233312.0,兴蓉环境,000598.SZ
2015-03-19,sz.000598,8.26,100814247,833025344.0,兴蓉环境,000598.SZ
2015-03-20,sz.000598,8.37,131654845,1106314208.0,兴蓉环境,000598.SZ
2015-03-23,sz.000598,8.67,184448974,1575201840.0,兴蓉环境,000598.SZ
2015-03-24,sz.000598,8.9,241155150,2101398816.0,兴蓉环境,000598.SZ
2015-03-25,sz.000598,9.07,199190101,1815627600.0,兴蓉环境,000598.SZ
2015-03-26,sz.000598,8.77,130240641,1153545536.0,兴蓉环境,000598.SZ
2015-03-27,sz.000598,8.84,80951889,712869968.0,兴蓉环境,000598.SZ
2015-03-30,sz.000598,8.99,109231985,981354112.0,兴蓉环境,000598.SZ
2015-03-31,sz.000598,8.89,98035589,878869136.0,兴蓉环境,000598.SZ
2015-04-01,sz.000598,8.98,84238515,755796528.0,兴蓉环境,000598.SZ
2015-04-02,sz.000598,9.29,153854771,1420346320.0,兴蓉环境,000598.SZ
2015-04-03,sz.000598,9.24,114097671,1052318544.0,兴蓉环境,000598.SZ
2015-04-07,sz.000598,9.33,124217157,1157076144.0,兴蓉环境,000598.SZ
2015-04-08,sz.000598,9.09,135615197,1237176608.0,兴蓉环境,000598.SZ
2015-04-09,sz.000598,8.79,124919017,1097657680.0,兴蓉环境,000598.SZ
2015-04-10,sz.000598,9.05,106579542,952220032.0,兴蓉环境,000598.SZ
2015-04-13,sz.000598,9.23,130851545,1203611680.0,兴蓉环境,000598.SZ
2015-04-14,sz.000598,9.29,146795260,1371605264.0,兴蓉环境,000598.SZ
2015-04-15,sz.000598,9.73,226825735,2224591840.0,兴蓉环境,000598.SZ
2015-04-16,sz.000598,10.7,349075824,3617305408.0,兴蓉环境,000598.SZ
2015-04-17,sz.000598,10.76,397283856,4398879744.0,兴蓉环境,000598.SZ
2015-04-20,sz.000598,10.1,246771855,2551081872.0,兴蓉环境,000598.SZ
2015-04-21,sz.000598,10.41,133293438,1371863312.0,兴蓉环境,000598.SZ
2015-04-22,sz.000598,10.54,158189976,1682802352.0,兴蓉环境,000598.SZ
2015-04-23,sz.000598,10.35,138082264,1431109888.0,兴蓉环境,000598.SZ
2015-04-24,sz.000598,10.74,199310271,2108256640.0,兴蓉环境,000598.SZ
2015-04-27,sz.000598,10.65,154707252,1655133136.0,兴蓉环境,000598.SZ
2015-04-28,sz.000598,11.15,296326576,3247001840.0,兴蓉环境,000598.SZ
2015-04-29,sz.000598,10.9,146376175,1594207600.0,兴蓉环境,000598.SZ
2015-04-30,sz.000598,10.63,110369002,1191948160.0,兴蓉环境,000598.SZ
2015-05-04,sz.000598,10.66,92108209,972113600.0,兴蓉环境,000598.SZ
2015-05-05,sz.000598,9.91,124398327,1270243456.0,兴蓉环境,000598.SZ
2015-05-06,sz.000598,9.6,99622227,990720240.0,兴蓉环境,000598.SZ
2015-05-07,sz.000598,9.16,90839552,852317232.0,兴蓉环境,000598.SZ
2015-05-08,sz.000598,9.45,80324781,750555376.0,兴蓉环境,000598.SZ
2015-05-11,sz.000598,9.85,92681889,897163744.0,兴蓉环境,000598.SZ
2015-05-12,sz.000598,10.02,113835831,1133838752.0,兴蓉环境,000598.SZ
2015-05-13,sz.000598,9.81,90909265,898359584.0,兴蓉环境,000598.SZ
2015-05-14,sz.000598,9.95,99044336,996543216.0,兴蓉环境,000598.SZ
2015-05-15,sz.000598,9.51,92045960,881736464.0,兴蓉环境,000598.SZ
2015-05-18,sz.000598,9.42,69832807,666665024.0,兴蓉环境,000598.SZ
2015-05-19,sz.000598,9.73,85925388,833052224.0,兴蓉环境,000598.SZ
2015-05-20,sz.000598,9.88,131273626,1300008448.0,兴蓉环境,000598.SZ
2015-05-21,sz.000598,10.16,144211868,1445108176.0,兴蓉环境,000598.SZ
2015-05-22,sz.000598,10.56,196270693,2033436560.0,兴蓉环境,000598.SZ
2015-05-25,sz.000598,10.78,184583261,1981880048.0,兴蓉环境,000598.SZ
2015-05-26,sz.000598,10.85,194531932,2093717984.0,兴蓉环境,000598.SZ
2015-05-27,sz.000598,11.68,306048496,3500640384.0,兴蓉环境,000598.SZ
2015-05-28,sz.000598,10.51,260106881,2887201904.0,兴蓉环境,000598.SZ
2015-05-29,sz.000598,10.17,161824248,1658954080.0,兴蓉环境,000598.SZ
2015-06-01,sz.000598,10.67,117112410,1231018688.0,兴蓉环境,000598.SZ
2015-06-02,sz.000598,11.32,188185228,2066656496.0,兴蓉环境,000598.SZ
2015-06-03,sz.000598,11.07,157189060,1747486768.0,兴蓉环境,000598.SZ
2015-06-04,sz.000598,12.05,282993936,3253007664.0,兴蓉环境,000598.SZ
2015-06-05,sz.000598,12.1,279465120,3350390416.0,兴蓉环境,000598.SZ
2015-06-08,sz.000598,12.24,244715075,3002789184.0,兴蓉环境,000598.SZ
2015-06-09,sz.000598,11.96,177546649,2150109648.0,兴蓉环境,000598.SZ
2015-06-10,sz.000598,11.87,132829010,1581417248.0,兴蓉环境,000598.SZ
2015-06-11,sz.000598,12.4,203355852,2511142112.0,兴蓉环境,000598.SZ
2015-06-12,sz.000598,12.33,167843632,2083973168.0,兴蓉环境,000598.SZ
2015-06-15,sz.000598,12.65,218196707,2759523952.0,兴蓉环境,000598.SZ
2015-06-16,sz.000598,11.94,153919870,1876689552.0,兴蓉环境,000598.SZ
2015-06-17,sz.000598,12.22,127848943,1523456704.0,兴蓉环境,000598.SZ
2015-06-18,sz.000598,11.89,112362421,1373778064.0,兴蓉环境,000598.SZ
2015-06-19,sz.000598,10.7,112859336,1264498736.0,兴蓉环境,000598.SZ
2015-06-23,sz.000598,10.93,95187823,1001432928.0,兴蓉环境,000598.SZ
2015-06-24,sz.000598,11.38,113069295,1271739760.0,兴蓉环境,000598.SZ
2015-06-25,sz.000598,10.8,96033405,1069296672.0,兴蓉环境,000598.SZ
2015-06-26,sz.000598,9.72,102461816,1028155696.0,兴蓉环境,000598.SZ
2015-06-29,sz.000598,8.75,131937395,1220072576.0,兴蓉环境,000598.SZ
2015-06-30,sz.000598,9.57,133080599,1186560880.0,兴蓉环境,000598.SZ
2015-07-01,sz.000598,8.92,119503281,1138837040.0,兴蓉环境,000598.SZ
2015-07-02,sz.000598,8.14,113311043,977886224.0,兴蓉环境,000598.SZ
2015-07-03,sz.000598,7.33,139068240,1059823360.0,兴蓉环境,000598.SZ
2015-07-06,sz.000598,7.29,146941890,1087226160.0,兴蓉环境,000598.SZ
2015-07-07,sz.000598,6.56,151579293,1005173584.0,兴蓉环境,000598.SZ
2015-07-08,sz.000598,5.9,156292509,924090208.0,兴蓉环境,000598.SZ
2015-07-09,sz.000598,6.49,142337519,889042656.0,兴蓉环境,000598.SZ
2015-07-10,sz.000598,7.14,124269894,877061856.0,兴蓉环境,000598.SZ
2015-07-13,sz.000598,7.85,173321739,1325589296.0,兴蓉环境,000598.SZ
2015-07-14,sz.000598,7.79,221772414,1760299872.0,兴蓉环境,000598.SZ
2015-07-15,sz.000598,7.01,129901581,942530112.0,兴蓉环境,000598.SZ
2015-07-16,sz.000598,7.17,102360020,724764912.0,兴蓉环境,000598.SZ
2015-07-17,sz.000598,7.7,102340651,770393344.0,兴蓉环境,000598.SZ
2015-07-20,sz.000598,7.76,114107935,889714544.0,兴蓉环境,000598.SZ
2015-07-21,sz.000598,8.01,124608099,986443424.0,兴蓉环境,000598.SZ
2015-07-22,sz.000598,8.02,113802320,909027504.0,兴蓉环境,000598.SZ
2015-07-23,sz.000598,8.31,132271941,1085197248.0,兴蓉环境,000598.SZ
2015-07-24,sz.000598,7.99,149989202,1227289824.0,兴蓉环境,000598.SZ
2015-07-27,sz.000598,7.19,107408495,823412272.0,兴蓉环境,000598.SZ
2015-07-28,sz.000598,6.99,124290711,857155552.0,兴蓉环境,000598.SZ
2015-07-29,sz.000598,7.49,85469382,611762000.0,兴蓉环境,000598.SZ
2015-07-30,sz.000598,7.19,79751440,594529808.0,兴蓉环境,000598.SZ
2015-07-31,sz.000598,7.3,66413068,479253504.0,兴蓉环境,000598.SZ
2015-08-03,sz.000598,7.73,95634873,705683760.0,兴蓉环境,000598.SZ
2015-08-04,sz.000598,8.06,105682999,831758656.0,兴蓉环境,000598.SZ
2015-08-05,sz.000598,7.98,121108739,978305120.0,兴蓉环境,000598.SZ
2015-08-06,sz.000598,7.92,61236386,487005664.0,兴蓉环境,000598.SZ
2015-08-07,sz.000598,8.12,82867106,671419792.0,兴蓉环境,000598.SZ
2015-08-10,sz.000598,8.43,133675420,1109877920.0,兴蓉环境,000598.SZ
2015-08-11,sz.000598,8.39,155436065,1333683504.0,兴蓉环境,000598.SZ
2015-08-12,sz.000598,8.18,92798309,771908064.0,兴蓉环境,000598.SZ
2015-08-13,sz.000598,8.39,80007872,659825104.0,兴蓉环境,000598.SZ
2015-08-14,sz.000598,8.29,89199433,746722768.0,兴蓉环境,000598.SZ
2015-08-17,sz.000598,8.46,81414270,681210672.0,兴蓉环境,000598.SZ
2015-08-18,sz.000598,7.61,121642067,988002320.0,兴蓉环境,000598.SZ
2015-08-19,sz.000598,7.85,88101978,662831856.0,兴蓉环境,000598.SZ
2015-08-20,sz.000598,7.5,61263964,470176032.0,兴蓉环境,000598.SZ
2015-08-21,sz.000598,7.04,59922169,433514304.0,兴蓉环境,000598.SZ
2015-08-24,sz.000598,6.34,53629963,345796528.0,兴蓉环境,000598.SZ
2015-08-25,sz.000598,5.71,91576375,526159008.0,兴蓉环境,000598.SZ
2015-08-26,sz.000598,5.44,89254356,509847632.0,兴蓉环境,000598.SZ
2015-08-27,sz.000598,5.8,61038416,344393008.0,兴蓉环境,000598.SZ
2015-08-28,sz.000598,6.2,87270334,524948256.0,兴蓉环境,000598.SZ
2015-08-31,sz.000598,6.33,83872356,512858128.0,兴蓉环境,000598.SZ
2015-09-01,sz.000598,6.36,90917638,561927184.0,兴蓉环境,000598.SZ
2015-09-02,sz.000598,6.38,90608484,572018992.0,兴蓉环境,000598.SZ
2015-09-07,sz.000598,6.26,54057301,350429808.0,兴蓉环境,000598.SZ
2015-09-08,sz.000598,6.48,40074484,252488631.0,兴蓉环境,000598.SZ
2015-09-09,sz.000598,6.64,64064028,422787424.0,兴蓉环境,000598.SZ
2015-09-10,sz.000598,6.51,45187368,298967408.0,兴蓉环境,000598.SZ
2015-09-11,sz.000598,6.52,33808746,220892797.0,兴蓉环境,000598.SZ
2015-09-14,sz.000598,5.87,82725757,507500208.0,兴蓉环境,000598.SZ
2015-09-15,sz.000598,5.44,50163301,279289520.0,兴蓉环境,000598.SZ
2015-09-16,sz.000598,5.98,49819792,284804976.0,兴蓉环境,000598.SZ
2015-09-17,sz.000598,5.72,55078103,327028224.0,兴蓉环境,000598.SZ
2015-09-18,sz.000598,5.79,28129183,162890387.0,兴蓉环境,000598.SZ
2015-09-21,sz.000598,5.97,35446267,207959336.0,兴蓉环境,000598.SZ
2015-09-22,sz.000598,5.99,38398392,229740794.0,兴蓉环境,000598.SZ
2015-09-23,sz.000598,5.81,28548376,167577492.0,兴蓉环境,000598.SZ
2015-09-24,sz.000598,5.87,23987560,140345883.0,兴蓉环境,000598.SZ
2015-09-25,sz.000598,5.95,65245127,386647360.0,兴蓉环境,000598.SZ
2015-09-28,sz.000598,5.92,33932967,198584912.0,兴蓉环境,000598.SZ
2015-09-29,sz.000598,5.74,23763900,137519398.0,兴蓉环境,000598.SZ
2015-09-30,sz.000598,5.73,17698956,102006091.0,兴蓉环境,000598.SZ
2015-10-08,sz.000598,5.94,43975612,261272075.0,兴蓉环境,000598.SZ
2015-10-09,sz.000598,6.05,47703732,287043664.0,兴蓉环境,000598.SZ
2015-10-12,sz.000598,6.37,71918237,452552912.0,兴蓉环境,000598.SZ
2015-10-13,sz.000598,6.4,59894130,379753904.0,兴蓉环境,000598.SZ
2015-10-14,sz.000598,6.31,49035632,311582448.0,兴蓉环境,000598.SZ
2015-10-15,sz.000598,6.52,66308790,428119280.0,兴蓉环境,000598.SZ
2015-10-16,sz.000598,7.17,103309561,718830496.0,兴蓉环境,000598.SZ
2015-10-19,sz.000598,7.8,331429408,2569402560.0,兴蓉环境,000598.SZ
2015-10-20,sz.000598,7.62,167917318,1268294320.0,兴蓉环境,000598.SZ
2015-10-21,sz.000598,6.88,208301905,1519208544.0,兴蓉环境,000598.SZ
2015-10-22,sz.000598,7.2,134798261,955777152.0,兴蓉环境,000598.SZ
2015-10-23,sz.000598,7.56,179810916,1321590928.0,兴蓉环境,000598.SZ
2015-10-26,sz.000598,7.53,190628756,1467736800.0,兴蓉环境,000598.SZ
2015-10-27,sz.000598,7.43,92540922,675460272.0,兴蓉环境,000598.SZ
2015-10-28,sz.000598,7.97,325275152,2625563984.0,兴蓉环境,000598.SZ
2015-10-29,sz.000598,7.86,185823700,1459583488.0,兴蓉环境,000598.SZ
2015-10-30,sz.000598,7.87,144464300,1141393792.0,兴蓉环境,000598.SZ
2015-11-02,sz.000598,7.44,104083903,796487392.0,兴蓉环境,000598.SZ
2015-11-03,sz.000598,7.37,82512962,610157904.0,兴蓉环境,000598.SZ
2015-11-04,sz.000598,7.8,108243072,824774208.0,兴蓉环境,000598.SZ
2015-11-05,sz.000598,7.88,165534737,1291597792.0,兴蓉环境,000598.SZ
2015-11-06,sz.000598,8.0,118680555,944766464.0,兴蓉环境,000598.SZ
2015-11-09,sz.000598,7.88,145858774,1157354416.0,兴蓉环境,000598.SZ
2015-11-10,sz.000598,7.84,164026555,1314614240.0,兴蓉环境,000598.SZ
2015-11-11,sz.000598,7.82,117700736,914967680.0,兴蓉环境,000598.SZ
2015-11-12,sz.000598,7.78,100968194,781969792.0,兴蓉环境,000598.SZ
2015-11-13,sz.000598,7.87,123014777,960323088.0,兴蓉环境,000598.SZ
2015-11-16,sz.000598,8.29,169173441,1360085808.0,兴蓉环境,000598.SZ
2015-11-17,sz.000598,8.17,251194012,2091947136.0,兴蓉环境,000598.SZ
2015-11-18,sz.000598,7.85,119122713,955503136.0,兴蓉环境,000598.SZ
2015-11-19,sz.000598,8.08,71262545,565159200.0,兴蓉环境,000598.SZ
2015-11-20,sz.000598,8.05,110379084,892764784.0,兴蓉环境,000598.SZ
2015-11-23,sz.000598,7.83,95862413,761690976.0,兴蓉环境,000598.SZ
2015-11-24,sz.000598,7.92,56238136,441649984.0,兴蓉环境,000598.SZ
2015-11-25,sz.000598,8.05,76412029,608998992.0,兴蓉环境,000598.SZ
2015-11-26,sz.000598,7.89,77120989,616756880.0,兴蓉环境,000598.SZ
2015-11-27,sz.000598,7.23,107592607,811808896.0,兴蓉环境,000598.SZ
2015-11-30,sz.000598,7.37,73562447,532077776.0,兴蓉环境,000598.SZ
2015-12-01,sz.000598,7.43,64738699,480281600.0,兴蓉环境,000598.SZ
2015-12-02,sz.000598,7.37,54382084,396703696.0,兴蓉环境,000598.SZ
2015-12-03,sz.000598,7.44,46728504,346470880.0,兴蓉环境,000598.SZ
2015-12-04,sz.000598,7.3,51430623,377258080.0,兴蓉环境,000598.SZ
2015-12-07,sz.000598,7.31,40469306,295676352.0,兴蓉环境,000598.SZ
2015-12-08,sz.000598,7.23,53134395,388744080.0,兴蓉环境,000598.SZ
2015-12-09,sz.000598,7.11,39452651,281374304.0,兴蓉环境,000598.SZ
2015-12-10,sz.000598,7.04,35871696,254751902.0,兴蓉环境,000598.SZ
2015-12-11,sz.000598,6.93,37124600,259205335.0,兴蓉环境,000598.SZ
2015-12-14,sz.000598,7.14,35195708,247082059.0,兴蓉环境,000598.SZ
2015-12-15,sz.000598,7.2,42303748,306559184.0,兴蓉环境,000598.SZ
2015-12-16,sz.000598,7.18,32559254,234965352.0,兴蓉环境,000598.SZ
2015-12-17,sz.000598,7.32,46995579,342725216.0,兴蓉环境,000598.SZ
2015-12-18,sz.000598,7.27,36465631,265848414.0,兴蓉环境,000598.SZ
2015-12-21,sz.000598,7.36,51916092,380021168.0,兴蓉环境,000598.SZ
2015-12-22,sz.000598,7.37,43961275,322745760.0,兴蓉环境,000598.SZ
2015-12-23,sz.000598,7.4,69997188,518956016.0,兴蓉环境,000598.SZ
2015-12-24,sz.000598,7.29,37253978,272853856.0,兴蓉环境,000598.SZ
2015-12-25,sz.000598,7.36,28845589,212354062.0,兴蓉环境,000598.SZ
2015-12-28,sz.000598,7.14,46152861,336191328.0,兴蓉环境,000598.SZ
2015-12-29,sz.000598,7.19,27252935,194410986.0,兴蓉环境,000598.SZ
2015-12-30,sz.000598,7.23,28351377,204086226.0,兴蓉环境,000598.SZ
2015-12-31,sz.000598,7.12,26806919,192482847.0,兴蓉环境,000598.SZ
2016-01-04,sz.000598,6.43,38398979,262126289.0,兴蓉环境,000598.SZ
2016-01-05,sz.000598,6.47,51302344,327574192.0,兴蓉环境,000598.SZ
2016-01-06,sz.000598,6.64,39042642,254606865.0,兴蓉环境,000598.SZ
2016-01-07,sz.000598,6.03,11214300,70646168.0,兴蓉环境,000598.SZ
2016-01-08,sz.000598,6.18,49798774,310133792.0,兴蓉环境,000598.SZ
2016-01-11,sz.000598,5.78,48403050,290607776.0,兴蓉环境,000598.SZ
2016-01-12,sz.000598,5.87,28762441,168470330.0,兴蓉环境,000598.SZ
2016-01-13,sz.000598,5.68,30885220,180193902.0,兴蓉环境,000598.SZ
2016-01-14,sz.000598,5.82,36308730,206512386.0,兴蓉环境,000598.SZ
2016-01-15,sz.000598,5.59,35559589,203618991.0,兴蓉环境,000598.SZ
2016-01-18,sz.000598,5.66,27392341,154209909.0,兴蓉环境,000598.SZ
2016-01-19,sz.000598,5.85,36185712,208319788.0,兴蓉环境,000598.SZ
2016-01-20,sz.000598,5.8,32485027,188900938.0,兴蓉环境,000598.SZ
2016-01-21,sz.000598,5.53,30157327,171962008.0,兴蓉环境,000598.SZ
2016-01-22,sz.000598,5.63,23501365,131625144.0,兴蓉环境,000598.SZ
2016-01-25,sz.000598,5.67,19536183,111445346.0,兴蓉环境,000598.SZ
2016-01-26,sz.000598,5.15,38303320,207893485.0,兴蓉环境,000598.SZ
2016-01-27,sz.000598,5.14,39288233,199501852.0,兴蓉环境,000598.SZ
2016-01-28,sz.000598,4.92,25768013,129595758.0,兴蓉环境,000598.SZ
2016-01-29,sz.000598,5.12,29977754,152052759.0,兴蓉环境,000598.SZ
2016-02-01,sz.000598,5.09,23985596,121473031.0,兴蓉环境,000598.SZ
2016-02-02,sz.000598,5.23,26688904,138586325.0,兴蓉环境,000598.SZ
2016-02-03,sz.000598,5.19,22065566,113462820.0,兴蓉环境,000598.SZ
2016-02-04,sz.000598,5.3,30738877,161901566.0,兴蓉环境,000598.SZ
2016-02-05,sz.000598,5.23,21859011,114984633.0,兴蓉环境,000598.SZ
2016-02-15,sz.000598,5.17,22129307,113499004.0,兴蓉环境,000598.SZ
2016-02-16,sz.000598,5.38,36897641,196874564.0,兴蓉环境,000598.SZ
2016-02-17,sz.000598,5.49,42534035,230468083.0,兴蓉环境,000598.SZ
2016-02-18,sz.000598,5.43,36438236,199921573.0,兴蓉环境,000598.SZ
2016-02-19,sz.000598,5.46,24483755,133607936.0,兴蓉环境,000598.SZ
2016-02-22,sz.000598,5.58,36854312,204553737.0,兴蓉环境,000598.SZ
2016-02-23,sz.000598,5.51,32279161,178236351.0,兴蓉环境,000598.SZ
2016-02-24,sz.000598,5.62,36954209,204314127.0,兴蓉环境,000598.SZ
2016-02-25,sz.000598,5.28,94688083,529707424.0,兴蓉环境,000598.SZ
2016-02-26,sz.000598,5.68,130401455,735529968.0,兴蓉环境,000598.SZ
2016-02-29,sz.000598,5.35,87243917,465694896.0,兴蓉环境,000598.SZ
2016-03-01,sz.000598,5.8,129831485,735155056.0,兴蓉环境,000598.SZ
2016-03-02,sz.000598,6.01,150286079,880380000.0,兴蓉环境,000598.SZ
2016-03-03,sz.000598,5.92,114709740,686648784.0,兴蓉环境,000598.SZ
2016-03-04,sz.000598,5.75,89626180,523505968.0,兴蓉环境,000598.SZ
2016-03-07,sz.000598,5.94,59975121,351530880.0,兴蓉环境,000598.SZ
2016-03-08,sz.000598,5.87,55735990,322127776.0,兴蓉环境,000598.SZ
2016-03-09,sz.000598,5.68,38642495,220666435.0,兴蓉环境,000598.SZ
2016-03-10,sz.000598,5.61,32478731,184117164.0,兴蓉环境,000598.SZ
2016-03-11,sz.000598,5.66,27549529,154361042.0,兴蓉环境,000598.SZ
2016-03-14,sz.000598,5.79,50372417,292239984.0,兴蓉环境,000598.SZ
2016-03-15,sz.000598,5.81,57408596,337169552.0,兴蓉环境,000598.SZ
2016-03-16,sz.000598,5.69,37463218,215723636.0,兴蓉环境,000598.SZ
2016-03-17,sz.000598,5.82,42630692,246452096.0,兴蓉环境,000598.SZ
2016-03-18,sz.000598,5.98,100222710,594987824.0,兴蓉环境,000598.SZ
2016-03-21,sz.000598,6.08,83984068,507566592.0,兴蓉环境,000598.SZ
2016-03-22,sz.000598,6.01,66336820,399155600.0,兴蓉环境,000598.SZ
2016-03-23,sz.000598,6.02,41292077,247465923.0,兴蓉环境,000598.SZ
2016-03-24,sz.000598,5.89,43368368,257310668.0,兴蓉环境,000598.SZ
2016-03-25,sz.000598,5.92,24046584,141945577.0,兴蓉环境,000598.SZ
2016-03-28,sz.000598,5.84,40531888,239855850.0,兴蓉环境,000598.SZ
2016-03-29,sz.000598,5.78,35702766,207619205.0,兴蓉环境,000598.SZ
2016-03-30,sz.000598,6.0,60980607,361207488.0,兴蓉环境,000598.SZ
2016-03-31,sz.000598,5.94,41373538,246748237.0,兴蓉环境,000598.SZ
2016-04-01,sz.000598,5.89,31603730,185762537.0,兴蓉环境,000598.SZ
2016-04-05,sz.000598,5.99,51450772,306644832.0,兴蓉环境,000598.SZ
2016-04-06,sz.000598,5.97,33460188,199709412.0,兴蓉环境,000598.SZ
2016-04-07,sz.000598,5.84,40376616,238471775.0,兴蓉环境,000598.SZ
2016-04-08,sz.000598,5.77,32717277,189302159.0,兴蓉环境,000598.SZ
2016-04-11,sz.000598,5.9,31325318,184506785.0,兴蓉环境,000598.SZ
2016-04-12,sz.000598,5.82,28843995,167883899.0,兴蓉环境,000598.SZ
2016-04-13,sz.000598,5.92,51430110,304908704.0,兴蓉环境,000598.SZ
2016-04-14,sz.000598,5.98,41391007,246399688.0,兴蓉环境,000598.SZ
2016-04-15,sz.000598,5.9,29174935,172290781.0,兴蓉环境,000598.SZ
2016-04-18,sz.000598,5.78,31473072,182613757.0,兴蓉环境,000598.SZ
2016-04-19,sz.000598,5.81,22756844,132443056.0,兴蓉环境,000598.SZ
2016-04-20,sz.000598,5.56,47925652,269427984.0,兴蓉环境,000598.SZ
2016-04-21,sz.000598,5.46,23891961,132457968.0,兴蓉环境,000598.SZ
2016-04-22,sz.000598,5.49,16223911,88749635.0,兴蓉环境,000598.SZ
2016-04-25,sz.000598,5.48,13187092,72035150.0,兴蓉环境,000598.SZ
2016-04-26,sz.000598,5.52,13306565,73145883.0,兴蓉环境,000598.SZ
2016-04-27,sz.000598,5.47,15313816,84315520.0,兴蓉环境,000598.SZ
2016-04-28,sz.000598,5.47,17901838,97566051.0,兴蓉环境,000598.SZ
2016-04-29,sz.000598,5.47,11047355,60356195.0,兴蓉环境,000598.SZ
2016-05-03,sz.000598,5.61,24772848,137696176.0,兴蓉环境,000598.SZ
2016-05-04,sz.000598,5.59,19092341,106838763.0,兴蓉环境,000598.SZ
2016-05-05,sz.000598,5.63,20433687,114574119.0,兴蓉环境,000598.SZ
2016-05-06,sz.000598,5.45,27229175,150558616.0,兴蓉环境,000598.SZ
2016-05-09,sz.000598,5.31,24521572,131024287.0,兴蓉环境,000598.SZ
2016-05-10,sz.000598,5.33,11448394,60971018.0,兴蓉环境,000598.SZ
2016-05-11,sz.000598,5.34,14548749,78049571.0,兴蓉环境,000598.SZ
2016-05-12,sz.000598,5.3,16741875,88135081.0,兴蓉环境,000598.SZ
2016-05-13,sz.000598,5.3,12792451,68112193.0,兴蓉环境,000598.SZ
2016-05-16,sz.000598,5.33,13521376,71585149.0,兴蓉环境,000598.SZ
2016-05-17,sz.000598,5.33,12804121,68228835.0,兴蓉环境,000598.SZ
2016-05-18,sz.000598,5.27,26013804,136192574.0,兴蓉环境,000598.SZ
2016-05-19,sz.000598,5.24,14468803,76245301.0,兴蓉环境,000598.SZ
2016-05-20,sz.000598,5.27,11115578,58368886.0,兴蓉环境,000598.SZ
2016-05-23,sz.000598,5.3,12736390,67483654.0,兴蓉环境,000598.SZ
2016-05-24,sz.000598,5.22,12722033,66628736.0,兴蓉环境,000598.SZ
2016-05-25,sz.000598,5.23,12041305,63262833.0,兴蓉环境,000598.SZ
2016-05-26,sz.000598,5.23,16043488,83244939.0,兴蓉环境,000598.SZ
2016-05-27,sz.000598,5.21,10987756,57359300.0,兴蓉环境,000598.SZ
2016-05-30,sz.000598,5.2,10543333,54902814.0,兴蓉环境,000598.SZ
2016-05-31,sz.000598,5.37,33989253,180838650.0,兴蓉环境,000598.SZ
2016-06-01,sz.000598,5.35,21817158,117099467.0,兴蓉环境,000598.SZ
2016-06-02,sz.000598,5.37,21156326,113487742.0,兴蓉环境,000598.SZ
2016-06-03,sz.000598,5.39,26907651,144434043.0,兴蓉环境,000598.SZ
2016-06-06,sz.000598,5.38,16248282,87411496.0,兴蓉环境,000598.SZ
2016-06-07,sz.000598,5.37,16402005,87833131.0,兴蓉环境,000598.SZ
2016-06-08,sz.000598,5.32,26889279,143252279.0,兴蓉环境,000598.SZ
2016-06-13,sz.000598,5.14,26733101,139334825.0,兴蓉环境,000598.SZ
2016-06-14,sz.000598,5.15,16388748,84254403.0,兴蓉环境,000598.SZ
2016-06-15,sz.000598,5.23,25259003,131291352.0,兴蓉环境,000598.SZ
2016-06-16,sz.000598,5.17,17542751,90943679.0,兴蓉环境,000598.SZ
2016-06-17,sz.000598,5.19,16674819,86705550.0,兴蓉环境,000598.SZ
2016-06-20,sz.000598,5.18,11446900,59163721.0,兴蓉环境,000598.SZ
2016-06-21,sz.000598,5.17,16377241,85151096.0,兴蓉环境,000598.SZ
2016-06-22,sz.000598,5.27,27081650,141646216.0,兴蓉环境,000598.SZ
2016-06-23,sz.000598,5.21,17464403,91188882.0,兴蓉环境,000598.SZ
2016-06-24,sz.000598,5.14,26158340,135052395.0,兴蓉环境,000598.SZ
2016-06-27,sz.000598,5.18,26683088,137557034.0,兴蓉环境,000598.SZ
2016-06-28,sz.000598,5.23,27736730,144146474.0,兴蓉环境,000598.SZ
2016-06-29,sz.000598,5.27,33959179,178747728.0,兴蓉环境,000598.SZ
2016-06-30,sz.000598,5.28,23713375,125197339.0,兴蓉环境,000598.SZ
2016-07-01,sz.000598,5.26,22118140,116562420.0,兴蓉环境,000598.SZ
2016-07-04,sz.000598,5.34,30359832,161699387.0,兴蓉环境,000598.SZ
2016-07-05,sz.000598,5.37,31407984,168201731.0,兴蓉环境,000598.SZ
2016-07-06,sz.000598,5.4,37292044,200953688.0,兴蓉环境,000598.SZ
2016-07-07,sz.000598,5.39,27539251,148249553.0,兴蓉环境,000598.SZ
2016-07-08,sz.000598,5.39,21189635,114359174.0,兴蓉环境,000598.SZ
2016-07-11,sz.000598,5.37,28218303,152430221.0,兴蓉环境,000598.SZ
2016-07-12,sz.000598,5.45,41213396,222591863.0,兴蓉环境,000598.SZ
2016-07-13,sz.000598,5.55,66745500,367892816.0,兴蓉环境,000598.SZ
2016-07-14,sz.000598,5.52,35998699,197901917.0,兴蓉环境,000598.SZ
2016-07-15,sz.000598,5.48,24164047,132882667.0,兴蓉环境,000598.SZ
2016-07-18,sz.000598,5.43,27376361,149062804.0,兴蓉环境,000598.SZ
2016-07-19,sz.000598,5.44,19309020,104747458.0,兴蓉环境,000598.SZ
2016-07-20,sz.000598,5.44,16990856,92617733.0,兴蓉环境,000598.SZ
2016-07-21,sz.000598,5.5,41627211,229716206.0,兴蓉环境,000598.SZ
2016-07-22,sz.000598,5.42,22382959,122028940.0,兴蓉环境,000598.SZ
2016-07-25,sz.000598,5.44,15547600,84495765.0,兴蓉环境,000598.SZ
2016-07-26,sz.000598,5.52,33342448,182675373.0,兴蓉环境,000598.SZ
2016-07-27,sz.000598,5.35,48018868,260233867.0,兴蓉环境,000598.SZ
2016-07-28,sz.000598,5.4,22744439,122187030.0,兴蓉环境,000598.SZ
2016-07-29,sz.000598,5.53,61487924,338124864.0,兴蓉环境,000598.SZ
2016-08-01,sz.000598,5.44,33259315,180657822.0,兴蓉环境,000598.SZ
2016-08-02,sz.000598,5.58,41518034,228514144.0,兴蓉环境,000598.SZ
2016-08-03,sz.000598,5.6,51199082,285385888.0,兴蓉环境,000598.SZ
2016-08-04,sz.000598,5.59,34822242,193688165.0,兴蓉环境,000598.SZ
2016-08-05,sz.000598,5.5,31380915,173823955.0,兴蓉环境,000598.SZ
2016-08-08,sz.000598,5.65,42185169,235225395.0,兴蓉环境,000598.SZ
2016-08-09,sz.000598,5.78,106073398,609827680.0,兴蓉环境,000598.SZ
2016-08-10,sz.000598,5.72,38778459,221902690.0,兴蓉环境,000598.SZ
2016-08-11,sz.000598,5.59,36214866,204673684.0,兴蓉环境,000598.SZ
2016-08-12,sz.000598,5.68,27945762,157481077.0,兴蓉环境,000598.SZ
2016-08-15,sz.000598,5.8,63504672,367489440.0,兴蓉环境,000598.SZ
2016-08-16,sz.000598,5.9,102926403,605761024.0,兴蓉环境,000598.SZ
2016-08-17,sz.000598,5.9,62995137,372043872.0,兴蓉环境,000598.SZ
2016-08-18,sz.000598,5.86,35417421,208136243.0,兴蓉环境,000598.SZ
2016-08-19,sz.000598,5.89,28525127,166867801.0,兴蓉环境,000598.SZ
2016-08-22,sz.000598,5.75,47914865,279100080.0,兴蓉环境,000598.SZ
2016-08-23,sz.000598,5.75,26333661,151375875.0,兴蓉环境,000598.SZ
2016-08-24,sz.000598,5.76,30533076,177191512.0,兴蓉环境,000598.SZ
2016-08-25,sz.000598,5.76,24778938,141902142.0,兴蓉环境,000598.SZ
2016-08-26,sz.000598,5.85,42431910,247756164.0,兴蓉环境,000598.SZ
2016-08-29,sz.000598,6.02,110941319,665853216.0,兴蓉环境,000598.SZ
2016-08-30,sz.000598,5.94,48519321,288342080.0,兴蓉环境,000598.SZ
2016-08-31,sz.000598,5.93,35017859,207554917.0,兴蓉环境,000598.SZ
2016-09-01,sz.000598,5.85,31246101,184467451.0,兴蓉环境,000598.SZ
2016-09-02,sz.000598,5.85,28271073,165082385.0,兴蓉环境,000598.SZ
2016-09-05,sz.000598,5.88,30246627,178813276.0,兴蓉环境,000598.SZ
2016-09-06,sz.000598,6.1,100751975,605379792.0,兴蓉环境,000598.SZ
2016-09-07,sz.000598,6.25,181057806,1146112944.0,兴蓉环境,000598.SZ
2016-09-08,sz.000598,6.23,87838232,543738640.0,兴蓉环境,000598.SZ
2016-09-09,sz.000598,6.1,60587280,372544240.0,兴蓉环境,000598.SZ
2016-09-12,sz.000598,6.0,64700261,388778576.0,兴蓉环境,000598.SZ
2016-09-13,sz.000598,6.1,53397891,323153904.0,兴蓉环境,000598.SZ
2016-09-14,sz.000598,5.98,39548772,237619707.0,兴蓉环境,000598.SZ
2016-09-19,sz.000598,6.03,27052660,162552523.0,兴蓉环境,000598.SZ
2016-09-20,sz.000598,6.14,51125403,312230144.0,兴蓉环境,000598.SZ
2016-09-21,sz.000598,6.08,35560438,216315277.0,兴蓉环境,000598.SZ
2016-09-22,sz.000598,6.09,39346879,240267360.0,兴蓉环境,000598.SZ
2016-09-23,sz.000598,6.07,32472042,198295553.0,兴蓉环境,000598.SZ
2016-09-26,sz.000598,5.84,45269937,270329056.0,兴蓉环境,000598.SZ
2016-09-27,sz.000598,5.83,39139739,226874283.0,兴蓉环境,000598.SZ
2016-09-28,sz.000598,5.81,19687839,114661349.0,兴蓉环境,000598.SZ
2016-09-29,sz.000598,5.8,19926715,116196981.0,兴蓉环境,000598.SZ
2016-09-30,sz.000598,5.78,31556429,182887890.0,兴蓉环境,000598.SZ
2016-10-10,sz.000598,5.94,39119104,230727868.0,兴蓉环境,000598.SZ
2016-10-11,sz.000598,5.96,29728765,176435602.0,兴蓉环境,000598.SZ
2016-10-12,sz.000598,6.05,39930785,239404932.0,兴蓉环境,000598.SZ
2016-10-13,sz.000598,6.21,105466303,652257168.0,兴蓉环境,000598.SZ
2016-10-14,sz.000598,6.19,55888181,346912816.0,兴蓉环境,000598.SZ
2016-10-17,sz.000598,6.04,47829599,292623680.0,兴蓉环境,000598.SZ
2016-10-18,sz.000598,6.16,35299600,215524133.0,兴蓉环境,000598.SZ
2016-10-19,sz.000598,6.13,30683869,187813087.0,兴蓉环境,000598.SZ
2016-10-20,sz.000598,6.12,31849465,194786747.0,兴蓉环境,000598.SZ
2016-10-21,sz.000598,6.08,30247125,184020534.0,兴蓉环境,000598.SZ
2016-10-24,sz.000598,6.17,39644848,243551413.0,兴蓉环境,000598.SZ
2016-10-25,sz.000598,6.15,30016144,184809893.0,兴蓉环境,000598.SZ
2016-10-26,sz.000598,6.07,30697577,186835215.0,兴蓉环境,000598.SZ
2016-10-27,sz.000598,6.08,17464975,106001357.0,兴蓉环境,000598.SZ
2016-10-28,sz.000598,5.99,26800526,161917515.0,兴蓉环境,000598.SZ
2016-10-31,sz.000598,6.0,15538195,92865640.0,兴蓉环境,000598.SZ
2016-11-01,sz.000598,6.12,37807613,230194731.0,兴蓉环境,000598.SZ
2016-11-02,sz.000598,6.04,32616264,198749423.0,兴蓉环境,000598.SZ
2016-11-03,sz.000598,6.1,42003193,256144562.0,兴蓉环境,000598.SZ
2016-11-04,sz.000598,6.07,22989983,139941388.0,兴蓉环境,000598.SZ
2016-11-07,sz.000598,6.06,19036999,115737086.0,兴蓉环境,000598.SZ
2016-11-08,sz.000598,6.15,45616188,280492512.0,兴蓉环境,000598.SZ
2016-11-09,sz.000598,6.05,37611286,228350669.0,兴蓉环境,000598.SZ
2016-11-10,sz.000598,6.12,28264508,172952191.0,兴蓉环境,000598.SZ
2016-11-11,sz.000598,6.17,49213902,302282704.0,兴蓉环境,000598.SZ
2016-11-14,sz.000598,6.2,44521031,275700064.0,兴蓉环境,000598.SZ
2016-11-15,sz.000598,6.26,42562562,264136907.0,兴蓉环境,000598.SZ
2016-11-16,sz.000598,6.25,39887606,250267845.0,兴蓉环境,000598.SZ
2016-11-17,sz.000598,6.22,30329054,188314107.0,兴蓉环境,000598.SZ
2016-11-18,sz.000598,6.29,63072839,397487632.0,兴蓉环境,000598.SZ
2016-11-21,sz.000598,6.28,37204921,233805630.0,兴蓉环境,000598.SZ
2016-11-22,sz.000598,6.34,45928148,290517728.0,兴蓉环境,000598.SZ
2016-11-23,sz.000598,6.26,36989979,232752927.0,兴蓉环境,000598.SZ
2016-11-24,sz.000598,6.21,39153080,244806461.0,兴蓉环境,000598.SZ
2016-11-25,sz.000598,6.31,47839263,300084096.0,兴蓉环境,000598.SZ
2016-11-28,sz.000598,6.38,53075658,337706784.0,兴蓉环境,000598.SZ
2016-11-29,sz.000598,6.35,41308516,261775342.0,兴蓉环境,000598.SZ
2016-11-30,sz.000598,6.32,42722717,271198080.0,兴蓉环境,000598.SZ
2016-12-01,sz.000598,6.28,33341954,210052257.0,兴蓉环境,000598.SZ
2016-12-02,sz.000598,6.16,39491138,245539260.0,兴蓉环境,000598.SZ
2016-12-05,sz.000598,6.12,24066398,147911237.0,兴蓉环境,000598.SZ
2016-12-06,sz.000598,6.13,18508901,113661596.0,兴蓉环境,000598.SZ
2016-12-07,sz.000598,6.17,16560473,101730795.0,兴蓉环境,000598.SZ
2016-12-08,sz.000598,6.13,17368131,106913320.0,兴蓉环境,000598.SZ
2016-12-09,sz.000598,6.09,23662242,144834993.0,兴蓉环境,000598.SZ
2016-12-12,sz.000598,5.85,38448868,229455203.0,兴蓉环境,000598.SZ
2016-12-13,sz.000598,5.8,39137742,227285567.0,兴蓉环境,000598.SZ
2016-12-14,sz.000598,5.73,21506782,124001725.0,兴蓉环境,000598.SZ
2016-12-15,sz.000598,5.75,18141343,104437287.0,兴蓉环境,000598.SZ
2016-12-16,sz.000598,5.81,21195850,122909812.0,兴蓉环境,000598.SZ
2016-12-19,sz.000598,5.8,14452145,83787905.0,兴蓉环境,000598.SZ
2016-12-20,sz.000598,5.77,14235484,82067519.0,兴蓉环境,000598.SZ
2016-12-21,sz.000598,5.84,19280890,112286670.0,兴蓉环境,000598.SZ
2016-12-22,sz.000598,5.83,13928572,81248104.0,兴蓉环境,000598.SZ
2016-12-23,sz.000598,5.74,18895528,109100071.0,兴蓉环境,000598.SZ
2016-12-26,sz.000598,5.76,20277038,115622994.0,兴蓉环境,000598.SZ
2016-12-27,sz.000598,5.8,21104751,122864438.0,兴蓉环境,000598.SZ
2016-12-28,sz.000598,5.78,11967871,69502381.0,兴蓉环境,000598.SZ
2016-12-29,sz.000598,5.74,13393302,77096258.0,兴蓉环境,000598.SZ
2016-12-30,sz.000598,5.76,10605310,61175043.0,兴蓉环境,000598.SZ
2017-01-03,sz.000598,5.83,14800439,86134083.0,兴蓉环境,000598.SZ
2017-01-04,sz.000598,5.86,21380525,124968560.0,兴蓉环境,000598.SZ
2017-01-05,sz.000598,5.84,17838219,104390265.0,兴蓉环境,000598.SZ
2017-01-06,sz.000598,5.89,42139477,248608172.0,兴蓉环境,000598.SZ
2017-01-09,sz.000598,5.9,18990071,111433309.0,兴蓉环境,000598.SZ
2017-01-10,sz.000598,5.84,15652862,91728213.0,兴蓉环境,000598.SZ
2017-01-11,sz.000598,5.79,17485941,101760371.0,兴蓉环境,000598.SZ
2017-01-12,sz.000598,5.72,17234710,99347094.0,兴蓉环境,000598.SZ
2017-01-13,sz.000598,5.68,16968000,97021088.0,兴蓉环境,000598.SZ
2017-01-16,sz.000598,5.51,33985625,187863432.0,兴蓉环境,000598.SZ
2017-01-17,sz.000598,5.52,24192010,132639667.0,兴蓉环境,000598.SZ
2017-01-18,sz.000598,5.52,12987424,71695967.0,兴蓉环境,000598.SZ
2017-01-19,sz.000598,5.53,16491910,91644860.0,兴蓉环境,000598.SZ
2017-01-20,sz.000598,5.59,12338828,68874817.0,兴蓉环境,000598.SZ
2017-01-23,sz.000598,5.61,12783229,71826472.0,兴蓉环境,000598.SZ
2017-01-24,sz.000598,5.59,9767056,54702408.0,兴蓉环境,000598.SZ
2017-01-25,sz.000598,5.62,10144567,56939362.0,兴蓉环境,000598.SZ
2017-01-26,sz.000598,5.63,10674841,60130346.0,兴蓉环境,000598.SZ
2017-02-03,sz.000598,5.6,7876625,44182621.0,兴蓉环境,000598.SZ
2017-02-06,sz.000598,5.65,14336276,80805473.0,兴蓉环境,000598.SZ
2017-02-07,sz.000598,5.65,12188276,68819797.0,兴蓉环境,000598.SZ
2017-02-08,sz.000598,5.68,13357960,75395612.0,兴蓉环境,000598.SZ
2017-02-09,sz.000598,5.75,20945756,120189561.0,兴蓉环境,000598.SZ
2017-02-10,sz.000598,5.76,20970640,120696452.0,兴蓉环境,000598.SZ
2017-02-13,sz.000598,5.78,18849712,108868437.0,兴蓉环境,000598.SZ
2017-02-14,sz.000598,5.83,34152888,198695635.0,兴蓉环境,000598.SZ
2017-02-15,sz.000598,5.76,23571983,136689342.0,兴蓉环境,000598.SZ
2017-02-16,sz.000598,5.81,16968073,98431973.0,兴蓉环境,000598.SZ
2017-02-17,sz.000598,5.76,19011527,110010706.0,兴蓉环境,000598.SZ
2017-02-20,sz.000598,5.85,24016688,139868127.0,兴蓉环境,000598.SZ
2017-02-21,sz.000598,5.89,27866782,164409035.0,兴蓉环境,000598.SZ
2017-02-22,sz.000598,5.96,36059488,214452512.0,兴蓉环境,000598.SZ
2017-02-23,sz.000598,6.02,93593498,568851504.0,兴蓉环境,000598.SZ
2017-02-24,sz.000598,6.02,33561940,201196216.0,兴蓉环境,000598.SZ
2017-02-27,sz.000598,5.99,27584191,165936341.0,兴蓉环境,000598.SZ
2017-02-28,sz.000598,5.99,18953250,113492401.0,兴蓉环境,000598.SZ
2017-03-01,sz.000598,6.0,23060801,138497132.0,兴蓉环境,000598.SZ
2017-03-02,sz.000598,5.93,24142900,143950010.0,兴蓉环境,000598.SZ
2017-03-03,sz.000598,5.92,18307474,107932785.0,兴蓉环境,000598.SZ
2017-03-06,sz.000598,5.95,15134496,90046012.0,兴蓉环境,000598.SZ
2017-03-07,sz.000598,5.97,32647282,195770871.0,兴蓉环境,000598.SZ
2017-03-08,sz.000598,6.02,39402717,236280938.0,兴蓉环境,000598.SZ
2017-03-09,sz.000598,5.9,30520091,180837798.0,兴蓉环境,000598.SZ
2017-03-10,sz.000598,5.86,12861300,75767627.0,兴蓉环境,000598.SZ
2017-03-13,sz.000598,5.87,21204062,123858503.0,兴蓉环境,000598.SZ
2017-03-14,sz.000598,5.82,20566502,119942274.0,兴蓉环境,000598.SZ
2017-03-15,sz.000598,5.83,17677205,102945526.0,兴蓉环境,000598.SZ
2017-03-16,sz.000598,5.92,27358088,161018933.0,兴蓉环境,000598.SZ
2017-03-17,sz.000598,5.83,20966108,123230179.0,兴蓉环境,000598.SZ
2017-03-20,sz.000598,5.85,13276795,77387053.0,兴蓉环境,000598.SZ
2017-03-21,sz.000598,5.9,15308972,89794907.0,兴蓉环境,000598.SZ
2017-03-22,sz.000598,5.95,34390343,203274662.0,兴蓉环境,000598.SZ
2017-03-23,sz.000598,5.9,19937047,117725705.0,兴蓉环境,000598.SZ
2017-03-24,sz.000598,5.91,16081071,94739163.0,兴蓉环境,000598.SZ
2017-03-27,sz.000598,5.86,17771974,104633534.0,兴蓉环境,000598.SZ
2017-03-28,sz.000598,5.84,10359964,60695389.0,兴蓉环境,000598.SZ
2017-03-29,sz.000598,5.82,16684513,97419463.0,兴蓉环境,000598.SZ
2017-03-30,sz.000598,5.76,22822601,132255131.0,兴蓉环境,000598.SZ
2017-03-31,sz.000598,5.78,13744197,79436191.0,兴蓉环境,000598.SZ
2017-04-05,sz.000598,5.92,25423571,149656013.0,兴蓉环境,000598.SZ
2017-04-06,sz.000598,5.98,49994368,298128544.0,兴蓉环境,000598.SZ
2017-04-07,sz.000598,6.05,71432179,433275936.0,兴蓉环境,000598.SZ
2017-04-10,sz.000598,6.12,75999170,467903872.0,兴蓉环境,000598.SZ
2017-04-11,sz.000598,6.17,74581338,458503344.0,兴蓉环境,000598.SZ
2017-04-12,sz.000598,6.04,44095162,268158506.0,兴蓉环境,000598.SZ
2017-04-13,sz.000598,6.21,96025529,598846336.0,兴蓉环境,000598.SZ
2017-04-14,sz.000598,6.07,56072077,342394912.0,兴蓉环境,000598.SZ
2017-04-17,sz.000598,6.01,34265916,207023264.0,兴蓉环境,000598.SZ
2017-04-18,sz.000598,5.98,36774541,223008548.0,兴蓉环境,000598.SZ
2017-04-19,sz.000598,6.02,39169939,233548514.0,兴蓉环境,000598.SZ
2017-04-20,sz.000598,6.07,46278071,281495920.0,兴蓉环境,000598.SZ
2017-04-21,sz.000598,6.02,32918972,199577641.0,兴蓉环境,000598.SZ
2017-04-24,sz.000598,5.8,42186693,247918334.0,兴蓉环境,000598.SZ
2017-04-25,sz.000598,5.83,23496048,137298302.0,兴蓉环境,000598.SZ
2017-04-26,sz.000598,5.9,27911365,164405481.0,兴蓉环境,000598.SZ
2017-04-27,sz.000598,6.08,75787308,456112112.0,兴蓉环境,000598.SZ
2017-04-28,sz.000598,6.09,49251846,299609408.0,兴蓉环境,000598.SZ
2017-05-02,sz.000598,6.07,32882951,199674900.0,兴蓉环境,000598.SZ
2017-05-03,sz.000598,5.96,40030401,240202578.0,兴蓉环境,000598.SZ
2017-05-04,sz.000598,5.95,44729284,266812961.0,兴蓉环境,000598.SZ
2017-05-05,sz.000598,5.81,36740162,214856807.0,兴蓉环境,000598.SZ
2017-05-08,sz.000598,5.63,30853978,177166588.0,兴蓉环境,000598.SZ
2017-05-09,sz.000598,5.64,24090245,135348819.0,兴蓉环境,000598.SZ
2017-05-10,sz.000598,5.46,29162207,162232359.0,兴蓉环境,000598.SZ
2017-05-11,sz.000598,5.47,24897185,134858599.0,兴蓉环境,000598.SZ
2017-05-12,sz.000598,5.5,20272172,111281076.0,兴蓉环境,000598.SZ
2017-05-15,sz.000598,5.5,11701151,64511673.0,兴蓉环境,000598.SZ
2017-05-16,sz.000598,5.63,24900698,138554255.0,兴蓉环境,000598.SZ
2017-05-17,sz.000598,5.55,16946931,94481013.0,兴蓉环境,000598.SZ
2017-05-18,sz.000598,5.57,23147904,129795724.0,兴蓉环境,000598.SZ
2017-05-19,sz.000598,5.57,13267988,73700002.0,兴蓉环境,000598.SZ
2017-05-22,sz.000598,5.46,14621672,80450527.0,兴蓉环境,000598.SZ
2017-05-23,sz.000598,5.38,18624477,100950247.0,兴蓉环境,000598.SZ
2017-05-24,sz.000598,5.43,14107656,76095366.0,兴蓉环境,000598.SZ
2017-05-25,sz.000598,5.54,20315259,111400599.0,兴蓉环境,000598.SZ
2017-05-26,sz.000598,5.5,11073800,61184207.0,兴蓉环境,000598.SZ
2017-05-31,sz.000598,5.52,10855573,60176855.0,兴蓉环境,000598.SZ
2017-06-01,sz.000598,5.36,14078502,76554600.0,兴蓉环境,000598.SZ
2017-06-02,sz.000598,5.52,17703788,95906366.0,兴蓉环境,000598.SZ
2017-06-05,sz.000598,5.52,13475484,74504710.0,兴蓉环境,000598.SZ
2017-06-06,sz.000598,5.52,7641495,42160273.0,兴蓉环境,000598.SZ
2017-06-07,sz.000598,5.6,22424052,124898284.0,兴蓉环境,000598.SZ
2017-06-08,sz.000598,5.57,14305704,79719569.0,兴蓉环境,000598.SZ
2017-06-09,sz.000598,5.61,13212512,73622391.0,兴蓉环境,000598.SZ
2017-06-12,sz.000598,5.52,14145968,78471126.0,兴蓉环境,000598.SZ
2017-06-13,sz.000598,5.57,10563774,58668257.0,兴蓉环境,000598.SZ
2017-06-14,sz.000598,5.54,11441489,63576526.0,兴蓉环境,000598.SZ
2017-06-15,sz.000598,5.57,15365741,85511791.0,兴蓉环境,000598.SZ
2017-06-16,sz.000598,5.58,13169723,73536931.0,兴蓉环境,000598.SZ
2017-06-19,sz.000598,5.6,12858122,71908689.0,兴蓉环境,000598.SZ
2017-06-20,sz.000598,5.63,22888956,128742143.0,兴蓉环境,000598.SZ
2017-06-21,sz.000598,5.62,11920050,66935104.0,兴蓉环境,000598.SZ
2017-06-22,sz.000598,5.54,20236248,112977244.0,兴蓉环境,000598.SZ
2017-06-23,sz.000598,5.55,15865446,87731801.0,兴蓉环境,000598.SZ
2017-06-26,sz.000598,5.62,21312107,118918584.0,兴蓉环境,000598.SZ
2017-06-27,sz.000598,5.6,13924387,77993673.0,兴蓉环境,000598.SZ
2017-06-28,sz.000598,5.59,10114894,56524210.0,兴蓉环境,000598.SZ
2017-06-29,sz.000598,5.62,16776561,94399836.0,兴蓉环境,000598.SZ
2017-06-30,sz.000598,5.62,11405521,63946183.0,兴蓉环境,000598.SZ
2017-07-03,sz.000598,5.65,19960901,112805353.0,兴蓉环境,000598.SZ
2017-07-04,sz.000598,5.76,63959838,368582048.0,兴蓉环境,000598.SZ
2017-07-05,sz.000598,5.8,28171803,162358198.0,兴蓉环境,000598.SZ
2017-07-06,sz.000598,5.76,24434934,140917641.0,兴蓉环境,000598.SZ
2017-07-07,sz.000598,5.78,18690908,107768724.0,兴蓉环境,000598.SZ
2017-07-10,sz.000598,5.78,17127564,99128784.0,兴蓉环境,000598.SZ
2017-07-11,sz.000598,5.72,16406648,94343886.0,兴蓉环境,000598.SZ
2017-07-12,sz.000598,5.69,20119930,114275492.0,兴蓉环境,000598.SZ
2017-07-13,sz.000598,5.76,14556771,83578542.0,兴蓉环境,000598.SZ
2017-07-14,sz.000598,5.76,11701560,67352608.0,兴蓉环境,000598.SZ
2017-07-17,sz.000598,5.56,28856992,161968441.0,兴蓉环境,000598.SZ
2017-07-18,sz.000598,5.57,22049818,122934033.0,兴蓉环境,000598.SZ
2017-07-19,sz.000598,5.66,20076571,112959826.0,兴蓉环境,000598.SZ
2017-07-20,sz.000598,5.7,25482996,144548469.0,兴蓉环境,000598.SZ
2017-07-21,sz.000598,5.7,18485440,105495202.0,兴蓉环境,000598.SZ
2017-07-24,sz.000598,5.76,29564718,169994422.0,兴蓉环境,000598.SZ
2017-07-25,sz.000598,5.7,16824168,96061508.0,兴蓉环境,000598.SZ
2017-07-26,sz.000598,5.68,12204772,69393222.0,兴蓉环境,000598.SZ
2017-07-27,sz.000598,5.84,49726375,288470288.0,兴蓉环境,000598.SZ
2017-07-28,sz.000598,5.77,26447850,152946359.0,兴蓉环境,000598.SZ
2017-07-31,sz.000598,5.79,23378814,135239871.0,兴蓉环境,000598.SZ
2017-08-01,sz.000598,5.82,22964264,133502019.0,兴蓉环境,000598.SZ
2017-08-02,sz.000598,5.76,19330491,111949125.0,兴蓉环境,000598.SZ
2017-08-03,sz.000598,5.76,18792051,108576052.0,兴蓉环境,000598.SZ
2017-08-04,sz.000598,5.75,15595888,90075194.0,兴蓉环境,000598.SZ
2017-08-07,sz.000598,5.77,16879044,96965101.0,兴蓉环境,000598.SZ
2017-08-08,sz.000598,5.78,22046997,127102982.0,兴蓉环境,000598.SZ
2017-08-09,sz.000598,5.81,25424476,147500553.0,兴蓉环境,000598.SZ
2017-08-10,sz.000598,5.69,29778118,170501211.0,兴蓉环境,000598.SZ
2017-08-11,sz.000598,5.54,28377545,159036635.0,兴蓉环境,000598.SZ
2017-08-14,sz.000598,5.61,17748848,99350376.0,兴蓉环境,000598.SZ
2017-08-15,sz.000598,5.61,14546006,81528447.0,兴蓉环境,000598.SZ
2017-08-16,sz.000598,5.62,10237368,57364044.0,兴蓉环境,000598.SZ
2017-08-17,sz.000598,5.63,22434556,126018180.0,兴蓉环境,000598.SZ
2017-08-18,sz.000598,5.59,12566659,70394083.0,兴蓉环境,000598.SZ
2017-08-21,sz.000598,5.64,12228795,68792465.0,兴蓉环境,000598.SZ
2017-08-22,sz.000598,5.59,12954219,72624107.0,兴蓉环境,000598.SZ
2017-08-23,sz.000598,5.64,22038696,124484987.0,兴蓉环境,000598.SZ
2017-08-24,sz.000598,5.58,19791507,111103113.0,兴蓉环境,000598.SZ
2017-08-25,sz.000598,5.62,13955165,78321126.0,兴蓉环境,000598.SZ
2017-08-28,sz.000598,5.67,25405118,143665387.0,兴蓉环境,000598.SZ
2017-08-29,sz.000598,5.66,17862820,101160486.0,兴蓉环境,000598.SZ
2017-08-30,sz.000598,5.68,17096663,96890205.0,兴蓉环境,000598.SZ
2017-08-31,sz.000598,5.66,12436501,70390505.0,兴蓉环境,000598.SZ
2017-09-01,sz.000598,5.69,20491415,116442448.0,兴蓉环境,000598.SZ
2017-09-04,sz.000598,5.72,20594301,117601161.0,兴蓉环境,000598.SZ
2017-09-05,sz.000598,5.68,19492385,111066159.0,兴蓉环境,000598.SZ
2017-09-06,sz.000598,5.7,22478867,127464310.0,兴蓉环境,000598.SZ
2017-09-07,sz.000598,5.68,18912328,107630088.0,兴蓉环境,000598.SZ
2017-09-08,sz.000598,5.68,12823628,72840365.0,兴蓉环境,000598.SZ
2017-09-11,sz.000598,5.71,15999275,91017415.0,兴蓉环境,000598.SZ
2017-09-12,sz.000598,5.67,20481892,116291784.72,兴蓉环境,000598.SZ
2017-09-13,sz.000598,5.66,13172327,74514210.72,兴蓉环境,000598.SZ
2017-09-14,sz.000598,5.74,39268686,224971261.38,兴蓉环境,000598.SZ
2017-09-15,sz.000598,5.84,76056866,443999126.54,兴蓉环境,000598.SZ
2017-09-18,sz.000598,5.81,31033801,180638833.69,兴蓉环境,000598.SZ
2017-09-19,sz.000598,5.77,19930756,115382136.03,兴蓉环境,000598.SZ
2017-09-20,sz.000598,5.77,19620365,113023275.48,兴蓉环境,000598.SZ
2017-09-21,sz.000598,5.74,18194509,104780891.69,兴蓉环境,000598.SZ
2017-09-22,sz.000598,5.72,14105580,80620378.31,兴蓉环境,000598.SZ
2017-09-25,sz.000598,5.71,19534691,111958092.96,兴蓉环境,000598.SZ
2017-09-26,sz.000598,5.7,13034689,74315614.85,兴蓉环境,000598.SZ
2017-09-27,sz.000598,5.69,12198467,69372795.96,兴蓉环境,000598.SZ
2017-09-28,sz.000598,5.77,24958575,143467195.72,兴蓉环境,000598.SZ
2017-09-29,sz.000598,5.72,19297609,110883461.46,兴蓉环境,000598.SZ
2017-10-09,sz.000598,5.79,22903223,132486704.15,兴蓉环境,000598.SZ
2017-10-10,sz.000598,5.82,20993858,121437638.92,兴蓉环境,000598.SZ
2017-10-11,sz.000598,5.8,18438820,107237267.9,兴蓉环境,000598.SZ
2017-10-12,sz.000598,5.78,15878910,91639617.64,兴蓉环境,000598.SZ
2017-10-13,sz.000598,5.98,90572860,537060816.3,兴蓉环境,000598.SZ
2017-10-16,sz.000598,5.85,49862480,293997579.29,兴蓉环境,000598.SZ
2017-10-17,sz.000598,5.87,26550620,156097295.25,兴蓉环境,000598.SZ
2017-10-18,sz.000598,5.83,29774191,175591262.9,兴蓉环境,000598.SZ
2017-10-19,sz.000598,5.72,28613253,164922706.22,兴蓉环境,000598.SZ
2017-10-20,sz.000598,5.77,17351330,99678737.9,兴蓉环境,000598.SZ
2017-10-23,sz.000598,5.88,30754020,180188694.34,兴蓉环境,000598.SZ
2017-10-24,sz.000598,5.83,21304789,123922194.1,兴蓉环境,000598.SZ
2017-10-25,sz.000598,5.84,18545587,108591496.18,兴蓉环境,000598.SZ
2017-10-26,sz.000598,5.94,48359596,286964272.4,兴蓉环境,000598.SZ
2017-10-27,sz.000598,5.89,24767164,146470930.72,兴蓉环境,000598.SZ
2017-10-30,sz.000598,5.78,30710175,177758216.47,兴蓉环境,000598.SZ
2017-10-31,sz.000598,5.83,18446252,107101059.57,兴蓉环境,000598.SZ
2017-11-01,sz.000598,5.79,17404094,100980240.54,兴蓉环境,000598.SZ
2017-11-02,sz.000598,5.74,17430201,100181269.27,兴蓉环境,000598.SZ
2017-11-03,sz.000598,5.7,16120346,92034534.37,兴蓉环境,000598.SZ
2017-11-06,sz.000598,5.75,13485701,77036142.62,兴蓉环境,000598.SZ
2017-11-07,sz.000598,5.79,15648668,90154960.92,兴蓉环境,000598.SZ
2017-11-08,sz.000598,5.78,14938371,86350989.67,兴蓉环境,000598.SZ
2017-11-09,sz.000598,5.78,11634404,67230697.09,兴蓉环境,000598.SZ
2017-11-10,sz.000598,5.77,16035642,92215533.53,兴蓉环境,000598.SZ
2017-11-13,sz.000598,5.83,23888116,138341276.07,兴蓉环境,000598.SZ
2017-11-14,sz.000598,5.78,29272300,170399572.72,兴蓉环境,000598.SZ
2017-11-15,sz.000598,5.71,17731136,101617695.24,兴蓉环境,000598.SZ
2017-11-16,sz.000598,5.65,18328698,104146785.2,兴蓉环境,000598.SZ
2017-11-17,sz.000598,5.52,22544493,125653417.68,兴蓉环境,000598.SZ
2017-11-20,sz.000598,5.54,18954399,104461856.98,兴蓉环境,000598.SZ
2017-11-21,sz.000598,5.52,18247330,100833848.76,兴蓉环境,000598.SZ
2017-11-22,sz.000598,5.51,15268308,84127888.87,兴蓉环境,000598.SZ
2017-11-23,sz.000598,5.42,22108864,121597656.68,兴蓉环境,000598.SZ
2017-11-24,sz.000598,5.45,10515317,57280928.84,兴蓉环境,000598.SZ
2017-11-27,sz.000598,5.41,9697498,52677158.87,兴蓉环境,000598.SZ
2017-11-28,sz.000598,5.46,7943046,43179879.27,兴蓉环境,000598.SZ
2017-11-29,sz.000598,5.47,12356529,67607877.99,兴蓉环境,000598.SZ
2017-11-30,sz.000598,5.48,13244477,72678898.52,兴蓉环境,000598.SZ
2017-12-01,sz.000598,5.49,7996600,43896190.78,兴蓉环境,000598.SZ
2017-12-04,sz.000598,5.41,12933949,70387874.84,兴蓉环境,000598.SZ
2017-12-05,sz.000598,5.27,24331322,129292446.66,兴蓉环境,000598.SZ
2017-12-06,sz.000598,5.31,9138518,48301974.04,兴蓉环境,000598.SZ
2017-12-07,sz.000598,5.29,9695017,51282440.54,兴蓉环境,000598.SZ
2017-12-08,sz.000598,5.32,9089499,48295833.77,兴蓉环境,000598.SZ
2017-12-11,sz.000598,5.34,8453371,45081717.94,兴蓉环境,000598.SZ
2017-12-12,sz.000598,5.29,7652958,40652568.56,兴蓉环境,000598.SZ
2017-12-13,sz.000598,5.32,6982313,37022199.98,兴蓉环境,000598.SZ
2017-12-14,sz.000598,5.33,8301799,44175968.15,兴蓉环境,000598.SZ
2017-12-15,sz.000598,5.32,7471367,39649877.48,兴蓉环境,000598.SZ
2017-12-18,sz.000598,5.33,4508091,23996955.21,兴蓉环境,000598.SZ
2017-12-19,sz.000598,5.33,9009967,48046582.11,兴蓉环境,000598.SZ
2017-12-20,sz.000598,5.25,12994237,68652712.26,兴蓉环境,000598.SZ
2017-12-21,sz.000598,5.29,9684046,51137309.23,兴蓉环境,000598.SZ
2017-12-22,sz.000598,5.36,17718434,94688587.59,兴蓉环境,000598.SZ
2017-12-25,sz.000598,5.32,11945268,63846326.57,兴蓉环境,000598.SZ
2017-12-26,sz.000598,5.36,8006076,42676321.45,兴蓉环境,000598.SZ
2017-12-27,sz.000598,5.34,7958494,42577056.8,兴蓉环境,000598.SZ
2017-12-28,sz.000598,5.38,15887703,85708713.62,兴蓉环境,000598.SZ
2017-12-29,sz.000598,5.43,9247185,49989288.61,兴蓉环境,000598.SZ
2015-01-05,sh.600036,16.68,500187136,8302084352.0,招商银行,600036.SH
2015-01-06,sh.600036,16.42,426877232,7100974592.0,招商银行,600036.SH
2015-01-07,sh.600036,16.16,296169600,4806397440.0,招商银行,600036.SH
2015-01-08,sh.600036,15.57,292921104,4621824768.0,招商银行,600036.SH
2015-01-09,sh.600036,15.71,461363504,7356771840.0,招商银行,600036.SH
2015-01-12,sh.600036,15.6,287002784,4465049856.0,招商银行,600036.SH
2015-01-13,sh.600036,15.43,170251610,2646920640.0,招商银行,600036.SH
2015-01-14,sh.600036,15.71,227140865,3573843584.0,招商银行,600036.SH
2015-01-15,sh.600036,16.18,264684168,4216830592.0,招商银行,600036.SH
2015-01-16,sh.600036,16.24,312550720,5096707072.0,招商银行,600036.SH
2015-01-19,sh.600036,14.63,499040608,7432124928.0,招商银行,600036.SH
2015-01-20,sh.600036,14.64,304480896,4468888320.0,招商银行,600036.SH
2015-01-21,sh.600036,15.3,347044048,5208895232.0,招商银行,600036.SH
2015-01-22,sh.600036,15.13,215666287,3267085616.0,招商银行,600036.SH
2015-01-23,sh.600036,15.17,249422660,3814173088.0,招商银行,600036.SH
2015-01-26,sh.600036,15.03,178096442,2671404496.0,招商银行,600036.SH
2015-01-27,sh.600036,14.71,256941922,3785792880.0,招商银行,600036.SH
2015-01-28,sh.600036,14.53,174144815,2541837344.0,招商银行,600036.SH
2015-01-29,sh.600036,14.37,177530685,2541569616.0,招商银行,600036.SH
2015-01-30,sh.600036,14.34,181808721,2625624640.0,招商银行,600036.SH
2015-02-02,sh.600036,14.09,155786828,2200454416.0,招商银行,600036.SH
2015-02-03,sh.600036,14.57,174884321,2516020352.0,招商银行,600036.SH
2015-02-04,sh.600036,14.3,129621466,1886445072.0,招商银行,600036.SH
2015-02-05,sh.600036,14.32,337061696,4973382144.0,招商银行,600036.SH
2015-02-06,sh.600036,14.25,163835590,2356073408.0,招商银行,600036.SH
2015-02-09,sh.600036,14.41,171924698,2454553648.0,招商银行,600036.SH
2015-02-10,sh.600036,14.66,153525979,2238448208.0,招商银行,600036.SH
2015-02-11,sh.600036,14.64,93584114,1372191504.0,招商银行,600036.SH
2015-02-12,sh.600036,14.57,80748086,1173109184.0,招商银行,600036.SH
2015-02-13,sh.600036,14.63,150471474,2211523664.0,招商银行,600036.SH
2015-02-16,sh.600036,14.46,133387516,1920460640.0,招商银行,600036.SH
2015-02-17,sh.600036,14.52,92371310,1343475264.0,招商银行,600036.SH
2015-02-25,sh.600036,14.3,126747641,1821660432.0,招商银行,600036.SH
2015-02-26,sh.600036,14.67,155956628,2262725600.0,招商银行,600036.SH
2015-02-27,sh.600036,14.7,145616495,2157812864.0,招商银行,600036.SH
2015-03-02,sh.600036,14.57,219237346,3192258944.0,招商银行,600036.SH
2015-03-03,sh.600036,14.17,174417640,2494347040.0,招商银行,600036.SH
2015-03-04,sh.600036,14.21,125920707,1787542464.0,招商银行,600036.SH
2015-03-05,sh.600036,13.91,173548564,2421469920.0,招商银行,600036.SH
2015-03-06,sh.600036,14.05,102177380,1432408224.0,招商银行,600036.SH
2015-03-09,sh.600036,14.68,316125120,4551189248.0,招商银行,600036.SH
2015-03-10,sh.600036,14.29,186295651,2677735376.0,招商银行,600036.SH
2015-03-11,sh.600036,14.45,168184844,2440618096.0,招商银行,600036.SH
2015-03-12,sh.600036,15.13,383002880,5746567424.0,招商银行,600036.SH
2015-03-13,sh.600036,15.1,281304224,4299112448.0,招商银行,600036.SH
2015-03-16,sh.600036,15.36,221860248,3387764848.0,招商银行,600036.SH
2015-03-17,sh.600036,15.41,239492456,3679377696.0,招商银行,600036.SH
2015-03-18,sh.600036,15.74,246058511,3827652096.0,招商银行,600036.SH
2015-03-19,sh.600036,15.68,234590051,3665620544.0,招商银行,600036.SH
2015-03-20,sh.600036,15.69,314995760,4929184000.0,招商银行,600036.SH
2015-03-23,sh.600036,15.79,246274047,3881893312.0,招商银行,600036.SH
2015-03-24,sh.600036,15.56,263719125,4123151632.0,招商银行,600036.SH
2015-03-25,sh.600036,15.16,216753837,3310645792.0,招商银行,600036.SH
2015-03-26,sh.600036,15.22,180799341,2750283744.0,招商银行,600036.SH
2015-03-27,sh.600036,15.26,154287074,2350890784.0,招商银行,600036.SH
2015-03-30,sh.600036,15.74,304476416,4760224512.0,招商银行,600036.SH
2015-03-31,sh.600036,15.57,402562176,6407352320.0,招商银行,600036.SH
2015-04-01,sh.600036,15.73,243966115,3830336784.0,招商银行,600036.SH
2015-04-02,sh.600036,15.66,238955501,3744579632.0,招商银行,600036.SH
2015-04-03,sh.600036,15.66,0,0.0,招商银行,600036.SH
2015-04-07,sh.600036,15.66,0,0.0,招商银行,600036.SH
2015-04-08,sh.600036,15.66,0,0.0,招商银行,600036.SH
2015-04-09,sh.600036,15.66,0,0.0,招商银行,600036.SH
2015-04-10,sh.600036,15.66,0,0.0,招商银行,600036.SH
2015-04-13,sh.600036,17.23,55307305,952944864.0,招商银行,600036.SH
2015-04-14,sh.600036,17.48,658547696,11626313984.0,招商银行,600036.SH
2015-04-15,sh.600036,17.87,437486032,7851853312.0,招商银行,600036.SH
2015-04-16,sh.600036,18.81,404986608,7365508096.0,招商银行,600036.SH
2015-04-17,sh.600036,18.32,543675520,10204446208.0,招商银行,600036.SH
2015-04-20,sh.600036,17.81,530851120,9699567872.0,招商银行,600036.SH
2015-04-21,sh.600036,18.17,263542425,4748971264.0,招商银行,600036.SH
2015-04-22,sh.600036,18.41,340839664,6247865344.0,招商银行,600036.SH
2015-04-23,sh.600036,18.17,273771776,5015812352.0,招商银行,600036.SH
2015-04-24,sh.600036,17.7,291759968,5184168704.0,招商银行,600036.SH
2015-04-27,sh.600036,18.44,407263600,7467652864.0,招商银行,600036.SH
2015-04-28,sh.600036,18.36,509425744,9496380416.0,招商银行,600036.SH
2015-04-29,sh.600036,18.48,373807968,6951256832.0,招商银行,600036.SH
2015-04-30,sh.600036,18.22,266457338,4920839680.0,招商银行,600036.SH
2015-05-04,sh.600036,18.16,213403798,3868502688.0,招商银行,600036.SH
2015-05-05,sh.600036,17.45,268345404,4737517824.0,招商银行,600036.SH
2015-05-06,sh.600036,17.54,261290546,4625262592.0,招商银行,600036.SH
2015-05-07,sh.600036,17.69,221369716,3929052880.0,招商银行,600036.SH
2015-05-08,sh.600036,17.7,218683284,3889491392.0,招商银行,600036.SH
2015-05-11,sh.600036,17.91,277208080,4867456256.0,招商银行,600036.SH
2015-05-12,sh.600036,17.77,223925207,3974051952.0,招商银行,600036.SH
2015-05-13,sh.600036,17.54,226209360,4015189344.0,招商银行,600036.SH
2015-05-14,sh.600036,17.49,184443821,3238528880.0,招商银行,600036.SH
2015-05-15,sh.600036,17.16,214743210,3714982880.0,招商银行,600036.SH
2015-05-18,sh.600036,16.85,159945727,2726764928.0,招商银行,600036.SH
2015-05-19,sh.600036,17.63,249232781,4332748800.0,招商银行,600036.SH
2015-05-20,sh.600036,18.04,354080272,6396818944.0,招商银行,600036.SH
2015-05-21,sh.600036,18.16,197171529,3591569696.0,招商银行,600036.SH
2015-05-22,sh.600036,18.7,311985392,5778315008.0,招商银行,600036.SH
2015-05-25,sh.600036,19.22,328933072,6306117120.0,招商银行,600036.SH
2015-05-26,sh.600036,19.2,282892928,5411636736.0,招商银行,600036.SH
2015-05-27,sh.600036,19.07,241168309,4623215616.0,招商银行,600036.SH
2015-05-28,sh.600036,17.92,292942368,5429786112.0,招商银行,600036.SH
2015-05-29,sh.600036,18.07,261551000,4689434624.0,招商银行,600036.SH
2015-06-01,sh.600036,18.83,280927296,5176270848.0,招商银行,600036.SH
2015-06-02,sh.600036,18.95,254037657,4801441536.0,招商银行,600036.SH
2015-06-03,sh.600036,19.45,358509088,6871298560.0,招商银行,600036.SH
2015-06-04,sh.600036,20.44,495979040,9920531456.0,招商银行,600036.SH
2015-06-05,sh.600036,19.99,377712448,7651487744.0,招商银行,600036.SH
2015-06-08,sh.600036,21.13,515964160,10671410176.0,招商银行,600036.SH
2015-06-09,sh.600036,20.83,366124464,7755194368.0,招商银行,600036.SH
2015-06-10,sh.600036,20.47,252920825,5237249024.0,招商银行,600036.SH
2015-06-11,sh.600036,20.36,227111582,4624733952.0,招商银行,600036.SH
2015-06-12,sh.600036,20.31,245179413,5002958592.0,招商银行,600036.SH
2015-06-15,sh.600036,19.5,321220960,6411293952.0,招商银行,600036.SH
2015-06-16,sh.600036,19.29,244464728,4736894208.0,招商银行,600036.SH
2015-06-17,sh.600036,19.43,252739372,4925319168.0,招商银行,600036.SH
2015-06-18,sh.600036,18.79,211448969,4014580592.0,招商银行,600036.SH
2015-06-19,sh.600036,18.0,250030785,4661570816.0,招商银行,600036.SH
2015-06-23,sh.600036,18.87,287932240,5301457920.0,招商银行,600036.SH
2015-06-24,sh.600036,18.93,273133792,5088379136.0,招商银行,600036.SH
2015-06-25,sh.600036,18.44,327306800,6251707136.0,招商银行,600036.SH
2015-06-26,sh.600036,17.4,393568224,7050535680.0,招商银行,600036.SH
2015-06-29,sh.600036,17.43,472020608,8278080256.0,招商银行,600036.SH
2015-06-30,sh.600036,18.72,491095680,8983116544.0,招商银行,600036.SH
2015-07-01,sh.600036,18.21,293674256,5395012352.0,招商银行,600036.SH
2015-07-02,sh.600036,18.65,524774704,9814648320.0,招商银行,600036.SH
2015-07-03,sh.600036,17.61,407322720,7192690944.0,招商银行,600036.SH
2015-07-06,sh.600036,18.82,814689728,15128545536.0,招商银行,600036.SH
2015-07-07,sh.600036,20.21,873948896,16915629312.0,招商银行,600036.SH
2015-07-08,sh.600036,18.41,943293200,18287188224.0,招商银行,600036.SH
2015-07-09,sh.600036,19.0,588626896,10872360192.0,招商银行,600036.SH
2015-07-10,sh.600036,18.99,707202256,13746919168.0,招商银行,600036.SH
2015-07-13,sh.600036,18.31,389268448,7160449024.0,招商银行,600036.SH
2015-07-14,sh.600036,17.87,355834800,6336410112.0,招商银行,600036.SH
2015-07-15,sh.600036,18.48,370764544,6703076864.0,招商银行,600036.SH
2015-07-16,sh.600036,18.15,227738299,4140280112.0,招商银行,600036.SH
2015-07-17,sh.600036,18.36,184194967,3358837904.0,招商银行,600036.SH
2015-07-20,sh.600036,18.44,191305543,3502137584.0,招商银行,600036.SH
2015-07-21,sh.600036,18.08,141710092,2577185040.0,招商银行,600036.SH
2015-07-22,sh.600036,17.85,147100276,2626580304.0,招商银行,600036.SH
2015-07-23,sh.600036,17.94,154940894,2773616000.0,招商银行,600036.SH
2015-07-24,sh.600036,17.9,168639884,3035791024.0,招商银行,600036.SH
2015-07-27,sh.600036,16.7,207240536,3616867744.0,招商银行,600036.SH
2015-07-28,sh.600036,17.04,293059392,4980540160.0,招商银行,600036.SH
2015-07-29,sh.600036,17.16,151816216,2598864704.0,招商银行,600036.SH
2015-07-30,sh.600036,16.98,110541303,1898233920.0,招商银行,600036.SH
2015-07-31,sh.600036,17.3,120903562,2073334784.0,招商银行,600036.SH
2015-08-03,sh.600036,18.09,237198553,4231772224.0,招商银行,600036.SH
2015-08-04,sh.600036,18.15,88969867,1605609680.0,招商银行,600036.SH
2015-08-05,sh.600036,17.91,63786791,1152536464.0,招商银行,600036.SH
2015-08-06,sh.600036,18.12,104721647,1915869952.0,招商银行,600036.SH
2015-08-07,sh.600036,18.29,97611655,1785386352.0,招商银行,600036.SH
2015-08-10,sh.600036,18.62,146451827,2680856704.0,招商银行,600036.SH
2015-08-11,sh.600036,18.2,119158095,2170868064.0,招商银行,600036.SH
2015-08-12,sh.600036,17.9,69756265,1256297760.0,招商银行,600036.SH
2015-08-13,sh.600036,17.85,70580929,1259620160.0,招商银行,600036.SH
2015-08-14,sh.600036,17.74,61911327,1100300752.0,招商银行,600036.SH
2015-08-17,sh.600036,17.33,85898649,1489369728.0,招商银行,600036.SH
2015-08-18,sh.600036,16.8,118951192,2037802256.0,招商银行,600036.SH
2015-08-19,sh.600036,17.13,120889448,2033145024.0,招商银行,600036.SH
2015-08-20,sh.600036,16.81,73389709,1235705264.0,招商银行,600036.SH
2015-08-21,sh.600036,16.54,102036287,1688909904.0,招商银行,600036.SH
2015-08-24,sh.600036,14.98,219566780,3350255312.0,招商银行,600036.SH
2015-08-25,sh.600036,14.71,198865771,2938765600.0,招商银行,600036.SH
2015-08-26,sh.600036,16.09,249867579,3881032512.0,招商银行,600036.SH
2015-08-27,sh.600036,17.63,250420469,4189866432.0,招商银行,600036.SH
2015-08-28,sh.600036,17.3,197787584,3448948688.0,招商银行,600036.SH
2015-08-31,sh.600036,17.05,142554697,2418625008.0,招商银行,600036.SH
2015-09-01,sh.600036,16.84,177645576,3032538128.0,招商银行,600036.SH
2015-09-02,sh.600036,16.77,173011243,2894747024.0,招商银行,600036.SH
2015-09-07,sh.600036,16.16,89992303,1473089776.0,招商银行,600036.SH
2015-09-08,sh.600036,16.65,99744306,1648957760.0,招商银行,600036.SH
2015-09-09,sh.600036,16.75,88645504,1476979424.0,招商银行,600036.SH
2015-09-10,sh.600036,17.29,141952541,2422977008.0,招商银行,600036.SH
2015-09-11,sh.600036,17.12,58833747,1010033552.0,招商银行,600036.SH
2015-09-14,sh.600036,18.35,238728459,4224243744.0,招商银行,600036.SH
2015-09-15,sh.600036,18.01,159682120,2859988240.0,招商银行,600036.SH
2015-09-16,sh.600036,17.88,92456985,1649211120.0,招商银行,600036.SH
2015-09-17,sh.600036,17.56,72462096,1290899344.0,招商银行,600036.SH
2015-09-18,sh.600036,17.71,55779290,994981744.0,招商银行,600036.SH
2015-09-21,sh.600036,17.57,51032930,896607920.0,招商银行,600036.SH
2015-09-22,sh.600036,17.96,61256088,1099849984.0,招商银行,600036.SH
2015-09-23,sh.600036,17.73,47881418,854955664.0,招商银行,600036.SH
2015-09-24,sh.600036,17.52,40028862,703967984.0,招商银行,600036.SH
2015-09-25,sh.600036,17.72,46496008,812576160.0,招商银行,600036.SH
2015-09-28,sh.600036,17.51,21257675,373021856.0,招商银行,600036.SH
2015-09-29,sh.600036,17.44,30162101,522340016.0,招商银行,600036.SH
2015-09-30,sh.600036,17.77,54828280,972151312.0,招商银行,600036.SH
2015-10-08,sh.600036,17.73,49182338,881085536.0,招商银行,600036.SH
2015-10-09,sh.600036,17.96,30962815,557496960.0,招商银行,600036.SH
2015-10-12,sh.600036,18.19,60847887,1099989936.0,招商银行,600036.SH
2015-10-13,sh.600036,18.06,43079671,779474400.0,招商银行,600036.SH
2015-10-14,sh.600036,17.85,28905263,519124208.0,招商银行,600036.SH
2015-10-15,sh.600036,18.34,79188955,1448179792.0,招商银行,600036.SH
2015-10-16,sh.600036,18.58,67386056,1255251040.0,招商银行,600036.SH
2015-10-19,sh.600036,18.25,55653065,1019756288.0,招商银行,600036.SH
2015-10-20,sh.600036,18.22,37834105,688780816.0,招商银行,600036.SH
2015-10-21,sh.600036,18.69,89199316,1636226624.0,招商银行,600036.SH
2015-10-22,sh.600036,18.29,43201464,791243664.0,招商银行,600036.SH
2015-10-23,sh.600036,18.19,46374401,842709776.0,招商银行,600036.SH
2015-10-26,sh.600036,18.07,65191820,1182859680.0,招商银行,600036.SH
2015-10-27,sh.600036,18.04,37451195,673297504.0,招商银行,600036.SH
2015-10-28,sh.600036,17.86,35544195,636052144.0,招商银行,600036.SH
2015-10-29,sh.600036,17.81,27189186,485101168.0,招商银行,600036.SH
2015-10-30,sh.600036,17.93,43475425,780550624.0,招商银行,600036.SH
2015-11-02,sh.600036,17.83,27526694,492637312.0,招商银行,600036.SH
2015-11-03,sh.600036,17.9,34258849,616527504.0,招商银行,600036.SH
2015-11-04,sh.600036,18.36,62343814,1133352784.0,招商银行,600036.SH
2015-11-05,sh.600036,18.57,177602375,3329491840.0,招商银行,600036.SH
2015-11-06,sh.600036,18.68,95910098,1778266512.0,招商银行,600036.SH
2015-11-09,sh.600036,19.08,202697172,3926534192.0,招商银行,600036.SH
2015-11-10,sh.600036,18.64,85968188,1608819568.0,招商银行,600036.SH
2015-11-11,sh.600036,18.44,50167495,925608704.0,招商银行,600036.SH
2015-11-12,sh.600036,18.27,43502782,796449680.0,招商银行,600036.SH
2015-11-13,sh.600036,18.14,35960742,653641216.0,招商银行,600036.SH
2015-11-16,sh.600036,18.1,34169052,616059248.0,招商银行,600036.SH
2015-11-17,sh.600036,18.14,58690618,1073245504.0,招商银行,600036.SH
2015-11-18,sh.600036,18.16,47020962,854764944.0,招商银行,600036.SH
2015-11-19,sh.600036,18.2,32778243,594877168.0,招商银行,600036.SH
2015-11-20,sh.600036,18.15,36231273,659327808.0,招商银行,600036.SH
2015-11-23,sh.600036,18.19,47651030,869174112.0,招商银行,600036.SH
2015-11-24,sh.600036,17.88,62211098,1111420160.0,招商银行,600036.SH
2015-11-25,sh.600036,17.73,66101173,1169696304.0,招商银行,600036.SH
2015-11-26,sh.600036,17.53,63766044,1127051584.0,招商银行,600036.SH
2015-11-27,sh.600036,17.04,67955529,1168267232.0,招商银行,600036.SH
2015-11-30,sh.600036,17.2,55002022,940653600.0,招商银行,600036.SH
2015-12-01,sh.600036,17.11,39788453,678415744.0,招商银行,600036.SH
2015-12-02,sh.600036,17.91,102164733,1800174800.0,招商银行,600036.SH
2015-12-03,sh.600036,17.78,71516047,1272599584.0,招商银行,600036.SH
2015-12-04,sh.600036,17.25,51544534,895112352.0,招商银行,600036.SH
2015-12-07,sh.600036,17.39,43689457,757778128.0,招商银行,600036.SH
2015-12-08,sh.600036,17.42,45180101,786526032.0,招商银行,600036.SH
2015-12-09,sh.600036,17.39,44067092,767061472.0,招商银行,600036.SH
2015-12-10,sh.600036,17.26,44071740,767406848.0,招商银行,600036.SH
2015-12-11,sh.600036,16.92,114185613,1927210912.0,招商银行,600036.SH
2015-12-14,sh.600036,17.06,94142190,1575700880.0,招商银行,600036.SH
2015-12-15,sh.600036,17.03,46157831,784493840.0,招商银行,600036.SH
2015-12-16,sh.600036,16.96,30786339,521687760.0,招商银行,600036.SH
2015-12-17,sh.600036,17.1,50191055,856073248.0,招商银行,600036.SH
2015-12-18,sh.600036,17.52,156986555,2766475744.0,招商银行,600036.SH
2015-12-21,sh.600036,18.23,152603076,2749053920.0,招商银行,600036.SH
2015-12-22,sh.600036,18.27,94006477,1712026832.0,招商银行,600036.SH
2015-12-23,sh.600036,18.19,108842854,2005574304.0,招商银行,600036.SH
2015-12-24,sh.600036,18.14,37409210,678405088.0,招商银行,600036.SH
2015-12-25,sh.600036,18.33,48926300,894866176.0,招商银行,600036.SH
2015-12-28,sh.600036,17.84,48737935,876240576.0,招商银行,600036.SH
2015-12-29,sh.600036,17.94,36577477,651978496.0,招商银行,600036.SH
2015-12-30,sh.600036,18.26,71266569,1275675600.0,招商银行,600036.SH
2015-12-31,sh.600036,17.99,72164923,1308243664.0,招商银行,600036.SH
2016-01-04,sh.600036,17.28,37340569,650573712.0,招商银行,600036.SH
2016-01-05,sh.600036,17.23,51577796,892179584.0,招商银行,600036.SH
2016-01-06,sh.600036,17.31,31982691,551646032.0,招商银行,600036.SH
2016-01-07,sh.600036,16.67,19981533,335909456.0,招商银行,600036.SH
2016-01-08,sh.600036,16.81,60822777,1024996336.0,招商银行,600036.SH
2016-01-11,sh.600036,16.04,65491242,1071917376.0,招商银行,600036.SH
2016-01-12,sh.600036,15.98,46828222,751250880.0,招商银行,600036.SH
2016-01-13,sh.600036,15.87,57343596,915062416.0,招商银行,600036.SH
2016-01-14,sh.600036,15.89,42963031,678479488.0,招商银行,600036.SH
2016-01-15,sh.600036,15.48,34421564,539614096.0,招商银行,600036.SH
2016-01-18,sh.600036,15.42,26735062,414899632.0,招商银行,600036.SH
2016-01-19,sh.600036,15.71,38835180,605769312.0,招商银行,600036.SH
2016-01-20,sh.600036,15.52,38930681,602278608.0,招商银行,600036.SH
2016-01-21,sh.600036,15.3,35322411,547241536.0,招商银行,600036.SH
2016-01-22,sh.600036,15.28,30700816,469666144.0,招商银行,600036.SH
2016-01-25,sh.600036,15.48,21843950,334419008.0,招商银行,600036.SH
2016-01-26,sh.600036,14.86,30208597,456333856.0,招商银行,600036.SH
2016-01-27,sh.600036,15.0,51268841,771408368.0,招商银行,600036.SH
2016-01-28,sh.600036,14.72,25477946,379361552.0,招商银行,600036.SH
2016-01-29,sh.600036,14.99,36467461,544618816.0,招商银行,600036.SH
2016-02-01,sh.600036,14.72,27035594,399202432.0,招商银行,600036.SH
2016-02-02,sh.600036,14.85,18777772,279081136.0,招商银行,600036.SH
2016-02-03,sh.600036,14.67,23660799,346543312.0,招商银行,600036.SH
2016-02-04,sh.600036,14.88,22319314,330677616.0,招商银行,600036.SH
2016-02-05,sh.600036,14.86,16885368,250744421.0,招商银行,600036.SH
2016-02-15,sh.600036,14.66,19290819,282388048.0,招商银行,600036.SH
2016-02-16,sh.600036,14.94,26569833,397122800.0,招商银行,600036.SH
2016-02-17,sh.600036,15.03,38285480,573493648.0,招商银行,600036.SH
2016-02-18,sh.600036,14.9,28765190,430450512.0,招商银行,600036.SH
2016-02-19,sh.600036,14.75,22515437,333076960.0,招商银行,600036.SH
2016-02-22,sh.600036,15.01,38640686,578307952.0,招商银行,600036.SH
2016-02-23,sh.600036,14.83,24862800,369124448.0,招商银行,600036.SH
2016-02-24,sh.600036,14.81,21475072,316686624.0,招商银行,600036.SH
2016-02-25,sh.600036,14.25,51130623,740824080.0,招商银行,600036.SH
2016-02-26,sh.600036,14.45,28683994,413497072.0,招商银行,600036.SH
2016-02-29,sh.600036,14.56,48318546,692907440.0,招商银行,600036.SH
2016-03-01,sh.600036,14.65,32028783,467774896.0,招商银行,600036.SH
2016-03-02,sh.600036,14.96,60456293,897678352.0,招商银行,600036.SH
2016-03-03,sh.600036,15.15,53511876,803689984.0,招商银行,600036.SH
2016-03-04,sh.600036,15.97,164467881,2572638992.0,招商银行,600036.SH
2016-03-07,sh.600036,15.78,41066485,649708960.0,招商银行,600036.SH
2016-03-08,sh.600036,15.96,45257082,704533968.0,招商银行,600036.SH
2016-03-09,sh.600036,16.05,74232024,1175103104.0,招商银行,600036.SH
2016-03-10,sh.600036,15.66,19886994,314373904.0,招商银行,600036.SH
2016-03-11,sh.600036,15.76,32789560,512388944.0,招商银行,600036.SH
2016-03-14,sh.600036,15.72,31496816,500190848.0,招商银行,600036.SH
2016-03-15,sh.600036,15.86,35520508,561733616.0,招商银行,600036.SH
2016-03-16,sh.600036,16.42,123657453,2016510064.0,招商银行,600036.SH
2016-03-17,sh.600036,16.23,46071149,748342352.0,招商银行,600036.SH
2016-03-18,sh.600036,16.17,59577653,965239504.0,招商银行,600036.SH
2016-03-21,sh.600036,16.22,50253793,816507328.0,招商银行,600036.SH
2016-03-22,sh.600036,16.19,33741962,548665824.0,招商银行,600036.SH
2016-03-23,sh.600036,16.18,19140021,310370784.0,招商银行,600036.SH
2016-03-24,sh.600036,16.11,23990803,386975648.0,招商银行,600036.SH
2016-03-25,sh.600036,16.13,15929295,257057436.0,招商银行,600036.SH
2016-03-28,sh.600036,15.85,22137582,355104560.0,招商银行,600036.SH
2016-03-29,sh.600036,15.79,19716528,313168224.0,招商银行,600036.SH
2016-03-30,sh.600036,16.24,29675475,478252592.0,招商银行,600036.SH
2016-03-31,sh.600036,16.09,25949603,418715088.0,招商银行,600036.SH
2016-04-01,sh.600036,16.27,38488344,620911568.0,招商银行,600036.SH
2016-04-05,sh.600036,16.34,39296938,637828880.0,招商银行,600036.SH
2016-04-06,sh.600036,16.26,30072583,488458864.0,招商银行,600036.SH
2016-04-07,sh.600036,16.1,29556313,477567488.0,招商银行,600036.SH
2016-04-08,sh.600036,16.16,22439805,361753056.0,招商银行,600036.SH
2016-04-11,sh.600036,16.31,31780847,521431216.0,招商银行,600036.SH
2016-04-12,sh.600036,16.29,17456359,284011232.0,招商银行,600036.SH
2016-04-13,sh.600036,16.48,40046940,662526880.0,招商银行,600036.SH
2016-04-14,sh.600036,16.46,22984200,379056768.0,招商银行,600036.SH
2016-04-15,sh.600036,16.93,58833767,990505856.0,招商银行,600036.SH
2016-04-18,sh.600036,17.06,50523260,862860032.0,招商银行,600036.SH
2016-04-19,sh.600036,17.11,30079607,515250048.0,招商银行,600036.SH
2016-04-20,sh.600036,17.33,78748333,1349077280.0,招商银行,600036.SH
2016-04-21,sh.600036,17.69,79412106,1395740400.0,招商银行,600036.SH
2016-04-22,sh.600036,17.87,55625558,993784336.0,招商银行,600036.SH
2016-04-25,sh.600036,17.9,39667820,705132096.0,招商银行,600036.SH
2016-04-26,sh.600036,17.91,39021652,697015472.0,招商银行,600036.SH
2016-04-27,sh.600036,17.88,25071611,448803376.0,招商银行,600036.SH
2016-04-28,sh.600036,17.88,28195786,503333040.0,招商银行,600036.SH
2016-04-29,sh.600036,17.75,19001557,338329936.0,招商银行,600036.SH
2016-05-03,sh.600036,17.7,35053706,620494464.0,招商银行,600036.SH
2016-05-04,sh.600036,17.65,24388752,430847904.0,招商银行,600036.SH
2016-05-05,sh.600036,17.62,20305075,357190016.0,招商银行,600036.SH
2016-05-06,sh.600036,17.32,29666028,519899760.0,招商银行,600036.SH
2016-05-09,sh.600036,17.3,23597962,408579616.0,招商银行,600036.SH
2016-05-10,sh.600036,17.04,28801521,496178896.0,招商银行,600036.SH
2016-05-11,sh.600036,17.15,20807100,358012832.0,招商银行,600036.SH
2016-05-12,sh.600036,17.46,26079241,453541568.0,招商银行,600036.SH
2016-05-13,sh.600036,17.57,23912086,419456608.0,招商银行,600036.SH
2016-05-16,sh.600036,17.5,37999862,667673552.0,招商银行,600036.SH
2016-05-17,sh.600036,17.48,13498637,235712612.0,招商银行,600036.SH
2016-05-18,sh.600036,17.82,46174348,814897792.0,招商银行,600036.SH
2016-05-19,sh.600036,17.81,17097754,304549552.0,招商银行,600036.SH
2016-05-20,sh.600036,17.88,14502842,259055461.0,招商银行,600036.SH
2016-05-23,sh.600036,17.52,16849858,297555968.0,招商银行,600036.SH
2016-05-24,sh.600036,17.33,8825574,153638720.0,招商银行,600036.SH
2016-05-25,sh.600036,17.55,10291661,180397501.0,招商银行,600036.SH
2016-05-26,sh.600036,17.69,12788326,226478696.0,招商银行,600036.SH
2016-05-27,sh.600036,17.66,7414410,131180233.0,招商银行,600036.SH
2016-05-30,sh.600036,17.84,20754633,369200400.0,招商银行,600036.SH
2016-05-31,sh.600036,18.0,41139084,739952864.0,招商银行,600036.SH
2016-06-01,sh.600036,17.83,22013672,393579392.0,招商银行,600036.SH
2016-06-02,sh.600036,17.73,10755312,190719567.0,招商银行,600036.SH
2016-06-03,sh.600036,17.78,9852612,175174612.0,招商银行,600036.SH
2016-06-06,sh.600036,17.64,12770352,225235543.0,招商银行,600036.SH
2016-06-07,sh.600036,17.8,11250355,199544447.0,招商银行,600036.SH
2016-06-08,sh.600036,17.77,9514926,168924714.0,招商银行,600036.SH
2016-06-13,sh.600036,17.32,16220713,284764736.0,招商银行,600036.SH
2016-06-14,sh.600036,17.38,10953458,190753279.0,招商银行,600036.SH
2016-06-15,sh.600036,17.39,18735848,325485984.0,招商银行,600036.SH
2016-06-16,sh.600036,17.4,22113862,384653680.0,招商银行,600036.SH
2016-06-17,sh.600036,17.5,13760241,241308424.0,招商银行,600036.SH
2016-06-20,sh.600036,17.51,15697188,274976160.0,招商银行,600036.SH
2016-06-21,sh.600036,17.54,11327069,198765339.0,招商银行,600036.SH
2016-06-22,sh.600036,17.5,10067280,176398272.0,招商银行,600036.SH
2016-06-23,sh.600036,17.26,16061133,278405104.0,招商银行,600036.SH
2016-06-24,sh.600036,17.25,60859919,1049167952.0,招商银行,600036.SH
2016-06-27,sh.600036,17.28,19507706,336583696.0,招商银行,600036.SH
2016-06-28,sh.600036,17.29,13011644,224492913.0,招商银行,600036.SH
2016-06-29,sh.600036,17.45,21673574,376575248.0,招商银行,600036.SH
2016-06-30,sh.600036,17.5,17540455,306680976.0,招商银行,600036.SH
2016-07-01,sh.600036,17.63,10987843,193394881.0,招商银行,600036.SH
2016-07-04,sh.600036,17.72,17703319,314424400.0,招商银行,600036.SH
2016-07-05,sh.600036,17.56,18612287,327013872.0,招商银行,600036.SH
2016-07-06,sh.600036,17.42,20750617,361529680.0,招商银行,600036.SH
2016-07-07,sh.600036,17.51,15267455,266195435.0,招商银行,600036.SH
2016-07-08,sh.600036,17.39,15216146,264677220.0,招商银行,600036.SH
2016-07-11,sh.600036,17.48,16014159,280096752.0,招商银行,600036.SH
2016-07-12,sh.600036,17.71,25432037,447846592.0,招商银行,600036.SH
2016-07-13,sh.600036,17.05,28897003,495868848.0,招商银行,600036.SH
2016-07-14,sh.600036,17.09,12689532,216401318.0,招商银行,600036.SH
2016-07-15,sh.600036,17.14,11071520,189627730.0,招商银行,600036.SH
2016-07-18,sh.600036,17.26,24665203,427061952.0,招商银行,600036.SH
2016-07-19,sh.600036,17.12,13979788,239922726.0,招商银行,600036.SH
2016-07-20,sh.600036,17.07,11715176,199854451.0,招商银行,600036.SH
2016-07-21,sh.600036,17.24,14602427,251047870.0,招商银行,600036.SH
2016-07-22,sh.600036,17.08,10029423,171933047.0,招商银行,600036.SH
2016-07-25,sh.600036,17.12,8101064,138621909.0,招商银行,600036.SH
2016-07-26,sh.600036,17.17,11738263,201245058.0,招商银行,600036.SH
2016-07-27,sh.600036,17.37,32117298,550792720.0,招商银行,600036.SH
2016-07-28,sh.600036,17.14,19631362,337013584.0,招商银行,600036.SH
2016-07-29,sh.600036,17.16,12191855,208810744.0,招商银行,600036.SH
2016-08-01,sh.600036,17.18,19899307,341922848.0,招商银行,600036.SH
2016-08-02,sh.600036,17.15,9829628,168764725.0,招商银行,600036.SH
2016-08-03,sh.600036,17.07,9358504,159753550.0,招商银行,600036.SH
2016-08-04,sh.600036,17.06,11819369,201351096.0,招商银行,600036.SH
2016-08-05,sh.600036,17.1,16765602,286702384.0,招商银行,600036.SH
2016-08-08,sh.600036,17.13,13151009,225246259.0,招商银行,600036.SH
2016-08-09,sh.600036,17.17,25438728,436213104.0,招商银行,600036.SH
2016-08-10,sh.600036,17.28,18767677,323678688.0,招商银行,600036.SH
2016-08-11,sh.600036,17.45,31236343,549682864.0,招商银行,600036.SH
2016-08-12,sh.600036,17.99,44516136,794255424.0,招商银行,600036.SH
2016-08-15,sh.600036,18.42,81739230,1520048912.0,招商银行,600036.SH
2016-08-16,sh.600036,18.31,60274344,1105739952.0,招商银行,600036.SH
2016-08-17,sh.600036,18.4,21907973,404343024.0,招商银行,600036.SH
2016-08-18,sh.600036,18.23,32383832,596924096.0,招商银行,600036.SH
2016-08-19,sh.600036,18.62,39254763,729182464.0,招商银行,600036.SH
2016-08-22,sh.600036,18.69,20821260,388697504.0,招商银行,600036.SH
2016-08-23,sh.600036,18.66,28823168,542400832.0,招商银行,600036.SH
2016-08-24,sh.600036,18.62,19140890,354910032.0,招商银行,600036.SH
2016-08-25,sh.600036,18.51,19466504,358081680.0,招商银行,600036.SH
2016-08-26,sh.600036,18.55,16920681,313827456.0,招商银行,600036.SH
2016-08-29,sh.600036,18.27,20536484,374404160.0,招商银行,600036.SH
2016-08-30,sh.600036,18.44,19118919,352596192.0,招商银行,600036.SH
2016-08-31,sh.600036,18.63,15610697,290862560.0,招商银行,600036.SH
2016-09-01,sh.600036,18.62,15545243,290828336.0,招商银行,600036.SH
2016-09-02,sh.600036,18.68,17861657,332984784.0,招商银行,600036.SH
2016-09-05,sh.600036,18.75,19865500,372168096.0,招商银行,600036.SH
2016-09-06,sh.600036,18.51,17939403,334156288.0,招商银行,600036.SH
2016-09-07,sh.600036,18.56,17706315,328123072.0,招商银行,600036.SH
2016-09-08,sh.600036,18.53,8320207,154289421.0,招商银行,600036.SH
2016-09-09,sh.600036,18.33,8670862,159932157.0,招商银行,600036.SH
2016-09-12,sh.600036,17.9,28128406,506037328.0,招商银行,600036.SH
2016-09-13,sh.600036,17.91,13541708,243518992.0,招商银行,600036.SH
2016-09-14,sh.600036,17.54,22219675,393779456.0,招商银行,600036.SH
2016-09-19,sh.600036,17.81,16820168,299454576.0,招商银行,600036.SH
2016-09-20,sh.600036,17.74,10250971,182019360.0,招商银行,600036.SH
2016-09-21,sh.600036,17.88,7672304,137141040.0,招商银行,600036.SH
2016-09-22,sh.600036,17.97,12354837,222945149.0,招商银行,600036.SH
2016-09-23,sh.600036,17.98,13553186,244168358.0,招商银行,600036.SH
2016-09-26,sh.600036,18.0,14699757,264867529.0,招商银行,600036.SH
2016-09-27,sh.600036,18.07,10001267,180407342.0,招商银行,600036.SH
2016-09-28,sh.600036,17.89,10734706,192234021.0,招商银行,600036.SH
2016-09-29,sh.600036,18.0,10309280,185631397.0,招商银行,600036.SH
2016-09-30,sh.600036,18.0,8430817,152065854.0,招商银行,600036.SH
2016-10-10,sh.600036,18.3,19093895,348345888.0,招商银行,600036.SH
2016-10-11,sh.600036,18.33,12929420,237561461.0,招商银行,600036.SH
2016-10-12,sh.600036,18.15,10479969,190617618.0,招商银行,600036.SH
2016-10-13,sh.600036,18.09,10559824,191543016.0,招商银行,600036.SH
2016-10-14,sh.600036,18.1,12238516,221243821.0,招商银行,600036.SH
2016-10-17,sh.600036,17.86,12238087,219660672.0,招商银行,600036.SH
2016-10-18,sh.600036,17.93,14301948,256039353.0,招商银行,600036.SH
2016-10-19,sh.600036,17.88,11930149,213904312.0,招商银行,600036.SH
2016-10-20,sh.600036,17.89,12357910,220968790.0,招商银行,600036.SH
2016-10-21,sh.600036,17.91,12436352,222194728.0,招商银行,600036.SH
2016-10-24,sh.600036,18.31,29156035,531562128.0,招商银行,600036.SH
2016-10-25,sh.600036,18.13,19758214,360605408.0,招商银行,600036.SH
2016-10-26,sh.600036,17.97,14336807,258759657.0,招商银行,600036.SH
2016-10-27,sh.600036,17.81,21825012,389363392.0,招商银行,600036.SH
2016-10-28,sh.600036,17.9,20411626,365151760.0,招商银行,600036.SH
2016-10-31,sh.600036,17.86,12893323,230491027.0,招商银行,600036.SH
2016-11-01,sh.600036,17.98,18940536,339544656.0,招商银行,600036.SH
2016-11-02,sh.600036,17.84,30953599,551269824.0,招商银行,600036.SH
2016-11-03,sh.600036,17.93,27080968,484543264.0,招商银行,600036.SH
2016-11-04,sh.600036,17.91,26938815,483274400.0,招商银行,600036.SH
2016-11-07,sh.600036,17.89,20825832,372548928.0,招商银行,600036.SH
2016-11-08,sh.600036,17.99,26234851,471517520.0,招商银行,600036.SH
2016-11-09,sh.600036,17.89,34243788,612494736.0,招商银行,600036.SH
2016-11-10,sh.600036,18.0,27117031,489248976.0,招商银行,600036.SH
2016-11-11,sh.600036,18.02,27634854,497447008.0,招商银行,600036.SH
2016-11-14,sh.600036,18.04,35354071,641245328.0,招商银行,600036.SH
2016-11-15,sh.600036,18.18,25650732,465084624.0,招商银行,600036.SH
2016-11-16,sh.600036,18.12,23521274,427162272.0,招商银行,600036.SH
2016-11-17,sh.600036,18.12,27177326,491383024.0,招商银行,600036.SH
2016-11-18,sh.600036,18.1,18551458,335802160.0,招商银行,600036.SH
2016-11-21,sh.600036,18.34,41347641,760532544.0,招商银行,600036.SH
2016-11-22,sh.600036,18.37,52492006,964268064.0,招商银行,600036.SH
2016-11-23,sh.600036,18.84,66351510,1243122112.0,招商银行,600036.SH
2016-11-24,sh.600036,18.74,26750197,502543840.0,招商银行,600036.SH
2016-11-25,sh.600036,18.99,40943311,772447184.0,招商银行,600036.SH
2016-11-28,sh.600036,18.65,85146467,1604490624.0,招商银行,600036.SH
2016-11-29,sh.600036,18.75,49107994,915066944.0,招商银行,600036.SH
2016-11-30,sh.600036,18.55,39129809,727802160.0,招商银行,600036.SH
2016-12-01,sh.600036,18.49,53798959,997774288.0,招商银行,600036.SH
2016-12-02,sh.600036,18.49,48392142,891327408.0,招商银行,600036.SH
2016-12-05,sh.600036,18.66,50351765,933953840.0,招商银行,600036.SH
2016-12-06,sh.600036,18.6,31729059,592585856.0,招商银行,600036.SH
2016-12-07,sh.600036,18.62,12167226,226701438.0,招商银行,600036.SH
2016-12-08,sh.600036,18.76,26930735,505299968.0,招商银行,600036.SH
2016-12-09,sh.600036,19.2,62582113,1197391296.0,招商银行,600036.SH
2016-12-12,sh.600036,19.25,79488183,1530135056.0,招商银行,600036.SH
2016-12-13,sh.600036,18.88,24933178,471987680.0,招商银行,600036.SH
2016-12-14,sh.600036,18.82,32780688,621281024.0,招商银行,600036.SH
2016-12-15,sh.600036,18.24,36612461,673540672.0,招商银行,600036.SH
2016-12-16,sh.600036,18.18,24216836,441962352.0,招商银行,600036.SH
2016-12-19,sh.600036,18.01,24624487,443900192.0,招商银行,600036.SH
2016-12-20,sh.600036,17.79,29800167,531016960.0,招商银行,600036.SH
2016-12-21,sh.600036,17.81,30868403,551372352.0,招商银行,600036.SH
2016-12-22,sh.600036,17.72,21923062,388437360.0,招商银行,600036.SH
2016-12-23,sh.600036,17.6,18108164,319060384.0,招商银行,600036.SH
2016-12-26,sh.600036,17.75,16343100,287481232.0,招商银行,600036.SH
2016-12-27,sh.600036,17.71,10090799,179187227.0,招商银行,600036.SH
2016-12-28,sh.600036,17.62,26787189,470097376.0,招商银行,600036.SH
2016-12-29,sh.600036,17.49,28439191,497576064.0,招商银行,600036.SH
2016-12-30,sh.600036,17.6,22725952,398354144.0,招商银行,600036.SH
2017-01-03,sh.600036,17.96,30458320,543437232.0,招商银行,600036.SH
2017-01-04,sh.600036,18.02,25665746,461916736.0,招商银行,600036.SH
2017-01-05,sh.600036,18.1,24563935,445323280.0,招商银行,600036.SH
2017-01-06,sh.600036,17.96,17487854,315460240.0,招商银行,600036.SH
2017-01-09,sh.600036,17.94,17346031,312457104.0,招商银行,600036.SH
2017-01-10,sh.600036,17.94,10668237,191855417.0,招商银行,600036.SH
2017-01-11,sh.600036,17.96,13428968,241615359.0,招商银行,600036.SH
2017-01-12,sh.600036,18.0,14095858,254229662.0,招商银行,600036.SH
2017-01-13,sh.600036,18.22,25117871,456928160.0,招商银行,600036.SH
2017-01-16,sh.600036,18.58,75104666,1385245872.0,招商银行,600036.SH
2017-01-17,sh.600036,18.45,23566010,435835488.0,招商银行,600036.SH
2017-01-18,sh.600036,18.59,17879565,331977184.0,招商银行,600036.SH
2017-01-19,sh.600036,18.52,13117422,244232036.0,招商银行,600036.SH
2017-01-20,sh.600036,18.59,21739051,403155088.0,招商银行,600036.SH
2017-01-23,sh.600036,18.5,19879818,369761616.0,招商银行,600036.SH
2017-01-24,sh.600036,18.87,25543630,479286640.0,招商银行,600036.SH
2017-01-25,sh.600036,18.88,15272178,287271136.0,招商银行,600036.SH
2017-01-26,sh.600036,19.0,27318666,521508256.0,招商银行,600036.SH
2017-02-03,sh.600036,18.7,23307310,437172384.0,招商银行,600036.SH
2017-02-06,sh.600036,18.62,24044319,449830960.0,招商银行,600036.SH
2017-02-07,sh.600036,18.57,22941249,426839072.0,招商银行,600036.SH
2017-02-08,sh.600036,18.6,19710326,365540224.0,招商银行,600036.SH
2017-02-09,sh.600036,18.73,22249868,418114736.0,招商银行,600036.SH
2017-02-10,sh.600036,18.9,39642813,748379536.0,招商银行,600036.SH
2017-02-13,sh.600036,18.97,25330996,480693328.0,招商银行,600036.SH
2017-02-14,sh.600036,18.87,23787741,449426416.0,招商银行,600036.SH
2017-02-15,sh.600036,19.13,59684478,1140926368.0,招商银行,600036.SH
2017-02-16,sh.600036,19.14,35223424,674770080.0,招商银行,600036.SH
2017-02-17,sh.600036,19.02,17980608,343397824.0,招商银行,600036.SH
2017-02-20,sh.600036,19.4,44635085,864176288.0,招商银行,600036.SH
2017-02-21,sh.600036,19.41,30056784,588854416.0,招商银行,600036.SH
2017-02-22,sh.600036,19.4,22550262,437723376.0,招商银行,600036.SH
2017-02-23,sh.600036,19.38,15656602,303013872.0,招商银行,600036.SH
2017-02-24,sh.600036,19.43,20702260,401104880.0,招商银行,600036.SH
2017-02-27,sh.600036,19.41,25452155,494391312.0,招商银行,600036.SH
2017-02-28,sh.600036,19.44,16595374,323451600.0,招商银行,600036.SH
2017-03-01,sh.600036,19.34,23983933,464816272.0,招商银行,600036.SH
2017-03-02,sh.600036,19.1,24151335,463994960.0,招商银行,600036.SH
2017-03-03,sh.600036,19.01,16972146,323332720.0,招商银行,600036.SH
2017-03-06,sh.600036,19.06,23808114,457260944.0,招商银行,600036.SH
2017-03-07,sh.600036,19.24,25247832,482993296.0,招商银行,600036.SH
2017-03-08,sh.600036,19.29,19486576,374347184.0,招商银行,600036.SH
2017-03-09,sh.600036,19.05,23195322,441475792.0,招商银行,600036.SH
2017-03-10,sh.600036,18.91,20905258,394814384.0,招商银行,600036.SH
2017-03-13,sh.600036,19.03,17056107,323081968.0,招商银行,600036.SH
2017-03-14,sh.600036,19.1,18159274,346992944.0,招商银行,600036.SH
2017-03-15,sh.600036,19.01,21828414,415062768.0,招商银行,600036.SH
2017-03-16,sh.600036,19.06,31185472,596890768.0,招商银行,600036.SH
2017-03-17,sh.600036,18.81,35535357,675517904.0,招商银行,600036.SH
2017-03-20,sh.600036,18.76,33463011,627135952.0,招商银行,600036.SH
2017-03-21,sh.600036,18.76,40184805,752524928.0,招商银行,600036.SH
2017-03-22,sh.600036,18.52,46907976,871125184.0,招商银行,600036.SH
2017-03-23,sh.600036,18.64,40943140,766200256.0,招商银行,600036.SH
2017-03-24,sh.600036,18.78,32781646,613249808.0,招商银行,600036.SH
2017-03-27,sh.600036,19.1,80019192,1531802496.0,招商银行,600036.SH
2017-03-28,sh.600036,18.97,42027343,801684352.0,招商银行,600036.SH
2017-03-29,sh.600036,19.09,44934719,857221808.0,招商银行,600036.SH
2017-03-30,sh.600036,19.02,25726855,490686368.0,招商银行,600036.SH
2017-03-31,sh.600036,19.17,33962346,650952944.0,招商银行,600036.SH
2017-04-05,sh.600036,19.07,48602592,929280304.0,招商银行,600036.SH
2017-04-06,sh.600036,19.04,34096737,648458304.0,招商银行,600036.SH
2017-04-07,sh.600036,18.89,44034033,833989120.0,招商银行,600036.SH
2017-04-10,sh.600036,18.91,32313532,609971568.0,招商银行,600036.SH
2017-04-11,sh.600036,19.02,39407570,748244176.0,招商银行,600036.SH
2017-04-12,sh.600036,19.05,32143538,611280992.0,招商银行,600036.SH
2017-04-13,sh.600036,18.92,26704897,505235744.0,招商银行,600036.SH
2017-04-14,sh.600036,18.82,30142700,564136336.0,招商银行,600036.SH
2017-04-17,sh.600036,18.88,40758304,763022080.0,招商银行,600036.SH
2017-04-18,sh.600036,18.6,31585792,591650464.0,招商银行,600036.SH
2017-04-19,sh.600036,18.46,30928072,573673712.0,招商银行,600036.SH
2017-04-20,sh.600036,18.39,28367769,523852160.0,招商银行,600036.SH
2017-04-21,sh.600036,18.8,49743044,935678848.0,招商银行,600036.SH
2017-04-24,sh.600036,18.91,37143301,703849040.0,招商银行,600036.SH
2017-04-25,sh.600036,18.96,40879001,773462784.0,招商银行,600036.SH
2017-04-26,sh.600036,19.11,42419144,810267728.0,招商银行,600036.SH
2017-04-27,sh.600036,18.98,34557480,654130096.0,招商银行,600036.SH
2017-04-28,sh.600036,19.13,49459693,945369168.0,招商银行,600036.SH
2017-05-02,sh.600036,19.01,27786907,529881136.0,招商银行,600036.SH
2017-05-03,sh.600036,18.93,18057905,342113792.0,招商银行,600036.SH
2017-05-04,sh.600036,18.75,39673390,743771328.0,招商银行,600036.SH
2017-05-05,sh.600036,18.8,34318443,640625536.0,招商银行,600036.SH
2017-05-08,sh.600036,18.79,42998487,806982672.0,招商银行,600036.SH
2017-05-09,sh.600036,18.79,14905601,280094864.0,招商银行,600036.SH
2017-05-10,sh.600036,19.02,42066330,802326320.0,招商银行,600036.SH
2017-05-11,sh.600036,19.26,47193321,909384832.0,招商银行,600036.SH
2017-05-12,sh.600036,20.34,122392416,2442104352.0,招商银行,600036.SH
2017-05-15,sh.600036,20.67,83559057,1738353328.0,招商银行,600036.SH
2017-05-16,sh.600036,20.49,64731794,1325991072.0,招商银行,600036.SH
2017-05-17,sh.600036,20.19,59693502,1206835056.0,招商银行,600036.SH
2017-05-18,sh.600036,20.25,36345421,732979584.0,招商银行,600036.SH
2017-05-19,sh.600036,20.53,39179460,798985920.0,招商银行,600036.SH
2017-05-22,sh.600036,20.89,57888523,1212784544.0,招商银行,600036.SH
2017-05-23,sh.600036,21.83,95034429,2057868448.0,招商银行,600036.SH
2017-05-24,sh.600036,21.91,74150674,1623533232.0,招商银行,600036.SH
2017-05-25,sh.600036,22.95,106667813,2416876400.0,招商银行,600036.SH
2017-05-26,sh.600036,22.64,78505419,1785010224.0,招商银行,600036.SH
2017-05-31,sh.600036,22.42,73975517,1666165856.0,招商银行,600036.SH
2017-06-01,sh.600036,22.59,78092238,1753824144.0,招商银行,600036.SH
2017-06-02,sh.600036,22.16,51019453,1138839808.0,招商银行,600036.SH
2017-06-05,sh.600036,21.98,65026549,1419799520.0,招商银行,600036.SH
2017-06-06,sh.600036,21.93,54884450,1199205648.0,招商银行,600036.SH
2017-06-07,sh.600036,22.52,96496305,2160376512.0,招商银行,600036.SH
2017-06-08,sh.600036,22.74,74865798,1680209792.0,招商银行,600036.SH
2017-06-09,sh.600036,22.91,83753301,1924613472.0,招商银行,600036.SH
2017-06-12,sh.600036,22.84,55565434,1276327536.0,招商银行,600036.SH
2017-06-13,sh.600036,22.49,54260816,1220058064.0,招商银行,600036.SH
2017-06-14,sh.600036,21.3,51801561,1115250432.0,招商银行,600036.SH
2017-06-15,sh.600036,20.93,67537281,1425902896.0,招商银行,600036.SH
2017-06-16,sh.600036,20.81,53191074,1113029440.0,招商银行,600036.SH
2017-06-19,sh.600036,21.16,54663330,1152930384.0,招商银行,600036.SH
2017-06-20,sh.600036,21.08,53216817,1127816320.0,招商银行,600036.SH
2017-06-21,sh.600036,21.31,50786321,1074173568.0,招商银行,600036.SH
2017-06-22,sh.600036,22.73,152388802,3414570656.0,招商银行,600036.SH
2017-06-23,sh.600036,23.03,94120881,2136408544.0,招商银行,600036.SH
2017-06-26,sh.600036,23.04,88995783,2084599648.0,招商银行,600036.SH
2017-06-27,sh.600036,24.36,107584636,2541437040.0,招商银行,600036.SH
2017-06-28,sh.600036,23.8,73712967,1774023856.0,招商银行,600036.SH
2017-06-29,sh.600036,24.15,59421356,1432956912.0,招商银行,600036.SH
2017-06-30,sh.600036,23.91,40698820,972087184.0,招商银行,600036.SH
2017-07-03,sh.600036,23.52,41623871,979092992.0,招商银行,600036.SH
2017-07-04,sh.600036,23.0,57363680,1325615808.0,招商银行,600036.SH
2017-07-05,sh.600036,23.9,78399696,1836342528.0,招商银行,600036.SH
2017-07-06,sh.600036,23.96,62433300,1481675280.0,招商银行,600036.SH
2017-07-07,sh.600036,23.26,63217985,1478551360.0,招商银行,600036.SH
2017-07-10,sh.600036,23.26,37203437,866708208.0,招商银行,600036.SH
2017-07-11,sh.600036,24.08,73038307,1747996944.0,招商银行,600036.SH
2017-07-12,sh.600036,24.34,85800391,2107028256.0,招商银行,600036.SH
2017-07-13,sh.600036,24.9,55940416,1386998096.0,招商银行,600036.SH
2017-07-14,sh.600036,25.18,50806029,1271884064.0,招商银行,600036.SH
2017-07-17,sh.600036,25.11,70928750,1788461120.0,招商银行,600036.SH
2017-07-18,sh.600036,24.52,64534655,1583816688.0,招商银行,600036.SH
2017-07-19,sh.600036,25.22,63077091,1570233808.0,招商银行,600036.SH
2017-07-20,sh.600036,25.2,51433744,1286272352.0,招商银行,600036.SH
2017-07-21,sh.600036,24.74,32764747,818375344.0,招商银行,600036.SH
2017-07-24,sh.600036,25.71,62592201,1587410704.0,招商银行,600036.SH
2017-07-25,sh.600036,25.53,74394506,1922841200.0,招商银行,600036.SH
2017-07-26,sh.600036,25.46,46334311,1184402336.0,招商银行,600036.SH
2017-07-27,sh.600036,25.9,43453232,1124251952.0,招商银行,600036.SH
2017-07-28,sh.600036,25.78,28036197,720520368.0,招商银行,600036.SH
2017-07-31,sh.600036,25.57,34195965,875073760.0,招商银行,600036.SH
2017-08-01,sh.600036,26.14,47806569,1237126960.0,招商银行,600036.SH
2017-08-02,sh.600036,26.62,60628359,1619543968.0,招商银行,600036.SH
2017-08-03,sh.600036,25.89,51028609,1338776400.0,招商银行,600036.SH
2017-08-04,sh.600036,25.52,48927096,1252754944.0,招商银行,600036.SH
2017-08-07,sh.600036,25.98,30913583,799024688.0,招商银行,600036.SH
2017-08-08,sh.600036,25.85,22046346,569318272.0,招商银行,600036.SH
2017-08-09,sh.600036,25.54,29248590,754403232.0,招商银行,600036.SH
2017-08-10,sh.600036,25.14,46465133,1172008480.0,招商银行,600036.SH
2017-08-11,sh.600036,24.49,52173238,1295751456.0,招商银行,600036.SH
2017-08-14,sh.600036,24.8,53594772,1318539824.0,招商银行,600036.SH
2017-08-15,sh.600036,25.53,53690010,1370978512.0,招商银行,600036.SH
2017-08-16,sh.600036,25.17,29782847,750197216.0,招商银行,600036.SH
2017-08-17,sh.600036,25.06,32146044,803371856.0,招商银行,600036.SH
2017-08-18,sh.600036,25.42,39734426,1003556224.0,招商银行,600036.SH
2017-08-21,sh.600036,25.3,31525364,796215296.0,招商银行,600036.SH
2017-08-22,sh.600036,25.89,50287937,1289000320.0,招商银行,600036.SH
2017-08-23,sh.600036,26.52,60736801,1607392864.0,招商银行,600036.SH
2017-08-24,sh.600036,26.69,46161550,1228209408.0,招商银行,600036.SH
2017-08-25,sh.600036,27.53,66092014,1796548784.0,招商银行,600036.SH
2017-08-28,sh.600036,27.24,54746121,1504650784.0,招商银行,600036.SH
2017-08-29,sh.600036,27.14,32870241,894606528.0,招商银行,600036.SH
2017-08-30,sh.600036,27.16,47205569,1292864160.0,招商银行,600036.SH
2017-08-31,sh.600036,26.75,59081038,1576347728.0,招商银行,600036.SH
2017-09-01,sh.600036,26.76,47974643,1287996640.0,招商银行,600036.SH
2017-09-04,sh.600036,26.96,35631693,953928880.0,招商银行,600036.SH
2017-09-05,sh.600036,27.34,40573290,1101285040.0,招商银行,600036.SH
2017-09-06,sh.600036,26.88,32948666,890348912.0,招商银行,600036.SH
2017-09-07,sh.600036,26.35,46675659,1237783136.0,招商银行,600036.SH
2017-09-08,sh.600036,26.38,29097213,768685712.0,招商银行,600036.SH
2017-09-11,sh.600036,26.18,46759279,1236452288.0,招商银行,600036.SH
2017-09-12,sh.600036,26.44,42620226,1117346102.0,招商银行,600036.SH
2017-09-13,sh.600036,26.17,32866866,861995110.0,招商银行,600036.SH
2017-09-14,sh.600036,25.86,47223452,1222804952.0,招商银行,600036.SH
2017-09-15,sh.600036,25.97,32786267,847804833.0,招商银行,600036.SH
2017-09-18,sh.600036,25.76,51107728,1323656291.0,招商银行,600036.SH
2017-09-19,sh.600036,26.17,47274118,1228816253.0,招商银行,600036.SH
2017-09-20,sh.600036,25.89,51785947,1350601225.0,招商银行,600036.SH
2017-09-21,sh.600036,26.06,40927253,1066972505.0,招商银行,600036.SH
2017-09-22,sh.600036,25.95,28030992,729528084.0,招商银行,600036.SH
2017-09-25,sh.600036,25.81,32006496,829467446.0,招商银行,600036.SH
2017-09-26,sh.600036,25.71,22468076,578862322.0,招商银行,600036.SH
2017-09-27,sh.600036,25.4,33779155,861005161.0,招商银行,600036.SH
2017-09-28,sh.600036,25.2,34723219,875845413.0,招商银行,600036.SH
2017-09-29,sh.600036,25.55,47164183,1200679062.0,招商银行,600036.SH
2017-10-09,sh.600036,26.08,100296537,2651928457.0,招商银行,600036.SH
2017-10-10,sh.600036,26.12,105250662,2722110394.0,招商银行,600036.SH
2017-10-11,sh.600036,26.04,48399977,1261376447.0,招商银行,600036.SH
2017-10-12,sh.600036,26.37,47842207,1257728399.0,招商银行,600036.SH
2017-10-13,sh.600036,26.2,32734325,860203544.0,招商银行,600036.SH
2017-10-16,sh.600036,26.87,70703152,1886449497.0,招商银行,600036.SH
2017-10-17,sh.600036,27.03,58293941,1577299201.0,招商银行,600036.SH
2017-10-18,sh.600036,27.11,38327777,1037664392.0,招商银行,600036.SH
2017-10-19,sh.600036,27.1,40809614,1107391135.0,招商银行,600036.SH
2017-10-20,sh.600036,26.77,28130262,755916482.0,招商银行,600036.SH
2017-10-23,sh.600036,26.5,34731342,925253803.0,招商银行,600036.SH
2017-10-24,sh.600036,26.62,37077931,988906813.0,招商银行,600036.SH
2017-10-25,sh.600036,26.8,33931969,905316390.0,招商银行,600036.SH
2017-10-26,sh.600036,26.55,68850233,1839713642.0,招商银行,600036.SH
2017-10-27,sh.600036,28.1,122858298,3388881803.0,招商银行,600036.SH
2017-10-30,sh.600036,27.79,103998076,2890850820.0,招商银行,600036.SH
2017-10-31,sh.600036,27.1,62417334,1692746769.0,招商银行,600036.SH
2017-11-01,sh.600036,26.9,69513733,1866958998.0,招商银行,600036.SH
2017-11-02,sh.600036,27.01,36239453,974720024.0,招商银行,600036.SH
2017-11-03,sh.600036,27.06,68086907,1829746496.0,招商银行,600036.SH
2017-11-06,sh.600036,26.61,69959123,1854555217.0,招商银行,600036.SH
2017-11-07,sh.600036,27.03,73061456,1968881356.0,招商银行,600036.SH
2017-11-08,sh.600036,27.09,72048087,1958201904.0,招商银行,600036.SH
2017-11-09,sh.600036,27.07,35153936,952783904.0,招商银行,600036.SH
2017-11-10,sh.600036,27.07,70010839,1882008398.0,招商银行,600036.SH
2017-11-13,sh.600036,27.67,136763738,3814308501.0,招商银行,600036.SH
2017-11-14,sh.600036,28.02,84449909,2361867310.0,招商银行,600036.SH
2017-11-15,sh.600036,27.88,69036414,1927570960.0,招商银行,600036.SH
2017-11-16,sh.600036,28.1,67948860,1892846691.0,招商银行,600036.SH
2017-11-17,sh.600036,29.38,155197518,4524400131.0,招商银行,600036.SH
2017-11-20,sh.600036,30.53,130959008,3912283987.0,招商银行,600036.SH
2017-11-21,sh.600036,30.36,111984633,3439543678.0,招商银行,600036.SH
2017-11-22,sh.600036,30.9,97579050,3034245837.0,招商银行,600036.SH
2017-11-23,sh.600036,30.0,89079547,2709651298.0,招商银行,600036.SH
2017-11-24,sh.600036,30.09,81263787,2447316075.0,招商银行,600036.SH
2017-11-27,sh.600036,29.88,98541100,2899282314.0,招商银行,600036.SH
2017-11-28,sh.600036,29.19,61627096,1801453860.0,招商银行,600036.SH
2017-11-29,sh.600036,29.56,58019644,1699268388.0,招商银行,600036.SH
2017-11-30,sh.600036,28.99,50183802,1458283316.0,招商银行,600036.SH
2017-12-01,sh.600036,28.61,67577561,1936547906.0,招商银行,600036.SH
2017-12-04,sh.600036,28.72,41607547,1197481935.0,招商银行,600036.SH
2017-12-05,sh.600036,29.49,88452920,2588555823.0,招商银行,600036.SH
2017-12-06,sh.600036,28.93,55265542,1602158000.0,招商银行,600036.SH
2017-12-07,sh.600036,28.25,65215249,1846806140.0,招商银行,600036.SH
2017-12-08,sh.600036,28.52,52147804,1476432452.0,招商银行,600036.SH
2017-12-11,sh.600036,28.93,79743013,2266771061.0,招商银行,600036.SH
2017-12-12,sh.600036,28.35,55109715,1579380952.0,招商银行,600036.SH
2017-12-13,sh.600036,28.6,53615880,1517011706.0,招商银行,600036.SH
2017-12-14,sh.600036,28.63,52939187,1520833399.0,招商银行,600036.SH
2017-12-15,sh.600036,28.06,48806521,1378078334.0,招商银行,600036.SH
2017-12-18,sh.600036,28.33,37389497,1058596842.0,招商银行,600036.SH
2017-12-19,sh.600036,29.36,77123200,2238122922.0,招商银行,600036.SH
2017-12-20,sh.600036,29.47,55439985,1631568151.0,招商银行,600036.SH
2017-12-21,sh.600036,29.64,56738026,1684770426.0,招商银行,600036.SH
2017-12-22,sh.600036,29.29,44313847,1301573567.0,招商银行,600036.SH
2017-12-25,sh.600036,29.29,60107575,1777969130.0,招商银行,600036.SH
2017-12-26,sh.600036,29.71,61399980,1817411822.0,招商银行,600036.SH
2017-12-27,sh.600036,28.76,63393214,1845505286.0,招商银行,600036.SH
2017-12-28,sh.600036,28.63,42120227,1209920394.0,招商银行,600036.SH
2017-12-29,sh.600036,29.02,32904289,950964505.0,招商银行,600036.SH
2015-01-05,sh.601398,5.06,1365851680,6849226496.0,工商银行,601398.SH
2015-01-06,sh.601398,5.1,1497561536,7672745984.0,工商银行,601398.SH
2015-01-07,sh.601398,5.04,810596736,4076793936.0,工商银行,601398.SH
2015-01-08,sh.601398,4.83,692049072,3396521120.0,工商银行,601398.SH
2015-01-09,sh.601398,4.88,991590384,4905936640.0,工商银行,601398.SH
2015-01-12,sh.601398,4.82,547037408,2638839488.0,工商银行,601398.SH
2015-01-13,sh.601398,4.82,268526208,1292588736.0,工商银行,601398.SH
2015-01-14,sh.601398,4.89,539696480,2645522592.0,工商银行,601398.SH
2015-01-15,sh.601398,5.09,623208464,3093536176.0,工商银行,601398.SH
2015-01-16,sh.601398,5.15,786854048,4073206064.0,工商银行,601398.SH
2015-01-19,sh.601398,4.64,992468672,4725213440.0,工商银行,601398.SH
2015-01-20,sh.601398,4.64,647920912,3017983792.0,工商银行,601398.SH
2015-01-21,sh.601398,4.92,792843360,3797531312.0,工商银行,601398.SH
2015-01-22,sh.601398,4.88,569659280,2770806672.0,工商银行,601398.SH
2015-01-23,sh.601398,4.98,931939616,4664106496.0,工商银行,601398.SH
2015-01-26,sh.601398,4.93,532652448,2614900704.0,工商银行,601398.SH
2015-01-27,sh.601398,4.78,704101056,3376429920.0,工商银行,601398.SH
2015-01-28,sh.601398,4.69,551296784,2591288944.0,工商银行,601398.SH
2015-01-29,sh.601398,4.56,577536880,2643394320.0,工商银行,601398.SH
2015-01-30,sh.601398,4.54,419427376,1912726800.0,工商银行,601398.SH
2015-02-02,sh.601398,4.41,508024176,2250689472.0,工商银行,601398.SH
2015-02-03,sh.601398,4.5,561586560,2491369360.0,工商银行,601398.SH
2015-02-04,sh.601398,4.41,464394320,2074139744.0,工商银行,601398.SH
2015-02-05,sh.601398,4.4,760964928,3426932848.0,工商银行,601398.SH
2015-02-06,sh.601398,4.3,503713504,2182154832.0,工商银行,601398.SH
2015-02-09,sh.601398,4.3,475547808,2036829408.0,工商银行,601398.SH
2015-02-10,sh.601398,4.36,451046448,1950964752.0,工商银行,601398.SH
2015-02-11,sh.601398,4.33,296336992,1282181808.0,工商银行,601398.SH
2015-02-12,sh.601398,4.34,297367408,1282864144.0,工商银行,601398.SH
2015-02-13,sh.601398,4.44,482503072,2127026624.0,工商银行,601398.SH
2015-02-16,sh.601398,4.42,237106593,1047007248.0,工商银行,601398.SH
2015-02-17,sh.601398,4.49,325581072,1460312064.0,工商银行,601398.SH
2015-02-25,sh.601398,4.49,316108368,1421512208.0,工商银行,601398.SH
2015-02-26,sh.601398,4.59,501162352,2273319296.0,工商银行,601398.SH
2015-02-27,sh.601398,4.58,381156208,1747247968.0,工商银行,601398.SH
2015-03-02,sh.601398,4.57,307229744,1403422880.0,工商银行,601398.SH
2015-03-03,sh.601398,4.4,439941760,1964964720.0,工商银行,601398.SH
2015-03-04,sh.601398,4.38,248473365,1091708176.0,工商银行,601398.SH
2015-03-05,sh.601398,4.31,295341120,1275158928.0,工商银行,601398.SH
2015-03-06,sh.601398,4.34,219538207,951292000.0,工商银行,601398.SH
2015-03-09,sh.601398,4.52,526958896,2344408096.0,工商银行,601398.SH
2015-03-10,sh.601398,4.42,342244016,1520247728.0,工商银行,601398.SH
2015-03-11,sh.601398,4.46,318957584,1427555072.0,工商银行,601398.SH
2015-03-12,sh.601398,4.57,665406352,3044381296.0,工商银行,601398.SH
2015-03-13,sh.601398,4.57,505880720,2329716112.0,工商银行,601398.SH
2015-03-16,sh.601398,4.6,391708112,1797078528.0,工商银行,601398.SH
2015-03-17,sh.601398,4.63,454549552,2099251232.0,工商银行,601398.SH
2015-03-18,sh.601398,4.73,620859776,2905011136.0,工商银行,601398.SH
2015-03-19,sh.601398,4.69,517945568,2435866080.0,工商银行,601398.SH
2015-03-20,sh.601398,4.72,596498096,2812444128.0,工商银行,601398.SH
2015-03-23,sh.601398,4.78,534961296,2555339296.0,工商银行,601398.SH
2015-03-24,sh.601398,4.8,777551488,3728767888.0,工商银行,601398.SH
2015-03-25,sh.601398,4.69,650708880,3088804592.0,工商银行,601398.SH
2015-03-26,sh.601398,4.72,467425536,2191189952.0,工商银行,601398.SH
2015-03-27,sh.601398,4.71,454051824,2139574448.0,工商银行,601398.SH
2015-03-30,sh.601398,4.92,1137506288,5509450752.0,工商银行,601398.SH
2015-03-31,sh.601398,4.86,1004747648,4946411264.0,工商银行,601398.SH
2015-04-01,sh.601398,4.89,682475760,3322487296.0,工商银行,601398.SH
2015-04-02,sh.601398,4.85,555922224,2697751248.0,工商银行,601398.SH
2015-04-03,sh.601398,4.87,514181856,2495174384.0,工商银行,601398.SH
2015-04-07,sh.601398,5.0,861760864,4270348192.0,工商银行,601398.SH
2015-04-08,sh.601398,5.04,880345136,4397159424.0,工商银行,601398.SH
2015-04-09,sh.601398,5.03,876879808,4426962432.0,工商银行,601398.SH
2015-04-10,sh.601398,5.1,689361104,3486315120.0,工商银行,601398.SH
2015-04-13,sh.601398,5.32,1259537920,6605527296.0,工商银行,601398.SH
2015-04-14,sh.601398,5.26,763721472,4035741584.0,工商银行,601398.SH
2015-04-15,sh.601398,5.43,1135801936,6130926336.0,工商银行,601398.SH
2015-04-16,sh.601398,5.62,944008032,5168773120.0,工商银行,601398.SH
2015-04-17,sh.601398,5.64,1154808960,6557324288.0,工商银行,601398.SH
2015-04-20,sh.601398,5.42,1414169216,7840590080.0,工商银行,601398.SH
2015-04-21,sh.601398,5.44,1227983616,6613552896.0,工商银行,601398.SH
2015-04-22,sh.601398,5.52,939030848,5135954944.0,工商银行,601398.SH
2015-04-23,sh.601398,5.48,772045488,4226012272.0,工商银行,601398.SH
2015-04-24,sh.601398,5.33,796662320,4249846720.0,工商银行,601398.SH
2015-04-27,sh.601398,5.5,894864928,4866667520.0,工商银行,601398.SH
2015-04-28,sh.601398,5.64,1539549088,8668591872.0,工商银行,601398.SH
2015-04-29,sh.601398,5.53,737446464,4055593424.0,工商银行,601398.SH
2015-04-30,sh.601398,5.41,618168848,3363326896.0,工商银行,601398.SH
2015-05-04,sh.601398,5.39,435844976,2347049584.0,工商银行,601398.SH
2015-05-05,sh.601398,5.14,792325504,4154907776.0,工商银行,601398.SH
2015-05-06,sh.601398,5.13,589904128,3058482080.0,工商银行,601398.SH
2015-05-07,sh.601398,5.08,440196160,2251034864.0,工商银行,601398.SH
2015-05-08,sh.601398,5.15,352474944,1805319920.0,工商银行,601398.SH
2015-05-11,sh.601398,5.2,545472928,2796222800.0,工商银行,601398.SH
2015-05-12,sh.601398,5.19,447072592,2315241872.0,工商银行,601398.SH
2015-05-13,sh.601398,5.16,447773344,2320211072.0,工商银行,601398.SH
2015-05-14,sh.601398,5.13,427794976,2200069040.0,工商银行,601398.SH
2015-05-15,sh.601398,5.08,459914560,2333028784.0,工商银行,601398.SH
2015-05-18,sh.601398,5.0,338870640,1703567920.0,工商银行,601398.SH
2015-05-19,sh.601398,5.14,485237664,2471093104.0,工商银行,601398.SH
2015-05-20,sh.601398,5.15,502261584,2592656000.0,工商银行,601398.SH
2015-05-21,sh.601398,5.2,404938272,2103803872.0,工商银行,601398.SH
2015-05-22,sh.601398,5.33,571110784,3026571120.0,工商银行,601398.SH
2015-05-25,sh.601398,5.44,507821088,2740220784.0,工商银行,601398.SH
2015-05-26,sh.601398,5.44,491049088,2667503856.0,工商银行,601398.SH
2015-05-27,sh.601398,5.37,591954960,3187843856.0,工商银行,601398.SH
2015-05-28,sh.601398,5.1,685890352,3597809760.0,工商银行,601398.SH
2015-05-29,sh.601398,5.07,538703280,2730794592.0,工商银行,601398.SH
2015-06-01,sh.601398,5.23,767178720,3949707712.0,工商银行,601398.SH
2015-06-02,sh.601398,5.2,519137952,2689808192.0,工商银行,601398.SH
2015-06-03,sh.601398,5.2,444807696,2300977360.0,工商银行,601398.SH
2015-06-04,sh.601398,5.34,876889792,4623463424.0,工商银行,601398.SH
2015-06-05,sh.601398,5.32,874789040,4673267968.0,工商银行,601398.SH
2015-06-08,sh.601398,5.63,1726158096,9499321088.0,工商银行,601398.SH
2015-06-09,sh.601398,5.52,1312909744,7303845632.0,工商银行,601398.SH
2015-06-10,sh.601398,5.43,745505728,4060887360.0,工商银行,601398.SH
2015-06-11,sh.601398,5.42,497674688,2687770256.0,工商银行,601398.SH
2015-06-12,sh.601398,5.44,485218880,2625858208.0,工商银行,601398.SH
2015-06-15,sh.601398,5.32,700285488,3785027488.0,工商银行,601398.SH
2015-06-16,sh.601398,5.23,533868464,2823396784.0,工商银行,601398.SH
2015-06-17,sh.601398,5.29,484857088,2553292512.0,工商银行,601398.SH
2015-06-18,sh.601398,5.11,505935440,2624346928.0,工商银行,601398.SH
2015-06-19,sh.601398,4.97,569782096,2884750208.0,工商银行,601398.SH
2015-06-23,sh.601398,5.18,687707904,3499038688.0,工商银行,601398.SH
2015-06-24,sh.601398,5.22,485095312,2513574672.0,工商银行,601398.SH
2015-06-25,sh.601398,5.15,537049200,2819104976.0,工商银行,601398.SH
2015-06-26,sh.601398,4.98,775787104,3910574672.0,工商银行,601398.SH
2015-06-29,sh.601398,5.07,918854160,4584033536.0,工商银行,601398.SH
2015-06-30,sh.601398,5.28,965041264,4972056320.0,工商银行,601398.SH
2015-07-01,sh.601398,5.14,606218096,3141718160.0,工商银行,601398.SH
2015-07-02,sh.601398,5.44,1432633808,7516680448.0,工商银行,601398.SH
2015-07-03,sh.601398,5.31,1177261296,6290095104.0,工商银行,601398.SH
2015-07-06,sh.601398,5.79,2949582304,16699620864.0,工商银行,601398.SH
2015-07-07,sh.601398,5.74,2248404400,12789666816.0,工商银行,601398.SH
2015-07-08,sh.601398,5.47,2970797104,16225472512.0,工商银行,601398.SH
2015-07-09,sh.601398,5.58,2008218224,11073784832.0,工商银行,601398.SH
2015-07-10,sh.601398,5.54,2116259104,11959769600.0,工商银行,601398.SH
2015-07-13,sh.601398,5.27,1403223264,7451598336.0,工商银行,601398.SH
2015-07-14,sh.601398,5.15,1096512640,5625904896.0,工商银行,601398.SH
2015-07-15,sh.601398,5.27,1060248976,5521335808.0,工商银行,601398.SH
2015-07-16,sh.601398,5.22,741363440,3888617232.0,工商银行,601398.SH
2015-07-17,sh.601398,5.21,551775456,2864933616.0,工商银行,601398.SH
2015-07-20,sh.601398,5.17,495904816,2567507616.0,工商银行,601398.SH
2015-07-21,sh.601398,5.15,410062304,2110593776.0,工商银行,601398.SH
2015-07-22,sh.601398,5.12,331839840,1702971136.0,工商银行,601398.SH
2015-07-23,sh.601398,5.15,378126864,1942306384.0,工商银行,601398.SH
2015-07-24,sh.601398,5.1,437818832,2241409824.0,工商银行,601398.SH
2015-07-27,sh.601398,4.82,631610816,3140444768.0,工商银行,601398.SH
2015-07-28,sh.601398,4.83,598084272,2895525840.0,工商银行,601398.SH
2015-07-29,sh.601398,4.86,377276304,1824651648.0,工商银行,601398.SH
2015-07-30,sh.601398,4.79,312166464,1503512992.0,工商银行,601398.SH
2015-07-31,sh.601398,4.83,306775168,1467023152.0,工商银行,601398.SH
2015-08-03,sh.601398,4.87,480986560,2319874528.0,工商银行,601398.SH
2015-08-04,sh.601398,4.87,255171684,1236804368.0,工商银行,601398.SH
2015-08-05,sh.601398,4.82,225129367,1090274384.0,工商银行,601398.SH
2015-08-06,sh.601398,4.81,164819724,794823824.0,工商银行,601398.SH
2015-08-07,sh.601398,4.84,184998486,894413280.0,工商银行,601398.SH
2015-08-10,sh.601398,4.92,434953344,2116314624.0,工商银行,601398.SH
2015-08-11,sh.601398,4.87,312398720,1520043088.0,工商银行,601398.SH
2015-08-12,sh.601398,4.8,196837900,948524912.0,工商银行,601398.SH
2015-08-13,sh.601398,4.79,203310342,972276368.0,工商银行,601398.SH
2015-08-14,sh.601398,4.77,167583835,799466800.0,工商银行,601398.SH
2015-08-17,sh.601398,4.71,222751488,1049689200.0,工商银行,601398.SH
2015-08-18,sh.601398,4.63,323620240,1517727504.0,工商银行,601398.SH
2015-08-19,sh.601398,4.57,340343488,1555867392.0,工商银行,601398.SH
2015-08-20,sh.601398,4.55,226557475,1036189280.0,工商银行,601398.SH
2015-08-21,sh.601398,4.54,391604688,1788192560.0,工商银行,601398.SH
2015-08-24,sh.601398,4.1,527506400,2243120848.0,工商银行,601398.SH
2015-08-25,sh.601398,3.89,533607792,2138834880.0,工商银行,601398.SH
2015-08-26,sh.601398,4.05,596108320,2368997952.0,工商银行,601398.SH
2015-08-27,sh.601398,4.24,563720560,2303939008.0,工商银行,601398.SH
2015-08-28,sh.601398,4.23,368256320,1547716464.0,工商银行,601398.SH
2015-08-31,sh.601398,4.19,300230672,1250690592.0,工商银行,601398.SH
2015-09-01,sh.601398,4.5,1018541232,4491813888.0,工商银行,601398.SH
2015-09-02,sh.601398,4.95,1394605696,6542697984.0,工商银行,601398.SH
2015-09-07,sh.601398,4.52,648542768,2988526832.0,工商银行,601398.SH
2015-09-08,sh.601398,4.5,404199408,1800877168.0,工商银行,601398.SH
2015-09-09,sh.601398,4.5,366216688,1636333856.0,工商银行,601398.SH
2015-09-10,sh.601398,4.47,184433634,822389648.0,工商银行,601398.SH
2015-09-11,sh.601398,4.43,128608436,572234128.0,工商银行,601398.SH
2015-09-14,sh.601398,4.52,426149936,1920341376.0,工商银行,601398.SH
2015-09-15,sh.601398,4.54,382841472,1729309200.0,工商银行,601398.SH
2015-09-16,sh.601398,4.53,238809951,1073991408.0,工商银行,601398.SH
2015-09-17,sh.601398,4.52,214363152,974248976.0,工商银行,601398.SH
2015-09-18,sh.601398,4.45,162282989,727310000.0,工商银行,601398.SH
2015-09-21,sh.601398,4.42,164594616,723810624.0,工商银行,601398.SH
2015-09-22,sh.601398,4.44,135949647,602505616.0,工商银行,601398.SH
2015-09-23,sh.601398,4.37,110786308,486081040.0,工商银行,601398.SH
2015-09-24,sh.601398,4.37,77556004,339021040.0,工商银行,601398.SH
2015-09-25,sh.601398,4.45,179878957,792278240.0,工商银行,601398.SH
2015-09-28,sh.601398,4.38,93773145,410812144.0,工商银行,601398.SH
2015-09-29,sh.601398,4.32,93585842,405256112.0,工商银行,601398.SH
2015-09-30,sh.601398,4.32,71715972,311465584.0,工商银行,601398.SH
2015-10-08,sh.601398,4.38,120700712,530081584.0,工商银行,601398.SH
2015-10-09,sh.601398,4.44,118418895,524746176.0,工商银行,601398.SH
2015-10-12,sh.601398,4.51,186416592,837960800.0,工商银行,601398.SH
2015-10-13,sh.601398,4.45,123003386,548936720.0,工商银行,601398.SH
2015-10-14,sh.601398,4.43,88456676,391745040.0,工商银行,601398.SH
2015-10-15,sh.601398,4.49,113760995,507596672.0,工商银行,601398.SH
2015-10-16,sh.601398,4.5,137963108,620409296.0,工商银行,601398.SH
2015-10-19,sh.601398,4.49,126978377,571823904.0,工商银行,601398.SH
2015-10-20,sh.601398,4.5,88230181,396069984.0,工商银行,601398.SH
2015-10-21,sh.601398,4.77,395609280,1810248544.0,工商银行,601398.SH
2015-10-22,sh.601398,4.65,260276992,1203285296.0,工商银行,601398.SH
2015-10-23,sh.601398,4.61,205449506,947384240.0,工商银行,601398.SH
2015-10-26,sh.601398,4.62,140614465,648250624.0,工商银行,601398.SH
2015-10-27,sh.601398,4.63,171854866,795044880.0,工商银行,601398.SH
2015-10-28,sh.601398,4.61,177382834,819665584.0,工商银行,601398.SH
2015-10-29,sh.601398,4.58,132176820,606674560.0,工商银行,601398.SH
2015-10-30,sh.601398,4.57,115987539,530913904.0,工商银行,601398.SH
2015-11-02,sh.601398,4.52,115745633,527258368.0,工商银行,601398.SH
2015-11-03,sh.601398,4.45,137880154,616684720.0,工商银行,601398.SH
2015-11-04,sh.601398,4.56,215693190,972451984.0,工商银行,601398.SH
2015-11-05,sh.601398,4.64,450953520,2092087440.0,工商银行,601398.SH
2015-11-06,sh.601398,4.65,243645222,1123743120.0,工商银行,601398.SH
2015-11-09,sh.601398,4.8,524861536,2526205872.0,工商银行,601398.SH
2015-11-10,sh.601398,4.73,261928000,1240416160.0,工商银行,601398.SH
2015-11-11,sh.601398,4.7,194574316,912946384.0,工商银行,601398.SH
2015-11-12,sh.601398,4.65,151435182,705887600.0,工商银行,601398.SH
2015-11-13,sh.601398,4.6,132284093,610780192.0,工商银行,601398.SH
2015-11-16,sh.601398,4.65,160922198,742615296.0,工商银行,601398.SH
2015-11-17,sh.601398,4.67,182921046,855381584.0,工商银行,601398.SH
2015-11-18,sh.601398,4.68,167032969,780102608.0,工商银行,601398.SH
2015-11-19,sh.601398,4.68,116716686,545087056.0,工商银行,601398.SH
2015-11-20,sh.601398,4.66,140072829,651784432.0,工商银行,601398.SH
2015-11-23,sh.601398,4.65,169488380,785636016.0,工商银行,601398.SH
2015-11-24,sh.601398,4.64,190858640,881860000.0,工商银行,601398.SH
2015-11-25,sh.601398,4.66,193052112,895611424.0,工商银行,601398.SH
2015-11-26,sh.601398,4.68,184004127,859312176.0,工商银行,601398.SH
2015-11-27,sh.601398,4.58,156770859,722141104.0,工商银行,601398.SH
2015-11-30,sh.601398,4.62,208152848,956407072.0,工商银行,601398.SH
2015-12-01,sh.601398,4.55,189093553,858728000.0,工商银行,601398.SH
2015-12-02,sh.601398,4.72,401160224,1866487008.0,工商银行,601398.SH
2015-12-03,sh.601398,4.86,702118896,3379124160.0,工商银行,601398.SH
2015-12-04,sh.601398,4.69,205777283,975947184.0,工商银行,601398.SH
2015-12-07,sh.601398,4.66,125971505,586484752.0,工商银行,601398.SH
2015-12-08,sh.601398,4.62,172415066,794501600.0,工商银行,601398.SH
2015-12-09,sh.601398,4.66,90689996,420770336.0,工商银行,601398.SH
2015-12-10,sh.601398,4.61,126544975,588094704.0,工商银行,601398.SH
2015-12-11,sh.601398,4.59,111942525,512158192.0,工商银行,601398.SH
2015-12-14,sh.601398,4.65,149183983,687866768.0,工商银行,601398.SH
2015-12-15,sh.601398,4.6,90021442,415001728.0,工商银行,601398.SH
2015-12-16,sh.601398,4.59,83805022,384868816.0,工商银行,601398.SH
2015-12-17,sh.601398,4.62,92519956,427421360.0,工商银行,601398.SH
2015-12-18,sh.601398,4.62,197836899,918940048.0,工商银行,601398.SH
2015-12-21,sh.601398,4.69,250020948,1164770432.0,工商银行,601398.SH
2015-12-22,sh.601398,4.67,146002853,683260192.0,工商银行,601398.SH
2015-12-23,sh.601398,4.67,236911383,1106403888.0,工商银行,601398.SH
2015-12-24,sh.601398,4.65,162346693,753829648.0,工商银行,601398.SH
2015-12-25,sh.601398,4.65,86776633,403425504.0,工商银行,601398.SH
2015-12-28,sh.601398,4.59,146697558,678333536.0,工商银行,601398.SH
2015-12-29,sh.601398,4.61,124565023,572319056.0,工商银行,601398.SH
2015-12-30,sh.601398,4.61,82408564,378882608.0,工商银行,601398.SH
2015-12-31,sh.601398,4.58,97925207,449656192.0,工商银行,601398.SH
2016-01-04,sh.601398,4.45,147508685,669360272.0,工商银行,601398.SH
2016-01-05,sh.601398,4.47,160629284,715484720.0,工商银行,601398.SH
2016-01-06,sh.601398,4.51,113177263,508161232.0,工商银行,601398.SH
2016-01-07,sh.601398,4.43,34491508,153712624.0,工商银行,601398.SH
2016-01-08,sh.601398,4.46,186134474,827886960.0,工商银行,601398.SH
2016-01-11,sh.601398,4.32,164702051,722038640.0,工商银行,601398.SH
2016-01-12,sh.601398,4.32,115754335,502307248.0,工商银行,601398.SH
2016-01-13,sh.601398,4.3,101544385,439299088.0,工商银行,601398.SH
2016-01-14,sh.601398,4.31,131047547,559263232.0,工商银行,601398.SH
2016-01-15,sh.601398,4.23,101190760,430207040.0,工商银行,601398.SH
2016-01-18,sh.601398,4.19,119484135,502408256.0,工商银行,601398.SH
2016-01-19,sh.601398,4.25,98135774,415090800.0,工商银行,601398.SH
2016-01-20,sh.601398,4.22,106584738,448627152.0,工商银行,601398.SH
2016-01-21,sh.601398,4.18,84601580,356768992.0,工商银行,601398.SH
2016-01-22,sh.601398,4.22,84696499,355912032.0,工商银行,601398.SH
2016-01-25,sh.601398,4.23,62768998,264870077.0,工商银行,601398.SH
2016-01-26,sh.601398,4.08,112381408,464737008.0,工商银行,601398.SH
2016-01-27,sh.601398,4.11,152478645,625439808.0,工商银行,601398.SH
2016-01-28,sh.601398,4.05,90199334,366284752.0,工商银行,601398.SH
2016-01-29,sh.601398,4.1,137585643,561102784.0,工商银行,601398.SH
2016-02-01,sh.601398,4.03,104028310,419801088.0,工商银行,601398.SH
2016-02-02,sh.601398,4.05,92645580,374582496.0,工商银行,601398.SH
2016-02-03,sh.601398,4.01,77935178,311360880.0,工商银行,601398.SH
2016-02-04,sh.601398,4.02,73562943,295717776.0,工商银行,601398.SH
2016-02-05,sh.601398,4.01,71204411,285791584.0,工商银行,601398.SH
2016-02-15,sh.601398,3.97,58226580,230698475.0,工商银行,601398.SH
2016-02-16,sh.601398,4.05,85327980,344057232.0,工商银行,601398.SH
2016-02-17,sh.601398,4.04,84084658,339602608.0,工商银行,601398.SH
2016-02-18,sh.601398,4.06,88436527,358776064.0,工商银行,601398.SH
2016-02-19,sh.601398,4.02,94079934,378879648.0,工商银行,601398.SH
2016-02-22,sh.601398,4.08,131720894,535540784.0,工商银行,601398.SH
2016-02-23,sh.601398,4.05,69148356,279795152.0,工商银行,601398.SH
2016-02-24,sh.601398,4.05,74589777,301650992.0,工商银行,601398.SH
2016-02-25,sh.601398,4.01,221264453,894572064.0,工商银行,601398.SH
2016-02-26,sh.601398,4.02,115826517,466096800.0,工商银行,601398.SH
2016-02-29,sh.601398,4.03,183234157,726405808.0,工商银行,601398.SH
2016-03-01,sh.601398,4.03,85462000,342399840.0,工商银行,601398.SH
2016-03-02,sh.601398,4.11,208078890,846513568.0,工商银行,601398.SH
2016-03-03,sh.601398,4.13,149768911,614992528.0,工商银行,601398.SH
2016-03-04,sh.601398,4.31,409303280,1733236944.0,工商银行,601398.SH
2016-03-07,sh.601398,4.29,135311230,578835424.0,工商银行,601398.SH
2016-03-08,sh.601398,4.33,169417154,724083088.0,工商银行,601398.SH
2016-03-09,sh.601398,4.41,188468201,816785904.0,工商银行,601398.SH
2016-03-10,sh.601398,4.32,105044132,456423456.0,工商银行,601398.SH
2016-03-11,sh.601398,4.34,100313485,430996928.0,工商银行,601398.SH
2016-03-14,sh.601398,4.3,199920794,861302496.0,工商银行,601398.SH
2016-03-15,sh.601398,4.26,155203345,659491376.0,工商银行,601398.SH
2016-03-16,sh.601398,4.32,290465136,1251693072.0,工商银行,601398.SH
2016-03-17,sh.601398,4.29,156098379,668653056.0,工商银行,601398.SH
2016-03-18,sh.601398,4.3,165222463,707016432.0,工商银行,601398.SH
2016-03-21,sh.601398,4.31,135307955,584178800.0,工商银行,601398.SH
2016-03-22,sh.601398,4.29,96265666,414085392.0,工商银行,601398.SH
2016-03-23,sh.601398,4.3,98446751,424380976.0,工商银行,601398.SH
2016-03-24,sh.601398,4.26,73796490,315119488.0,工商银行,601398.SH
2016-03-25,sh.601398,4.28,37351400,159544356.0,工商银行,601398.SH
2016-03-28,sh.601398,4.3,76782196,328072864.0,工商银行,601398.SH
2016-03-29,sh.601398,4.25,85868439,366811040.0,工商银行,601398.SH
2016-03-30,sh.601398,4.32,142674879,612563264.0,工商银行,601398.SH
2016-03-31,sh.601398,4.29,91863121,394752224.0,工商银行,601398.SH
2016-04-01,sh.601398,4.3,92120439,394940496.0,工商银行,601398.SH
2016-04-05,sh.601398,4.32,100099566,430893536.0,工商银行,601398.SH
2016-04-06,sh.601398,4.29,70570722,303213648.0,工商银行,601398.SH
2016-04-07,sh.601398,4.26,74637985,319392784.0,工商银行,601398.SH
2016-04-08,sh.601398,4.26,46683454,199218573.0,工商银行,601398.SH
2016-04-11,sh.601398,4.29,67374407,289293760.0,工商银行,601398.SH
2016-04-12,sh.601398,4.28,48195029,206670586.0,工商银行,601398.SH
2016-04-13,sh.601398,4.32,153412951,662774064.0,工商银行,601398.SH
2016-04-14,sh.601398,4.31,44085883,190430882.0,工商银行,601398.SH
2016-04-15,sh.601398,4.3,68158357,293723680.0,工商银行,601398.SH
2016-04-18,sh.601398,4.29,93235807,398952656.0,工商银行,601398.SH
2016-04-19,sh.601398,4.29,41791422,179141441.0,工商银行,601398.SH
2016-04-20,sh.601398,4.29,144911727,616860480.0,工商银行,601398.SH
2016-04-21,sh.601398,4.3,80991192,346995824.0,工商银行,601398.SH
2016-04-22,sh.601398,4.28,57375276,245818747.0,工商银行,601398.SH
2016-04-25,sh.601398,4.27,44559176,190074175.0,工商银行,601398.SH
2016-04-26,sh.601398,4.28,49455325,211470592.0,工商银行,601398.SH
2016-04-27,sh.601398,4.28,31701532,135349084.0,工商银行,601398.SH
2016-04-28,sh.601398,4.28,50901269,217190683.0,工商银行,601398.SH
2016-04-29,sh.601398,4.26,46049086,196077297.0,工商银行,601398.SH
2016-05-03,sh.601398,4.28,75971478,324449920.0,工商银行,601398.SH
2016-05-04,sh.601398,4.27,40369142,172470706.0,工商银行,601398.SH
2016-05-05,sh.601398,4.28,45022080,192148936.0,工商银行,601398.SH
2016-05-06,sh.601398,4.24,71657233,305011456.0,工商银行,601398.SH
2016-05-09,sh.601398,4.17,71439800,300202400.0,工商银行,601398.SH
2016-05-10,sh.601398,4.16,59931469,249440935.0,工商银行,601398.SH
2016-05-11,sh.601398,4.19,65089697,271739536.0,工商银行,601398.SH
2016-05-12,sh.601398,4.18,53021658,221133234.0,工商银行,601398.SH
2016-05-13,sh.601398,4.22,77867887,327611696.0,工商银行,601398.SH
2016-05-16,sh.601398,4.25,58012956,245542612.0,工商银行,601398.SH
2016-05-17,sh.601398,4.25,40929431,173829866.0,工商银行,601398.SH
2016-05-18,sh.601398,4.24,58526023,247269141.0,工商银行,601398.SH
2016-05-19,sh.601398,4.24,52750006,223875779.0,工商银行,601398.SH
2016-05-20,sh.601398,4.25,43407775,184533482.0,工商银行,601398.SH
2016-05-23,sh.601398,4.26,43113503,183896312.0,工商银行,601398.SH
2016-05-24,sh.601398,4.26,48488885,206353082.0,工商银行,601398.SH
2016-05-25,sh.601398,4.26,24523733,104636913.0,工商银行,601398.SH
2016-05-26,sh.601398,4.28,44247309,189094755.0,工商银行,601398.SH
2016-05-27,sh.601398,4.29,32224893,137788562.0,工商银行,601398.SH
2016-05-30,sh.601398,4.3,84516663,362512640.0,工商银行,601398.SH
2016-05-31,sh.601398,4.36,104740402,454777904.0,工商银行,601398.SH
2016-06-01,sh.601398,4.34,63441751,275364944.0,工商银行,601398.SH
2016-06-02,sh.601398,4.34,29648778,128753309.0,工商银行,601398.SH
2016-06-03,sh.601398,4.37,48206398,209444067.0,工商银行,601398.SH
2016-06-06,sh.601398,4.38,59276484,258951633.0,工商银行,601398.SH
2016-06-07,sh.601398,4.4,58853493,258882505.0,工商银行,601398.SH
2016-06-08,sh.601398,4.39,57889772,254256447.0,工商银行,601398.SH
2016-06-13,sh.601398,4.37,66550532,291645424.0,工商银行,601398.SH
2016-06-14,sh.601398,4.4,69583009,306345712.0,工商银行,601398.SH
2016-06-15,sh.601398,4.39,64010809,280556208.0,工商银行,601398.SH
2016-06-16,sh.601398,4.37,39889730,174160816.0,工商银行,601398.SH
2016-06-17,sh.601398,4.37,37494345,164418728.0,工商银行,601398.SH
2016-06-20,sh.601398,4.39,36431977,160008927.0,工商银行,601398.SH
2016-06-21,sh.601398,4.41,35358922,155559528.0,工商银行,601398.SH
2016-06-22,sh.601398,4.44,56411629,250457516.0,工商银行,601398.SH
2016-06-23,sh.601398,4.44,25477847,113215027.0,工商银行,601398.SH
2016-06-24,sh.601398,4.4,44452637,196323322.0,工商银行,601398.SH
2016-06-27,sh.601398,4.42,31933930,140606432.0,工商银行,601398.SH
2016-06-28,sh.601398,4.42,64395143,282442800.0,工商银行,601398.SH
2016-06-29,sh.601398,4.42,53792231,236875608.0,工商银行,601398.SH
2016-06-30,sh.601398,4.44,44120661,195605551.0,工商银行,601398.SH
2016-07-01,sh.601398,4.47,53452780,239064522.0,工商银行,601398.SH
2016-07-04,sh.601398,4.54,64872069,293563168.0,工商银行,601398.SH
2016-07-05,sh.601398,4.55,67474926,306304672.0,工商银行,601398.SH
2016-07-06,sh.601398,4.56,67726987,307025856.0,工商银行,601398.SH
2016-07-07,sh.601398,4.59,111989706,512053952.0,工商银行,601398.SH
2016-07-08,sh.601398,4.29,115400788,496377392.0,工商银行,601398.SH
2016-07-11,sh.601398,4.27,75103755,322028864.0,工商银行,601398.SH
2016-07-12,sh.601398,4.34,141273663,608650304.0,工商银行,601398.SH
2016-07-13,sh.601398,4.35,136168870,591082768.0,工商银行,601398.SH
2016-07-14,sh.601398,4.31,57044041,246123637.0,工商银行,601398.SH
2016-07-15,sh.601398,4.32,55305234,238627366.0,工商银行,601398.SH
2016-07-18,sh.601398,4.34,58448115,253685834.0,工商银行,601398.SH
2016-07-19,sh.601398,4.3,83653833,360670784.0,工商银行,601398.SH
2016-07-20,sh.601398,4.28,52772357,226295902.0,工商银行,601398.SH
2016-07-21,sh.601398,4.28,74667293,319909888.0,工商银行,601398.SH
2016-07-22,sh.601398,4.28,70445357,300284448.0,工商银行,601398.SH
2016-07-25,sh.601398,4.29,66019787,283002832.0,工商银行,601398.SH
2016-07-26,sh.601398,4.31,59875814,257577499.0,工商银行,601398.SH
2016-07-27,sh.601398,4.31,104570068,448543024.0,工商银行,601398.SH
2016-07-28,sh.601398,4.29,57911779,248621817.0,工商银行,601398.SH
2016-07-29,sh.601398,4.3,35004529,150323737.0,工商银行,601398.SH
2016-08-01,sh.601398,4.33,73572877,317506880.0,工商银行,601398.SH
2016-08-02,sh.601398,4.34,45228648,195735431.0,工商银行,601398.SH
2016-08-03,sh.601398,4.33,67941362,294318736.0,工商银行,601398.SH
2016-08-04,sh.601398,4.33,52886153,228364237.0,工商银行,601398.SH
2016-08-05,sh.601398,4.33,58463993,252398294.0,工商银行,601398.SH
2016-08-08,sh.601398,4.34,47988242,208067038.0,工商银行,601398.SH
2016-08-09,sh.601398,4.37,90851724,395402688.0,工商银行,601398.SH
2016-08-10,sh.601398,4.38,66893288,292771232.0,工商银行,601398.SH
2016-08-11,sh.601398,4.42,127544975,565050816.0,工商银行,601398.SH
2016-08-12,sh.601398,4.5,139550563,623687440.0,工商银行,601398.SH
2016-08-15,sh.601398,4.58,190796136,869842016.0,工商银行,601398.SH
2016-08-16,sh.601398,4.44,379202624,1690569280.0,工商银行,601398.SH
2016-08-17,sh.601398,4.44,111953777,495822608.0,工商银行,601398.SH
2016-08-18,sh.601398,4.43,120802807,535750848.0,工商银行,601398.SH
2016-08-19,sh.601398,4.44,77286861,341969328.0,工商银行,601398.SH
2016-08-22,sh.601398,4.47,120534917,537380976.0,工商银行,601398.SH
2016-08-23,sh.601398,4.52,140575529,633880192.0,工商银行,601398.SH
2016-08-24,sh.601398,4.52,97280725,439059216.0,工商银行,601398.SH
2016-08-25,sh.601398,4.52,127172549,573139616.0,工商银行,601398.SH
2016-08-26,sh.601398,4.5,66375925,298860432.0,工商银行,601398.SH
2016-08-29,sh.601398,4.49,85397545,381490384.0,工商银行,601398.SH
2016-08-30,sh.601398,4.51,73462568,329623632.0,工商银行,601398.SH
2016-08-31,sh.601398,4.53,62221953,280764464.0,工商银行,601398.SH
2016-09-01,sh.601398,4.52,55451775,250704767.0,工商银行,601398.SH
2016-09-02,sh.601398,4.53,74471958,336919952.0,工商银行,601398.SH
2016-09-05,sh.601398,4.53,85903781,388599264.0,工商银行,601398.SH
2016-09-06,sh.601398,4.46,202747495,911490688.0,工商银行,601398.SH
2016-09-07,sh.601398,4.48,94756451,424103072.0,工商银行,601398.SH
2016-09-08,sh.601398,4.49,66651637,298582848.0,工商银行,601398.SH
2016-09-09,sh.601398,4.48,51363680,230162500.0,工商银行,601398.SH
2016-09-12,sh.601398,4.45,112496998,499502240.0,工商银行,601398.SH
2016-09-13,sh.601398,4.43,59140534,262175580.0,工商银行,601398.SH
2016-09-14,sh.601398,4.37,77542821,340057296.0,工商银行,601398.SH
2016-09-19,sh.601398,4.4,50569217,221615235.0,工商银行,601398.SH
2016-09-20,sh.601398,4.4,44893767,196916269.0,工商银行,601398.SH
2016-09-21,sh.601398,4.41,64520861,283608512.0,工商银行,601398.SH
2016-09-22,sh.601398,4.44,75787325,335933664.0,工商银行,601398.SH
2016-09-23,sh.601398,4.44,52577108,233745765.0,工商银行,601398.SH
2016-09-26,sh.601398,4.41,69287712,306947984.0,工商银行,601398.SH
2016-09-27,sh.601398,4.44,45716057,201943910.0,工商银行,601398.SH
2016-09-28,sh.601398,4.43,29460797,130526729.0,工商银行,601398.SH
2016-09-29,sh.601398,4.44,42713318,189275382.0,工商银行,601398.SH
2016-09-30,sh.601398,4.43,26057004,115474513.0,工商银行,601398.SH
2016-10-10,sh.601398,4.46,78484966,348472064.0,工商银行,601398.SH
2016-10-11,sh.601398,4.45,55342680,246098904.0,工商银行,601398.SH
2016-10-12,sh.601398,4.43,59244398,262766932.0,工商银行,601398.SH
2016-10-13,sh.601398,4.42,47888441,211778426.0,工商银行,601398.SH
2016-10-14,sh.601398,4.42,67662149,298373648.0,工商银行,601398.SH
2016-10-17,sh.601398,4.38,60322226,264825182.0,工商银行,601398.SH
2016-10-18,sh.601398,4.41,60521378,265602083.0,工商银行,601398.SH
2016-10-19,sh.601398,4.41,53880138,237802799.0,工商银行,601398.SH
2016-10-20,sh.601398,4.39,50365908,221513311.0,工商银行,601398.SH
2016-10-21,sh.601398,4.41,33583795,147547919.0,工商银行,601398.SH
2016-10-24,sh.601398,4.43,147965394,655163376.0,工商银行,601398.SH
2016-10-25,sh.601398,4.45,82503339,366389616.0,工商银行,601398.SH
2016-10-26,sh.601398,4.42,81485905,360845488.0,工商银行,601398.SH
2016-10-27,sh.601398,4.42,62037326,273559456.0,工商银行,601398.SH
2016-10-28,sh.601398,4.44,81003113,359216960.0,工商银行,601398.SH
2016-10-31,sh.601398,4.43,67620002,298402976.0,工商银行,601398.SH
2016-11-01,sh.601398,4.44,60044424,265994296.0,工商银行,601398.SH
2016-11-02,sh.601398,4.42,56576605,249801737.0,工商银行,601398.SH
2016-11-03,sh.601398,4.42,59317374,262246929.0,工商银行,601398.SH
2016-11-04,sh.601398,4.41,92834063,408732176.0,工商银行,601398.SH
2016-11-07,sh.601398,4.41,57769848,254331480.0,工商银行,601398.SH
2016-11-08,sh.601398,4.44,169272738,748966000.0,工商银行,601398.SH
2016-11-09,sh.601398,4.4,127193116,560026592.0,工商银行,601398.SH
2016-11-10,sh.601398,4.43,73081234,323330496.0,工商银行,601398.SH
2016-11-11,sh.601398,4.41,192367518,846656752.0,工商银行,601398.SH
2016-11-14,sh.601398,4.4,190875086,839508000.0,工商银行,601398.SH
2016-11-15,sh.601398,4.4,74971347,329518928.0,工商银行,601398.SH
2016-11-16,sh.601398,4.4,69330906,304672032.0,工商银行,601398.SH
2016-11-17,sh.601398,4.39,53452620,234759354.0,工商银行,601398.SH
2016-11-18,sh.601398,4.39,56792920,249517930.0,工商银行,601398.SH
2016-11-21,sh.601398,4.42,125320308,552525536.0,工商银行,601398.SH
2016-11-22,sh.601398,4.43,240278889,1061212368.0,工商银行,601398.SH
2016-11-23,sh.601398,4.45,230905200,1026788160.0,工商银行,601398.SH
2016-11-24,sh.601398,4.44,99859805,443125776.0,工商银行,601398.SH
2016-11-25,sh.601398,4.5,205461301,917957440.0,工商银行,601398.SH
2016-11-28,sh.601398,4.55,242278688,1100768256.0,工商银行,601398.SH
2016-11-29,sh.601398,4.57,146817838,668112800.0,工商银行,601398.SH
2016-11-30,sh.601398,4.52,121384447,549680224.0,工商银行,601398.SH
2016-12-01,sh.601398,4.52,109041099,493593120.0,工商银行,601398.SH
2016-12-02,sh.601398,4.52,175955035,793611984.0,工商银行,601398.SH
2016-12-05,sh.601398,4.56,182637021,829216080.0,工商银行,601398.SH
2016-12-06,sh.601398,4.54,108282724,493575008.0,工商银行,601398.SH
2016-12-07,sh.601398,4.53,68071144,308635952.0,工商银行,601398.SH
2016-12-08,sh.601398,4.54,85539288,387851232.0,工商银行,601398.SH
2016-12-09,sh.601398,4.59,243020568,1113653216.0,工商银行,601398.SH
2016-12-12,sh.601398,4.63,267941471,1237222016.0,工商银行,601398.SH
2016-12-13,sh.601398,4.56,117361944,536568976.0,工商银行,601398.SH
2016-12-14,sh.601398,4.57,74006731,338897632.0,工商银行,601398.SH
2016-12-15,sh.601398,4.46,125354573,562236096.0,工商银行,601398.SH
2016-12-16,sh.601398,4.43,106381972,471566496.0,工商银行,601398.SH
2016-12-19,sh.601398,4.44,49766289,220655675.0,工商银行,601398.SH
2016-12-20,sh.601398,4.41,102928182,452756016.0,工商银行,601398.SH
2016-12-21,sh.601398,4.42,73573845,324687360.0,工商银行,601398.SH
2016-12-22,sh.601398,4.4,60826555,268013232.0,工商银行,601398.SH
2016-12-23,sh.601398,4.4,60063435,263871387.0,工商银行,601398.SH
2016-12-26,sh.601398,4.41,89013884,389851616.0,工商银行,601398.SH
2016-12-27,sh.601398,4.39,48688669,214096549.0,工商银行,601398.SH
2016-12-28,sh.601398,4.37,92805354,405449456.0,工商银行,601398.SH
2016-12-29,sh.601398,4.38,79000475,345590768.0,工商银行,601398.SH
2016-12-30,sh.601398,4.41,87610736,384672848.0,工商银行,601398.SH
2017-01-03,sh.601398,4.43,104161632,460087744.0,工商银行,601398.SH
2017-01-04,sh.601398,4.43,118923425,526408816.0,工商银行,601398.SH
2017-01-05,sh.601398,4.44,87356137,387580736.0,工商银行,601398.SH
2017-01-06,sh.601398,4.44,87008191,386138112.0,工商银行,601398.SH
2017-01-09,sh.601398,4.46,117454094,523539392.0,工商银行,601398.SH
2017-01-10,sh.601398,4.46,63663257,283646224.0,工商银行,601398.SH
2017-01-11,sh.601398,4.47,52395427,233898107.0,工商银行,601398.SH
2017-01-12,sh.601398,4.47,62166279,277258304.0,工商银行,601398.SH
2017-01-13,sh.601398,4.49,93851289,419357040.0,工商银行,601398.SH
2017-01-16,sh.601398,4.55,302311392,1364412976.0,工商银行,601398.SH
2017-01-17,sh.601398,4.53,90022291,407014736.0,工商银行,601398.SH
2017-01-18,sh.601398,4.53,68290432,308822016.0,工商银行,601398.SH
2017-01-19,sh.601398,4.53,110598840,500585776.0,工商银行,601398.SH
2017-01-20,sh.601398,4.52,67870182,306500368.0,工商银行,601398.SH
2017-01-23,sh.601398,4.53,77011069,348112272.0,工商银行,601398.SH
2017-01-24,sh.601398,4.55,117283449,532631888.0,工商银行,601398.SH
2017-01-25,sh.601398,4.56,68255713,310690176.0,工商银行,601398.SH
2017-01-26,sh.601398,4.6,84502233,386971696.0,工商银行,601398.SH
2017-02-03,sh.601398,4.56,53137727,242482106.0,工商银行,601398.SH
2017-02-06,sh.601398,4.56,55128293,251005935.0,工商银行,601398.SH
2017-02-07,sh.601398,4.55,68414436,311360304.0,工商银行,601398.SH
2017-02-08,sh.601398,4.56,55511309,251930028.0,工商银行,601398.SH
2017-02-09,sh.601398,4.57,65501269,298864416.0,工商银行,601398.SH
2017-02-10,sh.601398,4.59,59720167,273504000.0,工商银行,601398.SH
2017-02-13,sh.601398,4.62,93998902,433628176.0,工商银行,601398.SH
2017-02-14,sh.601398,4.62,80645823,372864464.0,工商银行,601398.SH
2017-02-15,sh.601398,4.68,156678868,729898544.0,工商银行,601398.SH
2017-02-16,sh.601398,4.68,103172534,483137632.0,工商银行,601398.SH
2017-02-17,sh.601398,4.64,95376937,444519264.0,工商银行,601398.SH
2017-02-20,sh.601398,4.67,155702505,728360224.0,工商银行,601398.SH
2017-02-21,sh.601398,4.68,90739831,425412576.0,工商银行,601398.SH
2017-02-22,sh.601398,4.7,60973525,285950416.0,工商银行,601398.SH
2017-02-23,sh.601398,4.71,61309086,288149504.0,工商银行,601398.SH
2017-02-24,sh.601398,4.7,54287246,254734807.0,工商银行,601398.SH
2017-02-27,sh.601398,4.69,58505320,274228816.0,工商银行,601398.SH
2017-02-28,sh.601398,4.69,49814935,233271741.0,工商银行,601398.SH
2017-03-01,sh.601398,4.68,93299143,436965712.0,工商银行,601398.SH
2017-03-02,sh.601398,4.67,50636315,237114179.0,工商银行,601398.SH
2017-03-03,sh.601398,4.65,42939726,200181544.0,工商银行,601398.SH
2017-03-06,sh.601398,4.64,95469655,444384944.0,工商银行,601398.SH
2017-03-07,sh.601398,4.68,85552347,398252096.0,工商银行,601398.SH
2017-03-08,sh.601398,4.69,63630200,297861104.0,工商银行,601398.SH
2017-03-09,sh.601398,4.7,128547007,604436592.0,工商银行,601398.SH
2017-03-10,sh.601398,4.71,52331446,245851158.0,工商银行,601398.SH
2017-03-13,sh.601398,4.73,67420857,317462704.0,工商银行,601398.SH
2017-03-14,sh.601398,4.76,69701533,330953824.0,工商银行,601398.SH
2017-03-15,sh.601398,4.75,58352533,276534272.0,工商银行,601398.SH
2017-03-16,sh.601398,4.7,118257619,559053136.0,工商银行,601398.SH
2017-03-17,sh.601398,4.69,81224950,381978608.0,工商银行,601398.SH
2017-03-20,sh.601398,4.71,83580778,393812176.0,工商银行,601398.SH
2017-03-21,sh.601398,4.71,57111312,268888800.0,工商银行,601398.SH
2017-03-22,sh.601398,4.66,112956144,528460208.0,工商银行,601398.SH
2017-03-23,sh.601398,4.67,89150340,416701712.0,工商银行,601398.SH
2017-03-24,sh.601398,4.69,96980598,452382000.0,工商银行,601398.SH
2017-03-27,sh.601398,4.75,157533741,743929168.0,工商银行,601398.SH
2017-03-28,sh.601398,4.75,76414039,362490512.0,工商银行,601398.SH
2017-03-29,sh.601398,4.78,98222012,467762720.0,工商银行,601398.SH
2017-03-30,sh.601398,4.81,127671435,607688496.0,工商银行,601398.SH
2017-03-31,sh.601398,4.84,130354357,629464880.0,工商银行,601398.SH
2017-04-05,sh.601398,4.85,109486990,529500128.0,工商银行,601398.SH
2017-04-06,sh.601398,4.83,62979558,303787360.0,工商银行,601398.SH
2017-04-07,sh.601398,4.86,89335104,433073216.0,工商银行,601398.SH
2017-04-10,sh.601398,4.83,58855666,284177680.0,工商银行,601398.SH
2017-04-11,sh.601398,4.8,81013654,388871584.0,工商银行,601398.SH
2017-04-12,sh.601398,4.85,113810215,548277456.0,工商银行,601398.SH
2017-04-13,sh.601398,4.81,79977033,385351344.0,工商银行,601398.SH
2017-04-14,sh.601398,4.81,45011667,216116057.0,工商银行,601398.SH
2017-04-17,sh.601398,4.83,112989883,540611456.0,工商银行,601398.SH
2017-04-18,sh.601398,4.79,61091798,292283664.0,工商银行,601398.SH
2017-04-19,sh.601398,4.74,89715577,426318384.0,工商银行,601398.SH
2017-04-20,sh.601398,4.73,64197339,304725888.0,工商银行,601398.SH
2017-04-21,sh.601398,4.81,125002644,597576224.0,工商银行,601398.SH
2017-04-24,sh.601398,4.82,92729293,446364432.0,工商银行,601398.SH
2017-04-25,sh.601398,4.81,63745827,307119440.0,工商银行,601398.SH
2017-04-26,sh.601398,4.87,85523283,414075216.0,工商银行,601398.SH
2017-04-27,sh.601398,4.88,103045540,500778720.0,工商银行,601398.SH
2017-04-28,sh.601398,4.88,66062290,320794704.0,工商银行,601398.SH
2017-05-02,sh.601398,4.82,42386657,205273096.0,工商银行,601398.SH
2017-05-03,sh.601398,4.81,76817862,369536256.0,工商银行,601398.SH
2017-05-04,sh.601398,4.81,71789608,344687616.0,工商银行,601398.SH
2017-05-05,sh.601398,4.86,125587515,605112336.0,工商银行,601398.SH
2017-05-08,sh.601398,4.9,141458489,688241520.0,工商银行,601398.SH
2017-05-09,sh.601398,4.87,77237372,377718384.0,工商银行,601398.SH
2017-05-10,sh.601398,4.9,92043116,449950720.0,工商银行,601398.SH
2017-05-11,sh.601398,4.93,106264449,524557072.0,工商银行,601398.SH
2017-05-12,sh.601398,5.06,165151106,826699744.0,工商银行,601398.SH
2017-05-15,sh.601398,5.1,155419012,789661968.0,工商银行,601398.SH
2017-05-16,sh.601398,5.0,149869732,750102368.0,工商银行,601398.SH
2017-05-17,sh.601398,4.96,118255241,586105488.0,工商银行,601398.SH
2017-05-18,sh.601398,5.0,70772200,352948736.0,工商银行,601398.SH
2017-05-19,sh.601398,4.98,44994834,224590420.0,工商银行,601398.SH
2017-05-22,sh.601398,5.03,100114561,501217536.0,工商银行,601398.SH
2017-05-23,sh.601398,5.1,137390290,697930656.0,工商银行,601398.SH
2017-05-24,sh.601398,5.11,95807853,487960960.0,工商银行,601398.SH
2017-05-25,sh.601398,5.16,251275643,1302498432.0,工商银行,601398.SH
2017-05-26,sh.601398,5.23,112049688,582681280.0,工商银行,601398.SH
2017-05-31,sh.601398,5.25,117707354,616451184.0,工商银行,601398.SH
2017-06-01,sh.601398,5.31,114488351,602099056.0,工商银行,601398.SH
2017-06-02,sh.601398,5.3,120950101,645472304.0,工商银行,601398.SH
2017-06-05,sh.601398,5.14,312940448,1613933712.0,工商银行,601398.SH
2017-06-06,sh.601398,5.14,110425338,565692992.0,工商银行,601398.SH
2017-06-07,sh.601398,5.16,162508706,838740016.0,工商银行,601398.SH
2017-06-08,sh.601398,5.16,142465432,733354032.0,工商银行,601398.SH
2017-06-09,sh.601398,5.16,231780237,1199941136.0,工商银行,601398.SH
2017-06-12,sh.601398,5.15,160685574,830351456.0,工商银行,601398.SH
2017-06-13,sh.601398,5.15,93243486,479603360.0,工商银行,601398.SH
2017-06-14,sh.601398,5.15,73448903,377537392.0,工商银行,601398.SH
2017-06-15,sh.601398,5.05,197601299,1004445232.0,工商银行,601398.SH
2017-06-16,sh.601398,5.04,138772483,697851520.0,工商银行,601398.SH
2017-06-19,sh.601398,5.0,205078202,1028985296.0,工商银行,601398.SH
2017-06-20,sh.601398,5.04,196928148,989599824.0,工商银行,601398.SH
2017-06-21,sh.601398,5.05,114963498,579457184.0,工商银行,601398.SH
2017-06-22,sh.601398,5.1,312153824,1598284144.0,工商银行,601398.SH
2017-06-23,sh.601398,5.14,163591643,836120176.0,工商银行,601398.SH
2017-06-26,sh.601398,5.11,302039264,1554208976.0,工商银行,601398.SH
2017-06-27,sh.601398,5.09,210133173,1069298112.0,工商银行,601398.SH
2017-06-28,sh.601398,5.07,245079211,1252574016.0,工商银行,601398.SH
2017-06-29,sh.601398,5.18,181493451,933437344.0,工商银行,601398.SH
2017-06-30,sh.601398,5.25,204193364,1066988992.0,工商银行,601398.SH
2017-07-03,sh.601398,5.24,99661565,521850464.0,工商银行,601398.SH
2017-07-04,sh.601398,5.25,135732005,709171872.0,工商银行,601398.SH
2017-07-05,sh.601398,5.23,104258199,544623296.0,工商银行,601398.SH
2017-07-06,sh.601398,5.23,107456856,562347824.0,工商银行,601398.SH
2017-07-07,sh.601398,5.21,162110054,844999120.0,工商银行,601398.SH
2017-07-10,sh.601398,5.23,139879018,729039120.0,工商银行,601398.SH
2017-07-11,sh.601398,5.06,248928284,1249932384.0,工商银行,601398.SH
2017-07-12,sh.601398,5.08,219835288,1122631872.0,工商银行,601398.SH
2017-07-13,sh.601398,5.16,210364710,1080716848.0,工商银行,601398.SH
2017-07-14,sh.601398,5.17,91906757,474780288.0,工商银行,601398.SH
2017-07-17,sh.601398,5.34,317888288,1679932656.0,工商银行,601398.SH
2017-07-18,sh.601398,5.28,184737254,980266592.0,工商银行,601398.SH
2017-07-19,sh.601398,5.27,240727881,1272124080.0,工商银行,601398.SH
2017-07-20,sh.601398,5.29,175480490,923684736.0,工商银行,601398.SH
2017-07-21,sh.601398,5.33,126338183,672091120.0,工商银行,601398.SH
2017-07-24,sh.601398,5.39,171122778,923957632.0,工商银行,601398.SH
2017-07-25,sh.601398,5.48,244455684,1343183312.0,工商银行,601398.SH
2017-07-26,sh.601398,5.6,224449400,1252080192.0,工商银行,601398.SH
2017-07-27,sh.601398,5.53,182652326,1009318848.0,工商银行,601398.SH
2017-07-28,sh.601398,5.55,147287262,813887744.0,工商银行,601398.SH
2017-07-31,sh.601398,5.51,122622128,680532272.0,工商银行,601398.SH
2017-08-01,sh.601398,5.56,139179506,770611808.0,工商银行,601398.SH
2017-08-02,sh.601398,5.7,220963054,1251334048.0,工商银行,601398.SH
2017-08-03,sh.601398,5.66,160567260,912529264.0,工商银行,601398.SH
2017-08-04,sh.601398,5.67,113675380,642953152.0,工商银行,601398.SH
2017-08-07,sh.601398,5.66,110553683,623270416.0,工商银行,601398.SH
2017-08-08,sh.601398,5.68,118299803,667331920.0,工商银行,601398.SH
2017-08-09,sh.601398,5.54,138563730,774263824.0,工商银行,601398.SH
2017-08-10,sh.601398,5.52,155640428,854624704.0,工商银行,601398.SH
2017-08-11,sh.601398,5.55,222530160,1215122176.0,工商银行,601398.SH
2017-08-14,sh.601398,5.49,146266383,802259120.0,工商银行,601398.SH
2017-08-15,sh.601398,5.61,260186392,1465479920.0,工商银行,601398.SH
2017-08-16,sh.601398,5.63,145172010,818380832.0,工商银行,601398.SH
2017-08-17,sh.601398,5.62,60567130,340043648.0,工商银行,601398.SH
2017-08-18,sh.601398,5.62,91504708,512952160.0,工商银行,601398.SH
2017-08-21,sh.601398,5.63,74464483,416956128.0,工商银行,601398.SH
2017-08-22,sh.601398,5.69,86319066,488014192.0,工商银行,601398.SH
2017-08-23,sh.601398,5.85,202140259,1170020928.0,工商银行,601398.SH
2017-08-24,sh.601398,5.92,148216336,875386352.0,工商银行,601398.SH
2017-08-25,sh.601398,6.16,271353312,1648923600.0,工商银行,601398.SH
2017-08-28,sh.601398,6.05,350736224,2133696960.0,工商银行,601398.SH
2017-08-29,sh.601398,6.08,171271879,1036639120.0,工商银行,601398.SH
2017-08-30,sh.601398,5.97,262925061,1577121152.0,工商银行,601398.SH
2017-08-31,sh.601398,5.9,253155276,1493536352.0,工商银行,601398.SH
2017-09-01,sh.601398,5.79,339965744,1987960688.0,工商银行,601398.SH
2017-09-04,sh.601398,5.88,211666394,1238614672.0,工商银行,601398.SH
2017-09-05,sh.601398,5.95,233924165,1393241008.0,工商银行,601398.SH
2017-09-06,sh.601398,5.9,123343230,728517840.0,工商银行,601398.SH
2017-09-07,sh.601398,5.88,115894472,679893184.0,工商银行,601398.SH
2017-09-08,sh.601398,5.9,108732818,640112800.0,工商银行,601398.SH
2017-09-11,sh.601398,5.89,175642889,1041184832.0,工商银行,601398.SH
2017-09-12,sh.601398,5.93,144631718,849024158.0,工商银行,601398.SH
2017-09-13,sh.601398,5.93,121844498,723510862.0,工商银行,601398.SH
2017-09-14,sh.601398,5.88,176281176,1044554338.0,工商银行,601398.SH
2017-09-15,sh.601398,5.77,202403542,1172719620.0,工商银行,601398.SH
2017-09-18,sh.601398,5.76,127689033,736307003.0,工商银行,601398.SH
2017-09-19,sh.601398,5.78,212680945,1219244260.0,工商银行,601398.SH
2017-09-20,sh.601398,5.79,120030200,693451293.0,工商银行,601398.SH
2017-09-21,sh.601398,5.95,239030148,1410591951.0,工商银行,601398.SH
2017-09-22,sh.601398,5.98,175178547,1049237628.0,工商银行,601398.SH
2017-09-25,sh.601398,6.11,208888584,1262477863.0,工商银行,601398.SH
2017-09-26,sh.601398,6.07,129564418,790098460.0,工商银行,601398.SH
2017-09-27,sh.601398,6.02,170251744,1023715524.0,工商银行,601398.SH
2017-09-28,sh.601398,6.05,140886800,845388054.0,工商银行,601398.SH
2017-09-29,sh.601398,6.0,137529592,825599597.0,工商银行,601398.SH
2017-10-09,sh.601398,6.1,414399184,2549794027.0,工商银行,601398.SH
2017-10-10,sh.601398,6.14,316079888,1927549818.0,工商银行,601398.SH
2017-10-11,sh.601398,6.2,196126953,1211789130.0,工商银行,601398.SH
2017-10-12,sh.601398,6.21,129540549,803900184.0,工商银行,601398.SH
2017-10-13,sh.601398,6.14,153843698,949335467.0,工商银行,601398.SH
2017-10-16,sh.601398,6.21,179952145,1110111572.0,工商银行,601398.SH
2017-10-17,sh.601398,6.15,145514380,899597525.0,工商银行,601398.SH
2017-10-18,sh.601398,6.28,259896911,1616782253.0,工商银行,601398.SH
2017-10-19,sh.601398,6.34,225511382,1428684400.0,工商银行,601398.SH
2017-10-20,sh.601398,6.24,144158795,903955406.0,工商银行,601398.SH
2017-10-23,sh.601398,6.19,154687848,962512348.0,工商银行,601398.SH
2017-10-24,sh.601398,6.23,156380629,972450630.0,工商银行,601398.SH
2017-10-25,sh.601398,6.16,165866636,1022535463.0,工商银行,601398.SH
2017-10-26,sh.601398,6.05,364883200,2217286009.0,工商银行,601398.SH
2017-10-27,sh.601398,6.19,456396464,2808909770.0,工商银行,601398.SH
2017-10-30,sh.601398,6.25,263233902,1641299660.0,工商银行,601398.SH
2017-10-31,sh.601398,6.1,202807487,1247662867.0,工商银行,601398.SH
2017-11-01,sh.601398,6.09,209096869,1272339699.0,工商银行,601398.SH
2017-11-02,sh.601398,6.09,204958070,1240297927.0,工商银行,601398.SH
2017-11-03,sh.601398,6.1,210266136,1273814371.0,工商银行,601398.SH
2017-11-06,sh.601398,6.05,159651203,963361047.0,工商银行,601398.SH
2017-11-07,sh.601398,6.07,342152976,2069480027.0,工商银行,601398.SH
2017-11-08,sh.601398,6.04,310705360,1876195231.0,工商银行,601398.SH
2017-11-09,sh.601398,5.94,271419872,1622576916.0,工商银行,601398.SH
2017-11-10,sh.601398,5.82,418466272,2449725064.0,工商银行,601398.SH
2017-11-13,sh.601398,5.96,406579568,2410240641.0,工商银行,601398.SH
2017-11-14,sh.601398,5.91,191109921,1130754341.0,工商银行,601398.SH
2017-11-15,sh.601398,5.91,169395753,1000239409.0,工商银行,601398.SH
2017-11-16,sh.601398,5.85,214623274,1257739386.0,工商银行,601398.SH
2017-11-17,sh.601398,6.03,409505360,2447884551.0,工商银行,601398.SH
2017-11-20,sh.601398,6.11,379993824,2305443629.0,工商银行,601398.SH
2017-11-21,sh.601398,6.12,417291216,2549098893.0,工商银行,601398.SH
2017-11-22,sh.601398,6.23,431869600,2693415698.0,工商银行,601398.SH
2017-11-23,sh.601398,6.12,372566384,2305971060.0,工商银行,601398.SH
2017-11-24,sh.601398,6.07,306449136,1848711911.0,工商银行,601398.SH
2017-11-27,sh.601398,5.98,332282336,1982702596.0,工商银行,601398.SH
2017-11-28,sh.601398,5.92,199104727,1177612540.0,工商银行,601398.SH
2017-11-29,sh.601398,5.92,185199903,1097060365.0,工商银行,601398.SH
2017-11-30,sh.601398,5.92,164818756,971396079.0,工商银行,601398.SH
2017-12-01,sh.601398,5.89,163447622,960961441.0,工商银行,601398.SH
2017-12-04,sh.601398,5.89,148633125,874427309.0,工商银行,601398.SH
2017-12-05,sh.601398,6.0,364860384,2176145858.0,工商银行,601398.SH
2017-12-06,sh.601398,5.97,205195359,1221972375.0,工商银行,601398.SH
2017-12-07,sh.601398,5.9,164665992,969897035.0,工商银行,601398.SH
2017-12-08,sh.601398,5.88,155417340,913295337.0,工商银行,601398.SH
2017-12-11,sh.601398,5.89,175362071,1025706811.0,工商银行,601398.SH
2017-12-12,sh.601398,5.84,122770430,719258690.0,工商银行,601398.SH
2017-12-13,sh.601398,5.9,166940195,978478214.0,工商银行,601398.SH
2017-12-14,sh.601398,5.89,146937837,870053895.0,工商银行,601398.SH
2017-12-15,sh.601398,5.85,116848154,684416775.0,工商银行,601398.SH
2017-12-18,sh.601398,5.92,167000651,983204991.0,工商银行,601398.SH
2017-12-19,sh.601398,5.98,272821568,1628202576.0,工商银行,601398.SH
2017-12-20,sh.601398,5.97,190041016,1136206448.0,工商银行,601398.SH
2017-12-21,sh.601398,5.96,146581853,874744841.0,工商银行,601398.SH
2017-12-22,sh.601398,5.92,118660402,704959350.0,工商银行,601398.SH
2017-12-25,sh.601398,6.0,239636448,1437036003.0,工商银行,601398.SH
2017-12-26,sh.601398,6.08,216532909,1313822197.0,工商银行,601398.SH
2017-12-27,sh.601398,6.05,215140064,1310856357.0,工商银行,601398.SH
2017-12-28,sh.601398,6.14,210088644,1281417931.0,工商银行,601398.SH
2017-12-29,sh.601398,6.2,216899773,1340016987.0,工商银行,601398.SH
2015-01-05,sh.600900,11.18,153534149,1692429168.0,长江电力,600900.SH
2015-01-06,sh.600900,10.87,124864774,1358788864.0,长江电力,600900.SH
2015-01-07,sh.600900,11.16,110456012,1217411744.0,长江电力,600900.SH
2015-01-08,sh.600900,10.82,77051961,839361264.0,长江电力,600900.SH
2015-01-09,sh.600900,10.69,94643661,1009394864.0,长江电力,600900.SH
2015-01-12,sh.600900,10.64,68330255,727090400.0,长江电力,600900.SH
2015-01-13,sh.600900,10.55,38030656,403845520.0,长江电力,600900.SH
2015-01-14,sh.600900,10.76,46444024,495256416.0,长江电力,600900.SH
2015-01-15,sh.600900,10.92,55404855,599404016.0,长江电力,600900.SH
2015-01-16,sh.600900,10.98,69642772,766989664.0,长江电力,600900.SH
2015-01-19,sh.600900,10.19,108817827,1126503472.0,长江电力,600900.SH
2015-01-20,sh.600900,10.2,62353587,639721360.0,长江电力,600900.SH
2015-01-21,sh.600900,10.47,69436333,720922448.0,长江电力,600900.SH
2015-01-22,sh.600900,10.38,44555503,464551760.0,长江电力,600900.SH
2015-01-23,sh.600900,10.43,41735533,435681232.0,长江电力,600900.SH
2015-01-26,sh.600900,10.39,38181487,396449152.0,长江电力,600900.SH
2015-01-27,sh.600900,10.21,71204248,725699728.0,长江电力,600900.SH
2015-01-28,sh.600900,10.08,47464037,479579648.0,长江电力,600900.SH
2015-01-29,sh.600900,10.14,48075129,485368464.0,长江电力,600900.SH
2015-01-30,sh.600900,10.18,44934158,454999584.0,长江电力,600900.SH
2015-02-02,sh.600900,9.95,37757138,377734976.0,长江电力,600900.SH
2015-02-03,sh.600900,10.08,36110494,361541760.0,长江电力,600900.SH
2015-02-04,sh.600900,10.01,22262664,224634266.0,长江电力,600900.SH
2015-02-05,sh.600900,9.72,48284329,481020736.0,长江电力,600900.SH
2015-02-06,sh.600900,9.31,65272096,613416832.0,长江电力,600900.SH
2015-02-09,sh.600900,9.3,49683404,458690080.0,长江电力,600900.SH
2015-02-10,sh.600900,9.48,38358701,361343232.0,长江电力,600900.SH
2015-02-11,sh.600900,9.69,32235576,310659648.0,长江电力,600900.SH
2015-02-12,sh.600900,9.74,19446324,188539066.0,长江电力,600900.SH
2015-02-13,sh.600900,9.93,36342197,360230768.0,长江电力,600900.SH
2015-02-16,sh.600900,9.87,20727279,204747550.0,长江电力,600900.SH
2015-02-17,sh.600900,9.95,26272927,262362322.0,长江电力,600900.SH
2015-02-25,sh.600900,9.89,45611714,453189440.0,长江电力,600900.SH
2015-02-26,sh.600900,10.13,60389012,609874384.0,长江电力,600900.SH
2015-02-27,sh.600900,10.03,34095034,343552224.0,长江电力,600900.SH
2015-03-02,sh.600900,10.16,57986176,588110688.0,长江电力,600900.SH
2015-03-03,sh.600900,9.91,43215313,434044384.0,长江电力,600900.SH
2015-03-04,sh.600900,9.97,28873935,287637984.0,长江电力,600900.SH
2015-03-05,sh.600900,9.75,38692446,378215296.0,长江电力,600900.SH
2015-03-06,sh.600900,9.82,24088348,236017649.0,长江电力,600900.SH
2015-03-09,sh.600900,10.08,47098428,463186544.0,长江电力,600900.SH
2015-03-10,sh.600900,10.04,44253162,444318944.0,长江电力,600900.SH
2015-03-11,sh.600900,10.0,39150066,393277104.0,长江电力,600900.SH
2015-03-12,sh.600900,10.13,54400253,547532048.0,长江电力,600900.SH
2015-03-13,sh.600900,10.25,59336998,605986688.0,长江电力,600900.SH
2015-03-16,sh.600900,10.42,77524053,800001408.0,长江电力,600900.SH
2015-03-17,sh.600900,10.46,86888241,907761904.0,长江电力,600900.SH
2015-03-18,sh.600900,10.5,110317172,1151090112.0,长江电力,600900.SH
2015-03-19,sh.600900,10.76,97296686,1029020176.0,长江电力,600900.SH
2015-03-20,sh.600900,10.83,86147784,924437472.0,长江电力,600900.SH
2015-03-23,sh.600900,11.21,114094575,1275024656.0,长江电力,600900.SH
2015-03-24,sh.600900,11.2,125366868,1413781536.0,长江电力,600900.SH
2015-03-25,sh.600900,10.83,100415539,1095116768.0,长江电力,600900.SH
2015-03-26,sh.600900,10.85,69516914,756783872.0,长江电力,600900.SH
2015-03-27,sh.600900,10.73,64662042,693541760.0,长江电力,600900.SH
2015-03-30,sh.600900,10.99,85872183,936845040.0,长江电力,600900.SH
2015-03-31,sh.600900,10.89,94497407,1035886032.0,长江电力,600900.SH
2015-04-01,sh.600900,10.89,64440603,703896608.0,长江电力,600900.SH
2015-04-02,sh.600900,10.7,98298289,1056139312.0,长江电力,600900.SH
2015-04-03,sh.600900,10.85,64282668,688997584.0,长江电力,600900.SH
2015-04-07,sh.600900,11.19,117931661,1300060992.0,长江电力,600900.SH
2015-04-08,sh.600900,11.29,118000399,1319396288.0,长江电力,600900.SH
2015-04-09,sh.600900,11.18,107919817,1200573280.0,长江电力,600900.SH
2015-04-10,sh.600900,11.28,114017102,1275489056.0,长江电力,600900.SH
2015-04-13,sh.600900,11.61,139804912,1604603472.0,长江电力,600900.SH
2015-04-14,sh.600900,11.87,146136137,1727890256.0,长江电力,600900.SH
2015-04-15,sh.600900,11.59,90168590,1046381856.0,长江电力,600900.SH
2015-04-16,sh.600900,12.24,127444674,1518911952.0,长江电力,600900.SH
2015-04-17,sh.600900,12.48,174919515,2181411440.0,长江电力,600900.SH
2015-04-20,sh.600900,12.27,181514169,2263552704.0,长江电力,600900.SH
2015-04-21,sh.600900,12.86,179477269,2290729456.0,长江电力,600900.SH
2015-04-22,sh.600900,13.26,220761836,2907696496.0,长江电力,600900.SH
2015-04-23,sh.600900,12.96,139554418,1814872544.0,长江电力,600900.SH
2015-04-24,sh.600900,12.6,126611792,1594162560.0,长江电力,600900.SH
2015-04-27,sh.600900,13.09,139375014,1787266992.0,长江电力,600900.SH
2015-04-28,sh.600900,12.85,112561499,1441808704.0,长江电力,600900.SH
2015-04-29,sh.600900,12.9,81057890,1035215296.0,长江电力,600900.SH
2015-04-30,sh.600900,13.21,155792488,2054961248.0,长江电力,600900.SH
2015-05-04,sh.600900,14.08,236467916,3230604640.0,长江电力,600900.SH
2015-05-05,sh.600900,12.74,175409139,2344395408.0,长江电力,600900.SH
2015-05-06,sh.600900,12.52,115241443,1455592944.0,长江电力,600900.SH
2015-05-07,sh.600900,11.98,83357854,1010834016.0,长江电力,600900.SH
2015-05-08,sh.600900,12.1,106666448,1287159536.0,长江电力,600900.SH
2015-05-11,sh.600900,12.44,183132544,2285996256.0,长江电力,600900.SH
2015-05-12,sh.600900,12.86,127738560,1625550608.0,长江电力,600900.SH
2015-05-13,sh.600900,12.45,88717055,1115266336.0,长江电力,600900.SH
2015-05-14,sh.600900,12.51,66408585,831773872.0,长江电力,600900.SH
2015-05-15,sh.600900,12.16,73541758,899559984.0,长江电力,600900.SH
2015-05-18,sh.600900,12.01,71401673,860144656.0,长江电力,600900.SH
2015-05-19,sh.600900,12.5,77730782,960153696.0,长江电力,600900.SH
2015-05-20,sh.600900,12.58,94524011,1195421904.0,长江电力,600900.SH
2015-05-21,sh.600900,12.74,70284635,892350048.0,长江电力,600900.SH
2015-05-22,sh.600900,13.17,120343692,1555373456.0,长江电力,600900.SH
2015-05-25,sh.600900,13.55,141287118,1908546208.0,长江电力,600900.SH
2015-05-26,sh.600900,13.87,162888455,2273049216.0,长江电力,600900.SH
2015-05-27,sh.600900,13.71,135475206,1840500752.0,长江电力,600900.SH
2015-05-28,sh.600900,13.04,147031884,2019593200.0,长江电力,600900.SH
2015-05-29,sh.600900,13.19,127245332,1665535984.0,长江电力,600900.SH
2015-06-01,sh.600900,13.86,139305838,1922560960.0,长江电力,600900.SH
2015-06-02,sh.600900,14.09,124710919,1751211088.0,长江电力,600900.SH
2015-06-03,sh.600900,14.08,127340778,1814758048.0,长江电力,600900.SH
2015-06-04,sh.600900,14.45,143758898,1983595136.0,长江电力,600900.SH
2015-06-05,sh.600900,14.38,167875141,2443390976.0,长江电力,600900.SH
2015-06-08,sh.600900,14.5,152288523,2185833312.0,长江电力,600900.SH
2015-06-09,sh.600900,15.06,214207151,3178448912.0,长江电力,600900.SH
2015-06-10,sh.600900,14.68,124202552,1829899696.0,长江电力,600900.SH
2015-06-11,sh.600900,14.44,96807225,1400150176.0,长江电力,600900.SH
2015-06-12,sh.600900,14.73,66840637,986978720.0,长江电力,600900.SH
2015-06-15,sh.600900,14.73,0,0.0,长江电力,600900.SH
2015-06-16,sh.600900,14.73,0,0.0,长江电力,600900.SH
2015-06-17,sh.600900,14.73,0,0.0,长江电力,600900.SH
2015-06-18,sh.600900,14.73,0,0.0,长江电力,600900.SH
2015-06-19,sh.600900,14.73,0,0.0,长江电力,600900.SH
2015-06-23,sh.600900,14.73,0,0.0,长江电力,600900.SH
2015-06-24,sh.600900,14.73,0,0.0,长江电力,600900.SH
2015-06-25,sh.600900,14.73,0,0.0,长江电力,600900.SH
2015-06-26,sh.600900,14.73,0,0.0,长江电力,600900.SH
2015-06-29,sh.600900,14.73,0,0.0,长江电力,600900.SH
2015-06-30,sh.600900,14.35,0,0.0,长江电力,600900.SH
2015-07-01,sh.600900,14.35,0,0.0,长江电力,600900.SH
2015-07-02,sh.600900,14.35,0,0.0,长江电力,600900.SH
2015-07-03,sh.600900,14.35,0,0.0,长江电力,600900.SH
2015-07-06,sh.600900,14.35,0,0.0,长江电力,600900.SH
2015-07-07,sh.600900,14.35,0,0.0,长江电力,600900.SH
2015-07-08,sh.600900,14.35,0,0.0,长江电力,600900.SH
2015-07-09,sh.600900,14.35,0,0.0,长江电力,600900.SH
2015-07-10,sh.600900,14.35,0,0.0,长江电力,600900.SH
2015-07-13,sh.600900,14.35,0,0.0,长江电力,600900.SH
2015-07-14,sh.600900,14.35,0,0.0,长江电力,600900.SH
2015-07-15,sh.600900,14.35,0,0.0,长江电力,600900.SH
2015-07-16,sh.600900,14.35,0,0.0,长江电力,600900.SH
2015-07-17,sh.600900,14.35,0,0.0,长江电力,600900.SH
2015-07-20,sh.600900,14.35,0,0.0,长江电力,600900.SH
2015-07-21,sh.600900,14.35,0,0.0,长江电力,600900.SH
2015-07-22,sh.600900,14.35,0,0.0,长江电力,600900.SH
2015-07-23,sh.600900,14.35,0,0.0,长江电力,600900.SH
2015-07-24,sh.600900,14.35,0,0.0,长江电力,600900.SH
2015-07-27,sh.600900,14.35,0,0.0,长江电力,600900.SH
2015-07-28,sh.600900,14.35,0,0.0,长江电力,600900.SH
2015-07-29,sh.600900,14.35,0,0.0,长江电力,600900.SH
2015-07-30,sh.600900,14.35,0,0.0,长江电力,600900.SH
2015-07-31,sh.600900,14.35,0,0.0,长江电力,600900.SH
2015-08-03,sh.600900,14.35,0,0.0,长江电力,600900.SH
2015-08-04,sh.600900,14.35,0,0.0,长江电力,600900.SH
2015-08-05,sh.600900,14.35,0,0.0,长江电力,600900.SH
2015-08-06,sh.600900,14.35,0,0.0,长江电力,600900.SH
2015-08-07,sh.600900,14.35,0,0.0,长江电力,600900.SH
2015-08-10,sh.600900,14.35,0,0.0,长江电力,600900.SH
2015-08-11,sh.600900,14.35,0,0.0,长江电力,600900.SH
2015-08-12,sh.600900,14.35,0,0.0,长江电力,600900.SH
2015-08-13,sh.600900,14.35,0,0.0,长江电力,600900.SH
2015-08-14,sh.600900,14.35,0,0.0,长江电力,600900.SH
2015-08-17,sh.600900,14.35,0,0.0,长江电力,600900.SH
2015-08-18,sh.600900,14.35,0,0.0,长江电力,600900.SH
2015-08-19,sh.600900,14.35,0,0.0,长江电力,600900.SH
2015-08-20,sh.600900,14.35,0,0.0,长江电力,600900.SH
2015-08-21,sh.600900,14.35,0,0.0,长江电力,600900.SH
2015-08-24,sh.600900,14.35,0,0.0,长江电力,600900.SH
2015-08-25,sh.600900,14.35,0,0.0,长江电力,600900.SH
2015-08-26,sh.600900,14.35,0,0.0,长江电力,600900.SH
2015-08-27,sh.600900,14.35,0,0.0,长江电力,600900.SH
2015-08-28,sh.600900,14.35,0,0.0,长江电力,600900.SH
2015-08-31,sh.600900,14.35,0,0.0,长江电力,600900.SH
2015-09-01,sh.600900,14.35,0,0.0,长江电力,600900.SH
2015-09-02,sh.600900,14.35,0,0.0,长江电力,600900.SH
2015-09-07,sh.600900,14.35,0,0.0,长江电力,600900.SH
2015-09-08,sh.600900,14.35,0,0.0,长江电力,600900.SH
2015-09-09,sh.600900,14.35,0,0.0,长江电力,600900.SH
2015-09-10,sh.600900,14.35,0,0.0,长江电力,600900.SH
2015-09-11,sh.600900,14.35,0,0.0,长江电力,600900.SH
2015-09-14,sh.600900,14.35,0,0.0,长江电力,600900.SH
2015-09-15,sh.600900,14.35,0,0.0,长江电力,600900.SH
2015-09-16,sh.600900,14.35,0,0.0,长江电力,600900.SH
2015-09-17,sh.600900,14.35,0,0.0,长江电力,600900.SH
2015-09-18,sh.600900,14.35,0,0.0,长江电力,600900.SH
2015-09-21,sh.600900,14.35,0,0.0,长江电力,600900.SH
2015-09-22,sh.600900,14.35,0,0.0,长江电力,600900.SH
2015-09-23,sh.600900,14.35,0,0.0,长江电力,600900.SH
2015-09-24,sh.600900,14.35,0,0.0,长江电力,600900.SH
2015-09-25,sh.600900,14.35,0,0.0,长江电力,600900.SH
2015-09-28,sh.600900,14.35,0,0.0,长江电力,600900.SH
2015-09-29,sh.600900,14.35,0,0.0,长江电力,600900.SH
2015-09-30,sh.600900,14.35,0,0.0,长江电力,600900.SH
2015-10-08,sh.600900,14.35,0,0.0,长江电力,600900.SH
2015-10-09,sh.600900,14.35,0,0.0,长江电力,600900.SH
2015-10-12,sh.600900,14.35,0,0.0,长江电力,600900.SH
2015-10-13,sh.600900,14.35,0,0.0,长江电力,600900.SH
2015-10-14,sh.600900,14.35,0,0.0,长江电力,600900.SH
2015-10-15,sh.600900,14.35,0,0.0,长江电力,600900.SH
2015-10-16,sh.600900,14.35,0,0.0,长江电力,600900.SH
2015-10-19,sh.600900,14.35,0,0.0,长江电力,600900.SH
2015-10-20,sh.600900,14.35,0,0.0,长江电力,600900.SH
2015-10-21,sh.600900,14.35,0,0.0,长江电力,600900.SH
2015-10-22,sh.600900,14.35,0,0.0,长江电力,600900.SH
2015-10-23,sh.600900,14.35,0,0.0,长江电力,600900.SH
2015-10-26,sh.600900,14.35,0,0.0,长江电力,600900.SH
2015-10-27,sh.600900,14.35,0,0.0,长江电力,600900.SH
2015-10-28,sh.600900,14.35,0,0.0,长江电力,600900.SH
2015-10-29,sh.600900,14.35,0,0.0,长江电力,600900.SH
2015-10-30,sh.600900,14.35,0,0.0,长江电力,600900.SH
2015-11-02,sh.600900,14.35,0,0.0,长江电力,600900.SH
2015-11-03,sh.600900,14.35,0,0.0,长江电力,600900.SH
2015-11-04,sh.600900,14.35,0,0.0,长江电力,600900.SH
2015-11-05,sh.600900,14.35,0,0.0,长江电力,600900.SH
2015-11-06,sh.600900,14.35,0,0.0,长江电力,600900.SH
2015-11-09,sh.600900,14.35,0,0.0,长江电力,600900.SH
2015-11-10,sh.600900,14.35,0,0.0,长江电力,600900.SH
2015-11-11,sh.600900,14.35,0,0.0,长江电力,600900.SH
2015-11-12,sh.600900,14.35,0,0.0,长江电力,600900.SH
2015-11-13,sh.600900,14.35,0,0.0,长江电力,600900.SH
2015-11-16,sh.600900,13.12,512979392,6688405760.0,长江电力,600900.SH
2015-11-17,sh.600900,13.77,246702860,3354564304.0,长江电力,600900.SH
2015-11-18,sh.600900,13.44,113606458,1535057584.0,长江电力,600900.SH
2015-11-19,sh.600900,13.51,80700745,1086371200.0,长江电力,600900.SH
2015-11-20,sh.600900,13.23,93135811,1237660880.0,长江电力,600900.SH
2015-11-23,sh.600900,13.22,64838400,860354160.0,长江电力,600900.SH
2015-11-24,sh.600900,13.34,53838834,717444240.0,长江电力,600900.SH
2015-11-25,sh.600900,13.26,52115722,689169072.0,长江电力,600900.SH
2015-11-26,sh.600900,13.17,42453296,559716000.0,长江电力,600900.SH
2015-11-27,sh.600900,12.98,68110909,890844688.0,长江电力,600900.SH
2015-11-30,sh.600900,13.45,92361572,1231207088.0,长江电力,600900.SH
2015-12-01,sh.600900,13.18,39946310,531802784.0,长江电力,600900.SH
2015-12-02,sh.600900,14.02,133869698,1858758176.0,长江电力,600900.SH
2015-12-03,sh.600900,14.09,78428320,1110510976.0,长江电力,600900.SH
2015-12-04,sh.600900,13.94,38493231,538150048.0,长江电力,600900.SH
2015-12-07,sh.600900,13.78,30184552,418401760.0,长江电力,600900.SH
2015-12-08,sh.600900,13.67,35629787,486887920.0,长江电力,600900.SH
2015-12-09,sh.600900,13.75,48309208,659380976.0,长江电力,600900.SH
2015-12-10,sh.600900,13.53,40497324,550720864.0,长江电力,600900.SH
2015-12-11,sh.600900,13.55,22220096,300434848.0,长江电力,600900.SH
2015-12-14,sh.600900,13.74,29363393,401706560.0,长江电力,600900.SH
2015-12-15,sh.600900,13.63,22015491,300944160.0,长江电力,600900.SH
2015-12-16,sh.600900,13.79,27610502,379069824.0,长江电力,600900.SH
2015-12-17,sh.600900,13.84,39561620,548381040.0,长江电力,600900.SH
2015-12-18,sh.600900,13.85,27039143,374752640.0,长江电力,600900.SH
2015-12-21,sh.600900,14.15,54710301,769857504.0,长江电力,600900.SH
2015-12-22,sh.600900,14.12,35015357,493561920.0,长江电力,600900.SH
2015-12-23,sh.600900,14.09,32582807,461628576.0,长江电力,600900.SH
2015-12-24,sh.600900,14.11,29585968,415565664.0,长江电力,600900.SH
2015-12-25,sh.600900,13.9,22770315,318813872.0,长江电力,600900.SH
2015-12-28,sh.600900,13.64,44060788,604325968.0,长江电力,600900.SH
2015-12-29,sh.600900,13.59,23670071,322642384.0,长江电力,600900.SH
2015-12-30,sh.600900,13.55,23525992,318955232.0,长江电力,600900.SH
2015-12-31,sh.600900,13.56,19842381,269586192.0,长江电力,600900.SH
2016-01-04,sh.600900,13.15,38198742,509608368.0,长江电力,600900.SH
2016-01-05,sh.600900,13.17,49557163,651689664.0,长江电力,600900.SH
2016-01-06,sh.600900,13.21,26154426,344892496.0,长江电力,600900.SH
2016-01-07,sh.600900,12.82,9124993,118409167.0,长江电力,600900.SH
2016-01-08,sh.600900,12.95,46913085,610539744.0,长江电力,600900.SH
2016-01-11,sh.600900,12.56,62274493,793688608.0,长江电力,600900.SH
2016-01-12,sh.600900,12.53,33165873,416920176.0,长江电力,600900.SH
2016-01-13,sh.600900,12.44,41375103,518520432.0,长江电力,600900.SH
2016-01-14,sh.600900,12.84,63305818,797543328.0,长江电力,600900.SH
2016-01-15,sh.600900,12.62,39869604,510557104.0,长江电力,600900.SH
2016-01-18,sh.600900,12.65,24300140,306925440.0,长江电力,600900.SH
2016-01-19,sh.600900,12.81,27423479,351604112.0,长江电力,600900.SH
2016-01-20,sh.600900,12.6,27067920,343262496.0,长江电力,600900.SH
2016-01-21,sh.600900,12.5,26651034,334442656.0,长江电力,600900.SH
2016-01-22,sh.600900,12.51,21545871,270014080.0,长江电力,600900.SH
2016-01-25,sh.600900,12.53,13274660,166064729.0,长江电力,600900.SH
2016-01-26,sh.600900,12.09,37832701,464966544.0,长江电力,600900.SH
2016-01-27,sh.600900,12.02,71609431,857674752.0,长江电力,600900.SH
2016-01-28,sh.600900,12.0,30122556,363624976.0,长江电力,600900.SH
2016-01-29,sh.600900,12.11,39800709,480545168.0,长江电力,600900.SH
2016-02-01,sh.600900,12.15,20219243,246332055.0,长江电力,600900.SH
2016-02-02,sh.600900,12.13,20800751,252419880.0,长江电力,600900.SH
2016-02-03,sh.600900,12.16,18804671,227422507.0,长江电力,600900.SH
2016-02-04,sh.600900,12.31,21586778,266396984.0,长江电力,600900.SH
2016-02-05,sh.600900,12.25,10882317,133522889.0,长江电力,600900.SH
2016-02-15,sh.600900,12.05,30778969,370314224.0,长江电力,600900.SH
2016-02-16,sh.600900,12.24,21025015,256501503.0,长江电力,600900.SH
2016-02-17,sh.600900,12.19,21009929,256342209.0,长江电力,600900.SH
2016-02-18,sh.600900,12.18,22004263,268762048.0,长江电力,600900.SH
2016-02-19,sh.600900,12.08,16860357,203782244.0,长江电力,600900.SH
2016-02-22,sh.600900,12.1,26685909,322634944.0,长江电力,600900.SH
2016-02-23,sh.600900,12.15,26277916,318245376.0,长江电力,600900.SH
2016-02-24,sh.600900,12.21,28370456,344908032.0,长江电力,600900.SH
2016-02-25,sh.600900,11.91,33929105,410445872.0,长江电力,600900.SH
2016-02-26,sh.600900,11.76,37194159,439720048.0,长江电力,600900.SH
2016-02-29,sh.600900,11.4,45954181,522300384.0,长江电力,600900.SH
2016-03-01,sh.600900,11.48,44123617,500025744.0,长江电力,600900.SH
2016-03-02,sh.600900,11.74,37040405,428778032.0,长江电力,600900.SH
2016-03-03,sh.600900,11.74,0,0.0,长江电力,600900.SH
2016-03-04,sh.600900,11.74,0,0.0,长江电力,600900.SH
2016-03-07,sh.600900,11.74,0,0.0,长江电力,600900.SH
2016-03-08,sh.600900,11.74,0,0.0,长江电力,600900.SH
2016-03-09,sh.600900,11.74,0,0.0,长江电力,600900.SH
2016-03-10,sh.600900,11.74,0,0.0,长江电力,600900.SH
2016-03-11,sh.600900,12.05,71141965,854080960.0,长江电力,600900.SH
2016-03-14,sh.600900,12.11,30421280,367502272.0,长江电力,600900.SH
2016-03-15,sh.600900,12.21,20963036,254277139.0,长江电力,600900.SH
2016-03-16,sh.600900,12.31,49478774,610600224.0,长江电力,600900.SH
2016-03-17,sh.600900,12.29,28893388,354778096.0,长江电力,600900.SH
2016-03-18,sh.600900,12.3,28413755,349281856.0,长江电力,600900.SH
2016-03-21,sh.600900,12.31,25042629,307954704.0,长江电力,600900.SH
2016-03-22,sh.600900,12.33,18838593,231909336.0,长江电力,600900.SH
2016-03-23,sh.600900,12.27,9417789,115714682.0,长江电力,600900.SH
2016-03-24,sh.600900,12.17,12414107,150855742.0,长江电力,600900.SH
2016-03-25,sh.600900,12.18,10089726,123095127.0,长江电力,600900.SH
2016-03-28,sh.600900,12.1,13554339,164858244.0,长江电力,600900.SH
2016-03-29,sh.600900,12.12,13455431,163016533.0,长江电力,600900.SH
2016-03-30,sh.600900,12.3,20733294,254000937.0,长江电力,600900.SH
2016-03-31,sh.600900,12.28,10575446,129857152.0,长江电力,600900.SH
2016-04-01,sh.600900,12.48,21031006,260377738.0,长江电力,600900.SH
2016-04-05,sh.600900,12.4,21232846,263579451.0,长江电力,600900.SH
2016-04-06,sh.600900,12.31,25423840,312214480.0,长江电力,600900.SH
2016-04-07,sh.600900,12.18,20371676,248837163.0,长江电力,600900.SH
2016-04-08,sh.600900,12.19,15485040,188652695.0,长江电力,600900.SH
2016-04-11,sh.600900,12.17,26196063,319596560.0,长江电力,600900.SH
2016-04-12,sh.600900,12.17,11600440,141185045.0,长江电力,600900.SH
2016-04-13,sh.600900,12.22,29872705,364160224.0,长江电力,600900.SH
2016-04-14,sh.600900,12.23,25240545,308985504.0,长江电力,600900.SH
2016-04-15,sh.600900,12.25,21609306,266398201.0,长江电力,600900.SH
2016-04-18,sh.600900,12.35,20512057,253159427.0,长江电力,600900.SH
2016-04-19,sh.600900,12.47,22316777,277551952.0,长江电力,600900.SH
2016-04-20,sh.600900,12.47,35650080,439930464.0,长江电力,600900.SH
2016-04-21,sh.600900,12.31,10289132,127086199.0,长江电力,600900.SH
2016-04-22,sh.600900,12.33,16178837,199053234.0,长江电力,600900.SH
2016-04-25,sh.600900,12.45,17094263,212616476.0,长江电力,600900.SH
2016-04-26,sh.600900,12.41,19122320,236277584.0,长江电力,600900.SH
2016-04-27,sh.600900,12.5,24927667,311358864.0,长江电力,600900.SH
2016-04-28,sh.600900,12.48,7905031,98435273.0,长江电力,600900.SH
2016-04-29,sh.600900,12.33,15263275,188767592.0,长江电力,600900.SH
2016-05-03,sh.600900,12.37,15205184,187907855.0,长江电力,600900.SH
2016-05-04,sh.600900,12.34,11777945,145358434.0,长江电力,600900.SH
2016-05-05,sh.600900,12.35,11794061,145424883.0,长江电力,600900.SH
2016-05-06,sh.600900,12.27,18574093,228566446.0,长江电力,600900.SH
2016-05-09,sh.600900,12.27,23440919,287384656.0,长江电力,600900.SH
2016-05-10,sh.600900,12.27,12164515,149252205.0,长江电力,600900.SH
2016-05-11,sh.600900,12.24,29646286,363076080.0,长江电力,600900.SH
2016-05-12,sh.600900,12.48,35175618,438434320.0,长江电力,600900.SH
2016-05-13,sh.600900,12.45,17498990,216972694.0,长江电力,600900.SH
2016-05-16,sh.600900,12.49,17244213,215595754.0,长江电力,600900.SH
2016-05-17,sh.600900,12.39,17975988,223758585.0,长江电力,600900.SH
2016-05-18,sh.600900,12.42,24345530,300572256.0,长江电力,600900.SH
2016-05-19,sh.600900,12.32,14165110,175542914.0,长江电力,600900.SH
2016-05-20,sh.600900,12.37,12117345,149745892.0,长江电力,600900.SH
2016-05-23,sh.600900,12.3,17705398,217848509.0,长江电力,600900.SH
2016-05-24,sh.600900,12.34,12005048,147804541.0,长江电力,600900.SH
2016-05-25,sh.600900,12.28,11340309,139572341.0,长江电力,600900.SH
2016-05-26,sh.600900,12.28,13206243,162088156.0,长江电力,600900.SH
2016-05-27,sh.600900,12.28,11138859,136888087.0,长江电力,600900.SH
2016-05-30,sh.600900,12.27,14385541,176832683.0,长江电力,600900.SH
2016-05-31,sh.600900,12.46,23873689,296096624.0,长江电力,600900.SH
2016-06-01,sh.600900,12.45,13489860,167565240.0,长江电力,600900.SH
2016-06-02,sh.600900,12.45,12972271,161492445.0,长江电力,600900.SH
2016-06-03,sh.600900,12.6,20184972,253144470.0,长江电力,600900.SH
2016-06-06,sh.600900,12.53,15407681,193045132.0,长江电力,600900.SH
2016-06-07,sh.600900,12.52,9728396,121867527.0,长江电力,600900.SH
2016-06-08,sh.600900,12.66,16986008,214008359.0,长江电力,600900.SH
2016-06-13,sh.600900,12.53,11769182,147824016.0,长江电力,600900.SH
2016-06-14,sh.600900,12.41,18409519,230079931.0,长江电力,600900.SH
2016-06-15,sh.600900,12.45,10869950,135306748.0,长江电力,600900.SH
2016-06-16,sh.600900,12.31,28806105,356074048.0,长江电力,600900.SH
2016-06-17,sh.600900,12.34,21931074,270775776.0,长江电力,600900.SH
2016-06-20,sh.600900,12.46,21250235,263815012.0,长江电力,600900.SH
2016-06-21,sh.600900,12.43,18201282,226294864.0,长江电力,600900.SH
2016-06-22,sh.600900,12.45,9892124,123066629.0,长江电力,600900.SH
2016-06-23,sh.600900,12.36,9861647,122321288.0,长江电力,600900.SH
2016-06-24,sh.600900,12.35,18519034,228791299.0,长江电力,600900.SH
2016-06-27,sh.600900,12.42,9323023,115503193.0,长江电力,600900.SH
2016-06-28,sh.600900,12.4,9254436,114588307.0,长江电力,600900.SH
2016-06-29,sh.600900,12.42,12551329,155722613.0,长江电力,600900.SH
2016-06-30,sh.600900,12.49,13529847,168563827.0,长江电力,600900.SH
2016-07-01,sh.600900,12.55,10125840,126680568.0,长江电力,600900.SH
2016-07-04,sh.600900,12.61,15319547,193223009.0,长江电力,600900.SH
2016-07-05,sh.600900,12.65,14860474,187789587.0,长江电力,600900.SH
2016-07-06,sh.600900,13.0,43464709,559828176.0,长江电力,600900.SH
2016-07-07,sh.600900,12.9,14189867,183005963.0,长江电力,600900.SH
2016-07-08,sh.600900,12.92,10860496,140105691.0,长江电力,600900.SH
2016-07-11,sh.600900,12.93,26757377,344524848.0,长江电力,600900.SH
2016-07-12,sh.600900,12.98,27868495,358370384.0,长江电力,600900.SH
2016-07-13,sh.600900,13.04,28044127,365844320.0,长江电力,600900.SH
2016-07-14,sh.600900,13.17,15875178,207895285.0,长江电力,600900.SH
2016-07-15,sh.600900,13.24,19956278,264171043.0,长江电力,600900.SH
2016-07-18,sh.600900,13.13,16727467,219369704.0,长江电力,600900.SH
2016-07-19,sh.600900,12.89,23995300,308720352.0,长江电力,600900.SH
2016-07-20,sh.600900,12.84,7259040,93218614.0,长江电力,600900.SH
2016-07-21,sh.600900,12.82,18136854,232567046.0,长江电力,600900.SH
2016-07-22,sh.600900,12.73,16522370,210649930.0,长江电力,600900.SH
2016-07-25,sh.600900,12.83,11463914,146755583.0,长江电力,600900.SH
2016-07-26,sh.600900,12.91,19919827,256350151.0,长江电力,600900.SH
2016-07-27,sh.600900,13.12,46303256,601495472.0,长江电力,600900.SH
2016-07-28,sh.600900,13.36,28823780,384189536.0,长江电力,600900.SH
2016-07-29,sh.600900,13.24,18913346,253533697.0,长江电力,600900.SH
2016-08-01,sh.600900,13.39,19416349,259745000.0,长江电力,600900.SH
2016-08-02,sh.600900,13.29,15565318,206361571.0,长江电力,600900.SH
2016-08-03,sh.600900,13.31,10132057,134622821.0,长江电力,600900.SH
2016-08-04,sh.600900,13.24,11625604,153780758.0,长江电力,600900.SH
2016-08-05,sh.600900,13.25,6965134,92416673.0,长江电力,600900.SH
2016-08-08,sh.600900,13.51,15054594,202599354.0,长江电力,600900.SH
2016-08-09,sh.600900,13.55,11683264,158291774.0,长江电力,600900.SH
2016-08-10,sh.600900,13.69,17104391,233398446.0,长江电力,600900.SH
2016-08-11,sh.600900,13.93,26744160,371611520.0,长江电力,600900.SH
2016-08-12,sh.600900,14.14,39648556,563775200.0,长江电力,600900.SH
2016-08-15,sh.600900,14.15,31105239,441078992.0,长江电力,600900.SH
2016-08-16,sh.600900,13.73,72573919,1003639248.0,长江电力,600900.SH
2016-08-17,sh.600900,13.67,25190709,345563136.0,长江电力,600900.SH
2016-08-18,sh.600900,13.7,12378630,169877908.0,长江电力,600900.SH
2016-08-19,sh.600900,13.81,18223642,250019293.0,长江电力,600900.SH
2016-08-22,sh.600900,13.78,10862092,150240375.0,长江电力,600900.SH
2016-08-23,sh.600900,13.68,17986137,246667296.0,长江电力,600900.SH
2016-08-24,sh.600900,13.71,11625710,159457967.0,长江电力,600900.SH
2016-08-25,sh.600900,13.58,15303593,207764153.0,长江电力,600900.SH
2016-08-26,sh.600900,13.84,18633971,256193750.0,长江电力,600900.SH
2016-08-29,sh.600900,13.66,15147264,207598132.0,长江电力,600900.SH
2016-08-30,sh.600900,13.68,10296753,140857196.0,长江电力,600900.SH
2016-08-31,sh.600900,13.79,12830616,176275686.0,长江电力,600900.SH
2016-09-01,sh.600900,13.68,10868083,148975656.0,长江电力,600900.SH
2016-09-02,sh.600900,13.95,24223380,334742368.0,长江电力,600900.SH
2016-09-05,sh.600900,13.79,11356848,156847325.0,长江电力,600900.SH
2016-09-06,sh.600900,13.74,12266692,168501931.0,长江电力,600900.SH
2016-09-07,sh.600900,13.63,16591977,226534640.0,长江电力,600900.SH
2016-09-08,sh.600900,13.6,10757205,146317036.0,长江电力,600900.SH
2016-09-09,sh.600900,13.55,19344121,263171355.0,长江电力,600900.SH
2016-09-12,sh.600900,13.73,38339293,516656944.0,长江电力,600900.SH
2016-09-13,sh.600900,13.53,16634166,224441946.0,长江电力,600900.SH
2016-09-14,sh.600900,13.42,12908236,173184356.0,长江电力,600900.SH
2016-09-19,sh.600900,13.43,13389150,179570356.0,长江电力,600900.SH
2016-09-20,sh.600900,13.39,12816049,171360242.0,长江电力,600900.SH
2016-09-21,sh.600900,13.39,8362350,112012274.0,长江电力,600900.SH
2016-09-22,sh.600900,13.43,16610182,222992217.0,长江电力,600900.SH
2016-09-23,sh.600900,13.36,8730109,116857835.0,长江电力,600900.SH
2016-09-26,sh.600900,13.37,12655205,169604223.0,长江电力,600900.SH
2016-09-27,sh.600900,13.29,15119689,200813165.0,长江电力,600900.SH
2016-09-28,sh.600900,13.24,10815192,143467629.0,长江电力,600900.SH
2016-09-29,sh.600900,13.27,12269644,162821790.0,长江电力,600900.SH
2016-09-30,sh.600900,13.3,7308139,97218147.0,长江电力,600900.SH
2016-10-10,sh.600900,13.35,15352718,204527118.0,长江电力,600900.SH
2016-10-11,sh.600900,13.48,17214016,231111950.0,长江电力,600900.SH
2016-10-12,sh.600900,13.54,9979200,134668281.0,长江电力,600900.SH
2016-10-13,sh.600900,13.52,12135803,164092344.0,长江电力,600900.SH
2016-10-14,sh.600900,13.61,11294545,153344959.0,长江电力,600900.SH
2016-10-17,sh.600900,13.51,10162022,137873336.0,长江电力,600900.SH
2016-10-18,sh.600900,13.56,13673552,184660086.0,长江电力,600900.SH
2016-10-19,sh.600900,13.49,13438663,181929136.0,长江电力,600900.SH
2016-10-20,sh.600900,13.38,11527849,154827982.0,长江电力,600900.SH
2016-10-21,sh.600900,13.4,7523842,100687215.0,长江电力,600900.SH
2016-10-24,sh.600900,13.37,24250838,325164672.0,长江电力,600900.SH
2016-10-25,sh.600900,13.41,20155785,269948768.0,长江电力,600900.SH
2016-10-26,sh.600900,13.34,8501144,113570361.0,长江电力,600900.SH
2016-10-27,sh.600900,13.28,13085412,174155507.0,长江电力,600900.SH
2016-10-28,sh.600900,13.34,15648258,208857056.0,长江电力,600900.SH
2016-10-31,sh.600900,13.45,18210260,244555813.0,长江电力,600900.SH
2016-11-01,sh.600900,13.45,8695976,116800454.0,长江电力,600900.SH
2016-11-02,sh.600900,13.3,13433807,179149479.0,长江电力,600900.SH
2016-11-03,sh.600900,13.32,10470581,139508268.0,长江电力,600900.SH
2016-11-04,sh.600900,13.24,13829725,183572259.0,长江电力,600900.SH
2016-11-07,sh.600900,13.14,16862207,222257239.0,长江电力,600900.SH
2016-11-08,sh.600900,13.13,23665940,310907840.0,长江电力,600900.SH
2016-11-09,sh.600900,13.11,20336786,265972785.0,长江电力,600900.SH
2016-11-10,sh.600900,13.14,23943360,315465408.0,长江电力,600900.SH
2016-11-11,sh.600900,13.12,24602515,322727776.0,长江电力,600900.SH
2016-11-14,sh.600900,13.03,30920042,403960432.0,长江电力,600900.SH
2016-11-15,sh.600900,13.04,22018329,287009456.0,长江电力,600900.SH
2016-11-16,sh.600900,13.07,14065473,183671299.0,长江电力,600900.SH
2016-11-17,sh.600900,13.08,13130287,171385963.0,长江电力,600900.SH
2016-11-18,sh.600900,13.03,11075702,144507701.0,长江电力,600900.SH
2016-11-21,sh.600900,13.09,24633015,322186976.0,长江电力,600900.SH
2016-11-22,sh.600900,13.08,24952100,326489888.0,长江电力,600900.SH
2016-11-23,sh.600900,13.07,29729833,388669296.0,长江电力,600900.SH
2016-11-24,sh.600900,13.18,46974806,618137104.0,长江电力,600900.SH
2016-11-25,sh.600900,13.34,38632994,515835728.0,长江电力,600900.SH
2016-11-28,sh.600900,13.29,40031542,533616768.0,长江电力,600900.SH
2016-11-29,sh.600900,13.47,65000869,873558992.0,长江电力,600900.SH
2016-11-30,sh.600900,13.34,34145975,456186048.0,长江电力,600900.SH
2016-12-01,sh.600900,13.31,43514760,577700144.0,长江电力,600900.SH
2016-12-02,sh.600900,13.34,34937020,464995136.0,长江电力,600900.SH
2016-12-05,sh.600900,13.3,41787330,554215488.0,长江电力,600900.SH
2016-12-06,sh.600900,13.21,24557002,324498320.0,长江电力,600900.SH
2016-12-07,sh.600900,13.15,29620169,388515904.0,长江电力,600900.SH
2016-12-08,sh.600900,13.07,20971334,274708544.0,长江电力,600900.SH
2016-12-09,sh.600900,13.15,26207115,343648800.0,长江电力,600900.SH
2016-12-12,sh.600900,13.08,42775811,559014528.0,长江电力,600900.SH
2016-12-13,sh.600900,12.99,26060258,339217952.0,长江电力,600900.SH
2016-12-14,sh.600900,12.93,25739727,333564144.0,长江电力,600900.SH
2016-12-15,sh.600900,12.88,44269320,569500848.0,长江电力,600900.SH
2016-12-16,sh.600900,12.94,72951355,946321856.0,长江电力,600900.SH
2016-12-19,sh.600900,12.88,16011852,206743830.0,长江电力,600900.SH
2016-12-20,sh.600900,12.73,26365380,336161520.0,长江电力,600900.SH
2016-12-21,sh.600900,12.89,31222762,400854976.0,长江电力,600900.SH
2016-12-22,sh.600900,12.8,22433724,288634064.0,长江电力,600900.SH
2016-12-23,sh.600900,12.78,21250453,270937280.0,长江电力,600900.SH
2016-12-26,sh.600900,12.66,28259072,358216848.0,长江电力,600900.SH
2016-12-27,sh.600900,12.56,46245379,582595408.0,长江电力,600900.SH
2016-12-28,sh.600900,12.45,27639800,344557120.0,长江电力,600900.SH
2016-12-29,sh.600900,12.58,31351206,394200160.0,长江电力,600900.SH
2016-12-30,sh.600900,12.66,24691166,312349168.0,长江电力,600900.SH
2017-01-03,sh.600900,12.61,29123130,368218816.0,长江电力,600900.SH
2017-01-04,sh.600900,12.7,28201784,357081136.0,长江电力,600900.SH
2017-01-05,sh.600900,12.7,21187928,269342016.0,长江电力,600900.SH
2017-01-06,sh.600900,12.71,27010813,344331536.0,长江电力,600900.SH
2017-01-09,sh.600900,12.73,20154690,256400417.0,长江电力,600900.SH
2017-01-10,sh.600900,12.72,15033875,191293737.0,长江电力,600900.SH
2017-01-11,sh.600900,12.7,21781184,276754944.0,长江电力,600900.SH
2017-01-12,sh.600900,12.66,16820600,213402735.0,长江电力,600900.SH
2017-01-13,sh.600900,12.78,17738386,225739461.0,长江电力,600900.SH
2017-01-16,sh.600900,12.94,69740263,901127584.0,长江电力,600900.SH
2017-01-17,sh.600900,12.93,17506366,226633400.0,长江电力,600900.SH
2017-01-18,sh.600900,12.93,15338479,198545788.0,长江电力,600900.SH
2017-01-19,sh.600900,12.94,16581747,215032554.0,长江电力,600900.SH
2017-01-20,sh.600900,12.96,10699351,138844065.0,长江电力,600900.SH
2017-01-23,sh.600900,13.01,17952115,233712481.0,长江电力,600900.SH
2017-01-24,sh.600900,13.06,10240989,133459026.0,长江电力,600900.SH
2017-01-25,sh.600900,13.05,12313258,160372146.0,长江电力,600900.SH
2017-01-26,sh.600900,13.03,8524590,111049524.0,长江电力,600900.SH
2017-02-03,sh.600900,12.91,9313897,120548690.0,长江电力,600900.SH
2017-02-06,sh.600900,12.97,9932815,128888142.0,长江电力,600900.SH
2017-02-07,sh.600900,12.98,8116045,105404574.0,长江电力,600900.SH
2017-02-08,sh.600900,13.1,19306776,251894601.0,长江电力,600900.SH
2017-02-09,sh.600900,13.06,11935561,155863880.0,长江电力,600900.SH
2017-02-10,sh.600900,13.12,13676308,179255262.0,长江电力,600900.SH
2017-02-13,sh.600900,13.15,19376881,254185038.0,长江电力,600900.SH
2017-02-14,sh.600900,13.14,9902299,130225977.0,长江电力,600900.SH
2017-02-15,sh.600900,13.18,16490445,217185066.0,长江电力,600900.SH
2017-02-16,sh.600900,13.17,14891244,195872954.0,长江电力,600900.SH
2017-02-17,sh.600900,13.12,10629049,139779024.0,长江电力,600900.SH
2017-02-20,sh.600900,13.27,18408454,243284579.0,长江电力,600900.SH
2017-02-21,sh.600900,13.23,12847512,170079741.0,长江电力,600900.SH
2017-02-22,sh.600900,13.19,17006719,223971196.0,长江电力,600900.SH
2017-02-23,sh.600900,13.18,17460500,229813216.0,长江电力,600900.SH
2017-02-24,sh.600900,13.14,15201850,199408279.0,长江电力,600900.SH
2017-02-27,sh.600900,13.01,25940984,338341456.0,长江电力,600900.SH
2017-02-28,sh.600900,12.97,25934354,336800704.0,长江电力,600900.SH
2017-03-01,sh.600900,13.0,15398849,200652543.0,长江电力,600900.SH
2017-03-02,sh.600900,13.0,13552582,176756826.0,长江电力,600900.SH
2017-03-03,sh.600900,13.02,12134712,157653460.0,长江电力,600900.SH
2017-03-06,sh.600900,12.98,19528726,253871499.0,长江电力,600900.SH
2017-03-07,sh.600900,12.96,17762291,230474700.0,长江电力,600900.SH
2017-03-08,sh.600900,12.97,11090850,143954522.0,长江电力,600900.SH
2017-03-09,sh.600900,12.99,18868485,244053879.0,长江电力,600900.SH
2017-03-10,sh.600900,12.9,15944017,206074223.0,长江电力,600900.SH
2017-03-13,sh.600900,13.02,16044609,208548230.0,长江电力,600900.SH
2017-03-14,sh.600900,13.08,16011796,208952612.0,长江电力,600900.SH
2017-03-15,sh.600900,13.17,45924092,606350336.0,长江电力,600900.SH
2017-03-16,sh.600900,13.17,22134657,291499376.0,长江电力,600900.SH
2017-03-17,sh.600900,13.15,21958740,288653168.0,长江电力,600900.SH
2017-03-20,sh.600900,13.18,23984340,316463312.0,长江电力,600900.SH
2017-03-21,sh.600900,13.21,20927989,276276208.0,长江电力,600900.SH
2017-03-22,sh.600900,13.17,17319586,228049876.0,长江电力,600900.SH
2017-03-23,sh.600900,13.26,29157419,387692064.0,长江电力,600900.SH
2017-03-24,sh.600900,13.42,22970330,306935840.0,长江电力,600900.SH
2017-03-27,sh.600900,13.34,26265456,351505664.0,长江电力,600900.SH
2017-03-28,sh.600900,13.27,20225152,268682464.0,长江电力,600900.SH
2017-03-29,sh.600900,13.27,14857829,197095823.0,长江电力,600900.SH
2017-03-30,sh.600900,13.25,27067379,357796448.0,长江电力,600900.SH
2017-03-31,sh.600900,13.27,13549419,179647399.0,长江电力,600900.SH
2017-04-05,sh.600900,13.31,20428291,272213392.0,长江电力,600900.SH
2017-04-06,sh.600900,13.26,18327638,243603807.0,长江电力,600900.SH
2017-04-07,sh.600900,13.27,15628784,207439931.0,长江电力,600900.SH
2017-04-10,sh.600900,13.3,17584643,233850035.0,长江电力,600900.SH
2017-04-11,sh.600900,13.29,23075723,306105856.0,长江电力,600900.SH
2017-04-12,sh.600900,13.55,36095561,485467840.0,长江电力,600900.SH
2017-04-13,sh.600900,13.57,20741965,281361104.0,长江电力,600900.SH
2017-04-14,sh.600900,13.55,23912957,323407728.0,长江电力,600900.SH
2017-04-17,sh.600900,13.52,20732376,278724432.0,长江电力,600900.SH
2017-04-18,sh.600900,13.46,11139011,150246245.0,长江电力,600900.SH
2017-04-19,sh.600900,13.47,24226068,327377312.0,长江电力,600900.SH
2017-04-20,sh.600900,13.66,23311818,317795040.0,长江电力,600900.SH
2017-04-21,sh.600900,13.81,35341620,484032192.0,长江电力,600900.SH
2017-04-24,sh.600900,13.81,57452245,788086400.0,长江电力,600900.SH
2017-04-25,sh.600900,13.69,20598962,282292576.0,长江电力,600900.SH
2017-04-26,sh.600900,13.92,37348146,518903776.0,长江电力,600900.SH
2017-04-27,sh.600900,13.89,16451534,228471280.0,长江电力,600900.SH
2017-04-28,sh.600900,13.89,12011867,166521830.0,长江电力,600900.SH
2017-05-02,sh.600900,14.0,33875230,475020752.0,长江电力,600900.SH
2017-05-03,sh.600900,14.0,20811993,291850544.0,长江电力,600900.SH
2017-05-04,sh.600900,14.0,17126876,239874459.0,长江电力,600900.SH
2017-05-05,sh.600900,14.06,29047967,405720176.0,长江电力,600900.SH
2017-05-08,sh.600900,14.16,29479468,414726336.0,长江电力,600900.SH
2017-05-09,sh.600900,13.97,16213271,227736880.0,长江电力,600900.SH
2017-05-10,sh.600900,13.97,23697534,330488848.0,长江电力,600900.SH
2017-05-11,sh.600900,14.1,21435396,300676496.0,长江电力,600900.SH
2017-05-12,sh.600900,14.12,9749948,137599020.0,长江电力,600900.SH
2017-05-15,sh.600900,14.21,17148074,243111154.0,长江电力,600900.SH
2017-05-16,sh.600900,14.33,20406492,290989216.0,长江电力,600900.SH
2017-05-17,sh.600900,14.2,15019441,214053858.0,长江电力,600900.SH
2017-05-18,sh.600900,14.24,15176331,215543057.0,长江电力,600900.SH
2017-05-19,sh.600900,14.29,15606983,222256591.0,长江电力,600900.SH
2017-05-22,sh.600900,14.56,26857956,388124208.0,长江电力,600900.SH
2017-05-23,sh.600900,14.76,38938123,570411424.0,长江电力,600900.SH
2017-05-24,sh.600900,14.78,32007948,469687280.0,长江电力,600900.SH
2017-05-25,sh.600900,14.69,19936337,292960880.0,长江电力,600900.SH
2017-05-26,sh.600900,14.64,30326010,441788528.0,长江电力,600900.SH
2017-05-31,sh.600900,14.81,61810534,901285792.0,长江电力,600900.SH
2017-06-01,sh.600900,15.03,35477869,528181568.0,长江电力,600900.SH
2017-06-02,sh.600900,14.98,20880070,314300240.0,长江电力,600900.SH
2017-06-05,sh.600900,14.78,22790160,337890592.0,长江电力,600900.SH
2017-06-06,sh.600900,14.78,30627610,450044608.0,长江电力,600900.SH
2017-06-07,sh.600900,14.8,18156420,269137024.0,长江电力,600900.SH
2017-06-08,sh.600900,15.05,25267028,376980096.0,长江电力,600900.SH
2017-06-09,sh.600900,14.88,28952167,432903968.0,长江电力,600900.SH
2017-06-12,sh.600900,14.89,16132987,239875959.0,长江电力,600900.SH
2017-06-13,sh.600900,14.7,29584530,435883584.0,长江电力,600900.SH
2017-06-14,sh.600900,14.53,37278235,542184112.0,长江电力,600900.SH
2017-06-15,sh.600900,14.4,18695390,270023520.0,长江电力,600900.SH
2017-06-16,sh.600900,14.4,15505655,223583950.0,长江电力,600900.SH
2017-06-19,sh.600900,14.53,15910151,230497068.0,长江电力,600900.SH
2017-06-20,sh.600900,14.56,22363723,325005120.0,长江电力,600900.SH
2017-06-21,sh.600900,14.71,25616713,374732800.0,长江电力,600900.SH
2017-06-22,sh.600900,14.81,30167767,446398864.0,长江电力,600900.SH
2017-06-23,sh.600900,14.88,18746703,278006880.0,长江电力,600900.SH
2017-06-26,sh.600900,14.95,21191743,317064656.0,长江电力,600900.SH
2017-06-27,sh.600900,15.01,18110038,271636864.0,长江电力,600900.SH
2017-06-28,sh.600900,15.0,18423610,276356944.0,长江电力,600900.SH
2017-06-29,sh.600900,15.19,21299587,322537152.0,长江电力,600900.SH
2017-06-30,sh.600900,15.38,27116321,413593328.0,长江电力,600900.SH
2017-07-03,sh.600900,15.34,24521469,376307664.0,长江电力,600900.SH
2017-07-04,sh.600900,15.41,26304603,402375408.0,长江电力,600900.SH
2017-07-05,sh.600900,15.19,25516246,389245920.0,长江电力,600900.SH
2017-07-06,sh.600900,15.25,19751527,300118976.0,长江电力,600900.SH
2017-07-07,sh.600900,15.34,20621659,314416576.0,长江电力,600900.SH
2017-07-10,sh.600900,15.52,18203354,281169552.0,长江电力,600900.SH
2017-07-11,sh.600900,15.63,14176720,221001410.0,长江电力,600900.SH
2017-07-12,sh.600900,15.33,26575518,409918128.0,长江电力,600900.SH
2017-07-13,sh.600900,15.21,30635078,467130304.0,长江电力,600900.SH
2017-07-14,sh.600900,14.85,39781497,586554576.0,长江电力,600900.SH
2017-07-17,sh.600900,14.98,26792590,398104304.0,长江电力,600900.SH
2017-07-18,sh.600900,14.94,18191811,272177184.0,长江电力,600900.SH
2017-07-19,sh.600900,14.91,18520685,276034272.0,长江电力,600900.SH
2017-07-20,sh.600900,15.1,14022195,210215920.0,长江电力,600900.SH
2017-07-21,sh.600900,15.03,10380539,156371613.0,长江电力,600900.SH
2017-07-24,sh.600900,14.92,12680007,189851933.0,长江电力,600900.SH
2017-07-25,sh.600900,14.89,16696493,248961553.0,长江电力,600900.SH
2017-07-26,sh.600900,14.97,22219621,331274032.0,长江电力,600900.SH
2017-07-27,sh.600900,15.01,17009655,255250715.0,长江电力,600900.SH
2017-07-28,sh.600900,15.32,18382830,279647520.0,长江电力,600900.SH
2017-07-31,sh.600900,15.21,11857578,180751225.0,长江电力,600900.SH
2017-08-01,sh.600900,15.29,11296913,172838871.0,长江电力,600900.SH
2017-08-02,sh.600900,15.48,14388309,222359736.0,长江电力,600900.SH
2017-08-03,sh.600900,15.49,17115133,265951796.0,长江电力,600900.SH
2017-08-04,sh.600900,14.98,45504713,688557840.0,长江电力,600900.SH
2017-08-07,sh.600900,15.02,32384385,482891120.0,长江电力,600900.SH
2017-08-08,sh.600900,14.91,20957647,312444784.0,长江电力,600900.SH
2017-08-09,sh.600900,14.92,14146923,210515826.0,长江电力,600900.SH
2017-08-10,sh.600900,15.05,25739692,383464896.0,长江电力,600900.SH
2017-08-11,sh.600900,15.12,33293352,502687200.0,长江电力,600900.SH
2017-08-14,sh.600900,15.02,24262039,366234144.0,长江电力,600900.SH
2017-08-15,sh.600900,15.09,20728006,314014832.0,长江电力,600900.SH
2017-08-16,sh.600900,15.34,20800860,317743856.0,长江电力,600900.SH
2017-08-17,sh.600900,15.33,18153848,279408496.0,长江电力,600900.SH
2017-08-18,sh.600900,15.42,7628526,117288929.0,长江电力,600900.SH
2017-08-21,sh.600900,15.28,12950256,197999102.0,长江电力,600900.SH
2017-08-22,sh.600900,15.26,9815278,149339029.0,长江电力,600900.SH
2017-08-23,sh.600900,15.25,7253416,110747470.0,长江电力,600900.SH
2017-08-24,sh.600900,15.25,9534970,145588985.0,长江电力,600900.SH
2017-08-25,sh.600900,15.36,17854867,273226992.0,长江电力,600900.SH
2017-08-28,sh.600900,15.28,22917687,350745888.0,长江电力,600900.SH
2017-08-29,sh.600900,15.4,14226131,218425429.0,长江电力,600900.SH
2017-08-30,sh.600900,15.15,16715077,254935014.0,长江电力,600900.SH
2017-08-31,sh.600900,14.98,20749645,312871552.0,长江电力,600900.SH
2017-09-01,sh.600900,14.97,18526365,277647408.0,长江电力,600900.SH
2017-09-04,sh.600900,14.98,18139029,272008400.0,长江电力,600900.SH
2017-09-05,sh.600900,14.89,19678211,294158560.0,长江电力,600900.SH
2017-09-06,sh.600900,15.0,11295314,169038531.0,长江电力,600900.SH
2017-09-07,sh.600900,15.1,23192409,349469760.0,长江电力,600900.SH
2017-09-08,sh.600900,15.23,22613680,345022032.0,长江电力,600900.SH
2017-09-11,sh.600900,15.3,25991555,399077792.0,长江电力,600900.SH
2017-09-12,sh.600900,15.22,13007192,198007608.0,长江电力,600900.SH
2017-09-13,sh.600900,15.19,13164344,200832687.0,长江电力,600900.SH
2017-09-14,sh.600900,15.04,13301692,200290807.0,长江电力,600900.SH
2017-09-15,sh.600900,15.05,18847493,283786219.0,长江电力,600900.SH
2017-09-18,sh.600900,14.97,22337038,334834309.0,长江电力,600900.SH
2017-09-19,sh.600900,14.98,11702125,175411367.0,长江电力,600900.SH
2017-09-20,sh.600900,14.98,11855556,177586426.0,长江电力,600900.SH
2017-09-21,sh.600900,15.0,12997718,194434678.0,长江电力,600900.SH
2017-09-22,sh.600900,15.12,21251310,319195080.0,长江电力,600900.SH
2017-09-25,sh.600900,15.3,31302362,475526107.0,长江电力,600900.SH
2017-09-26,sh.600900,15.25,11320571,172529498.0,长江电力,600900.SH
2017-09-27,sh.600900,15.14,11911615,181020180.0,长江电力,600900.SH
2017-09-28,sh.600900,15.14,19113328,287574724.0,长江电力,600900.SH
2017-09-29,sh.600900,15.07,12198715,184207641.0,长江电力,600900.SH
2017-10-09,sh.600900,15.24,24800665,378192153.0,长江电力,600900.SH
2017-10-10,sh.600900,15.27,14848050,226391402.0,长江电力,600900.SH
2017-10-11,sh.600900,15.53,30978186,476805253.0,长江电力,600900.SH
2017-10-12,sh.600900,15.35,28065595,433311418.0,长江电力,600900.SH
2017-10-13,sh.600900,15.37,13965382,214562039.0,长江电力,600900.SH
2017-10-16,sh.600900,15.38,25400631,391127518.0,长江电力,600900.SH
2017-10-17,sh.600900,15.48,26842872,417022184.0,长江电力,600900.SH
2017-10-18,sh.600900,15.91,35717212,560814297.0,长江电力,600900.SH
2017-10-19,sh.600900,16.05,26639436,425665869.0,长江电力,600900.SH
2017-10-20,sh.600900,15.96,23261167,374589331.0,长江电力,600900.SH
2017-10-23,sh.600900,15.99,13292266,212355718.0,长江电力,600900.SH
2017-10-24,sh.600900,16.23,19423786,313863160.0,长江电力,600900.SH
2017-10-25,sh.600900,16.29,11852297,192808625.0,长江电力,600900.SH
2017-10-26,sh.600900,16.0,28636766,460906242.0,长江电力,600900.SH
2017-10-27,sh.600900,16.05,11978805,192346220.0,长江电力,600900.SH
2017-10-30,sh.600900,16.07,25982398,415857380.0,长江电力,600900.SH
2017-10-31,sh.600900,15.91,13194019,209674852.0,长江电力,600900.SH
2017-11-01,sh.600900,15.93,16327446,259995031.0,长江电力,600900.SH
2017-11-02,sh.600900,15.98,13032937,207459626.0,长江电力,600900.SH
2017-11-03,sh.600900,16.04,25839458,411728139.0,长江电力,600900.SH
2017-11-06,sh.600900,16.3,26406432,428216292.0,长江电力,600900.SH
2017-11-07,sh.600900,16.45,18681599,306205673.0,长江电力,600900.SH
2017-11-08,sh.600900,16.43,22416568,368695274.0,长江电力,600900.SH
2017-11-09,sh.600900,16.52,11073219,182361078.0,长江电力,600900.SH
2017-11-10,sh.600900,16.59,15830347,262138392.0,长江电力,600900.SH
2017-11-13,sh.600900,16.32,28326589,464291338.0,长江电力,600900.SH
2017-11-14,sh.600900,16.26,26297046,426008982.0,长江电力,600900.SH
2017-11-15,sh.600900,16.24,22704106,367586822.0,长江电力,600900.SH
2017-11-16,sh.600900,16.3,10241890,166045092.0,长江电力,600900.SH
2017-11-17,sh.600900,16.93,41431915,685508854.0,长江电力,600900.SH
2017-11-20,sh.600900,17.02,30538197,516430258.0,长江电力,600900.SH
2017-11-21,sh.600900,16.87,32012229,542028318.0,长江电力,600900.SH
2017-11-22,sh.600900,17.16,33422512,572306023.0,长江电力,600900.SH
2017-11-23,sh.600900,16.8,31923912,538688216.0,长江电力,600900.SH
2017-11-24,sh.600900,16.85,20705008,348884188.0,长江电力,600900.SH
2017-11-27,sh.600900,16.82,55195340,922511644.0,长江电力,600900.SH
2017-11-28,sh.600900,16.55,19828459,329181413.0,长江电力,600900.SH
2017-11-29,sh.600900,16.5,23448417,387556075.0,长江电力,600900.SH
2017-11-30,sh.600900,16.46,20471784,336096635.0,长江电力,600900.SH
2017-12-01,sh.600900,16.47,20341426,334595445.0,长江电力,600900.SH
2017-12-04,sh.600900,16.48,21324424,350702669.0,长江电力,600900.SH
2017-12-05,sh.600900,16.89,60826941,1019052796.0,长江电力,600900.SH
2017-12-06,sh.600900,16.74,26091813,437953648.0,长江电力,600900.SH
2017-12-07,sh.600900,16.6,21597048,357007851.0,长江电力,600900.SH
2017-12-08,sh.600900,16.52,12158515,200800817.0,长江电力,600900.SH
2017-12-11,sh.600900,16.52,18063392,297932349.0,长江电力,600900.SH
2017-12-12,sh.600900,16.41,11047553,181550355.0,长江电力,600900.SH
2017-12-13,sh.600900,16.49,10252423,168822988.0,长江电力,600900.SH
2017-12-14,sh.600900,16.47,12245323,201810086.0,长江电力,600900.SH
2017-12-15,sh.600900,16.4,27277838,446335310.0,长江电力,600900.SH
2017-12-18,sh.600900,16.43,20914054,342173150.0,长江电力,600900.SH
2017-12-19,sh.600900,16.38,20488523,335823746.0,长江电力,600900.SH
2017-12-20,sh.600900,16.43,23364936,382785426.0,长江电力,600900.SH
2017-12-21,sh.600900,16.5,20249432,333837065.0,长江电力,600900.SH
2017-12-22,sh.600900,16.43,15461477,255631767.0,长江电力,600900.SH
2017-12-25,sh.600900,16.33,30291209,493060144.0,长江电力,600900.SH
2017-12-26,sh.600900,16.12,26844867,433936811.0,长江电力,600900.SH
2017-12-27,sh.600900,15.79,41930655,669187873.0,长江电力,600900.SH
2017-12-28,sh.600900,15.82,18552330,293016445.0,长江电力,600900.SH
2017-12-29,sh.600900,15.59,26676442,417742958.0,长江电力,600900.SH
2015-01-05,sh.000016,2649.639,18242556672,229763604480.0,上证50指数,000016.SH
2015-01-06,sh.000016,2629.402,17343999232,220601815040.0,上证50指数,000016.SH
2015-01-07,sh.000016,2635.231,12831771904,178386104320.0,上证50指数,000016.SH
2015-01-08,sh.000016,2558.107,11836791552,157065781248.0,上证50指数,000016.SH
2015-01-09,sh.000016,2569.019,15620951040,211005825024.0,上证50指数,000016.SH
2015-01-12,sh.000016,2543.852,11918358528,167990427648.0,上证50指数,000016.SH
2015-01-13,sh.000016,2527.828,7707908096,113495932928.0,上证50指数,000016.SH
2015-01-14,sh.000016,2534.23,8412230912,114229284864.0,上证50指数,000016.SH
2015-01-15,sh.000016,2632.89,11192316672,161244413952.0,上证50指数,000016.SH
2015-01-16,sh.000016,2653.034,13495118080,182059515904.0,上证50指数,000016.SH
2015-01-19,sh.000016,2410.201,14016357120,161509617664.0,上证50指数,000016.SH
2015-01-20,sh.000016,2403.724,13747663616,193319714816.0,上证50指数,000016.SH
2015-01-21,sh.000016,2542.318,14880047616,206930198528.0,上证50指数,000016.SH
2015-01-22,sh.000016,2544.308,11370877696,157023145984.0,上证50指数,000016.SH
2015-01-23,sh.000016,2564.514,12455134976,169187278848.0,上证50指数,000016.SH
2015-01-26,sh.000016,2562.363,9597946880,124417880064.0,上证50指数,000016.SH
2015-01-27,sh.000016,2522.103,11654287616,149446787072.0,上证50指数,000016.SH
2015-01-28,sh.000016,2486.285,8635638016,115311452160.0,上证50指数,000016.SH
2015-01-29,sh.000016,2442.038,8140496384,103757275136.0,上证50指数,000016.SH
2015-01-30,sh.000016,2405.38,7659115008,97675218944.0,上证50指数,000016.SH
2015-02-02,sh.000016,2332.533,8467689216,99907072000.0,上证50指数,000016.SH
2015-02-03,sh.000016,2405.76,8227465984,108792143872.0,上证50指数,000016.SH
2015-02-04,sh.000016,2372.455,7753135872,105036320768.0,上证50指数,000016.SH
2015-02-05,sh.000016,2348.921,11071325184,140544598016.0,上证50指数,000016.SH
2015-02-06,sh.000016,2325.241,7693111296,93700542464.0,上证50指数,000016.SH
2015-02-09,sh.000016,2366.766,7390338304,103914676224.0,上证50指数,000016.SH
2015-02-10,sh.000016,2403.548,6886203136,89318363136.0,上证50指数,000016.SH
2015-02-11,sh.000016,2415.128,5053898240,70324469760.0,上证50指数,000016.SH
2015-02-12,sh.000016,2416.449,6066235904,76858277888.0,上证50指数,000016.SH
2015-02-13,sh.000016,2427.474,8379347968,101300051968.0,上证50指数,000016.SH
2015-02-16,sh.000016,2431.21,6260811520,79647191040.0,上证50指数,000016.SH
2015-02-17,sh.000016,2445.26,6001057280,76964794368.0,上证50指数,000016.SH
2015-02-25,sh.000016,2407.457,6398738432,78427140096.0,上证50指数,000016.SH
2015-02-26,sh.000016,2478.061,9470706176,118346203136.0,上证50指数,000016.SH
2015-02-27,sh.000016,2474.595,8565192192,104744157184.0,上证50指数,000016.SH
2015-03-02,sh.000016,2479.237,8805251840,117028814848.0,上证50指数,000016.SH
2015-03-03,sh.000016,2396.805,9127474176,115862675456.0,上证50指数,000016.SH
2015-03-04,sh.000016,2397.993,6429528576,80953991168.0,上证50指数,000016.SH
2015-03-05,sh.000016,2366.899,7777329920,97140404224.0,上证50指数,000016.SH
2015-03-06,sh.000016,2371.623,6480420608,81818660864.0,上证50指数,000016.SH
2015-03-09,sh.000016,2429.867,10619571712,123427885056.0,上证50指数,000016.SH
2015-03-10,sh.000016,2395.428,7843558656,95150780416.0,上证50指数,000016.SH
2015-03-11,sh.000016,2408.503,7007419136,89940152320.0,上证50指数,000016.SH
2015-03-12,sh.000016,2485.114,12477820160,150805712896.0,上证50指数,000016.SH
2015-03-13,sh.000016,2495.277,10420594176,126727327744.0,上证50指数,000016.SH
2015-03-16,sh.000016,2550.861,10413208320,138113101824.0,上证50指数,000016.SH
2015-03-17,sh.000016,2583.198,13209205248,169433534464.0,上证50指数,000016.SH
2015-03-18,sh.000016,2649.642,14795882240,183689195520.0,上证50指数,000016.SH
2015-03-19,sh.000016,2630.243,13359586816,164505899008.0,上证50指数,000016.SH
2015-03-20,sh.000016,2680.679,15375499520,226538770432.0,上证50指数,000016.SH
2015-03-23,sh.000016,2720.671,14209193472,200735739904.0,上证50指数,000016.SH
2015-03-24,sh.000016,2683.647,15361757952,193855721472.0,上证50指数,000016.SH
2015-03-25,sh.000016,2649.161,13227040000,172197842944.0,上证50指数,000016.SH
2015-03-26,sh.000016,2687.762,13344292608,177662021632.0,上证50指数,000016.SH
2015-03-27,sh.000016,2689.24,11986937344,150762819584.0,上证50指数,000016.SH
2015-03-30,sh.000016,2784.456,18138365952,223343800320.0,上证50指数,000016.SH
2015-03-31,sh.000016,2754.658,17583371776,238894481408.0,上证50指数,000016.SH
2015-04-01,sh.000016,2799.451,12528132352,173744779264.0,上证50指数,000016.SH
2015-04-02,sh.000016,2781.641,12218473472,169118203904.0,上证50指数,000016.SH
2015-04-03,sh.000016,2817.181,11296925184,164348829696.0,上证50指数,000016.SH
2015-04-07,sh.000016,2889.452,16013944320,218683080704.0,上证50指数,000016.SH
2015-04-08,sh.000016,2952.079,17985383680,259888799744.0,上证50指数,000016.SH
2015-04-09,sh.000016,2931.772,17676448256,275401162752.0,上证50指数,000016.SH
2015-04-10,sh.000016,2986.605,14121595648,211274924032.0,上证50指数,000016.SH
2015-04-13,sh.000016,3041.125,16933958400,228801060864.0,上证50指数,000016.SH
2015-04-14,sh.000016,3052.407,16230036224,232248754176.0,上证50指数,000016.SH
2015-04-15,sh.000016,3053.304,17902593024,229330046976.0,上证50指数,000016.SH
2015-04-16,sh.000016,3183.302,17196755456,237185818624.0,上证50指数,000016.SH
2015-04-17,sh.000016,3235.332,20765993472,285355302912.0,上证50指数,000016.SH
2015-04-20,sh.000016,3164.461,26597612544,396545654784.0,上证50指数,000016.SH
2015-04-21,sh.000016,3214.364,18442769152,269227089920.0,上证50指数,000016.SH
2015-04-22,sh.000016,3299.221,20173807104,330229055488.0,上证50指数,000016.SH
2015-04-23,sh.000016,3273.398,17713793024,293820854272.0,上证50指数,000016.SH
2015-04-24,sh.000016,3223.958,18513593600,297582759936.0,上证50指数,000016.SH
2015-04-27,sh.000016,3308.454,20026697472,308262694912.0,上证50指数,000016.SH
2015-04-28,sh.000016,3282.33,26604285952,373574205440.0,上证50指数,000016.SH
2015-04-29,sh.000016,3283.282,14666628608,228829618176.0,上证50指数,000016.SH
2015-04-30,sh.000016,3250.49,14628827904,230961426432.0,上证50指数,000016.SH
2015-05-04,sh.000016,3272.005,13327095296,207062515712.0,上证50指数,000016.SH
2015-05-05,sh.000016,3148.813,17060778240,260105797632.0,上证50指数,000016.SH
2015-05-06,sh.000016,3139.02,14799113728,255658442752.0,上证50指数,000016.SH
2015-05-07,sh.000016,3094.883,10944092928,163519856640.0,上证50指数,000016.SH
2015-05-08,sh.000016,3110.455,10327816448,152427978752.0,上证50指数,000016.SH
2015-05-11,sh.000016,3169.134,13376665856,194746888192.0,上证50指数,000016.SH
2015-05-12,sh.000016,3188.313,13081305344,199503826944.0,上证50指数,000016.SH
2015-05-13,sh.000016,3141.296,11730550528,174969589760.0,上证50指数,000016.SH
2015-05-14,sh.000016,3128.572,10533870592,153091928064.0,上证50指数,000016.SH
2015-05-15,sh.000016,3060.411,10999319552,161060872192.0,上证50指数,000016.SH
2015-05-18,sh.000016,2998.388,8704172544,130095423488.0,上证50指数,000016.SH
2015-05-19,sh.000016,3116.086,11120662784,177662169088.0,上证50指数,000016.SH
2015-05-20,sh.000016,3122.85,12455733248,193487499264.0,上证50指数,000016.SH
2015-05-21,sh.000016,3150.901,9475578368,147586633728.0,上证50指数,000016.SH
2015-05-22,sh.000016,3248.855,15002110464,231552872448.0,上证50指数,000016.SH
2015-05-25,sh.000016,3349.945,15858571008,252774281216.0,上证50指数,000016.SH
2015-05-26,sh.000016,3386.593,14789468416,246793748480.0,上证50指数,000016.SH
2015-05-27,sh.000016,3344.738,14747053824,243480842240.0,上证50指数,000016.SH
2015-05-28,sh.000016,3124.621,17825520640,269774196736.0,上证50指数,000016.SH
2015-05-29,sh.000016,3111.333,13378440448,198756331520.0,上证50指数,000016.SH
2015-06-01,sh.000016,3244.319,14102337280,208883535872.0,上证50指数,000016.SH
2015-06-02,sh.000016,3258.31,13480053248,192594403328.0,上证50指数,000016.SH
2015-06-03,sh.000016,3238.427,12830697728,190395609088.0,上证50指数,000016.SH
2015-06-04,sh.000016,3299.03,18456793856,254373138432.0,上证50指数,000016.SH
2015-06-05,sh.000016,3303.988,18814564864,270740078592.0,上证50指数,000016.SH
2015-06-08,sh.000016,3458.707,24825404160,350471168000.0,上证50指数,000016.SH
2015-06-09,sh.000016,3413.996,22044856064,340397076480.0,上证50指数,000016.SH
2015-06-10,sh.000016,3370.383,15529469184,246677082112.0,上证50指数,000016.SH
2015-06-11,sh.000016,3347.116,13807384832,226193698816.0,上证50指数,000016.SH
2015-06-12,sh.000016,3350.248,14526225408,225464246272.0,上证50指数,000016.SH
2015-06-15,sh.000016,3262.479,16732256000,249139892224.0,上证50指数,000016.SH
2015-06-16,sh.000016,3179.652,15596989696,215445606400.0,上证50指数,000016.SH
2015-06-17,sh.000016,3211.707,15957156352,207598399488.0,上证50指数,000016.SH
2015-06-18,sh.000016,3068.488,13734504192,182753386496.0,上证50指数,000016.SH
2015-06-19,sh.000016,2903.057,13178392576,175635865600.0,上证50指数,000016.SH
2015-06-23,sh.000016,3003.163,13561764352,181578407936.0,上证50指数,000016.SH
2015-06-24,sh.000016,3045.244,14158588160,192146956288.0,上证50指数,000016.SH
2015-06-25,sh.000016,2943.99,16015830784,220485922816.0,上证50指数,000016.SH
2015-06-26,sh.000016,2736.695,18335580416,239246446592.0,上证50指数,000016.SH
2015-06-29,sh.000016,2678.368,21201871360,268112920576.0,上证50指数,000016.SH
2015-06-30,sh.000016,2870.025,21959229952,275002232832.0,上证50指数,000016.SH
2015-07-01,sh.000016,2736.847,16995770112,218026246144.0,上证50指数,000016.SH
2015-07-02,sh.000016,2714.247,20904575488,245275791360.0,上证50指数,000016.SH
2015-07-03,sh.000016,2582.265,18436191744,212838563840.0,上证50指数,000016.SH
2015-07-06,sh.000016,2749.998,34483427840,383917334528.0,上证50指数,000016.SH
2015-07-07,sh.000016,2812.446,35031479808,428297506816.0,上证50指数,000016.SH
2015-07-08,sh.000016,2608.977,37745939968,407199236096.0,上证50指数,000016.SH
2015-07-09,sh.000016,2781.077,27117677056,304601931776.0,上证50指数,000016.SH
2015-07-10,sh.000016,2898.41,29625184256,361175453696.0,上证50指数,000016.SH
2015-07-13,sh.000016,2869.051,23334105600,289573740544.0,上证50指数,000016.SH
2015-07-14,sh.000016,2763.073,19436842496,234177777664.0,上证50指数,000016.SH
2015-07-15,sh.000016,2757.951,18594802688,211874750464.0,上证50指数,000016.SH
2015-07-16,sh.000016,2742.847,13524616192,151401566208.0,上证50指数,000016.SH
2015-07-17,sh.000016,2807.065,13024111104,160825184256.0,上证50指数,000016.SH
2015-07-20,sh.000016,2783.761,13086249472,166660026368.0,上证50指数,000016.SH
2015-07-21,sh.000016,2772.774,11582657792,152027267072.0,上证50指数,000016.SH
2015-07-22,sh.000016,2739.786,10665453056,140089843712.0,上证50指数,000016.SH
2015-07-23,sh.000016,2790.764,11358203904,151861837824.0,上证50指数,000016.SH
2015-07-24,sh.000016,2741.044,12392890880,163019755520.0,上证50指数,000016.SH
2015-07-27,sh.000016,2493.29,13664510464,158951325696.0,上证50指数,000016.SH
2015-07-28,sh.000016,2485.674,14033885440,164763021312.0,上证50指数,000016.SH
2015-07-29,sh.000016,2531.445,9307815424,112668844032.0,上证50指数,000016.SH
2015-07-30,sh.000016,2467.367,8694982656,108522360832.0,上证50指数,000016.SH
2015-07-31,sh.000016,2461.24,7472537344,88953040896.0,上证50指数,000016.SH
2015-08-03,sh.000016,2479.724,8807341056,96775630848.0,上证50指数,000016.SH
2015-08-04,sh.000016,2534.711,6603231744,79544152064.0,上证50指数,000016.SH
2015-08-05,sh.000016,2487.062,6288966912,79648362496.0,上证50指数,000016.SH
2015-08-06,sh.000016,2467.525,4780004864,60255514880.0,上证50指数,000016.SH
2015-08-07,sh.000016,2503.796,5756323840,73033097216.0,上证50指数,000016.SH
2015-08-10,sh.000016,2617.659,10962661376,135665864704.0,上证50指数,000016.SH
2015-08-11,sh.000016,2590.71,9958425600,126415896576.0,上证50指数,000016.SH
2015-08-12,sh.000016,2561.126,7535252992,103960469504.0,上证50指数,000016.SH
2015-08-13,sh.000016,2580.778,7008074240,92171460608.0,上证50指数,000016.SH
2015-08-14,sh.000016,2577.038,7294157312,98274811904.0,上证50指数,000016.SH
2015-08-17,sh.000016,2550.467,7113381888,91571515392.0,上证50指数,000016.SH
2015-08-18,sh.000016,2407.967,10124871168,125516447744.0,上证50指数,000016.SH
2015-08-19,sh.000016,2430.281,9048531968,100388483072.0,上证50指数,000016.SH
2015-08-20,sh.000016,2356.917,6834685440,74859843584.0,上证50指数,000016.SH
2015-08-21,sh.000016,2271.359,7846755328,85908967424.0,上证50指数,000016.SH
2015-08-24,sh.000016,2058.251,11542038272,111341101056.0,上证50指数,000016.SH
2015-08-25,sh.000016,1914.052,11856957696,109950390272.0,上证50指数,000016.SH
2015-08-26,sh.000016,1942.45,12411179520,113224245248.0,上证50指数,000016.SH
2015-08-27,sh.000016,2094.722,11658546944,112381616128.0,上证50指数,000016.SH
2015-08-28,sh.000016,2159.958,11529986048,117095075840.0,上证50指数,000016.SH
2015-08-31,sh.000016,2210.447,11719305216,122180276224.0,上证50指数,000016.SH
2015-09-01,sh.000016,2230.321,15831034368,147365363712.0,上证50指数,000016.SH
2015-09-02,sh.000016,2243.631,16606144768,148869500928.0,上证50指数,000016.SH
2015-09-07,sh.000016,2133.978,8567205632,82337820672.0,上证50指数,000016.SH
2015-09-08,sh.000016,2180.131,6198041344,61093083136.0,上证50指数,000016.SH
2015-09-09,sh.000016,2211.199,7696297216,81846247424.0,上证50指数,000016.SH
2015-09-10,sh.000016,2208.481,5303532032,57056318976.0,上证50指数,000016.SH
2015-09-11,sh.000016,2195.39,3622196896,39906031616.0,上证50指数,000016.SH
2015-09-14,sh.000016,2228.154,8478535936,92470906880.0,上证50指数,000016.SH
2015-09-15,sh.000016,2175.173,5548432896,54339604480.0,上证50指数,000016.SH
2015-09-16,sh.000016,2241.948,5602654720,57555613952.0,上证50指数,000016.SH
2015-09-17,sh.000016,2194.823,5584288768,60336914944.0,上证50指数,000016.SH
2015-09-18,sh.000016,2198.99,3607430096,37835417856.0,上证50指数,000016.SH
2015-09-21,sh.000016,2214.448,3690151296,40143067904.0,上证50指数,000016.SH
2015-09-22,sh.000016,2237.313,4256376704,48474974208.0,上证50指数,000016.SH
2015-09-23,sh.000016,2178.546,3423454800,37515856128.0,上证50指数,000016.SH
2015-09-24,sh.000016,2188.088,2507485200,28435039488.0,上证50指数,000016.SH
2015-09-25,sh.000016,2183.404,3599201008,36738193920.0,上证50指数,000016.SH
2015-09-28,sh.000016,2169.941,2026861808,20171336448.0,上证50指数,000016.SH
2015-09-29,sh.000016,2127.203,2548256000,25518108416.0,上证50指数,000016.SH
2015-09-30,sh.000016,2146.118,2502692496,27561758208.0,上证50指数,000016.SH
2015-10-08,sh.000016,2191.343,3925563008,45316636160.0,上证50指数,000016.SH
2015-10-09,sh.000016,2219.294,3313522208,34896509952.0,上证50指数,000016.SH
2015-10-12,sh.000016,2283.429,6235454464,67779920896.0,上证50指数,000016.SH
2015-10-13,sh.000016,2270.948,3690453696,39806826752.0,上证50指数,000016.SH
2015-10-14,sh.000016,2253.908,4196146304,43702043392.0,上证50指数,000016.SH
2015-10-15,sh.000016,2297.901,4694219008,51270530560.0,上证50指数,000016.SH
2015-10-16,sh.000016,2323.775,6016847616,68286761216.0,上证50指数,000016.SH
2015-10-19,sh.000016,2318.472,5322537984,62261180672.0,上证50指数,000016.SH
2015-10-20,sh.000016,2337.08,4669890560,53385978624.0,上证50指数,000016.SH
2015-10-21,sh.000016,2340.36,9767171840,101098778624.0,上证50指数,000016.SH
2015-10-22,sh.000016,2331.791,5465178112,58117036288.0,上证50指数,000016.SH
2015-10-23,sh.000016,2343.965,4885481216,55499002624.0,上证50指数,000016.SH
2015-10-26,sh.000016,2350.02,5279820800,65318857728.0,上证50指数,000016.SH
2015-10-27,sh.000016,2349.904,4664322048,55912464640.0,上证50指数,000016.SH
2015-10-28,sh.000016,2310.703,4093916208,46039202816.0,上证50指数,000016.SH
2015-10-29,sh.000016,2307.345,2925757904,33423652352.0,上证50指数,000016.SH
2015-10-30,sh.000016,2312.974,3717355600,44039500288.0,上证50指数,000016.SH
2015-11-02,sh.000016,2280.092,3309899408,36611438848.0,上证50指数,000016.SH
2015-11-03,sh.000016,2271.653,2731711808,29524653568.0,上证50指数,000016.SH
2015-11-04,sh.000016,2370.503,6200030976,72905592832.0,上证50指数,000016.SH
2015-11-05,sh.000016,2440.651,14874522112,182382022656.0,上证50指数,000016.SH
2015-11-06,sh.000016,2493.484,10219929856,127824384000.0,上证50指数,000016.SH
2015-11-09,sh.000016,2534.084,13319083776,157351841792.0,上证50指数,000016.SH
2015-11-10,sh.000016,2522.683,9087222528,111933014016.0,上证50指数,000016.SH
2015-11-11,sh.000016,2505.83,6608939520,81052524544.0,上证50指数,000016.SH
2015-11-12,sh.000016,2476.429,5839126016,73592455168.0,上证50指数,000016.SH
2015-11-13,sh.000016,2447.773,5593073664,72056901632.0,上证50指数,000016.SH
2015-11-16,sh.000016,2447.293,4234411408,52138986496.0,上证50指数,000016.SH
2015-11-17,sh.000016,2453.257,6824470528,89093562368.0,上证50指数,000016.SH
2015-11-18,sh.000016,2439.447,5987262720,72688332800.0,上证50指数,000016.SH
2015-11-19,sh.000016,2468.488,4194923408,48802526976.0,上证50指数,000016.SH
2015-11-20,sh.000016,2466.757,4809942528,56175625728.0,上证50指数,000016.SH
2015-11-23,sh.000016,2456.84,4409032960,54186056960.0,上证50指数,000016.SH
2015-11-24,sh.000016,2447.904,4095241408,47603582720.0,上证50指数,000016.SH
2015-11-25,sh.000016,2459.563,4260289904,51769943296.0,上证50指数,000016.SH
2015-11-26,sh.000016,2450.962,4493662976,56095623424.0,上证50指数,000016.SH
2015-11-27,sh.000016,2334.44,5595359488,65740271616.0,上证50指数,000016.SH
2015-11-30,sh.000016,2336.29,5256162816,55296921088.0,上证50指数,000016.SH
2015-12-01,sh.000016,2344.833,4193491104,43612910848.0,上证50指数,000016.SH
2015-12-02,sh.000016,2458.411,8167693312,86349471744.0,上证50指数,000016.SH
2015-12-03,sh.000016,2461.449,8174400000,76165001216.0,上证50指数,000016.SH
2015-12-04,sh.000016,2397.562,4783854080,47769842688.0,上证50指数,000016.SH
2015-12-07,sh.000016,2395.584,2917439504,31915980544.0,上证50指数,000016.SH
2015-12-08,sh.000016,2364.344,3381369408,37192972544.0,上证50指数,000016.SH
2015-12-09,sh.000016,2369.738,2842059200,32031217408.0,上证50指数,000016.SH
2015-12-10,sh.000016,2357.209,3199761808,36125750528.0,上证50指数,000016.SH
2015-12-11,sh.000016,2342.453,3159044896,36142268928.0,上证50指数,000016.SH
2015-12-14,sh.000016,2414.917,4748665344,59498180608.0,上证50指数,000016.SH
2015-12-15,sh.000016,2383.832,3460835296,44351837440.0,上证50指数,000016.SH
2015-12-16,sh.000016,2376.535,2849092304,33463611648.0,上证50指数,000016.SH
2015-12-17,sh.000016,2408.321,4403511808,52238794752.0,上证50指数,000016.SH
2015-12-18,sh.000016,2422.835,5396733440,61122604288.0,上证50指数,000016.SH
2015-12-21,sh.000016,2500.064,7367108608,85785186304.0,上证50指数,000016.SH
2015-12-22,sh.000016,2496.054,5124880384,64840180736.0,上证50指数,000016.SH
2015-12-23,sh.000016,2503.059,6818885632,90512019456.0,上证50指数,000016.SH
2015-12-24,sh.000016,2481.754,4830384128,61250645760.0,上证50指数,000016.SH
2015-12-25,sh.000016,2492.336,2962302400,37440811264.0,上证50指数,000016.SH
2015-12-28,sh.000016,2411.408,4820059136,56480251648.0,上证50指数,000016.SH
2015-12-29,sh.000016,2432.88,2759730608,32289796864.0,上证50指数,000016.SH
2015-12-30,sh.000016,2432.773,2842066208,34438639872.0,上证50指数,000016.SH
2015-12-31,sh.000016,2420.801,2997272208,34587023360.0,上证50指数,000016.SH
2016-01-04,sh.000016,2270.461,3462085104,37753719808.0,上证50指数,000016.SH
2016-01-05,sh.000016,2288.113,4807596288,51045135616.0,上证50指数,000016.SH
2016-01-06,sh.000016,2317.647,3808882000,39894992640.0,上证50指数,000016.SH
2016-01-07,sh.000016,2180.589,1108157504,11474807552.0,上证50指数,000016.SH
2016-01-08,sh.000016,2219.612,5152593152,53797582080.0,上证50指数,000016.SH
2016-01-11,sh.000016,2120.234,4848350464,48888155648.0,上证50指数,000016.SH
2016-01-12,sh.000016,2131.368,3514437408,36195368704.0,上证50指数,000016.SH
2016-01-13,sh.000016,2105.507,3202494400,32986276096.0,上证50指数,000016.SH
2016-01-14,sh.000016,2132.076,3663096496,35415650816.0,上证50指数,000016.SH
2016-01-15,sh.000016,2070.928,3464162304,33603671296.0,上证50指数,000016.SH
2016-01-18,sh.000016,2069.275,2680609504,25299830016.0,上证50指数,000016.SH
2016-01-19,sh.000016,2128.574,3722216800,37594149888.0,上证50指数,000016.SH
2016-01-20,sh.000016,2088.723,3922114496,39259455232.0,上证50指数,000016.SH
2016-01-21,sh.000016,2040.978,3435451504,32473758464.0,上证50指数,000016.SH
2016-01-22,sh.000016,2061.962,2706519600,25575155456.0,上证50指数,000016.SH
2016-01-25,sh.000016,2065.444,2174107408,19964754944.0,上证50指数,000016.SH
2016-01-26,sh.000016,1951.614,3775143696,34523878656.0,上证50指数,000016.SH
2016-01-27,sh.000016,1953.465,3930266400,34956352512.0,上证50指数,000016.SH
2016-01-28,sh.000016,1912.721,2971655296,26312112384.0,上证50指数,000016.SH
2016-01-29,sh.000016,1973.005,3824287696,33961257216.0,上证50指数,000016.SH
2016-02-01,sh.000016,1937.073,2733516000,23805513216.0,上证50指数,000016.SH
2016-02-02,sh.000016,1969.616,2615654000,23459043328.0,上证50指数,000016.SH
2016-02-03,sh.000016,1952.367,2197008000,19391561472.0,上证50指数,000016.SH
2016-02-04,sh.000016,1974.236,2502030496,22994238208.0,上证50指数,000016.SH
2016-02-05,sh.000016,1967.26,2045579504,20020499456.0,上证50指数,000016.SH
2016-02-15,sh.000016,1948.275,1889323104,17604887296.0,上证50指数,000016.SH
2016-02-16,sh.000016,2000.903,3060729104,26813072640.0,上证50指数,000016.SH
2016-02-17,sh.000016,2014.443,3437354800,30392064256.0,上证50指数,000016.SH
2016-02-18,sh.000016,2009.273,3093860704,28583893760.0,上证50指数,000016.SH
2016-02-19,sh.000016,2004.107,2163929008,19326968832.0,上证50指数,000016.SH
2016-02-22,sh.000016,2053.863,3905928400,36475281152.0,上证50指数,000016.SH
2016-02-23,sh.000016,2029.522,2687619104,25027930112.0,上证50指数,000016.SH
2016-02-24,sh.000016,2041.388,2622891696,24061303040.0,上证50指数,000016.SH
2016-02-25,sh.000016,1932.602,4245956304,36399666688.0,上证50指数,000016.SH
2016-02-26,sh.000016,1955.395,2630676400,22745281280.0,上证50指数,000016.SH
2016-02-29,sh.000016,1944.611,3916158304,33168529408.0,上证50指数,000016.SH
2016-03-01,sh.000016,1973.194,2959585904,27992084224.0,上证50指数,000016.SH
2016-03-02,sh.000016,2043.407,5097880320,46820915712.0,上证50指数,000016.SH
2016-03-03,sh.000016,2053.273,4547667200,43399574272.0,上证50指数,000016.SH
2016-03-04,sh.000016,2122.269,8595312640,78672195584.0,上证50指数,000016.SH
2016-03-07,sh.000016,2107.673,4005873200,38149431808.0,上证50指数,000016.SH
2016-03-08,sh.000016,2115.158,3900335504,35705183488.0,上证50指数,000016.SH
2016-03-09,sh.000016,2111.919,3808329008,34644426496.0,上证50指数,000016.SH
2016-03-10,sh.000016,2061.451,2087298096,19900998912.0,上证50指数,000016.SH
2016-03-11,sh.000016,2070.724,2444346096,23904780800.0,上证50指数,000016.SH
2016-03-14,sh.000016,2078.41,3511461696,35565111296.0,上证50指数,000016.SH
2016-03-15,sh.000016,2101.117,3464713104,32999424512.0,上证50指数,000016.SH
2016-03-16,sh.000016,2136.128,6038157824,57696394752.0,上证50指数,000016.SH
2016-03-17,sh.000016,2131.481,3807790208,38825808128.0,上证50指数,000016.SH
2016-03-18,sh.000016,2141.177,6225762304,60631656448.0,上证50指数,000016.SH
2016-03-21,sh.000016,2193.385,7826466560,85196918784.0,上证50指数,000016.SH
2016-03-22,sh.000016,2173.256,5053124608,54395174912.0,上证50指数,000016.SH
2016-03-23,sh.000016,2175.283,3524766400,38676054528.0,上证50指数,000016.SH
2016-03-24,sh.000016,2137.59,3387992704,36127200256.0,上证50指数,000016.SH
2016-03-25,sh.000016,2149.204,2278104896,25542245376.0,上证50指数,000016.SH
2016-03-28,sh.000016,2123.035,2590590608,27760610560.0,上证50指数,000016.SH
2016-03-29,sh.000016,2106.862,2565460400,26393057792.0,上证50指数,000016.SH
2016-03-30,sh.000016,2157.53,3563382896,34688338432.0,上证50指数,000016.SH
2016-03-31,sh.000016,2156.541,3228183696,32777718784.0,上证50指数,000016.SH
2016-04-01,sh.000016,2167.782,3490389808,32422110976.0,上证50指数,000016.SH
2016-04-05,sh.000016,2180.262,3887452096,37084444416.0,上证50指数,000016.SH
2016-04-06,sh.000016,2168.037,2834967808,27380831232.0,上证50指数,000016.SH
2016-04-07,sh.000016,2139.404,2583304400,25519469312.0,上证50指数,000016.SH
2016-04-08,sh.000016,2123.804,2282274704,23132415488.0,上证50指数,000016.SH
2016-04-11,sh.000016,2148.439,3021250400,33903808512.0,上证50指数,000016.SH
2016-04-12,sh.000016,2143.896,1939219808,19123929088.0,上证50指数,000016.SH
2016-04-13,sh.000016,2171.315,5111446784,51256822272.0,上证50指数,000016.SH
2016-04-14,sh.000016,2178.868,2487885600,25373585664.0,上证50指数,000016.SH
2016-04-15,sh.000016,2182.067,2381886000,25223151104.0,上证50指数,000016.SH
2016-04-18,sh.000016,2158.23,2441091808,25800374528.0,上证50指数,000016.SH
2016-04-19,sh.000016,2163.607,1839065008,19323712000.0,上证50指数,000016.SH
2016-04-20,sh.000016,2154.886,4756525824,48235896320.0,上证50指数,000016.SH
2016-04-21,sh.000016,2147.718,3062895104,32429379584.0,上证50指数,000016.SH
2016-04-22,sh.000016,2157.724,2019856896,21289913344.0,上证50指数,000016.SH
2016-04-25,sh.000016,2148.28,1715607104,19007263488.0,上证50指数,000016.SH
2016-04-26,sh.000016,2155.791,1544429008,16801368064.0,上证50指数,000016.SH
2016-04-27,sh.000016,2145.38,1452080096,15736109056.0,上证50指数,000016.SH
2016-04-28,sh.000016,2142.057,1735810608,17850408192.0,上证50指数,000016.SH
2016-04-29,sh.000016,2135.509,1594853808,17090293248.0,上证50指数,000016.SH
2016-05-03,sh.000016,2158.272,2581521504,27269576960.0,上证50指数,000016.SH
2016-05-04,sh.000016,2152.934,1742689296,18144467968.0,上证50指数,000016.SH
2016-05-05,sh.000016,2152.882,1477745200,14787713024.0,上证50指数,000016.SH
2016-05-06,sh.000016,2107.009,2464227504,25367200256.0,上证50指数,000016.SH
2016-05-09,sh.000016,2072.467,2402225296,22941013760.0,上证50指数,000016.SH
2016-05-10,sh.000016,2072.382,1716574608,17240679424.0,上证50指数,000016.SH
2016-05-11,sh.000016,2078.413,1805863296,18032556288.0,上证50指数,000016.SH
2016-05-12,sh.000016,2084.838,1792753008,17443294976.0,上证50指数,000016.SH
2016-05-13,sh.000016,2076.188,1528786896,15135709696.0,上证50指数,000016.SH
2016-05-16,sh.000016,2082.616,1357924400,13252817408.0,上证50指数,000016.SH
2016-05-17,sh.000016,2075.465,1485096304,13798390784.0,上证50指数,000016.SH
2016-05-18,sh.000016,2078.759,2303711200,22436931072.0,上证50指数,000016.SH
2016-05-19,sh.000016,2073.804,1405000608,13350531072.0,上证50指数,000016.SH
2016-05-20,sh.000016,2083.117,1389017200,13661635840.0,上证50指数,000016.SH
2016-05-23,sh.000016,2082.412,1447921104,14371087104.0,上证50指数,000016.SH
2016-05-24,sh.000016,2066.643,1310444304,12004955648.0,上证50指数,000016.SH
2016-05-25,sh.000016,2071.907,1128499696,11048976128.0,上证50指数,000016.SH
2016-05-26,sh.000016,2076.137,1312651200,12358055424.0,上证50指数,000016.SH
2016-05-27,sh.000016,2074.92,1057749200,9750472448.0,上证50指数,000016.SH
2016-05-30,sh.000016,2092.161,1771438496,15915924992.0,上证50指数,000016.SH
2016-05-31,sh.000016,2155.656,4065174208,40508297984.0,上证50指数,000016.SH
2016-06-01,sh.000016,2138.963,2547332400,25762502144.0,上证50指数,000016.SH
2016-06-02,sh.000016,2137.652,1635666608,16575051008.0,上证50指数,000016.SH
2016-06-03,sh.000016,2152.637,2052615200,22672475392.0,上证50指数,000016.SH
2016-06-06,sh.000016,2136.323,1365883696,14937594368.0,上证50指数,000016.SH
2016-06-07,sh.000016,2139.069,1406849104,14201054208.0,上证50指数,000016.SH
2016-06-08,sh.000016,2132.963,1640579104,16913874944.0,上证50指数,000016.SH
2016-06-13,sh.000016,2084.3,2102877104,21548598528.0,上证50指数,000016.SH
2016-06-14,sh.000016,2095.023,1535492400,15175834112.0,上证50指数,000016.SH
2016-06-15,sh.000016,2106.631,1954992496,19789057280.0,上证50指数,000016.SH
2016-06-16,sh.000016,2094.815,1796886096,17158684672.0,上证50指数,000016.SH
2016-06-17,sh.000016,2102.201,1784608208,16777643008.0,上证50指数,000016.SH
2016-06-20,sh.000016,2104.22,1209116000,11798703360.0,上证50指数,000016.SH
2016-06-21,sh.000016,2104.558,1769990496,18104606976.0,上证50指数,000016.SH
2016-06-22,sh.000016,2115.769,1354873296,12787840768.0,上证50指数,000016.SH
2016-06-23,sh.000016,2105.532,1528234496,14035828480.0,上证50指数,000016.SH
2016-06-24,sh.000016,2076.3,2260783008,21619299328.0,上证50指数,000016.SH
2016-06-27,sh.000016,2095.893,1648846704,17695450880.0,上证50指数,000016.SH
2016-06-28,sh.000016,2102.053,1758820608,18316272896.0,上证50指数,000016.SH
2016-06-29,sh.000016,2122.97,2945572608,27166106368.0,上证50指数,000016.SH
2016-06-30,sh.000016,2122.633,2035451696,20359578368.0,上证50指数,000016.SH
2016-07-01,sh.000016,2127.094,1613280400,16184477952.0,上证50指数,000016.SH
2016-07-04,sh.000016,2163.292,3086203104,31651790080.0,上证50指数,000016.SH
2016-07-05,sh.000016,2168.855,3230772800,29936900352.0,上证50指数,000016.SH
2016-07-06,sh.000016,2167.101,2453844896,23724878336.0,上证50指数,000016.SH
2016-07-07,sh.000016,2166.884,2697771008,26449562880.0,上证50指数,000016.SH
2016-07-08,sh.000016,2148.761,1935878896,20096990464.0,上证50指数,000016.SH
2016-07-11,sh.000016,2155.716,2860924496,29698288640.0,上证50指数,000016.SH
2016-07-12,sh.000016,2200.348,4025373296,40015835136.0,上证50指数,000016.SH
2016-07-13,sh.000016,2197.788,4327979776,41817570048.0,上证50指数,000016.SH
2016-07-14,sh.000016,2195.227,2415254304,23660169216.0,上证50指数,000016.SH
2016-07-15,sh.000016,2192.394,2158522704,21378466048.0,上证50指数,000016.SH
2016-07-18,sh.000016,2187.983,2952718000,28441558784.0,上证50指数,000016.SH
2016-07-19,sh.000016,2175.397,2180913504,21347839744.0,上证50指数,000016.SH
2016-07-20,sh.000016,2167.121,1456192608,14688862208.0,上证50指数,000016.SH
2016-07-21,sh.000016,2177.778,1804675408,18997293056.0,上证50指数,000016.SH
2016-07-22,sh.000016,2157.232,1838919008,17796929536.0,上证50指数,000016.SH
2016-07-25,sh.000016,2159.553,1452814400,13822559744.0,上证50指数,000016.SH
2016-07-26,sh.000016,2182.505,1840605104,19332969216.0,上证50指数,000016.SH
2016-07-27,sh.000016,2173.972,3793480608,37415328512.0,上证50指数,000016.SH
2016-07-28,sh.000016,2163.808,2587542304,24628707584.0,上证50指数,000016.SH
2016-07-29,sh.000016,2155.238,1871473008,17188355328.0,上证50指数,000016.SH
2016-08-01,sh.000016,2147.558,2015539600,18590040064.0,上证50指数,000016.SH
2016-08-02,sh.000016,2148.454,1259211104,12398906880.0,上证50指数,000016.SH
2016-08-03,sh.000016,2145.787,1530689296,14032573184.0,上证50指数,000016.SH
2016-08-04,sh.000016,2143.843,1495566304,13767786496.0,上证50指数,000016.SH
2016-08-05,sh.000016,2148.681,1616443408,15610789120.0,上证50指数,000016.SH
2016-08-08,sh.000016,2159.672,1677574000,16057771520.0,上证50指数,000016.SH
2016-08-09,sh.000016,2175.345,2282474496,21066193408.0,上证50指数,000016.SH
2016-08-10,sh.000016,2170.102,1739101904,16953325056.0,上证50指数,000016.SH
2016-08-11,sh.000016,2177.064,2658516608,27452382976.0,上证50指数,000016.SH
2016-08-12,sh.000016,2222.488,3443001200,33399544064.0,上证50指数,000016.SH
2016-08-15,sh.000016,2287.655,6374530816,70155321344.0,上证50指数,000016.SH
2016-08-16,sh.000016,2257.698,6124943360,60087460352.0,上证50指数,000016.SH
2016-08-17,sh.000016,2253.736,3084886608,32673544960.0,上证50指数,000016.SH
2016-08-18,sh.000016,2244.719,3388044800,37432377088.0,上证50指数,000016.SH
2016-08-19,sh.000016,2249.341,2890069296,28754463488.0,上证50指数,000016.SH
2016-08-22,sh.000016,2237.127,2619306000,24905153792.0,上证50指数,000016.SH
2016-08-23,sh.000016,2241.951,2302390304,21968325888.0,上证50指数,000016.SH
2016-08-24,sh.000016,2232.213,1812178704,18160277248.0,上证50指数,000016.SH
2016-08-25,sh.000016,2222.152,2181910400,21100844032.0,上证50指数,000016.SH
2016-08-26,sh.000016,2219.307,1643096496,16358841344.0,上证50指数,000016.SH
2016-08-29,sh.000016,2214.259,1985201200,20336544768.0,上证50指数,000016.SH
2016-08-30,sh.000016,2224.062,1984669200,20353643520.0,上证50指数,000016.SH
2016-08-31,sh.000016,2232.711,1695555200,19008422912.0,上证50指数,000016.SH
2016-09-01,sh.000016,2220.403,1902822400,19569003776.0,上证50指数,000016.SH
2016-09-02,sh.000016,2229.893,2040602304,20785028608.0,上证50指数,000016.SH
2016-09-05,sh.000016,2228.718,1781345200,17615394560.0,上证50指数,000016.SH
2016-09-06,sh.000016,2232.45,2125477104,20977302272.0,上证50指数,000016.SH
2016-09-07,sh.000016,2236.545,2209767104,22932080128.0,上证50指数,000016.SH
2016-09-08,sh.000016,2236.625,1417115696,14213131008.0,上证50指数,000016.SH
2016-09-09,sh.000016,2229.309,1741151296,18263953152.0,上证50指数,000016.SH
2016-09-12,sh.000016,2199.976,3454689104,34431278080.0,上证50指数,000016.SH
2016-09-13,sh.000016,2193.193,1496892400,14480419328.0,上证50指数,000016.SH
2016-09-14,sh.000016,2176.523,1816965696,16682778368.0,上证50指数,000016.SH
2016-09-19,sh.000016,2189.461,1413566496,12964097024.0,上证50指数,000016.SH
2016-09-20,sh.000016,2184.206,1102289408,10917288960.0,上证50指数,000016.SH
2016-09-21,sh.000016,2187.154,1244650896,12499273216.0,上证50指数,000016.SH
2016-09-22,sh.000016,2200.698,1539804304,15995169280.0,上证50指数,000016.SH
2016-09-23,sh.000016,2196.29,1172763600,11066821888.0,上证50指数,000016.SH
2016-09-26,sh.000016,2167.264,1694820896,16306550528.0,上证50指数,000016.SH
2016-09-27,sh.000016,2176.447,1259253904,12286665216.0,上证50指数,000016.SH
2016-09-28,sh.000016,2166.722,928843200,9340080128.0,上证50指数,000016.SH
2016-09-29,sh.000016,2175.369,1187946400,11524241408.0,上证50指数,000016.SH
2016-09-30,sh.000016,2177.352,921930496,9655516160.0,上证50指数,000016.SH
2016-10-10,sh.000016,2202.872,1930020208,17570860032.0,上证50指数,000016.SH
2016-10-11,sh.000016,2209.227,2116938400,19324765184.0,上证50指数,000016.SH
2016-10-12,sh.000016,2200.996,1547883696,13632018176.0,上证50指数,000016.SH
2016-10-13,sh.000016,2202.116,1830879008,16208937472.0,上证50指数,000016.SH
2016-10-14,sh.000016,2209.814,2395051008,19450261248.0,上证50指数,000016.SH
2016-10-17,sh.000016,2192.884,2316186704,20075033088.0,上证50指数,000016.SH
2016-10-18,sh.000016,2222.783,3177711696,28619884288.0,上证50指数,000016.SH
2016-10-19,sh.000016,2221.534,2943280896,24775791104.0,上证50指数,000016.SH
2016-10-20,sh.000016,2223.424,1977292400,16643743488.0,上证50指数,000016.SH
2016-10-21,sh.000016,2240.749,3566857696,31144595456.0,上证50指数,000016.SH
2016-10-24,sh.000016,2270.95,4960345088,46511890176.0,上证50指数,000016.SH
2016-10-25,sh.000016,2266.171,3242378800,29902473984.0,上证50指数,000016.SH
2016-10-26,sh.000016,2257.116,2714605696,26576638720.0,上证50指数,000016.SH
2016-10-27,sh.000016,2250.258,2343830896,21935646208.0,上证50指数,000016.SH
2016-10-28,sh.000016,2253.801,2823346096,29162089728.0,上证50指数,000016.SH
2016-10-31,sh.000016,2250.469,1981495504,20503305984.0,上证50指数,000016.SH
2016-11-01,sh.000016,2263.478,2201530608,21614635776.0,上证50指数,000016.SH
2016-11-02,sh.000016,2244.743,2226082496,21833996544.0,上证50指数,000016.SH
2016-11-03,sh.000016,2273.632,4091302704,41436992768.0,上证50指数,000016.SH
2016-11-04,sh.000016,2271.926,3619209104,34041513216.0,上证50指数,000016.SH
2016-11-07,sh.000016,2276.954,2596670400,24429764608.0,上证50指数,000016.SH
2016-11-08,sh.000016,2282.418,3259587408,30889499392.0,上证50指数,000016.SH
2016-11-09,sh.000016,2263.924,3735243104,36936621312.0,上证50指数,000016.SH
2016-11-10,sh.000016,2289.449,3456599808,34617495296.0,上证50指数,000016.SH
2016-11-11,sh.000016,2308.428,5694860032,56536701440.0,上证50指数,000016.SH
2016-11-14,sh.000016,2317.772,6168486400,62927633408.0,上证50指数,000016.SH
2016-11-15,sh.000016,2310.901,3448614000,34355883776.0,上证50指数,000016.SH
2016-11-16,sh.000016,2309.942,3259638608,28705100800.0,上证50指数,000016.SH
2016-11-17,sh.000016,2316.721,3545076304,31212488192.0,上证50指数,000016.SH
2016-11-18,sh.000016,2307.274,3447528496,32316982784.0,上证50指数,000016.SH
2016-11-21,sh.000016,2334.677,5751963648,53971971328.0,上证50指数,000016.SH
2016-11-22,sh.000016,2353.002,6598317824,60419169280.0,上证50指数,000016.SH
2016-11-23,sh.000016,2360.335,5406233088,48700349952.0,上证50指数,000016.SH
2016-11-24,sh.000016,2368.733,3715808896,40256755200.0,上证50指数,000016.SH
2016-11-25,sh.000016,2393.946,4432797440,42204998400.0,上证50指数,000016.SH
2016-11-28,sh.000016,2403.135,7755450368,77969829888.0,上证50指数,000016.SH
2016-11-29,sh.000016,2441.578,9303858688,99547619328.0,上证50指数,000016.SH
2016-11-30,sh.000016,2419.413,6897198080,73266475008.0,上证50指数,000016.SH
2016-12-01,sh.000016,2431.306,7360667392,73842855936.0,上证50指数,000016.SH
2016-12-02,sh.000016,2416.507,7762501632,74393616384.0,上证50指数,000016.SH
2016-12-05,sh.000016,2375.257,7242835712,70278619136.0,上证50指数,000016.SH
2016-12-06,sh.000016,2368.682,4259595504,40651332864.0,上证50指数,000016.SH
2016-12-07,sh.000016,2376.919,3631364608,34446113024.0,上证50指数,000016.SH
2016-12-08,sh.000016,2379.001,3965155600,37465801984.0,上证50指数,000016.SH
2016-12-09,sh.000016,2411.314,6786012672,61692701696.0,上证50指数,000016.SH
2016-12-12,sh.000016,2387.158,7057419520,71536050176.0,上证50指数,000016.SH
2016-12-13,sh.000016,2372.93,4120248608,38968411904.0,上证50指数,000016.SH
2016-12-14,sh.000016,2360.378,4680032512,45575405312.0,上证50指数,000016.SH
2016-12-15,sh.000016,2309.815,4258325200,43441485568.0,上证50指数,000016.SH
2016-12-16,sh.000016,2302.315,3057955104,29864306432.0,上证50指数,000016.SH
2016-12-19,sh.000016,2291.384,2416229696,23999280128.0,上证50指数,000016.SH
2016-12-20,sh.000016,2279.682,3010553296,29079311104.0,上证50指数,000016.SH
2016-12-21,sh.000016,2297.37,4018425600,37262711040.0,上证50指数,000016.SH
2016-12-22,sh.000016,2292.041,2922298000,27254973952.0,上证50指数,000016.SH
2016-12-23,sh.000016,2278.477,3306081696,32451253248.0,上证50指数,000016.SH
2016-12-26,sh.000016,2294.709,2992352096,29506329344.0,上证50指数,000016.SH
2016-12-27,sh.000016,2286.961,2459765600,24199961600.0,上证50指数,000016.SH
2016-12-28,sh.000016,2277.175,2330457408,22778607104.0,上证50指数,000016.SH
2016-12-29,sh.000016,2275.106,2399747104,23962418176.0,上证50指数,000016.SH
2016-12-30,sh.000016,2286.898,2548075504,25510014464.0,上证50指数,000016.SH
2017-01-03,sh.000016,2307.891,2590892000,25440737024.0,上证50指数,000016.SH
2017-01-04,sh.000016,2322.205,2610440304,27183258624.0,上证50指数,000016.SH
2017-01-05,sh.000016,2322.684,2652871200,26566424064.0,上证50指数,000016.SH
2017-01-06,sh.000016,2308.936,2644512400,27286688256.0,上证50指数,000016.SH
2017-01-09,sh.000016,2318.336,2652307408,25903507200.0,上证50指数,000016.SH
2017-01-10,sh.000016,2312.598,2405598096,23234949888.0,上证50指数,000016.SH
2017-01-11,sh.000016,2300.474,2692834608,25072639488.0,上证50指数,000016.SH
2017-01-12,sh.000016,2295.403,2213917408,21207409664.0,上证50指数,000016.SH
2017-01-13,sh.000016,2308.055,2754046704,26932675072.0,上证50指数,000016.SH
2017-01-16,sh.000016,2337.394,5929473536,57422130176.0,上证50指数,000016.SH
2017-01-17,sh.000016,2329.595,1917044896,20007429376.0,上证50指数,000016.SH
2017-01-18,sh.000016,2342.775,2029889104,21780720128.0,上证50指数,000016.SH
2017-01-19,sh.000016,2334.957,2109073504,19780250624.0,上证50指数,000016.SH
2017-01-20,sh.000016,2347.182,1751128800,18489265408.0,上证50指数,000016.SH
2017-01-23,sh.000016,2347.104,1931132096,20759190272.0,上证50指数,000016.SH
2017-01-24,sh.000016,2352.424,2011077696,19232210944.0,上证50指数,000016.SH
2017-01-25,sh.000016,2358.697,1780022096,18384465920.0,上证50指数,000016.SH
2017-01-26,sh.000016,2364.024,1862983104,19294724864.0,上证50指数,000016.SH
2017-02-03,sh.000016,2339.989,1451595104,16092735232.0,上证50指数,000016.SH
2017-02-06,sh.000016,2343.967,1989571504,21725103360.0,上证50指数,000016.SH
2017-02-07,sh.000016,2337.534,1697274000,18894961152.0,上证50指数,000016.SH
2017-02-08,sh.000016,2346.426,2423769104,24896256768.0,上证50指数,000016.SH
2017-02-09,sh.000016,2354.9,3138164608,32399332352.0,上证50指数,000016.SH
2017-02-10,sh.000016,2368.183,3930636000,40549347840.0,上证50指数,000016.SH
2017-02-13,sh.000016,2379.305,3460382608,38907287808.0,上证50指数,000016.SH
2017-02-14,sh.000016,2373.513,2422716704,27371194880.0,上证50指数,000016.SH
2017-02-15,sh.000016,2372.192,3894925696,37792892160.0,上证50指数,000016.SH
2017-02-16,sh.000016,2376.762,2962949696,29617805568.0,上证50指数,000016.SH
2017-02-17,sh.000016,2362.708,3109047408,34309239040.0,上证50指数,000016.SH
2017-02-20,sh.000016,2394.12,4469041152,43486701568.0,上证50指数,000016.SH
2017-02-21,sh.000016,2396.884,3256980000,34544041216.0,上证50指数,000016.SH
2017-02-22,sh.000016,2398.192,2451300896,27231838208.0,上证50指数,000016.SH
2017-02-23,sh.000016,2387.417,2345867104,25602450176.0,上证50指数,000016.SH
2017-02-24,sh.000016,2389.877,2568012096,25353533952.0,上证50指数,000016.SH
2017-02-27,sh.000016,2370.559,2382755504,25954639616.0,上证50指数,000016.SH
2017-02-28,sh.000016,2370.707,1679355808,18323796736.0,上证50指数,000016.SH
2017-03-01,sh.000016,2371.925,2786312400,27623876608.0,上证50指数,000016.SH
2017-03-02,sh.000016,2354.913,2306273104,26057596672.0,上证50指数,000016.SH
2017-03-03,sh.000016,2347.145,2048310704,21533669376.0,上证50指数,000016.SH
2017-03-06,sh.000016,2349.888,2111239904,20808519424.0,上证50指数,000016.SH
2017-03-07,sh.000016,2356.293,2025134800,21625724672.0,上证50指数,000016.SH
2017-03-08,sh.000016,2358.074,2436983296,23456269568.0,上证50指数,000016.SH
2017-03-09,sh.000016,2346.552,2663066704,26051706624.0,上证50指数,000016.SH
2017-03-10,sh.000016,2339.233,1798881104,18979436032.0,上证50指数,000016.SH
2017-03-13,sh.000016,2354.89,2462401104,26164051712.0,上证50指数,000016.SH
2017-03-14,sh.000016,2354.899,1901700608,19760470528.0,上证50指数,000016.SH
2017-03-15,sh.000016,2357.307,2106259504,21925253376.0,上证50指数,000016.SH
2017-03-16,sh.000016,2369.194,3027821008,32128349696.0,上证50指数,000016.SH
2017-03-17,sh.000016,2346.96,3076762304,33130740480.0,上证50指数,000016.SH
2017-03-20,sh.000016,2350.067,2714929104,28589609984.0,上证50指数,000016.SH
2017-03-21,sh.000016,2357.135,2888792096,36125342464.0,上证50指数,000016.SH
2017-03-22,sh.000016,2338.546,3289198208,37345963520.0,上证50指数,000016.SH
2017-03-23,sh.000016,2347.434,2671255200,33283040512.0,上证50指数,000016.SH
2017-03-24,sh.000016,2365.604,4012077200,45396321536.0,上证50指数,000016.SH
2017-03-27,sh.000016,2364.427,3549115600,40382705920.0,上证50指数,000016.SH
2017-03-28,sh.000016,2356.313,2481363504,28082153984.0,上证50指数,000016.SH
2017-03-29,sh.000016,2352.693,2901854896,31210660608.0,上证50指数,000016.SH
2017-03-30,sh.000016,2346.667,3111306608,31991546624.0,上证50指数,000016.SH
2017-03-31,sh.000016,2359.752,2950514608,28551404544.0,上证50指数,000016.SH
2017-04-05,sh.000016,2384.263,4007544208,43436345856.0,上证50指数,000016.SH
2017-04-06,sh.000016,2390.389,3932500304,42616523008.0,上证50指数,000016.SH
2017-04-07,sh.000016,2388.271,3624863008,38151219456.0,上证50指数,000016.SH
2017-04-10,sh.000016,2379.157,3125802608,34790978048.0,上证50指数,000016.SH
2017-04-11,sh.000016,2382.109,3920082608,44230593024.0,上证50指数,000016.SH
2017-04-12,sh.000016,2378.862,3364031600,38322592000.0,上证50指数,000016.SH
2017-04-13,sh.000016,2368.106,2279306000,26083925760.0,上证50指数,000016.SH
2017-04-14,sh.000016,2355.52,2431896896,26912930304.0,上证50指数,000016.SH
2017-04-17,sh.000016,2357.523,2637625008,27908077312.0,上证50指数,000016.SH
2017-04-18,sh.000016,2337.35,2375365600,28470231040.0,上证50指数,000016.SH
2017-04-19,sh.000016,2325.042,2791943504,30382089472.0,上证50指数,000016.SH
2017-04-20,sh.000016,2335.647,2657672496,32243770880.0,上证50指数,000016.SH
2017-04-21,sh.000016,2347.674,2707371200,29654139648.0,上证50指数,000016.SH
2017-04-24,sh.000016,2341.929,3109300704,34439046400.0,上证50指数,000016.SH
2017-04-25,sh.000016,2344.741,1938294304,24053129984.0,上证50指数,000016.SH
2017-04-26,sh.000016,2344.504,2647062208,32375909120.0,上证50指数,000016.SH
2017-04-27,sh.000016,2351.64,2983407600,32332182016.0,上证50指数,000016.SH
2017-04-28,sh.000016,2347.039,2073368304,25027445248.0,上证50指数,000016.SH
2017-05-02,sh.000016,2336.791,1621832096,19299425024.0,上证50指数,000016.SH
2017-05-03,sh.000016,2329.766,1874768496,21306113280.0,上证50指数,000016.SH
2017-05-04,sh.000016,2325.433,2076741008,23662230528.0,上证50指数,000016.SH
2017-05-05,sh.000016,2320.602,3095107408,33979252480.0,上证50指数,000016.SH
2017-05-08,sh.000016,2326.096,3465012304,38506527232.0,上证50指数,000016.SH
2017-05-09,sh.000016,2316.294,1615731504,20310246400.0,上证50指数,000016.SH
2017-05-10,sh.000016,2324.921,2231892608,29082185216.0,上证50指数,000016.SH
2017-05-11,sh.000016,2339.29,2839544096,31483872512.0,上证50指数,000016.SH
2017-05-12,sh.000016,2375.449,2890678400,32145338880.0,上证50指数,000016.SH
2017-05-15,sh.000016,2381.751,2341241008,28055294208.0,上证50指数,000016.SH
2017-05-16,sh.000016,2381.317,2389204704,27292942080.0,上证50指数,000016.SH
2017-05-17,sh.000016,2363.559,2085822496,24900860672.0,上证50指数,000016.SH
2017-05-18,sh.000016,2354.753,1712123104,21258547456.0,上证50指数,000016.SH
2017-05-19,sh.000016,2361.661,1430456800,18966710016.0,上证50指数,000016.SH
2017-05-22,sh.000016,2381.552,2278023104,28751136256.0,上证50指数,000016.SH
2017-05-23,sh.000016,2411.799,3462055600,41243924480.0,上证50指数,000016.SH
2017-05-24,sh.000016,2407.57,2277433200,28642322432.0,上证50指数,000016.SH
2017-05-25,sh.000016,2473.495,5036333568,53142705920.0,上证50指数,000016.SH
2017-05-26,sh.000016,2471.214,3098973296,36527500544.0,上证50指数,000016.SH
2017-05-31,sh.000016,2479.078,2987834400,37045182208.0,上证50指数,000016.SH
2017-06-01,sh.000016,2496.448,3076633008,37798053632.0,上证50指数,000016.SH
2017-06-02,sh.000016,2475.463,2366414800,28341836288.0,上证50指数,000016.SH
2017-06-05,sh.000016,2450.345,2873585696,29094732544.0,上证50指数,000016.SH
2017-06-06,sh.000016,2466.006,1746732208,22598702080.0,上证50指数,000016.SH
2017-06-07,sh.000016,2484.033,2713840800,34088120576.0,上证50指数,000016.SH
2017-06-08,sh.000016,2507.033,2207086000,29227278592.0,上证50指数,000016.SH
2017-06-09,sh.000016,2519.273,3377330896,39637188864.0,上证50指数,000016.SH
2017-06-12,sh.000016,2521.168,2572086896,33894565376.0,上证50指数,000016.SH
2017-06-13,sh.000016,2515.142,1748792096,24470316800.0,上证50指数,000016.SH
2017-06-14,sh.000016,2477.317,2184110800,29833245440.0,上证50指数,000016.SH
2017-06-15,sh.000016,2461.974,2070254496,28607609088.0,上证50指数,000016.SH
2017-06-16,sh.000016,2452.789,1651804400,23251565568.0,上证50指数,000016.SH
2017-06-19,sh.000016,2484.115,2059400400,26899358976.0,上证50指数,000016.SH
2017-06-20,sh.000016,2474.425,1777115296,24584405248.0,上证50指数,000016.SH
2017-06-21,sh.000016,2497.254,2035421696,30603689472.0,上证50指数,000016.SH
2017-06-22,sh.000016,2516.672,4374394368,53825786368.0,上证50指数,000016.SH
2017-06-23,sh.000016,2529.098,2940395104,37695703296.0,上证50指数,000016.SH
2017-06-26,sh.000016,2543.321,3971674800,49718219264.0,上证50指数,000016.SH
2017-06-27,sh.000016,2554.699,2698471296,33511465472.0,上证50指数,000016.SH
2017-06-28,sh.000016,2537.636,2819497008,35655499008.0,上证50指数,000016.SH
2017-06-29,sh.000016,2552.975,1975437600,26914436864.0,上证50指数,000016.SH
2017-06-30,sh.000016,2549.967,1867717696,23781990144.0,上证50指数,000016.SH
2017-07-03,sh.000016,2534.367,1830421296,25254138880.0,上证50指数,000016.SH
2017-07-04,sh.000016,2511.15,2354712800,30659910656.0,上证50指数,000016.SH
2017-07-05,sh.000016,2548.099,2060765408,31435616256.0,上证50指数,000016.SH
2017-07-06,sh.000016,2553.879,2223462400,33132156416.0,上证50指数,000016.SH
2017-07-07,sh.000016,2543.657,2251006208,29785522432.0,上证50指数,000016.SH
2017-07-10,sh.000016,2550.114,2530514496,33457188864.0,上证50指数,000016.SH
2017-07-11,sh.000016,2570.591,3396822800,41538299392.0,上证50指数,000016.SH
2017-07-12,sh.000016,2565.142,3707059504,43416548096.0,上证50指数,000016.SH
2017-07-13,sh.000016,2600.953,4287157408,50979652096.0,上证50指数,000016.SH
2017-07-14,sh.000016,2622.983,3365328496,39772290048.0,上证50指数,000016.SH
2017-07-17,sh.000016,2631.414,6086594816,68239169280.0,上证50指数,000016.SH
2017-07-18,sh.000016,2624.308,3943504000,46730935040.0,上证50指数,000016.SH
2017-07-19,sh.000016,2657.888,4868889600,60808696832.0,上证50指数,000016.SH
2017-07-20,sh.000016,2665.448,3758073296,48880732416.0,上证50指数,000016.SH
2017-07-21,sh.000016,2639.212,2971556208,41342809600.0,上证50指数,000016.SH
2017-07-24,sh.000016,2654.378,3305656608,41940145664.0,上证50指数,000016.SH
2017-07-25,sh.000016,2643.073,3418541296,37771702784.0,上证50指数,000016.SH
2017-07-26,sh.000016,2636.2,3544725600,41955306752.0,上证50指数,000016.SH
2017-07-27,sh.000016,2636.626,3067012608,38024537088.0,上证50指数,000016.SH
2017-07-28,sh.000016,2636.393,2193446496,28588923648.0,上证50指数,000016.SH
2017-07-31,sh.000016,2638.124,2864776304,37904968704.0,上证50指数,000016.SH
2017-08-01,sh.000016,2681.805,3382050704,47788869632.0,上证50指数,000016.SH
2017-08-02,sh.000016,2680.631,4222237696,53708274688.0,上证50指数,000016.SH
2017-08-03,sh.000016,2646.216,3181516800,40554215424.0,上证50指数,000016.SH
2017-08-04,sh.000016,2627.802,2795995200,38299815680.0,上证50指数,000016.SH
2017-08-07,sh.000016,2634.175,2608610896,34629740032.0,上证50指数,000016.SH
2017-08-08,sh.000016,2635.184,2578246800,33964140032.0,上证50指数,000016.SH
2017-08-09,sh.000016,2620.38,2470791104,33204150528.0,上证50指数,000016.SH
2017-08-10,sh.000016,2611.341,2817147904,39580893952.0,上证50指数,000016.SH
2017-08-11,sh.000016,2570.256,3517096000,44276237824.0,上证50指数,000016.SH
2017-08-14,sh.000016,2591.453,2611890000,36279971328.0,上证50指数,000016.SH
2017-08-15,sh.000016,2605.241,2790097600,33091743488.0,上证50指数,000016.SH
2017-08-16,sh.000016,2595.001,2035181104,25167150080.0,上证50指数,000016.SH
2017-08-17,sh.000016,2604.083,2057110496,27778492672.0,上证50指数,000016.SH
2017-08-18,sh.000016,2613.264,1989782800,31122548736.0,上证50指数,000016.SH
2017-08-21,sh.000016,2616.824,1943687200,27074874368.0,上证50指数,000016.SH
2017-08-22,sh.000016,2643.503,2711818208,37445332992.0,上证50指数,000016.SH
2017-08-23,sh.000016,2659.78,3469179408,41179121664.0,上证50指数,000016.SH
2017-08-24,sh.000016,2646.401,2993921104,33887056128.0,上证50指数,000016.SH
2017-08-25,sh.000016,2706.242,4749375232,53051877632.0,上证50指数,000016.SH
2017-08-28,sh.000016,2736.461,6050109696,77248843776.0,上证50指数,000016.SH
2017-08-29,sh.000016,2739.129,3526228400,46759798784.0,上证50指数,000016.SH
2017-08-30,sh.000016,2728.23,4205280304,53736564992.0,上证50指数,000016.SH
2017-08-31,sh.000016,2714.631,4018223408,46855537152.0,上证50指数,000016.SH
2017-09-01,sh.000016,2710.118,4309329664,52472882944.0,上证50指数,000016.SH
2017-09-04,sh.000016,2711.347,3319628896,43569185536.0,上证50指数,000016.SH
2017-09-05,sh.000016,2729.847,3053478800,39043620096.0,上证50指数,000016.SH
2017-09-06,sh.000016,2714.33,3113793296,40907423488.0,上证50指数,000016.SH
2017-09-07,sh.000016,2691.829,2763611104,37181801216.0,上证50指数,000016.SH
2017-09-08,sh.000016,2686.689,2447129200,32599542272.0,上证50指数,000016.SH
2017-09-11,sh.000016,2674.75,2908410096,40085267968.0,上证50指数,000016.SH
2017-09-12,sh.000016,2692.54,3078832304,44847896320.0,上证50指数,000016.SH
2017-09-13,sh.000016,2687.67,2119772000,28986307072.0,上证50指数,000016.SH
2017-09-14,sh.000016,2672.836,2858673696,36529833472.0,上证50指数,000016.SH
2017-09-15,sh.000016,2668.375,3464898000,43243332352.0,上证50指数,000016.SH
2017-09-18,sh.000016,2674.175,3313463904,44470273280.0,上证50指数,000016.SH
2017-09-19,sh.000016,2670.691,3008735904,37488875264.0,上证50指数,000016.SH
2017-09-20,sh.000016,2662.626,2536794000,32883593728.0,上证50指数,000016.SH
2017-09-21,sh.000016,2675.55,3175345200,39541814528.0,上证50指数,000016.SH
2017-09-22,sh.000016,2679.052,2635975008,33471981312.0,上证50指数,000016.SH
2017-09-25,sh.000016,2680.651,3198142000,39930427648.0,上证50指数,000016.SH
2017-09-26,sh.000016,2678.991,1928317696,24098925056.0,上证50指数,000016.SH
2017-09-27,sh.000016,2661.553,2005863696,25198603264.0,上证50指数,000016.SH
2017-09-28,sh.000016,2661.283,2166188096,26189371648.0,上证50指数,000016.SH
2017-09-29,sh.000016,2672.327,2020466800,27595164160.0,上证50指数,000016.SH
2017-10-09,sh.000016,2692.076,4148929200,48635654144.0,上证50指数,000016.SH
2017-10-10,sh.000016,2695.537,2997472704,43282245888.0,上证50指数,000016.SH
2017-10-11,sh.000016,2707.522,2459848304,33211929600.0,上证50指数,000016.SH
2017-10-12,sh.000016,2718.35,2392287696,31885586688.0,上证50指数,000016.SH
2017-10-13,sh.000016,2713.376,1927340896,26260593408.0,上证50指数,000016.SH
2017-10-16,sh.000016,2726.642,2557589808,35091358720.0,上证50指数,000016.SH
2017-10-17,sh.000016,2723.534,1797980896,24598831360.0,上证50指数,000016.SH
2017-10-18,sh.000016,2753.01,2826082096,35436442880.0,上证50指数,000016.SH
2017-10-19,sh.000016,2756.035,2861786896,37232948736.0,上证50指数,000016.SH
2017-10-20,sh.000016,2737.641,1609842096,21717579776.0,上证50指数,000016.SH
2017-10-23,sh.000016,2734.368,1954603504,24707304960.0,上证50指数,000016.SH
2017-10-24,sh.000016,2753.649,2487082704,33123069440.0,上证50指数,000016.SH
2017-10-25,sh.000016,2752.139,1964672208,23785824256.0,上证50指数,000016.SH
2017-10-26,sh.000016,2771.043,4147318800,54784605696.0,上证50指数,000016.SH
2017-10-27,sh.000016,2814.272,4030195600,51199079680.0,上证50指数,000016.SH
2017-10-30,sh.000016,2809.106,4800487936,62621423104.0,上证50指数,000016.SH
2017-10-31,sh.000016,2793.711,3237037104,40543780864.0,上证50指数,000016.SH
2017-11-01,sh.000016,2789.402,4620413184,57994095104.0,上证50指数,000016.SH
2017-11-02,sh.000016,2794.101,3752686800,45419208704.0,上证50指数,000016.SH
2017-11-03,sh.000016,2800.468,3890616000,46914636032.0,上证50指数,000016.SH
2017-11-06,sh.000016,2792.223,3326891008,43470106624.0,上证50指数,000016.SH
2017-11-07,sh.000016,2821.955,4936827904,62260600320.0,上证50指数,000016.SH
2017-11-08,sh.000016,2819.957,4476852992,58278446336.0,上证50指数,000016.SH
2017-11-09,sh.000016,2832.961,3270423200,41950628864.0,上证50指数,000016.SH
2017-11-10,sh.000016,2862.343,4419833856,61842416384.0,上证50指数,000016.SH
2017-11-13,sh.000016,2873.514,4845904896,57913427200.0,上证50指数,000016.SH
2017-11-14,sh.000016,2861.423,3603716000,50380322560.0,上证50指数,000016.SH
2017-11-15,sh.000016,2850.05,3297420896,46704463872.0,上证50指数,000016.SH
2017-11-16,sh.000016,2879.397,3205182400,49388290048.0,上证50指数,000016.SH
2017-11-17,sh.000016,2938.798,6847202304,94406688768.0,上证50指数,000016.SH
2017-11-20,sh.000016,2941.153,4384076544,63399459328.0,上证50指数,000016.SH
2017-11-21,sh.000016,2987.173,6364868096,91543187456.0,上证50指数,000016.SH
2017-11-22,sh.000016,3012.355,7455572992,99081502720.0,上证50指数,000016.SH
2017-11-23,sh.000016,2940.725,6699098624,89773744128.0,上证50指数,000016.SH
2017-11-24,sh.000016,2936.833,4542629632,65421397504.0,上证50指数,000016.SH
2017-11-27,sh.000016,2917.306,5018719744,67344522240.0,上证50指数,000016.SH
2017-11-28,sh.000016,2897.107,3069371008,42668016384.0,上证50指数,000016.SH
2017-11-29,sh.000016,2893.282,3600523696,50246701568.0,上证50指数,000016.SH
2017-11-30,sh.000016,2863.446,3580217808,51612041728.0,上证50指数,000016.SH
2017-12-01,sh.000016,2842.184,3078984400,45681945088.0,上证50指数,000016.SH
2017-12-04,sh.000016,2861.36,2691190096,42169177856.0,上证50指数,000016.SH
2017-12-05,sh.000016,2910.475,5959997184,78760353792.0,上证50指数,000016.SH
2017-12-06,sh.000016,2875.731,3169388304,46136992512.0,上证50指数,000016.SH
2017-12-07,sh.000016,2848.888,2794052704,39788412928.0,上证50指数,000016.SH
2017-12-08,sh.000016,2865.34,2536492704,37958647296.0,上证50指数,000016.SH
2017-12-11,sh.000016,2899.103,2868775104,44155352576.0,上证50指数,000016.SH
2017-12-12,sh.000016,2850.196,2608653104,36558523392.0,上证50指数,000016.SH
2017-12-13,sh.000016,2872.94,2238164896,33848005120.0,上证50指数,000016.SH
2017-12-14,sh.000016,2850.045,2276671904,32316889344.0,上证50指数,000016.SH
2017-12-15,sh.000016,2820.166,2666741808,35570708736.0,上证50指数,000016.SH
2017-12-18,sh.000016,2829.058,2070257296,29731950848.0,上证50指数,000016.SH
2017-12-19,sh.000016,2873.03,2378916800,38584552448.0,上证50指数,000016.SH
2017-12-20,sh.000016,2879.643,2845812304,41956966144.0,上证50指数,000016.SH
2017-12-21,sh.000016,2895.365,2578156096,38962108416.0,上证50指数,000016.SH
2017-12-22,sh.000016,2880.772,1895688000,27835325440.0,上证50指数,000016.SH
2017-12-25,sh.000016,2880.096,2631409904,39860539136.0,上证50指数,000016.SH
2017-12-26,sh.000016,2894.335,2700102304,37479220480.0,上证50指数,000016.SH
2017-12-27,sh.000016,2839.634,3213867600,45980785920.0,上证50指数,000016.SH
2017-12-28,sh.000016,2859.053,3435148208,51738560512.0,上证50指数,000016.SH
2017-12-29,sh.000016,2860.436,2863140000,40451479040.0,上证50指数,000016.SH
