ts_code,ann_date,end_date,total_revenue_ps,revenue_ps,or_yoy,tr_yoy,saleexp_to_gr,adminexp_of_gr,finaexp_of_gr,roe,roe_dt,roe_yearly,roe_avg,roa,fixed_assets,total_fa_trun,debt_to_assets,assets_to_eqt,ocfps,ocf_to_or,ocf_to_profit,q_dtprofit,netprofit_margin,profit_dedt,netprofit_yoy,dt_netprofit_yoy,eps,bps,cfps,grossprofit_margin,update_flag,end_date_dt,ann_date_dt,year,trade_date,adj_close,close,total_share,total_mv,circ_mv,pe,pb,div_yield,hs300_close,hs300_pct_chg,cash_div_tax,stk_div,net_profit,operating_cash_flow,fixed_asset_delta,fcff,F1_profit_cagr,F2_gross_margin,F3_net_margin,F4_light_asset,F5_low_debt,F6_roe,F7_low_expense,F8_ocf_profit,F9_dividend_payout,F10_dividend_yield,F11_fcff_yield,future_fcff_1y,future_fcff_3y,fcff_growth_1y,fcff_growth_3y_ann,future_adj_close_1y,price_return_1y,history_year_count,rebalance_date,in_sz50_year_end,F1_profit_cagr_pos,F1_profit_cagr_z,F2_gross_margin_pos,F2_gross_margin_z,F3_net_margin_pos,F3_net_margin_z,F4_light_asset_pos,F4_light_asset_z,F5_low_debt_pos,F5_low_debt_z,F6_roe_pos,F6_roe_z,F7_low_expense_pos,F7_low_expense_z,F8_ocf_profit_pos,F8_ocf_profit_z,F9_dividend_payout_pos,F9_dividend_payout_z,F10_dividend_yield_pos,F10_dividend_yield_z,F11_fcff_yield_pos,F11_fcff_yield_z,value_equal_weight_score,target_fcff_growth_1y,target_fcff_growth_3y_ann,rule_profit_growth_positive,rule_net_margin_positive,rule_light_asset,rule_debt_control,rule_roe_quality,rule_expense_control,rule_cash_quality,rule_dividend_positive,rule_dividend_yield,rule_fcff_positive,traditional_rule_count,traditional_score
600000.SH,20150319,20141231,6.6038,6.6038,23.1625,23.1625,,23.1164,,20.2461,20.0842,20.2461,20.85,,13929000000.0,9.9887,93.7252,15.9368,10.248,1.5518,309.5626,12108000000.0,38.4475,46650000000.0,14.9162,15.48,2.521,13.1458,-4.1458,,1,2014-12-31,2015-03-19,2014,2014-12-31,7.618443846980149,15.69,1865347.1415,29267296.6501,23413837.3201,3.0219927992781237,0.5795344404281328,0.09936412411834798,3533.705,2.2025,0.757,0.0,46650000000.0,191160775060.91998,0.0,191160775060.91998,0.149162,,38.4475,0.0035642825904277854,93.7252,20.85,23.1164,309.5626,0.3002776675922253,0.09936412411834798,0.6531548757177983,353703829610.355,-144131465101.63,0.8502950173624011,-0.5846601114614954,9.28525436041999,0.21878621762114103,1,2014-12-31,True,0.149162,-0.007633431273739878,,0.14556856762403272,38.4475,1.354178084665542,-0.0035642825904277854,0.8495862533775622,-93.7252,-1.3308610513060632,20.85,1.041061456125565,-23.1164,-0.3611379257722002,309.5626,0.6578457076615348,0.3002776675922253,-0.18709399139087843,0.09936412411834798,2.293491531369922,0.6531548757177983,1.5098571166887524,0.5422602107063663,0.8502950173624011,-0.5846601114614954,True,True,True,False,True,True,True,True,True,True,9,9.005422602107064
600000.SH,20160407,20151231,7.8566,7.8566,18.9713,18.9713,,21.8588,,17.591,17.2285,17.591,18.43,,19062000000.0,8.8842,93.684,15.8328,19.237,2.4484,543.1153,13159000000.0,34.7984,49561000000.0,7.6086,6.24,2.665,15.2924,4.0692,,1,2015-12-31,2016-04-07,2015,2015-12-31,9.28525436041999,18.27,1865347.1415,34079892.2752,34079892.2752,3.4841479776435236,0.607180976198634,0.05546428563069601,3731.0047,-0.9075,0.515,0.1,49561000000.0,358836829610.355,5133000000.0,353703829610.355,0.076086,,34.7984,0.004220611949740117,93.684,18.43,21.8588,543.1153,0.19324577861163228,0.05546428563069601,1.0378666304287174,-194534943987.28204,-339781486977.41,-1.5499938866977618,-0.6535461390128928,9.32736027717928,0.00453470794928057,2,2015-12-31,True,0.076086,0.1765558086677725,,0.003852571770943522,34.7984,1.2216544583443376,-0.004220611949740117,0.8081107833276825,-93.684,-1.254120798080133,18.43,1.0151100716538255,-21.8588,-0.4327780624890351,543.1153,0.7471721157255099,0.19324577861163228,-0.9679270877457655,0.05546428563069601,0.9722498377179689,1.0378666304287174,2.470548500290106,0.43276619992574666,-1.5499938866977618,-0.6535461390128928,True,True,True,False,True,True,True,True,True,True,9,9.004327661999257
600000.SH,20170401,20161231,7.4379,7.4379,9.7182,9.7182,,23.1591,,15.5461,15.1327,15.5461,15.9,,21605000000.0,7.9077,93.633,15.706,-8.881,-1.194,-275.6144,11976000000.0,33.3835,51687000000.0,4.9304,4.29,2.404,15.6364,-0.7991,,1,2016-12-31,2017-04-01,2016,2016-12-30,9.32736027717928,16.21,2161827.9922,35043231.7536,33261004.8809,3.8799335595587685,0.5965158397827683,0.02144229385985321,3310.0808,0.3735,0.2,0.3,51687000000.0,-191991943987.28204,2543000000.0,-194534943987.28204,0.049303999999999994,,33.3835,0.004069403645811064,93.633,15.9,23.1591,-275.6144,0.0831946755407654,0.02144229385985321,-0.5551284349432111,-144131465101.63,-72574868128.98,0.25909730073455195,0.20897715231095848,9.538009077869743,0.02258396742815294,3,2016-12-31,True,0.049303999999999994,0.07287708173587427,,-0.09756969915376158,33.3835,1.281672772849976,-0.004069403645811064,0.8231123950753406,-93.633,-1.3060565102427775,15.9,0.8099558342033079,-23.1591,-0.4899797044508211,-275.6144,-1.6588843479566917,0.0831946755407654,-1.1733324327435077,0.02144229385985321,-0.3455645300581442,-0.5551284349432111,-1.993283965842835,-0.37064119150764,0.25909730073455195,0.20897715231095848,True,True,True,False,True,True,False,True,True,False,7,6.9962935880849235
600000.SH,20180428,20171231,5.7447,5.7447,4.8763,4.8763,,24.343,,13.6782,13.6247,13.6782,14.39,,25140000000.0,7.2144,92.9775,14.2399,-4.79,-0.8343,-200.175,12741000000.0,32.6191,54046000000.0,2.1827,4.56,1.84,13.4738,-3.4053,,1,2017-12-31,2018-04-28,2017,2017-12-29,9.538009077869743,12.59,2935208.0397,36954269.2198,35382638.7488,5.183700585798773,0.7078930277924373,0.010484368297784678,4030.8549,0.2975,0.1,0.0,54046000000.0,-140596465101.63,3535000000.0,-144131465101.63,0.05027727720245245,,32.6191,0.0044640530703061,92.9775,14.39,24.343,-200.175,0.05434782608695652,0.010484368297784678,-0.39002656024491145,-339781486977.41,124526698087.37001,-1.3574414284751992,0.6213266547998701,7.502840715052995,-0.2133745466377025,4,2017-12-31,True,0.05027727720245245,-0.37844223340242533,,-0.25585184959592944,32.6191,1.191900571753802,-0.0044640530703061,0.8965138243162457,-92.9775,-1.276689644908862,14.39,0.3628920012463449,-24.343,-0.8015401750859246,-200.175,-0.7295134546568162,0.05434782608695652,-1.211108577311588,0.010484368297784678,-0.789447965861382,-0.39002656024491145,-1.8204439519170683,-0.4374301323112366,-1.3574414284751992,0.6213266547998701,True,True,True,False,True,True,False,True,True,False,7,6.995625698676887
600000.SH,20190326,20181231,5.8443,5.8443,1.7335,1.7335,,25.1215,,12.4674,12.4069,12.4674,13.08,,26492000000.0,6.6448,92.3941,13.1477,-11.53,-1.9725,-517.8213,12609000000.0,32.9453,55643000000.0,3.0521,2.95,1.85,15.0464,1.3691,,1,2018-12-31,2019-03-26,2018,2018-12-28,7.502840715052995,9.8,2935208.0397,28765038.7891,27541688.621,4.055589575704322,0.4986468999264273,0.04664899779863283,3010.6536,0.6737,0.35,0.0,55643000000.0,-338429486977.41,1352000000.0,-339781486977.41,0.03933804624395565,,32.9453,0.004562401160332334,92.3941,13.08,25.1215,-517.8213,0.18918918918918917,0.04664899779863283,-1.1812307623453098,-72574868128.98,-263468970498.32,0.786407232558244,0.07486430682058078,9.76536500859976,0.3015556879686181,5,2018-12-31,True,0.03933804624395565,-0.46412057994904654,,-0.22433466610981484,32.9453,1.2274785614493955,-0.004562401160332334,0.882130340092755,-92.3941,-1.2286369773783787,13.08,0.03535287751300529,-25.1215,-0.7215842526684949,-517.8213,-2.438066655707808,0.18918918918918917,-1.1035961870847109,0.04664899779863283,0.171774480933844,-1.1812307623453098,-2.8243375582606864,-0.6079946015609037,0.786407232558244,0.07486430682058078,True,True,True,False,True,True,False,True,True,False,7,6.993920053984391
600000.SH,20200425,20191231,6.4966,6.4966,11.6016,11.6016,,22.5772,,11.4901,11.2254,11.4901,12.0,,30383000000.0,6.7055,91.9918,12.4872,-2.34,-0.3599,-98.2308,10440000000.0,31.2059,57554000000.0,5.36,3.43,1.95,16.7335,0.5942,,0,2019-12-31,2020-04-25,2019,2019-12-31,9.76536500859976,12.37,2935208.0397,36308523.4511,34764355.9431,5.0078794915896205,0.5835817377476177,0.06144163576800423,4096.5821,0.3662,0.6,0.0,57554000000.0,-68683868128.979996,3891000000.0,-72574868128.98,0.036489075220267786,,31.2059,0.004953816435258855,91.9918,12.0,22.5772,-98.2308,0.3076923076923077,0.06144163576800423,-0.19988383230930112,124526698087.37001,361441969994.64,2.7158377451828266,1.9934211815229004,8.057580766341095,-0.17488176230532337,6,2019-12-31,True,0.036489075220267786,-0.42722635225579414,,-0.15947457611490107,31.2059,1.070345143747666,-0.004953816435258855,0.98827720488183,-91.9918,-1.2543801456063244,12.0,-0.08002942709175026,-22.5772,-0.4828245760104674,-98.2308,-1.097609711514521,0.3076923076923077,-0.06331317819609782,0.06144163576800423,1.1600268745358153,-0.19988383230930112,-1.0597294304093574,-0.12781256127580928,2.7158377451828266,1.9934211815229004,True,True,True,False,True,True,False,True,True,False,7,6.9987218743872415
600000.SH,20210327,20201231,6.6907,6.6907,2.9871,2.9871,,23.781,,9.7856,9.716,9.7856,10.73,,32364000000.0,6.2596,91.8767,12.3103,4.31,0.6436,189.3805,13360000000.0,30.0396,57910000000.0,-0.9947,0.62,1.88,17.9036,3.868,,1,2020-12-31,2021-03-27,2020,2020-12-31,8.057580766341095,9.68,2935213.4127,28412865.8349,28412865.8349,4.28594721613888,0.45005366330464797,0.05957123036297723,5211.2885,1.9082,0.48,0.0,57910000000.0,126507698087.37001,1981000000.0,124526698087.37001,0.02328514455805797,,30.0396,0.005002804203931751,91.8767,10.73,23.781,189.3805,0.2553191489361702,0.05957123036297723,0.438275740331733,-263468970498.32,,-3.1157629210843267,,7.458473402835127,-0.07435325575743745,7,2020-12-31,True,0.02328514455805797,-0.19259302330173197,,-0.16648003056338787,30.0396,1.1829255728139625,-0.005002804203931751,0.9772477040934667,-91.8767,-1.344076480321082,10.73,-0.07114068079851518,-23.781,-0.4078030436832843,189.3805,-0.02873297819426679,0.2553191489361702,-0.3893276357307974,0.05957123036297723,1.2424767444817737,0.438275740331733,1.3449175822242447,0.19521943009276202,-3.1157629210843267,,True,True,True,False,True,True,True,True,True,True,9,9.001952194300928
600000.SH,20220428,20211231,6.5066,6.5066,-2.7507,-2.7507,,26.169,,8.1032,8.0339,8.1032,8.67,,38708000000.0,5.3743,91.6648,11.9973,-8.76,-1.3467,-434.4093,11286000000.0,28.1524,52550000000.0,-9.1247,-9.26,1.62,18.9872,-3.4918,,1,2021-12-31,2022-04-28,2021,2021-12-31,7.458473402835127,8.53,2935216.5582,25037397.2414,25037397.2414,4.603995927676004,0.39281586557444625,0.05497103466832102,4940.3733,0.3833,0.41,0.0,52550000000.0,-257124970498.32,6344000000.0,-263468970498.32,-0.018883165123041,,28.1524,0.005789167826789803,91.6648,8.67,26.169,-434.4093,0.2530864197530864,0.05497103466832102,-1.0523017546834583,361441969994.64,,2.3718578294476793,,6.995051257055219,-0.06213364595545123,8,2021-12-31,True,-0.018883165123041,-0.42303353657604886,,-0.2566092173720162,28.1524,0.8066046258157075,-0.005789167826789803,0.9872715350836764,-91.6648,-1.4865643993882,8.67,-0.5547822825846923,-26.169,-0.5533608698251209,-434.4093,-1.7859684775176956,0.2530864197530864,-0.6582289164631572,0.05497103466832102,0.7498049066584523,-1.0523017546834583,-3.183234367535651,-0.5780091817913405,2.3718578294476793,,False,True,True,False,True,True,False,True,True,False,6,5.994219908182086
600009.SH,20200328,20191231,5.6798,5.6798,17.5189,17.5189,0.0007,2.4216,-1.9069,16.6977,16.547,16.6977,16.55,18.968,20233855696.47,0.5932,12.702,1.1455,2.5351,0.4463,73.1887,1035636883.85,48.0678,4984816236.15,18.8773,17.72,2.61,16.6088,0.8274,51.2071,1,2019-12-31,2020-03-28,2019,2019-12-31,77.44815761379445,78.75,192695.8448,15174797.778,8611126.6264,29.6736236068178,4.663079669439963,0.010200371762740183,4096.5821,0.3662,0.79,0.0,4984816236.15,4885032361.5248,3566478266.7800007,1318554094.7447996,0.21124986116522337,51.2071,48.0678,0.5519159557257395,12.702,16.55,0.5154000000000003,73.1887,0.30268199233716475,0.010200371762740183,0.008689104883205775,-1217645043.2912,,-1.9234699191669262,,75.1704655300702,-0.02940924812030088,6,2019-12-31,True,0.21124986116522337,-0.12520505349585412,51.2071,1.4854973324896883,48.0678,2.2781290390105715,-0.5519159557257395,-1.1188530069451963,-12.702,2.0404846894900044,16.55,0.4651083940582044,-0.5154000000000003,1.2945321136731407,73.1887,-0.22014108328162668,0.30268199233716475,-0.09442065413021956,0.010200371762740183,-0.8624120414690076,0.008689104883205775,-0.1895968179079671,0.45028390104470345,-1.9234699191669262,,True,True,False,True,True,True,True,True,True,True,9,9.004502839010447
600009.SH,20210327,20201231,2.2333,2.2333,-60.6798,-60.6798,,5.4243,-6.415,-4.138,-4.5146,-4.138,-4.51,-5.0931,19492782029.98,0.2167,10.973,1.1233,-0.6319,-0.2829,,-634224441.79,-27.1545,-1381919631.3,-125.1809,-127.72,-0.66,15.1614,-1.4033,-53.3813,0,2020-12-31,2021-03-27,2020,2020-12-31,75.1704655300702,75.66,192695.8448,14579367.6176,8273242.4197,-113.8946447425306,4.958016115271031,0.0,5211.2885,1.9082,,,-1381919631.3,-1217645043.2912,0.0,-1217645043.2912,-1.251809,-53.3813,-27.1545,0.593972600782947,10.973,-4.51,-0.9907000000000004,,0.0,0.0,-0.008351837166251824,311011093.5072,,1.2554201614179459,,43.96226262495552,-0.4151657527334397,7,2020-12-31,True,-1.251809,-3.0081769448006015,-53.3813,-3.1214823729216215,-27.1545,-2.9147643699370045,-0.593972600782947,-1.3959120057672303,-10.973,2.050806221306009,-4.51,-1.988935093045648,0.9907000000000004,1.2777090803677547,,-0.2980460076824856,0.0,-1.4431572044095944,0.0,-1.0066740809559687,-0.008351837166251824,-0.6426451846211757,-1.1355707238606878,1.2554201614179459,,False,False,False,True,False,True,False,False,False,False,2,1.9886442927613932
600010.SH,20150429,20141231,1.8614,1.8614,-21.1237,-21.1237,2.1035,1.9972,3.4366,1.0578,1.5114,1.0578,1.0568,1.4657,64163583747.51,0.5013,81.5206,5.4114,0.1852,0.0995,570.8843,234776178.53,0.6757,286212785.56,-20.0904,99.28,0.0125,1.1843,0.0176,10.9036,1,2014-12-31,2015-04-29,2014,2014-12-31,2.878828571428571,4.08,1600518.2054,6530114.278,6422745.8565,230.30628571428568,2.4308271311564393,0.0,3533.705,2.2025,0.0125,1.0,286212785.56,2964159716.4008,0.0,2964159716.4008,-0.200904,10.9036,0.6757,0.6255422208902853,81.5206,1.0568,7.5373,570.8843,1.0,0.0,0.04539215686296754,-11071031831.639393,7330073249.7984,-4.734964674940755,0.3522870982634798,2.547198809523809,-0.11519607843137258,1,2014-12-31,True,-0.200904,-0.9238720368058261,10.9036,-1.742848684487546,0.6757,-1.2340183632258097,-0.6255422208902853,-1.1599258831668002,-81.5206,-0.8009963395657669,1.0568,-1.9076125331821006,-7.5373,0.9691787171355473,570.8843,2.0698434975754365,1.0,3.2241512220244846,0.0,-1.1639912233556147,0.04539215686296754,-0.470478036050092,-0.2855063330094625,-4.734964674940755,0.3522870982634798,False,True,False,True,False,True,True,True,False,True,6,5.997144936669906
600010.SH,20160420,20151231,0.691,0.691,-31.0949,-31.0949,2.9722,2.8271,3.6171,-10.0112,-14.4104,-10.0112,-13.6886,-2.9261,74261049524.73,0.3251,67.3616,3.0639,-0.0299,-0.0433,,-2492657836.11,-14.6764,-4759201524.54,-383.8865,-480.5,-0.1288,1.4464,0.1969,-14.2673,1,2015-12-31,2016-04-20,2015,2015-12-31,2.547198809523809,3.61,3256073.7606,11754426.2758,5682870.721,-19.77638827270038,1.7610611238411293,0.0,3731.0047,-0.9075,,,-4759201524.54,-973566054.4194,10097465777.219994,-11071031831.639393,-3.838865,-14.2673,-14.6764,0.5146403674982393,67.3616,-13.6886,9.416400000000001,,0.0,0.0,-0.09418606720459355,5807533965.440388,7147733119.2064,1.524570252688038,0.5485416122575321,1.968610714285714,-0.22714681440443207,2,2015-12-31,True,-3.838865,-4.161295235250232,-14.2673,-3.1968182085605656,-14.6764,-2.108763284919497,-0.5146403674982393,-0.7548702714753928,-67.3616,-0.1265558880075772,-13.6886,-3.11973760085958,-9.416400000000001,0.7242623619381474,,-0.3390717868503816,0.0,-2.2340163606090484,0.0,-1.2787357015951932,-0.09418606720459355,-0.9422425075220544,-1.5943494985192155,1.524570252688038,0.5485416122575321,False,False,False,True,False,True,False,False,False,False,2,1.9840565050148078
600010.SH,20170421,20161231,0.9529,0.9529,37.8968,37.8968,4.5928,2.0804,2.3719,0.1803,-0.992,0.1803,-0.99,0.6445,74913565900.32,0.416,66.4584,2.9814,0.1984,0.2082,,-280674552.66,0.2744,-467863760.09,102.5718,90.17,0.0026,1.4507,-0.1785,8.6016,1,2016-12-31,2017-04-21,2016,2016-12-30,1.968610714285714,2.79,3256073.7606,9084445.7921,4392024.7401,757.157967032967,1.3570074545293402,0.0,3310.0808,0.3735,0.0,0.4,-467863760.09,6460050341.030399,652516375.5900116,5807533965.440388,1.025718,8.6016,0.2744,0.53194701644208,66.4584,-0.99,9.045100000000001,,0.0,0.0,0.06392832428468807,7330073249.7984,-387472777.508,0.2621662298349653,-0.3555729953432778,2.42515,0.2319093777156116,3,2016-12-31,True,1.025718,0.2139279000067957,8.6016,-1.288599034629222,0.2744,-0.9691990673159351,-0.53194701644208,-0.8189703672864979,-66.4584,-0.09176953751287054,-0.99,-1.0895452870955578,-9.045100000000001,0.7261539275887603,,-0.11898884571190933,0.0,-1.5784543235447757,0.0,-1.2284125481900676,0.06392832428468807,-0.24614985523669003,-0.5900006399025427,0.2621662298349653,-0.3555729953432778,True,True,False,True,False,True,False,False,False,True,5,4.994099993600974
600010.SH,20180420,20171231,1.1777,1.1777,73.016,73.016,4.0624,1.9429,3.1264,4.2689,3.9291,4.2689,3.9308,3.0844,72111420804.84,0.7303,66.2191,2.9603,0.1608,0.1365,259.0311,642219257.75,3.8203,1897178801.59,2324.0454,505.5,0.0452,1.0823,0.0681,15.5156,1,2017-12-31,2018-04-20,2017,2017-12-29,2.42515,2.46,4558503.2648,11213918.0314,5421553.1202,53.6537610619469,2.240737318673196,0.00206172814052739,4030.8549,0.2975,0.005,0.0,1897178801.59,7330073249.7984,0.0,7330073249.7984,0.8784792882000139,15.5156,3.8203,0.4937400977909532,66.2191,3.9308,9.1317,259.0311,0.11061946902654868,0.00206172814052739,0.06536585365858322,7147733119.2064,3874727775.0800004,-0.024875621890547265,-0.1914424058956361,1.4590333333333334,-0.39837398373983735,4,2017-12-31,True,0.8784792882000139,2.6402247479867538,15.5156,-0.720360392382179,3.8203,-0.7711373175624323,-0.4937400977909532,-0.7055537081614258,-66.2191,-0.04569908988953563,3.9308,-1.029132110168849,-9.1317,0.6482356727633655,259.0311,0.2119458367178954,0.11061946902654868,-1.0170404372491495,0.00206172814052739,-1.109344785161565,0.06536585365858322,0.11015148024476087,-0.16251910026021463,-0.024875621890547265,-0.1914424058956361,True,True,False,True,False,True,True,True,False,True,7,6.998374808997398
600010.SH,20190419,20181231,1.4739,1.4739,25.1544,25.1544,3.4323,2.1992,3.7263,6.5297,6.3926,6.5297,6.3665,4.2214,70125064886.85,0.9447,64.6037,2.8252,0.1568,0.1064,168.0524,956312994.04,4.9556,3253977534.27,61.2494,71.52,0.073,1.151,0.0065,15.7213,1,2018-12-31,2019-04-19,2018,2018-12-28,1.4590333333333334,1.48,4558503.2648,6746584.8319,4688227.3149,19.98675799086758,1.2676223573704026,0.0047976971053894125,3010.6536,0.6737,0.007,0.0,3253977534.27,7147733119.2064,0.0,7147733119.2064,0.612494,15.7213,4.9556,0.4730711729842661,64.6037,6.3665,9.357800000000001,168.0524,0.09589041095890412,0.0047976971053894125,0.10594594594600876,-387472777.508,10972317358.3736,-1.0542091836734695,0.15356838188275757,1.3094714285714286,-0.10250753107895971,5,2018-12-31,True,0.612494,0.6856829437496966,15.7213,-0.6623946353556578,4.9556,-0.7898145569288286,-0.4730711729842661,-0.5915732773231478,-64.6037,-0.0556036346830421,6.3665,-0.7654005726748304,-9.357800000000001,0.5727791578067056,168.0524,0.14292980611545067,0.09589041095890412,-1.7470598064257554,0.0047976971053894125,-1.276300118505271,0.10594594594600876,0.18540387975891465,-0.39103189222416057,-1.0542091836734695,0.15356838188275757,True,True,False,True,False,True,True,True,False,True,7,6.996089681077758
600010.SH,20200430,20191231,1.3908,1.3908,-5.6411,-5.6411,3.8236,2.2353,3.7001,1.2701,1.2556,1.2701,1.0245,2.2442,68861830429.71,0.9123,58.5406,2.412,-0.0085,-0.0061,-28.0877,-521229491.86,1.4103,660307749.66,-79.9044,-79.71,0.012,1.1563,0.0142,12.8612,1,2019-12-31,2020-04-30,2019,2019-12-31,1.3094714285714286,1.32,4558503.2648,6017224.3095,4181391.9295,109.12261904761905,1.1324668585759998,0.0,4096.5821,0.3662,,,660307749.66,-387472777.508,0.0,-387472777.508,-0.799044,12.8612,1.4103,0.5416371737682398,58.5406,1.0245,9.759,-28.0877,0.0,0.0,-0.006439393939432465,3874727775.0800004,-44373579.68559933,11.0,0.2951598303490425,1.1606260714285714,-0.1136682740036874,6,2019-12-31,True,-0.799044,-1.871193219138587,12.8612,-0.893002267253175,1.4103,-1.0638536019272242,-0.5416371737682398,-1.0792547780229427,-58.5406,0.13567484976223895,1.0245,-1.3950096811645694,-9.759,0.5498433622222436,-28.0877,-0.7385585549249689,0.0,-1.973678170856274,0.0,-1.2650100103357236,-0.006439393939432465,-0.2527104719656678,-0.8951593221458772,11.0,0.2951598303490425,False,True,False,True,False,True,False,False,False,False,3,2.9910484067785412
600010.SH,20210430,20201231,1.3001,1.3001,-6.5166,-6.5166,0.4129,2.7514,4.202,0.7696,0.874,0.7696,0.6635,1.9262,66908410446.47,0.873,57.2762,2.3406,0.085,0.0654,506.2449,249760285.43,1.1164,461018620.54,-39.2215,-30.18,0.0089,1.1581,-0.0579,9.6658,1,2020-12-31,2021-04-30,2020,2020-12-31,1.1606260714285714,1.17,4558503.2648,5333448.8198,3706233.7557,130.40742375601926,1.0021812204719553,0.0,5211.2885,1.9082,,,461018620.54,3874727775.0800004,0.0,3874727775.0800004,-0.375972970806967,9.6658,1.1164,0.5414834407816193,57.2762,0.6635,7.3663,506.2449,0.0,0.0,0.0726495726497906,10972317358.3736,-6311104654.196395,1.8317647058823527,-0.8762621978921769,2.7677464285714284,1.3847012372940344,7,2020-12-31,True,-0.375972970806967,-1.0848958932618025,9.6658,-0.737054453229451,1.1164,-0.8892865216533823,-0.5414834407816193,-1.1844153204650134,-57.2762,0.10783040301859419,0.6635,-1.3379042930613607,-7.3663,0.7090833978068269,506.2449,1.6946045657741873,0.0,-1.4431572044095944,0.0,-1.0066740809559687,0.0726495726497906,-0.2821762070576945,-0.49582232795405984,1.8317647058823527,-0.8762621978921769,False,True,False,True,False,True,True,False,False,True,5,4.995041776720459
600010.SH,20220415,20211231,1.8906,1.8906,45.4172,45.4172,0.3194,2.4572,2.4726,5.3053,5.2949,5.3053,5.28,3.7458,60083163789.44,1.3573,56.6104,2.3047,0.2407,0.1273,289.8999,-939217278.49,3.6754,2860791649.68,606.0948,520.54,0.0631,1.2124,0.0388,11.1824,0,2021-12-31,2022-04-15,2021,2021-12-31,2.7677464285714284,2.79,4558503.2648,12718224.1088,8837942.0328,43.86285940683722,2.282865744450205,0.006864790720661085,4940.3733,0.3833,0.019,0.0,2860791649.68,10972317358.3736,0.0,10972317358.3736,-0.04201827035062056,11.1824,3.6754,0.47170468909847035,56.6104,5.28,5.2492,289.8999,0.3011093502377179,0.006864790720661085,0.08627240143363749,-44373579.68559933,,-1.0040441392858306,,1.919977142857143,-0.30630309083331064,8,2021-12-31,True,-0.04201827035062056,-0.45417477326882655,11.1824,-1.068197416176679,3.6754,-0.9844841768379207,-0.47170468909847035,-1.0229705960700373,-56.6104,0.10679956058035778,5.28,-0.824129773913793,-5.2492,0.8240689274851686,289.8999,0.2875784346191858,0.3011093502377179,-0.3843997613698098,0.006864790720661085,-0.8649321074181284,0.08627240143363749,-0.010172189720597247,-0.39954671564464356,-1.0040441392858306,,False,True,False,True,False,True,True,True,True,True,7,6.996004532843553
600010.SH,20230422,20221231,1.5832,1.5832,-16.2577,-16.2577,0.3073,3.0843,2.6821,-1.3556,-1.5561,-1.3556,-1.54,0.2945,62192539348.08,1.1805,58.1556,2.3898,0.0453,0.0286,,63506052.04,-2.0021,-837904070.21,-125.4655,-129.29,-0.0161,1.1501,0.0055,7.7327,1,2022-12-31,2023-04-22,2022,2022-12-30,1.919977142857143,1.92,4558503.2648,8752326.2684,6082024.6247,-119.25323868677907,1.6694001763821782,0.0,3871.6338,0.3872,,,-837904070.21,2065001978.9544,2109375558.6399994,-44373579.68559933,-1.254655,7.7327,-2.0021,0.4963852398862316,58.1556,-1.54,6.0737000000000005,,0.0,0.0,-0.00050699183651104,-6311104654.196395,,-141.22662897409995,,1.72,-0.10415600185716511,9,2022-12-31,True,-1.254655,-2.6066125465573324,7.7327,-1.1421799993645017,-2.0021,-1.2735644909535846,-0.4963852398862316,-1.030669975652839,-58.1556,0.012367054566421096,-1.54,-1.2110381893956381,-6.0737000000000005,0.7164380651516369,,-0.1962166333779098,0.0,-1.8416924292828656,0.0,-1.1049636116057107,-0.00050699183651104,-0.48762232797815036,-0.9241595531318612,-141.22662897409995,,False,False,False,True,False,True,False,False,False,False,2,1.9907584044686815
600015.SH,20150417,20141231,6.1634,6.1634,21.376,21.376,,37.5731,,19.2436,19.1697,19.2436,19.24,,9359000000.0,6.2974,94.486,18.1357,1.45,0.2347,53.9199,4816000000.0,32.8378,17912000000.0,15.9616,15.73,2.02,11.3934,0.4358,,1,2014-12-31,2015-04-17,2014,2014-12-31,6.235199972405705,13.46,890464.3509,11985650.1631,8732426.4476,3.086732659606785,0.5472642031707572,0.06976520431182988,3533.705,2.2025,0.435,0.2,17912000000.0,12911733088.05,0.0,12911733088.05,0.159616,,32.8378,0.005086572533411579,94.486,19.24,37.5731,53.9199,0.21534653465346534,0.06976520431182988,0.10772659732553444,-290164168.35000014,,-1.0224729063380773,,6.934391114637048,0.1121361215880261,1,2014-12-31,True,0.159616,0.019728147349241065,,0.14556856762403272,32.8378,0.9697906418183357,-0.005086572533411579,0.8446679758513091,-94.486,-1.3638913081511888,19.24,0.8012131686942578,-37.5731,-1.5956115867362117,53.9199,-0.7234667796199363,0.21534653465346534,-0.7004118463672706,0.06976520431182988,1.2635649286088417,0.10772659732553444,-0.26736738143981265,-0.05511049748803653,-1.0224729063380773,,True,True,True,False,True,False,True,True,True,True,8,7.99944889502512
600015.SH,20160419,20151231,5.5066,5.5066,7.2133,7.2133,,35.0095,,17.234,17.0597,17.234,17.01,,11252000000.0,5.71,94.141,17.0678,0.15,0.0273,6.441,4815000000.0,32.2072,18692000000.0,5.0164,4.35,1.77,11.0124,10.3631,,1,2015-12-31,2016-04-19,2015,2015-12-31,6.934391114637048,12.14,1068557.2211,12972284.6642,9451262.146,3.9177350930152812,0.629689360596877,0.05234778281164196,3731.0047,-0.9075,0.363,0.0,18692000000.0,1602835831.6499999,1893000000.0,-290164168.35000014,0.050164,,32.2072,0.005602378117754597,94.141,17.01,35.0095,6.441,0.20508474576271185,0.05234778281164196,-0.0022368008092728247,139754140241.99,,482.6381741298139,,5.803411344704482,-0.1630971993410213,2,2015-12-31,True,0.050164,0.1261836707607998,,0.003852571770943522,32.2072,1.0472267000442483,-0.005602378117754597,0.8038796102210426,-94.141,-1.273697172723143,17.01,0.8109133761846168,-35.0095,-1.655684536281435,6.441,-0.8760922162772422,0.20508474576271185,-0.8903616712101395,0.05234778281164196,0.8457683965680822,-0.0022368008092728247,-0.6650437250051993,-0.15664136326794778,227.14683099480155,,True,True,True,False,True,False,False,True,True,False,6,5.99843358636732
600016.SH,20150331,20141231,3.9665,3.9665,16.8985,16.8985,,33.2748,,20.3474,20.3246,20.3474,20.39,,33375000000.0,4.9393,93.8294,16.2059,6.71,1.6916,385.2839,7729000000.0,33.6365,44496000000.0,5.3645,5.52,1.31,7.0314,-0.7282,,1,2014-12-31,2015-03-31,2014,2014-12-31,5.677785340209768,10.88,3415310.3037,37158576.1043,29614841.7084,4.334187282602876,0.807490021931588,0.01937375110344274,3533.705,2.2025,0.185,0.0,44496000000.0,229167321378.27,0.0,229167321378.27,0.053645,,33.6365,0.008575829670238868,93.8294,20.39,33.2748,385.2839,0.1412213740458015,0.01937375110344274,0.6167279411757403,220763601799.84,-259935708701.6,-0.03667067157694171,-0.7114205567330764,5.122650939339487,-0.09777305192199659,1,2014-12-31,True,0.053645,-0.2576330395893383,,0.14556856762403272,33.6365,1.02451910334071,-0.008575829670238868,0.8333947390816185,-93.8294,-1.3353849114049885,20.39,0.9725333740023344,-33.2748,-1.2285749783178583,385.2839,1.066990100375219,0.1412213740458015,-1.1484191568354185,0.01937375110344274,-0.489860485236129,0.6167279411757403,1.3911635266704658,0.08857243997369527,-0.03667067157694171,-0.7114205567330764,True,True,True,False,True,True,True,True,True,True,9,9.000885724399737
600016.SH,20160331,20151231,4.2326,4.2326,13.9929,13.9929,,31.2177,,17.0352,16.9381,17.0352,16.89,,37726000000.0,4.3438,93.1474,14.593,6.17,1.4578,373.6448,7603000000.0,30.4497,45848000000.0,3.5132,3.04,1.3,8.2559,-0.1555,,1,2015-12-31,2016-03-31,2015,2015-12-31,5.122650939339487,9.64,3648534.8752,35171876.1969,28487905.6476,3.940500722568836,0.6204836467664927,0.0312338283233935,3731.0047,-0.9075,0.235,0.0,45848000000.0,225114601799.84,4351000000.0,220763601799.84,0.035132,,30.4497,0.008582488934230467,93.1474,16.89,31.2177,373.6448,0.18076923076923077,0.0312338283233935,0.6276708144995057,1023339834806.4,-396380239073.06,3.6354554213798016,-0.9318321133880373,5.01253876537444,-0.02149515461212448,2,2015-12-31,True,0.035132,0.09697319406079156,,0.003852571770943522,30.4497,0.9289198209100995,-0.008582488934230467,0.7947540685531654,-93.1474,-1.2311346216393477,16.89,0.7936573174125708,-31.2177,-1.3030784569604845,373.6448,0.234579248922176,0.18076923076923077,-1.0496697446830552,0.0312338283233935,-0.011129077010125596,0.6276708144995057,1.233934166900797,0.044696226203411876,3.6354554213798016,-0.9318321133880373,True,True,True,False,True,True,True,True,True,True,9,9.000446962262034
600016.SH,20170331,20161231,4.2541,4.2541,0.509,0.509,,30.9811,,14.8625,14.8756,14.8625,15.13,,43273000000.0,3.8324,94.0293,16.7485,28.2,6.6288,1710.0273,8641000000.0,31.4269,47885000000.0,3.7562,4.44,1.31,9.1188,1.2291,,1,2016-12-31,2017-03-31,2016,2016-12-30,5.01253876537444,9.08,3648534.8752,33128696.6668,26833006.5644,3.8263654697514813,0.5496928066603545,0.032917451160634444,3310.0808,0.3735,0.28,0.0,47885000000.0,1028886834806.4,5547000000.0,1023339834806.4,0.037562000000000005,,31.4269,0.007765776630946844,94.0293,15.13,30.9811,1710.0273,0.2137404580152672,0.032917451160634444,3.0889830804359484,-259935708701.6,-87825891893.88,-1.2540072220981955,-0.36194093395849464,4.794340326526196,-0.043530523964325774,3,2016-12-31,True,0.037562000000000005,0.07118085584384778,,-0.09756969915376158,31.4269,1.1486562957343607,-0.007765776630946844,0.8116139904925077,-94.0293,-1.3237650294957886,15.13,0.7233592762755325,-30.9811,-1.1639627900263922,1710.0273,3.6650139135811846,0.2137404580152672,-0.5376312428724496,0.032917451160634444,0.12690450459653413,3.0889830804359484,4.441534025276207,0.715030372750162,-1.2540072220981955,-0.36194093395849464,True,True,True,False,True,True,True,True,True,True,9,9.007150303727501
600016.SH,20180330,20171231,3.9545,3.9545,-7.0079,-7.0079,,31.7166,,13.807,13.7815,13.807,14.0,,45987000000.0,3.2328,93.3954,15.141,-7.05,-1.7817,-422.4539,9540000000.0,35.2936,49721000000.0,4.1176,3.83,1.35,10.1159,-1.7049,,1,2017-12-31,2018-03-30,2017,2017-12-29,4.794340326526196,8.39,3648534.8752,30611207.6029,24793934.4796,3.551363204834219,0.4739410558157155,0.018772134197909705,4030.8549,0.2975,0.21,0.2,49721000000.0,-257221708701.6,2714000000.0,-259935708701.6,0.03770273423659609,,35.2936,0.00822919758729665,93.3954,14.0,31.7166,-422.4539,0.15555555555555553,0.018772134197909705,-0.8491520885865822,-396380239073.06,-82310946783.76,-0.5249164535838939,0.22778037795716252,3.9830036081343927,-0.16922801952602906,4,2017-12-31,True,0.03770273423659609,-0.42427447861922896,,-0.25585184959592944,35.2936,1.374204863424853,-0.00822919758729665,0.884185373228474,-93.3954,-1.295914671552554,14.0,0.3109865588174855,-31.7166,-1.5043116141937936,-422.4539,-1.1852272086368925,0.15555555555555553,-0.8620660615457277,0.018772134197909705,-0.47467375005090284,-0.8491520885865822,-3.157606094919669,-0.5991408121494441,-0.5249164535838939,0.22778037795716252,True,True,True,False,True,True,False,True,True,False,7,6.994008591878505
600016.SH,20190330,20181231,3.5807,3.5807,8.6553,8.6553,,30.0678,,12.5968,12.6416,12.5968,12.94,,47012000000.0,3.3714,92.8104,13.909,-9.03,-2.5228,-667.0456,7529000000.0,32.1046,50506000000.0,1.0319,1.58,1.14,9.3687,0.6607,,1,2018-12-31,2019-03-30,2018,2018-12-28,3.9830036081343927,5.73,4378241.8502,25087325.8016,20319796.601,3.493862814152976,0.42513941188578913,0.08661804857404969,3010.6536,0.6737,0.345,0.0,50506000000.0,-395355239073.06,1025000000.0,-396380239073.06,0.032779303654342895,,32.1046,0.008240123864683523,92.8104,12.94,30.0678,-667.0456,0.3026315789473684,0.08661804857404969,-1.580001958789007,-87825891893.88,152993585682.1,0.7784301959672311,0.46199227458956865,4.630734356444949,0.1626236910726646,5,2018-12-31,True,0.032779303654342895,-0.4772780204172993,,-0.22433466610981484,32.1046,1.1668870465485361,-0.008240123864683523,0.8705619905138239,-92.8104,-1.2462090087476314,12.94,0.018654362129628888,-30.0678,-1.127726829426076,-667.0456,-2.99960938626892,0.3026315789473684,-0.32120597699725734,0.08661804857404969,1.5547223519164395,-1.580001958789007,-3.14984149635178,-0.5395799666554865,0.7784301959672311,0.46199227458956865,True,True,True,False,True,True,False,True,True,False,7,6.994604200333445
600016.SH,20200331,20191231,4.1214,4.1214,15.0999,15.0999,,26.7367,,11.464,11.4429,11.464,12.38,,49900000000.0,3.7238,92.0556,12.5875,-1.94,-0.4707,-130.7938,8175000000.0,30.4388,53720000000.0,6.9386,6.36,1.22,10.255,0.1513,,1,2019-12-31,2020-03-31,2019,2019-12-31,4.630734356444949,6.31,4378241.8502,27626706.0748,22376599.7474,3.795683898725368,0.45155868907313,0.07990093395986807,4096.5821,0.3662,0.37,0.0,53720000000.0,-84937891893.88,2888000000.0,-87825891893.88,0.0390716700354663,,30.4388,0.008829287313726994,92.0556,12.38,26.7367,-130.7938,0.30327868852459017,0.07990093395986807,-0.31790214749485224,-82310946783.76,,0.06279406893793595,,4.0554405369769695,-0.12423382020765206,6,2019-12-31,True,0.0390716700354663,-0.4227631162040713,,-0.15947457611490107,30.4388,1.0153993175918845,-0.008829287313726994,0.9733472468710813,-92.0556,-1.257031336257318,12.38,-0.03450143323746824,-26.7367,-0.8179248466474491,-130.7938,-1.2642944290708535,0.30327868852459017,-0.0907159547301578,0.07990093395986807,1.8885960023685646,-0.31790214749485224,-1.5520827831390773,-0.15649508259725145,0.06279406893793595,,True,True,True,False,True,True,False,True,True,False,7,6.998435049174027
600016.SH,20210331,20201231,4.2244,4.2244,2.4994,2.4994,,26.1875,,6.5451,6.573,6.5451,6.81,,49757000000.0,3.7118,92.2125,12.8411,-1.88,-0.4455,-221.5644,-3022000000.0,18.9791,34455000000.0,-36.2511,-35.86,0.71,10.4992,0.3031,,0,2020-12-31,2021-03-31,2020,2020-12-31,4.0554405369769695,5.2,4378241.8502,22766857.621,18440304.0708,5.711888080249253,0.3862618615682118,0.05252203750933942,5211.2885,1.9082,0.213,0.0,34455000000.0,-82310946783.76,0.0,-82310946783.76,-0.11507975034655893,,18.9791,0.00842938718908979,92.2125,6.81,26.1875,-221.5644,0.3,0.05252203750933942,-0.3615384615390967,152993585682.1,,2.8587270789635206,,3.194243217305376,-0.212356046604385,7,2020-12-31,True,-0.11507975034655893,-0.5018250415720076,,-0.16648003056338787,18.9791,0.3904924440157635,-0.00842938718908979,0.9634408353370308,-92.2125,-1.3581673267373324,6.81,-0.5644316319801925,-26.1875,-0.5715457390384205,-221.5644,-2.2637482549888897,0.3,-0.2049074612120078,0.05252203750933942,0.9763298506065918,-0.3615384615390967,-2.2143810552178658,-0.5013839464864289,2.8587270789635206,,False,True,True,False,False,True,False,True,True,False,5,4.994986160535135
600018.SH,20150328,20141231,1.2647,1.2647,2.1888,2.1888,0.0122,7.4075,3.4599,12.9649,11.918,12.9649,12.0739,11.8024,37329083025.3,0.7694,36.1182,1.5654,0.4486,0.3547,114.366,1745970628.83,27.2694,6220143316.9,28.7511,21.89,0.2974,2.3978,0.1668,36.5863,1,2014-12-31,2015-03-28,2014,2014-12-31,4.874706314243759,6.42,2275517.965,14608825.3353,14608825.3353,16.391077048566775,2.032991206207256,0.03159164677265094,3533.705,2.2025,0.154,0.0,6220143316.9,10207973590.99,0.0,10207973590.99,0.287511,36.5863,27.2694,0.43704762834556266,36.1182,12.0739,10.8796,114.366,0.5178211163416274,0.03159164677265094,0.06987538940809969,9328937342.420002,,-0.08611270794684199,,4.999559471365639,0.025612447001589045,1,2014-12-31,True,0.287511,0.35447169986369886,36.5863,0.6264264225974213,27.2694,0.5882331544749154,-0.43704762834556266,-0.550929730623215,-36.1182,1.170156306839493,12.0739,-0.26635006892157254,-10.8796,0.6837760099451086,114.366,-0.3968587726732699,0.5178211163416274,1.1277234685001758,0.03159164677265094,-0.06472551876664852,0.06987538940809969,-0.3907018264247925,0.2619291949828467,-0.08611270794684199,,True,True,False,True,True,True,True,True,True,True,9,9.002619291949829
600018.SH,20160329,20151231,1.2735,1.2735,2.544,2.544,0.0396,7.9092,2.8777,11.4958,9.9637,11.4958,9.9966,11.0994,37668202746.86,0.787,31.8433,1.4672,0.4172,0.3276,112.5978,1345441159.41,26.6522,5687842921.1,-3.0162,-8.56,0.2853,2.5722,0.1002,33.1729,1,2015-12-31,2016-03-29,2015,2015-12-31,4.999559471365639,6.48,2317367.465,15016541.1732,14745356.4132,17.523867758028878,1.9436900207470797,0.0308027138954974,3731.0047,-0.9075,0.154,0.0,5687842921.1,9668057063.98,339119721.55999756,9328937342.420002,-0.030162,33.1729,26.6522,0.4307109785189927,31.8433,9.9966,10.8265,112.5978,0.539782684893095,0.0308027138954974,0.062124408243020325,2036966001.7350001,,-0.781650800410822,,4.282030102790014,-0.1435185185185187,2,2015-12-31,True,-0.030162,-0.02990738508039646,33.1729,0.6854178020624426,26.6522,0.6732894519132686,-0.4307109785189927,-0.49786602450067724,-31.8433,1.3949310867906954,9.9966,-0.19761697874760167,-10.8265,0.5931347095170093,112.5978,-0.5550025962981416,0.539782684893095,1.3024803842639683,0.0308027138954974,-0.028625603503677242,0.062124408243020325,-0.47101445767092087,0.26083821715872446,-0.781650800410822,,False,True,False,True,True,True,True,True,True,True,8,8.002608382171587
600019.SH,20180410,20171231,13.0006,12.9824,17.4365,17.4809,1.1629,3.3271,1.1642,13.42,12.5909,13.42,12.0,8.8968,164754631837.46,1.979,50.1841,2.0074,1.4854,0.1144,132.7116,6511000000.0,7.0576,17986000000.0,111.2218,99.98,0.86,7.3807,0.3094,14.0674,1,2017-12-31,2018-04-10,2017,2017-12-29,5.630022927476771,8.64,2210128.3675,19095509.0952,19085523.4584,6.5465382877636875,0.7628033828060714,0.07992862654320987,4030.8549,0.2975,0.45,0.0,17986000000.0,32829246770.845,36932144254.12999,-4102897483.2849884,0.4587651050888666,14.0674,7.0576,0.503139786556661,50.1841,12.0,5.6542,132.7116,0.5232558139534884,0.07992862654320987,-0.021486190615972244,45606916967.5125,,12.11578272508951,,4.453209846747918,-0.20902456275720172,4,2017-12-31,True,0.4587651050888666,1.1104321015618919,14.0674,-0.8339367268911266,7.0576,-0.5504703953613875,-0.503139786556661,-0.7363317042424184,-50.1841,0.6919733251178971,12.0,0.04480480277205297,-5.6542,0.9796731903256978,132.7116,-0.04703301168330803,0.5232558139534884,0.40604877427609026,0.07992862654320987,1.8480857428808448,-0.021486190615972244,-0.2580499979333696,0.24138146371116953,12.11578272508951,,True,True,False,True,True,True,True,True,True,False,8,8.002413814637112
600019.SH,20190425,20181231,13.706,13.6869,5.4261,5.4256,1.1444,4.2454,1.4305,12.641,12.0951,12.641,12.16,8.9411,158950335724.69,1.8857,43.5326,1.7709,2.0481,0.1496,161.8194,5671000000.0,7.6377,20634000000.0,12.4924,14.7,0.97,7.938,-0.1727,14.9926,1,2018-12-31,2019-04-25,2018,2018-12-28,4.453209846747918,6.5,2226791.5125,14474144.8313,14365706.5013,4.59093798633806,0.5609989728833357,0.11227856247671307,3010.6536,0.6737,0.5,0.0,20634000000.0,45606916967.5125,0.0,45606916967.5125,1.6692211824493697,14.9926,7.6377,0.5077813661751209,43.5326,12.16,6.8203000000000005,161.8194,0.5154639175257733,0.11227856247671307,0.3150923076912192,29504750212.725,,-0.35306413643916496,,4.364571014842524,-0.01990448125190525,5,2018-12-31,True,1.6692211824493697,2.805574798673513,14.9926,-0.7107380977842999,7.6377,-0.5965083809854552,-0.5077813661751209,-0.7007548772053178,-43.5326,0.8338079199281804,12.16,-0.07438022357775345,-6.8203000000000005,0.7811342491926635,161.8194,0.11947453884606218,0.5154639175257733,1.1466574772963454,0.11227856247671307,2.442588147614399,0.3150923076912192,0.6744404413287749,0.611026908484283,-0.35306413643916496,,True,True,False,True,True,True,True,True,True,True,9,9.006110269084843
600028.SH,20150323,20141231,23.8917,23.8917,-1.8886,-1.8886,1.6375,2.4948,0.3404,8.1437,7.4239,8.1437,7.42,5.2861,881152000000.0,3.3025,55.4148,2.2429,1.27,0.0525,226.5497,-6079000000.0,1.7308,43238000000.0,-29.3976,-35.1,0.406,5.0261,-0.0481,14.0449,1,2014-12-31,2015-03-23,2014,2014-12-31,3.550877192982456,6.49,11679560.1173,75800345.1613,59242123.5099,8.746002938380434,0.7064875734630144,0.03097826086956522,3533.705,2.2025,0.2,0.0,43238000000.0,148330413489.71,0.0,148330413489.71,-0.293976,14.0449,1.7308,0.6692421855464019,55.4148,7.42,4.4727,226.5497,0.49261083743842365,0.03097826086956522,0.19568567026188205,162408699634.312,190929297611.742,0.09491166250661509,0.08779599580084918,2.8045289233514032,-0.2101870126925396,1,2014-12-31,True,-0.293976,-1.1674722707448044,14.0449,-1.4530581292154754,1.7308,-1.1617208801254502,-0.6692421855464019,-1.3011135426247307,-55.4148,0.33239125132208125,7.42,-0.9596605936896214,-4.4727,1.2308683130592581,226.5497,0.20930266154502922,0.49261083743842365,0.9753542978300961,0.03097826086956522,-0.08606894830651614,0.19568567026188205,0.01923862240718452,-0.3056308380493589,0.09491166250661509,0.08779599580084918,False,True,False,True,False,True,True,True,True,True,7,6.9969436916195065
600028.SH,20160330,20151231,16.6752,16.6752,-28.5582,-28.5582,2.3217,3.5604,0.4466,5.0726,4.5519,5.0726,4.52,4.1481,884853000000.0,2.2864,45.5611,1.8369,1.372,0.0821,318.3848,4224000000.0,2.147,28901000000.0,-32.0957,-33.2,0.266,5.5783,0.4829,21.1063,1,2015-12-31,2016-03-30,2015,2015-12-31,2.8045289233514032,4.96,12107120.9646,60051319.9844,47396654.4388,10.543341817110537,0.5027569193753301,0.021393967272157845,3731.0047,-0.9075,0.15,0.0,28901000000.0,166109699634.312,3701000000.0,162408699634.312,-0.320957,21.1063,2.147,0.713251781554037,45.5611,4.52,6.3286999999999995,318.3848,0.5639097744360901,0.021393967272157845,0.270449841363191,214538183492.712,175916467615.638,0.32097716425153017,0.02698886677897283,3.1505432420686654,0.12337698350558512,2,2015-12-31,True,-0.320957,-0.5949859223328511,21.1063,-0.3020440772252412,2.147,-0.9762887754313375,-0.713251781554037,-1.3630479018715285,-45.5611,0.8073057211935877,4.52,-0.98515474100582,-6.3286999999999995,1.0113929572014257,318.3848,0.06743581204347311,0.5639097744360901,1.4605539498303794,0.021393967272157845,-0.41047407322376067,0.270449841363191,0.15702270556137465,-0.1025713041145726,0.32097716425153017,0.02698886677897283,False,True,False,True,False,True,True,True,True,True,7,6.9989742869588545
600028.SH,20170327,20161231,15.9486,15.9486,-4.4281,-4.4281,2.5661,3.8404,0.3424,6.6901,4.2826,6.6901,4.33,5.7667,820175000000.0,2.265,44.4468,1.8001,1.772,0.1111,272.0004,1376000000.0,3.0644,29713000000.0,43.7874,2.8,0.383,5.8828,0.4587,22.7222,1,2016-12-31,2017-03-27,2016,2016-12-30,3.1505432420686654,5.41,12107120.9646,65499524.4185,51696754.1359,8.225961467542207,0.5355516492263319,0.053958948326758086,3310.0808,0.3735,0.249,0.0,29713000000.0,214538183492.712,0.0,214538183492.712,0.437874,22.7222,3.0644,0.639712637223207,44.4468,4.33,6.748899999999999,272.0004,0.6501305483028721,0.053958948326758086,0.32754158964872854,190929297611.742,112267222621.482,-0.1100451467268623,-0.19415881442701222,3.7324870193737274,0.18471220122754262,3,2016-12-31,True,0.437874,0.12900912864992092,22.7222,-0.04582331557088638,3.0644,-0.779525157905444,-0.639712637223207,-1.1541997158518216,-44.4468,0.8918106855241426,4.33,-0.49124179595820033,-6.748899999999999,0.9240061343259922,272.0004,0.3945416404048014,0.6501305483028721,1.5873987227486415,0.053958948326758086,0.9932504372218559,0.32754158964872854,0.4978331819572086,0.26791454050420094,-0.1100451467268623,-0.19415881442701222,True,True,False,True,False,True,True,True,True,True,8,8.002679145405041
600028.SH,20180326,20171231,19.4943,19.4943,22.2321,22.2321,2.375,3.3441,0.0661,7.1024,6.3331,7.1024,6.37,5.6213,769419000000.0,2.9696,46.4702,1.8681,1.577,0.0809,219.5538,8864000000.0,2.9783,45582000000.0,10.1323,53.4,0.422,6.0068,-0.0929,19.9049,1,2017-12-31,2018-03-26,2017,2017-12-29,3.7324870193737274,6.13,12107120.9646,74216651.513,58576913.6512,8.844755970079923,0.6213769426939014,0.10716715099711609,4030.8549,0.2975,0.5,0.0,45582000000.0,190929297611.742,0.0,190929297611.742,0.01775347335395594,19.9049,2.9783,0.5663419508437887,46.4702,6.37,5.7852,219.5538,1.1848341232227488,0.10716715099711609,0.25725938009787236,175916467615.638,167562554150.064,-0.07863031071655043,-0.04258227029230799,3.33825110363915,-0.10562284977503456,4,2017-12-31,True,0.01775347335395594,-0.49698641885831385,19.9049,-0.37612575278811433,2.9783,-0.8285313028258553,-0.5663419508437887,-0.9432785525078761,-46.4702,0.8628271811887489,6.37,-0.7044968404958395,-5.7852,0.9671876936181018,219.5538,0.13100991081580723,1.1848341232227488,2.6876823872019946,0.10716715099711609,2.882620897244163,0.25725938009787236,0.9236669326203585,0.46414328501937957,-0.07863031071655043,-0.04258227029230799,True,True,False,True,False,True,True,True,True,True,8,8.004641432850194
600028.SH,20190325,20181231,23.88,23.88,22.4976,22.4976,2.0544,2.8136,-0.0346,8.7284,8.2499,8.7284,8.2,6.1898,754775000000.0,3.7937,46.1374,1.8566,1.453,0.0608,173.3134,2480000000.0,2.777,59630000000.0,23.416,30.8,0.521,5.9333,-0.0107,16.9539,1,2018-12-31,2019-03-25,2018,2018-12-28,3.33825110363915,5.05,12107120.9646,61140960.8712,48256674.3782,6.407391753626007,0.56262975134228,0.0778850936996814,3010.6536,0.6737,0.42000000000000004,0.0,59630000000.0,175916467615.638,0.0,175916467615.638,0.273065199558405,16.9539,2.777,0.5659290290595551,46.1374,8.2,4.8334,173.3134,0.8061420345489444,0.0778850936996814,0.2877227722773689,112267222621.482,184371449941.56,-0.3618151606660498,0.015770802144999152,3.6257050710217524,0.08610915070745828,5,2018-12-31,True,0.273065199558405,0.004757572155809295,16.9539,-0.5806214066064544,2.777,-0.9468321308113211,-0.5659290290595551,-0.8836595020290221,-46.1374,0.7238592595615498,8.2,-0.5467096587075412,-4.8334,0.9442793648871498,173.3134,0.1627273612420755,0.8061420345489444,3.028036065957278,0.0778850936996814,1.2525580243532026,0.2877227722773689,0.6104436145187556,0.34262168768377105,-0.3618151606660498,0.015770802144999152,True,True,False,True,True,True,True,True,True,True,9,9.003426216876838
600028.SH,20200330,20191231,24.4996,24.4996,2.5946,2.5946,2.1413,2.4107,0.336,7.9026,7.447,7.9026,7.45,5.8789,795905000000.0,3.8257,50.0359,2.0014,1.267,0.0517,170.4193,12725000000.0,2.4315,54271000000.0,-8.7147,-9.0,0.476,6.1053,-0.4263,16.0927,1,2019-12-31,2020-03-30,2019,2019-12-31,3.6257050710217524,5.11,12107120.9646,61867388.1291,48830021.0045,7.617027460129733,0.593861902121395,0.05240360047996306,4096.5821,0.3662,0.31,0.0,54271000000.0,153397222621.482,41130000000.0,112267222621.482,0.22238245278691982,16.0927,2.4315,0.5379964958914961,50.0359,7.45,4.888,170.4193,0.6512605042016807,0.05240360047996306,0.1814642997166966,167562554150.064,43408344155.451996,0.4925331743087176,-0.27148234615874434,3.0461671126969967,-0.15984145068959987,6,2019-12-31,True,0.22238245278691982,-0.10596572722498347,16.0927,-0.6925604610478424,2.4315,-0.990707105159809,-0.5379964958914961,-1.0652293422668806,-50.0359,0.4890852122936585,7.45,-0.6251672482417048,-4.888,0.9422639460118191,170.4193,0.2775665941078258,0.6512605042016807,2.0697939512133217,0.05240360047996306,0.8033051065309993,0.1814642997166966,0.5311933942811865,0.1485071200452355,0.4925331743087176,-0.27148234615874434,True,True,False,True,False,True,True,True,True,True,8,8.001485071200452
600028.SH,20210329,20201231,17.3946,17.3946,-28.8471,-28.8471,3.0598,3.6267,0.4514,4.4443,-0.2113,4.4443,-0.21,3.2685,714050000000.0,2.7895,49.021,1.9616,1.384,0.0795,332.8326,8692000000.0,1.9824,-1565000000.0,-42.8591,-102.9,0.272,6.1325,0.224,19.3672,0,2020-12-31,2021-03-29,2020,2020-12-31,3.0461671126969967,4.03,12107120.9646,48791697.4873,38509781.7315,11.199143796680135,0.496725171251039,0.04267658181264435,5211.2885,1.9082,0.2,0.0,-1565000000.0,167562554150.064,0.0,167562554150.064,-0.428591,19.3672,1.9824,0.49027498178132484,49.021,-0.21,7.1379,332.8326,0.7352941176470588,0.04267658181264435,0.34342431761813347,184371449941.56,116478791218.80801,0.10031415358136914,-0.11415726498660161,3.405750360255267,0.11804449140674511,7,2020-12-31,True,-0.428591,-1.2024920463610589,19.3672,-0.29792403157724556,1.9824,-0.8272416692923462,-0.49027498178132484,-0.9780790152598476,-49.021,0.45423527298711197,-0.21,-1.4478251210861552,-7.1379,0.7246241547646964,332.8326,0.7514631867618379,0.7352941176470588,1.591768636760961,0.04267658181264435,0.6046082213552578,0.34342431761813347,0.9228138750954186,0.02690467855896639,0.10031415358136914,-0.11415726498660161,False,True,False,True,False,True,True,True,True,True,7,7.00026904678559
600028.SH,20220328,20211231,22.6386,22.6386,30.2253,30.2253,2.1121,2.7004,0.3287,9.3845,9.5179,9.3845,9.35,6.4936,754871000000.0,3.7318,51.5131,2.0624,1.86,0.0822,200.3078,13500000000.0,3.1023,72220000000.0,114.0242,4714.6965,0.588,6.402,0.1737,19.1301,0,2021-12-31,2022-03-28,2021,2021-12-31,3.405750360255267,4.23,12107120.9646,51213121.6803,40420937.1525,5.792092449413719,0.5319822493369676,0.09102252578981301,4940.3733,0.3833,0.47,0.0,72220000000.0,225192449941.56,40821000000.0,184371449941.56,0.06593541496497735,19.1301,3.1023,0.472218818177578,51.5131,9.35,5.1411999999999995,200.3078,0.7993197278911565,0.09102252578981301,0.36000822424476736,43408344155.451996,94895158175.634,-0.764560379770235,-0.198598543047521,3.914615613348887,0.14941355039759285,8,2021-12-31,True,0.06593541496497735,-0.30886264984424716,19.1301,-0.6674519024732986,3.1023,-1.02642040238847,-0.472218818177578,-1.0251888607306618,-51.5131,0.33849241834279914,9.35,-0.5007538772443417,-5.1411999999999995,0.831180009718723,200.3078,0.031094846799427707,0.7993197278911565,2.4564207673823386,0.09102252578981301,1.959911378281209,0.36000822424476736,0.8633397821245035,0.2683419554516347,-0.764560379770235,-0.198598543047521,True,True,False,True,True,True,True,True,True,True,9,9.002683419554517
600028.SH,20230327,20221231,27.6753,27.6753,21.062,21.062,1.765,2.109,0.3006,8.4966,7.3278,8.4966,7.33,5.4727,826803000000.0,4.1958,51.9073,2.0793,0.962,0.035,120.5935,1730000000.0,2.2831,57182000000.0,-6.8897,-20.82,0.548,6.5521,-0.1264,15.0325,1,2022-12-31,2023-03-27,2022,2022-12-30,3.914615613348887,4.36,11989640.7646,52274833.7337,41470345.3761,7.1434591484468735,0.5974596867185921,0.04981331994258839,3871.6338,0.3872,0.355,0.0,57182000000.0,115340344155.452,71932000000.0,43408344155.451996,0.017568932618444055,15.0325,2.2831,0.5061720986332405,51.9073,7.33,4.1746,120.5935,0.6478102189781021,0.04981331994258839,0.08303870343535488,116478791218.80801,,1.6833272147327123,,5.281465724284636,0.3491658558441275,9,2022-12-31,True,0.017568932618444055,-0.2946170242978191,15.0325,-0.7572476969410096,2.2831,-0.9833598785187363,-0.5061720986332405,-1.0712514728224087,-51.9073,0.28462000776557733,7.33,-0.5599208960561602,-4.1746,0.8692280478219971,120.5935,-0.1673107240416213,0.6478102189781021,1.249768126842303,0.04981331994258839,0.3764418640531583,0.08303870343535488,-0.24749977361489897,-0.1182863108917835,1.6833272147327123,,True,True,False,True,False,True,True,True,True,True,8,7.998817136891082
600028.SH,20240325,20231231,26.9144,26.9144,-3.1931,-3.1931,1.9041,2.2923,0.3089,7.5989,7.6276,7.5989,7.59,4.8981,871207000000.0,3.7835,52.6981,2.1141,1.348,0.0503,186.1512,10413000000.0,2.1806,60692000000.0,-9.867,4.7,0.505,6.7516,0.2373,15.6452,1,2023-12-31,2024-03-25,2023,2023-12-29,5.281465724284636,5.58,11934925.1646,66596882.4185,52994359.8437,10.458347968880467,0.7822539434037318,0.03786827567210798,3431.1099,0.4853,0.345,0.0,60692000000.0,160882791218.808,44404000000.0,116478791218.80801,-0.09867000000000001,15.6452,2.1806,0.511410246633909,52.6981,7.59,4.5053,186.1512,0.6831683168316831,0.03786827567210798,0.17490126712966264,94895158175.634,,-0.1853009703940752,,6.68,0.26480040744840627,10,2023-12-31,True,-0.09867000000000001,-0.31541749686669246,15.6452,-0.697344483537694,2.1806,-1.0362992832576077,-0.511410246633909,-1.0190866821335112,-52.6981,0.3151235407504731,7.59,-0.6913198277106405,-4.5053,0.8180078234140795,186.1512,-0.07303954037732545,0.6831683168316831,1.3515060660093943,0.03786827567210798,0.23477677283987947,0.17490126712966264,-0.1363641101673951,-0.11358702009427635,-0.1853009703940752,,False,True,False,True,False,True,True,True,True,True,7,6.998864129799057
600028.SH,20250324,20241231,25.3506,25.3506,-4.2853,-4.2853,1.9977,2.382,0.3634,6.1896,5.9121,6.1896,5.91,4.0462,925852000000.0,3.4218,53.1703,2.1354,1.233,0.0486,206.7066,4090000000.0,1.8717,48057000000.0,-16.7871,-20.8,0.415,6.7605,-0.2512,15.4697,1,2024-12-31,2025-03-24,2024,2024-12-31,6.68,6.68,12128155.5698,81016079.2063,63354339.0005,16.096385542168676,0.9880925967014274,0.02095808383233533,3934.9109,-1.604,0.28600000000000003,0.0,48057000000.0,149540158175.634,54645000000.0,94895158175.634,-0.12696218083081,15.4697,1.8717,0.5287967221838986,53.1703,5.91,4.7431,206.7066,0.6891566265060242,0.02095808383233533,0.11713126468881838,,,,,,,11,2024-12-31,True,-0.12696218083081,-0.5367433670274097,15.4697,-0.7080148677452287,1.8717,-1.0835566987804237,-0.5287967221838986,-1.0152676453141893,-53.1703,0.40602822215428414,5.91,-0.7224242587225984,-4.7431,0.8238516779680977,206.7066,0.3546724808890823,0.6891566265060242,1.2537078951397356,0.02095808383233533,-0.2670979387118433,0.11713126468881838,-0.06201216351179867,-0.14153242396929927,,,False,True,False,True,False,True,True,True,True,True,7,6.998584675760307
600029.SH,20170331,20161231,11.692,11.692,2.9525,2.9525,5.577,2.6692,5.084,12.3072,10.7734,12.3072,10.75,5.1837,175776000000.0,0.6787,72.7089,3.6642,2.6877,0.2299,759.8042,-1480000000.0,5.1293,4425000000.0,29.8818,33.48,0.51,4.3981,-0.0778,16.0577,1,2016-12-31,2017-03-31,2016,2016-12-30,6.797142857142857,7.02,981756.7,6891932.034,4929900.3,13.327731092436975,1.5454725579552209,0.014712063892391762,3310.0808,0.3735,0.1,0.0,4425000000.0,26386674825.9,13259000000.0,13127674825.900002,0.298818,16.0577,5.1293,1.1109932835263416,72.7089,10.75,13.3302,759.8042,0.19607843137254902,0.014712063892391762,0.19047887821785217,8208077231.2024,38122691313.2022,-0.374750110734886,0.42669754512018954,11.681740152851264,0.7186250750306609,3,2016-12-31,True,0.298818,0.10892137633842063,16.0577,-0.6323762084836718,5.1293,-0.6391460698976578,-1.1109932835263416,-2.6202248072166996,-72.7089,-0.37107082338454067,10.75,0.2307710636474075,-13.3302,0.3569280365123249,759.8042,2.223690524148433,0.19607843137254902,-0.6236376318915915,0.014712063892391762,-0.6226696862126497,0.19047887821785217,0.11100768516153653,-0.2252551401162444,-0.374750110734886,0.42669754512018954,True,True,False,True,True,True,True,True,True,True,9,8.997747448598837
600029.SH,20180327,20171231,12.6377,12.6377,11.0502,11.0502,5.4648,2.823,0.8793,12.7491,11.2358,12.7491,11.31,5.471,188972000000.0,0.6991,71.5269,3.5121,2.1217,0.1679,264.8682,-1326000000.0,5.3597,5212000000.0,16.9699,17.79,0.6,4.9161,0.2358,12.3948,1,2017-12-31,2018-03-27,2017,2017-12-29,11.681740152851264,11.92,1008817.3272,12025102.5402,8370998.8,19.469566921418775,2.3762210192736646,0.008560368463220109,4030.8549,0.2975,0.1,0.0,5212000000.0,21404077231.2024,13196000000.0,8208077231.2024,0.5421860713738567,12.3948,5.3597,1.0849190750038074,71.5269,11.31,9.167100000000001,264.8682,0.16666666666666669,0.008560368463220109,0.06825785646120473,138767271.82759857,,-0.9830938150411055,,6.593156966490299,-0.4356014703099649,4,2017-12-31,True,0.5421860713738567,1.4144884949734033,12.3948,-0.9651118250127022,5.3597,-0.6662058437922261,-1.0849190750038074,-2.6412884646358084,-71.5269,-0.289878550093867,11.31,-0.04702790306362118,-9.167100000000001,0.6448617293782593,264.8682,0.22391299488431207,0.16666666666666669,-0.823746358144225,0.008560368463220109,-0.8625226094315411,0.06825785646120473,0.1224118676163509,-0.3536460424837877,-0.9830938150411055,,True,True,False,True,True,True,True,True,True,True,9,8.996463539575162
600029.SH,20190330,20181231,11.7081,11.7081,12.6552,12.6552,4.9338,2.7551,3.5565,5.2061,4.0874,5.2061,4.32,3.2534,208419000000.0,0.7228,68.3027,3.1548,1.5966,0.1364,488.5258,-1316000000.0,2.4063,2342000000.0,-49.5604,-55.07,0.28,5.299,0.0043,10.451,1,2018-12-31,2019-03-30,2018,2018-12-28,6.593156966490299,6.64,1226717.2286,8145402.3979,4663039.6,23.54698916603678,1.2442266402133042,0.007583620449827732,3010.6536,0.6737,0.05,0.0,2342000000.0,19585767271.8276,19447000000.0,138767271.82759857,-0.10936220812457109,10.451,2.4063,1.0163120886658152,68.3027,4.32,11.2454,488.5258,0.17857142857142858,0.007583620449827732,0.0017036269670774613,38122691313.2022,,273.72393750426255,,6.63,0.005588071647157022,5,2018-12-31,True,-0.10936220812457109,-0.7624269576938462,10.451,-1.012037218088844,2.4063,-0.9735494789423409,-1.0163120886658152,-2.3003483328072405,-68.3027,-0.21173849904735673,4.32,-1.009497085046828,-11.2454,0.4177876029298057,488.5258,1.3488963149762947,0.17857142857142858,-1.1768248274377235,0.007583620449827732,-1.1799058663735351,0.0017036269670774613,-0.058340763074646716,-0.6289077373278419,128.40769845080075,,False,True,False,True,False,True,True,True,True,True,7,6.993710922626722
600030.SH,20150324,20141231,2.6502,2.6502,81.1793,81.1793,,48.4514,,12.1392,10.3421,12.1392,10.38,,1296018310.08,10.8829,78.9145,4.7426,2.7623,1.0423,230.89,4966355895.65,40.625,9658872150.82,116.2,83.36,1.03,8.9951,6.0466,,1,2014-12-31,2015-03-24,2014,2014-12-31,25.754941257774703,33.9,1101690.84,37347319.476,33271703.163,25.004797337645343,2.863219003432391,0.010943531075417122,3533.705,2.2025,0.28185,0.0,9658872150.82,30432006073.320004,0.0,30432006073.320004,1.162,,40.625,0.002757584986789263,78.9145,10.38,48.4514,230.89,0.2736407766990291,0.010943531075417122,0.08148377581120944,83614706790.73001,-109337998813.37001,1.7475910260163796,-1.5309540066680822,14.888044229440222,-0.42193445209486025,1,2014-12-31,True,1.162,2.643298897915348,,0.14556856762403272,40.625,1.5033845764208575,-0.002757584986789263,0.852192565475165,-78.9145,-0.6878520804121375,10.38,-0.5186972826357902,-48.4514,-2.5245216994220123,230.89,0.2327545754410558,0.2736407766990291,-0.3480855056144648,0.010943531075417122,-0.7831991587670742,0.08148377581120944,-0.35287703897489814,0.014724219731825609,1.7475910260163796,-1.5309540066680822,True,True,True,True,True,False,True,True,True,True,9,9.000147242197318
600030.SH,20160324,20151231,4.6227,4.6227,91.8431,91.8431,,35.895,,16.622,16.8545,16.622,16.63,,3927042128.87,21.4485,76.9948,4.3468,7.1178,1.5397,311.874,4116390636.01,36.349,20076797281.24,74.64,107.86,1.71,11.4829,6.3395,,1,2015-12-31,2016-03-24,2015,2015-12-31,14.888044229440222,19.35,1211690.84,23446217.754,18991370.3895,8.706458613707733,1.2965404409548302,0.03358399480109548,3731.0047,-0.9075,0.5,0.0,20076797281.24,86245730609.52,2631023818.79,83614706790.73001,0.7464,,36.349,0.006493106024847027,76.9948,16.63,35.895,311.874,0.29239766081871343,0.03358399480109548,0.35662343354490544,-49456520626.759995,57410833347.380005,-1.5914811224601821,-0.1177932156918099,12.721720033786378,-0.1455076410486521,2,2015-12-31,True,0.7464,1.479123097031884,,0.003852571770943522,36.349,1.326033773727217,-0.006493106024847027,0.8011520691557995,-76.9948,-0.5392104442680605,16.63,0.756269190073138,-35.895,-1.7380287219554424,311.874,0.04774277026225971,0.29239766081871343,-0.318313236677493,0.03358399480109548,0.08425105267386541,0.35662343354490544,0.4168096051672518,0.21088015699648752,-1.5914811224601821,-0.1177932156918099,True,True,True,True,True,False,True,True,True,True,9,9.002108801569966
600030.SH,20170323,20161231,3.1363,3.1363,-32.1557,-32.1557,,44.6611,,7.3555,7.3393,7.3555,7.34,,3991409044.71,9.5983,75.5977,4.098,-4.0763,-1.2997,-347.7802,2362966989.38,28.8963,10342364843.01,-47.65,-48.49,0.86,11.7766,-3.806,,1,2016-12-31,2017-03-23,2016,2016-12-30,12.721720033786378,16.06,1211690.84,19459754.8904,15762346.6902,14.79269771370509,1.0802540660111049,0.02751200302085481,3310.0808,0.3735,0.35,0.0,10342364843.01,-49392153710.92,64366915.84000015,-49456520626.759995,-0.4765,,28.8963,0.006825626722957957,75.5977,7.34,44.6611,-347.7802,0.4069767441860465,0.02751200302085481,-0.25414770589509417,-109337998813.37001,21976436765.08,-1.2107903554017763,0.4814529104660938,14.635107118175535,0.1504031749879402,3,2016-12-31,True,-0.4765,-0.003079515004979065,,-0.09756969915376158,28.8963,0.97661730105544,-0.006825626722957957,0.8145385395177388,-75.5977,-0.5001557853277582,7.34,-0.15272797860416928,-44.6611,-2.3427007867885767,-347.7802,-1.929489030647696,0.4069767441860465,0.403345437619101,0.02751200302085481,-0.09565513424203227,-0.25414770589509417,-1.1438405335298967,-0.3700651986460537,-1.2107903554017763,0.4814529104660938,False,True,True,True,False,False,False,True,True,False,5,4.996299348013539
600030.SH,20180323,20171231,3.5728,3.5728,13.9203,13.9203,,39.2517,,7.8178,7.8289,7.8178,7.82,,9136112526.48,6.5956,75.5197,4.0849,-8.599,-2.4068,-641.2539,3490239726.56,27.6669,11449551584.4,10.3,10.71,0.94,12.3628,-3.2832,,1,2017-12-31,2018-03-23,2017,2017-12-29,14.635107118175535,18.1,1211690.84,21931604.204,17764537.677,15.569262891676102,1.1838019799863733,0.027331538933748883,4030.8549,0.2975,0.4,0.0,11449551584.4,-104193295331.6,5144703481.7699995,-109337998813.37001,0.05832897598452558,,27.6669,0.014930396541549725,75.5197,7.82,39.2517,-641.2539,0.4255319148936171,0.027331538933748883,-0.4985408171529394,57410833347.380005,101825507458.0359,1.52507667938367,0.6437637069245029,13.272207632649929,-0.09312535087857354,4,2017-12-31,True,0.05832897598452558,-0.3490950488571234,,-0.25585184959592944,27.6669,0.8543394151961724,-0.014930396541549725,0.86224321319607,-75.5197,-0.47356289176157385,7.82,-0.5115150673629009,-39.2517,-2.222475478632019,-641.2539,-1.6338085601319772,0.4255319148936171,0.06902119982695211,0.027331538933748883,-0.14958253174228311,-0.4985408171529394,-2.2804804442146103,-0.5537061858253839,1.52507667938367,0.6437637069245029,True,True,True,True,False,False,False,True,True,False,6,5.994462938141746
600030.SH,20190322,20181231,3.0718,3.0718,-14.0233,-14.0233,,41.1264,,6.1992,5.9402,6.1992,5.94,,9378741037.14,4.0206,75.9878,4.1645,4.7581,1.549,479.0296,1702993878.92,26.5348,8997577184.1,-17.87,-21.42,0.77,12.6386,1.3758,,1,2018-12-31,2019-03-22,2018,2018-12-24,13.272207632649929,16.01,1211690.84,19399170.3484,15713273.3817,17.23663328915575,1.050132738804134,0.026370895459696706,3038.1981,0.2906,0.35,0.0,8997577184.1,57653461858.04,242628510.65999985,57410833347.380005,-0.2347375878907606,,26.5348,0.014705875475287785,75.9878,5.94,41.1264,479.0296,0.45454545454545453,0.026370895459696706,0.2959447868971114,21976436765.08,28291929277.873497,-0.6172074940611724,-0.21012887529572744,21.299946248944178,0.6048533023659026,5,2018-12-31,True,-0.2347375878907606,-1.0139414931279336,,-0.22433466610981484,26.5348,0.7654565485173668,-0.014705875475287785,0.8502238408122405,-75.9878,-0.5361267245478146,5.94,-0.8162714070391875,-41.1264,-2.0357526870027267,479.0296,1.3131613704802951,0.45454545454545453,0.726514626365793,0.026370895459696706,-0.529857354527388,0.2959447868971114,0.6296687433962751,-0.07920538207117227,-0.6172074940611724,-0.21012887529572744,False,True,True,True,False,False,True,True,True,True,7,6.999207946179288
600030.SH,20200320,20191231,3.5603,3.5603,15.9024,15.9024,,40.7105,,7.77,7.7176,7.77,7.71,,9016489785.69,4.6903,79.1026,4.7853,1.8137,0.5094,129.1907,1678453742.16,29.3197,12146253697.96,30.23,34.99,1.01,13.3388,3.1218,,1,2019-12-31,2020-03-20,2019,2019-12-31,21.299946248944178,25.3,1211690.84,30655778.252,24831094.101,21.089055692023937,1.5968412637526745,0.02347423764155201,4096.5821,0.3662,0.5,0.0,12146253697.96,21976436765.08,0.0,21976436765.08,0.05505272764626379,,29.3197,0.011657884269275316,79.1026,7.71,40.7105,129.1907,0.49504950495049505,0.02347423764155201,0.07168774703557312,101825507458.0359,78043129169.8478,3.6333947830812154,0.5256648204612797,25.142722874913613,0.1804125034428159,6,2019-12-31,True,0.05505272764626379,-0.3951446790983311,,-0.15947457611490107,29.3197,0.9352404412381689,-0.011657884269275316,0.9624502913526439,-79.1026,-0.718773146565797,7.71,-0.5940165156045646,-40.7105,-1.9436909632064245,129.1907,0.06652407510641287,0.49504950495049505,1.099928871790049,0.02347423764155201,-0.33850648526766697,0.07168774703557312,0.07322334379635273,-0.09202175841582343,3.6333947830812154,0.5256648204612797,True,True,True,True,False,False,True,True,True,True,8,7.9990797824158415
600030.SH,20210319,20201231,4.207,4.207,26.0619,26.0619,,37.0422,,8.6809,8.6793,8.6809,8.43,,8590852620.07,6.1773,82.3467,5.6647,7.8771,1.8724,493.3803,2342178866.26,28.5321,14899634549.74,21.86,22.67,1.16,14.057,8.1253,,0,2020-12-31,2021-03-19,2020,2020-12-31,25.142722874913613,29.4,1292677.6029,38004721.5253,28855105.398,21.67476109906346,1.7886265116962092,0.01590917586730846,5211.2885,1.9082,0.4,0.0,14899634549.74,101825507458.0359,0.0,101825507458.0359,0.09176469481300864,,28.5321,0.008345963571207496,82.3467,8.43,37.0422,493.3803,0.3448275862068966,0.01590917586730846,0.2679285714282894,28291929277.873497,-41312443565.776596,-0.7221528280668467,-0.46857267429709654,22.96045611610228,-0.08679516413827681,7,2020-12-31,True,0.09176469481300864,-0.03954792071138869,,-0.16648003056338787,28.5321,1.0749202437905654,-0.008345963571207496,0.9637769774787144,-82.3467,-0.9441784268759839,8.43,-0.3605715960326626,-37.0422,-1.3101195330427406,493.3803,1.6246375762097662,0.3448275862068966,-0.01988163751581656,0.01590917586730846,-0.4060127245266211,0.2679285714282894,0.5868459641510411,0.09121717203286236,-0.7221528280668467,-0.46857267429709654,True,True,True,True,True,False,True,True,True,True,9,9.000912171720328
600030.SH,20220329,20211231,5.9198,5.9198,40.7133,40.7133,,36.7584,,11.8192,11.9288,11.8192,12.07,,8757220770.04,8.8222,83.2788,5.9804,2.2015,0.3719,87.7647,5782678128.53,31.3695,23313845883.89,55.01,56.47,1.77,15.3483,2.295,,0,2021-12-31,2022-03-29,2021,2021-12-31,22.96045611610228,26.41,1292677.6029,34139615.4926,25920521.5497,12.972009105142531,1.495960863164147,0.023518696548074907,4940.3733,0.3833,0.54,0.0,23313845883.89,28458297427.8435,166368149.97000122,28291929277.873497,0.37350247643856815,,31.3695,0.007380496217558174,83.2788,12.07,36.7584,87.7647,0.3050847457627119,0.023518696548074907,0.08287125929700635,78043129169.8478,172563037003.46146,1.7584944244464666,0.8270975583055102,18.864583582891807,-0.17838811705217028,8,2021-12-31,True,0.37350247643856815,0.10514102837689861,,-0.2566092173720162,31.3695,1.0420138584429488,-0.007380496217558174,0.9804055792835942,-83.2788,-1.105386853394079,12.07,-0.28464025588293923,-36.7584,-1.2506024828251294,87.7647,-0.29109269063253124,0.3050847457627119,-0.36173185695861715,0.023518696548074907,-0.30592612479081766,0.08287125929700635,-0.021025494720228168,-0.1590413191339015,1.7584944244464666,0.8270975583055102,True,True,True,True,True,False,True,True,True,True,9,8.99840958680866
600030.SH,20230331,20221231,4.3931,4.3931,-14.9172,-14.9172,,44.0114,,9.2225,9.0629,9.2225,8.52,,9236312809.6,7.2369,80.2512,5.0636,5.2982,1.206,272.5526,4730537085.91,34.049,20948320173.28,-7.72,-10.15,1.42,16.1503,2.4579,,1,2022-12-31,2023-03-31,2022,2022-12-30,18.864583582891807,19.91,1482054.6829,29507708.7365,22631066.5399,13.284918016120992,1.1680639729845146,0.025974599325074867,3871.6338,0.3872,0.49,0.0,20948320173.28,78522221209.40779,479092039.55999947,78043129169.8478,0.19922944969587553,,34.049,0.0076206921816266565,80.2512,8.52,44.0114,272.5526,0.34507042253521125,0.025974599325074867,0.2644838671371023,-41312443565.776596,,-1.52935401239316,,19.711490439990786,0.04489401281388661,9,2022-12-31,True,0.19922944969587553,0.03551220160814583,,-0.27740325293390655,34.049,1.1679074364593625,-0.0076206921816266565,0.9960065731757012,-80.2512,-0.9503895916745204,8.52,-0.47256694125638815,-44.0114,-2.3357974809245707,272.5526,0.3261139698422926,0.34507042253521125,-0.19495767718857798,0.025974599325074867,-0.332501271963234,0.2644838671371023,0.27400017971176643,-0.16037053228581177,-1.52935401239316,,True,True,True,True,True,False,True,True,True,True,9,8.998396294677143
600030.SH,20240327,20231231,4.053,4.053,-7.7417,-7.7417,,48.2661,,7.5564,7.4285,7.5564,7.68,,9712221642.75,6.3401,81.1334,5.3004,-2.7554,-0.6798,-156.3815,3201770139.22,34.1935,19386903206.87,-7.49,-7.45,1.3,17.0087,-0.6987,,1,2023-12-31,2024-03-27,2023,2023-12-29,19.711490439990786,20.37,1482054.6829,30189453.8907,23153933.9738,15.162684953839065,1.1589063502790211,0.02409761968259474,3431.1099,0.4853,0.475,0.0,19386903206.87,-40836534732.626595,475908833.1499996,-41312443565.776596,0.0917191838712419,,34.1935,0.00726899868850993,81.1334,7.68,48.2661,-156.3815,0.36538461538461536,0.02409761968259474,-0.13684395787796308,172563037003.46146,,5.177023243098924,,29.17,0.4798475076658706,10,2023-12-31,True,0.0917191838712419,-0.1869304807694686,,-0.23699518527097743,34.1935,1.1509310885497013,-0.00726899868850993,0.8749674622774027,-81.1334,-0.8894182474323977,7.68,-0.6799960638846405,-48.2661,-2.5517318880148543,-156.3815,-1.08909107680028,0.36538461538461536,0.02459367197997768,0.02409761968259474,-0.42259494595340924,-0.13684395787796308,-1.1717532297697453,-0.47072899046260824,4.9277306078731895,,True,True,True,True,False,False,False,True,True,False,6,5.995292710095374
600030.SH,20250327,20241231,4.3041,4.3041,6.195,6.195,,47.1619,,7.7244,7.6756,7.7244,8.03,,9141746114.64,6.7667,82.5355,5.7259,11.6435,2.7052,605.3522,4827573799.79,35.4127,21566439605.45,10.06,11.24,1.41,17.7016,5.6126,,1,2024-12-31,2025-03-27,2024,2024-12-31,29.17,29.17,1482054.6829,43231535.1002,35518999.1912,20.68794326241135,1.647873638541149,0.009598902982516285,3934.9109,-1.604,0.52,0.0,21566439605.45,172563037003.46146,0.0,172563037003.46146,-0.025635369266183483,,35.4127,0.006085673465564864,82.5355,8.03,47.1619,605.3522,0.3687943262411348,0.009598902982516285,0.39916009598896507,,,,,,,11,2024-12-31,True,-0.025635369266183483,-0.13562749728444384,,-0.25359485323030834,35.4127,1.0232970121285605,-0.006085673465564864,0.8333468232025505,-82.5355,-0.8243991395767489,8.03,-0.5049187656975443,-47.1619,-2.2795909632331357,605.3522,3.0368291264259093,0.3687943262411348,-0.3064130950638511,0.009598902982516285,-1.0030084440843572,0.39916009598896507,1.2386076393609715,0.07495707663160021,,,False,True,True,True,True,False,True,True,True,True,8,8.000749570766317
600031.SH,20150421,20141231,3.9867,3.9867,-18.6541,-18.6541,9.4589,8.3403,4.0519,2.9753,1.0668,2.9753,1.06,3.0272,17574442000.0,1.6874,60.7347,2.5468,0.1617,0.0406,171.7158,-1056278000.0,2.4896,254287000.0,-75.5749,-89.46,0.093,3.1229,-0.1024,25.7735,1,2014-12-31,2015-04-21,2014,2014-12-31,8.693803474002815,9.98,761650.4037,7601271.0289,7578518.7247,93.48175778497651,2.7838878843391766,0.005521173804254372,3533.705,2.2025,0.048,0.0,254287000.0,1231588702.7829,0.0,1231588702.7829,-0.755749,25.7735,2.4896,0.29011684726898823,60.7347,1.06,21.8511,171.7158,0.5161290322580645,0.005521173804254372,0.01620240480967466,2135667731.9747999,8563183675.1019,0.7340754483611625,0.9086363365502783,5.754439667637023,-0.3380987176850049,1,2014-12-31,True,-0.755749,-2.376085074022952,25.7735,-0.37107375759735334,2.4896,-1.1097264434118184,-0.29011684726898823,-0.07621966516270395,-60.7347,0.1014269198415574,1.06,-1.907135816089069,-21.8511,-0.25309255419931265,171.7158,-0.08698098276143235,0.5161290322580645,1.117496630094046,0.005521173804254372,-0.971875976696615,0.01620240480967466,-0.5655899774337063,-0.590805154312669,0.7340754483611625,0.9086363365502783,False,True,True,True,False,True,True,True,True,True,8,7.994091948456873
600031.SH,20160429,20151231,3.0679,3.0679,-23.046,-23.046,8.2993,8.571,5.6542,0.5966,0.1515,0.5966,0.15,1.5648,16319997000.0,1.3788,61.4052,2.591,0.2804,0.0914,1252.5074,76628000.0,0.5912,35180000.0,-80.459,-86.17,0.018,2.9765,0.2243,24.7791,1,2015-12-31,2016-04-29,2015,2015-12-31,5.754439667637023,6.58,761650.4037,5011659.6563,4996658.6381,319.69109264650126,1.9332906660967655,0.0017377886601609564,3731.0047,-0.9075,0.01,0.0,35180000.0,2135667731.9747999,0.0,2135667731.9747999,-0.80459,24.7791,0.5912,0.27783765071700134,61.4052,0.15,22.5245,1252.5074,0.5555555555555556,0.0017377886601609564,0.042613981763309064,3229288342.2421002,10524133389.844,0.51207432405979,0.7017047823108751,5.344423666403192,-0.07125211574286916,2,2015-12-31,True,-0.80459,-1.5347910366127266,24.7791,-0.0014830252099423782,0.5912,-1.0810181310824947,-0.27783765071700134,-0.02974520327100349,-61.4052,0.12859666762398242,0.15,-1.613562881287822,-22.5245,-0.4946826637348701,1252.5074,2.892851335569891,0.5555555555555556,1.4058195748609073,0.0017377886601609564,-1.2082085668827647,0.042613981763309064,-0.529832398026297,-0.18782330255028548,0.51207432405979,0.7017047823108751,False,True,True,True,False,True,True,True,False,True,7,6.9981217669744975
600031.SH,20170428,20161231,3.04,3.04,-0.8107,-0.8107,10.1334,9.11,3.7603,0.8965,-1.3814,0.8965,-1.4,1.6161,15096767000.0,1.482,61.8996,2.6246,0.4243,0.1396,271.8018,-236274000.0,0.7036,-313500000.0,4001.1288,-300.83,0.0267,2.9137,0.097,26.2055,1,2016-12-31,2017-04-28,2016,2016-12-30,5.344423666403192,6.1,761086.1047,4642625.2387,4632169.4422,200.16568038963266,1.8342395120991153,0.0018711091455685474,3310.0808,0.3735,0.01,0.0,-313500000.0,3229288342.2421002,0.0,3229288342.2421002,40.011288,26.2055,0.7036,0.25938341322311964,61.8996,-1.4,23.003700000000002,271.8018,0.3745318352059925,0.0018711091455685474,0.06955737704873086,8563183675.1019,13259997349.271402,1.6517247045076402,0.6013227393340446,7.97679493358524,0.4925453952556196,3,2016-12-31,True,40.011288,4.1001416978253005,26.2055,0.2607472736530772,0.7036,-0.9400205576675541,-0.25938341322311964,0.028900396018298892,-61.8996,0.11193875814855954,-1.4,-1.135655142615542,-23.003700000000002,-0.4765896543998826,271.8018,0.39379693737396915,0.3745318352059925,0.24535284028714924,0.0018711091455685474,-1.1513729827559516,0.06955737704873086,-0.23026325041756648,0.10972511958635071,1.6517247045076402,0.6013227393340446,True,True,True,True,False,True,True,True,False,True,8,8.001097251195864
600031.SH,20180417,20171231,4.9992,4.9992,64.6691,64.6691,9.9967,6.6079,3.4408,8.6788,7.4109,8.6788,7.4167,5.7532,13676497000.0,2.6646,54.7146,2.2082,1.1169,0.2234,297.7889,241219000.0,5.8095,1786581000.0,928.3514,669.88,0.2733,3.2735,-0.4335,30.0749,1,2017-12-31,2018-04-17,2017,2017-12-29,7.97679493358524,9.07,766692.0651,6953897.0305,6887589.5964,29.186955483297623,2.4367786569681504,0.020058181429027485,4030.8549,0.2975,0.18,0.0,1786581000.0,8563183675.1019,0.0,8563183675.1019,0.9152825460200695,30.0749,5.8095,0.24677613339200508,54.7146,7.4167,20.0454,297.7889,0.6586169045005489,0.020058181429027485,0.12314222712162001,10524133389.844,10474794788.1879,0.22899774069353532,0.06947364809442624,7.466302558269552,-0.06399717926385784,4,2017-12-31,True,0.9152825460200695,2.774366874803302,30.0749,0.4214652719018441,5.8095,-0.6355457314745449,-0.24677613339200508,0.10309603736499783,-54.7146,0.48355269049418825,7.4167,-0.5651906184694625,-20.0454,-0.39193963576863367,297.7889,0.2914066516400901,0.6586169045005489,0.8728784900441464,0.020058181429027485,-0.4258289209921778,0.12314222712162001,0.355089251031282,0.298486396415912,0.22899774069353532,0.06947364809442624,True,True,True,True,False,True,True,True,True,True,9,9.002984863964159
600031.SH,20190401,20181231,7.156,7.156,45.6147,45.6147,7.9658,6.8081,0.243,21.4672,21.1907,21.4672,21.18,11.7719,12708423000.0,4.2313,55.9441,2.2698,1.3495,0.1886,133.6165,805928000.0,11.2922,6037494000.0,192.3302,237.94,0.7907,3.9889,0.0763,30.6218,1,2018-12-31,2019-04-01,2018,2018-12-28,7.466302558269552,8.34,779854.2712,6503984.6218,6472561.9313,9.44264899237328,1.8717698007645096,0.03482312670439913,3010.6536,0.6737,0.26,0.0,6037494000.0,10524133389.844,0.0,10524133389.844,4.557169272444842,30.6218,11.2922,0.17998547819741065,55.9441,21.18,15.0169,133.6165,0.3288225622865815,0.03482312670439913,0.16181055155895202,13259997349.271402,5776790539.507799,0.25996097332513535,-0.1812208801853441,15.565261899712748,1.0847349512340516,5,2018-12-31,True,4.557169272444842,4.520884027876574,30.6218,0.326135297288754,11.2922,-0.33311871617614264,-0.17998547819741065,0.33033357820646175,-55.9441,0.3099182554086639,21.18,1.0014812675512073,-15.0169,0.10810830158512025,133.6165,0.013344816838708366,0.3288225622865815,-0.14057183308645801,0.03482312670439913,-0.2374061959899137,0.16181055155895202,0.3160293155276328,0.5650125559118734,0.25996097332513535,-0.1812208801853441,True,True,True,True,True,True,True,True,True,True,10,10.005650125559118
600031.SH,20200424,20191231,8.9798,8.9798,35.5495,35.5495,7.2524,7.5279,-0.0613,29.5278,27.4331,29.5278,26.67,16.4398,11846472000.0,6.163,49.7172,1.9888,1.5743,0.1753,96.2974,1157597000.0,15.1911,10411683000.0,83.2265,72.45,1.3595,5.2717,0.0155,32.6878,1,2019-12-31,2020-04-24,2019,2019-12-31,15.565261899712748,17.05,842278.9398,14360855.9236,14352104.9139,11.44925479934737,2.9526076786829196,0.02698316306568224,4096.5821,0.3662,0.42,0.0,10411683000.0,13259997349.271402,0.0,13259997349.271402,0.832265,32.6878,15.1911,0.13415018983242977,49.7172,26.67,14.719000000000001,96.2974,0.30893710923133505,0.02698316306568224,0.0923343108503756,10474794788.1879,1196624833.7345996,-0.21004548400128756,-0.5514561999025633,32.53158207861811,1.0900118666951868,6,2019-12-31,True,0.832265,0.9480322735526717,32.6878,0.33679179584775265,15.1911,-0.07676268667810927,-0.13415018983242977,0.4905579623821465,-49.7172,0.5023286991349066,26.67,1.6775907567038177,-14.719000000000001,0.15025270412405142,96.2974,-0.10185139459833518,0.30893710923133505,-0.05558459602645395,0.02698316306568224,-0.20001288116003482,0.0923343108503756,0.1593574739149181,0.3482454642906665,-0.21004548400128756,-0.5514561999025633,True,True,True,True,True,True,True,True,True,True,10,10.003482454642906
600031.SH,20210331,20201231,11.8009,11.7169,31.2911,31.2483,5.329,7.1889,0.2819,30.5624,27.6239,30.5624,27.65,17.022,14730252000.0,7.5295,53.9124,2.1698,1.5761,0.1345,72.045,2642804000.0,15.9657,13947798000.0,36.2491,33.96,1.8397,6.6713,-0.0424,29.8183,1,2020-12-31,2021-03-31,2020,2020-12-31,32.53158207861811,34.98,847571.5239,29648051.906,29648051.906,17.68309076404746,4.8763482497591335,0.018443615762368942,5211.2885,1.9082,0.6,0.0,13947798000.0,13358574788.1879,2883780000.0,10474794788.1879,0.9837836779243616,29.8183,15.9657,0.12006146652388767,53.9124,27.65,12.799800000000001,72.045,0.3261401315431864,0.018443615762368942,0.03533046562856318,5776790539.507799,4508024457.4299,-0.4485056121555617,-0.2450000665125588,21.66683503306279,-0.3339753664392592,7,2020-12-31,True,0.9837836779243616,1.954027333135159,29.8183,0.17514129401796374,15.9657,0.17459641849065233,-0.12006146652388767,0.513637204413872,-53.9124,0.24898224689882742,27.65,2.0580641390979078,-12.799800000000001,0.33937804346976796,72.045,-0.6668882029222911,0.3261401315431864,-0.09701409064366885,0.018443615762368942,-0.31032328606338067,0.03533046562856318,-0.4482520862562776,0.35830445578532105,-0.4485056121555617,-0.2450000665125588,True,True,True,True,True,True,True,True,True,True,10,10.003583044557853
600031.SH,20220423,20211231,12.5843,12.4948,6.8158,6.815,6.2684,8.6826,-0.1165,20.0133,17.116,20.0133,17.07,10.1763,20857021000.0,6.0063,53.0191,2.1285,1.4017,0.1122,86.2173,-1120796000.0,11.6156,10291278000.0,-22.0369,-26.22,1.4287,7.4996,0.1512,25.853,1,2021-12-31,2022-04-23,2021,2021-12-31,21.66683503306279,22.8,849223.0534,19362285.6175,19362285.6175,15.165419635376768,2.8890654212308373,0.020769069377844833,4940.3733,0.3833,0.45,0.0,10291278000.0,11903559539.5078,6126769000.0,5776790539.507799,0.1945496332404233,25.853,11.6156,0.1538575272402527,53.0191,17.07,14.8345,86.2173,0.31497165255127035,0.020769069377844833,0.02983527179397987,1196624833.7345996,14814261608.676,-0.7928564614640579,0.3687720538246846,15.41312525303156,-0.28863051620083413,8,2021-12-31,True,0.1945496332404233,-0.1357402121473745,25.853,-0.3284642690603037,11.6156,-0.4034651258582116,-0.1538575272402527,0.3484148308225004,-53.0191,0.270038640109178,17.07,0.11262743044316821,-14.8345,0.19294062625101155,86.2173,-0.295522575675881,0.31497165255127035,-0.30535621921480943,0.020769069377844833,-0.3982202721266984,0.02983527179397987,-0.19026739206037102,-0.10300132168343558,-0.7928564614640579,0.3687720538246846,True,True,True,True,True,True,True,True,True,True,10,9.998969986783166
600031.SH,20230401,20221231,9.516,9.4213,-24.5919,-24.3758,7.7969,11.8307,-0.3633,6.6422,4.8606,6.6422,4.86,3.2026,23759256000.0,3.623,58.4209,2.4051,0.4826,0.0512,86.3444,80629000.0,5.5045,3126760000.0,-64.492,-69.62,0.5055,7.6491,0.8244,24.0175,1,2022-12-31,2023-04-01,2022,2022-12-30,15.41312525303156,15.8,849328.6021,13419391.9132,13384021.6382,30.49085114348479,2.0150246765020148,0.010380762977873687,3871.6338,0.3872,0.16,0.0,3126760000.0,4098859833.7345996,2902235000.0,1196624833.7345996,-0.33033458513392244,24.0175,5.5045,0.15205951826962477,58.4209,4.86,19.264300000000002,86.3444,0.31651829871414444,0.010380762977873687,0.008917131577009374,4508024457.4299,,2.767283053420015,,13.577006034200227,-0.11912699006129146,9,2022-12-31,True,-0.33033458513392244,-0.926857429936407,24.0175,-0.28345160153085086,5.5045,-0.7651985001705565,-0.15205951826962477,0.3970867395919697,-58.4209,0.0008073169603943248,4.86,-0.7412354072792166,-19.264300000000002,-0.344797017472582,86.3444,-0.27852059356111414,0.31651829871414444,-0.3312132687191796,0.010380762977873687,-0.796248610584643,0.008917131577009374,-0.4605360181530277,-0.41183312644138304,2.767283053420015,,False,True,True,True,False,True,True,True,True,True,8,7.995881668735586
600031.SH,20240429,20231231,8.7227,8.6288,-8.5123,-8.4361,8.4009,11.5045,-0.6254,6.808,6.5988,6.808,6.64,3.452,24959589000.0,3.0386,54.2514,2.1859,0.6727,0.078,106.8384,159112000.0,6.2907,4388393000.0,5.5266,40.35,0.5347,8.0181,-0.5367,27.7063,1,2023-12-31,2024-04-29,2023,2023-12-29,13.577006034200227,13.77,848574.0237,11684864.3063,11655225.2075,25.391819775949557,1.6932946750726765,0.016203866997320623,3431.1099,0.4853,0.22,0.0,4388393000.0,5708357457.4299,1200333000.0,4508024457.4299,-0.319857435085252,27.7063,6.2907,0.16782085838207547,54.2514,6.64,19.28,106.8384,0.41144567046942215,0.016203866997320623,0.0385800325896755,14814261608.676,,2.286198144790425,,16.48,0.21381694598110834,10,2023-12-31,True,-0.319857435085252,-0.46468917792774667,27.7063,-0.0718227096764348,6.2907,-0.7554832512465989,-0.16782085838207547,0.271775566187178,-54.2514,0.24932452475329872,6.64,-0.8108484458739745,-19.28,-0.3196974588122296,106.8384,-0.30830435538040835,0.41144567046942215,0.21692255667667196,0.016203866997320623,-0.7994201149504024,0.0385800325896755,-0.589123324073591,-0.3073969263931125,2.286198144790425,,False,True,True,True,False,True,True,True,True,True,8,7.996926030736069
600031.SH,20250418,20241231,9.2488,9.1768,6.2163,5.8964,6.9711,10.6873,0.2574,8.5368,7.6204,8.5368,7.62,4.446,23727367000.0,3.2199,52.0184,2.0841,1.748,0.1905,211.791,706155000.0,7.8337,5333989000.0,31.9827,21.55,0.7061,8.4901,0.4053,26.4312,1,2024-12-31,2025-04-18,2024,2024-12-31,16.48,16.48,847497.8037,13966763.805,13949027.6994,23.33947032998159,1.9410843217394378,0.021844660194174755,3934.9109,-1.604,0.36,0.0,5333989000.0,14814261608.676,0.0,14814261608.676,-0.19673113248301444,26.4312,7.8337,0.1582266404942964,52.0184,7.62,17.9158,211.791,0.5098427984704716,0.021844660194174755,0.10606796116486629,,,,,,,11,2024-12-31,True,-0.19673113248301444,-0.812933185801878,26.4312,-0.18125172129951655,7.8337,-0.7090579711205638,-0.1582266404942964,0.2952866586182071,-52.0184,0.4542938317185975,7.62,-0.5469835072731444,-17.9158,-0.13988890120320105,211.791,0.3902152638174711,0.5098427984704716,0.3804738513065148,0.021844660194174755,-0.20966062284210188,0.10606796116486629,-0.113032307736453,-0.10841260107418801,,,False,True,True,True,False,True,True,True,True,True,8,7.998915873989258
600036.SH,20150319,20141231,6.5766,6.5766,25.0814,25.0814,,30.5409,,19.284,19.1047,19.284,19.1,,28188000000.0,6.2363,93.3417,15.0188,10.79,1.641,374.0233,9966000000.0,33.7923,55391000000.0,8.0552,7.89,2.22,12.4665,4.8185,,1,2014-12-31,2015-03-19,2014,2014-12-31,11.359224839471121,16.59,2521984.5601,41839723.8521,34223418.8077,5.1167679457077115,0.9111799494221411,0.05898289799422571,3533.705,2.2025,0.67,0.0,55391000000.0,272122134034.78998,0.0,272122134034.78998,0.080552,,33.7923,0.005969556458981347,93.3417,19.1,30.5409,374.0233,0.3018018018018018,0.05898289799422571,0.6503918022898991,396158148143.88,-11572366032.220001,0.45581008891115193,-0.3475087893569884,12.77512421386243,0.12464753488031421,1,2014-12-31,True,0.080552,-0.18720851347411474,,0.14556856762403272,33.7923,1.0351948192605622,-0.005969556458981347,0.841815194738757,-93.3417,-1.3142113358747993,19.1,0.7803567958741447,-30.5409,-0.9951242224946408,374.0233,1.006145775877466,0.3018018018018018,-0.17788223033124362,0.05898289799422571,0.8883828547963399,0.6503918022898991,1.5008539131866068,0.320353783562101,0.45581008891115193,-0.3475087893569884,True,True,True,False,True,True,True,True,True,True,9,9.00320353783562
600036.SH,20160331,20151231,7.9885,7.9885,21.4683,21.4683,,27.667,,17.0898,16.897,17.0898,16.9,,32521000000.0,6.6373,93.3925,15.1343,15.88,1.9875,539.3007,8852000000.0,28.7972,57045000000.0,3.1926,2.99,2.29,14.3063,6.5175,,1,2015-12-31,2016-03-31,2015,2015-12-31,12.77512421386243,17.99,2521984.5601,45370502.2362,37111471.0278,5.57865686194866,0.8929719224301482,0.054011216521188364,3731.0047,-0.9075,0.69,0.0,57045000000.0,400491148143.88,4333000000.0,396158148143.88,0.031926,,28.7972,0.005955686124465407,93.3925,16.9,27.667,539.3007,0.30131004366812225,0.054011216521188364,0.8731623601640346,-132798861972.78,-42524180753.42,-1.335216788030191,-0.3691138088434787,13.003681022102642,0.017890769938049056,2,2015-12-31,True,0.031926,0.0907432320929745,,0.003852571770943522,28.7972,0.8176810625777063,-0.005955686124465407,0.8027977286618035,-93.3925,-1.2416338982804889,16.9,0.795095322310241,-27.667,-0.972892686127398,539.3007,0.735634197623492,0.30131004366812225,-0.2599219362187932,0.054011216521188364,0.9132778791696708,0.8731623601640346,1.9740157384472061,0.3326044738206689,-1.335216788030191,-0.3691138088434787,True,True,True,False,True,True,True,True,True,True,9,9.003326044738207
600036.SH,20170325,20161231,8.2881,8.2881,3.7494,3.7494,,28.0053,,16.2695,16.0235,16.2695,16.02,,44769000000.0,5.4088,93.212,14.7319,-4.78,-0.577,-155.1957,9715000000.0,29.8433,61142000000.0,7.6002,7.18,2.46,15.9536,-4.113,,1,2016-12-31,2017-03-25,2016,2016-12-30,13.003681022102642,17.6,2521984.5601,44386928.2578,36306942.195,5.286049195976684,0.8150938360058321,0.056906963400763656,3310.0808,0.3735,0.74,0.0,61142000000.0,-120550861972.78,12248000000.0,-132798861972.78,0.076002,,29.8433,0.00755296564245033,93.212,16.02,28.0053,-155.1957,0.3008130081300813,0.056906963400763656,-0.2991846185018302,-11572366032.220001,-5149427791.82,0.9128579427541178,0.3204079520077125,22.17420973572572,0.7052255971240551,3,2016-12-31,True,0.076002,0.07673382154726274,,-0.09756969915376158,29.8433,1.0409976566868862,-0.00755296564245033,0.8122759872269405,-93.212,-1.2872442806048332,16.02,0.8234514016725715,-28.0053,-0.9075528097073197,-155.1957,-1.2073427021415928,0.3008130081300813,-0.11362578927684161,0.056906963400763656,1.1146296740945414,-0.2991846185018302,-1.2709460453891883,-0.09238116227684863,0.9128579427541178,0.3204079520077125,True,True,True,False,True,True,False,True,True,False,7,6.999076188377232
600036.SH,20180324,20171231,8.7588,8.7588,5.3295,5.3295,,30.2277,,15.8969,15.8106,15.8969,16.45,,50793000000.0,4.6231,92.3242,13.028,-0.22,-0.0256,-6.2514,11486000000.0,31.9778,69769000000.0,12.9975,14.11,2.78,17.6901,-2.8425,,1,2017-12-31,2018-03-24,2017,2017-12-29,22.17420973572572,29.02,2521984.5601,73187991.9341,59865196.733,7.976334437311412,1.253481310774146,0.03788184607303699,4030.8549,0.2975,0.84,0.0,69769000000.0,-5548366032.22,6024000000.0,-11572366032.220001,0.07996023367408545,,31.9778,0.008738832258581221,92.3242,16.45,30.2277,-6.2514,0.302158273381295,0.03788184607303699,-0.01581183706015599,-42524180753.42,418841619992.71,-2.6746315001636973,12.397752393548656,19.88346181145904,-0.10330685745142798,4,2017-12-31,True,0.07996023367408545,-0.2702524929512945,,-0.25585184959592944,31.9778,1.1481870768019808,-0.008738832258581221,0.8825166441560011,-92.3242,-1.2466353019887275,16.45,0.6370592099731401,-30.2277,-1.3624058428354737,-6.2514,-0.3319334246074918,0.302158273381295,-0.3564665217014419,0.03788184607303699,0.251124328990718,-0.01581183706015599,-0.2339940832521654,-0.10351384154642583,-2.6746315001636973,8.818038861747706,True,True,True,False,True,True,False,True,True,False,7,6.998964861584536
600036.SH,20190323,20181231,9.8555,9.8555,12.5208,12.5208,,31.0241,,15.791,15.7065,15.791,16.48,,57505000000.0,4.5902,91.9415,12.4093,-1.42,-0.1437,-33.5069,13101000000.0,32.5155,80129000000.0,14.8396,14.85,3.13,20.0655,3.3013,,1,2018-12-31,2019-03-23,2018,2018-12-28,19.88346181145904,25.2,2521984.5601,63554010.9145,51984939.9611,6.352543709731322,0.9909278020213321,0.047275469881118415,3010.6536,0.6737,0.94,0.0,80129000000.0,-35812180753.42,6712000000.0,-42524180753.42,0.11992957288936457,,32.5155,0.009157267782483458,91.9415,16.48,31.0241,-33.5069,0.3003194888178914,0.047275469881118415,-0.06691030218474851,-5149427791.82,171470285239.22,0.8789058907053522,1.677433577799768,30.445624865882046,0.5312034269774857,5,2018-12-31,True,0.11992957288936457,-0.3024465700920476,,-0.22433466610981484,32.5155,1.1965017170288066,-0.009157267782483458,0.8676770961625595,-91.9415,-1.2095327222793555,16.48,0.44088825110928764,-31.0241,-1.2062489866250483,-33.5069,-0.6155536291694609,0.3003194888178914,-0.3371520152110039,0.047275469881118415,0.19345070831216193,-0.06691030218474851,-0.2187773095591824,-0.12868437513028164,0.8789058907053522,1.677433577799768,True,True,True,False,True,True,False,True,True,False,7,6.998713156248697
600036.SH,20200321,20191231,10.694,10.694,8.5084,8.5084,,32.0875,,16.1309,16.0112,16.1309,16.71,,67194000000.0,4.3257,91.672,12.0077,0.18,0.0164,3.7865,15420000000.0,34.6392,92178000000.0,15.2768,15.04,3.62,22.888,1.8236,,1,2019-12-31,2020-03-21,2019,2019-12-31,30.445624865882046,37.58,2521984.5601,94776179.7686,77523573.1642,8.41039360935968,1.3302003174537769,0.03941453017588557,4096.5821,0.3662,1.2,0.0,92178000000.0,4539572208.18,9689000000.0,-5149427791.82,0.14664561195329529,,34.6392,0.009694388005585135,91.672,16.71,32.0875,3.7865,0.3314917127071823,0.03941453017588557,-0.005433251059910352,418841619992.71,550560709038.61,82.33750718051643,35.97229046906208,36.71193608557138,0.20581976054994633,6,2019-12-31,True,0.14664561195329529,-0.2368540092206413,,-0.15947457611490107,34.6392,1.3162654995560943,-0.009694388005585135,0.9700145119829748,-91.672,-1.2410909485814385,16.71,0.48427807568105996,-32.0875,-1.24899938159741,3.7865,-0.5753996928933977,0.3314917127071823,0.08444985991021398,0.03941453017588557,0.2906401327904957,-0.005433251059910352,-0.24851300634959794,-0.05133486680332255,67.12463036679094,19.20742280386691,True,True,True,False,True,True,False,True,True,False,7,6.999486651331967
600036.SH,20210320,20201231,11.5179,11.5179,7.7044,7.7044,,33.305,,14.5825,14.5579,14.5825,15.7,,69776000000.0,4.2415,91.2652,11.4485,16.71,1.4504,343.5402,20707000000.0,33.7229,97178000000.0,4.8187,5.42,3.79,25.3646,-1.4625,,0,2020-12-31,2021-03-20,2020,2020-12-31,36.71193608557138,43.95,2521984.5601,110841221.4164,90664210.7655,9.686526671654718,1.4473690137266655,0.034130588947403874,5211.2885,1.9082,1.253,0.0,97178000000.0,421423619992.71,2582000000.0,418841619992.71,0.11678220738878053,,33.7229,0.009527677305565026,91.2652,15.7,33.305,343.5402,0.3306068601583113,0.034130588947403874,0.37787531988594497,171470285239.22,342505609078.19,-0.590608294270745,-0.06486864499741929,41.722023406678666,0.1364702561431066,7,2020-12-31,True,0.11678220738878053,0.01636377503514423,,-0.16648003056338787,33.7229,1.446816802261312,-0.009527677305565026,0.9590154507599329,-91.2652,-1.3184167049085238,15.7,0.5542817751639683,-33.305,-1.0558335571103845,343.5402,0.8096988518785144,0.3306068601583113,-0.07857767210829635,0.034130588947403874,0.2819486625393226,0.37787531988594497,1.0761262383211718,0.22954032647897946,-0.590608294270745,-0.06486864499741929,True,True,True,False,True,True,True,True,True,True,9,9.00229540326479
600036.SH,20220319,20211231,13.1345,13.1345,14.0356,14.0356,,33.1248,,15.1561,15.0939,15.1561,16.89,,80393000000.0,4.4117,90.6403,10.6841,7.22,0.5496,122.9896,26136000000.0,36.4779,119430000000.0,23.1966,22.9,4.61,29.0128,9.8717,,0,2021-12-31,2022-03-19,2021,2021-12-31,41.722023406678666,48.71,2521984.5601,122845867.9225,100483588.3137,9.050330456980188,1.4380557342510432,0.03647953468518417,4940.3733,0.3833,1.522,0.0,119430000000.0,182087285239.22,10617000000.0,171470285239.22,0.14228525239883316,,36.4779,0.010283672171381568,90.6403,16.89,33.1248,122.9896,0.3301518438177874,0.03647953468518417,0.13958164661052805,550560709038.61,433505763277.72504,2.210822844730893,0.36228717620282835,33.30218979548043,-0.20180789241996422,8,2021-12-31,True,0.14228525239883316,-0.20609119773308882,,-0.2566092173720162,36.4779,1.4158177575921824,-0.010283672171381568,0.9678795174760824,-90.6403,-1.4399967394942126,16.89,0.09832579373542837,-33.1248,-1.0113540716784326,122.9896,-0.1902511127189407,0.3301518438177874,-0.2187980082369092,0.03647953468518417,0.12911813050826426,0.13958164661052805,0.15994169378148654,-0.050183404921832375,2.210822844730893,0.36228717620282835,True,True,True,False,True,True,True,True,True,True,9,8.999498165950781
600036.SH,20230325,20221231,13.6711,13.6711,4.0845,4.0845,,32.883,,15.2986,15.2475,15.2986,17.0,,100053000000.0,3.8215,90.5884,10.6252,22.61,1.6536,345.2148,30954000000.0,40.4005,137551000000.0,15.0848,15.17,5.26,32.7146,-9.3005,,1,2022-12-31,2023-03-25,2022,2022-12-30,33.30218979548043,37.26,2521984.5601,93969144.7093,76863446.9425,6.3312147900152915,1.017961087571923,0.0521887602789373,3871.6338,0.3872,1.738,0.0,137551000000.0,570220709038.61,19660000000.0,550560709038.61,0.14273489765370062,,40.4005,0.01141324035989524,90.5884,17.0,32.883,345.2148,0.33041825095057037,0.0521887602789373,0.5858952007510628,342505609078.19,,-0.377896745163174,,26.239824367375913,-0.2120691003047186,9,2022-12-31,True,0.14273489765370062,-0.06715459155989195,,-0.27740325293390655,40.4005,1.5980471255940447,-0.01141324035989524,0.9802806607925372,-90.5884,-1.4008054212298102,17.0,0.1499217450478702,-32.883,-1.4404744104444291,345.2148,0.5620545867051968,0.33041825095057037,-0.2648803322941876,0.0521887602789373,0.4470854253621411,0.5858952007510628,1.1977833881408564,0.13495044756185645,-0.377896745163174,,True,True,True,False,True,True,True,True,True,True,9,9.001349504475618
600036.SH,20240326,20231231,13.4467,13.4467,-1.6416,-1.6416,,32.9633,,14.5016,14.4467,14.5016,16.16,,115417000000.0,3.1478,90.1552,10.1576,14.19,1.0549,202.5059,32496000000.0,43.6438,146047000000.0,6.2241,6.18,5.63,36.7141,1.2617,,1,2023-12-31,2024-03-26,2023,2023-12-29,26.239824367375913,27.82,2521984.5601,70161610.462,57389723.4015,4.660714807704426,0.7147070026876844,0.07515294204681476,3431.1099,0.4853,1.972,0.0,146047000000.0,357869609078.19,15364000000.0,342505609078.19,0.14544672425472638,,43.6438,0.012271661439898543,90.1552,16.16,32.9633,202.5059,0.3502664298401421,0.07515294204681476,0.48816668662942586,433505763277.72504,,0.2656895297114996,,39.3,0.49772343937110564,10,2023-12-31,True,0.14544672425472638,-0.15067163871893682,,-0.23699518527097743,43.6438,1.7966077745947209,-0.012271661439898543,0.8561725032138985,-90.1552,-1.2715888278246645,16.16,0.38695412772069915,-32.9633,-1.3733609977190941,202.5059,-0.024526747109014122,0.3502664298401421,-0.03853262330467629,0.07515294204681476,2.014640073327549,0.48816668662942586,0.9040739811932236,0.2602520400093389,0.2656895297114996,,True,True,True,False,True,True,True,True,True,True,9,9.002602520400094
600036.SH,20250326,20241231,13.3818,13.3818,-0.4821,-0.4821,,31.8874,,12.8902,12.8572,12.8902,14.45,,128933000000.0,2.7623,89.8496,9.8518,17.725,1.3246,249.707,35008000000.0,44.3154,148011000000.0,1.2203,1.34,5.66,41.4581,6.2454,,1,2024-12-31,2025-03-26,2024,2024-12-31,39.3,39.3,2521984.5601,99113993.2119,81071751.606,6.943462897526501,0.9479450336604909,0.050890585241730284,3934.9109,-1.604,2.0,0.0,148011000000.0,447021763277.72504,13516000000.0,433505763277.72504,0.07413826183508232,,44.3154,0.012516897129913988,89.8496,14.45,31.8874,249.707,0.35335689045936397,0.050890585241730284,0.4373809885259236,,,,,,,11,2024-12-31,True,0.07413826183508232,0.2593398978069598,,-0.25359485323030834,44.3154,1.582513688199918,-0.012516897129913988,0.8106022243551873,-89.8496,-1.1308662764066342,14.45,0.15375352921794977,-31.8874,-1.1620785719578464,249.707,0.6552691851283026,0.35335689045936397,-0.3815913154042178,0.050890585241730284,1.6720949071879758,0.4373809885259236,1.4148692275392951,0.3291192402215074,,,True,True,True,False,True,True,True,True,True,True,9,9.003291192402216
600048.SH,20150317,20141231,10.1639,10.1639,18.0834,18.0834,2.2025,1.5797,1.1657,21.5606,21.2291,21.5606,21.31,5.932,9516471119.89,13.4501,77.8896,4.5228,-0.9747,-0.0959,-55.1005,6105910630.39,13.0495,12012761523.59,13.5213,12.43,1.14,5.7233,0.5815,32.0329,1,2014-12-31,2015-03-17,2014,2014-12-31,7.330797973155919,10.82,1072974.5027,11609584.1192,11609584.1192,6.43052453785607,1.2808690743375184,0.02946473232395077,3533.705,2.2025,0.216,0.0,12012761523.59,-10458282477.8169,0.0,-10458282477.8169,0.135213,32.0329,13.0495,0.03426357208457453,77.8896,21.31,4.947900000000001,-55.1005,0.18947368421052632,0.02946473232395077,-0.09008317929770568,14712284061.426199,-35506293700.0105,2.406759101471248,-0.7983468692659947,7.327784009592697,-0.0004111371741873926,1,2014-12-31,True,0.135213,-0.04414258185839266,32.0329,0.2063671113645409,13.0495,-0.38614176727544436,-0.03426357208457453,0.7504017147902218,-77.8896,-0.64335587872895,21.31,1.1095895382487952,-4.947900000000001,1.1902904575534996,-55.1005,-1.3125359761525222,0.18947368421052632,-0.8567855532984002,0.02946473232395077,-0.1387338199760334,-0.09008317929770568,-0.9119111187400085,-0.09426889764297214,2.406759101471248,-0.7983468692659947,True,True,True,True,True,True,False,True,True,False,8,7.99905731102357
600048.SH,20160415,20151231,11.4746,11.4746,13.1788,13.1788,2.2127,1.5163,1.8859,18.5773,18.4061,18.5773,18.45,6.4085,12586910700.62,11.1683,75.9454,4.1572,1.6534,0.1441,78.2623,5849466620.79,13.6335,12233798193.44,1.2071,1.84,1.15,6.6491,-0.2236,33.1977,1,2015-12-31,2016-04-15,2015,2015-12-31,7.327784009592697,10.64,1075524.5943,11443581.6834,11443581.6834,6.371986095297998,1.1020715599995032,0.047081082022664075,3731.0047,-0.9075,0.345,0.0,12233798193.44,17782723642.1562,3070439580.7300014,14712284061.426199,0.012071,33.1977,13.6335,0.042338456559498555,75.9454,18.45,5.6149000000000004,78.2623,0.3,0.047081082022664075,0.12856363041273836,31740063362.5082,7643511773.700201,1.1573851639886934,-0.19609583431430322,6.535756391908096,-0.10808555719543156,2,2015-12-31,True,0.012071,0.05216060736714534,33.1977,0.6874472929386077,13.6335,-0.20307001743736824,-0.042338456559498555,0.6913882851732805,-75.9454,-0.49425760498934235,18.45,1.0179860814491664,-5.6149000000000004,1.0777704611360461,78.2623,-0.6588562603761132,0.3,-0.26850495545527253,0.047081082022664075,0.6320224304735098,0.12856363041273836,-0.27072061935325126,0.20576051826603717,1.1573851639886934,-0.19609583431430322,True,True,True,True,True,True,True,True,True,True,10,10.00205760518266
600048.SH,20170418,20161231,13.0524,13.0506,25.3777,25.3948,2.2904,1.4644,1.4434,15.452,15.2483,15.452,15.32,5.739,14901297844.92,11.2611,74.7644,3.9627,2.8719,0.2201,147.2717,5225361090.92,11.0325,12257799041.22,0.5991,0.2,1.1,7.527,0.8242,28.9957,1,2016-12-31,2017-04-18,2016,2016-12-30,6.535756391908096,9.13,1185781.2078,10826182.4272,9822885.6572,5.9415967199164506,0.8683082757948846,0.04819641080717156,3310.0808,0.3735,0.315,0.0,12257799041.22,34054450506.8082,2314387144.299999,31740063362.5082,0.005991,28.9957,11.0325,0.042131451454276984,74.7644,15.32,5.1982,147.2717,0.2863636363636363,0.04819641080717156,0.29317872274869106,-35506293700.0105,37040648093.996796,-2.118658563925585,0.05282679431212434,10.451723204270296,0.599160460939234,3,2016-12-31,True,0.005991,0.06662017217520798,28.9957,0.5063170661064125,11.0325,-0.23782599031629173,-0.042131451454276984,0.7047117827148464,-74.7644,-0.4629200823412987,15.32,0.7447272581018667,-5.1982,1.0576222901431793,147.2717,-0.07316148608948644,0.2863636363636363,-0.18398794614401176,0.04819641080717156,0.7559882831897667,0.29317872274869106,0.40085251579962855,0.29808580575816546,-2.118658563925585,0.05282679431212434,True,True,True,True,True,True,True,True,True,True,10,10.002980858057581
600048.SH,20180417,20171231,12.3407,12.3377,-5.4577,-5.4476,2.6419,1.944,1.6344,15.9259,15.7354,15.9259,16.13,4.8458,21111312903.73,8.1273,77.2792,4.4013,-2.4705,-0.2002,-114.7646,7293758395.25,13.4493,15438973853.46,25.7966,25.95,1.32,8.5998,1.772,31.0539,1,2017-12-31,2018-04-17,2017,2017-12-29,10.451723204270296,14.15,1185844.1061,16779694.1013,16606922.4287,7.917972124447194,1.2153449154945808,0.03827120104334285,4030.8549,0.2975,0.4,0.0,15438973853.46,-29296278641.2005,6210015058.809999,-35506293700.0105,0.08723942459510248,31.0539,13.4493,0.04703469371413738,77.2792,16.13,6.220300000000001,-114.7646,0.30303030303030304,0.03827120104334285,-0.21160274725901984,7643511773.700201,13190457751.646,1.2152720258070175,0.4571654428657164,8.968481027346922,-0.1419136488724999,4,2017-12-31,True,0.08723942459510248,-0.2437209789091646,31.0539,0.4982441915843877,13.4493,-0.11478733644426009,-0.04703469371413738,0.7571220802319918,-77.2792,-0.5545067404803503,16.13,0.5944701290058709,-6.220300000000001,0.9257186889045516,-114.7646,-0.5544059927567442,0.30303030303030304,-0.3534590891257844,0.03827120104334285,0.2659122594085028,-0.21160274725901984,-1.0640321456974404,0.014232278701960099,1.2152720258070175,0.4571654428657164,True,True,True,True,True,True,False,True,True,False,8,8.000142322787019
600048.SH,20190416,20181231,16.356,16.3525,32.6626,32.6588,3.0388,1.8177,1.3285,16.5168,15.7711,16.5168,15.88,4.9112,25361640725.12,8.3728,77.9686,4.539,0.9999,0.0611,33.4151,9090870307.93,13.4433,18050260847.42,20.9176,16.85,1.59,9.7034,3.7909,32.4784,1,2018-12-31,2019-04-16,2018,2018-12-28,8.968481027346922,11.79,1189502.9098,14024239.3065,13880283.2627,5.640554105249636,0.924261704902088,0.055750800885388196,3010.6536,0.6737,0.5,0.0,18050260847.42,11893839595.0902,4250327821.3899994,7643511773.700201,0.13843277407441135,32.4784,13.4433,0.048409179304883775,77.9686,15.88,6.1850000000000005,33.4151,0.31446540880503143,0.055750800885388196,0.054502148791468225,37040648093.996796,848136452.0445023,3.846024862739961,-0.5194658428922984,12.813573666499051,0.4287339882224843,5,2018-12-31,True,0.13843277407441135,-0.2653274478307286,32.4784,0.44930597430949926,13.4433,-0.17808314141316198,-0.048409179304883775,0.7442094313505357,-77.9686,-0.6197363323696137,15.88,0.369323185180532,-6.1850000000000005,0.8332989741414315,33.4151,-0.36372090075585334,0.31446540880503143,-0.23959034241645819,0.055750800885388196,0.48670112934634613,0.054502148791468225,0.06511540108481699,0.11649963005703144,3.846024862739961,-0.5194658428922984,True,True,True,True,True,True,False,True,True,True,9,9.00116499630057
600048.SH,20200416,20191231,19.776,19.7721,21.294,21.2924,2.831,1.8176,1.094,20.1184,19.5465,20.1184,20.41,5.6267,27476872907.71,8.9322,77.7855,4.5016,3.2814,0.166,77.6856,14904911326.62,15.9172,27164249069.24,47.9022,50.49,2.35,11.7611,2.1704,34.9607,1,2019-12-31,2020-04-16,2019,2019-12-31,12.813573666499051,16.18,1193267.5162,19307068.4121,19307068.4121,5.452584538935766,1.0894876896292907,0.06399463735428322,4096.5821,0.3662,0.82,0.0,27164249069.24,39155880276.5868,2115232182.5900002,37040648093.996796,0.30375224395852585,34.9607,15.9172,0.043492527025130324,77.7855,20.41,5.7426,77.6856,0.3489361702127659,0.06399463735428322,0.19185019342855245,13190457751.646,5061103882.5018,-0.6438923606797315,-0.48494268653033357,13.228452326615866,0.03237806024415413,6,2019-12-31,True,0.30375224395852585,0.03465741014871817,34.9607,0.47777405836488107,15.9172,-0.024753607846518862,-0.043492527025130324,0.8398097414590108,-77.7855,-0.6640414348663684,20.41,0.9275769632095944,-5.7426,0.873415120122562,77.6856,-0.19712218126464204,0.3489361702127659,0.19275702294771263,0.06399463735428322,1.260791167941658,0.19185019342855245,0.5745216656777671,0.39048962962676126,-0.6438923606797315,-0.48494268653033357,True,True,True,True,True,True,True,True,True,True,10,10.003904896296268
600048.SH,20210420,20201231,20.3222,20.3127,3.0353,3.0625,2.8275,2.2925,1.2992,17.2182,16.7733,17.2182,16.65,4.8992,29437416620.87,8.5465,78.6924,4.6932,1.266,0.0623,28.988,15325748661.81,16.4743,28200416400.78,3.5388,3.81,2.42,13.3737,0.5269,32.5568,0,2020-12-31,2021-04-20,2020,2020-12-31,13.228452326615866,15.82,1196761.5691,18932768.0232,18932768.0232,5.466302614304077,0.989139305249547,0.055184082156854275,5211.2885,1.9082,0.73,0.0,28200416400.78,15151001464.806,1960543713.1599998,13190457751.646,0.222397246917849,32.5568,16.4743,0.03918965326530922,78.6924,16.65,6.4192,28.988,0.30165289256198347,0.055184082156854275,0.06966999086178291,848136452.0445023,13844763014.476597,-0.9357007567126573,0.016268707036575236,13.91482922678219,0.05188640993061022,7,2020-12-31,True,0.222397246917849,0.25240306705197363,32.5568,0.29909852284004773,16.4743,0.21103523132070193,-0.03918965326530922,0.8394972570063799,-78.6924,-0.790836616099025,16.65,0.6738293271085073,-6.4192,0.7735258273812501,28.988,-0.9010632779090986,0.30165289256198347,-0.19808514857731035,0.055184082156854275,1.076837090088273,0.06966999086178291,-0.29543581331799423,0.1764368606267005,-0.9357007567126573,0.016268707036575236,True,True,True,True,True,True,False,True,True,True,9,9.001764368606267
600048.SH,20220419,20211231,23.8113,23.8037,17.2036,17.1866,2.5907,2.4103,1.1881,14.5761,14.2769,14.5761,14.09,4.012,39140930003.24,8.3124,78.3622,4.6215,0.8815,0.037,21.2426,13616810371.78,13.052,26825763200.0,-5.3945,-4.88,2.29,14.7769,2.086,26.779,1,2021-12-31,2022-04-19,2021,2021-12-31,13.91482922678219,15.63,1197010.7583,18709278.1522,18709278.1522,6.076344640516241,0.9416609185135035,0.041682150067904586,4940.3733,0.3833,0.58,0.0,26825763200.0,10551649834.414501,9703513382.369999,848136452.0445023,0.14118538590809382,26.779,13.052,0.04788139501956937,78.3622,14.09,6.1891,21.2426,0.25327510917030566,0.041682150067904586,0.004533239845732749,5061103882.5018,6005203282.458604,4.9673226758519755,0.9202332908084663,13.945198042780333,0.0021824785272743785,8,2021-12-31,True,0.14118538590809382,-0.20757168387662003,26.779,-0.2817727299119551,13.052,-0.29835747556889225,-0.04788139501956937,0.8056601385239143,-78.3622,-0.8819075399389517,14.09,-0.12414411060719187,-6.1891,0.762182759047041,21.2426,-0.48153165653806,0.25327510917030566,-0.6571529999547144,0.041682150067904586,0.3037494244754896,0.004533239845732749,-0.27100811350423765,-0.12107763525947074,4.9673226758519755,0.9202332908084663,True,True,True,True,True,True,False,True,True,True,9,8.998789223647405
600048.SH,20230331,20221231,23.4835,23.4759,-1.3745,-1.3739,2.6786,2.1283,1.3114,9.3648,9.1714,9.3648,8.99,2.6187,41502698084.24,6.9716,78.0891,4.5639,0.6201,0.0264,21.3943,5562470799.74,9.6119,17967998200.0,-33.0111,-33.02,1.53,15.6438,0.4329,21.9876,1,2022-12-31,2023-03-31,2022,2022-12-30,13.945198042780333,15.13,1197044.3418,18111280.8914,18111280.8914,9.114508524693028,0.8914201180519012,0.03226917241472757,3871.6338,0.3872,0.45,0.0,17967998200.0,7422871963.5018,2361768081.0,5061103882.5018,-0.12870076943009612,21.9876,9.6119,0.04856101078331439,78.0891,8.99,6.1183,21.3943,0.29411764705882354,0.03226917241472757,0.02794448340153029,13844763014.476597,,1.7355223950931564,,9.42745909565621,-0.32396377113217356,9,2022-12-31,True,-0.12870076943009612,-0.5604309958070951,21.9876,-0.3904920794466083,9.6119,-0.4870349546849558,-0.04856101078331439,0.8262463399483196,-78.0891,-0.8561818695562012,8.99,-0.4380657994447134,-6.1183,0.7128498216536125,21.3943,-0.48941933677708205,0.29411764705882354,-0.4381129887223082,0.03226917241472757,-0.145306058861725,0.02794448340153029,-0.40584862452963877,-0.24289059511167235,1.7355223950931564,,False,True,True,True,True,True,False,True,True,True,8,7.997571094048883
600048.SH,20240423,20231231,28.9792,28.9737,23.419,23.4021,2.5587,1.5121,1.2659,6.1129,5.9726,6.1129,5.99,1.9571,41587940075.29,8.3498,76.5451,4.2635,1.1637,0.0402,57.2827,-902866000.0,5.1608,11790134000.0,-34.1318,-34.29,1.01,16.16,-2.4081,16.008,1,2023-12-31,2024-04-23,2023,2023-12-29,9.42745909565621,9.9,1197044.3418,11850738.9838,11850738.9838,9.334117916491298,0.5833823697807061,0.04348997920223396,3431.1099,0.4853,0.41,0.0,11790134000.0,13930005005.5266,85241991.05000305,13844763014.476597,-0.2522534693912324,16.008,5.1608,0.05042542271737591,76.5451,5.99,5.3367,57.2827,0.4059405940594059,0.04348997920223396,0.11682615770545984,6005203282.458604,,-0.5662473040398495,,8.86,-0.060192156751724735,10,2023-12-31,True,-0.2522534693912324,-0.41906562068702613,16.008,-0.6785286790458265,5.1608,-0.8326818679637685,-0.05042542271737591,0.7128291644829694,-76.5451,-0.6950542320459079,5.99,-0.8926311846173083,-5.3367,0.753987019496372,57.2827,-0.45530096365609996,0.4059405940594059,0.19393599668235378,0.04348997920223396,0.5031408155521134,0.11682615770545984,-0.329247053012998,-0.1944196913468297,-0.5662473040398495,,False,True,True,True,False,True,True,True,True,True,8,7.998055803086531
600048.SH,20250429,20241231,26.0363,26.0363,-10.1381,-10.155,2.8532,1.6485,1.4896,2.525,2.1491,2.525,2.16,1.4125,41839687567.42,7.4715,74.3444,3.8978,0.5227,0.0201,41.3267,-3228287900.0,3.1245,4256658600.0,-58.5554,-63.9,0.42,16.0809,-1.1794,13.9272,1,2024-12-31,2025-04-29,2024,2024-12-31,8.86,8.86,1197044.3418,10605812.8683,10605812.8683,21.095238095238095,0.5509641873278237,0.019187358916478558,3934.9109,-1.604,0.17,0.0,4256658600.0,6256950774.588601,251747492.12999725,6005203282.458604,-0.4586157991695572,13.9272,3.1245,0.055763277569154335,74.3444,2.16,5.991300000000001,41.3267,0.4047619047619048,0.019187358916478558,0.056621810671464115,,,,,,,11,2024-12-31,True,-0.4586157991695572,-1.8496390115183083,13.9272,-0.7821408681459504,3.1245,-1.0048629708347223,-0.055763277569154335,0.6576575242441354,-74.3444,-0.481184941727762,2.16,-1.1071627487433309,-5.991300000000001,0.7325309167785454,41.3267,-0.8014249714000087,0.4047619047619048,-0.13125586161081462,0.019187358916478558,-0.38181528364474127,0.056621810671464115,-0.34106091818409917,-0.49912355770791417,,,False,True,True,True,False,True,False,True,True,True,7,6.995008764422921
600050.SH,20150304,20141231,13.614,13.614,-4.9901,-4.9901,13.9284,6.8701,1.5016,5.2324,5.2544,5.2324,5.2,3.6891,436330908495.0,0.6665,57.9021,2.3754,4.3606,0.3203,581.5569,592919509.0,4.1473,3998501715.0,15.6523,22.9,0.1878,3.6485,0.1797,30.7148,1,2014-12-31,2015-03-04,2014,2014-12-31,4.196654712540625,4.95,2119659.6395,10492315.2155,10492315.2155,22.346404220131127,1.1502411162232768,0.016036582613978514,3533.705,2.2025,0.0673,0.0,3998501715.0,92429878240.037,0.0,92429878240.037,0.156523,30.7148,4.1473,2.375192127382002,57.9021,5.2,22.3001,581.5569,0.35835995740149096,0.016036582613978514,0.8809292929313918,72418018686.671,91336765025.427,-0.21650855691268933,-0.003957778491543218,5.291404236243416,0.26086242464299314,1,2014-12-31,True,0.156523,0.01163274246298889,30.7148,0.0847700238835249,4.1473,-0.9961376482876914,-2.375192127382002,-4.0008375119748445,-57.9021,0.2244047136631954,5.2,-1.2903830769799947,-22.3001,-0.29143316262120994,581.5569,2.127510685614681,0.35835995740149096,0.1639513248008583,0.016036582613978514,-0.605980891915238,0.8809292929313918,2.2520376935964728,-0.2109513734324781,-0.21650855691268933,-0.003957778491543218,True,True,False,True,False,True,True,True,True,True,8,7.997890486265675
600050.SH,20160317,20151231,13.0704,13.0704,-3.9929,-3.9929,11.5377,7.1611,2.3438,4.4502,1.8406,4.4502,1.82,3.0898,453146321312.0,0.6229,61.9634,2.629,4.2098,0.3221,1562.4226,-1221669920.0,3.7663,1435833667.0,-12.8122,-64.1,0.1638,3.712,-0.167,25.0296,1,2015-12-31,2016-03-17,2015,2015-12-31,5.291404236243416,6.18,2119659.6395,13099496.5721,13099496.5721,32.30405516632122,1.425486055022472,0.010809984920110472,3731.0047,-0.9075,0.0572,0.0,1435833667.0,89233431503.671,16815412817.0,72418018686.671,-0.128122,25.0296,3.7663,2.190653927692398,61.9634,1.82,21.0426,1562.4226,0.3492063492063492,0.010809984920110472,0.5528305480144231,79525390354.761,94830300858.97809,0.09814369126613724,0.09404074503486504,6.35723411408719,0.20142665921144043,2,2015-12-31,True,-0.128122,-0.22026517496416495,25.0296,0.019016469325516136,3.7663,-0.8672848895810232,-2.190653927692398,-3.6935152726761786,-61.9634,0.1046852183335492,1.82,-1.373416063376851,-21.0426,-0.35687820438951534,1562.4226,3.1686263838232005,0.3492063492063492,0.05388051311492347,0.010809984920110472,-0.8400187964973447,0.5528305480144231,1.0083137615817435,-0.27244145957328597,0.09814369126613724,0.09404074503486504,False,True,False,True,False,True,True,True,True,True,7,6.997275585404267
600050.SH,20170316,20161231,12.9359,12.9359,-1.0293,-1.0293,12.6355,7.248,1.4059,0.1973,-0.0746,0.1973,-0.07,0.7029,449900089186.0,0.6073,62.5744,2.672,3.7518,0.29,,-601478287.0,0.175,-58226341.0,-95.5619,-104.1,0.0073,3.6564,0.0866,22.835,1,2016-12-31,2017-03-16,2016,2016-12-30,6.35723411408719,7.31,2119659.6395,15494711.9647,15494711.9647,870.853988231122,1.7386593682548928,0.0,3310.0808,0.3735,,,-58226341.0,79525390354.761,0.0,79525390354.761,-0.955619,22.835,0.175,2.172500047946515,62.5744,-0.07,21.2894,,0.0,0.0,0.5132421340644181,91336765025.427,96207591000.26869,0.1485233158614591,0.06553530387211026,5.504964697971535,-0.1340629274965799,3,2016-12-31,True,-0.955619,-0.07229208979307676,22.835,-0.035895614119830464,0.175,-0.9759566252354342,-2.172500047946515,-3.7035838964579475,-62.5744,0.0817855691706854,-0.07,-0.9860792698312026,-21.2894,-0.32887689505416506,,-0.11898884571190933,0.0,-1.5784543235447757,0.0,-1.2284125481900676,0.5132421340644181,1.0219268949657474,-0.7204388767092706,0.1485233158614591,0.06553530387211026,False,True,False,True,False,True,False,False,False,True,4,3.9927956112329075
600050.SH,20180316,20171231,9.0901,9.0901,0.2306,0.2306,12.4024,7.7625,1.4842,0.4,0.9325,0.4,0.49,1.0019,415334910306.0,0.6353,46.4768,1.8683,3.021,0.3323,6035.8807,-602053420.0,0.6127,992593855.0,176.3895,1804.7,0.0188,4.4782,0.3054,24.6889,1,2017-12-31,2018-03-16,2017,2017-12-29,5.504964697971535,6.33,3023395.0687,19138090.7849,13417445.518,292.81727116869865,1.2292806703522698,0.003596753310206674,4030.8549,0.2975,0.0198,0.0,992593855.0,91336765025.427,0.0,91336765025.427,-0.37152004327969834,24.6889,0.6127,1.6419254584828347,46.4768,0.49,21.6491,6035.8807,1.0531914893617023,0.003596753310206674,0.4772511848334001,94830300858.97809,107332569742.3122,0.038248955199787625,0.05526605234671722,4.513538047741791,-0.18009682252732062,4,2017-12-31,True,-0.37152004327969834,-1.9158275901999315,24.6889,-0.0009364251463482826,0.6127,-0.9897797725873205,-1.6419254584828347,-3.321633384171192,-46.4768,0.8625235554987553,0.49,-1.4870712032694111,-21.6491,-0.5447868958447551,6035.8807,5.815356439967028,1.0531914893617023,2.233676785592683,0.003596753310206674,-1.0510436277859863,0.4772511848334001,1.8563025241861226,0.1324345823854221,0.038248955199787625,0.05526605234671722,False,True,False,True,False,True,True,True,False,True,6,6.001324345823854
600050.SH,20190314,20181231,9.3747,9.3747,5.8392,5.8392,12.0909,8.1812,-0.0474,2.962,3.6491,2.962,2.86,2.1301,383181806869.0,0.7285,41.4983,1.7094,3.0563,0.326,795.4612,563426263.0,3.1975,5027283119.0,858.2771,406.5,0.1321,4.5167,-0.0907,26.5718,1,2018-12-31,2019-03-14,2018,2018-12-28,4.513538047741791,5.17,3102781.1687,16041378.6422,10958640.3362,34.16758552416193,0.9992999419358802,0.011808917845871934,3010.6536,0.6737,0.0533,0.0,5027283119.0,94830300858.97809,0.0,94830300858.97809,0.5184823111725152,26.5718,3.1975,1.599516736893648,41.4983,2.86,20.224700000000002,795.4612,0.40348221044663135,0.011808917845871934,0.5911605415852995,96207591000.26869,111971903674.956,0.014523734806438803,0.056948867667599545,5.18502185363667,0.1487710525074304,5,2018-12-31,True,0.5184823111725152,0.4970868550685332,26.5718,0.057449935910956734,3.1975,-0.9165255624566033,-1.599516736893648,-3.2332780491351594,-41.4983,0.919675763825538,2.86,-1.183638745473467,-20.224700000000002,-0.3195061397625807,795.4612,2.5039182693219804,0.40348221044663135,0.3743413129915948,0.011808917845871934,-1.0337085981181273,0.5911605415852995,1.3199570964389216,-0.09220253285349216,0.014523734806438803,0.056948867667599545,True,True,False,True,False,True,True,True,True,True,8,7.999077974671465
600050.SH,20200324,20191231,9.3613,9.3613,-0.1245,-0.1245,11.5467,8.4973,0.247,3.515,3.6675,3.515,3.45,2.648,365998698944.0,0.7756,42.666,1.7442,3.1001,0.3312,715.667,1229286869.0,3.8773,5198176968.0,22.0868,3.4,0.161,4.6184,0.1575,26.2918,1,2019-12-31,2020-03-24,2019,2019-12-31,5.18502185363667,5.89,3103370.5687,18278852.6496,12484795.2767,32.2051046809731,1.1226879121853173,0.011648938366120224,4096.5821,0.3662,0.0604,0.0,5198176968.0,96207591000.26869,0.0,96207591000.26869,0.220868,26.2918,3.8773,1.4640573114994802,42.666,3.45,20.290999999999997,715.667,0.3751552795031056,0.011648938366120224,0.526332767403615,107332569742.3122,101707406642.3023,0.11563514506887958,0.018703379310925028,3.9744133139078786,-0.2334818586887334,6,2019-12-31,True,0.220868,-0.10858300200515182,26.2918,-0.05993597530784324,3.8773,-0.8871473665911358,-1.4640573114994802,-3.3702762849300982,-42.666,0.7953392871958078,3.45,-1.1044092888130936,-20.290999999999997,-0.29864228517496566,715.667,3.068601169323252,0.3751552795031056,0.3555432456604502,0.011648938366120224,-0.8052386378074635,0.526332767403615,1.9699289502790533,-0.04043819892465351,0.11563514506887958,0.018703379310925028,True,True,False,True,False,True,True,True,True,True,8,7.999595618010753
600050.SH,20210312,20201231,9.7963,9.7963,4.5862,4.5862,10.0254,9.4533,0.0746,3.7942,3.7453,3.7942,3.68,2.7992,362487592139.0,0.8342,43.0922,1.7572,3.4606,0.3533,688.4651,502300234.0,4.1222,5450075630.0,10.8233,4.8,0.178,4.7624,-0.382,26.0991,1,2020-12-31,2021-03-12,2020,2020-12-31,3.9744133139078786,4.46,3101559.5487,13832955.5872,13619620.2288,22.328164684875723,0.8345400037602634,0.01683267308055084,5211.2885,1.9082,0.0669,0.0,5450075630.0,107332569742.3122,0.0,107332569742.3122,0.7641830653934383,26.0991,4.1222,1.3965804470553336,43.0922,3.68,19.5533,688.4651,0.3758426966292135,0.01683267308055084,0.7759192825113229,111971903674.956,101274411562.2096,0.04322391557177914,-0.019179802659252454,3.6027569203182788,-0.09351226564409965,7,2020-12-31,True,0.7641830653934383,1.463241424808203,26.0991,0.006793028385283671,4.1222,-0.6739350006062663,-1.3965804470553336,-3.36952479797097,-43.0922,0.7030196989331033,3.68,-0.9583093557553582,-19.5533,-0.12014254372362973,688.4651,2.685649668756538,0.3758426966292135,0.10813320420311248,0.01683267308055084,-0.3711454822890924,0.7759192825113229,2.847484299356668,0.21102401309978108,0.04322391557177914,-0.019179802659252454,True,True,False,True,False,True,True,True,True,True,8,8.002110240130998
600050.SH,20220312,20211231,10.5789,10.5789,7.9043,7.9043,9.8252,9.0198,0.0295,4.2472,4.3455,4.2472,4.17,3.0314,352107272795.0,0.9176,43.3307,1.7646,3.613,0.3415,632.758,924378021.0,4.3971,6451519911.0,14.2023,18.4,0.206,4.8148,0.3615,24.5517,0,2021-12-31,2022-03-12,2021,2021-12-31,3.6027569203182788,3.93,3099139.3212,12179617.5323,12086968.1753,17.489111263680964,0.7482672011959539,0.010852799915389736,4940.3733,0.3833,0.0879,0.0,6451519911.0,111971903674.956,0.0,111971903674.956,0.08669974719944995,24.5517,4.3971,1.3372400295769098,43.3307,4.17,18.874499999999998,632.758,0.42669902912621366,0.010852799915389736,0.9193384223930653,101707406642.3023,91254948132.9152,-0.09167029134782387,-0.0659234837145134,4.238502745713325,0.17646092685567116,8,2021-12-31,True,0.08669974719944995,-0.2809126155340364,24.5517,-0.39407949572741613,4.3971,-0.9316742414342714,-1.3372400295769098,-3.4026505226595365,-43.3307,0.7104155226049382,4.17,-0.912323200278189,-18.874499999999998,-0.07306652396713419,632.758,1.26911001609864,0.42669902912621366,0.3317188784430448,0.010852799915389736,-0.7310703562032046,0.9193384223930653,2.6482052749910996,-0.16057520578782417,-0.09167029134782387,-0.0659234837145134,True,True,False,True,False,True,True,True,True,True,8,7.998394247942122
600050.SH,20230309,20221231,11.1602,11.1602,8.2626,8.2626,9.7072,8.4005,-0.2106,4.8088,4.3998,4.8088,4.28,3.1637,348995095759.0,1.0125,46.1329,1.8564,3.1979,0.2865,498.5338,149866053.0,4.6912,6678674090.0,15.7645,3.5,0.234,4.8537,0.6613,24.2469,0,2022-12-31,2023-03-09,2022,2022-12-30,4.238502745713325,4.48,3180443.6237,14248387.4342,13871160.5478,18.113259597065493,0.8732518997287276,0.010074312218668563,3871.6338,0.3872,0.109,0.0,6678674090.0,101707406642.3023,0.0,101707406642.3023,0.08712561839337529,24.2469,4.6912,1.2178313029749328,46.1329,4.28,17.897100000000002,498.5338,0.46581196581196577,0.010074312218668563,0.713816964284512,101274411562.2096,,-0.004257262026309699,,4.259246890059397,0.004894215148745884,9,2022-12-31,True,0.08712561839337529,-0.16821259035208277,24.2469,-0.271354904336962,4.6912,-0.8202772389209677,-1.2178313029749328,-3.232471641964216,-46.1329,0.5362240365339155,4.28,-0.7838112844085173,-17.897100000000002,-0.23480045894121632,498.5338,1.0598949966680604,0.46581196581196577,0.3812415052117605,0.010074312218668563,-0.8053621937232395,0.713816964284512,1.5654492567214915,-0.25213459250108855,-0.004257262026309699,,True,True,False,True,False,True,True,True,True,True,8,7.997478654074989
600050.SH,20240320,20231231,11.7154,11.7154,4.9734,4.9734,9.617,8.6144,-0.0694,5.212,4.7784,5.212,4.66,3.434,352063222174.0,1.063,46.0002,1.8519,3.2808,0.28,456.7765,684903152.0,5.0222,7492855925.0,11.9623,12.2,0.261,5.0069,-0.239,24.5215,1,2023-12-31,2024-03-20,2023,2023-12-29,4.259246890059397,4.38,3180399.2312,13930148.6327,13562955.7127,16.318953601760143,0.8506754458965422,0.01230264442342981,3431.1099,0.4853,0.132,0.0,7492855925.0,104342537977.2096,3068126415.0,101274411562.2096,0.11194067642805083,24.5215,5.0222,1.193857715254068,46.0002,4.66,18.162,456.7765,0.5057471264367817,0.01230264442342981,0.7270160156401732,91254948132.9152,,-0.09893381037459552,,5.31,0.24669927267962377,10,2023-12-31,True,0.11194067642805083,-0.17328370112145178,24.5215,-0.23699518527097743,5.0222,-0.8421514920694414,-1.193857715254068,-3.141108326935674,-46.0002,0.5988518799299454,4.66,-1.059971250045976,-18.162,-0.23360741938476132,456.7765,0.729713749629506,0.5057471264367817,0.6106802293587968,0.01230264442342981,-0.9856533191453779,0.7270160156401732,1.6973563690020517,-0.27601531509576,-0.09893381037459552,,True,True,False,True,False,True,True,True,True,True,8,7.997239846849042
600050.SH,20250319,20241231,12.251,12.251,4.5605,4.5605,9.4907,8.2751,-0.0712,5.5725,4.134,5.5725,4.08,3.7083,350608538214.0,1.1089,45.189,1.8245,2.8696,0.2342,402.0123,-176959034.0,5.2878,6698958565.0,10.4888,-10.6,0.292,5.1838,-0.6054,23.4204,1,2024-12-31,2025-03-19,2024,2024-12-31,5.31,5.31,3180058.1312,16886108.6767,16609754.6119,18.184931506849313,1.0243450750414753,0.01169491525423729,3934.9109,-1.604,0.158,0.0,6698958565.0,91254948132.9152,0.0,91254948132.9152,0.012624466882074747,23.4204,5.2878,1.1657228894110365,45.189,4.08,17.694599999999998,402.0123,0.541095890410959,0.01169491525423729,0.5404143126168064,,,,,,,11,2024-12-31,True,0.012624466882074747,0.01582923184636317,23.4204,-0.3259379851611003,5.2878,-0.868976842430399,-1.1657228894110365,-3.0706794872632512,-45.189,0.7404516179487582,4.08,-0.910176641852716,-17.694599999999998,-0.12370547516960928,402.0123,1.719967913934679,0.541095890410959,0.532672173970577,0.01169491525423729,-0.8672171867267664,0.5404143126168064,1.8900234202884552,-0.11524993278318277,,,True,True,False,True,False,True,True,True,True,True,8,7.998847500672168
600089.SH,20150414,20141231,11.1337,11.1337,23.6509,23.6509,4.6793,4.0829,1.7799,9.6554,8.0289,9.6554,7.4071,4.7189,18861790754.96,1.9127,64.5475,2.8207,-0.4264,-0.0383,-81.6061,186046595.96,5.0213,1370889800.0,24.1065,24.71,0.524,6.0329,0.2165,17.0212,1,2014-12-31,2015-04-14,2014,2014-12-31,7.252276518347911,12.38,324013.3686,4011285.5033,3919400.2767,13.840222363259372,1.202121122237715,0.02206203798148177,3533.705,2.2025,0.16,0.0,1370889800.0,-1381593003.7104,0.0,-1381593003.7104,0.241065,17.0212,5.0213,0.34208731332234593,64.5475,7.4071,10.5421,-81.6061,0.3053435114503817,0.02206203798148177,-0.034442649434297125,246009451.78379846,-1256815831.1588008,1.1780621725233962,0.03010466232735165,6.966958415919305,-0.039341867578651324,1,2014-12-31,True,0.241065,0.23290714268721416,17.0212,-1.178489119679212,5.0213,-0.9362494858104718,-0.34208731332234593,-0.24412800377927482,-64.5475,-0.06410641782812483,7.4071,-0.9615823594709033,-10.5421,0.7125955095940847,-81.6061,-1.45575350695973,0.3053435114503817,-0.15647638377237186,0.02206203798148177,-0.3963186198692647,-0.034442649434297125,-0.7306119146474284,-0.47074665086686207,1.1780621725233962,0.03010466232735165,True,True,True,True,False,True,False,True,True,False,7,6.995292533491331
600089.SH,20160419,20151231,11.527,11.527,3.8176,3.8176,4.7646,4.8317,1.7003,9.3339,7.4251,9.3339,7.4229,4.6125,20673407002.52,1.8946,64.8887,2.8481,0.6333,0.0549,107.9083,94580123.6,5.4073,1501540000.0,14.4939,9.53,0.5816,6.4319,0.789,18.0135,1,2015-12-31,2016-04-19,2015,2015-12-31,6.966958415919305,11.77,324905.3686,3824136.1884,3740652.3317,11.978951884317924,1.083188236122966,0.02585059207307403,3731.0047,-0.9075,0.1801,0.0,1501540000.0,2057625699.3437998,1811616247.5600014,246009451.78379846,0.144939,18.0135,5.4073,0.3473446786876418,64.8887,7.4229,11.2966,107.9083,0.3096629986244842,0.02585059207307403,0.006433072455160851,-1832335161.7003984,-2528742687.4528003,-8.448230742413578,-3.7596822928510165,5.516665031300901,-0.2081673663078747,2,2015-12-31,True,0.144939,0.3103523062878942,18.0135,-0.5551412297173226,5.4073,-0.7568202587650129,-0.3473446786876418,-0.24258604007802606,-64.8887,-0.02062499773471385,7.4229,-0.5677162992610546,-11.2966,0.5494192925939704,107.9083,-0.5691868009170826,0.3096629986244842,-0.2051958421072426,0.02585059207307403,-0.22960456653250771,0.006433072455160851,-0.6389067213325006,-0.2660010143239635,-8.448230742413578,-3.7596822928510165,True,True,True,True,False,True,True,True,True,True,9,8.99733998985676
600089.SH,20170418,20161231,12.3688,12.3688,7.1172,7.1172,4.7756,4.7102,0.9952,9.9357,8.6025,9.9357,8.4516,4.8271,25144612177.87,1.7512,63.4413,2.7353,0.8136,0.0658,99.9014,345288887.67,6.2471,1896448000.0,16.0421,26.3,0.6785,6.9965,0.2345,18.1944,1,2016-12-31,2017-04-18,2016,2016-12-30,5.516665031300901,9.13,324344.8886,2961268.8329,2921257.0188,8.130678012234196,0.7884892490961053,0.038066476541259074,3310.0808,0.3735,0.21,0.0,1896448000.0,2638870013.6496,4471205175.349998,-1832335161.7003984,0.160421,18.1944,6.2471,0.4050905196037364,63.4413,8.4516,10.481000000000002,99.9014,0.3095062638172439,0.038066476541259074,-0.06187669087463345,-1256815831.1588008,337965365.20200014,0.3140906437703888,0.3948150557216417,6.337851343467843,0.14885556899098074,3,2016-12-31,True,0.160421,0.08892882185206472,18.1944,-0.4443219559085725,6.2471,-0.5631541358693256,-0.4050905196037364,-0.42435452887577024,-63.4413,0.0430484625836682,8.4516,-0.02771403861388998,-10.481000000000002,0.6024295204578524,99.9014,-0.25078890794967074,0.3095062638172439,-0.07129341453879151,0.038066476541259074,0.3389063959196739,-0.06187669087463345,-0.6012032974191335,-0.11904700712380861,0.3140906437703888,0.3948150557216417,True,True,False,True,True,True,True,True,True,False,8,7.998809529928762
600089.SH,20180417,20171231,10.2944,10.2944,-4.5773,-4.5773,5.166,5.319,2.1661,8.3487,7.1938,8.3487,7.056,4.4269,28189353865.98,1.4355,59.3054,2.4573,0.4808,0.0467,60.7212,165417534.46,6.9017,1892013800.0,0.2472,-0.23,0.6116,7.5049,0.1685,21.4385,1,2017-12-31,2018-04-17,2017,2017-12-29,6.337851343467843,9.91,371864.7789,3685179.9589,3680883.9739,10.362739279705433,0.8444951089911715,0.03313425775068678,4030.8549,0.2975,0.21,0.0,1892013800.0,1787925856.9511998,3044741688.1100006,-1256815831.1588008,0.11337274285637933,21.4385,6.9017,0.41105220742193643,59.3054,7.056,12.6511,60.7212,0.34336167429692604,0.03313425775068678,-0.03410459855897923,-2528742687.4528003,-1447912379.9316015,-1.0120232612929978,-0.050682723762480286,4.478398007589286,-0.29338860050654514,4,2017-12-31,True,0.11337274285637933,-0.14846911535182827,21.4385,-0.25585184959592944,6.9017,-0.5610971439392589,-0.41105220742193643,-0.4348035132179767,-59.3054,0.2723580211573548,7.056,-0.6131964981722562,-12.6511,0.3128047024373059,60.7212,-0.19462693730795028,0.34336167429692604,-0.21436533250162548,0.03313425775068678,0.07080813652487715,-0.03410459855897923,-0.3115446104744699,-0.18890764913106886,-1.0120232612929978,-0.050682723762480286,True,True,False,True,False,True,True,True,True,False,7,6.99811092350869
600089.SH,20190416,20181231,10.6759,10.6759,3.5901,3.5901,5.0021,5.276,1.4268,6.5958,6.1401,6.5958,5.8888,3.8652,33298933091.23,1.2899,57.8996,2.3753,0.6948,0.0651,93.1113,43878178.47,6.3905,1906427791.15,-6.7336,0.76,0.4905,7.7963,0.9287,19.665,1,2018-12-31,2019-04-16,2018,2018-12-28,4.478398007589286,6.79,371450.2789,2522147.3937,2522018.3837,9.130271167358382,0.5744260748803004,0.040192943926592554,3010.6536,0.6737,0.18,0.0,1906427791.15,2580836537.7971997,5109579225.25,-2528742687.4528003,0.08283217412077026,19.665,6.3905,0.48408610714909345,57.8996,5.8888,11.7049,93.1113,0.3669724770642202,0.040192943926592554,-0.10026149517547128,337965365.20200014,7171542348.993605,1.1336495669879454,1.278670369083366,4.496986764241509,0.004150760298821554,5,2018-12-31,True,0.08283217412077026,-0.37686736175382723,19.665,-0.400761435438221,6.3905,-0.6863974465074623,-0.48408610714909345,-0.6262209708147958,-57.8996,0.22737656109549342,5.8888,-0.8223782926651081,-11.7049,0.3800578829330185,93.1113,-0.13907942378379032,0.3669724770642202,0.12254074679943174,0.040192943926592554,-0.05160800586713069,-0.10026149517547128,-0.29676074952121845,-0.2427362268657827,1.1336495669879454,1.278670369083366,True,True,False,True,False,True,True,True,True,False,7,6.997572637731342
600089.SH,20200414,20191231,9.9694,9.9561,-6.7468,-6.6217,5.7779,6.1221,1.9022,5.9741,4.7232,5.9741,4.4337,3.6381,37002140040.46,1.0535,57.9087,2.3758,1.088,0.1093,141.4685,215936663.97,6.4639,1595809896.66,-1.44,-16.29,0.4695,8.1801,-0.1172,20.6115,1,2019-12-31,2020-04-14,2019,2019-12-31,4.496986764241509,6.65,371431.2789,2470018.0047,2470018.0047,9.578246569204492,0.5497471625336499,0.036691235409457554,4096.5821,0.3662,0.165,0.0,1595809896.66,4041172314.4319997,3703206949.2299995,337965365.20200014,-0.05590998366169686,20.6115,6.4639,0.512601506183646,57.9087,4.4337,13.8022,141.4685,0.3514376996805112,0.036691235409457554,0.013682708569691105,-1447912379.9316015,-3091794468.8767967,-5.284203439208015,-3.382752778063365,7.02025656212814,0.5611023403383804,6,2019-12-31,True,-0.05590998366169686,-0.5869102516891421,20.6115,-0.41227067801189726,6.4639,-0.7018744244264313,-0.512601506183646,-0.9673970679674906,-57.9087,0.161933272526546,4.4337,-0.9865516899855747,-13.8022,0.22411252576607227,141.4685,0.1293721427050107,0.3514376996805112,0.20828823449840006,0.036691235409457554,0.18315454627548544,0.013682708569691105,-0.16876430972159748,-0.2651734272755108,-5.284203439208015,-3.382752778063365,False,True,False,True,False,True,True,True,True,True,7,6.997348265727245
600089.SH,20210415,20201231,11.8908,11.8717,19.2408,19.272,4.9807,6.0983,2.8366,6.8618,5.0664,6.8618,4.8765,4.4484,43708033604.5,1.0944,57.4438,2.3498,1.4156,0.1192,139.8628,688182894.15,7.2489,1836184486.62,23.2088,15.06,0.5907,8.8041,0.0052,20.6098,0,2020-12-31,2021-04-15,2020,2020-12-31,7.02025656212814,10.15,371431.2789,3770027.4808,3770027.4808,11.884639516045608,0.7973849186320169,0.029913436658836296,5211.2885,1.9082,0.21,0.0,1836184486.62,5257981184.108399,6705893564.040001,-1447912379.9316015,-0.009934323483025698,20.6098,7.2489,0.568809614241473,57.4438,4.8765,13.915600000000001,139.8628,0.35551041137633316,0.029913436658836296,-0.03840588397048911,7171542348.993605,11690472717.837795,5.953022329522718,3.02467315008616,14.922903624624684,1.1256920587672816,7,2020-12-31,True,-0.009934323483025698,-0.266835287969303,20.6098,-0.24167818438560001,7.2489,-0.449921559639463,-0.568809614241473,-1.2945217711799095,-57.4438,0.10079756841655867,4.8765,-0.8077423600694202,-13.915600000000001,0.26345695496893234,139.8628,-0.2980460076824856,0.35551041137633316,0.02421171422644865,0.029913436658836296,0.12272731537165947,-0.03840588397048911,-0.776390406436103,-0.32944927494351683,5.953022329522718,3.02467315008616,False,True,False,True,False,True,True,True,True,False,6,5.996705507250565
600089.SH,20220412,20211231,16.199,16.1746,37.4007,37.3897,3.2859,5.8278,1.6882,17.74,14.2525,17.74,15.4343,10.619,48185575895.02,1.3357,54.9183,2.2182,3.0768,0.1902,100.9531,1855777087.19,16.0148,5828581900.0,196.3385,224.27,1.8813,10.5631,-0.251,30.2709,0,2021-12-31,2022-04-12,2021,2021-12-31,14.922903624624684,21.17,378610.3952,8015182.0664,8015182.0664,7.932229641537599,1.4127390278066745,0.03886643072886475,4940.3733,0.3833,0.58,0.0,5828581900.0,11649084639.513601,4477542290.519997,7171542348.993605,0.45137904233355197,30.2709,16.0148,0.5431658133548424,54.9183,15.4343,10.8019,100.9531,0.30829745388826874,0.03886643072886475,0.0894744784283445,-3091794468.8767967,3691824463.504793,-1.431119878879426,-0.19855050672173102,14.476893066703298,-0.02988765250654124,8,2021-12-31,True,0.45137904233355197,0.20996754839917714,30.2709,-0.1057012552336412,16.0148,-0.0815564826162358,-0.5431658133548424,-1.3312972264593332,-54.9183,0.1837123349157562,15.4343,-0.017334720461554577,-10.8019,0.458460535649451,100.9531,-0.2533370386319408,0.30829745388826874,-0.34341283430204894,0.03886643072886475,0.2092368235136338,0.0894744784283445,4.588316778843743e-05,-0.0973833120053589,-1.431119878879426,-0.19855050672173102,True,True,False,True,True,True,True,True,True,True,9,8.999026166879947
600089.SH,20230425,20221231,24.7083,24.6783,39.0314,39.0699,2.3872,4.5768,0.9114,31.1781,31.1718,31.1781,33.1396,18.664,72963822103.01,1.5849,52.9393,2.1249,5.5982,0.2268,81.6302,4615407835.81,23.8332,15879799800.0,118.9313,172.45,4.1183,13.9743,-1.3208,38.5907,0,2022-12-31,2023-04-25,2022,2022-12-30,14.476893066703298,20.08,387382.5826,7778642.2586,7778642.2586,3.515259467912318,1.0359655271965893,0.07736466621943823,3871.6338,0.3872,1.12,0.3,15879799800.0,21686451739.1132,24778246207.989998,-3091794468.8767967,1.1509052994807862,38.5907,23.8332,0.6343061565375848,52.9393,33.1396,7.875400000000001,81.6302,0.2719568754097565,0.07736466621943823,-0.039747225365179065,11690472717.837795,,4.7811286731762515,,13.598684809117135,-0.06066275778509633,9,2022-12-31,True,1.1509052994807862,1.764979983916498,38.5907,0.4850208812327914,23.8332,0.4760675504069208,-0.6343061565375848,-1.602563106369774,-52.9393,0.23965336920764474,33.1396,1.334676273523838,-7.875400000000001,0.5714842913760652,81.6302,-0.29382801965081556,0.2719568754097565,-0.5438679605325066,0.07736466621943823,1.1957953077372843,-0.039747225365179065,-0.6004045015904788,0.2751830972052243,4.7811286731762515,,True,True,False,True,True,True,True,True,True,False,8,8.002751830972052
600089.SH,20240409,20231231,19.4364,19.42,1.7942,1.7574,2.8634,4.8406,1.2622,17.7994,17.2722,17.7994,17.8638,9.9611,87085623808.67,1.2272,54.2821,2.1873,5.1086,0.2631,152.6508,1340469100.0,14.3626,10385751000.0,-32.7474,-34.7,2.3888,11.9862,1.8092,27.5324,1,2023-12-31,2024-04-09,2023,2023-12-29,13.598684809117135,13.8,505271.0023,6972739.8317,6972739.8317,5.692684531613001,1.1345284418011659,0.014707304625952617,3431.1099,0.4853,0.2,0.0,10385751000.0,25812274423.4978,14121801705.660004,11690472717.837795,0.7817244132412768,27.5324,14.3626,0.6574038142661837,54.2821,17.8638,8.9662,152.6508,0.08372404554588078,0.014707304625952617,0.16765967180776886,3691824463.504793,,-0.6842022942432723,,14.64,0.07657469861973154,10,2023-12-31,True,0.7817244132412768,0.27872996910773584,27.5324,-0.08084164132234378,14.3626,-0.20398354837083893,-0.6574038142661837,-1.56758320559432,-54.2821,0.24802404848270485,17.8638,0.6013255589066873,-8.9662,0.4745024058094349,152.6508,-0.17241146279753097,0.08372404554588078,-1.15148584162169,0.014707304625952617,-0.8708617208620407,0.16765967180776886,-0.16041538153704862,-0.2368182563453864,-0.6842022942432723,,True,True,False,True,True,True,True,True,True,True,9,8.997631817436545
600100.SH,20170418,20161231,9.1684,9.1684,-4.4748,-4.4748,7.6656,8.688,2.3232,21.8163,-0.6846,21.8163,-0.63,10.6205,3899551884.39,5.517,57.3765,2.3461,-0.7103,-0.0775,-41.5818,245735971.61,17.2986,-135017713.89,241.0235,-124.72,1.4516,7.3518,0.37,17.8683,1,2016-12-31,2017-04-18,2016,2016-12-30,13.518823286423762,13.85,296389.8951,4105000.0471,3044066.8996,9.313049935535796,1.8388453557528446,0.01849273377595384,3310.0808,0.3735,0.25,0.0,-135017713.89,-2105257424.8953001,0.0,-2105257424.8953001,2.410235,17.8683,17.2986,0.07628007416920461,57.3765,-0.63,18.6768,-41.5818,0.17222375310002755,0.01849273377595384,-0.05128519855639395,227732087.01299977,,1.108173035905253,,12.123032004281006,-0.1032479863498531,3,2016-12-31,True,2.410235,0.4139324633989648,17.8683,-0.4730225183481943,17.2986,0.18816529418445324,-0.07628007416920461,0.5984847646347629,-57.3765,0.31405181248439673,-0.63,-1.0490585846877667,-18.6768,-0.10376206388889572,-41.5818,-0.7813174469821198,0.17222375310002755,-0.7397995413335536,0.01849273377595384,-0.46700737994404795,-0.05128519855639395,-0.5713114381742742,-0.24278587624147951,1.108173035905253,,True,True,True,True,False,True,False,True,True,False,7,6.997572141237585
600104.SH,20150403,20141231,57.14,56.8417,11.2483,11.3456,6.3609,3.0649,-0.0261,18.938,17.5452,18.938,17.58,10.754,45296444512.87,14.5817,55.408,2.2426,2.1118,0.0372,57.7278,6111244368.2,6.1034,25916187753.37,12.7796,13.77,2.537,14.2999,-0.2001,12.3623,1,2014-12-31,2015-04-03,2014,2014-12-31,13.663099530456735,21.47,1102556.6629,23671891.5525,23671891.5525,5.385533910310104,0.9554681872220601,0.09514678547881025,3533.705,2.2025,1.3,0.0,25916187753.37,23283791607.122204,0.0,23283791607.122204,0.127796,12.3623,6.1034,0.12810862727487415,55.408,17.58,9.399700000000001,57.7278,0.5124162396531337,0.09514678547881025,0.09836050302732649,18057401703.81751,9555437597.430004,-0.22446472599875064,-0.2568685769758574,14.261400274278655,0.04378953271095143,1,2014-12-31,True,0.127796,-0.06355532613299085,12.3623,-1.608280995003775,6.1034,-0.8621019107342712,-0.12810862727487415,0.44720321570026483,-55.408,0.3326864744379419,17.58,0.5539161766843391,-9.399700000000001,0.8101463137392413,57.7278,-0.7028915790751168,0.5124162396531337,1.095056770056979,0.09514678547881025,2.1467446471557348,0.09836050302732649,-0.2978858802012321,0.1682761733297377,-0.22446472599875064,-0.2568685769758574,True,True,True,True,True,True,True,True,True,True,10,10.001682761733298
600104.SH,20160422,20151231,60.8085,59.9855,5.5307,6.4202,5.3006,3.6208,-0.0345,17.9053,16.4251,17.9053,16.43,9.8082,53231816136.92,13.6093,58.7755,2.4257,2.3575,0.0393,59.6324,6760271394.97,6.0592,27330818075.38,6.5074,5.46,2.702,15.8839,-0.9037,11.4218,1,2015-12-31,2016-04-22,2015,2015-12-31,14.261400274278655,21.22,1102556.6629,23396252.3867,23396252.3867,5.278090404988399,0.8978525597793146,0.0953623048118807,3731.0047,-0.9075,1.36,0.0,27330818075.38,25992773327.867504,7935371624.049995,18057401703.81751,0.06507399999999999,11.4218,6.0592,0.12530723093172877,58.7755,16.43,8.8869,59.6324,0.5033308660251666,0.0953623048118807,0.07718074418654565,1742302406.0951004,-6638064782.507006,-0.9035131169659497,-0.4558696925022101,16.83990572806452,0.18080310517869425,2,2015-12-31,True,0.06507399999999999,0.15515707467226356,11.4218,-1.0945684477986901,6.0592,-0.7129373259015411,-0.12530723093172877,0.43732558271249206,-58.7755,0.24124435339799238,16.43,0.7275090921197284,-8.8869,0.773501488210747,59.6324,-0.7152056182245848,0.5033308660251666,1.063658831852259,0.0953623048118807,2.591487572466359,0.07718074418654565,-0.4256242315568125,0.27650439745001937,-0.9035131169659497,-0.4558696925022101,True,True,True,True,True,True,True,True,True,True,10,10.0027650439745
600104.SH,20170406,20161231,68.6056,67.6824,12.8313,12.8225,6.2801,3.7358,-0.0439,17.441,16.5258,17.441,16.61,9.0925,62866795935.29,13.0306,60.1955,2.5123,1.0319,0.0152,23.49,8273026876.51,5.8912,30328970857.53,7.4338,10.97,2.903,17.4069,2.9003,12.867,1,2016-12-31,2017-04-06,2016,2016-12-30,16.83990572806452,23.45,1102556.6629,25854953.745,25854953.745,5.800863151245098,0.9674270391663374,0.09798154613479783,3310.0808,0.3735,1.65,0.0,30328970857.53,11377282204.465103,9634979798.370003,1742302406.0951004,0.074338,12.867,5.8912,0.13038495332823527,60.1955,16.61,9.972,23.49,0.5683775404753703,0.09798154613479783,0.006738756616155379,9555437597.430004,37002997046.832504,4.484373759688442,1.769307115402134,24.268538785000043,0.4411326985373407,3,2016-12-31,True,0.074338,0.07649344342732303,12.867,-0.9131946217805169,5.8912,-0.5873494564281763,-0.13038495332823527,0.4301792951982259,-60.1955,0.1880858377828147,16.61,0.8898046083964514,-9.972,0.646287535103463,23.49,-0.5373135865505511,0.5683775404753703,1.1892971267692254,0.09798154613479783,2.8058019991895224,0.006738756616155379,-0.4075532208491283,0.34368536002351396,4.484373759688442,1.769307115402134,True,True,True,True,True,True,False,True,True,True,9,9.003436853600235
600104.SH,20180330,20171231,74.519,73.4352,14.9743,15.1009,7.0203,3.5952,0.0165,16.4936,15.7772,16.4936,16.14,8.26,77612957977.06,12.3952,62.3921,2.659,2.08,0.0283,44.9105,9059075454.75,5.4915,32915755236.71,7.5132,8.53,2.959,19.2867,1.0991,13.473,1,2017-12-31,2018-03-30,2017,2017-12-29,24.268538785000043,32.04,1168346.1365,37433810.2135,35325915.4793,8.201601481919582,1.2583043644065621,0.0754062704892266,4030.8549,0.2975,1.83,0.0,32915755236.71,24301599639.2,14746162041.769997,9555437597.430004,0.08295622545108028,13.473,5.4915,0.12953479622719105,62.3921,16.14,10.632000000000001,44.9105,0.6184521797904697,0.0754062704892266,0.025526222265196942,-6638064782.507006,37517931135.287994,-1.6946897737359883,0.5775971042208139,21.312843870053676,-0.12179121871042475,4,2017-12-31,True,0.08295622545108028,-0.2593325708385306,13.473,-0.8805530597402623,5.4915,-0.6572218446737949,-0.12953479622719105,0.4869867709553933,-62.3921,0.13035780641438982,16.14,0.5958010377860983,-10.632000000000001,0.5052433772640793,44.9105,-0.22704186040705146,0.6184521797904697,0.7343594596157553,0.0754062704892266,1.6763240042334149,0.025526222265196942,-0.058745075865596255,0.18601618588580868,-1.6946897737359883,0.5775971042208139,True,True,True,True,True,True,False,True,True,True,9,9.001860161858858
600104.SH,20190402,20181231,77.2198,75.9729,3.4556,3.6243,7.0299,4.0702,0.0217,15.6663,14.1,15.6663,14.1,7.248,93226257780.16,10.5619,63.6266,2.7493,0.7682,0.0101,16.7226,7089254582.26,5.4533,32409013305.15,4.6465,-1.54,3.082,20.0599,-0.0622,13.2534,1,2018-12-31,2019-04-02,2018,2018-12-28,21.312843870053676,26.67,1168346.1365,31159791.4605,30679655.4296,6.915264072048565,1.0624601254270298,0.05911928073429962,3010.6536,0.6737,1.26,0.0,32409013305.15,8975235020.593,15613299803.100006,-6638064782.507006,0.058451735276499495,13.2534,5.4533,0.1446824415259491,63.6266,14.1,11.121799999999999,16.7226,0.4088254380272551,0.05911928073429962,-0.02130330297916727,37002997046.832504,21615571871.3865,6.574365159006107,1.4187687516171403,20.04918851662474,-0.059290790151401596,5,2018-12-31,True,0.058451735276499495,-0.42577676295389916,13.2534,-0.8261202164283159,5.4533,-0.7539439765004265,-0.1446824415259491,0.4413799789941308,-63.6266,-0.014360224039524411,14.1,0.15701348959188993,-11.121799999999999,0.427936446001847,16.7226,-0.4265360858824805,0.4088254380272551,0.41119251965482406,0.05911928073429962,0.6032521092951872,-0.02130330297916727,-0.11213672595587926,-0.047099949838422424,6.574365159006107,1.4187687516171403,True,True,True,True,True,True,False,True,True,False,8,7.9995290005016155
600104.SH,20200414,20191231,72.181,70.7436,-6.8831,-6.5252,6.8124,4.2335,0.0029,10.5784,8.9165,10.5784,8.87,5.0204,102495609469.41,8.6176,64.5793,2.8232,3.9605,0.056,114.6901,2765624601.28,4.2695,21581115159.9,-28.8977,-33.41,2.191,21.3723,0.3086,12.1508,1,2019-12-31,2020-04-14,2019,2019-12-31,20.04918851662474,23.85,1168346.1365,27865055.3555,27435687.3639,9.150702198368206,0.9380922276322501,0.0438920507565833,4096.5821,0.3662,0.88,0.0,21581115159.9,46272348736.082504,9269351689.25,37002997046.832504,-0.1072317514035056,12.1508,4.2695,0.145392106364657,64.5793,8.87,11.0488,114.6901,0.40164308534915566,0.0438920507565833,0.13279355298150827,37517931135.287994,8765114145.227488,0.013916010311374738,-0.3812618539400868,21.601721961364852,0.07743622358843893,6,2019-12-31,True,-0.1072317514035056,-0.6756044450931429,12.1508,-0.9370665900531961,4.2695,-0.8590548714558242,-0.145392106364657,0.4472493304636338,-64.5793,-0.11526159199566964,8.87,-0.45503632383886194,-11.0488,0.44593367859017746,114.6901,-0.007702145309315213,0.40164308534915566,0.5199977209776393,0.0438920507565833,0.4673631712519457,0.13279355298150827,0.3281468985126819,-0.07645774254090294,0.013916010311374738,-0.3812618539400868,False,True,True,True,True,True,True,True,True,True,9,8.999235422574591
600104.SH,20210326,20201231,63.5199,61.886,-12.5207,-11.9992,5.1294,4.7449,0.0697,8.0152,6.9611,8.0152,6.96,4.0439,99195309058.59,7.3591,66.2784,2.9655,3.2112,0.0519,105.3653,2559254786.89,4.0368,17744125367.99,-20.2018,-17.78,1.752,22.2625,1.2004,10.7591,0,2020-12-31,2021-03-26,2020,2020-12-31,21.601721961364852,24.44,1168346.1365,28554379.5761,28554379.5761,12.329749977947975,0.9703187854627671,0.028701415614407196,5211.2885,1.9082,0.62,0.0,17744125367.99,37517931135.287994,0.0,37517931135.287994,-0.18613896258039442,10.7591,4.0368,0.12860200726655,66.2784,6.96,9.944,105.3653,0.3538812785388128,0.028701415614407196,0.13139116202927584,21615571871.3865,39366172439.351006,-0.42386023916292964,0.016158457631754386,18.835622621631686,-0.12804994642003054,7,2020-12-31,True,-0.18613896258039442,-0.660635436585227,10.7591,-0.6875666174539592,4.0368,-0.6800535114511075,-0.12860200726655,0.4792244598068727,-66.2784,-0.2699200961129339,6.96,-0.5455557027257916,-9.944,0.5336919389175958,105.3653,-0.48566833737004833,0.3538812785388128,0.017487469834134163,0.028701415614407196,0.07696666688554375,0.13139116202927584,-0.020766921562971493,-0.20389055343799017,-0.42386023916292964,0.016158457631754386,False,True,True,True,False,True,True,True,True,True,8,7.99796109446562
600104.SH,20220430,20211231,66.7478,65.0419,5.0996,5.0818,3.7835,5.6129,0.0723,9.1905,6.9585,9.1905,6.96,4.4929,96421472965.4,7.9732,64.1441,2.7889,1.8501,0.0284,52.153,557857150.92,4.4665,18575001265.06,20.0776,4.68,2.12,23.4326,0.2621,9.629,0,2021-12-31,2022-04-30,2021,2021-12-31,18.835622621631686,20.63,1168346.1365,24102980.796,24102980.796,8.884727651713058,0.8038212840927462,0.036207988113796684,4940.3733,0.3833,0.682,0.0,18575001265.06,21615571871.3865,0.0,21615571871.3865,-0.16934436744938974,9.629,4.4665,0.12628414071378025,64.1441,6.96,9.4687,52.153,0.32169811320754715,0.036207988113796684,0.08968007755693728,8765114145.227488,69267749408.8245,-0.5945000115018811,0.4743076387779044,13.694518967913032,-0.2729457771050465,8,2021-12-31,True,-0.16934436744938974,-0.6255633227444323,9.629,-1.14652423789703,4.4665,-0.9265959408703068,-0.12628414071378025,0.4673831432384753,-64.1441,-0.2356375105209909,6.96,-0.690647831308221,-9.4687,0.5462428952214391,52.153,-0.39304159666733657,0.32169811320754715,-0.2670016036241101,0.036207988113796684,0.12000338232002439,0.08968007755693728,0.0007019657308318457,-0.28642551428378704,-0.5945000115018811,0.4743076387779044,False,True,True,True,False,True,True,True,True,True,8,7.997135744857162
600104.SH,20230429,20221231,63.6851,61.7101,-5.1226,-4.5885,4.0555,5.8694,-0.1027,5.8291,3.2519,5.8291,3.26,2.9395,97160854640.6,7.6873,66.034,2.9441,0.8135,0.0132,36.5247,-1649553867.39,3.1682,8991524863.7,-34.3028,-51.59,1.4,23.8999,1.0856,9.61,1,2022-12-31,2023-04-29,2022,2022-12-30,13.694518967913032,14.41,1168346.1365,16835867.827,16835867.827,9.781799262795023,0.57299482290357,0.024615687545494865,3871.6338,0.3872,0.3371,0.0,8991524863.7,9504495820.4275,739381675.2000122,8765114145.227488,-0.25311600026752656,9.61,3.1682,0.1181873944737005,66.034,3.26,9.8222,36.5247,0.2407857142857143,0.024615687545494865,0.052062146337183215,39366172439.351006,,3.4912332899606873,,13.15804081484374,-0.03917466209118314,9,2022-12-31,True,-0.25311600026752656,-0.7865291293369349,9.61,-1.043186408945638,3.1682,-0.9234186616639608,-0.1181873944737005,0.5375384955112751,-66.034,-0.33091314428514396,3.26,-0.8586861028083219,-9.8222,0.4148566581484009,36.5247,-0.440289584176934,0.2407857142857143,-0.6926220435656676,0.024615687545494865,-0.37291414453481364,0.052062146337183215,-0.3365309318521672,-0.4393359088645369,3.4912332899606873,,False,True,True,True,False,True,False,True,True,True,7,6.995606640911355
600104.SH,20240330,20231231,63.7401,62.1562,0.7228,0.0863,4.0122,5.7211,-0.021,4.9885,3.5522,4.9885,3.55,2.6559,100128536111.19,7.5494,65.9358,2.9356,3.6234,0.0583,163.2198,573348050.71,2.7624,10044669854.9,-12.4795,11.71,1.226,24.5063,-0.7921,10.189,1,2023-12-31,2024-03-30,2023,2023-12-29,13.15804081484374,13.53,1168346.1365,15807723.2268,15807723.2268,10.732496586332578,0.5369248240184663,0.02815312744600262,3431.1099,0.4853,0.37044,0.0,10044669854.9,42333853909.941,2967681470.5899963,39366172439.351006,-0.17276857659984957,10.189,2.7624,0.11912741426615445,65.9358,3.55,9.712299999999999,163.2198,0.3021533442088091,0.02815312744600262,0.24903126069800252,69267749408.8245,,0.7595754201285627,,14.63,0.11186765612519811,10,2023-12-31,True,-0.17276857659984957,-0.3654240403623828,10.189,-0.9803180019184224,2.7624,-0.9965487255037806,-0.11912741426615445,0.45471639875993786,-65.9358,-0.24563589661886695,3.55,-1.1996310038999767,-9.712299999999999,0.4170500100877589,163.2198,-0.14106073719248888,0.3021533442088091,-0.23942980383502618,0.02815312744600262,-0.2289966082241693,0.24903126069800252,0.1098413891308662,-0.31049427450695916,0.7595754201285627,,False,True,True,True,False,True,True,True,True,True,8,7.99689505725493
600109.SH,20150316,20141231,0.9594,0.9594,76.0196,76.0196,,55.1055,,10.0799,10.0258,10.0799,11.23,,70324675.8,45.2835,62.3855,2.6585,1.0181,1.0612,270.1373,287128279.5,30.7374,832003766.89,164.78,177.88,0.323,3.4788,2.0748,,1,2014-12-31,2015-03-16,2014,2014-12-31,18.531034751354774,19.79,283685.931,5614144.5745,5614144.5745,57.37162461719744,5.326846829755885,0.001618905819482463,3533.705,2.2025,0.03,1.0,832003766.89,2888206463.511,0.0,2888206463.511,1.6478,,30.7374,0.0026804259545679084,62.3855,11.23,55.1055,270.1373,0.09287925696594426,0.001618905819482463,0.051445174330378304,13577338027.949,-10507833986.664,3.7009582588648926,-1.5460621922772013,15.110650183048282,-0.1845760160833131,1,2014-12-31,True,1.6478,3.1943877995431205,,0.14556856762403272,30.7374,0.8258671904829216,-0.0026804259545679084,0.8524418540787393,-62.3855,0.029757166949952316,11.23,-0.392069304799386,-55.1055,-3.0180305244559085,270.1373,0.4448192484478816,0.09287925696594426,-1.4405955471155627,0.001618905819482463,-1.1076596348466805,0.051445174330378304,-0.45075487288298927,-0.08329709608853442,3.7009582588648926,-1.5460621922772013,True,True,True,True,True,False,True,True,False,True,8,7.999167029039115
600109.SH,20160321,20151231,2.2314,2.2314,147.9479,147.9479,,48.0243,,17.9127,17.7434,17.9127,17.28,,126495981.4,68.5746,70.6926,3.4121,4.5079,2.0202,439.9311,668542778.17,34.9436,2337464677.51,182.1,180.94,0.801,5.4486,6.3447,,1,2015-12-31,2016-03-21,2015,2015-12-31,15.110650183048282,16.12,302435.931,4875267.2077,4573017.2077,18.8647318140428,2.7733087734552515,0.0052942791362973335,3731.0047,-0.9075,0.08,0.0,2337464677.51,13633509333.549,56171305.60000001,13577338027.949,1.821,,34.9436,0.002249762459090705,70.6926,17.28,48.0243,439.9311,0.09987515605493133,0.0052942791362973335,0.27849423322900013,-6978664140.96,,-1.5139935476743964,,12.289525632323322,-0.18669776062249177,2,2015-12-31,True,1.821,3.5673068558017658,,0.003852571770943522,34.9436,1.2314286596816226,-0.002249762459090705,0.8141458170078407,-70.6926,-0.2692449557009367,17.28,0.8497395084217199,-48.0243,-2.8659534326225664,439.9311,0.43507363907731117,0.09987515605493133,-1.5796638328841126,0.0052942791362973335,-1.063870484431066,0.27849423322900013,0.1812740750253105,0.11855349283162107,-1.5139935476743964,,True,True,True,True,True,False,True,True,True,True,9,9.001185534928316
600109.SH,20170412,20161231,1.5446,1.5446,-30.7773,-30.7773,,62.1926,,7.6451,7.222,7.6451,7.22,,127963194.19,36.7168,63.4001,2.7322,-2.307,-1.4936,-426.1329,280607369.51,27.6901,1226868083.64,-44.96,-47.51,0.429,5.7854,-3.0574,,1,2016-12-31,2017-04-12,2016,2016-12-30,12.289525632323322,13.03,302435.931,3940740.1809,3940740.1809,28.64691289585856,2.1242309317114327,0.0040685052862001764,3310.0808,0.3735,0.05,0.0,1226868083.64,-6977196928.17,1467212.7899999917,-6978664140.96,-0.4496,,27.6901,0.002676737650454368,63.4001,7.22,62.1926,-426.1329,0.11655011655011656,0.0040685052862001764,-0.17709018663002005,-10507833986.664,,-0.5057085101703317,,12.92145058809129,0.051419800460475784,3,2016-12-31,True,-0.4496,0.0008064053233732362,,-0.09756969915376158,27.6901,0.8946156273884385,-0.002676737650454368,0.8274445977853375,-63.4001,0.04488946937959041,7.22,-0.166223546073433,-62.1926,-3.1737134229443367,-426.1329,-2.2232931251285093,0.11655011655011656,-1.0109059403942815,0.0040685052862001764,-1.0608991351122716,-0.17709018663002005,-0.9263648039140624,-0.6264739611676288,-0.5057085101703317,,False,True,True,True,False,False,False,True,False,False,4,3.993735260388324
600111.SH,20150403,20141231,2.4103,2.4103,-31.0921,-31.0921,0.9973,13.1791,5.1568,7.976,7.6115,7.976,7.499,4.0719,2549426467.12,2.3047,40.6006,1.6835,0.2879,0.1195,188.4678,252941964.2,4.5129,613639004.14,-57.4424,-57.9259,0.265,3.4284,-0.8178,32.7846,1,2014-12-31,2015-04-03,2014,2014-12-31,16.569206963249517,25.88,242204.4,6268249.872,3828867.9822,62.52530929528119,4.832927010631641,0.007544114831642206,3533.705,2.2025,0.125,0.5,613639004.14,697306467.6,0.0,697306467.6,-0.574424,32.7846,4.5129,0.18237103151315567,40.6006,7.499,19.333199999999998,188.4678,0.4716981132075471,0.007544114831642206,0.011124420401854714,2635193125.93,-1948708063.02,2.779103232757682,-1.264874032469106,13.519360214253831,-0.18406715274667296,1,2014-12-31,True,-0.574424,-1.9014975243948662,32.7846,0.27571278366518565,4.5129,-0.9710860324963053,-0.18237103151315567,0.27188998807524584,-40.6006,0.9755521752903472,7.499,-0.9478916404554144,-19.333199999999998,-0.03808627815143958,188.4678,0.0035349865462741487,0.4716981132075471,0.848959248424046,0.007544114831642206,-0.9014855437503172,0.011124420401854714,-0.5821360910992726,-0.26968490257695604,2.779103232757682,-1.264874032469106,False,True,True,True,False,True,True,True,True,True,8,7.99730315097423
600111.SH,20160416,20151231,1.8026,1.8026,12.1788,12.1788,1.2016,10.706,2.2275,3.9049,3.174,3.9049,3.194,3.2704,2622684044.19,2.5324,31.8435,1.4672,0.7455,0.4136,967.1657,11719665.38,0.8801,264746961.3,-49.3466,-56.8562,0.0897,2.3062,0.1037,23.4802,1,2015-12-31,2016-04-16,2015,2015-12-31,13.519360214253831,14.02,363306.6,5093558.532,3111325.103,150.717505175628,5.862180302772453,0.002219039919386879,3731.0047,-0.9075,0.03,0.0,264746961.3,2708450703.0,73257577.07000017,2635193125.93,-0.493466,23.4802,0.8801,0.2133469312661116,31.8435,3.194,14.135099999999998,967.1657,0.33444816053511706,0.002219039919386879,0.05173579746604549,-100174215.29999991,-1721806019.19,-1.038013993856578,-0.5511296436236653,11.858018152060705,-0.12288614519210217,2,2015-12-31,True,-0.493466,-0.9302087885543601,23.4802,-0.1077776098490928,0.8801,-1.0615707015622355,-0.2133469312661116,0.1677349522610706,-31.8435,1.394922519449495,3.194,-1.1758341904369265,-14.135099999999998,0.28546223891167793,967.1657,2.029785964183503,0.33444816053511706,-0.04281078072746987,0.002219039919386879,-1.1886772664616831,0.05173579746604549,-0.5023329267823335,-0.10284605359712318,-1.038013993856578,-0.5511296436236653,False,True,True,True,False,True,True,True,False,True,7,6.998971539464029
600111.SH,20170415,20161231,1.4074,1.4074,-21.9222,-21.9222,1.313,11.6996,1.664,1.0854,0.2301,1.0854,0.232,2.6178,2823857494.29,1.8776,37.2318,1.5932,0.0278,0.0197,55.4199,18649613.32,1.5701,19257497.64,-72.112,-92.7261,0.025,2.3009,0.1425,21.5463,1,2016-12-31,2017-04-15,2016,2016-12-30,11.858018152060705,12.27,363306.6,4457771.982,4457771.982,474.32072608242817,5.153643423034771,0.0008433112406951565,3310.0808,0.3735,0.01,0.0,19257497.64,100999234.8,201173450.0999999,-100174215.29999991,-0.72112,21.5463,1.5701,0.2120320180976719,37.2318,0.232,14.6766,55.4199,0.39999999999999997,0.0008433112406951565,-0.002247181230993701,-1948708063.02,887921330.4,-18.453190196539545,3.2879237527703427,14.113145861230967,0.19017745463463998,3,2016-12-31,True,-0.72112,-0.03841683213217389,21.5463,-0.1493160827366371,1.5701,-0.8811128721821812,-0.2120320180976719,0.17619762519496254,-37.2318,1.2142102979654033,0.232,-0.9521154250335557,-14.6766,0.2409154020941519,55.4199,-0.41758401301494974,0.39999999999999997,0.3693717274277201,0.0008433112406951565,-1.1936907193417996,-0.002247181230993701,-0.43291380094863624,-0.18767769933706324,-15.765472855072636,2.6765371767793704,False,True,True,True,False,True,True,True,False,False,6,5.99812322300663
600111.SH,20180420,20171231,2.8086,2.8086,99.5629,99.5629,0.7601,5.9632,2.099,4.6484,3.7317,4.6484,3.761,5.5143,2963298689.31,3.5264,48.2298,1.9316,-0.498,-0.1773,-220.7543,-11951323.61,6.8279,322185584.15,341.8267,1573.0397,0.1105,2.452,0.5903,18.3425,1,2017-12-31,2018-04-20,2017,2017-12-29,14.113145861230967,14.59,363306.6,5300643.294,5300643.294,127.72077702471464,5.755769111431879,0.002479957363449743,4030.8549,0.2975,0.035,0.0,322185584.15,-1809266868.0,139441195.01999998,-1948708063.02,-0.19326472093957692,18.3425,6.8279,0.17221242362975103,48.2298,3.761,8.8223,-220.7543,0.31674208144796384,0.002479957363449743,-0.03676361443196559,-1721806019.19,578384107.2,0.11643716580017618,0.43226795882116426,8.505982244705649,-0.3973007628248415,4,2017-12-31,True,-0.19326472093957692,-1.2661147802094306,18.3425,-0.4986583208289788,6.8279,-0.5661276381345566,-0.17221242362975103,0.3472447133530063,-48.2298,0.7818787320807302,3.761,-1.051730941257106,-8.8223,0.6777243191857337,-220.7543,-0.7717049089841598,0.31674208144796384,-0.3061702737393146,0.002479957363449743,-1.0934601936732335,-0.03676361443196559,-0.3228172705840894,-0.36999423298103623,0.11643716580017618,0.43226795882116426,False,True,True,True,False,True,False,True,False,False,5,4.996300057670189
600111.SH,20190420,20181231,3.841,3.841,36.7577,36.7577,0.5841,5.045,2.4287,6.4166,5.1436,6.4166,5.18,5.317,3986102810.1,4.0161,47.4223,1.9019,-0.1924,-0.0501,-83.9609,161247023.76,4.1491,467973883.08,45.462,45.25,0.1607,2.5565,-0.5416,14.4956,1,2018-12-31,2019-04-20,2018,2018-12-28,8.505982244705649,8.77,363306.6,3186198.882,3186198.882,52.93081670632015,3.3271982181520237,0.005878215891071409,3010.6536,0.6737,0.05,0.0,467973883.08,-699001898.4,1022804120.79,-1721806019.19,0.2091036831605526,14.4956,4.1491,0.2256533227309042,47.4223,5.18,8.0578,-83.9609,0.3111387678904792,0.005878215891071409,-0.054039502333552064,887921330.4,3161808253.57,1.515691849432441,0.9454441476625474,10.551836532262064,0.24051946367861388,5,2018-12-31,True,0.2091036831605526,-0.12355510863101239,14.4956,-0.7437101038595506,4.1491,-0.8479411856519674,-0.2256533227309042,0.1866844690839366,-47.4223,0.6696236047300527,5.18,-0.9069204905489449,-8.0578,0.6795226529009895,-83.9609,-0.8054159835429129,0.3111387678904792,-0.26253354107059623,0.005878215891071409,-1.2389136626043795,-0.054039502333552064,-0.18868215680892367,-0.3256219550912099,1.515691849432441,0.9454441476625474,True,True,True,True,False,True,False,True,True,False,7,6.996743780449088
600111.SH,20200428,20191231,4.9798,4.9798,29.6465,29.6465,0.6289,4.4306,1.9903,6.5095,5.1204,6.5095,5.1,5.133,3942778537.12,4.5635,44.2861,1.7949,0.2444,0.0491,106.6962,89121381.99,3.5393,484786748.15,5.5676,3.59,0.1697,2.6554,-0.2034,11.4002,1,2019-12-31,2020-04-28,2019,2019-12-31,10.551836532262064,10.84,363306.6,3938243.544,3938243.544,62.17935493377763,3.9737276991270853,0.0,4096.5821,0.3662,,,484786748.15,887921330.4,0.0,887921330.4,1.9307827641146278,11.4002,3.5393,0.22769782791262805,44.2861,5.1,7.049799999999999,106.6962,0.0,0.0,0.02254612546125461,578384107.2,3480020839.0688,-0.34860883797054004,0.5766517789598777,12.74195908346972,0.20755842307747985,6,2019-12-31,True,1.9307827641146278,2.8464888411104803,11.4002,-0.9836244176062591,3.5393,-0.9113576250198338,-0.22769782791262805,0.13017277246836845,-44.2861,0.7280164976397796,5.1,-0.9067219470773957,-7.049799999999999,0.7681036466818449,106.6962,-0.04862162335720901,0.0,-1.973678170856274,0.0,-1.2650100103357236,0.02254612546125461,-0.1317875657616329,-0.15891087291944136,-0.34860883797054004,0.5766517789598777,True,True,True,True,False,True,True,False,False,True,7,6.998410891270805
600111.SH,20210415,20201231,5.8479,5.8479,17.434,17.434,0.3234,3.95,1.6872,8.2956,8.0275,8.2956,8.03,6.0104,3923078801.88,5.4021,45.964,1.8506,0.1592,0.0272,48.8941,340149741.13,4.265,805723233.16,35.1016,66.2,0.2303,2.8699,0.4328,11.7372,1,2020-12-31,2021-04-15,2020,2020-12-31,12.74195908346972,13.09,363306.6,4755683.394,4755683.394,55.32765559474476,4.439861696738465,0.00549366071115483,5211.2885,1.9082,0.07,0.0,805723233.16,578384107.2,0.0,578384107.2,0.3573544177743049,11.7372,4.265,0.20331734138608112,45.964,8.03,5.9606,48.8941,0.30395136778115506,0.00549366071115483,0.012161955691367457,3161808253.57,1319676375.3972006,4.46662367483876,0.3164883807172203,44.73694390715667,2.5109941582840576,7,2020-12-31,True,0.3573544177743049,0.5540191550976975,11.7372,-0.643293268718929,4.265,-0.6637040480460402,-0.20331734138608112,0.17817095643343836,-45.964,0.5825131690397526,8.03,-0.41090740737773174,-5.9606,0.8047298166145206,48.8941,-0.7927995238111613,0.30395136778115506,-0.18859819407769288,0.00549366071115483,-0.7992573220963443,0.012161955691367457,-0.5513555891174866,-0.17549838691454336,4.46662367483876,0.3164883807172203,True,True,True,True,True,True,False,True,True,True,9,8.998245016130854
600111.SH,20220415,20211231,8.3699,8.3699,38.8318,38.8318,0.2496,3.7956,1.2886,39.8066,38.5405,39.8066,36.1,23.4782,4554918065.51,7.1735,44.6128,1.8055,1.0442,0.1248,56.5627,2007790487.15,18.4486,4966873529.5,462.3239,444.5,1.4191,4.2246,0.5977,27.8367,0,2021-12-31,2022-04-15,2021,2021-12-31,44.73694390715667,45.8,363306.6,16639442.28,16639442.28,31.52487062726846,10.58962834520586,0.009947036188334991,4940.3733,0.3833,0.445,0.0,4966873529.5,3793647517.2000003,631839263.6300001,3161808253.57,1.1976262221103635,27.8367,18.4486,0.16437062035257236,44.6128,36.1,5.333799999999999,56.5627,0.31357902896201817,0.009947036188334991,0.019001888406863118,3480020839.0688,-1185963757.754601,0.10064259435704417,-0.4583634492926137,24.772080791548877,-0.4462723952946185,8,2021-12-31,True,1.1976262221103635,1.214460928833169,27.8367,-0.2284405042562225,18.4486,0.09653527404913972,-0.16437062035257236,0.30305497106628615,-44.6128,0.652138903034337,36.1,1.6246282446003333,-5.333799999999999,0.818498579735551,56.5627,-0.38041754078284684,0.31357902896201817,-0.3132970286772813,0.009947036188334991,-0.7614732747448089,0.019001888406863118,-0.2248375480123875,0.25462281862229724,0.10064259435704417,-0.4583634492926137,True,True,True,True,True,True,True,True,True,True,10,10.002546228186223
600111.SH,20230422,20221231,10.3069,10.3069,22.5321,22.5321,0.1971,3.4949,0.5637,34.0184,35.2634,34.0184,34.02,21.5697,5815694571.64,7.1857,31.6914,1.4639,1.3114,0.1272,63.6219,1548348925.0,17.0635,6202632510.85,16.6393,24.88,1.6552,5.4856,-0.5847,27.7902,1,2022-12-31,2023-04-22,2022,2022-12-30,24.772080791548877,25.05,361506.5842,9055739.9342,9055739.9342,14.966216041293425,4.515837974250561,0.006862564409930247,3871.6338,0.3872,0.17,0.0,6202632510.85,4740797345.1988,1260776506.13,3480020839.0688,1.3388826763069526,27.7902,17.0635,0.20033177145901335,31.6914,34.02,4.2557,63.6219,0.1027066215563074,0.006862564409930247,0.038428895533164746,1319676375.3972006,,-0.6207849215781347,,19.261347021772554,-0.22245744377098664,9,2022-12-31,True,1.3388826763069526,2.1065887544838793,27.7902,-0.08450997335568046,17.0635,0.01760629660308596,-0.20033177145901335,0.19692442430642146,-31.6914,1.165473756237773,34.02,1.3993035187387284,-4.2557,0.8627032373356792,63.6219,-0.3523025691504486,0.1027066215563074,-1.3515589610349186,0.006862564409930247,-0.9008768230590068,0.038428895533164746,-0.37571488976505524,0.24396697921276883,-0.6207849215781347,,True,True,True,True,True,True,True,True,True,True,10,10.002439669792128
600111.SH,20240419,20231231,9.2659,9.2659,-10.0994,-10.0994,0.153,3.7021,0.5024,11.439,11.1844,11.439,11.1842,8.5607,6923896415.73,5.2587,33.5716,1.5054,0.6716,0.0725,77.9604,982592713.08,7.8309,2317962668.39,-60.3824,-62.63,0.6558,5.9803,0.2144,14.6193,1,2023-12-31,2024-04-19,2023,2023-12-29,19.261347021772554,19.34,361506.5842,6991537.3384,6991537.3384,29.37076398562451,3.2207994618618723,0.003634221423915665,3431.1099,0.4853,0.07,0.0,2317962668.39,2427878219.4872,1108201844.0899992,1319676375.3972006,0.4222420564564515,14.6193,7.8309,0.21274505191952855,33.5716,11.1842,4.3575,77.9604,0.10673985971332724,0.003634221423915665,0.01887533902091991,-1185963757.754601,,-1.8986777211933081,,19.291225016118634,0.0015511892450879028,10,2023-12-31,True,0.4222420564564515,0.036127871532083654,14.6193,-0.7505504753464234,7.8309,-0.6502515409467631,-0.21274505191952855,0.10299577421279357,-33.5716,1.1253372016466017,11.1842,-0.23909902833942445,-4.3575,0.829388957427836,77.9604,-0.3939648960202423,0.10673985971332724,-1.0553828352736772,0.003634221423915665,-1.3994590325955845,0.01887533902091991,-0.654567872023568,-0.27722053415694253,-1.8986777211933081,,True,True,True,True,True,True,True,True,False,True,9,8.99722779465843
600150.SH,20150314,20141231,20.5524,20.5524,27.5947,27.5947,0.4194,7.6071,-0.1784,0.2543,-1.4047,0.2543,-1.41,0.1099,13111075408.29,1.9607,62.1678,2.6433,-0.6461,-0.0314,,-349403037.74,-0.1425,-244063932.34,11.7718,-39.4163,0.03,12.6272,-0.0123,9.8138,1,2014-12-31,2015-03-14,2014,2014-12-31,36.293127478072805,36.86,137811.7598,5079741.4662,5079741.4662,1209.7709159357603,2.8742023154834646,0.00027553425937298166,3533.705,2.2025,0.01,0.0,-244063932.34,-890401780.0678,0.0,-890401780.0678,0.117718,9.8138,-0.1425,0.2850352168340935,62.1678,-1.41,7.8481000000000005,,0.33333333333333337,0.00027553425937298166,-0.017528486163959887,-4073164372.6488,7806125182.040599,-3.5745240674818137,3.255656475082592,34.304808963114255,-0.05478498694166911,1,2014-12-31,True,0.117718,-0.08993278828741989,9.8138,-1.8433846877777451,-0.1425,-1.2900830022862915,-0.2850352168340935,-0.05980172265453876,-62.1678,0.03920864817390582,-1.41,-2.275101822272503,-7.8481000000000005,0.9426391601254679,,-0.28175673820654207,0.33333333333333337,0.012692151168612966,0.00027553425937298166,-1.154403709164039,-0.017528486163959887,-0.6754987741663424,-0.6068566623043122,-3.5745240674818137,2.2609892239817424,True,False,True,True,False,True,False,True,False,False,5,4.993931433376956
600150.SH,20160416,20151231,20.1462,20.1462,-1.9765,-1.9765,0.6131,7.6035,0.5106,0.3539,-1.0742,0.3539,-1.08,0.2009,12515840338.35,2.1668,62.1197,2.6399,-2.9556,-0.1467,,-265351839.82,-0.8419,-187730519.17,39.9654,23.0814,0.04,12.7344,2.4834,8.494,1,2015-12-31,2016-04-16,2015,2015-12-31,34.304808963114255,34.83,137811.7598,4799983.5938,4799983.5938,857.6202240778564,2.693869280304863,0.0005830086394448286,3731.0047,-0.9075,0.02,0.0,-187730519.17,-4073164372.6488,0.0,-4073164372.6488,0.399654,8.494,-0.8419,0.27015174207289505,62.1197,-1.08,8.7272,,0.5,0.0005830086394448286,-0.08485788113755198,-3961123411.9314,2248950108.1762,0.02750710515631346,0.5173794379031894,27.21855701069326,-0.20656730547721114,2,2015-12-31,True,0.399654,0.8053194811576786,8.494,-1.3341629392195113,-0.8419,-1.1774878827110289,-0.27015174207289505,-0.006209810157592009,-62.1197,0.0979898411854038,-1.08,-1.790437483701292,-8.7272,0.7883522690714349,,-0.3390717868503816,0.5,1.0418359813139115,0.0005830086394448286,-1.255074637511125,-0.08485788113755198,-0.9141208930465505,-0.3711879873153684,0.02750710515631346,0.5173794379031894,True,False,True,True,False,True,False,True,False,False,5,4.996288120126846
600150.SH,20170429,20161231,15.5698,15.5698,-22.7158,-22.7158,0.9541,9.2615,2.1499,-16.0409,-17.9653,-16.0409,-17.96,-4.4731,11746221053.89,1.7688,67.8786,3.1132,-2.8743,-0.1846,,-2366678492.21,-14.0829,-2919547707.62,-4314.7796,-1455.1801,-1.89,10.85,1.522,17.7402,1,2016-12-31,2017-04-29,2016,2016-12-30,27.21855701069326,27.61,137811.7598,3804982.6881,3804982.6881,-14.40135291571072,2.5086227659625124,0.0,3310.0808,0.3735,,,-2919547707.62,-3961123411.9314,0.0,-3961123411.9314,-43.147796,17.7402,-14.0829,0.2523336275484303,67.8786,-17.96,12.3655,,0.0,0.0,-0.1041035856567686,7806125182.040599,149139677.31859928,2.9706846695378317,0.34588361783674565,24.320239096479636,-0.10648315827598698,3,2016-12-31,True,-43.147796,-4.114123621264104,17.7402,-0.4842967963258562,-14.0829,-1.9452582858031195,-0.2523336275484303,0.05083034957975177,-67.8786,-0.15523065041503006,-17.96,-2.998043453373932,-12.3655,0.440051468199202,,-0.11898884571190933,0.0,-1.5784543235447757,0.0,-1.2284125481900676,-0.1041035856567686,-0.7203782311535782,-1.168391358000311,2.9706846695378317,0.34588361783674565,False,False,True,True,False,True,False,False,False,False,3,2.9883160864199967
600150.SH,20180421,20171231,12.1115,12.1115,-22.2116,-22.2116,0.5296,12.4247,7.3532,-16.7068,-23.1825,-16.7068,-23.12,-3.4859,12015451560.85,1.4049,71.3435,3.4896,5.8597,0.4838,,-2478676915.0,-15.2393,-3191586619.55,11.6822,-9.3178,-1.67,9.1297,0.8114,17.6598,1,2017-12-31,2018-04-21,2017,2017-09-26,24.320239096479636,24.67,137811.7598,3399816.1143,3399816.1143,-114.71810894565866,2.2853501378037206,0.0,3820.7816,0.0783,,,-3191586619.55,8075355689.0006,269230506.960001,7806125182.040599,0.116822,17.6598,-15.2393,0.2736665159788396,71.3435,-23.12,20.3075,,0.0,0.0,0.22960433504645086,2248950108.1762,-17678066799.8134,-0.7118993026975386,-1.0882134814032527,12.943848371981257,-0.4677746250506688,4,2017-12-31,True,0.116822,-0.13589711176875666,17.6598,-0.5521996573634759,-15.2393,-2.0703135664065404,-0.2736665159788396,0.015047155055897083,-71.3435,-0.2814414362234362,-23.12,-3.3627571525362034,-20.3075,-0.4169201600973432,,-0.11261814750623972,0.0,-1.3985419091667637,0.0,-1.1876504306720297,0.22960433504645086,0.8064258411518951,-0.7906242341393632,-0.7118993026975386,-1.0882134814032527,True,False,True,True,False,True,False,False,False,True,5,4.992093757658607
600150.SH,20190320,20181231,12.2706,12.2706,1.3133,1.3133,0.7177,11.1843,-0.428,3.5352,-2.4905,3.5352,-2.45,1.272,8781778089.91,1.6262,54.453,2.1955,1.6319,0.133,355.5015,-37159388.68,3.588,-344645830.79,121.2695,89.2014,0.35,10.9534,-1.0033,13.3224,1,2018-12-31,2019-03-20,2018,2018-12-28,12.943848371981257,13.13,137811.7598,1809468.4062,1809468.4062,36.98242391994645,1.1817196826539027,0.008266475079514701,3010.6536,0.6737,0.107,0.0,-344645830.79,2248950108.1762,0.0,2248950108.1762,1.2126949999999999,13.3224,3.588,0.2649804241481016,54.453,-2.45,11.474,355.5015,0.3057142857142857,0.008266475079514701,0.1242878903257084,149139677.31859928,2024221255.8708,-0.9336847550435234,-0.03448419650055723,21.569145740718493,0.6663626705800942,5,2018-12-31,True,1.2126949999999999,1.8897413160042507,13.3224,-0.8215426139752127,3.588,-0.888381174959535,-0.2649804241481016,0.06298029296920206,-54.453,0.3728576163855844,-2.45,-1.8169895789429547,-11.474,0.39901716986938013,355.5015,0.8483154534612438,0.3057142857142857,-0.2999451449560093,0.008266475079514701,-1.1562787764628326,0.1242878903257084,0.22829193832758993,-0.10744850020720849,-0.9336847550435234,-0.03448419650055723,True,True,True,True,False,True,True,True,True,True,9,8.998925514997929
600150.SH,20200418,20191231,16.7883,16.7883,36.8171,36.8171,0.8591,8.6017,-0.8652,2.6532,-0.2772,2.6532,-0.28,0.9107,8957460730.44,2.6085,52.4987,2.1052,0.2357,0.014,53.0786,21278424.33,2.2323,-42282989.8,-17.2637,87.7315,0.29,11.186,-0.8247,10.5732,1,2019-12-31,2020-04-18,2019,2019-12-31,21.569145740718493,21.76,137811.7598,2998783.8932,2998783.8932,74.37636462316722,1.928226867577194,0.0,4096.5821,0.3662,,,-42282989.8,324822317.8486,175682640.5300007,149139677.31859928,-0.172637,10.5732,2.2323,0.2760135850532139,52.4987,-0.28,8.5956,53.0786,0.0,0.0,0.004973338614255809,-17678066799.8134,-40699101.6978,-119.53362644770024,-0.42429750515206993,17.533249128919863,-0.1871143465909091,6,2019-12-31,True,-0.172637,-0.7886376866182288,10.5732,-1.0349211447397295,2.2323,-1.004975399476367,-0.2760135850532139,-0.055960022226142964,-52.4987,0.38674426659982086,-0.28,-1.5513024916459133,-8.5956,0.6435699290834205,53.0786,-0.32308142472834844,0.0,-1.973678170856274,0.0,-1.2650100103357236,0.004973338614255809,-0.20509839474035269,-0.6520318681530762,-67.97776790187783,-0.42429750515206993,False,True,True,True,False,True,True,False,False,True,6,5.993479681318469
600150.SH,20210428,20201231,12.352,12.352,4.9111,4.9111,0.727,10.5185,-0.071,0.9995,-3.1503,0.9995,-2.45,-0.3575,27609175270.87,3.0215,65.3623,2.887,0.2177,0.0176,551.9552,-789679416.51,0.4631,-963867188.2,-84.9251,-2179.5625,0.07,10.2353,0.1047,10.713,0,2020-12-31,2021-04-28,2020,2020-12-31,17.533249128919863,17.69,447242.8758,7911726.4729,2437890.0309,250.474987555998,1.7130176085625104,0.0019962073054828134,5211.2885,1.9082,0.035,0.0,-963867188.2,973647740.6166,18651714540.43,-17678066799.8134,-0.849251,10.713,0.4631,0.20891164176181884,65.3623,-2.45,11.1745,551.9552,0.5,0.0019962073054828134,-0.22344132927706742,2024221255.8708,17427468550.603397,1.114504672869104,0.6619414469533013,24.61724738675958,0.40403225926649045,7,2020-12-31,True,-0.849251,-2.142626036960676,10.713,-0.6896533175630328,0.4631,-0.936092413163157,-0.20891164176181884,0.15562961673542178,-65.3623,-0.23147868931744026,-2.45,-1.729705664618542,-11.1745,0.449966451016289,551.9552,1.9432102031889975,0.5,0.6205923675863834,0.0019962073054828134,-0.931305966490066,-0.22344132927706742,-1.5998271581437977,-0.46284460070269273,1.114504672869104,0.6619414469533013,False,True,True,True,False,True,True,True,False,False,6,5.995371553992973
600150.SH,20220429,20211231,13.3575,13.3575,8.1401,8.1401,1.0308,9.8594,-1.2706,0.4657,-1.903,0.4657,-1.9,-0.2239,27494578982.29,2.1683,66.8931,3.0205,0.4526,0.0339,811.3476,-593109410.3,0.3881,-873638069.4,-30.0805,9.3612,0.05,10.2943,-0.3819,10.5987,0,2021-12-31,2022-04-29,2021,2021-12-31,24.61724738675958,24.79,447242.8758,11087150.8911,6056959.947,492.34494773519157,2.391347385131537,0.0012186577779664976,4940.3733,0.3833,0.03,0.0,-873638069.4,2024221255.8708,0.0,2024221255.8708,-0.300805,10.5987,0.3881,0.19770970219974732,66.8931,-1.9,9.6196,811.3476,0.6,0.0012186577779664976,0.01825736183942175,-40699101.6978,5235425104.1148,-1.0201060539107378,0.3726653049111881,22.1515078697585,-0.10016308802775731,8,2021-12-31,True,-0.300805,-0.8025172044652952,10.5987,-1.0976292211452439,0.3881,-1.2250302495168957,-0.19770970219974732,0.15920995220911616,-66.8931,-0.3605906555171563,-1.9,-1.3946061714780833,-9.6196,0.5363071331006674,811.3476,1.780374975344996,0.6,1.3198896950160233,0.0012186577779664976,-1.0544505378922575,0.01825736183942175,-0.2272133893010357,-0.21511415214956042,-1.0201060539107378,0.3726653049111881,False,True,True,True,False,True,True,True,False,True,7,6.997848858478505
600150.SH,20230428,20221231,13.3166,13.3166,-0.3058,-0.3058,0.4318,11.2996,-2.1962,0.3736,-5.9747,0.3736,-5.97,0.8618,21683615409.23,2.4221,68.9239,3.2179,-0.0091,-0.0007,-9.8897,-2616308486.04,1.4649,-2748416834.89,-19.6158,-214.5944,0.04,10.2766,-0.1549,7.5991,1,2022-12-31,2023-04-28,2022,2022-12-30,22.1515078697585,22.28,447242.8758,9964571.2728,5443689.6982,553.7876967439624,2.155528858743018,0.0009028730738147283,3871.6338,0.3872,0.02,0.0,-2748416834.89,-40699101.6978,0.0,-40699101.6978,-0.196158,7.5991,1.4649,0.1466109028032555,68.9239,-5.97,9.5352,-9.8897,0.5,0.0009028730738147283,-0.0004084380610422764,17427468550.603397,,429.2027814767578,,29.287900997236573,0.32216285994782146,9,2022-12-31,True,-0.196158,-0.683020117912865,7.5991,-1.149224980816566,1.4649,-1.0387704576968828,-0.1466109028032555,0.4196795836129499,-68.9239,-0.45683280394460984,-5.97,-1.5362298026418484,-9.5352,0.4379469246042977,-9.8897,-0.5910012632524585,0.5,0.5443926196700819,0.0009028730738147283,-1.0781129395983915,-0.0004084380610422764,-0.48733907000500526,-0.510773846180118,226.92128942265808,,False,True,True,True,False,True,False,True,False,False,5,4.994892261538199
600150.SH,20240427,20231231,16.7333,16.7333,25.8102,25.8102,0.8976,8.3313,-1.7517,6.2717,,6.2717,,0.9737,22469218489.83,3.39,70.4932,3.389,4.0723,0.2434,608.2118,,3.9481,,1614.7278,,,10.8104,1.0615,10.5689,0,2023-12-31,2024-04-27,2023,2023-12-29,29.287900997236573,29.44,447242.8758,13166830.2636,13166830.2636,,2.709233793128522,0.006828758401596304,3431.1099,0.4853,0.2,0.0,,18213071631.2034,785603080.6000023,17427468550.603397,16.147278,10.5689,3.9481,0.13712959816336512,70.4932,6.2717,7.477200000000002,608.2118,0.0,0.006828758401596304,0.13235887606740118,5235425104.1148,,-0.6995877462688904,,35.96,0.22781076060701544,10,2023-12-31,True,16.147278,5.6561154099103,10.5689,-0.9606153444584982,3.9481,-0.9155376627180933,-0.13712959816336512,0.38708235540815844,-70.4932,-0.4386909635766489,6.2717,-0.8571878038419282,-7.477200000000002,0.5891607856909197,608.2118,1.1789148601619344,0.0,-1.5010773191179556,0.006828758401596304,-1.2469609769208332,0.13235887606740118,-0.2776587485268321,0.14668587200095665,-0.6995877462688904,,True,True,True,True,False,True,True,False,True,True,8,8.00146685872001
600150.SH,20250430,20241231,17.5709,17.5709,5.0053,5.0053,0.0747,8.5356,-2.0052,7.283,6.1903,7.283,6.19,1.5115,22318764099.65,3.5092,69.63,3.2927,1.1706,0.0666,130.7576,1100229842.18,4.9089,3071902490.54,22.2066,1156.9187,0.81,11.3808,-0.6794,10.2042,1,2024-12-31,2025-04-30,2024,2024-12-31,35.96,35.96,447242.8758,16082853.8138,16082853.8138,44.395061728395056,3.15970757767468,0.006952169076751946,3934.9109,-1.604,0.25,0.0,3071902490.54,5235425104.1148,0.0,5235425104.1148,0.222066,10.2042,4.9089,0.13316857592633513,69.63,6.19,6.6051,130.7576,0.30864197530864196,0.006952169076751946,0.032552836484918544,,,,,,,11,2024-12-31,True,0.222066,0.8449318298622372,10.2042,-0.9610524399397182,4.9089,-0.8927771725059309,-0.13316857592633513,0.383906749635876,-69.63,-0.28364749079452195,6.19,-0.6936971181343837,-6.6051,0.6876241043941942,130.7576,-0.17625325678462642,0.30864197530864196,-0.5993468928992371,0.006952169076751946,-1.174478492138802,0.032552836484918544,-0.45205873467520485,-0.301531719452738,,,True,True,True,True,False,True,True,True,True,True,9,8.996984682805472
600196.SH,20150325,20141231,5.2022,5.2022,20.2985,20.2985,19.1295,14.3596,3.1499,13.2025,8.3171,13.2025,8.43,9.453,5681397125.79,2.2714,45.9394,1.8498,0.5192,0.0998,50.127,280260304.7,19.7067,1331023744.89,33.5096,29.75,0.92,7.2135,0.2569,44.1308,1,2014-12-31,2015-03-25,2014,2014-12-31,18.828969020778,21.1,231161.1364,4877499.978,4018267.888,20.466270674758697,2.610240385496361,0.014870702675808567,3533.705,2.2025,0.28,0.0,1331023744.89,1200188620.1888,0.0,1200188620.1888,0.335096,44.1308,19.7067,0.1841914705275545,45.9394,8.43,36.639,50.127,0.30434782608695654,0.014870702675808567,0.024606635071291846,1537476294.102,569076457.4845004,0.2810288884926618,-0.2202171041631893,21.173447454132038,0.12451443468661916,1,2014-12-31,True,0.335096,0.4790173970872062,44.1308,1.3224200698931703,19.7067,0.0700223920418853,-0.1841914705275545,0.26600843815520725,-45.9394,0.7437672972083867,8.43,-0.8091967612016587,-36.639,-1.5158477508188533,50.127,-0.7439609307653039,0.30434782608695654,-0.16249423679398786,0.014870702675808567,-0.6465489522294607,0.024606635071291846,-0.5382056182052367,-0.139547150511695,0.2810288884926618,-0.2202171041631893,True,True,True,True,True,False,True,True,True,True,9,8.998604528494884
600196.SH,20160330,20151231,5.4487,5.4487,4.849,4.849,22.3271,15.1128,3.5708,14.1156,9.503,14.1156,9.57,10.2956,5764930624.17,2.2031,45.8934,1.8482,0.7005,0.1286,49.1642,347444196.91,22.7674,1656207786.34,16.4338,24.43,1.07,7.8569,0.1463,49.9705,1,2015-12-31,2016-03-30,2015,2015-12-31,21.173447454132038,23.49,231407.5364,5435763.03,4476288.8927,19.78826864872153,2.6948856997202504,0.015113268667901854,3731.0047,-0.9075,0.32,0.0,1656207786.34,1621009792.482,83533498.38000011,1537476294.102,0.164338,49.9705,22.7674,0.1715601411904409,45.8934,9.57,41.0107,49.1642,0.29906542056074764,0.015113268667901854,0.028284461364792055,1570241005.9454997,2142901515.5950007,0.02131071026538115,0.11702937627230758,21.216630591384266,0.0020394948600492846,2,2015-12-31,True,0.164338,0.34804882288604877,49.9705,2.060037799702441,22.7674,0.4117824453355492,-0.1715601411904409,0.2956923060259576,-45.8934,0.7930710837890537,9.57,-0.25896226768222463,-41.0107,-2.2137465657188753,49.1642,-0.7468685014300434,0.29906542056074764,-0.27462804394484824,0.015113268667901854,-0.6653725466143604,0.028284461364792055,-0.573031498619899,-0.07490699693374546,0.02131071026538115,0.11702937627230758,True,True,True,True,True,False,False,True,True,True,8,7.999250930030662
600196.SH,20170329,20161231,6.0587,6.0587,16.0221,16.0221,25.3203,15.8034,2.7408,13.9,10.3676,13.9,10.63,9.7081,6304731694.35,2.4241,42.3084,1.7334,0.8739,0.1442,62.0706,431650488.78,22.0205,2092783003.7,14.0541,26.36,1.21,9.1904,0.4926,54.0745,1,2016-12-31,2017-03-29,2016,2016-12-30,21.216630591384266,23.14,241451.2045,5587180.8721,4414450.1474,17.534405447425016,2.30856443586615,0.01649649309264636,3310.0808,0.3735,0.35,0.0,2092783003.7,2110042076.1255,539801070.1800003,1570241005.9454997,0.140541,54.0745,22.0205,0.16390946282322105,42.3084,10.63,43.8645,62.0706,0.2892561983471074,0.01649649309264636,0.028104352479201344,569076457.4845004,1785112164.7284985,-0.6375865517906032,0.043677686126606385,41.29952954190082,0.9465640109071747,3,2016-12-31,True,0.140541,0.08605699671720807,54.0745,2.7135408174427713,22.0205,0.5091764887526962,-0.16390946282322105,0.32589372251265314,-42.3084,0.9873643003882302,10.63,0.21727549617814387,-43.8645,-2.274061701392323,62.0706,-0.3926454609144664,0.2892561983471074,-0.16990242718036755,0.01649649309264636,-0.5491990121682502,0.028104352479201344,-0.34725412747954765,0.10056773571424973,-0.6375865517906032,0.043677686126606385,True,True,True,True,True,False,True,True,True,True,9,9.001005677357142
600196.SH,20180327,20171231,7.4279,7.4279,26.6921,26.6921,31.2435,14.8345,2.9934,13.1511,9.874,13.1511,9.77,8.6251,8315870250.5,2.5353,52.0075,2.0837,1.0341,0.1392,63.3201,490349238.46,19.3447,2345909050.39,11.3571,12.1,1.27,10.1505,0.7263,58.945,1,2017-12-31,2018-03-27,2017,2017-12-29,41.29952954190082,44.5,249513.1045,11103333.1503,8498650.3348,32.519314599921906,4.068718737195293,0.0092010733346119,4030.8549,0.2975,0.38,0.0,2345909050.39,2580215013.6345,2011138556.1499996,569076457.4845004,0.20793006037542328,58.945,19.3447,0.15757659706876895,52.0075,9.77,49.071400000000004,63.3201,0.2992125984251969,0.0092010733346119,0.005125275894915614,2142901515.5950007,882919161.8870015,2.765577520228669,0.15766643318961981,21.828385898547655,-0.4714616330822494,4,2017-12-31,True,0.20793006037542328,0.196177539031037,58.945,2.6856277735637493,19.3447,0.2870659898288807,-0.15757659706876895,0.3951677269510073,-52.0075,0.6080898276732727,9.77,-0.25198785521860434,-49.071400000000004,-3.030454335594666,63.3201,-0.18929870113610126,0.2992125984251969,-0.3666254868585841,0.0092010733346119,-0.8381882621673089,0.005125275894915614,-0.14523306440418035,-0.05905989530286342,2.765577520228669,0.15766643318961981,True,True,True,True,True,False,True,True,True,True,9,8.999409401046972
600196.SH,20190326,20181231,9.7221,9.7221,34.4495,34.4495,34.0615,14.925,2.9063,10.1602,7.8409,10.1602,7.92,6.5853,9123051825.05,2.8578,52.3854,2.1002,1.151,0.1184,83.4416,498124366.87,12.1191,2089792463.26,-13.3326,-10.92,1.07,10.9158,0.3218,58.4028,1,2018-12-31,2019-03-26,2018,2018-12-28,21.828385898547655,23.27,256306.0895,5964242.7027,4445783.214,20.400360652848274,1.9997055551171379,0.014659810463644549,3010.6536,0.6737,0.32,0.0,2089792463.26,2950083090.145,807181574.5499992,2142901515.5950007,0.08059456493869543,58.4028,12.1191,0.15526193462149232,52.3854,7.92,51.89280000000001,83.4416,0.29906542056074764,0.014659810463644549,0.03592914679050391,1785112164.7284985,3669242868.9714985,-0.16696490634902464,0.19634952718971777,25.26448758304712,0.1574143732142872,5,2018-12-31,True,0.08059456493869543,-0.3813562114383677,58.4028,2.1691841922113677,12.1191,-0.27352180446980234,-0.15526193462149232,0.4081019740068779,-52.3854,0.46013105395240195,7.92,-0.5801066894742938,-51.89280000000001,-2.9197858912974177,83.4416,-0.1754672623711168,0.29906542056074764,-0.3458010813075682,0.014659810463644549,-0.9350663787093648,0.03592914679050391,0.02168707194349151,-0.23200009335943567,-0.16696490634902464,0.19634952718971777,True,True,True,True,False,False,True,True,True,True,8,7.997679999066405
600196.SH,20200331,20191231,11.1534,11.1534,14.7156,14.7156,34.4471,16.2049,3.0276,11.0969,7.4632,11.0969,7.77,7.3822,10560272000.95,2.9045,48.4966,1.9416,1.2573,0.1127,71.7119,511569463.34,13.096,2233957491.68,22.6629,6.9,1.3,12.4422,0.4329,59.6174,1,2019-12-31,2020-03-31,2019,2019-12-31,25.26448758304712,26.6,256289.8545,6817310.1297,5349148.3997,19.434221217728552,2.0305482618063624,0.015436687513175463,4096.5821,0.3662,0.39,0.0,2233957491.68,3222332340.6285,1437220175.9000015,1785112164.7284985,0.021998445300116964,59.6174,13.096,0.1705637550066645,48.4966,7.77,53.6796,71.7119,0.3,0.015436687513175463,0.026184992772318737,882919161.8870015,1589490582.7613015,-0.5053984957739132,-0.03795035599003993,51.63837722682362,1.0439115203537241,6,2019-12-31,True,0.021998445300116964,-0.4522690347126701,59.6174,2.0071670594674726,13.096,-0.22683047494427822,-0.1705637550066645,0.35027746070337545,-48.4966,0.5530503810879267,7.77,-0.5868278849959938,-53.6796,-2.9885158027107113,71.7119,-0.2277005830478396,0.3,-0.11107230301260239,0.015436687513175463,-0.6557401539628489,0.026184992772318737,-0.11660679896349486,-0.2231880122810604,-0.5053984957739132,-0.03795035599003993,True,True,True,True,False,False,True,True,True,True,8,7.99776811987719
600196.SH,20210330,20201231,11.8253,11.8253,6.0235,6.0235,27.9274,18.9989,2.3898,10.6348,7.8901,10.6348,8.04,6.7071,12257166514.46,2.6565,45.0514,1.8199,1.0066,0.0851,54.643,657968557.22,13.0002,2717507998.68,10.272,21.65,1.43,14.435,-0.3744,55.6829,1,2020-12-31,2021-03-30,2020,2020-12-31,51.63837722682362,53.99,256289.8545,13837089.2445,10857162.485,36.110753305471064,3.5773035834308016,0.008327140066993352,5211.2885,1.9082,0.43,0.0,2717507998.68,2579813675.397,1696894513.5099983,882919161.8870015,0.050235159607878055,55.6829,13.0002,0.18205154053461503,45.0514,8.04,49.3161,54.643,0.30069930069930073,0.008327140066993352,0.00638081569241845,3669242868.9714985,-1488674731.1463985,3.1558083994116535,-0.8953609025635515,47.084361535782804,-0.08819052680600559,7,2020-12-31,True,0.050235159607878055,-0.13236237338135187,55.6829,1.345893216819377,13.0002,-0.037867795916567894,-0.18205154053461503,0.26385810384193886,-45.0514,0.6208077087642013,8.04,-0.40964901209410504,-49.3161,-2.1452583107362395,54.643,-0.7615328519902806,0.30069930069930073,-0.202021098174251,0.008327140066993352,-0.6922774529008658,0.00638081569241845,-0.577082568799756,-0.24795385768799097,3.1558083994116535,-0.8953609025635515,True,True,True,True,True,False,True,True,True,True,9,8.99752046142312
600196.SH,20220323,20211231,15.2191,15.2191,28.7,28.7,23.3274,18.0754,1.1897,12.4306,8.6032,12.4306,8.58,7.5067,12536581433.77,3.1464,48.1471,1.9285,1.5407,0.1012,62.5422,802031731.57,12.7866,3277296375.56,29.2796,20.6,1.85,15.292,-0.3411,48.1394,0,2021-12-31,2022-03-23,2021,2021-12-31,47.084361535782804,48.94,256289.8545,12542825.4792,9841628.6722,25.45100623555827,3.0790191953820822,0.011893545579340938,4940.3733,0.3833,0.56,0.0,3277296375.56,3948657788.2815,279414919.3100014,3669242868.9714985,0.16181644572482745,48.1394,12.7866,0.16586844720512203,48.1471,8.58,42.5925,62.5422,0.3027027027027027,0.011893545579340938,0.029253718590410684,1589490582.7613015,,-0.566806930061067,,34.351378257871126,-0.2704291374586223,8,2021-12-31,True,0.16181644572482745,-0.17980104221946197,48.1394,0.7952790549955896,12.7866,-0.31777795063627273,-0.16586844720512203,0.29659243760968346,-48.1471,0.49149070355818336,8.58,-0.5619331009385623,-42.5925,-1.634739194480497,62.5422,-0.3632994733040374,0.3027027027027027,-0.3753143858033952,0.011893545579340938,-0.696136626027759,0.029253718590410684,-0.19212317286525699,-0.24888752273743509,-0.566806930061067,,True,True,True,True,True,False,True,True,True,True,9,8.997511124772625
600196.SH,20230328,20221231,16.448,16.448,12.664,12.664,20.8666,18.4981,1.473,8.9068,9.2457,8.9068,9.04,5.2436,15164555630.15,3.1733,49.5083,1.9805,1.5783,0.096,90.5708,1013688846.72,8.9814,3872759038.16,-21.1031,18.17,1.43,16.6841,1.7628,47.2836,1,2022-12-31,2023-03-28,2022,2022-12-30,34.351378257871126,35.24,267215.6611,9416679.8972,7086616.1506,24.021942837672118,2.058929055680026,0.0122265836569094,3871.6338,0.3872,0.42,0.0,3872759038.16,4217464779.1413007,2627974196.379999,1589490582.7613015,0.2012918307792131,47.2836,8.9814,0.17174739152182852,49.5083,9.04,40.8377,90.5708,0.2937062937062937,0.0122265836569094,0.01687952229568649,-1488674731.1463985,,-1.9365734829081132,,28.27328904153551,-0.17693872923258647,9,2022-12-31,True,0.2012918307792131,0.03926013914305401,47.2836,0.9434139895011242,8.9814,-0.5297340138047569,-0.17174739152182852,0.3154503950495153,-49.5083,0.38915001348309664,9.04,-0.43439546520942895,-40.8377,-2.0804609699452,90.5708,-0.26479709739516566,0.2937062937062937,-0.44007603689092445,0.0122265836569094,-0.7413554843252533,0.01687952229568649,-0.43765094200415705,-0.2946541338543724,-1.9365734829081132,,True,True,True,True,True,False,True,True,True,True,9,8.997053458661457
600256.SH,20150415,20141231,1.2865,1.2865,39.7892,39.7892,2.6844,5.4729,6.093,16.2826,8.1927,16.2826,8.24,7.0879,27070460822.39,0.2805,66.5559,2.9901,0.1042,0.081,32.0508,74838990.42,25.0679,824188736.07,118.0911,30.03,0.3137,2.0687,0.2067,33.3852,1,2014-12-31,2015-04-15,2014,2014-12-31,5.60118000777666,8.36,522142.4684,4365111.0358,2546500.201,17.855212010763978,2.7075844770999464,0.008926690434976231,3533.705,2.2025,0.05,0.0,824188736.07,544072452.0728,0.0,544072452.0728,1.180911,33.3852,25.0679,0.8381531923479162,66.5559,8.24,14.2503,32.0508,0.15938795027095953,0.008926690434976231,0.012464114832604416,-2107743131.535202,,-4.874011859091836,,4.313337337278862,-0.2299234569697387,1,2014-12-31,True,1.180911,2.692795245087645,33.3852,0.3311192101435244,25.0679,0.4373821365188527,-0.8381531923479162,-1.8468382335862463,-66.5559,-0.1513014334008768,8.24,-0.8375018386003843,-14.2503,0.39594819522865227,32.0508,-0.8416319410566102,0.15938795027095953,-1.0386216348020405,0.008926690434976231,-0.8533773221155334,0.012464114832604416,-0.5777708283201717,-0.208163494991199,-4.874011859091836,,True,True,False,True,True,True,False,True,True,True,8,7.997918365050088
600276.SH,20190216,20181231,4.7256,4.7256,25.8916,25.8916,37.1141,24.6689,-0.7099,23.1685,21.6691,23.1685,22.07,21.9487,3686018199.84,5.1496,11.464,1.1295,0.7527,0.1593,60.3529,1023632817.09,23.3162,3802502271.5,26.3927,22.6,1.1,5.3524,-0.1074,86.5967,1,2018-12-31,2019-02-16,2018,2018-12-28,29.918627772365532,52.75,368207.7149,19422956.961,19316775.431,27.1987525203323,5.5897593177575535,0.007353278421519183,3010.6536,0.6737,0.22,0.2,3802502271.5,2771499470.0523,607253679.31,2164245790.7423,0.2054679280559375,86.5967,23.3162,0.16558835588837653,11.464,22.07,61.073100000000004,60.3529,0.19999999999999998,0.007353278421519183,0.011142720416298924,3428107068.0210004,2682156102.944399,0.5839730786054652,0.0741357129949598,59.7469629602269,0.9969820613033744,5,2018-12-31,True,0.2054679280559375,-0.13084876754390834,86.5967,3.407747569209864,23.3162,0.5334833715696983,-0.16558835588837653,0.37562001146704577,-11.464,2.1874241706320094,22.07,1.1076361153455283,-61.073100000000004,-3.1322195958291954,60.3529,-0.26235184915159643,0.19999999999999998,-1.0290361169070978,0.007353278421519183,-1.1878758084028576,0.011142720416298924,-0.03626979915146212,0.16666448193072983,0.5839730786054652,0.0741357129949598,True,True,True,True,True,False,True,True,True,True,9,9.001666644819307
600276.SH,20200323,20191231,5.2656,5.2656,33.7048,33.7048,36.6058,26.3542,-0.5746,23.9443,22.3751,23.9443,22.44,23.7811,4074799783.83,6.0016,9.5039,1.105,0.863,0.1639,62.0656,1442857169.78,22.8715,4978851425.83,31.0511,30.94,1.2,5.6017,0.2635,87.492,1,2019-12-31,2020-03-23,2019,2019-12-31,59.7469629602269,87.52,442281.4197,38708469.8521,38543064.1063,49.78913580018909,10.665862677442009,0.003849568055084394,4096.5821,0.3662,0.23,0.2,4978851425.83,3816888652.011,388781583.9899998,3428107068.0210004,0.243442851991035,87.492,22.8715,0.1488419856099413,9.5039,22.44,62.385400000000004,62.0656,0.19166666666666668,0.003849568055084394,0.008856219533139257,2921587145.7617006,810491486.3942001,-0.14775498903880702,-0.3816542788117644,91.52653772694882,0.5319027644614729,6,2019-12-31,True,0.243442851991035,-0.06956918045027911,87.492,3.298235001347654,22.8715,0.4733688779247659,-0.1488419856099413,0.43395893198317703,-9.5039,2.173380815210104,22.44,1.1707922987995742,-62.385400000000004,-3.143314443969214,62.0656,-0.2770784287918942,0.19166666666666668,-0.7836799775117059,0.003849568055084394,-1.113071599066012,0.008856219533139257,-0.1888996425750059,0.1794656957182877,-0.14775498903880702,-0.3816542788117644,True,True,True,True,True,False,True,True,False,True,8,8.001794656957182
600276.SH,20210420,20201231,5.2018,5.2018,19.091,19.091,35.344,29.0454,-0.6553,22.8959,21.5676,22.8959,21.2,21.2269,4585238897.36,6.4052,11.3522,1.1281,0.6437,0.1237,48.9782,1820301048.07,22.7474,5961246061.35,18.7753,19.73,1.19,5.7213,1.0188,87.9259,1,2020-12-31,2021-04-20,2020,2020-12-31,91.52653772694882,111.46,533171.7041,59427318.139,59026294.8675,76.91305691340237,15.997507162174474,0.0021851585886124105,5211.2885,1.9082,0.2,0.2,5961246061.35,3432026259.2917004,510439113.52999973,2921587145.7617006,0.24334204931932946,87.9259,22.7474,0.1332455012423658,11.3522,21.2,63.7341,48.9782,0.16806722689075632,0.0021851585886124105,0.004916235894960181,2682156102.944399,7643958424.934199,-0.08195238781928532,0.3779490415792859,50.08713019094713,-0.45275838642151967,7,2020-12-31,True,0.24334204931932946,0.29921265356845783,87.9259,2.805361147770792,22.7474,0.6604735261775331,-0.1332455012423658,0.46051424261000745,-11.3522,2.0348942232088025,21.2,1.2463991811586685,-63.7341,-3.0246545532487645,48.9782,-0.792342127248317,0.16806722689075632,-0.7494598692848959,0.0021851585886124105,-0.9241719870199596,0.004916235894960181,-0.5836001785962875,0.13023875082691252,-0.08195238781928532,0.3779490415792859,True,True,True,True,True,False,False,True,False,True,7,7.001302387508269
600276.SH,20220423,20211231,4.0503,4.0503,-6.5949,-6.5949,36.2228,33.9835,-1.3046,13.8312,12.8251,13.8312,12.94,11.0913,6121892252.89,4.8389,9.4086,1.1039,0.6596,0.1629,90.4391,51758354.58,17.3092,4200699248.35,-28.4143,-29.53,0.71,5.4726,0.4155,85.556,0,2021-12-31,2022-04-23,2021,2021-12-31,50.08713019094713,50.71,639601.1914,32434176.4159,32347920.5315,70.54525379006638,9.152346268857057,0.0031944333682131943,4940.3733,0.3833,0.16,0.0,4200699248.35,4218809458.4743996,1536653355.5300007,2682156102.944399,0.033754395013176675,85.556,17.3092,0.15843567487528135,9.4086,12.94,68.9017,90.4391,0.22535211267605634,0.0031944333682131943,0.00826953664107698,810491486.3942001,7155555032.0464,-0.6978209115030761,0.386925368239575,38.205220873521185,-0.23722479751042935,8,2021-12-31,True,0.033754395013176675,-0.35218022931820375,85.556,2.681929858125289,17.3092,0.013160408594078195,-0.15843567487528135,0.32866192533127114,-9.4086,2.2523118775974473,12.94,-0.2155156784621966,-68.9017,-3.0736536313755862,90.4391,-0.2834364384935016,0.22535211267605634,-0.8163713246286269,0.0031944333682131943,-0.9881315382099816,0.00826953664107698,-0.2590853043242659,-0.06475546137857059,-0.6978209115030761,0.386925368239575,True,True,True,True,True,False,True,True,False,True,8,7.999352445386214
600276.SH,20230422,20221231,3.3352,3.3352,-17.8736,-17.8736,34.5372,33.8093,-2.2132,10.7277,9.3635,10.7277,9.51,8.796,6576356917.43,3.3509,9.3067,1.1026,0.1983,0.0595,30.7704,358386207.2,17.932,3409557967.43,-13.7723,-18.83,0.61,5.9294,0.2222,83.6118,1,2022-12-31,2023-04-22,2022,2022-12-30,38.205220873521185,38.53,637900.2274,24578295.7617,24578295.7617,62.63150962872326,6.443353606354974,0.0041879093051099435,3871.6338,0.3872,0.16,0.0,3409557967.43,1264956150.9342,454464664.53999996,810491486.3942001,-0.1185663277485609,83.6118,17.932,0.1576899013244157,9.3067,9.51,66.13329999999999,30.7704,0.26229508196721313,0.0041879093051099435,0.0032975902570803023,7643958424.934199,,8.431263070931745,,45.00717771611408,0.17803736471281884,9,2022-12-31,True,-0.1185663277485609,-0.5420138106028478,83.6118,2.859068893594539,17.932,0.07642331935573812,-0.1576899013244157,0.3737401909282912,-9.3067,2.140827161400322,9.51,-0.3998943233977542,-66.13329999999999,-3.2559281301372995,30.7704,-0.4589743073426819,0.26229508196721313,-0.5899756822911554,0.0041879093051099435,-0.9804187753389668,0.0032975902570803023,-0.4766874022752161,-0.11398480600973021,8.431263070931745,,False,True,True,True,True,False,False,True,False,True,6,5.998860151939903
600276.SH,20240418,20231231,3.5773,3.5773,7.2597,7.2597,33.2044,32.3003,-2.0964,10.9911,10.5793,10.9911,10.58,9.742,6552447559.63,3.4763,6.284,1.0671,1.1983,0.335,155.6785,781067287.44,18.7461,4141262764.05,10.1388,21.46,0.68,6.3436,0.8989,84.5518,1,2023-12-31,2024-04-18,2023,2023-12-29,45.00717771611408,45.23,637900.2274,28852227.2853,28830542.7207,66.18702605310894,7.0948952828227,0.004443735647267509,3431.1099,0.4853,0.2,0.0,4141262764.05,7643958424.934199,0.0,7643958424.934199,-0.11434363872820841,84.5518,18.7461,0.15174342649817224,6.284,10.58,63.4083,155.6785,0.29411764705882354,0.004443735647267509,0.026493477780236193,7155555032.0464,,-0.06389404098466214,,45.9,0.019837331047893203,10,2023-12-31,True,-0.11434363872820841,-0.3259950886742992,84.5518,2.8763410561517415,18.7461,0.09551210290778107,-0.15174342649817224,0.3321783334975194,-6.284,2.2812615104887417,10.58,-0.31511922949130494,-63.4083,-3.176031898574819,155.6785,-0.16343042467525012,0.29411764705882354,-0.27298302287813303,0.004443735647267509,-1.3608151396105543,0.026493477780236193,-0.6292659993715519,-0.05984980002092084,-0.06389404098466214,,False,True,True,True,True,False,True,True,False,True,7,6.999401501999791
600276.SH,20250331,20241231,4.387,4.387,22.6331,22.6331,29.7881,32.6558,-2.0466,14.7386,14.3698,14.7386,14.36,13.9948,6819499573.61,4.1856,8.0689,1.0878,1.1636,0.2652,99.0938,1561651724.06,22.6446,6177966481.3,47.2777,49.18,1.0,7.1359,0.622,86.2489,1,2024-12-31,2025-03-31,2024,2024-12-31,45.9,45.9,637900.2274,29279620.4377,29279620.4377,45.9,6.432265026135456,0.004357298474945534,3934.9109,-1.604,0.2,0.0,6177966481.3,7422607046.0264,267052013.97999954,7155555032.0464,0.13721170088904278,86.2489,22.6446,0.1377215620148032,8.0689,14.36,60.3973,99.0938,0.2,0.004357298474945534,0.024438687814521718,,,,,,,11,2024-12-31,True,0.13721170088904278,0.5090246256015676,86.2489,2.6933329491512135,22.6446,0.22127802443418634,-0.1377215620148032,0.36780470630096856,-8.0689,2.2958160190150587,14.36,0.14451980545745222,-60.3973,-3.065293361904382,99.0938,-0.39760082386981216,0.2,-1.1284185906490867,0.004357298474945534,-1.3425885487703995,0.024438687814521718,-0.48947839278434513,-0.017418508001597974,,,True,True,True,True,True,False,True,True,False,True,8,7.999825814919984
600309.SH,20190423,20181231,22.173,22.173,14.1144,14.1144,2.8397,4.3081,1.3115,34.7549,32.8697,34.7549,34.82,23.5617,39370888951.89,1.6321,48.9676,1.9595,7.0437,0.3177,119.7234,1572686909.7,21.1636,10034835805.76,-4.7097,-6.31,3.88,12.355,0.3823,33.8278,1,2018-12-31,2019-04-23,2018,2018-12-28,23.657111876299687,27.99,273401.28,7652501.8272,7652501.8272,6.097193782551466,1.9147804027761786,0.08454117351508374,3010.6536,0.6737,2.0,0.0,10034835805.76,19257565959.360004,4455029234.959999,14802536724.400005,0.8619205015479159,33.8278,21.1636,0.5948215026145721,48.9676,34.82,8.4593,119.7234,0.5154639175257733,0.08454117351508374,0.19343395217216375,3759388173.0196,12965755779.403198,-0.7460308160004258,-0.043201329284193846,49.963868935887206,1.1120020565968711,5,2018-12-31,True,0.8619205015479159,1.1860554313845584,33.8278,0.5388279561967092,21.1636,0.37833968776383525,-0.5948215026145721,-0.9745413496161215,-48.9676,0.6043964606635008,34.82,2.628393766331587,-8.4593,0.6465553349930241,119.7234,-0.038936006793626174,0.5154639175257733,1.1466574772963454,0.08454117351508374,1.4828615024498724,0.19343395217216375,0.3899727442919892,0.7262348186328794,-0.7460308160004258,-0.043201329284193846,True,True,False,True,True,True,True,True,True,True,9,9.007262348186329
600309.SH,20200331,20191231,21.6739,21.6739,-6.5714,-6.5714,4.0895,4.6122,1.5867,26.6079,24.0504,26.6079,22.99,15.3052,61544552010.98,1.3487,54.6471,2.2049,8.2596,0.3811,210.889,1908887796.79,15.5668,9156342202.26,-34.9234,-8.75,3.23,13.4928,-0.5331,27.9983,1,2019-12-31,2020-03-31,2019,2019-12-31,49.963868935887206,56.17,313974.6626,17635956.7982,7997239.8111,15.468690073030094,3.7030022631245703,0.026018801739876033,4096.5821,0.3662,1.3,0.0,9156342202.26,25933051232.109604,22173663059.090004,3759388173.0196,0.3555129084131643,27.9983,15.5668,0.6588765211807095,54.6471,22.99,10.2884,210.889,0.40247678018575855,0.026018801739876033,0.021316610241431864,-1233832979.6183987,15299902474.1632,-1.3282004738093764,0.596579310982416,83.33543921369242,0.6679140544665798,6,2019-12-31,True,0.3555129084131643,0.12411010411972856,27.9983,0.045913921733592766,15.5668,-0.049852053270825765,-0.6588765211807095,-1.5309104836046088,-54.6471,0.29746812248391996,22.99,1.2366880793781398,-10.2884,0.5071935044808762,210.889,0.48472442704980023,0.40247678018575855,0.5251738706264644,0.026018801739876033,-0.238075210656827,0.021316610241431864,-0.13691690471008502,0.11504703433001594,-1.3282004738093764,0.596579310982416,True,True,False,True,True,True,True,True,True,True,9,9.0011504703433
600309.SH,20210316,20201231,23.3882,23.3882,7.9093,7.9093,4.002,4.716,1.4658,22.0341,20.9425,22.0341,21.1,10.9392,79628149233.69,1.0403,61.3834,2.5896,5.3666,0.2295,142.4931,4577007569.58,14.1829,9543943787.7,-0.8742,4.23,3.2,15.5364,4.0719,26.7823,1,2020-12-31,2021-03-16,2020,2020-12-31,83.33543921369242,91.04,313974.6626,28584253.2831,12961878.4477,26.04232475427888,5.363883474530292,0.01559960578915871,5211.2885,1.9082,1.3,0.0,9543943787.7,16849764243.0916,18083597222.71,-1233832979.6183987,-0.03771686346258474,26.7823,14.1829,0.6303604238201803,61.3834,21.1,10.1838,142.4931,0.40625,0.01559960578915871,-0.004316477913200844,12965755779.403198,-6799798165.287804,11.508517760169827,-1.503705735868954,93.5472273694407,0.12253836125544093,7,2020-12-31,True,-0.03771686346258474,-0.3289265497483556,26.7823,0.037717833472465566,14.1829,0.046867131205138204,-0.6303604238201803,-1.5425309258936681,-61.3834,-0.06451600675157437,21.1,1.2338152283224015,-10.1838,0.5173755049486943,142.4931,-0.2837405358721458,0.40625,0.2336393228371375,0.01559960578915871,-0.4177007456159767,-0.004316477913200844,-0.6246872030582359,-0.10842608601401084,11.508517760169827,-1.503705735868954,False,True,False,True,True,True,True,True,True,False,7,6.99891573913986
600309.SH,20220315,20211231,46.3534,46.3534,98.1914,98.1914,0.7227,3.4766,1.016,42.0344,41.5354,42.0344,42.02,18.7508,94584788148.63,1.6708,62.3268,2.6544,8.8932,0.1919,94.8915,5078557791.98,17.2048,24356144091.02,145.4705,155.2,7.85,21.8166,5.3223,26.2621,0,2021-12-31,2022-03-15,2021,2021-12-31,93.5472273694407,101.0,313974.6626,31711440.9226,14379939.842,11.916844250884166,4.287892126611878,0.026724469236558912,4940.3733,0.3833,2.5,0.0,24356144091.02,27922394694.3432,14956638914.940002,12965755779.403198,0.3438973203091362,26.2621,17.2048,0.520203482546123,62.3268,42.02,5.2153,94.8915,0.3184713375796179,0.026724469236558912,0.04088668128026566,15299902474.1632,-2715223855.240597,0.1800239596112029,-0.4031383361277938,88.58168977091731,-0.05308054271788609,8,2021-12-31,True,0.3438973203091362,0.06529071582010836,26.2621,-0.3078362899397968,17.2048,0.005521005440217752,-0.520203482546123,-1.2322238049618335,-62.3268,-0.1530338908769276,42.02,2.0949931852104444,-5.2153,0.8263010171862565,94.8915,-0.27069014137122527,0.3184713375796179,-0.28540083988384746,0.026724469236558912,-0.1983209701576067,0.04088668128026566,-0.15500149813061007,0.03541804439410725,0.1800239596112029,-0.4031383361277938,True,True,False,True,True,True,True,True,True,True,9,9.00035418044394
600309.SH,20230321,20221231,52.7321,52.7321,13.7611,13.7611,0.6963,3.2532,0.7459,22.3384,21.738,22.3384,22.14,10.5731,115621801326.49,1.5753,59.5022,2.4693,11.5732,0.2195,183.1625,2407290454.23,10.2932,15797326614.07,-34.1402,-35.14,5.17,24.4748,-4.8417,16.5694,1,2022-12-31,2023-03-21,2022,2022-12-30,88.58168977091731,92.65,313974.6626,29089752.4899,29089752.4899,17.133789123968533,3.61930188483327,0.018062423556581372,3871.6338,0.3872,1.6,0.0,15797326614.07,36336915652.0232,21037013177.86,15299902474.1632,0.19937187551147684,16.5694,10.2932,0.6093293825086304,59.5022,22.14,4.6954,183.1625,0.30947775628626695,0.018062423556581372,0.05259550585545665,-6799798165.287804,,-1.4444340855616928,,74.82769232993495,-0.15526907960947478,9,2022-12-31,True,0.19937187551147684,0.035771030136270324,16.5694,-0.6762040442937226,10.2932,-0.4408955907225124,-0.6093293825086304,-1.4989961794566038,-59.5022,-0.046307437179811374,22.14,0.5272321044351211,-4.6954,0.8273276618630042,183.1625,0.03585637599794595,0.30947775628626695,-0.36481193476653434,0.018062423556581372,-0.5678026034410538,0.05259550585545665,-0.33499797854433955,-0.2276207814520215,-1.4444340855616928,,True,True,False,True,True,True,True,True,True,True,9,8.99772379218548
600309.SH,20240319,20231231,55.8519,55.8519,5.9164,5.9164,0.7678,3.7242,0.956,20.3211,19.8656,20.3211,19.96,9.5006,149218395020.7,1.3243,62.6723,2.679,8.5347,0.1528,131.4263,4010724682.35,10.4355,16438841961.03,3.5859,4.06,5.36,28.2367,1.4919,16.7851,1,2023-12-31,2024-03-19,2023,2023-12-29,74.82769232993495,76.82,313974.6626,24119533.5809,24119533.5809,13.960390360062489,2.650015487997356,0.021716559062585388,3431.1099,0.4853,1.625,0.0,16438841961.03,26796795528.922203,33596593694.210007,-6799798165.287804,0.1987108855058377,16.7851,10.4355,0.6282624574470324,62.6723,19.96,5.448,131.4263,0.3031716417910448,0.021716559062585388,-0.02819207984466371,-2715223855.240597,,0.6006905220949784,,71.35,-0.046476006698173866,10,2023-12-31,True,0.1987108855058377,-0.11472551507409248,16.7851,-0.6382261386085873,10.4355,-0.4722963970388598,-0.6282624574470324,-1.4580993895367838,-62.6723,-0.10739145658360091,19.96,0.8650686003740353,-5.448,0.745416517360167,131.4263,-0.23536949814659108,0.3031716417910448,-0.2351778812961236,0.021716559062585388,-0.5362599676864725,-0.02819207984466371,-0.8108913357750965,-0.27254113291018234,0.6006905220949784,,True,True,False,True,True,True,True,True,True,False,8,7.997274588670898
600309.SH,20250415,20241231,57.9885,57.9885,3.8254,3.8254,0.8892,4.1595,1.1504,14.2219,14.5774,14.2219,14.29,6.8802,181986959605.35,1.0994,64.7159,2.8341,9.5719,0.1651,167.2825,2430918754.13,8.124,13358861995.56,-22.4949,-18.74,4.15,30.1381,-0.2615,16.1623,1,2024-12-31,2025-04-15,2024,2024-12-31,71.35,71.35,313974.6626,22402092.1765,22402092.1765,17.19277108433735,2.3674352397795477,0.0102312543798178,3934.9109,-1.604,1.25,0.0,13358861995.56,30053340729.409397,32768564584.649994,-2715223855.240597,-0.1814341110301252,16.1623,8.124,0.6786012064109451,64.7159,14.29,6.1991000000000005,167.2825,0.3012048192771084,0.0102312543798178,-0.012120403013468945,,,,,,,11,2024-12-31,True,-0.1814341110301252,-0.7523778602191817,16.1623,-0.6747314525896113,8.124,-0.6908229861088803,-0.6786012064109451,-1.5450646290776449,-64.7159,-0.07774243657107184,14.29,0.13733802031039852,-6.1991000000000005,0.717327861038128,167.2825,0.0790761020740609,0.3012048192771084,-0.635564834968641,0.0102312543798178,-0.9620412262441211,-0.012120403013468945,-0.6580763240196266,-0.46024361512510836,,,False,True,False,True,True,True,True,True,True,False,7,6.995397563848749
600332.SH,20150320,20141231,14.5584,14.5584,6.7678,6.7678,20.9724,6.7302,0.0091,16.3677,15.2737,16.3677,15.29,11.0813,2501712761.64,7.8084,43.9934,1.7855,1.364,0.0937,129.244,274519000.0,6.4396,1112771000.0,21.6752,24.78,0.923,5.9932,0.8597,35.2447,1,2014-12-31,2015-03-20,2014,2014-12-03,22.895263692289316,27.11,129134.065,3500824.5022,2810225.3246,24.805269439100016,3.820206849811339,0.01222960363170216,2967.549,1.4914,0.28,0.0,1112771000.0,1761388646.6000001,0.0,1761388646.6000001,0.216752,35.2447,6.4396,0.18104144037658412,43.9934,15.29,27.7117,129.244,0.30335861321776814,0.01222960363170216,0.05031353743934043,1719595028.745,,-0.023727652574390252,,28.857659917577497,0.26042050903725555,1,2014-12-31,True,0.216752,0.16927197327258486,35.2447,0.5026614179964568,6.4396,-0.8390648395388007,-0.18104144037658412,0.2761856863003077,-43.9934,0.8282532065414756,15.29,0.2127655069839091,-27.7117,-0.7535356938816529,129.244,-0.31646857500373454,0.30335861321776814,-0.16847297051102156,0.01222960363170216,-0.738448865599037,0.05031353743934043,-0.4544422005948322,-0.11648139582130407,-0.023727652574390252,,True,True,True,True,True,True,True,True,True,True,10,9.998835186041786
600340.SH,20180330,20171231,20.1816,20.1816,10.8041,10.8041,3.2915,12.5555,1.6434,28.1184,26.4889,28.1184,29.5,4.3939,9983140441.3,6.8685,81.1016,5.2915,-5.4917,-0.2721,-126.0132,2385452648.25,14.7673,8271953219.14,35.2646,37.89,2.83,9.5078,7.0662,47.9306,1,2017-12-31,2018-03-30,2017,2017-12-29,21.308155741059007,31.39,295494.6709,9275577.7196,9275577.7196,7.529383654084454,2.2411236817201674,0.04223734850340785,4030.8549,0.2975,0.9,0.0,8271953219.14,-16227680841.815302,2601256430.709999,-18828937272.5253,0.3347604905596222,47.9306,14.7673,0.06715195945802893,81.1016,29.5,17.4904,-126.0132,0.31802120141342755,0.04223734850340785,-0.20299476584340753,-17427632715.059704,-23243918528.2047,0.07442292345996303,-0.07815950508833068,17.82687208445863,-0.16337799004783138,4,2017-12-31,True,0.3347604905596222,0.6584546486594922,47.9306,1.8218139503243114,14.7673,-0.02494734525994688,-0.06715195945802893,0.691250843251822,-81.1016,-0.7303520188791288,29.5,2.3738951681695872,-17.4904,-0.1484247954029229,-126.0132,-0.5774677486544937,0.31802120141342755,-0.30175887894707876,0.04223734850340785,0.41654886902990296,-0.20299476584340753,-1.0275393779355322,0.2864975740323648,0.07442292345996303,-0.07815950508833068,True,True,True,True,True,True,False,True,True,False,8,8.002864975740323
600340.SH,20190420,20181231,27.9026,27.9026,40.5182,40.5182,2.246,9.6164,1.1487,29.048,26.1807,29.048,31.55,4.6642,19982830704.49,5.5929,86.6453,7.488,-2.4733,-0.0886,-41.5633,3386916248.85,14.0847,10586383111.37,32.8774,27.22,3.79,11.5796,-6.1932,41.6233,1,2018-12-31,2019-04-20,2018,2018-12-28,17.82687208445863,25.45,300325.1709,7643275.5994,7520339.3744,4.703660180595944,1.5395067260059614,0.06731410840414082,3010.6536,0.6737,1.2,0.0,10586383111.37,-7427942451.869701,9999690263.190002,-17427632715.059704,0.32605279473077275,41.6233,14.0847,0.07673718838779515,86.6453,31.55,13.0111,-41.5633,0.31662269129287596,0.06731410840414082,-0.22801261695218447,-31819093884.6764,,-0.825784052539771,,20.89258531794746,0.1719714607792302,5,2018-12-31,True,0.32605279473077275,0.11105555831865203,41.6233,1.0559975203005654,14.0847,-0.1318557146766199,-0.07673718838779515,0.6551031179358413,-86.6453,-0.9859800138050966,31.55,2.2383641570198685,-13.0111,0.2728053034775158,-41.5633,-0.6458704934770336,0.31662269129287596,-0.22471198255044553,0.06731410840414082,0.8867969836219645,-0.22801261695218447,-0.5954748596260144,0.23965723423083618,-0.825784052539771,,True,True,True,False,True,True,False,True,True,False,7,7.002396572342309
600340.SH,20200425,20191231,34.9152,34.9152,25.5505,25.5505,1.7995,7.6565,2.6439,31.1509,30.7907,31.1509,35.29,5.759,17620530777.34,5.5958,83.9047,6.213,-10.5596,-0.3024,-141.1285,4738889530.21,13.9578,14442810810.0,24.4001,36.43,4.75,14.6804,-1.4804,43.6813,1,2019-12-31,2020-04-25,2019,2019-12-31,20.89258531794746,28.7,301328.5909,8648130.5588,8550369.7488,4.398439014304729,1.423161856485345,0.07179580588867801,4096.5821,0.3662,1.5,0.3,14442810810.0,-31819093884.6764,0.0,-31819093884.6764,0.3402535090825758,43.6813,13.9578,0.06411201150254203,83.9047,35.29,12.0999,-141.1285,0.3157894736842105,0.07179580588867801,-0.3679303135901265,-23243918528.2047,,0.2694977860636495,,15.207523365250841,-0.27210906961394354,6,2019-12-31,True,0.3402535090825758,0.09773883565008176,43.6813,1.0186909128269646,13.9578,-0.16510147874945008,-0.06411201150254203,0.7603747393379987,-83.9047,-0.9183230309723174,35.29,2.71035735413516,-12.0999,0.3612542953790868,-141.1285,-1.3171960828045215,0.3157894736842105,-0.013040415231356546,0.07179580588867801,1.5686951031890692,-0.3679303135901265,-1.7607922132745721,0.2129689108623767,0.2694977860636495,,True,True,True,True,True,True,False,True,True,False,8,8.002129689108624
600346.SH,20230428,20221231,31.5911,31.5841,12.3015,12.3113,0.1766,1.3824,1.928,4.2115,1.8989,4.2115,1.94,2.9707,146170354362.87,1.6064,78.0805,4.5621,3.6871,0.1167,1116.3338,-3745531400.0,1.0426,1045285100.0,-85.0731,-92.8,0.33,7.5098,1.5249,8.207,1,2022-12-31,2023-04-28,2022,2022-12-30,14.967292448405251,15.53,703909.9786,10931721.9677,10931721.9677,45.35543166183409,1.9930347610329504,0.0,3871.6338,0.3872,,,1045285100.0,25953864820.9606,15485921433.25,10467943387.710602,-0.5169810775554294,8.207,1.0426,0.6061065904405476,78.0805,1.94,3.487,1116.3338,0.0,0.0,0.09575749747972252,-9297601280.080418,,-1.8881975127030044,,15.613015947467165,0.04314230521571161,9,2022-12-31,True,-0.5169810775554294,-1.266047602090941,8.207,-1.1171692605717318,1.0426,-1.0673696847647527,-0.6061065904405476,-1.4856327775142812,-78.0805,-0.8558071475682184,1.94,-0.9555829266198339,-3.487,0.9245481426480409,1116.3338,3.0659464663166838,0.0,-1.8416924292828656,0.0,-1.1049636116057107,0.09575749747972252,-0.21094409825166904,-0.5377013572095709,-1.8881975127030044,,False,True,False,True,False,True,True,False,False,True,5,4.994622986427904
600372.SH,20150331,20141231,3.7556,3.7556,10.1371,10.1371,1.5064,16.9493,2.5488,11.9533,9.1711,11.9533,8.86,6.3775,3229576891.89,2.1334,62.7457,2.6843,0.0518,0.0138,13.4365,176631030.82,9.2812,460803487.94,-4.2758,8.15,0.34,2.9319,0.0135,32.5529,1,2014-12-31,2015-03-31,2014,2014-12-31,26.38204987756154,27.69,175916.2938,4871122.1753,4871122.1753,77.59426434576922,8.99827752568694,0.0018952280142008982,3533.705,2.2025,0.05,0.0,460803487.94,91124640.18840002,0.0,91124640.18840002,-0.042758000000000004,32.5529,9.2812,0.23327025136739288,62.7457,8.86,21.0045,13.4365,0.14705882352941177,0.0018952280142008982,0.0018707114481846861,257321519.90900004,,1.8238412725360373,,29.15459466426086,0.1050920910075841,1,2014-12-31,True,-0.042758000000000004,-0.5099516032005137,32.5529,0.25433804338041893,9.2812,-0.644352937370303,-0.23327025136739288,0.10744267613792326,-62.7457,0.014119024842152453,8.86,-0.7451379018255955,-21.0045,-0.1808004404131698,13.4365,-0.9422104634709154,0.14705882352941177,-1.1131380185322184,0.0018952280142008982,-1.0980447035878995,0.0018707114481846861,-0.6122883932488622,-0.4972749742989985,1.8238412725360373,,False,True,True,True,True,True,False,True,False,True,7,6.99502725025701
600406.SH,20150328,20141231,3.667,3.667,-6.9826,-6.9826,4.082,6.4779,0.1131,19.4117,19.0909,19.4117,19.08,10.4539,588182103.59,15.1073,51.214,2.0498,0.6972,0.1901,135.6682,615377672.75,14.6105,1261854230.57,-19.8249,7.85,0.53,2.9426,0.4038,27.1992,1,2014-12-31,2015-03-28,2014,2014-12-31,7.104272722974357,14.55,242895.3351,3534127.1257,3209371.4909,13.40428815655539,2.414284212252551,0.022521657914761548,3533.705,2.2025,0.16,0.0,1261854230.57,1693466276.3172002,0.0,1693466276.3172002,-0.198249,27.1992,14.6105,0.040146705547890994,51.214,19.08,10.672999999999998,135.6682,0.3018867924528302,0.022521657914761548,0.04791752577326367,1143439250.8401,-3054857832.4015007,-0.32479361010556995,-0.9346360922806866,8.189627890116471,0.15277498618995966,1,2014-12-31,True,-0.198249,-0.9169230229121955,27.1992,-0.23955037726074374,14.6105,-0.2791790423018291,-0.040146705547890994,0.731394243033651,-51.214,0.5147696726614646,19.08,0.7773773140426994,-10.672999999999998,0.7014178132857857,135.6682,-0.28175673820654207,0.3018867924528302,-0.17736855275307678,0.022521657914761548,-0.38032564446548417,0.04791752577326367,-0.462249369382093,-0.0011267003871239952,-0.32479361010556995,-0.9346360922806866,False,True,True,True,True,True,True,True,True,True,9,8.999988732996128
600406.SH,20160405,20151231,3.9844,3.9844,8.6562,8.6562,4.1566,6.4009,-0.1599,17.0891,16.7639,17.0891,16.76,9.7226,647317656.83,15.6666,49.9911,1.9996,0.4951,0.1243,94.0851,989409856.09,13.6937,1274491341.59,1.2593,1.0,0.53,3.3174,0.0604,25.1922,1,2015-12-31,2016-04-05,2015,2015-12-31,8.189627890116471,16.68,242895.3351,4051494.1895,3679197.0081,15.452128094559379,2.468688699016239,0.032968530881097226,3731.0047,-0.9075,0.27,0.0,1274491341.59,1202574804.0801,59135553.24000001,1143439250.8401,0.012593,25.1922,13.6937,0.0401751318648856,49.9911,16.76,10.3976,94.0851,0.5094339622641509,0.032968530881097226,0.028222655577378807,1824386861.9361,2185628084.3675003,0.595525831910789,0.24104555130063376,8.33708194770603,0.018004976485868518,2,2015-12-31,True,0.012593,0.053174967986983304,25.1922,0.0323227280539217,13.6937,-0.19901762817769497,-0.0401751318648856,0.6980127064977142,-49.9911,0.6175391136038002,16.76,0.7749632537428547,-10.3976,0.6330188667565143,94.0851,-0.610997462456382,0.5094339622641509,1.1036445160671748,0.032968530881097226,0.05927281004202789,0.028222655577378807,-0.5732178240762631,0.23533782254915012,0.595525831910789,0.24104555130063376,True,True,True,True,True,True,True,True,True,True,10,10.002353378225491
600406.SH,20170330,20161231,4.6997,4.6997,17.5433,17.5433,4.0933,5.8625,-0.1897,17.1179,16.6537,17.1179,16.78,9.6034,641708237.99,17.7115,48.9473,1.9588,0.7511,0.1598,131.9818,653539775.35,12.7132,1407929605.58,11.3638,10.56,0.6,3.6437,0.3384,22.7776,1,2016-12-31,2017-03-30,2016,2016-12-28,8.33708194770603,16.63,242895.3351,4039349.4227,3668168.2401,13.895136579510051,2.288081331532791,0.035983813267248234,3301.8887,-0.4371,0.3,0.0,1407929605.58,1824386861.9361,0.0,1824386861.9361,0.11363799999999999,22.7776,12.7132,0.03701568004521601,48.9473,16.78,9.7661,131.9818,0.5,0.035983813267248234,0.045165363800506154,-3054857832.4015007,1760460037.7574997,-2.674457263499247,-0.01181919949427468,9.326692304055227,0.1186998475673482,3,2016-12-31,True,0.11363799999999999,0.08217064301484145,22.7776,-0.040947476383045196,12.7132,-0.12356615535349158,-0.03701568004521601,0.7206255472757328,-48.9473,0.6907075038482047,16.78,0.9089233289779084,-9.7661,0.6640289205956658,131.9818,-0.13049499500752232,0.5,0.8563282401708443,0.035983813267248234,0.2531564684205831,0.045165363800506154,-0.29910365598147975,0.3256207608707492,-2.674457263499247,-0.01181919949427468,True,True,True,True,True,True,True,True,True,True,10,10.003256207608707
600406.SH,20180419,20171231,5.7587,5.7587,-14.3388,-14.3388,5.2764,7.9917,0.3843,22.9579,8.1328,22.9579,12.8,13.4035,6997213950.77,6.3354,54.0143,2.1746,0.7855,0.1364,78.5648,303742913.22,15.3022,1147948433.55,2.5109,-12.78,0.79,4.612,-0.1949,30.012,1,2017-12-31,2018-04-19,2017,2017-12-29,9.326692304055227,18.28,420197.0567,7681202.1965,4032117.5845,11.805939625386362,2.0222663278523907,0.038598893183542975,4030.8549,0.2975,0.36,0.0,1147948433.55,3300647880.3785,6355505712.780001,-3054857832.4015007,-0.031043239405570744,30.012,15.3022,0.16603645985390164,54.0143,12.8,13.6524,78.5648,0.45569620253164556,0.038598893183542975,-0.03977056916680921,2185628084.3675003,4912600456.510401,1.7154598361945121,0.8693757861554866,9.674739948620152,0.03731737182040362,4,2017-12-31,True,-0.031043239405570744,-0.674842815789894,30.012,0.4165322851316378,15.3022,0.011513513074263258,-0.16603645985390164,0.36746706258470774,-54.0143,0.5157692163582172,12.8,0.15127750519022606,-13.6524,0.21737166538909206,78.5648,-0.15804418500658973,0.45569620253164556,0.1730509898315697,0.038598893183542975,0.278358199327872,-0.03977056916680921,-0.33556498639702065,0.08753531360855286,1.7154598361945121,0.8693757861554866,False,True,True,True,True,True,True,True,True,False,8,8.000875353136086
600406.SH,20190429,20181231,6.2265,6.2265,17.9622,17.9622,5.2698,7.6405,-0.3119,17.6494,15.3439,17.6494,14.69,10.1234,8019692387.49,3.8011,43.8642,1.7814,0.6999,0.1124,64.1891,1689566526.59,15.5915,3618385290.83,28.4384,215.2,0.93,6.0616,-0.2302,28.7425,1,2018-12-31,2019-04-29,2018,2018-12-28,9.674739948620152,18.53,458366.4125,8493529.6236,4731089.4839,10.402946181311991,1.596070335987223,0.038243922003585305,3010.6536,0.6737,0.37,0.0,3618385290.83,3208106521.0874996,1022478436.7199993,2185628084.3675003,0.41598713193109993,28.7425,15.5915,0.1620302871108381,43.8642,14.69,12.5984,64.1891,0.3978494623655914,0.038243922003585305,0.025732859967834167,1760460037.7574997,3746581487.6323996,-0.19452900045116328,0.19679465277592856,11.287415483301547,0.16668929017687972,5,2018-12-31,True,0.41598713193109993,0.29147210487425285,28.7425,0.20145865540300226,15.5915,-0.023256577466420868,-0.1620302871108381,0.38681198725025157,-43.8642,0.8198110772617284,14.69,0.227385804421833,-12.5984,0.3066922576509089,64.1891,-0.24791592803835594,0.3978494623655914,0.33549333946169285,0.038243922003585305,-0.11904507696662987,0.025732859967834167,-0.0021543996792041933,0.1978866585611872,-0.19452900045116328,0.19679465277592856,True,True,True,True,True,True,True,True,True,True,10,10.001978866585612
600406.SH,20200430,20191231,7.0149,7.0149,13.6061,13.6061,4.8976,7.9662,-0.083,14.8972,14.2312,14.8972,14.16,9.5598,10943746028.92,3.4196,43.1387,1.7587,1.0135,0.1445,89.1815,2136417699.31,14.3732,4148918256.69,4.3486,14.66,0.94,6.6037,0.0092,28.7881,1,2019-12-31,2020-04-30,2019,2019-12-31,11.287415483301547,21.18,462211.5125,9789639.8348,6216115.8533,12.007888812022923,1.7092562477552808,0.025692329694873207,4096.5821,0.3662,0.29,0.0,4148918256.69,4684513679.1875,2924053641.4300003,1760460037.7574997,0.43367698115959175,28.7881,14.3732,0.20386663209531314,43.1387,14.16,12.7808,89.1815,0.30851063829787234,0.025692329694873207,0.017982888721804192,4912600456.510401,8760210070.903,1.7905208588365031,0.7072460498809772,14.347188608173493,0.2710782755714569,6,2019-12-31,True,0.43367698115959175,0.25919312425834257,28.7881,0.0949032265582784,14.3732,-0.13534721439654732,-0.20386663209531314,0.2219806492544465,-43.1387,0.7756963746452648,14.16,0.17876127481679963,-12.7808,0.30639919878653465,89.1815,-0.1382765329964897,0.30851063829787234,-0.058232420236895316,0.025692329694873207,-0.2509607196624901,0.017982888721804192,-0.15082465254291336,0.1002993007713028,1.7905208588365031,0.7072460498809772,True,True,True,True,True,True,True,True,True,True,10,10.001002993007713
600406.SH,20210423,20201231,8.3307,8.3307,18.7481,18.7481,3.7764,7.1224,0.1173,15.0043,14.3395,15.0043,14.39,9.4937,11665965478.16,3.4058,44.829,1.8125,1.2192,0.1464,95.9305,2220261002.67,13.5359,4636574383.68,11.7077,11.75,1.06,7.388,0.9645,26.8047,1,2020-12-31,2021-04-23,2020,2020-12-31,14.347188608173493,26.57,462173.5487,12279951.189,12178795.5801,13.535083592616502,1.9419583930933262,0.029274027927724385,5211.2885,1.9082,0.42,0.2,4636574383.68,5634819905.750401,722219449.2399998,4912600456.510401,0.5925446492436166,26.8047,13.5359,0.18849971537662882,44.829,14.39,11.0161,95.9305,0.3962264150943396,0.029274027927724385,0.04000504872454995,3746581487.6323996,11443858781.8834,-0.2373526972527839,0.3256239704432595,26.325896783243234,0.8349167563215525,7,2020-12-31,True,0.5925446492436166,1.0796463382415469,26.8047,0.038731761508110925,13.5359,0.0005126052494910924,-0.18849971537662882,0.23787621338492707,-44.829,0.6301400620785969,14.39,0.3894319930088671,-11.0161,0.46074427895904974,95.9305,-0.5369815964797293,0.3962264150943396,0.1922669847192935,0.029274027927724385,0.0985860198736529,0.04000504872454995,-0.42744945833939707,0.19668229110949184,-0.2373526972527839,0.3256239704432595,True,True,True,True,True,True,True,True,True,True,10,10.001966822911095
600406.SH,20220429,20211231,7.6479,7.6479,10.1516,10.1516,3.971,7.2786,-0.2951,15.6425,15.3282,15.6425,15.39,9.5832,12590305481.29,3.4969,44.2585,1.794,0.8423,0.1101,68.252,2409445670.2,14.2482,5529087237.95,16.3022,19.25,1.02,6.8519,0.0959,26.8782,0,2021-12-31,2022-04-29,2021,2021-12-31,26.325896783243234,40.03,554543.6888,22198383.8627,22063844.81,25.809702728669837,3.8421309101480223,0.015574018365861335,4940.3733,0.3833,0.41,0.2,5529087237.95,4670921490.762401,924340003.1300011,3746581487.6323996,0.1518065511273019,26.8782,14.2482,0.18470006397842664,44.2585,15.39,10.954500000000001,68.252,0.40196078431372545,0.015574018365861335,0.016877721868427502,8760210070.903,11086100510.0478,1.3381875183606091,0.4356476892972898,19.501992939211018,-0.25920878974104755,8,2021-12-31,True,0.1518065511273019,-0.19327495962182134,26.8782,-0.27677078532932425,14.2482,-0.21082630648222836,-0.18470006397842664,0.21534142169136303,-44.2585,0.6682432679932825,15.39,-0.02085451216240387,-10.954500000000001,0.4484128398268546,68.252,-0.34695350095007704,0.40196078431372545,0.19066016738283817,0.015574018365861335,-0.572597659980813,0.016877721868427502,-0.23161592609407725,-0.030021450338764244,1.3381875183606091,0.4356476892972898,True,True,True,True,True,True,True,True,True,True,10,9.999699785496613
600406.SH,20230428,20221231,6.9948,6.9948,10.417,10.417,3.7551,7.5251,-0.9961,16.0227,15.6441,16.0227,15.71,10.0677,11735586668.62,3.8501,40.8361,1.6902,1.3085,0.1871,111.5668,2700278710.44,14.7446,6293844949.29,14.2444,13.83,0.97,6.3431,0.3365,27.0437,1,2022-12-31,2023-04-28,2022,2022-12-30,19.501992939211018,24.4,669484.9118,16335431.8479,16171400.6373,20.105147360011358,3.074520808313131,0.019997956168667244,3871.6338,0.3872,0.39,0.2,6293844949.29,8760210070.903,0.0,8760210070.903,0.14901858630823694,27.0437,14.7446,0.16350248429143271,40.8361,15.71,10.2841,111.5668,0.4020618556701031,0.019997956168667244,0.05362704918039352,11443858781.8834,,0.30634524620523973,,21.7135337042349,0.11340075713889353,9,2022-12-31,True,0.14901858630823694,-0.05573532828392119,27.0437,-0.12387433453806024,14.7446,-0.13943549275917722,-0.16350248429143271,0.3496381449785649,-40.8361,0.7670179232719546,15.71,0.05522712177752909,-10.2841,0.3776950063157226,111.5668,-0.19662122064420667,0.4020618556701031,0.07701513585455617,0.019997956168667244,-0.5102415211208029,0.05362704918039352,-0.33203317207149646,0.02442293298006026,0.30634524620523973,,True,True,True,True,True,True,True,True,True,True,10,10.0002442293298
600406.SH,20240426,20231231,6.4202,6.4202,10.1312,10.1312,4.0434,7.7145,-0.9222,16.0248,15.504,16.0248,15.56,9.9571,10476926571.72,4.6436,41.4795,1.7088,1.4246,0.2219,133.4664,2877620949.89,14.8333,6950189275.07,11.441,10.43,0.9,5.8746,0.2468,26.7959,1,2023-12-31,2024-04-26,2023,2023-12-29,21.7135337042349,22.32,803303.2979,17929729.6091,17786656.4293,24.126148560261,3.696172284791288,0.024869282326656996,3431.1099,0.4853,0.54,0.0,6950189275.07,11443858781.8834,0.0,11443858781.8834,0.14445784411117857,26.7959,14.8333,0.12992263316476121,41.4795,15.56,10.8357,133.4664,0.6,0.024869282326656996,0.06382616487465165,11086100510.0478,,-0.03126203133526618,,25.22,0.16148759310794314,10,2023-12-31,True,0.14445784411117857,-0.15133899941841952,26.7959,-0.1190385542447818,14.8333,-0.1718237210509242,-0.12992263316476121,0.4141588582332328,-41.4795,0.790352305873695,15.56,0.3114623688806988,-10.8357,0.33054415114963925,133.4664,-0.22931796864457138,0.6,1.0042350452112823,0.024869282326656996,-0.38575797906947284,0.06382616487465165,-0.5052741787361876,0.11710921165310823,-0.03126203133526618,,True,True,True,True,True,True,True,True,True,True,10,10.00117109211653
600406.SH,20250429,20241231,7.1478,7.1478,11.1547,11.1547,3.9385,8.1619,-0.8288,15.7861,15.3265,15.7861,15.41,9.6754,9396070999.57,5.7784,43.1145,1.7579,1.3801,0.1931,121.748,3054844405.56,14.1884,7388560296.53,6.0617,6.15,0.95,6.1279,-1.1529,26.658,0,2024-12-31,2025-04-29,2024,2024-12-31,25.22,25.22,803282.4078,20258782.3247,20136870.4487,26.54736842105263,4.115602408655493,0.01724821570182395,3934.9109,-1.604,0.5700000000000001,0.0,7388560296.53,11086100510.0478,0.0,11086100510.0478,0.10146015980596679,26.658,14.1884,0.10858559071141845,43.1145,15.41,11.2716,121.748,0.6000000000000001,0.01724821570182395,0.05472244250599087,,,,,,,11,2024-12-31,True,0.10146015980596679,0.3674973212805096,26.658,-0.17035267631353035,14.1884,-0.3098920763436245,-0.10858559071141845,0.47084667994547263,-43.1145,0.8273749681016953,15.41,0.2522465826632574,-11.2716,0.3462138078943981,121.748,-0.2392353701257506,0.6000000000000001,0.8195272056117239,0.01724821570182395,-0.5074436966397581,0.05472244250599087,-0.3498201497760337,0.13699659966348723,,,True,True,True,True,True,True,True,True,True,True,10,10.001369965996634
600436.SH,20220416,20211231,13.2957,13.2957,23.2041,23.2041,8.1103,7.1827,-1.0501,27.6818,27.3913,27.6818,27.39,24.4594,305427043.02,26.9234,18.8757,1.2327,0.7662,0.0576,16.0819,399782547.87,30.7175,2405941631.41,45.4638,51.4,4.03,16.0861,-0.0071,50.7205,0,2021-12-31,2022-04-16,2021,2021-12-31,427.2478116285659,437.15,60331.721,26374011.8352,26374011.8352,106.01682670684016,26.56006189371979,0.002832080041294468,4940.3733,0.3833,1.21,0.0,2405941631.41,462261646.302,14974136.329999983,447287509.972,0.2887938707352389,50.7205,30.7175,0.025530164515858482,18.8757,27.39,14.242899999999999,16.0819,0.3002481389578163,0.002832080041294468,0.001695940355099974,6833673943.881,466499815.82500005,14.278034354924833,0.014117401999144796,282.98408207697696,-0.33765820590558504,8,2021-12-31,True,0.2887938707352389,-0.008881826249146244,50.7205,0.9254254175180547,30.7175,0.9943041759111777,-0.025530164515858482,0.9020969026803237,-18.8757,1.8219939732710768,27.39,0.9325879350202539,-14.242899999999999,0.2318935544859263,16.0819,-0.4963056695555184,0.3002481389578163,-0.38931043122590653,0.002832080041294468,-1.0002943112958633,0.001695940355099974,-0.28006215344437285,0.3303134151923642,10.977367769972727,0.014117401999144796,True,True,True,True,True,True,False,True,False,True,8,8.003303134151924
600436.SH,20230415,20221231,14.4103,14.4103,8.3831,8.3831,5.5597,6.4537,-0.7174,23.507,23.5422,23.507,23.5,21.5455,344803087.18,26.7413,19.0354,1.2351,11.3921,0.7905,230.9708,414303400.38,29.0197,2476043810.89,1.6631,2.89,4.1,18.7795,0.0064,45.6424,1,2022-12-31,2023-04-15,2022,2022-12-30,282.98408207697696,288.46,60331.721,17403288.2397,17403288.2397,69.02050782365292,15.068776169598603,0.004417209585873373,3871.6338,0.3872,1.25,0.0,2476043810.89,6873049988.040999,39376044.160000026,6833673943.881,0.22268676879782867,45.6424,29.0197,0.024639919508826366,19.0354,23.5,11.296000000000001,230.9708,0.30487804878048785,0.004417209585873373,0.039266567615033644,2067816062.7650003,,-0.6974078541431492,,238.42108143575064,-0.15747529088616496,9,2022-12-31,True,0.22268676879782867,0.07814087360326184,45.6424,0.8568703999866945,29.0197,0.8273104847841589,-0.024639919508826366,0.9254358473216979,-19.0354,1.7169250911110219,23.5,0.6270651956348606,-11.296000000000001,0.29628371493341643,230.9708,0.19109417217211602,0.30487804878048785,-0.38676252138472667,0.004417209585873373,-0.9735995813586305,0.039266567615033644,-0.373307297616081,0.34413239810798085,-0.6974078541431492,,True,True,True,True,True,True,True,True,False,True,9,9.00344132398108
600436.SH,20240420,20231231,16.672,16.672,15.6947,15.6947,7.7822,5.9592,-0.0791,22.6449,23.1021,22.6449,22.64,21.2194,483619719.99,24.2835,18.5002,1.227,3.6575,0.2194,65.0219,413004944.64,28.3456,2853833466.85,13.1457,15.26,4.64,22.1713,-2.2117,46.7588,1,2023-12-31,2024-04-20,2023,2023-12-29,238.42108143575064,241.99,60331.721,14599673.1648,14599673.1648,51.383853757704884,10.753590517279124,0.009730683151125585,3431.1099,0.4853,2.32,0.0,2853833466.85,2206632695.5750003,138816632.81,2067816062.7650003,0.21550431027800987,46.7588,28.3456,0.029466093736597424,18.5002,22.64,13.662299999999998,65.0219,0.5,0.009730683151125585,0.014163440779965756,466499815.82500005,,-0.7743997523642333,,257.2603617709778,0.07901683954195104,10,2023-12-31,True,0.21550431027800987,-0.10339221874309473,46.7588,0.9162922712533016,28.3456,0.7513826411646796,-0.029466093736597424,0.7915731753765489,-18.5002,1.7637736206898091,22.64,1.202265123192704,-13.662299999999998,0.1128857384075271,65.0219,-0.4323442472588494,0.5,0.5866829844897427,0.009730683151125585,-1.1084313918480833,0.014163440779965756,-0.6702173440282733,0.3464063956996375,-0.7743997523642333,,True,True,True,True,True,True,True,True,True,True,10,10.003464063956997
600438.SH,20220426,20211231,14.1043,14.1043,43.6441,43.6441,1.4474,7.8491,1.0035,24.1253,24.9441,24.1253,24.24,14.3717,48047914888.86,1.5681,52.797,2.1185,1.6924,0.12,70.3171,2555759016.58,13.7692,8486488644.67,127.4971,252.35,1.8234,8.331,-0.6849,27.6779,0,2021-12-31,2022-04-26,2021,2021-12-31,38.968169702704834,44.96,450154.8184,20238960.6353,20238960.6353,21.371158112704197,4.677490061541812,0.02340371659633521,4940.3733,0.3833,0.912,0.0,8486488644.67,7618420146.6016,15117417595.119999,-7498997448.518399,0.6441611819739366,27.6779,13.7692,0.6047655439560367,52.797,24.24,10.3,70.3171,0.5001645278051992,0.02340371659633521,-0.03705228536014316,34466463680.152,-23041379154.410896,5.596142873333242,-0.690864870608504,34.135131298793475,-0.12402528629862464,8,2021-12-31,True,0.6441611819739366,0.46946384986940093,27.6779,-0.2364476494147082,13.7692,-0.24587682478394385,-0.6047655439560367,-1.5970758237987264,-52.797,0.28013398150737695,24.24,0.6823092926348061,-10.3,0.4915073150292746,70.3171,-0.3410415482532814,0.5001645278051992,0.7506228317995761,0.02340371659633521,-0.30978554861432034,-0.03705228536014316,-0.40371070883777704,-0.0418091666238475,5.596142873333242,-0.690864870608504,True,True,False,True,True,True,True,True,True,False,8,7.999581908333761
600438.SH,20230425,20221231,31.6358,31.6358,119.6861,119.6861,1.0074,6.5526,0.4839,52.3428,54.0131,52.3428,52.36,33.4613,57397078096.91,2.7014,49.5708,1.983,9.7331,0.3077,110.7244,4566639044.97,22.7302,26547373729.76,217.2531,216.5,5.7149,13.0682,7.1727,38.1699,1,2022-12-31,2023-04-25,2022,2022-12-30,34.135131298793475,38.58,450171.342,17367610.3744,17367610.3744,5.973005879156848,2.6120759782367484,0.0837260584991808,3871.6338,0.3872,2.858,0.0,26547373729.76,43815626888.202,9349163208.050003,34466463680.152,1.2552208731949888,38.1699,22.7302,0.492009460394361,49.5708,52.36,8.0439,110.7244,0.5000962396542372,0.0837260584991808,0.19845253858847414,4886635217.3148,,-0.8582205803687125,,23.987823515495627,-0.29726874915101054,9,2022-12-31,True,1.2552208731949888,1.9545512796181805,38.1699,0.4628312989346729,22.7302,0.4013695928983709,-0.492009460394361,-1.012525677502191,-49.5708,0.3864267432215939,52.36,2.7455821162410983,-8.0439,0.5579278108958611,110.7244,-0.19935656826161036,0.5000962396542372,0.5448518916702656,0.0837260584991808,1.3849776663290418,0.19845253858847414,0.08421647837922072,0.6646229665840457,-0.8582205803687125,,True,True,False,True,True,True,True,True,True,True,9,9.00664622966584
600438.SH,20240430,20231231,30.8985,30.8985,-2.33,-2.33,1.5313,4.2536,0.4176,22.193,22.2574,22.193,22.59,14.6004,83189565174.71,1.9789,55.0816,2.2263,6.8146,0.2205,137.6319,-2028304712.01,13.1169,13613305529.94,-47.2526,-48.73,3.0151,13.2306,-4.6258,26.4378,1,2023-12-31,2024-04-30,2023,2023-12-29,23.987823515495627,25.03,450196.9638,11268430.0039,11268430.0039,7.955896492818026,1.813056362938614,0.03772747450036012,3431.1099,0.4853,0.905,0.0,13613305529.94,30679122295.114803,25792487077.800003,4886635217.3148,0.7812944750991473,26.4378,13.1169,0.6273401257030475,55.0816,22.59,6.2025,137.6319,0.30015588206029653,0.03772747450036012,0.04336571479455023,-23041379154.410896,,-5.715182969411845,,22.11,-0.07828236331164407,10,2023-12-31,True,0.7812944750991473,0.2784398188593584,26.4378,-0.13761060382730056,13.1169,-0.28909401553127634,-0.6273401257030475,-1.454634197451558,-55.0816,0.21415659641952253,22.59,1.1959741432893705,-6.2025,0.6873172912885885,137.6319,-0.2169618850503048,0.30015588206029653,-0.24777024819827326,0.03772747450036012,0.22805532773584905,0.04336571479455023,-0.573228795826428,-0.02866877893567745,-4.898250600860604,,True,True,False,True,True,True,True,True,True,True,9,8.999713312210643
600438.SH,20250430,20241231,20.4342,20.4342,-33.8665,-33.8665,2.0162,6.1499,2.1767,-12.7995,-12.8333,-12.7995,-12.81,-3.7566,107374898425.66,0.9655,70.4369,3.3826,0.2541,0.0124,,-3019704559.93,-8.8144,-7057321013.59,-151.8551,-151.84,-1.579,10.3268,0.0206,6.3886,0,2024-12-31,2025-04-30,2024,2024-12-31,22.11,22.11,450198.3851,9953886.2946,9953886.2946,-14.002533248891703,2.1410311035364296,0.0,3934.9109,-1.604,,,-7057321013.59,1143954096.5391,24185333250.949997,-23041379154.410896,-1.518551,6.3886,-8.8144,0.6827825646731119,70.4369,-12.81,10.3428,,0.0,0.0,-0.23148123730236786,,,,,,,11,2024-12-31,True,-1.518551,-3.989734734125619,6.3886,-1.1444139745452246,-8.8144,-1.7547963589022,-0.6827825646731119,-1.559852377300007,-70.4369,-0.31745730098416036,-12.81,-2.6430388009060954,-10.3428,0.41416663836455997,,-0.08344209146203312,0.0,-2.102391488779492,0.0,-1.6248784220588535,-0.23148123730236786,-1.6696929156127065,-1.497775620573803,,,False,False,False,True,False,True,False,False,False,False,2,1.985022243794262
600518.SH,20150410,20141231,7.2539,7.2539,19.3915,19.3915,2.6736,3.6547,2.7271,15.9053,15.7484,15.9053,17.56,12.5098,5289627068.77,3.0552,40.0318,1.6676,0.5149,0.071,42.4616,781339261.89,14.3323,2263323931.22,21.6012,22.14,1.04,6.2529,0.6843,26.2143,1,2014-12-31,2015-04-10,2014,2014-12-31,7.057788370946709,15.72,219871.4483,3456379.1673,3456379.1673,6.786334972064143,1.1287224121522348,0.04533998232608896,3533.705,2.2025,0.32,1.0,2263323931.22,1132118087.2967,0.0,1132118087.2967,0.21601199999999998,26.2143,14.3323,0.23071872736245586,40.0318,17.56,9.0554,42.4616,0.3076923076923077,0.04533998232608896,0.03275445292598121,155898017.1262002,391094894.7374997,-0.8622952685982984,-0.2983344742526076,15.32086278865172,1.1707739001809467,1,2014-12-31,True,0.21601199999999998,0.16733514830788176,26.2143,-0.3304091675346629,14.3323,-0.29824184184549324,-0.23071872736245586,0.11568624578706622,-40.0318,1.0002467206288166,17.56,0.5509366948528943,-9.0554,0.8395464729367006,42.4616,-0.7853793352024633,0.3076923076923077,-0.14228042279830316,0.04533998232608896,0.4136627677901338,0.03275445292598121,-0.5116567536316453,0.09267695720826596,-0.8622952685982984,-0.2983344742526076,True,True,True,True,True,True,False,True,True,True,9,9.000926769572082
600518.SH,20160425,20151231,4.1085,4.1085,13.2774,13.2774,2.7637,3.9381,2.4852,15.5392,15.4341,15.5392,18.42,11.1119,5642511583.01,3.3053,50.5621,2.0227,0.1157,0.0282,15.8134,640832488.3,15.257,2738091380.6,20.5984,20.98,0.623,3.5924,1.3246,28.3368,1,2015-12-31,2016-04-25,2015,2015-12-31,15.32086278865172,16.95,439742.8966,7453642.0974,7453642.0974,24.592075102169694,4.264798682956163,0.012401390353860127,3731.0047,-0.9075,0.19,0.0,2738091380.6,508782531.3662,352884514.2399998,155898017.1262002,0.20598400000000003,28.3368,15.257,0.17658648597484455,50.5621,18.42,9.187000000000001,15.8134,0.30497592295345105,0.012401390353860127,0.002091568324438075,271218733.0875006,-5824214177.184999,0.7397189399012541,-12.786376428530346,16.34708400147251,0.06698194657685463,2,2015-12-31,True,0.20598400000000003,0.4289761454411674,28.3368,0.2896588977792836,15.257,-0.09378340675498377,-0.17658648597484455,0.28030089221892546,-50.5621,0.5930793544765387,18.42,1.0136720667561554,-9.187000000000001,0.7455946670692793,15.8134,-0.8477437698819841,0.30497592295345105,-0.2359041777346908,0.012401390353860127,-0.7754325392721669,0.002091568324438075,-0.6519950221586776,0.06785664617625879,0.7397189399012541,-7.172360056475571,True,True,True,True,True,True,False,True,True,True,9,9.000678566461763
600518.SH,20170420,20161231,4.3746,4.3746,19.7904,19.7904,2.5782,4.7869,3.3354,13.953,13.8415,13.953,14.75,10.0654,6974688042.99,3.4306,46.4045,1.8658,0.3241,0.0741,40.5079,736135643.44,15.4177,3313706535.24,21.1725,21.02,0.667,5.2854,2.3145,29.8988,1,2016-12-31,2017-04-20,2016,2016-12-30,16.34708400147251,17.85,494722.3675,8830794.2599,7849410.7043,24.508371816300613,3.092875468549686,0.01254046287286063,3310.0808,0.3735,0.205,0.0,3313706535.24,1603395193.0675,1332176459.9799995,271218733.0875006,0.211725,29.8988,15.4177,0.14296189372042276,46.4045,14.75,10.7005,40.5079,0.3073463268365817,0.01254046287286063,0.0030712835686715666,391094894.7374997,,0.44199071459907124,,20.66569913875041,0.26418259898149943,3,2016-12-31,True,0.211725,0.09634009532885976,29.8988,0.5858002857912407,15.4177,0.06029516651054898,-0.14296189372042276,0.39105587620747956,-46.4045,0.8043315834761516,14.75,0.6806233126228641,-10.7005,0.583516290173547,40.5079,-0.473500486306845,0.3073463268365817,-0.08181136833727325,0.01254046287286063,-0.7120814659782428,0.0030712835686715666,-0.41790375359992055,0.13787868508076453,0.44199071459907124,,True,True,True,True,True,True,False,True,True,True,9,9.001378786850808
600518.SH,20180426,20171231,5.3228,5.3228,22.3389,22.3389,2.7971,5.0373,3.6608,13.413,13.174,13.413,13.76,9.349,8426554134.84,3.4383,53.2392,2.1385,0.3705,0.0696,38.115,885410393.35,15.4649,4027843491.44,22.7674,21.55,0.784,5.8431,1.3706,30.3162,1,2017-12-31,2018-04-26,2017,2017-12-29,20.66569913875041,22.36,497425.3675,11122431.2173,9845537.236,26.35931012595715,3.536769717915218,0.011371500108571199,4030.8549,0.2975,0.235,0.0,4027843491.44,1842960986.5875,1451866091.8500004,391094894.7374997,0.21183071853679092,30.3162,15.4649,0.13557184678401943,53.2392,13.76,11.4952,38.115,0.29974489795918363,0.011371500108571199,0.0035162716414841454,-5824214177.184999,,-15.892074162957746,,20.767364027178964,0.004919499105545455,4,2017-12-31,True,0.21183071853679092,0.21039482882392715,30.3162,0.4403894325958152,15.4649,0.022603776022433082,-0.13557184678401943,0.46721927407223174,-53.2392,0.5514268333755084,13.76,0.27904474809203356,-11.4952,0.42297253178318645,38.115,-0.24097391970360008,0.29974489795918363,-0.3647897064349023,0.011371500108571199,-0.7557541787267038,0.0035162716414841454,-0.1520542941110547,0.08004357507171585,-15.892074162957746,,True,True,True,True,True,True,False,True,True,True,9,9.000800435750717
600519.SH,20150421,20141231,28.2113,27.648,2.109,3.6904,5.1983,10.4866,-0.3823,31.9612,32.3174,31.9612,31.96,35.8672,13797793075.53,2.8287,16.0333,1.1909,11.0618,0.4001,57.153,4729415974.48,51.5279,15520833325.69,1.4083,0.45,13.44,46.7868,2.6318,92.5934,1,2014-12-31,2015-04-21,2014,2014-12-31,142.58630638151595,189.62,114199.8,21654566.076,21654566.076,10.609100177196128,3.04757552090581,0.030676157556789194,3533.705,2.2025,4.374,0.1,15520833325.69,12632553476.4,0.0,12632553476.4,0.014083000000000002,92.5934,51.5279,0.21684311955488705,16.0333,31.96,15.302599999999998,57.153,0.3254464285714286,0.030676157556789194,0.05833667334669339,14922148042.68,22091304000.230003,0.1812455866945188,0.20478643456286538,183.67776045375305,0.2881865384905149,1,2014-12-31,True,0.014083000000000002,-0.3611798899320176,92.5934,3.6902530438734247,51.5279,2.2504722728429143,-0.21684311955488705,0.16051613536073248,-16.0333,2.042145536214702,31.96,2.696163613493154,-15.302599999999998,0.3060911301008964,57.153,-0.7059973920621077,0.3254464285714286,-0.03497575216317521,0.030676157556789194,-0.0965809616044393,0.05833667334669339,-0.42829959990607974,0.8653280123834548,0.1812455866945188,0.20478643456286538,True,True,True,True,True,True,True,True,True,True,10,10.008653280123834
600519.SH,20160324,20151231,26.6255,25.9988,3.4385,3.8167,4.4398,11.3997,-0.2011,26.4205,26.6144,26.4205,26.23,28.8258,16312047356.19,2.2217,23.2526,1.303,13.8803,0.5339,78.6874,4096361481.69,50.3834,15616866431.94,0.9986,0.62,12.34,50.8885,7.788,92.2279,1,2015-12-31,2016-03-24,2015,2015-12-31,183.67776045375305,218.19,125619.78,27408979.7982,27408979.7982,14.884745579720668,3.609415888732288,0.033596881760509886,3731.0047,-0.9075,6.171,0.0,15616866431.94,17436402323.34,2514254280.66,14922148042.68,0.009986,92.2279,50.3834,0.1958332266741303,23.2526,26.23,15.638399999999999,78.6874,0.5000810372771475,0.033596881760509886,0.05444255186637763,36564566172.13,41385185281.44,1.4503554091239965,0.4049833788956654,287.36719498121636,0.5645181772214092,2,2015-12-31,True,0.009986,0.04810899454652818,92.2279,3.5899450139168803,50.3834,2.2707655316335043,-0.1958332266741303,0.22136451533953844,-23.2526,1.7629283770438753,26.23,2.1367538918368045,-15.638399999999999,0.14566775633264295,78.6874,-0.6575704718307434,0.5000810372771475,1.0423669136221647,0.033596881760509886,0.08477406237204654,0.05444255186637763,-0.4941728940408174,0.922811971888402,1.4503554091239965,0.4049833788956654,True,True,True,True,True,True,True,True,True,True,10,10.009228119718884
600519.SH,20170415,20161231,31.9656,30.9364,18.9917,20.0564,4.1864,10.4275,-0.0826,24.4385,24.7839,24.4385,24.44,24.0157,17198757435.02,2.3965,32.7942,1.488,29.8132,0.9637,154.3387,4409415625.29,46.139,16954689021.77,7.8389,8.57,13.31,58.0276,22.3009,91.2251,1,2016-12-31,2017-04-15,2016,2016-12-30,287.36719498121636,334.15,125619.78,41975849.487,41975849.487,21.590322688295743,4.952250221984303,0.023617866334546746,3310.0808,0.3735,6.787,0.0,16954689021.77,37451276250.96,886710078.8299999,36564566172.13,0.078389,91.2251,46.139,0.15856287184844559,32.7942,24.44,14.531300000000002,154.3387,0.5099173553719007,0.023617866334546746,0.08710857938313817,22091304000.230003,44750317377.79,-0.3958275370687075,0.06965870925762041,608.9144044491369,1.118941949824643,3,2016-12-31,True,0.078389,0.07707864280465222,91.2251,3.721084071442426,46.139,2.148836052952313,-0.15856287184844559,0.3425255035623765,-32.7942,1.412502816353392,24.44,1.7703903857659078,-14.531300000000002,0.2534351850568379,154.3387,-0.04666190744451442,0.5099173553719007,0.904621448046195,0.023617866334546746,-0.25598923274437535,0.08710857938313817,-0.18072933640483788,0.9224630572173066,-0.3958275370687075,0.06965870925762041,True,True,True,True,True,True,True,True,True,True,10,10.009224630572174
600519.SH,20180328,20171231,48.6092,46.3445,49.8059,52.0673,4.8902,7.7306,-0.0913,32.9542,33.1303,32.9542,32.95,31.2511,17260501637.79,3.5441,28.6683,1.4019,17.635,0.3805,56.8902,7137074786.54,49.8239,27224083628.17,61.9738,60.57,21.56,72.8003,9.6587,89.7962,1,2017-12-31,2018-03-28,2017,2017-12-29,608.9144044491369,697.49,125619.78,87618540.3522,87618540.3522,28.242783137715072,8.364174384571726,0.0180632941504322,4030.8549,0.2975,10.999,0.0,27224083628.17,22153048203.000004,61744202.77000046,22091304000.230003,0.2059965858808639,89.7962,49.8239,0.1346310336444147,28.6683,32.95,12.529499999999999,56.8902,0.5101576994434138,0.0180632941504322,0.025213047274503377,41385185281.44,50659641878.73001,0.8733699595555392,0.3187027780664009,522.3994057995924,-0.14208072270487926,4,2017-12-31,True,0.2059965858808639,0.18913032646866407,89.7962,3.4868994145498404,49.8239,2.364646459711215,-0.1346310336444147,0.4702998381042388,-28.6683,1.6817838737188904,32.95,2.833058697347959,-12.529499999999999,0.3243942932742807,56.8902,-0.2024812113370987,0.5101576994434138,0.36087634659304246,0.0180632941504322,-0.5015959113147036,0.025213047274503377,-0.06007275324457966,0.9951763067156135,0.8733699595555392,0.3187027780664009,True,True,True,True,True,True,True,True,True,True,10,10.009951763067155
600519.SH,20190329,20181231,61.4548,58.6204,26.4885,26.4263,3.3317,6.9274,-0.0046,34.4643,34.8382,34.4643,34.46,34.5132,17202879553.7,4.4801,26.5493,1.3615,32.9448,0.562,80.6054,10656432489.93,51.3718,35585443648.6,30.0017,30.71,28.02,89.8255,18.5601,91.142,1,2018-12-31,2019-03-29,2018,2018-12-28,522.3994057995924,590.01,125619.78,74116926.3978,74116926.3978,18.64380463239088,5.815713865211909,0.027831195515520137,3010.6536,0.6737,14.539,0.0,35585443648.6,41385185281.44,0.0,41385185281.44,0.3159099261824576,91.142,51.3718,0.11197622729645527,26.5493,34.46,10.2545,80.6054,0.5188793718772305,0.027831195515520137,0.05583769766614125,44750317377.79,62901776639.46,0.08131248110804419,0.14975684222387642,1062.9775087779606,1.034798464502369,5,2018-12-31,True,0.3159099261824576,0.09070803174959226,91.142,3.407747569209864,51.3718,2.555526080565225,-0.11197622729645527,0.5442580233781064,-26.5493,1.550673354358693,34.46,2.5854547267743335,-10.2545,0.49915077930590246,80.6054,-0.18614010514818072,0.5188793718772305,1.1702132050386562,0.027831195515520137,-0.47933028885989676,0.05583769766614125,0.06823824875966329,1.073318147739269,0.08131248110804419,0.14975684222387642,True,True,True,True,True,True,True,True,True,True,10,10.010733181477393
600519.SH,20200422,20191231,70.7328,68.0065,16.0115,15.0972,3.6903,6.9965,0.0084,33.1177,33.2788,33.1177,33.09,34.2746,17663120997.91,5.0969,22.4899,1.2902,35.99,0.5292,76.5743,10872688093.12,51.4693,41406909012.08,17.0518,16.36,32.8,108.2714,18.1186,91.3028,1,2019-12-31,2020-04-22,2019,2019-12-31,1062.9775087779606,1183.0,125619.78,148608199.74,148608199.74,32.40785087737685,9.817712791909596,0.016016331351707137,4096.5821,0.3662,17.025,0.0,41406909012.08,45210558822.0,460241444.2099991,44750317377.79,0.34666940817796377,91.3028,51.4693,0.10065575842082418,22.4899,33.09,10.6952,76.5743,0.5190548780487805,0.016016331351707137,0.030112953024182838,50659641878.73001,34541679197.81999,0.13205100761749822,-0.08269074438599378,1816.1406437989538,0.7085409886864475,6,2019-12-31,True,0.34666940817796377,0.10882678176467599,91.3028,3.298235001347654,51.4693,2.521771624943163,-0.10065575842082418,0.6195927223509351,-22.4899,1.633751320009449,33.09,2.4467742318208967,-10.6952,0.4744206255062099,76.5743,-0.2028107457894202,0.5190548780487805,1.248970701098859,0.016016331351707137,-0.6328622199534841,0.030112953024182838,-0.10021998310060296,1.037859096363485,0.13205100761749822,-0.08269074438599378,True,True,True,True,True,True,True,True,True,True,10,10.010378590963635
600519.SH,20210331,20201231,78.0078,75.5577,11.1037,10.2853,2.5999,6.9803,-0.2394,31.4108,31.6254,31.4108,31.41,33.2552,18672527690.32,5.3938,21.4039,1.2723,41.1313,0.5444,77.5403,13114319981.72,52.1763,47016420742.73,13.3251,13.55,37.17,128.4214,20.4878,91.4092,1,2020-12-31,2021-03-31,2020,2020-12-31,1816.1406437989538,1998.0,125619.78,250988320.44,250988320.44,48.860388587542474,14.142040530619925,0.010623075952776116,5211.2885,1.9082,19.293,0.0,47016420742.73,51669048571.14001,1009406692.4099998,50659641878.73001,0.19977211714707943,91.4092,52.1763,0.0909741813882217,21.4039,31.41,9.3408,77.5403,0.519047619047619,0.010623075952776116,0.02018406346156671,62901776639.46,66498710120.09,0.2416545855186943,0.09492331090861983,1881.0248729344169,0.03572643415971366,7,2020-12-31,True,0.19977211714707943,0.20183811307672567,91.4092,2.9630314837780825,52.1763,2.7689166620293766,-0.0909741813882217,0.6308397732962505,-21.4039,1.6131045837739555,31.41,2.5312207657415575,-9.3408,0.57473477865922,77.5403,-0.6370007911292028,0.519047619047619,0.6992113989005155,0.010623075952776116,-0.6055928895437568,0.02018406346156671,-0.5156559513902544,0.929513447926588,0.2416545855186943,0.09492331090861983,True,True,True,True,True,True,True,True,True,True,10,10.009295134479267
600519.SH,20220331,20211231,87.1394,84.533,11.8788,11.7059,2.5007,7.7762,-0.8537,29.9036,29.9725,29.9036,29.9,31.4138,19799404156.42,5.6906,22.8127,1.2955,50.9702,0.603,85.6561,15224071426.41,52.4724,52581102656.24,12.3409,11.84,41.76,150.8834,25.3941,91.5403,0,2021-12-31,2022-03-31,2021,2021-12-31,1881.0248729344169,2050.0,125619.78,257520549.0,257520549.0,45.043699064521476,12.466745002660444,0.011522973625642065,4940.3733,0.3833,21.675,0.0,52581102656.24,64028653105.56,1126876466.0999985,62901776639.46,0.1389878768298336,91.5403,52.4724,0.08063344463425857,22.8127,29.9,9.423200000000001,85.6561,0.5190373563218391,0.011522973625642065,0.02442592518683237,34541679197.81999,90485887316.52998,-0.45086321812807023,0.12885799315871926,1622.1341616126892,-0.13763279531644668,8,2021-12-31,True,0.1389878768298336,-0.21052966265680945,91.5403,2.9836751904422036,52.4724,2.586205053994661,-0.08063344463425857,0.6643479327459633,-22.8127,1.6430414334930115,29.9,1.1320163135559598,-9.423200000000001,0.549238767829094,85.6561,-0.2971291748010767,0.5190373563218391,0.858236645341984,0.011522973625642065,-0.7085752660235833,0.02442592518683237,-0.20752903130319394,0.8175452911471102,-0.45086321812807023,0.12885799315871926,True,True,True,True,True,True,True,True,True,True,10,10.008175452911471
600519.SH,20230331,20221231,101.5397,98.7901,16.8657,16.5256,2.5854,7.1714,-1.0912,32.4077,32.4467,32.4077,30.26,33.8499,21956287487.8,6.1095,19.421,1.241,29.214,0.2957,41.7601,18398641180.81,52.6795,62791872697.72,19.5507,19.42,49.93,157.2258,-20.9058,91.8667,1,2022-12-31,2023-03-31,2022,2022-12-30,1622.1341616126892,1727.0,125619.78,216945360.06,216945360.06,32.4881666655856,10.317226317898776,0.01597340134569379,3871.6338,0.3872,47.821,0.0,62791872697.72,36698562529.2,2156883331.380001,34541679197.81999,0.14888583398523614,91.8667,52.6795,0.08957880931129363,19.421,30.26,8.6656,41.7601,0.9577608652112958,0.01597340134569379,0.01592183358439512,66498710120.09,,0.9251730565631241,,1665.0155425147934,0.02643516295808257,9,2022-12-31,True,0.14888583398523614,-0.055976577303435957,91.8667,3.062147718733352,52.6795,2.429612148483875,-0.08957880931129363,0.6561648339314989,-19.421,1.7001236029056552,30.26,1.123294384245331,-8.6656,0.5079096274267637,41.7601,-0.4232897753970725,0.9577608652112958,2.7289053326229586,0.01597340134569379,-0.6299283349833119,0.01592183358439512,-0.44040347950943265,0.96895995283238,0.9251730565631241,,True,True,True,True,True,True,False,True,True,True,9,9.009689599528324
600519.SH,20240403,20231231,119.854,117.5719,19.0119,18.0366,3.0875,6.5666,-1.1886,36.1755,36.1844,36.1755,34.19,38.6036,22050883901.75,6.8425,17.9843,1.2193,53.0118,0.4509,64.2119,21936923668.66,52.488,74752564425.52,19.1599,19.05,59.49,171.6836,-1.6069,91.9649,1,2023-12-31,2024-04-03,2023,2023-12-29,1665.0155425147934,1726.0,125619.78,216819740.28,216819740.28,27.988158388213034,9.698163030800806,0.01854397103907255,3431.1099,0.4853,49.982,0.0,74752564425.52,66593306534.04,94596413.95000076,66498710120.09,0.16714687240582582,91.9649,52.488,0.08385492774387851,17.9843,34.19,8.465499999999999,64.2119,0.8401748192973608,0.01854397103907255,0.030670044173198376,90485887316.52998,,0.36071642823028527,,1524.0,-0.08469322893034825,10,2023-12-31,True,0.16714687240582582,-0.13602696601164652,91.9649,3.0610338128117847,52.488,2.4008736441141396,-0.08385492774387851,0.5872348140918856,-17.9843,1.785627552546464,34.19,2.6554814808627123,-8.465499999999999,0.5130581148803951,64.2119,-0.43474694266428837,0.8401748192973608,2.0070899525216466,0.01854397103907255,-0.6877102430856881,0.030670044173198376,-0.6153945073528239,1.0124109738831437,0.36071642823028527,,True,True,True,True,True,True,True,True,True,True,10,10.01012410973883
600519.SH,20250403,20241231,138.6279,136.0448,15.712,15.664,3.2383,5.4748,-0.8443,38.4283,38.434,38.4283,36.02,41.346,24028691852.02,7.5584,19.0448,1.2353,73.606,0.541,77.2536,25462264522.66,52.2734,86240905977.42,15.38,15.37,68.64,185.5647,15.6105,91.9312,1,2024-12-31,2025-04-03,2024,2024-12-31,1524.0,1524.0,125619.78,191444544.72,191444544.72,22.202797202797203,8.212768915639668,0.01815813648293963,3934.9109,-1.604,51.555,0.0,86240905977.42,92463695266.79999,1977807950.2700005,90485887316.52998,0.17930970802426116,91.9312,52.2734,0.08344576380511871,19.0448,36.02,7.8688,77.2536,0.7510926573426573,0.01815813648293963,0.04726480320913371,,,,,,,11,2024-12-31,True,0.17930970802426116,0.6756752730041916,91.9312,2.9664001595739173,52.2734,2.0823897154922975,-0.08344576380511871,0.5597559308001161,-19.0448,1.8359162846484052,36.02,2.366769323817204,-7.8688,0.5951693327908957,77.2536,-0.5502759650295553,0.7510926573426573,1.5553279724029843,0.01815813648293963,-0.4484940002899143,0.04726480320913371,-0.38421221284086243,1.0231292558517888,,,True,True,True,True,True,True,True,True,True,True,10,10.010231292558517
600547.SH,20150327,20141231,32.1799,32.1799,-0.809,-0.809,0.0779,3.8292,0.8599,9.4081,9.1995,9.4081,9.2,6.9215,10765189972.78,4.4308,56.2968,2.2882,1.7449,0.0542,218.2236,224479987.58,1.8627,813348511.31,-26.1939,-28.29,0.58,6.4706,-0.3051,7.204,1,2014-12-31,2015-03-27,2014,2014-12-31,9.787927931980748,19.85,142307.2408,2824798.7299,2824798.7299,16.875737813759912,1.5126770209842593,0.010216666969243138,3533.705,2.2025,0.1,0.0,813348511.31,2483119044.7191997,0.0,2483119044.7191997,-0.261939,7.204,1.8627,0.5109238373651998,56.2968,9.2,4.767,218.2236,0.1724137931034483,0.010216666969243138,0.08790428211524663,1215764425.7532003,-3972978506.885601,-0.5103881836278681,-0.8666650605327543,10.388051644248504,0.061312641085855546,1,2014-12-31,True,-0.261939,-1.0836208364283284,7.204,-2.0841434154220484,1.8627,-1.152682838213842,-0.5109238373651998,-0.7896120527529079,-56.2968,0.29409907658837914,9.2,-0.6944867106910338,-4.767,1.205737709365351,218.2236,0.1643143012266855,0.1724137931034483,-0.9598943475203084,0.010216666969243138,-0.8084911857881376,0.08790428211524663,-0.3319564495115895,-0.5673397044679801,-0.5103881836278681,-0.8666650605327543,False,True,False,True,True,True,True,True,True,True,8,7.99432660295532
600547.SH,20160331,20151231,27.1054,27.1054,-15.7691,-15.7691,0.0901,4.5113,0.924,6.224,6.028,6.224,6.04,5.3225,11631238172.69,3.4446,54.6382,2.2045,1.4629,0.054,243.0972,292745603.65,1.5592,568536559.01,-29.4262,-30.1,0.41,6.7847,0.0231,7.7255,1,2015-12-31,2016-03-31,2015,2015-12-31,10.388051644248504,21.0,142307.2408,2988452.0568,2988452.0568,25.336711327435378,1.5310996277283453,0.00962644424812486,3731.0047,-0.9075,0.1,0.0,568536559.01,2081812625.6632001,866048199.9099998,1215764425.7532003,-0.294262,7.7255,1.5592,0.5464597742229741,54.6382,6.04,5.5254,243.0972,0.24390243902439027,0.00962644424812486,0.040682078970844415,705711808.3812003,990527492.318902,-0.4195324411273245,-0.06601686506165816,18.111285707859103,0.7434728212856623,2,2015-12-31,True,-0.294262,-0.5431116756919038,7.7255,-1.3970526060877744,1.5592,-1.015856788833928,-0.5464597742229741,-0.8523060179276253,-54.6382,0.4184726571409333,6.04,-0.7665779965599061,-5.5254,1.086093221856344,243.0972,-0.1602845683102915,0.24390243902439027,-0.6360396084515069,0.00962644424812486,-0.888052101308435,0.040682078970844415,-0.5356564912790885,-0.48094290685938024,-0.4195324411273245,-0.06601686506165816,False,True,False,True,False,True,True,True,True,True,7,6.995190570931406
600547.SH,20170328,20161231,27.0305,27.0305,28.9123,28.9123,0.0686,4.3929,0.6468,10.2706,10.6682,10.2706,10.36,7.8947,13649548233.35,3.9713,42.3609,1.7349,1.4668,0.0543,160.3803,605186027.89,2.6072,1342825625.71,100.0889,136.19,0.77,8.3566,0.3538,8.7646,1,2016-12-31,2017-03-28,2016,2016-12-30,18.111285707859103,36.51,185711.8809,6780340.7717,5195637.3616,23.521150269946887,2.1673031744799442,0.005521419164438812,3310.0808,0.3735,0.1,0.0,1342825625.71,2724021869.0412,2018310060.6599998,705711808.3812003,1.000889,8.7646,2.6072,0.5069609726604795,42.3609,10.36,5.1083,160.3803,0.12987012987012989,0.005521419164438812,0.010408205607109342,-3972978506.885601,1191028421.945199,-6.629746391801255,0.1905973557055205,15.51916505465833,-0.14312184651120397,3,2016-12-31,True,1.000889,0.2103411522063251,8.7646,-1.2742531539862956,2.6072,-0.8106072049959372,-0.5069609726604795,-0.7412456242801688,-42.3609,0.9850183572623582,10.36,0.1869104693723004,-5.1083,1.0653685288792114,160.3803,-0.024007336291059788,0.12987012987012989,-0.946043268034225,0.005521419164438812,-1.0010780102688623,0.010408205607109342,-0.3971971114881371,-0.24970847287495374,-6.629746391801255,0.1905973557055205,True,True,False,True,True,True,True,True,True,True,9,8.99750291527125
600547.SH,20180307,20171231,27.4841,27.4841,1.6782,1.6782,0.061,4.3122,0.9795,7.1438,7.1734,7.1438,7.12,5.8241,21321164560.24,2.9191,59.2336,2.453,1.9916,0.0725,224.004,240866866.45,2.3381,1142127115.51,-12.017,-14.95,0.61,8.7901,0.6699,9.069,1,2017-12-31,2018-03-07,2017,2017-12-29,15.51916505465833,31.18,185711.8809,5790496.4465,4525779.2013,25.441254187964475,1.7655277021488185,0.0025774582497911733,4030.8549,0.2975,0.12,0.0,1142127115.51,3698637820.0044003,7671616326.890001,-3972978506.885601,0.119814075558351,9.069,2.3381,0.5324512727869264,59.2336,7.12,5.3527,224.004,0.19672131147540983,0.0025774582497911733,-0.06861205327717666,990527492.318902,3309655032.3421993,1.2493160963751027,0.6110137542573504,15.118876242745962,-0.025793192514065977,4,2017-12-31,True,0.119814075558351,-0.124991463661314,9.069,-1.225940559517507,2.3381,-0.8721698175118927,-0.5324512727869264,-0.8323081595070243,-59.2336,0.27566110063334676,7.12,-0.6046786819788024,-5.3527,1.0084088945802034,224.004,0.14013366186893073,0.19672131147540983,-0.7200947014024559,0.0025774582497911733,-1.0897570527533764,-0.06861205327717666,-0.45783588020256205,-0.40941569631385943,1.2493160963751027,0.6110137542573504,True,True,False,True,False,True,True,True,False,False,6,5.995905843036861
600547.SH,20190329,20181231,24.746,24.746,7.3403,7.3403,0.0679,3.7742,1.4447,4.6158,4.6733,4.6158,4.92,4.8498,23257777453.25,2.458,47.9886,1.9227,1.3221,0.0534,198.2402,116964950.84,1.7104,886626940.41,-23.0075,-22.37,0.45,9.7652,-0.208,8.7088,1,2018-12-31,2019-03-29,2018,2018-12-28,15.118876242745962,30.25,221400.8309,6697375.1347,4390789.6357,33.597502761657694,1.548240306675333,0.006614248201679673,3010.6536,0.6737,0.1,0.4,886626940.41,2927140385.3289003,1936612893.0099983,990527492.318902,0.15965153952512012,8.7088,1.7104,0.5594951103289141,47.9886,4.92,5.2867999999999995,198.2402,0.22222222222222224,0.006614248201679673,0.014789786631285532,1191028421.945199,-1083528752.9774983,0.20241833889628716,-0.6979635468238824,22.87318097980116,0.5128889616234349,5,2018-12-31,True,0.15965153952512012,-0.2227606540569235,8.7088,-1.1276183629264733,1.7104,-1.0237048675702793,-0.5594951103289141,-0.8634214832815975,-47.9886,0.6457200703452158,4.92,-0.9379320191180723,-5.2867999999999995,0.9070505182134975,198.2402,0.2565288623122813,0.22222222222222224,-0.8757737504308928,0.006614248201679673,-1.2134466000351538,0.014789786631285532,-0.027742045157981524,-0.40755457560967084,0.20241833889628716,-0.6979635468238824,True,True,False,True,False,True,True,True,True,True,8,7.995924454243903
600547.SH,20200417,20191231,20.206,20.206,11.3306,11.3306,0.3004,3.7989,1.3524,5.765,5.7978,5.765,5.49,5.6396,26246885278.22,2.5303,55.6057,2.2525,1.3486,0.0667,195.1071,362786695.23,2.2695,1296809356.01,25.9131,46.26,0.42,7.4571,0.1237,9.6519,1,2019-12-31,2020-04-17,2019,2019-12-31,22.87318097980116,32.62,309961.1632,10110933.1436,7164971.4917,54.45995471381229,3.0673024338953696,0.004371932355552469,4096.5821,0.3662,0.1,0.4,1296809356.01,4180136246.9152,2989107824.970001,1191028421.945199,-0.011555767788383187,9.6519,2.2695,0.5041220856036485,55.6057,5.49,5.451700000000001,195.1071,0.2380952380952381,0.004371932355552469,0.011779609310334466,3309655032.3421993,-2385097666.662499,1.7788212030547845,-1.00085103560253,23.238216473975438,0.015959104879056163,6,2019-12-31,True,-0.011555767788383187,-0.5102573698020335,9.6519,-1.0920670633710068,2.2695,-1.0023108384895398,-0.5041220856036485,-0.9347307424589683,-55.6057,0.2576337751791805,5.49,-0.8599958481216853,-5.451700000000001,0.8968507899694902,195.1071,0.4039394396714172,0.2380952380952381,-0.49541954558351864,0.004371932355552469,-1.0924544283129694,0.011779609310334466,-0.17670373250905652,-0.41868323307533545,1.7788212030547845,-1.00085103560253,False,True,False,True,False,True,True,True,False,True,6,5.9958131676692465
600547.SH,20210331,20201231,14.7577,14.7577,1.6499,1.6499,0.1683,4.6204,1.3452,8.7026,9.0845,8.7026,9.41,6.7739,28746822355.65,2.3153,50.4341,2.0175,1.3467,0.0913,162.867,517239791.93,3.9916,2356248267.8,75.0475,81.7,0.52,5.7396,0.003,12.3257,0,2020-12-31,2021-03-31,2020,2020-12-31,23.238216473975438,23.62,431394.6766,10189542.2613,7772026.6801,44.688877834568146,4.048751911975649,0.0021516281189649464,5211.2885,1.9082,0.05,0.0,2356248267.8,5809592109.7722,2499937077.4300003,3309655032.3421993,0.2730209044203957,12.3257,3.9916,0.5754662965266966,50.4341,9.41,6.133900000000001,162.867,0.09615384615384616,0.0021516281189649464,0.032480899999917635,-1083528752.9774983,,-1.3273841963555637,,18.569394034819382,-0.20091139285085358,7,2020-12-31,True,0.2730209044203957,0.3655419943248721,12.3257,-0.6166550254610154,3.9916,-0.6832918801886582,-0.5754662965266966,-1.3213438090711456,-50.4341,0.3949387421032433,9.41,-0.23724885823724326,-6.133900000000001,0.7929381652099724,162.867,-0.17293254738540234,0.09615384615384616,-1.0462822867180603,0.0021516281189649464,-0.9254379518661681,0.032480899999917635,-0.46093310021628975,-0.3555187779550814,-1.3273841963555637,,True,True,False,True,True,True,True,True,False,True,8,7.9964448122204494
600547.SH,20220329,20211231,7.5859,7.5859,-46.6976,-46.6976,1.0642,9.6529,2.0945,-0.6681,-1.9074,-0.6681,-2.92,0.9654,31652378954.16,1.1237,59.4123,2.4638,0.4073,0.0537,2661.0189,713198933.43,-0.5758,-552943263.36,-109.5662,-123.47,-0.09,5.1349,0.3002,10.5618,0,2021-12-31,2022-03-29,2021,2021-12-31,18.569394034819382,18.82,447342.9525,8418994.3661,6802382.3791,-206.32660038688203,3.6163107431146435,0.002692602672238267,4940.3733,0.3833,0.05,0.0,-552943263.36,1822027845.5325,2905556598.5099983,-1083528752.9774983,-1.095662,10.5618,-0.5758,0.5592787463389005,59.4123,-2.92,12.8116,2661.0189,0.0,0.002692602672238267,-0.01287004962659727,-2385097666.662499,,-1.2012315410258712,,21.213707319267623,0.1424017003188096,8,2021-12-31,True,-1.095662,-1.8724423131007695,10.5618,-1.0994898235151944,-0.5758,-1.2955630148426234,-0.5592787463389005,-1.4008181916604958,-59.4123,-0.020558102920826313,-2.92,-1.4756487794886093,-12.8116,0.32613514708672625,2661.0189,4.084598282332968,0.0,-2.101340359001349,0.002692602672238267,-1.004976016870011,-0.01287004962659727,-0.3265433428631478,-0.5624224104403028,-1.2012315410258712,,False,False,False,True,False,True,True,False,False,False,3,2.994375775895597
600570.SH,20210427,20201231,3.9964,3.9964,7.769,7.769,8.4792,48.7832,-0.1664,29.2646,16.2425,29.2646,17.52,15.5874,1316172632.95,3.7695,49.4766,1.9793,1.3389,0.335,97.0076,474849252.96,32.6688,733590924.61,-6.6471,-17.56,1.27,4.3617,0.0499,77.0911,0,2020-12-31,2021-04-27,2020,2020-12-31,56.889890666104286,104.9,104409.0754,10952512.0095,10952512.0095,44.79518950086952,13.043054466401697,0.001757781546582955,5211.2885,1.9082,0.1,0.4,733590924.61,1397933110.5306,418424622.7700001,979508487.7606,0.511494753924701,77.0911,32.6688,0.14601826725492023,49.4766,17.52,57.096,97.0076,0.07874015748031496,0.001757781546582955,0.00894323135104525,439512148.378,,-0.551293170125729,,47.23733891287698,-0.16967077349259907,7,2020-12-31,True,0.511494753924701,0.8985077428822226,77.0911,2.314927778100712,32.6688,1.371295464069893,-0.14601826725492023,0.4090484223582118,-49.4766,0.4351173765390967,17.52,0.7833097167840327,-57.096,-2.674617045659748,97.0076,-0.5311235484673668,0.07874015748031496,-1.1181572718118025,0.001757781546582955,-0.940307887201922,0.00894323135104525,-0.5656794172415849,0.03475648457743135,-0.551293170125729,,True,True,True,True,True,False,True,True,False,True,8,8.000347564845775
600570.SH,20220331,20211231,3.7608,3.7608,31.7289,31.7289,10.1506,51.3183,-0.0165,28.5595,18.4713,28.5595,19.47,13.6327,1833397974.78,3.4904,48.5483,1.9436,0.6546,0.1741,63.3405,672397749.31,27.1101,946569672.55,10.7286,29.03,1.01,3.8965,0.2418,72.9904,0,2021-12-31,2022-03-31,2021,2021-12-31,47.23733891287698,62.15,146156.048,9083598.3832,9083598.3832,46.76964248799701,12.12301781416065,0.0021169693784918067,4940.3733,0.3833,0.1,0.3,946569672.55,956737490.208,517225341.8299999,439512148.378,0.22435724998468842,72.9904,27.1101,0.1656373924359291,48.5483,19.47,61.452400000000004,63.3405,0.09900990099009901,0.0021169693784918067,0.004838524666511811,1089992929.1079998,,1.4800063732722066,,33.56423227625401,-0.28945548058583914,8,2021-12-31,True,0.22435724998468842,-0.09561737548207186,72.9904,2.0483367649044575,27.1101,0.7303349906886135,-0.1656373924359291,0.29758934801603326,-48.5483,0.4732545443102893,19.47,0.3033159198796997,-61.452400000000004,-2.876538266856539,63.3405,-0.3610141060879937,0.09900990099009901,-1.5367809441469968,0.0021169693784918067,-1.0242977578680927,0.004838524666511811,-0.27003392626401995,-0.21013189171878377,1.4800063732722066,,True,True,True,True,True,False,True,True,False,True,8,7.9978986810828125
600585.SH,20150324,20141231,11.4654,11.4654,9.9469,9.9469,4.8336,4.4107,1.1759,17.9721,16.9817,17.9721,17.45,15.8709,62674676157.0,1.0183,31.9226,1.4689,3.33,0.2906,127.7138,2644908268.0,19.0716,10387223000.0,17.1944,16.03,2.07,12.4953,1.1309,33.7305,1,2014-12-31,2015-03-24,2014,2014-12-31,14.758935153583616,22.08,529930.2579,11700860.0944,8831343.2944,7.129920364050057,1.1811589280436336,0.04404111768471139,3533.705,2.2025,0.65,0.0,10387223000.0,17646677588.07,0.0,17646677588.07,0.171944,33.7305,19.0716,0.6443687387881922,31.9226,17.45,10.4202,127.7138,0.31400966183574885,0.04404111768471139,0.1508152173917168,8216823946.730001,17381712459.12,-0.5343699171857161,-0.005030266154681939,11.73655290102389,-0.20478321918948617,1,2014-12-31,True,0.171944,0.05199460432878082,33.7305,0.36297375403791415,19.0716,0.026504117454605874,-0.6443687387881922,-1.2207513785342494,-31.9226,1.352308969325571,17.45,0.534549544779948,-10.4202,0.7230046859117446,127.7138,-0.3247366944064717,0.31400966183574885,-0.10409877413978735,0.04404111768471139,0.3684673601102257,0.1508152173917168,-0.12696734314715286,0.14938625870192082,-0.5343699171857161,-0.005030266154681939,True,True,False,True,True,True,True,True,True,True,9,9.001493862587019
600585.SH,20160324,20151231,9.6194,9.6194,-16.1006,-16.1006,6.0913,6.2335,1.1172,10.9962,7.7557,10.9962,7.78,10.1423,64367548033.0,0.8025,30.128,1.4312,1.87,0.1944,114.3272,1175894320.0,14.9638,5301375000.0,-31.6259,-48.96,1.42,13.3021,-1.5525,27.6369,1,2015-12-31,2016-03-24,2015,2015-12-31,11.73655290102389,17.1,529930.2579,9061807.4101,6839491.4101,8.2651780993126,0.8823082747103007,0.03663767407911458,3731.0047,-0.9075,0.43,0.0,5301375000.0,9909695822.730001,1692871876.0,8216823946.730001,-0.316259,27.6369,14.9638,0.6380103327907081,30.128,7.78,13.442,114.3272,0.3028169014084507,0.03663767407911458,0.09067533191636575,12684869092.710001,35589261340.2,0.5437679053301513,0.6300652811352119,11.990662116040955,0.021651094419290473,2,2015-12-31,True,-0.316259,-0.5858566767543094,27.6369,0.2323830645442837,14.9638,-0.11352029265093387,-0.6380103327907081,-1.1326474174180126,-30.128,1.4684088885962852,7.78,-0.5163651443652416,-13.442,0.3499148138305423,114.3272,-0.549771726596042,0.3028169014084507,-0.2500494493035939,0.03663767407911458,0.20818283721517813,0.09067533191636575,-0.38494219638765115,-0.11584211811722683,0.5437679053301513,0.6300652811352119,False,True,False,True,False,True,True,True,True,True,7,6.998841578818828
600585.SH,20170324,20161231,10.5546,10.5546,9.722,9.722,5.8579,5.6204,0.6023,11.5974,10.4431,11.5974,10.44,11.2241,64877942362.0,0.8655,26.6772,1.3638,2.49,0.2359,122.6435,2382493876.0,16.0028,7680938000.0,13.4843,44.89,1.61,14.4564,0.2858,32.4715,1,2016-12-31,2017-03-24,2016,2016-12-30,11.990662116040955,16.96,529930.2579,8987617.174,6783495.574,7.44761622114345,0.8294362438809769,0.04169911512485256,3310.0808,0.3735,0.5,0.0,7680938000.0,13195263421.710001,510394329.0,12684869092.710001,0.134843,32.4715,16.0028,0.6209655507440281,26.6772,10.44,12.0806,122.6435,0.3105590062111801,0.04169911512485256,0.1411371762629773,17381712459.12,39413457051.51,0.3702713313067831,0.4592157659422489,21.24172696245733,0.7715224361163859,3,2016-12-31,True,0.134843,0.0852338750060203,32.4715,0.8122275687977261,16.0028,0.10007230070269181,-0.6209655507440281,-1.0958826612813575,-26.6772,1.6858387039907017,10.44,0.19590751435180953,-12.0806,0.46459989329258994,122.6435,-0.16551141148698215,0.3105590062111801,-0.06616701688911125,0.04169911512485256,0.48847377873218717,0.1411371762629773,-0.02824702658451152,0.22514050169379676,0.3702713313067831,0.4592157659422489,True,True,False,True,True,True,True,True,True,True,9,9.002251405016938
600585.SH,20180323,20171231,14.2115,14.2115,34.6473,34.6473,4.7429,4.5939,0.2863,19.1003,16.9597,19.1003,16.97,18.3624,63397817489.0,1.1742,24.7076,1.3282,3.28,0.2306,83.3747,5935769024.0,21.8146,14077866000.0,85.8713,83.28,2.99,16.8713,0.8736,35.0854,1,2017-12-31,2018-03-23,2017,2017-12-29,21.24172696245733,29.33,529930.2579,15542854.4642,11731127.6642,7.104256509183053,1.259045062470428,0.05649258189415965,4030.8549,0.2975,1.2,0.0,14077866000.0,17381712459.12,0.0,17381712459.12,0.10665552657448818,35.0854,21.8146,0.5338798943710765,24.7076,16.97,9.6231,83.3747,0.4013377926421404,0.05649258189415965,0.11183088987389966,35589261340.2,32518992520.03,1.0475117986160616,0.23220085829257697,21.94001365187713,0.03287334832304145,4,2017-12-31,True,0.10665552657448818,-0.17295231960361596,35.0854,0.8144180574681211,21.8146,0.4554239520641879,-0.5338798943710765,-0.8369859856153319,-24.7076,1.8639914904398096,16.97,0.7062664665449526,-9.6231,0.601400763739604,83.3747,-0.14818298097296906,0.4013377926421404,-0.014418843159313017,0.05649258189415965,0.9579710044815769,0.11183088987389966,0.30713584786651477,0.4121879502957761,1.0475117986160616,0.23220085829257697,True,True,False,True,True,True,True,True,True,True,9,9.004121879502957
600585.SH,20190322,20181231,24.2301,24.2301,70.4969,70.4969,2.9075,2.9775,-0.3692,29.5052,29.5094,29.5052,29.66,28.7357,63843813686.0,2.0182,22.1532,1.2846,6.8,0.2808,90.4133,9537085949.0,23.8593,29818520000.0,88.0473,111.81,5.63,21.2649,-0.1078,36.738,1,2018-12-31,2019-03-22,2018,2018-12-28,21.94001365187713,29.28,529930.2579,15516357.9513,11711129.1513,3.896982886656684,1.0317477934002572,0.07702821095808242,3010.6536,0.6737,1.69,0.0,29818520000.0,36035257537.2,445996197.0,35589261340.2,0.7784125704325406,36.738,23.8593,0.4410307202819191,22.1532,29.66,5.5158,90.4133,0.30017761989342806,0.07702821095808242,0.22936607580143017,39413457051.51,27524808436.600002,0.10745364099452014,-0.08208645823310501,42.83938566552901,0.9525687789106632,5,2018-12-31,True,0.7784125704325406,1.0185308461054199,36.738,0.7318966324144042,23.8593,0.5726260523626764,-0.4410307202819191,-0.49078939900371144,-22.1532,1.7362328237374345,29.66,2.0129341993442877,-5.5158,0.8882472410007353,90.4133,-0.14923220913479465,0.30017761989342806,-0.3381304577301747,0.07702821095808242,1.2229094802875804,0.22936607580143017,0.47399104632186895,0.6981105687005207,0.10745364099452014,-0.08208645823310501,True,True,False,True,True,True,True,True,True,True,9,9.006981105687005
600585.SH,20200321,20191231,29.6323,29.6323,22.2953,22.2953,2.8126,3.1385,-0.8522,26.8688,26.1702,26.8688,26.33,26.4458,65181993467.0,2.4341,20.3923,1.2562,7.69,0.2594,92.4663,9526641407.0,21.876,32719396000.0,12.6734,9.73,6.34,25.9207,2.294,33.2867,1,2019-12-31,2020-03-21,2019,2019-12-31,42.83938566552901,54.8,529930.2579,29040178.1329,21918370.1329,6.757000893616563,1.6527094432453215,0.046686010290042816,4096.5821,0.3662,2.0,0.0,32719396000.0,40751636832.51,1338179781.0,39413457051.51,0.6210522232622497,33.2867,21.876,0.37774907203480323,20.3923,26.33,5.0989,92.4663,0.31545741324921134,0.046686010290042816,0.1357204383221671,32518992520.03,-6127514685.219999,-0.1749266633086646,-0.3851558591372473,41.84919726962457,-0.02311397282013783,6,2019-12-31,True,0.6210522232622497,0.5830147051084512,33.2867,0.373940054469561,21.876,0.40206322033373393,-0.37774907203480323,-0.44788827984178475,-20.3923,1.7209164847355303,26.33,1.6368551832552494,-5.0989,0.9252732867793777,92.4663,-0.12146217436156537,0.31545741324921134,-0.015102074280383805,0.046686010290042816,0.5776378219637377,0.1357204383221671,0.3403573915049194,0.5432368745151659,-0.1749266633086646,-0.3851558591372473,True,True,False,True,True,True,True,True,True,True,9,9.005432368745153
600585.SH,20210326,20201231,33.2577,33.2577,12.2348,12.2348,2.3396,2.7541,-0.8595,23.4837,22.174,23.4837,22.31,23.8736,67479418891.0,2.657,16.2987,1.1947,6.57,0.1974,75.2034,9757454652.0,20.6364,33170446574.0,4.5752,1.38,6.63,30.5365,-1.0073,29.1615,1,2020-12-31,2021-03-26,2020,2020-12-31,41.84919726962457,51.62,529930.2579,27354999.9128,20646464.7128,6.312096119098729,1.3704647641224295,0.05065808040095338,5211.2885,1.9082,2.12,0.0,33170446574.0,34816417944.03,2297425424.0,32518992520.03,0.3306734663780646,29.1615,20.6364,0.3490394331372947,16.2987,22.31,4.2342,75.2034,0.3197586726998492,0.05065808040095338,0.11887769191625423,27524808436.600002,13264824143.41,-0.15357745417093843,-0.25836855039463125,34.213737201365184,-0.18245176888497772,7,2020-12-31,True,0.3306734663780646,0.49438983614856563,29.1615,0.14541147554422093,20.6364,0.509230242881751,-0.3490394331372947,-0.4089929337851816,-16.2987,1.8273290898020682,22.31,1.3860810576412352,-4.2342,0.9221972544957202,75.2034,-0.649710541755969,0.3197586726998492,-0.12335355655696296,0.05065808040095338,0.9059549289646767,0.11887769191625423,-0.07645382612001693,0.44837118429637335,-0.15357745417093843,-0.25836855039463125,True,True,True,True,True,True,True,True,True,True,10,10.004483711842964
600585.SH,20220326,20211231,31.6934,31.6934,-4.7319,-4.7319,2.0294,3.8109,-0.7827,19.2569,18.1618,19.2569,18.14,19.5698,73870146960.0,2.3764,16.7836,1.2017,6.4,0.2018,78.6388,10315714884.0,20.3425,31375196000.0,-5.379,-5.41,6.28,34.6622,0.1091,29.6342,0,2021-12-31,2022-03-26,2021,2021-12-31,34.213737201365184,40.3,529930.2579,21356189.3934,16118801.3934,5.44804732505815,0.9870619060926654,0.0695627018467025,4940.3733,0.3833,2.38,0.0,31375196000.0,33915536505.600002,6390728069.0,27524808436.600002,0.01710733857631319,29.6342,20.3425,0.3346555721128992,16.7836,18.14,5.0576,78.6388,0.3789808917197452,0.0695627018467025,0.1288844556000537,-6127514685.219999,,-1.222617886672453,,24.838238907849828,-0.2740273077546541,8,2021-12-31,True,0.01710733857631319,-0.3745881639110576,29.6342,-0.137805470110265,20.3425,0.23512019390638164,-0.3346555721128992,-0.4316575866861731,-16.7836,1.9170883620111554,18.14,0.1976427153169552,-5.0576,0.8366845141143261,78.6388,-0.31721824828866757,0.3789808917197452,0.05962766874847736,0.0695627018467025,1.2395896654863154,0.1288844556000537,0.12580613813223449,0.3045717989745166,-1.222617886672453,,True,True,True,True,True,True,True,True,True,True,10,10.003045717989744
600585.SH,20230328,20221231,24.913,24.913,-21.3969,-21.3969,2.5204,5.7359,-1.2507,8.5269,8.1866,8.5269,8.16,7.7226,89642392339.0,1.6148,19.667,1.2448,1.82,0.0731,49.5503,3045479658.0,12.2252,15035746000.0,-52.9249,-52.08,2.96,34.6534,-0.2338,21.3029,1,2022-12-31,2023-03-28,2022,2022-12-30,24.838238907849828,27.38,529930.2579,14509490.4613,10951185.6613,8.391296928327645,0.7167619600919342,0.05958554491285869,3871.6338,0.3872,1.48,0.0,15035746000.0,9644730693.78,15772245379.0,-6127514685.219999,-0.22831528017292468,21.3029,12.2252,0.39214735448814164,19.667,8.16,7.005599999999999,49.5503,0.5,0.05958554491285869,-0.04223108110903982,13264824143.41,,3.164796793617761,,25.62747440273037,0.03177501826150464,9,2022-12-31,True,-0.22831528017292468,-0.7414591127011704,21.3029,-0.4265976093884375,12.2252,-0.3100556506440734,-0.39214735448814164,-0.5984445230746723,-19.667,1.6894048111563804,8.16,-0.4989933477504368,-7.005599999999999,0.6414630849765495,49.5503,-0.39799430411371756,0.5,0.5443926196700819,0.05958554491285869,0.667059465871579,-0.04223108110903982,-0.6075434664880098,-0.003524366589629745,3.164796793617761,,False,True,False,True,True,True,False,True,True,False,6,5.999964756334104
600588.SH,20210327,20201231,2.6065,2.6065,0.1754,0.1754,18.0245,28.367,1.2924,13.4361,12.2919,13.4361,13.59,7.1428,2507235618.0,3.3985,49.5744,1.9831,0.5,0.1892,143.9453,960184302.0,12.3335,904408788.0,-16.4319,33.5,0.31,2.3064,-0.49,61.047,1,2020-12-31,2021-03-27,2020,2020-12-31,43.230893027323184,43.87,327044.9192,14347460.6053,14260827.1997,139.4544936365264,18.74388355329656,0.004626321271540567,5211.2885,1.9082,0.2,0.0,904408788.0,1635224596.0,0.0,1635224596.0,0.4558901007117475,61.047,12.3335,0.16761330837526137,49.5744,13.59,47.6839,143.9453,0.6451612903225807,0.004626321271540567,0.011397310234787768,1281745361.117,,-0.21616555655269748,,35.58096264701159,-0.17695517822119977,7,2020-12-31,True,0.4558901007117475,0.7742367769691294,61.047,1.5886972961053143,12.3335,-0.0856337347954394,-0.16761330837526137,0.32203465388103125,-49.5744,0.4310134909538994,13.59,0.2887603703187288,-47.6839,-2.0342004144725148,143.9453,-0.2758424230473823,0.6451612903225807,1.2197454691336032,0.004626321271540567,-0.8320042908034991,0.011397310234787768,-0.5547583813226817,0.07654989208365358,-0.21616555655269748,,True,True,True,True,True,False,True,True,False,True,8,8.000765498920837
600588.SH,20220319,20211231,2.7308,2.7308,4.7295,4.7295,22.6998,31.0705,0.8806,9.7418,5.5758,9.7418,5.83,4.9508,2529239645.0,3.5468,54.2612,2.1863,0.3986,0.146,167.4016,582545011.0,7.6398,405095203.0,-28.1792,-55.3,0.22,2.1363,-0.1579,61.2486,0,2021-12-31,2022-03-19,2021,2021-12-31,35.58096264701159,35.88,327082.1345,11735706.9859,11630160.7346,161.73164839550722,16.65541480457407,0.002810491694451075,4940.3733,0.3833,0.1,0.0,405095203.0,1303749388.117,22004027.0,1281745361.117,-0.08692925238794147,61.2486,7.6398,0.1655621898621192,54.2612,5.83,54.6509,167.4016,0.4545454545454546,0.002810491694451075,0.010921756675221763,284242638.1394,,-0.7782378257318664,,17.548801599057697,-0.5067923885827861,8,2021-12-31,True,-0.08692925238794147,-0.5146276438294511,61.2486,1.4562819977639827,7.6398,-0.6943917451984205,-0.1655621898621192,0.2979138175289424,-54.2612,0.21358018197904466,5.83,-0.7804303284179214,-54.6509,-2.428704694527648,167.4016,-0.06310877425102784,0.4545454545454546,0.49050059101181215,0.002810491694451075,-1.001018947015889,0.010921756675221763,-0.2506218671021988,-0.2976934010962522,-0.7782378257318664,,False,True,True,True,False,False,True,True,False,True,6,5.997023065989038
600606.SH,20180424,20171231,23.8671,23.847,17.4033,17.3881,2.0546,2.5625,0.5374,15.215,15.3757,15.215,15.21,2.7814,39577180664.42,8.106,88.9867,9.0799,4.8374,0.2029,297.8504,3211563773.06,4.6772,9133184325.72,25.3974,33.67,0.74,4.9744,0.6289,14.3442,1,2017-12-31,2018-04-24,2017,2017-12-29,5.295543607035451,7.3,1216815.4385,8882752.7011,2353058.8473,7.156140009507366,1.0645592648430866,0.04720950643629104,4030.8549,0.2975,0.25,0.0,9133184325.72,58862230021.99899,7499406231.419998,51362823790.578995,0.25397400000000003,14.3442,4.6772,0.0720109220735873,88.9867,15.21,5.1545000000000005,297.8504,0.33783783783783783,0.04720950643629104,0.5782309326726889,32452970663.763,,-0.36816225688674953,,4.6166795467663055,-0.1281953488905715,4,2017-12-31,True,0.25397400000000003,0.36400050781418813,14.3442,-0.8122284480677066,4.6772,-0.7127276905170318,-0.0720109220735873,0.6753408343071712,-88.9867,-1.0930973110260016,15.21,0.47202652122497224,-5.1545000000000005,1.027299165171391,297.8504,0.2915327382631108,0.33783783783783783,-0.23341579222918546,0.04720950643629104,0.6053943471804802,0.5782309326726889,2.2843971387808613,0.26077472826384085,-0.36816225688674953,,True,True,True,False,True,True,True,True,True,True,9,9.002607747282639
600606.SH,20190423,20181231,28.6594,28.6343,20.0749,20.0794,2.1215,2.7104,1.1562,17.1522,16.6059,17.1522,16.6,2.8419,49296599468.19,7.8478,89.4915,9.5161,3.4658,0.121,170.8764,1907590145.96,4.5988,11012489192.97,25.8584,20.58,0.93,5.5969,0.3858,15.3527,1,2018-12-31,2019-04-23,2018,2018-12-28,4.6166795467663055,6.11,1216815.4385,7434742.3292,7434742.3292,4.964171555662694,0.8248636828898687,0.06498176816498584,3010.6536,0.6737,0.3,0.0,11012489192.97,42172389467.533005,9719418803.770004,32452970663.763,0.25095599205144814,15.3527,4.5988,0.07606514655687754,89.4915,16.6,5.9881,170.8764,0.3225806451612903,0.06498176816498584,0.4365043094540579,9049303923.886501,,-0.7211563767876893,,5.69717901515842,0.23404255319148937,5,2018-12-31,True,0.25095599205144814,-0.0395955302260006,15.3527,-0.6868483203442641,4.5988,-0.8155300945958044,-0.07606514655687754,0.6572170388202303,-89.4915,-1.106118173024808,16.6,0.45520126429503893,-5.9881,0.8494665081291735,170.8764,0.1535567393368132,0.3225806451612903,-0.18362112763512958,0.06498176816498584,0.806096919307946,0.4365043094540579,0.9583321015994185,0.09528702960569219,-0.7211563767876893,,True,True,True,False,True,True,True,True,True,True,9,9.000952870296057
600637.SH,20150217,20141231,2.6737,2.6737,12.9093,12.9093,7.6071,15.6355,-1.5818,19.1799,17.8235,19.1799,17.825,12.9342,446867303.97,6.8286,28.4226,1.3971,0.9886,0.3697,149.2291,212896780.82,23.8447,729918101.36,15.9619,16.46,0.7053,4.0137,0.3583,45.4666,1,2014-12-31,2015-02-17,2014,2014-12-31,23.240544462609524,37.88,111373.6075,4218832.2521,4218832.2521,32.95128946917556,5.790304323344925,0.004733107702230176,3533.705,2.2025,0.11,0.0,729918101.36,1101039483.7450001,0.0,1101039483.7450001,0.159619,45.4666,23.8447,0.07155234828474005,28.4226,17.825,21.6608,149.2291,0.15596200198497093,0.004733107702230176,0.026098204857444563,-1760523974.014,3009728931.5888,-2.598965341393457,0.3982178106917511,23.302360440125643,0.0026598334482039743,1,2014-12-31,True,0.159619,0.019735999342341222,45.4666,1.445650014098573,23.8447,0.35356611782075764,-0.07155234828474005,0.6299275890745374,-28.4226,1.504262043665659,17.825,0.5904148291195381,-21.6608,-0.23684262595279357,149.2291,-0.2084832181381995,0.15596200198497093,-1.0593278277441713,0.004733107702230176,-0.9992975937189432,0.026098204857444563,-0.5333454844908043,0.13693271300695406,-2.598965341393457,0.3982178106917511,True,True,True,True,True,True,True,True,False,True,9,9.00136932713007
600637.SH,20160427,20151231,7.0548,7.0548,18.8711,18.8711,5.2627,6.6302,-0.164,19.7248,5.4732,19.7248,4.0211,18.1833,3201536144.14,10.1577,23.5257,1.3076,0.3785,0.0537,27.6498,288409794.16,16.6776,806550306.46,26.0988,10.5,1.5332,9.5192,0.184,24.8443,1,2015-12-31,2016-04-27,2015,2015-12-31,23.302360440125643,37.89,262653.8616,9951954.816,5988078.0375,15.198513201229876,2.4479326456136694,0.00987024471580785,3731.0047,-0.9075,0.23,0.0,806550306.46,994144866.156,2754668840.17,-1760523974.014,0.260988,24.8443,16.6776,0.0979262796735231,23.5257,4.0211,11.728900000000001,27.6498,0.15001304461257503,0.00987024471580785,-0.017690232789075395,2067014156.3283997,,2.1740903201764423,,14.462187035030032,-0.37936815147160885,2,2015-12-31,True,0.260988,0.5358609951223311,24.8443,0.003852571770943522,16.6776,0.0018449019209605612,-0.0979262796735231,0.5211701197114043,-23.5257,1.7512296726346719,4.0211,-1.0568968053506005,-11.728900000000001,0.5092189634388338,27.6498,-0.8119425289071185,0.15001304461257503,-1.2511751935828537,0.00987024471580785,-0.8781576021547584,-0.017690232789075395,-0.7116310736425593,-0.12605690718534046,2.1740903201764423,,True,True,True,True,False,True,False,True,True,False,7,6.998739430928147
600637.SH,20170429,20161231,7.3609,7.3609,4.9422,4.9422,4.8579,6.1874,-0.3232,11.3961,7.3054,11.3961,7.3217,10.8084,3412781583.33,5.8798,21.9712,1.2816,0.8674,0.1178,61.218,504195371.45,16.4372,1880824760.58,0.9391,133.19,1.1171,10.027,-0.6737,26.1647,1,2016-12-31,2017-04-29,2016,2016-12-30,14.462187035030032,23.3,262653.8616,6119834.9753,5079163.1369,12.946188376179423,1.442324427548622,0.023509583936126573,3310.0808,0.3735,0.34,0.0,1880824760.58,2278259595.5183997,211245439.19000006,2067014156.3283997,0.009391,26.1647,16.4372,0.10111164837073428,21.9712,7.3217,10.722100000000001,61.218,0.3043595022826963,0.023509583936126573,0.03377565187085903,3009728931.5888,,0.45607562598164675,,13.99045904590459,-0.032618025751072866,3,2016-12-31,True,0.009391,0.06711132939143094,26.1647,0.25715640291546116,16.4372,0.12960432444746506,-0.10111164837073428,0.5212405342105076,-21.9712,1.8961245773307673,7.3217,-0.154786052643232,-10.722100000000001,0.5816551249155013,61.218,-0.39584250927341685,0.3043595022826963,-0.09635590502662887,0.023509583936126573,-0.2604475664221359,0.03377565187085903,-0.331248292035665,0.20129199707364134,0.45607562598164675,,True,True,True,True,False,True,True,True,True,True,9,9.002012919970737
600690.SH,20150331,20141231,29.1455,29.1455,2.5054,2.5054,13.0419,6.7526,-0.2604,27.4963,23.8192,27.4963,23.89,11.2267,8118538948.14,11.6798,61.1767,2.5758,2.3003,0.0789,90.5643,698528870.13,7.5384,4324036509.6,19.5864,15.03,1.74,7.1702,2.6651,27.5192,1,2014-12-31,2015-03-31,2014,2014-12-31,7.558594887725257,18.56,304593.5134,5653255.6087,5079577.1558,4.344020050416814,1.0541679294476105,0.06509146307060072,3533.705,2.2025,0.492,1.0,4324036509.6,7006564588.7402,0.0,7006564588.7402,0.195864,27.5192,7.5384,0.14431577952117214,61.1767,23.89,19.5341,90.5643,0.2827586206896552,0.06509146307060072,0.12393857758629459,3808391138.5616007,15851172421.3941,-0.45645385975862957,0.31276025646638383,8.218812531348968,0.08734661050506465,1,2014-12-31,True,0.195864,0.11460116264729076,27.5192,-0.21002980371251126,7.5384,-0.7637729483145802,-0.14431577952117214,0.39484047558960733,-61.1767,0.08223741731060914,23.89,1.4939426945051753,-19.5341,-0.05524135216471169,90.5643,-0.5254663387353065,0.2827586206896552,-0.2929778912764767,0.06509146307060072,1.100937019542259,0.12393857758629459,-0.2145422353591427,0.10222983636656478,-0.45645385975862957,0.31276025646638383,True,True,True,True,True,True,True,True,True,True,10,10.001022298363665
600690.SH,20160429,20151231,14.6572,14.6572,-7.4089,-7.4089,14.5978,7.2973,-0.555,19.3145,16.504,19.3145,13.86,8.7032,9889565978.58,9.9675,57.3434,2.3443,0.9112,0.0622,86.4744,523076153.77,6.5986,3674952510.15,-19.4243,-15.01,0.705,3.7063,-1.0513,27.9558,1,2015-12-31,2016-04-29,2015,2015-10-16,8.218812531348968,9.92,612315.4268,6074169.0339,5465391.3434,11.657890115388607,2.2175248985103657,0.025794480551949522,3534.0653,1.3551,0.212,0.0,3674952510.15,5579418169.0016,1771027030.4399996,3808391138.5616007,-0.194243,27.9558,6.5986,0.18588668125555607,57.3434,13.86,21.3401,86.4744,0.300709219858156,0.025794480551949522,0.06269814220359905,545205031.0369997,15344865762.900002,-0.856841114475726,0.5912576914924694,8.356845403241634,0.01679474636587308,2,2015-12-31,True,-0.194243,-0.3487527966965522,27.9558,0.258480025851101,6.5986,-0.676627379611379,-0.18588668125555607,0.25182231381025744,-57.3434,0.3025908000637563,13.86,0.3579418334184135,-21.3401,-0.38454324700726483,86.4744,-0.634017342207608,0.300709219858156,-0.26385835638871513,0.025794480551949522,-0.23188181974516303,0.06269814220359905,-0.46928482608607225,-0.16710279950902054,-0.856841114475726,0.5912576914924694,False,True,True,True,True,True,True,True,True,True,9,8.99832897200491
600690.SH,20170429,20161231,19.5266,19.5266,32.5942,32.5942,17.8507,7.0402,0.6055,20.5332,17.6623,20.5332,17.56,8.3466,17399331137.91,8.7263,71.3685,3.4927,1.321,0.0676,113.1667,783718006.6,5.6199,4332453050.07,17.0293,17.89,0.826,4.3238,-0.2471,31.024,1,2016-12-31,2017-04-29,2016,2016-12-30,8.356845403241634,9.88,609763.0727,6024459.1583,5425519.7381,10.117246250897862,1.9327548460247082,0.029676269935997666,3310.0808,0.3735,0.248,0.0,4332453050.07,8054970190.367,7509765159.33,545205031.0369997,0.170293,31.024,5.6199,0.18894898017934383,71.3685,17.56,25.496399999999998,113.1667,0.30024213075060535,0.029676269935997666,0.009049858530219454,15851172421.3941,12705526274.742098,28.073782373659682,1.8563467932015079,16.22403966144325,0.9414071792150085,3,2016-12-31,True,0.170293,0.09035491127516858,31.024,0.6848308679962772,5.6199,-0.6057933745726445,-0.18894898017934383,0.2480026378528115,-71.3685,-0.3111755440337068,17.56,0.9966445175281222,-25.496399999999998,-0.6913732950818339,113.1667,-0.2010471702110053,0.30024213075060535,-0.11640571385597716,0.029676269935997666,-0.006545323079531871,0.009049858530219454,-0.40103070909724226,-0.02850347229814201,16.207254956987526,1.8563467932015079,True,True,True,True,True,True,True,True,True,True,10,9.999714965277018
600690.SH,20180426,20171231,26.1184,26.1184,33.6787,33.6787,17.7552,6.9908,0.8746,23.6455,19.2012,23.6455,19.15,8.0966,17634936331.16,9.0914,69.1344,3.2399,2.6383,0.101,159.0665,928725302.39,5.6838,5624061708.46,37.3679,29.81,1.136,5.2127,1.8114,30.9975,1,2017-12-31,2018-04-26,2017,2017-12-29,16.22403966144325,18.84,609740.2727,11487506.7377,11487506.7377,14.281725054087369,3.1124061736611064,0.021079830124723486,4030.8549,0.2975,0.342,0.0,5624061708.46,16086777614.6441,235605193.25,15851172421.3941,0.09157498591455204,30.9975,5.6838,0.17125161597063113,69.1344,19.15,25.6206,159.0665,0.30105633802816906,0.021079830124723486,0.13798618606571353,15344865762.900002,16678914243.3554,-0.031941275070022195,0.01711203987316301,12.126254867419608,-0.25257487527980527,4,2017-12-31,True,0.09157498591455204,-0.2279185350282972,30.9975,0.4938209729223903,5.6838,-0.6441139309372672,-0.17125161597063113,0.350390746706245,-69.1344,-0.17981423747114902,19.15,0.996404580634474,-25.6206,-0.9233071261822972,159.0665,0.006999514187431439,0.30105633802816906,-0.36026684693238925,0.021079830124723486,-0.387026103574681,0.13798618606571353,0.41801888810410714,-0.0415283706883121,-0.031941275070022195,0.01711203987316301,True,True,True,True,True,True,True,True,True,True,10,9.999584716293118
600690.SH,20190430,20181231,28.7853,28.7853,12.169,12.169,15.6305,7.3124,0.5123,20.7776,18.4354,20.7776,18.63,7.932,21224010259.03,9.435,66.9284,3.0237,2.9731,0.1033,166.2283,1079032222.49,5.3299,6601505599.79,7.7103,17.38,1.21,6.0451,0.1659,29.0003,1,2018-12-31,2019-04-30,2018,2018-12-28,12.126254867419608,13.85,636841.67,8820257.1295,8444902.7769,10.021698237536866,2.005964312818582,0.02894545792065235,3010.6536,0.6737,0.351,0.0,6601505599.79,18933939690.77,3589073927.869999,15344865762.900002,0.21561790504558753,29.0003,5.3299,0.18232817499572945,66.9284,18.63,23.4552,166.2283,0.2900826446280992,0.02894545792065235,0.17397299803854888,12705526274.742098,21131834191.066704,-0.17200147130248333,0.1125632243025767,17.469971625397086,0.44067330073482025,5,2018-12-31,True,0.21561790504558753,-0.11048698078817284,29.0003,0.21856163964082845,5.3299,-0.7628377470948907,-0.18232817499572945,0.32296457904610343,-66.9284,-0.15372926841857099,18.63,0.6973297373539954,-23.4552,-0.5847637250718757,166.2283,0.13606557492243096,0.2900826446280992,-0.40775354867091224,0.02894545792065235,-0.44077628792672174,0.17397299803854888,0.3444681607316695,-0.06735980602510148,-0.17200147130248333,0.1125632243025767,True,True,True,True,True,True,True,True,True,True,10,9.999326401939749
600690.SH,20200430,20191231,30.5129,30.5129,9.0455,9.0455,16.7771,8.159,0.4448,18.8021,13.2091,18.8021,13.43,8.9382,23600824563.36,8.9576,65.3303,2.8844,2.2923,0.0751,104.3821,-69233604.51,6.1438,5765164700.75,9.6555,-12.67,1.286,7.2128,-0.2429,29.8331,1,2019-12-31,2020-04-30,2019,2019-12-31,17.469971625397086,19.5,657956.6627,12830154.9227,12301677.6753,13.584736878224794,2.422079029696801,0.02146540406824939,4096.5821,0.3662,0.375,0.0,5765164700.75,15082340579.0721,2376814304.330002,12705526274.742098,0.09991540486185135,29.8331,6.1438,0.17241319924328274,65.3303,13.43,25.380900000000004,104.3821,0.291601866251944,0.02146540406824939,0.09902862709991599,16678914243.3554,15396579782.286198,0.31272911351276994,0.06613090462903792,26.7016628341164,0.5284319520759087,6,2019-12-31,True,0.09991540486185135,-0.3176130751676449,29.8331,0.15972194464107986,6.1438,-0.7248025419501776,-0.17241319924328274,0.3431526168684386,-65.3303,-0.1464691810065804,13.43,0.09129960241252115,-25.380900000000004,-0.7086980292584316,104.3821,-0.06046712607185787,0.291601866251944,-0.16321368033948586,0.02146540406824939,-0.41779303826930414,0.09902862709991599,0.18728508027425522,-0.15978158435156253,0.31272911351276994,0.06613090462903792,True,True,True,True,True,True,True,True,True,True,10,9.998402184156484
600690.SH,20210331,20201231,23.231,23.231,4.4649,4.4649,16.0408,8.0642,0.5704,15.4773,11.2599,15.4773,12.85,7.365,24520794172.09,8.7165,66.5236,2.9872,1.9494,0.0839,129.4247,2365455199.64,5.3988,6457813335.37,8.1687,12.01,1.337,7.1393,1.1821,29.6819,1,2020-12-31,2021-03-31,2020,2020-12-31,26.7016628341164,29.21,902784.6441,26370339.4542,18427282.3023,19.971325979144655,3.7400953642677015,0.013707011517363858,5211.2885,1.9082,0.366,0.0,6457813335.37,17598883852.0854,919969608.7299995,16678914243.3554,0.04715700769687414,29.6819,5.3988,0.1273592333492536,66.5236,12.85,24.6754,129.4247,0.2737471952131638,0.013707011517363858,0.06324876580494285,21131834191.066704,21434732239.633804,0.2669790061115802,0.08721832135282637,27.705392870729575,0.03759054418628649,7,2020-12-31,True,0.04715700769687414,-0.13924174208710935,29.6819,0.16896719651519493,5.3988,-0.5824725773682771,-0.1273592333492536,0.4842320187786984,-66.5236,-0.28020918349013607,12.85,0.19563911933035097,-24.6754,-0.46865966812776133,129.4247,-0.35481593708350734,0.2737471952131638,-0.313265890497062,0.013707011517363858,-0.48915688212162184,0.06324876580494285,-0.3240112718958241,-0.1911813470951868,0.2669790061115802,0.08721832135282637,True,True,True,True,True,True,True,True,True,True,10,9.998088186529047
600690.SH,20220331,20211231,24.2114,24.2114,8.503,8.503,16.0636,8.2625,0.3016,17.8235,16.1379,17.8235,15.65,7.6328,26515318088.42,8.9175,62.7135,2.6819,2.4609,0.1016,145.685,2775556497.11,5.8083,11831272558.29,47.0995,83.21,1.41,8.4791,-0.0728,31.2334,0,2021-12-31,2022-03-31,2021,2021-12-31,27.705392870729575,29.89,939752.0463,28089188.6639,18856263.8828,19.64921480193587,3.267492171424983,0.016652353646550214,4940.3733,0.3833,0.46136,0.0,11831272558.29,23126358107.3967,1994523916.329998,21131834191.066704,0.21468263002532328,31.2334,5.8083,0.12407698273080524,62.7135,15.65,24.6277,145.685,0.3272056737588653,0.016652353646550214,0.07523120174070805,15396579782.286198,18204453163.2926,-0.27140353066015604,-0.04848972778348848,23.10789085349158,-0.1659424949752365,8,2021-12-31,True,0.21468263002532328,-0.10863999314918767,31.2334,-0.05716928284672382,5.8083,-0.8284105850096769,-0.12407698273080524,0.47690616139287884,-62.7135,-0.17061096660265243,15.65,-0.00019659247344630133,-24.6277,-0.4518765082827377,145.685,-0.12527889285798713,0.3272056737588653,-0.23559721748662668,0.016652353646550214,-0.5364021945188355,0.07523120174070805,-0.04540550341794563,-0.18933468865935826,-0.27140353066015604,-0.04848972778348848,True,True,True,True,True,True,True,True,True,True,10,9.998106653113407
600690.SH,20230331,20221231,25.7779,25.7779,7.2247,7.2247,15.8504,8.3513,-0.1009,16.9839,16.1204,16.9839,15.95,7.9059,31278711417.34,8.4269,59.8403,2.4901,2.1334,0.0828,112.9434,2741679671.15,6.0498,13962931853.78,12.4788,18.02,1.58,9.8896,0.865,31.329,0,2022-12-31,2023-03-31,2022,2022-12-30,23.10789085349158,24.46,944969.2093,23113946.8595,15430719.7917,14.62524737562758,2.3365849835677457,0.024533610773669504,3871.6338,0.3872,0.56692,0.0,13962931853.78,20159973111.2062,4763393328.920002,15396579782.286198,0.3429349191011244,31.329,6.0498,0.13441126885933052,59.8403,15.95,24.100800000000003,112.9434,0.35881012658227845,0.024533610773669504,0.06661164307366266,21434732239.633804,,0.3921749208414791,,20.334267845589817,-0.120029258641001,9,2022-12-31,True,0.3429349191011244,0.2966662274605912,31.329,0.102097664088668,6.0498,-0.7282694011411709,-0.13441126885933052,0.4702657239837288,-59.8403,-0.061039239986436206,15.95,0.07284472610689477,-24.100800000000003,-0.7339122568939908,112.9434,-0.1921512781820534,0.35881012658227845,-0.12938947238108725,0.024533610773669504,-0.3753550374394951,0.06661164307366266,-0.2947135490451355,-0.1429959903117715,0.3921749208414791,,True,True,True,True,True,True,True,True,True,True,10,9.998570040096883
600690.SH,20240328,20231231,27.6992,27.6992,7.3278,7.3278,15.6747,8.3046,0.1967,16.8548,,16.8548,,8.3136,35106037500.31,7.8761,58.2004,2.3924,2.6766,0.0966,127.0732,,6.4003,,12.8096,,,10.9677,0.062,31.5092,0,2023-12-31,2024-03-28,2023,2023-12-29,20.334267845589817,21.0,943811.4893,19820041.2753,13247960.5734,,1.8540138630332537,0.039406877399512145,3431.1099,0.4853,0.80131,0.0,,25262058322.6038,3827326082.9699974,21434732239.633804,0.128096,31.5092,6.4003,0.14175787558734387,58.2004,16.8548,24.176000000000002,127.0732,0.0,0.039406877399512145,0.10814675883821723,18204453163.2926,,-0.1507030290944466,,28.470000000000002,0.4000995863824375,10,2023-12-31,True,0.128096,-0.16238103702237827,31.5092,0.1254061296348207,6.4003,-0.7479950059220554,-0.14175787558734387,0.36969395866003146,-58.2004,0.08204176278018206,16.8548,0.4743735844574198,-24.176000000000002,-0.69670714846955,127.0732,-0.24828205786191976,0.0,-1.5010773191179556,0.039406877399512145,0.3082252173331727,0.10814675883821723,-0.35807365381053113,-0.2140705063035239,-0.1507030290944466,,True,True,True,True,True,True,True,False,True,True,9,8.997859294936966
600690.SH,20250328,20241231,30.4789,30.4789,4.2949,4.2949,11.7441,7.9902,0.3401,17.4433,16.5718,17.4433,16.81,8.6705,43444907867.57,7.2814,59.1922,2.4505,2.8289,0.0928,115.8494,3119574449.74,6.8451,17804732809.63,12.9213,12.52,2.02,11.869,-0.1814,27.797,1,2024-12-31,2025-03-28,2024,2024-12-31,28.470000000000002,28.47,938291.3334,26713154.2619,17806564.6175,14.094059405940595,2.3986856516977,0.033896733403582714,3934.9109,-1.604,0.96504,0.0,17804732809.63,26543323530.5526,8338870367.260002,18204453163.2926,0.1459561520582333,27.797,6.8451,0.15919606876007958,59.1922,16.81,20.074399999999997,115.8494,0.4777425742574257,0.033896733403582714,0.06814789816587459,,,,,,,11,2024-12-31,True,0.1459561520582333,0.5436407166636814,27.797,-0.11561717261406716,6.8451,-0.7711561667201172,-0.15919606876007958,0.2918581886772904,-59.1922,0.15370538663441335,16.81,0.39588228560433075,-20.074399999999997,-0.2978163127588549,115.8494,-0.28046986374965793,0.4777425742574257,0.22415010926943407,0.033896733403582714,0.5711392784521218,0.06814789816587459,-0.28790657373014383,0.038855443248039155,,,True,True,True,True,True,True,True,True,True,True,10,10.00038855443248
600703.SH,20150324,20141231,1.9137,1.9137,22.7112,22.7112,0.7852,10.032,3.2609,15.9931,12.2957,15.9931,10.67,12.838,5813322328.68,0.737,32.6567,1.4849,0.278,0.1453,49.9121,296775733.52,32.9819,1124255416.77,41.153,48.09,0.61,4.7301,1.1201,45.0453,1,2014-12-31,2015-03-24,2014,2014-12-31,8.215100858696204,14.22,239308.4883,3402966.7036,3080081.3842,13.467378456879022,1.7367710743316638,0.024345410170866905,3533.705,2.2025,0.2,0.0,1124255416.77,665277597.4740001,0.0,665277597.4740001,0.41153,45.0453,32.9819,0.34585875261379484,32.6567,10.67,14.0781,49.9121,0.3278688524590164,0.024345410170866905,0.01954992967666133,-222790553.86799955,673191695.7639995,-1.3348835955305207,0.0039496906876188564,14.118874225718391,0.7186489208799756,1,2014-12-31,True,0.41153,0.6790704772927659,45.0453,1.406784333986478,32.9819,0.9796646512153236,-0.34585875261379484,-0.2563129263653121,-32.6567,1.32043789736184,10.67,-0.47549479607984063,-14.0781,0.41065254438288545,49.9121,-0.7451220984947825,0.3278688524590164,-0.020334790824336386,0.024345410170866905,-0.3168662014288227,0.01954992967666133,-0.5546823962953763,0.22070879043189295,-1.3348835955305207,0.0039496906876188564,True,True,True,True,True,True,False,True,True,True,9,9.002207087904319
600703.SH,20160420,20151231,1.9059,1.9059,6.0832,6.0832,0.8944,8.2641,-0.2137,12.4425,10.4256,12.4425,11.9,11.2355,8426834595.03,0.6823,23.1038,1.3005,0.9379,0.4921,158.824,342632565.45,35.9698,1419864510.05,15.8806,26.29,0.71,6.245,0.678,46.1422,1,2015-12-31,2016-04-20,2015,2015-12-31,14.118874225718391,24.28,254901.558,6189009.8282,5755278.9057,19.885738346082242,2.2608285389460994,0.017706794182259216,3731.0047,-0.9075,0.25,0.6,1419864510.05,2390721712.482,2613512266.3499994,-222790553.86799955,0.158806,46.1422,35.9698,0.40705133208207045,23.1038,11.9,8.944799999999999,158.824,0.35211267605633806,0.017706794182259216,-0.0035997770249590237,1775212524.3947995,2289207732.1164,8.968078060646096,3.758385386890812,12.608770803405223,-0.10695636197129821,2,2015-12-31,True,0.158806,0.33729893217926016,46.1422,1.7467515125563486,35.9698,1.3005077603174482,-0.40705133208207045,-0.42541667523027105,-23.1038,1.769302478897004,11.9,0.07609287347499849,-8.944799999999999,0.7681172664710239,158.824,-0.4151834514946256,0.35211267605633806,0.07292190835078272,0.017706794182259216,-0.5601158329963419,-0.0035997770249590237,-0.669152679458009,0.363738553915238,8.968078060646096,3.758385386890812,True,True,False,True,True,True,True,True,True,False,8,8.003637385539152
600703.SH,20170413,20161231,1.538,1.538,29.1123,29.1123,0.9573,6.8272,-1.7022,12.9917,10.4335,12.9917,10.4,11.6389,8707556076.84,0.7322,26.0356,1.352,0.5041,0.3278,97.3156,649883200.3,34.5419,1740022684.58,27.8597,22.55,0.53,4.2751,0.1989,41.6464,1,2016-12-31,2017-04-13,2016,2016-12-30,12.608770803405223,13.39,407842.4928,5461010.9786,5412364.7417,23.79013359133061,2.949351080303437,0.015861974423865843,3310.0808,0.3735,0.2,0.0,1740022684.58,2055934006.2048,280721481.8100004,1775212524.3947995,0.278597,41.6464,34.5419,0.3693863458045495,26.0356,10.4,6.0823,97.3156,0.37735849056603776,0.015861974423865843,0.0325070308657372,673191695.7639995,308737818.7892003,-0.6207824773016954,-0.4418128606507745,24.166655426784487,0.9166543514501708,3,2016-12-31,True,0.278597,0.1060002910239369,41.6464,1.6197246259191178,34.5419,1.3604248361693714,-0.3693863458045495,-0.3132886171591399,-26.0356,1.7145083632204055,10.4,0.19140899186205507,-6.0823,0.9814437621506757,97.3156,-0.2604850464044845,0.37735849056603776,0.2591174226556923,0.015861974423865843,-0.5753241810919645,0.0325070308657372,-0.33482866006887124,0.4317001625706176,-0.6207824773016954,-0.4418128606507745,True,True,False,True,True,True,True,True,True,True,9,9.004317001625706
600703.SH,20180420,20171231,2.0581,2.0581,33.8157,33.8157,1.1644,6.2308,0.8611,17.0096,14.2634,17.0096,14.36,15.8597,10595615235.86,0.8697,21.6523,1.2764,0.628,0.3052,66.4336,692528973.39,37.6953,2653353360.57,46.0415,52.49,0.78,4.8473,-0.324,48.7903,1,2017-12-31,2018-04-20,2017,2017-12-29,24.166655426784487,25.39,407842.4928,10355120.8922,10355120.8922,30.982891572800625,4.985591035583622,0.010344832397573682,4030.8549,0.2975,0.25,0.0,2653353360.57,2561250854.784,1888059159.0200005,673191695.7639995,0.33140454176108447,48.7903,37.6953,0.41990109958905825,21.6523,14.36,8.256300000000001,66.4336,0.3205128205128205,0.010344832397573682,0.006501051052635044,2289207732.1164,-228568726.93480062,2.4005287743759194,-0.44650997547605414,10.898277988461414,-0.5490365631488009,4,2017-12-31,True,0.33140454176108447,0.6462227394213386,48.7903,1.8892366645746517,37.6953,1.5379140491815793,-0.41990109958905825,-0.46377800112170386,-21.6523,2.0045471829606836,14.36,0.35889927490566326,-8.256300000000001,0.7316692896933628,66.4336,-0.182915437708862,0.3205128205128205,-0.2931658495080357,0.010344832397573682,-0.7947476212927286,0.006501051052635044,-0.1394005886007127,0.48131651840956696,2.4005287743759194,-0.44650997547605414,True,True,False,True,True,True,True,True,True,True,9,9.004813165184096
600703.SH,20190426,20181231,2.0509,2.0509,-0.3497,-0.3497,1.3555,7.7169,0.6658,13.7996,10.9612,13.7996,10.67,11.8083,11645821834.79,0.7521,30.9862,1.449,0.8188,0.3992,103.0457,148978503.78,33.8345,2248030054.09,-10.5572,-15.28,0.69,5.2101,-0.141,44.7083,1,2018-12-31,2019-04-26,2018,2018-12-28,10.898277988461414,11.31,407842.4928,4612698.5936,4612698.5936,15.794605780378863,2.091759848843864,0.018351523076558574,3010.6536,0.6737,0.2,0.0,2248030054.09,3339414331.0464,1050206598.9300003,2289207732.1164,0.16551643798413118,44.7083,33.8345,0.3782363157708967,30.9862,10.67,9.738199999999999,103.0457,0.2898550724637682,0.018351523076558574,0.04962838316148851,308737818.7892003,-6579378039.518801,-0.8651333321752462,-1.291361729972271,18.018990165872946,0.653379569226497,5,2018-12-31,True,0.16551643798413118,-0.21099512868793027,44.7083,1.2606627893994553,33.8345,1.2915656020701205,-0.3782363157708967,-0.2932683563963215,-30.9862,1.3633917161597129,10.67,-0.25210013730083014,-9.738199999999999,0.5415443689345015,103.0457,-0.10169549836087795,0.2898550724637682,-0.40932306985113887,0.018351523076558574,-0.8073313937832486,0.04962838316148851,0.05371931670785686,0.22147001899011814,-0.8651333321752462,-1.291361729972271,True,True,False,True,True,True,True,True,True,True,9,9.002214700189901
600703.SH,20200424,20191231,1.8291,1.8291,-10.8121,-10.8121,1.4634,9.3974,1.5321,6.0402,3.2105,6.0402,3.19,5.6448,14126318824.26,0.5789,26.7358,1.3649,0.6839,0.3739,175.2611,1606116.51,17.4057,690165688.35,-54.1203,-69.3,0.32,5.3318,-0.6141,29.3714,1,2019-12-31,2020-04-24,2019,2019-12-31,18.018990165872946,18.36,407842.4928,7487988.1678,7487988.1678,56.30934426835296,3.3795322716292704,0.005549700570312477,4096.5821,0.3662,0.1,0.0,690165688.35,2789234808.2591996,2480496989.4699993,308737818.7892003,-0.26526146479783763,29.3714,17.4057,0.47595056548151327,26.7358,3.19,12.3929,175.2611,0.3125,0.005549700570312477,0.00412310772761155,-228568726.93480062,,-1.7403327776013815,,26.613878452222036,0.47699056424523567,6,2019-12-31,True,-0.26526146479783763,-0.9487111321793994,29.3714,0.13108385646995124,17.4057,0.08186464561832409,-0.47595056548151327,-0.8262020950475637,-26.7358,1.457314166638706,3.19,-1.1355600214502337,-12.3929,0.33764944400352837,175.2611,0.3023509833061261,0.3125,-0.03346372518578267,0.005549700570312477,-1.045969152865442,0.00412310772761155,-0.20864542069963288,-0.171662586490129,-1.7403327776013815,,False,True,False,True,False,True,True,True,True,True,7,6.998283374135099
600703.SH,20210428,20201231,1.8873,1.8873,13.3226,13.3226,1.7551,12.7627,0.989,3.9531,1.1413,3.9531,1.15,3.5796,16289515062.12,0.5559,23.8699,1.3135,0.4319,0.2288,184.9819,-227462102.12,12.0215,293404832.39,-21.7323,-57.49,0.24,6.6242,1.0967,24.4696,0,2020-12-31,2021-04-28,2020,2020-12-31,26.613878452222036,27.01,447934.1308,12098700.8729,11015825.7305,110.89116021759182,4.0176743534648764,0.005636157100111662,5211.2885,1.9082,0.15,0.0,293404832.39,1934627510.9252,2163196237.8600006,-228568726.93480062,-0.5200189879392956,24.4696,12.0215,0.41795592565116335,23.8699,1.15,15.506800000000002,184.9819,0.625,0.005636157100111662,-0.001889200578937975,-6579378039.518801,,-27.78511915322332,,31.380991357608398,0.17912131499151518,7,2020-12-31,True,-0.5200189879392956,-1.4068246645179163,24.4696,-0.06696570974346772,12.0215,-0.10798707652366497,-0.41795592565116335,-0.6866809312492211,-23.8699,1.5096262417177526,1.15,-1.2766833625129201,-15.506800000000002,0.15518877427120012,184.9819,-0.052655743013854193,0.625,1.1365297605853777,0.005636157100111662,-0.7938772775867492,-0.001889200578937975,-0.613885438237947,-0.20038322061921912,-16.84278418674298,,False,True,False,True,False,True,True,True,True,False,6,5.997996167793808
600745.SH,20210430,20201231,41.5335,41.5335,24.3601,24.3601,2.0862,6.7857,1.6484,9.6134,8.4113,9.6134,8.52,5.1407,6156064903.44,8.7927,51.4539,2.0599,5.3131,0.1279,246.9758,56299351.46,4.7568,2113292051.72,92.6766,91.13,2.06,23.3422,0.9815,15.2085,0,2020-12-31,2021-04-30,2020,2020-12-31,98.13889018093866,99.0,124493.7731,12324883.5369,8115041.781,47.64023795191197,4.204354781508969,0.0016812906656656656,5211.2885,1.9082,0.165,0.0,2113292051.72,6614478658.5761,550877009.4699993,6063601649.106101,1.0894451817713522,15.2085,4.7568,0.10284131873463666,51.4539,8.52,10.5203,246.9758,0.08009708737864078,0.0016812906656656656,0.049198044192077135,-2546598685.799999,5466257381.611601,-1.4199811981671686,-0.03397921358837974,128.40387925019766,0.30838935526435485,7,2020-12-31,True,1.0894451817713522,2.1901704683617744,15.2085,-0.48616610844501995,4.7568,-0.6284688766936641,-0.10284131873463666,0.5830230390842832,-51.4539,0.3521458738027911,8.52,-0.34924603848002206,-10.5203,0.4944794247546352,246.9758,0.28451187621704066,0.08009708737864078,-1.1125565448180057,0.0016812906656656656,-0.9431958505175245,0.049198044192077135,-0.386539186722508,-0.0001674475869290633,-1.4199811981671686,-0.03397921358837974,True,True,True,True,True,True,True,True,False,True,9,8.99999832552413
600745.SH,20220426,20211231,42.3112,42.3112,1.9766,1.9766,1.4408,8.9431,0.724,8.3225,7.0154,8.3225,7.07,5.1835,10451326648.46,6.35,52.4415,2.1027,1.4036,0.0332,59.3329,268198175.4,4.7658,2201373741.54,8.1239,4.17,2.11,25.8023,2.8816,16.1738,1,2021-12-31,2022-04-26,2021,2021-12-31,128.40387925019766,129.3,124584.145,16108729.9485,12105570.5027,60.854919075923064,4.976450907484901,0.0015871794621009185,4940.3733,0.3833,0.2038,0.0,2201373741.54,1748663059.22,4295261745.0199995,-2546598685.799999,2.7602106424646236,16.1738,4.7658,0.15462257814574792,52.4415,7.07,11.107899999999999,59.3329,0.09658767772511849,0.0015871794621009185,-0.015808811085303045,-2430472408.377401,,0.045600540858725044,,52.37945299781385,-0.5920726593022054,8,2021-12-31,True,2.7602106424646236,3.3177931077026153,16.1738,-0.8165169102316819,4.7658,-0.9046948550087132,-0.15462257814574792,0.34511393722164735,-52.4415,0.29629289130953645,7.07,-0.6819079422090467,-11.107899999999999,0.43831246932104695,59.3329,-0.37248703312672216,0.09658767772511849,-1.5505925825331495,0.0015871794621009185,-1.0420807173652356,-0.015808811085303045,-0.3359211557128297,-0.11878989005750294,0.045600540858725044,,True,True,True,True,False,True,True,True,False,False,7,6.998812101099425
600745.SH,20230429,20221231,46.5992,46.5992,10.1464,10.1464,1.5815,9.839,0.965,4.1948,4.4291,4.1948,4.19,3.6243,14545791363.83,4.6468,52.2571,2.0946,1.3351,0.0287,78.7783,-415443176.66,2.3418,1541288963.4,-44.1033,-29.99,1.18,27.5655,-2.7093,18.156,1,2022-12-31,2023-04-29,2022,2022-12-30,52.37945299781385,52.58,124634.2826,6553270.5791,6534667.3545,44.38936694729988,1.9001814949053655,0.0,3871.6338,0.3872,,,1541288963.4,1663992306.9926,4094464715.370001,-2430472408.377401,0.11708416791045773,18.156,2.3418,0.20213097097475533,52.2571,4.19,12.3855,78.7783,0.0,0.0,-0.03708793005020696,5466257381.611601,,3.2490514036573286,,43.469300897716174,-0.17010777299391722,9,2022-12-31,True,0.11708416791045773,-0.11376931935156966,18.156,-0.5925396163607503,2.3418,-0.9793845656395417,-0.20213097097475533,0.18946399068384678,-52.2571,0.269378408765999,4.19,-0.7904178860320294,-12.3855,0.20862920168010837,78.7783,-0.30308839224112133,0.0,-1.8416924292828656,0.0,-1.1049636116057107,-0.03708793005020696,-0.5927612976915897,-0.5137405015522931,3.2490514036573286,,True,True,True,True,False,True,True,False,False,False,6,5.994862594984477
600795.SH,20160412,20151231,2.7777,2.7777,-11.669,-11.669,0.0703,1.4082,10.8211,8.9474,7.6729,8.9474,8.0,6.2529,210724547499.3,0.2623,72.211,3.5985,1.2363,0.4451,261.7142,-988116257.43,13.0944,3741928969.36,-28.1684,-31.82,0.215,2.4279,0.0556,31.0144,1,2015-12-31,2016-04-12,2015,2015-12-31,3.1279699449885956,3.93,1965039.7845,7722606.3531,7001505.4362,14.548697418551608,1.2883438135790581,0.03516657830304091,3731.0047,-0.9075,0.11,0.0,3741928969.36,24293786855.7735,5314963545.889984,18978823309.883514,-0.281684,31.0144,13.0944,1.2274151520127583,72.211,8.0,12.2996,261.7142,0.5116279069767442,0.03516657830304091,0.24575671013277864,5950320373.627499,,-0.686475801135217,,2.444980957590645,-0.2183489609585877,2,2015-12-31,True,-0.281684,-0.5186698598368809,31.0144,0.5087784449575029,13.0944,-0.23935976909666815,-1.2274151520127583,-2.9374924612070012,-72.211,-0.3342882100946914,8.0,-0.4847290366164909,-12.2996,0.45614857748270055,261.7142,-0.10397422874513018,0.5116279069767442,1.1180185939167713,0.03516657830304091,0.14847927696497917,0.24575671013277864,0.08258050300838529,-0.20950074266059315,-0.686475801135217,,False,True,False,True,False,True,True,True,True,True,7,6.997904992573394
600809.SH,20220428,20211231,16.3681,16.3681,42.7539,42.7539,15.8234,5.9569,-0.1658,42.5094,42.0748,42.5094,41.61,28.3578,2508886489.41,8.2962,47.9653,1.9218,6.2659,0.3828,108.7581,384421154.6,26.9875,5259285900.91,72.5628,72.81,4.3749,12.4765,2.1514,74.9107,0,2021-12-31,2022-04-28,2021,2021-12-31,302.1475249359231,315.78,122011.4372,38528771.639,38378371.9406,69.06387001666852,24.2173305763574,0.005957354773572045,4940.3733,0.3833,1.8,0.0,5259285900.91,7645114643.5148,203306748.0699997,7441807895.4448,0.5317463014467831,74.9107,26.9875,0.08575896085323673,47.9653,41.61,21.6145,108.7581,0.41143797572515944,0.005957354773572045,0.019314936809228495,10310230452.611,10048479383.5972,0.385447003935964,0.1052842046068081,274.2312600747306,-0.09239282985062602,8,2021-12-31,True,0.5317463014467831,0.3181466906064662,74.9107,2.1451637223845594,26.9875,0.7213638141880075,-0.08575896085323673,0.6422333472108456,-47.9653,0.49975424730511064,41.61,2.0624172349317034,-21.6145,-0.2534773139665699,108.7581,-0.23099294352831884,0.41143797572515944,0.244699587523627,0.005957354773572045,-0.8953911557957681,0.019314936809228495,-0.2238385865888335,0.45727987675189347,0.385447003935964,0.1052842046068081,True,True,True,True,True,True,True,True,True,True,10,10.00457279876752
600809.SH,20230428,20221231,21.4855,21.4855,31.2597,31.2597,12.9839,4.8542,-0.1404,44.3079,44.2611,44.3079,44.7,32.5216,2495180717.93,10.477,40.7261,1.6871,8.4505,0.3933,94.8267,985295568.84,31.117,8087297065.06,52.3606,53.77,6.6492,17.475,4.2695,75.3569,1,2022-12-31,2023-04-28,2022,2022-12-30,274.2312600747306,284.99,122007.3422,34770872.4536,34703603.414,41.242745003117754,15.692775969941662,0.012106570195882368,3871.6338,0.3872,3.32,0.0,8087297065.06,10310230452.611,0.0,10310230452.611,0.6180052218598975,75.3569,31.117,0.06936781727608951,40.7261,44.7,17.6977,94.8267,0.4993081874511219,0.012106570195882368,0.029651917611125494,6950399579.792799,,-0.325873498973764,,225.72110057746346,-0.1768950756527452,9,2022-12-31,True,0.6180052218598975,0.7965478064652717,75.3569,2.4237723562543807,31.117,0.9693449601084396,-0.06936781727608951,0.7399703058681918,-40.7261,0.7718108789321994,44.7,2.1832869113955065,-17.6977,-0.2187579532572239,94.8267,-0.2509778121091871,0.4993081874511219,0.5410911725109697,0.012106570195882368,-0.74492458187834,0.029651917611125494,-0.40094120874381,0.6191111668678544,-0.325873498973764,,True,True,True,True,True,True,True,True,True,True,10,10.006191111668679
600809.SH,20240426,20231231,26.1717,26.1717,21.8,21.8,10.075,4.0412,-0.0249,42.4678,42.4949,42.4678,43.06,35.1439,2769897246.51,12.1284,35.8781,1.5595,5.9224,0.2263,50.7948,1016996689.89,32.7561,10444776853.2,28.9313,29.15,8.5627,22.8178,-6.0875,75.3062,1,2023-12-31,2024-04-26,2023,2023-12-29,225.72110057746346,230.73,121996.4222,28148234.4942,28148234.4942,26.36097265786066,9.892325315212837,0.01936017496290868,3431.1099,0.4853,4.37,0.0,10444776853.2,7225116108.3728,274716528.5800004,6950399579.792799,0.508378673512373,75.3062,32.7561,0.06380539711766146,35.8781,43.06,14.091299999999999,50.7948,0.5103530428486343,0.01936017496290868,0.024692133288945504,10048479383.5972,,0.4457412510226872,,184.21000000000004,-0.18390438674658838,10,2023-12-31,True,0.508378673512373,0.09425846843463338,75.3062,2.3968388455398024,32.7561,1.0527230244119374,-0.06380539711766146,0.6625607207318295,-35.8781,1.0276320381897786,43.06,3.1902013576618087,-14.091299999999999,0.0798511883946614,50.7948,-0.47454596059554105,0.5103530428486343,0.629912328251599,0.01936017496290868,-0.6487470029389164,0.024692133288945504,-0.6352487453362813,0.6704942057041191,0.4457412510226872,,True,True,True,True,True,True,True,True,True,True,10,10.006704942057041
600809.SH,20250430,20241231,29.5181,29.5181,12.7864,12.7864,10.3478,4.4296,-0.0271,39.1204,39.1292,39.1204,39.68,33.8498,4893732884.34,9.3979,34.1913,1.5196,9.9776,0.338,73.5995,893974743.31,34.026,12245617493.36,17.2902,17.24,10.0354,28.4876,2.0574,76.2026,1,2024-12-31,2025-04-30,2024,2024-12-31,184.21000000000004,184.21,121996.4222,22472960.9335,22472960.9335,18.356019690296357,6.466322189303417,0.019542912979751366,3934.9109,-1.604,6.0600000000000005,0.0,12245617493.36,12172315021.4272,2123835637.83,10048479383.5972,0.3254132355417563,76.2026,34.026,0.09266335463046917,34.1913,39.68,14.7503,73.5995,0.6038623273611416,0.019542912979751366,0.044713642378197395,,,,,,,11,2024-12-31,True,0.3254132355417563,1.2540458208163796,76.2026,2.2105504286806976,34.026,0.9361924523087136,-0.09266335463046917,0.5271570947770574,-34.1913,1.20126479123242,39.68,2.7422740900774385,-14.7503,0.09170529006865266,73.5995,-0.5758201557105846,0.6038623273611416,0.8383362164790209,0.019542912979751366,-0.35878052666272603,0.044713642378197395,-0.3959772876445015,0.7700862013111426,,,True,True,True,True,True,True,True,True,True,True,10,10.007700862013111
600887.SH,20150425,20141231,17.7643,17.6086,12.9355,13.9341,18.507,5.8109,0.2845,23.8458,21.6787,23.8458,21.51,13.4984,14083118821.19,4.1906,52.3436,2.0984,0.7951,0.0452,55.5048,480956002.56,7.7216,3767648982.96,30.0273,71.19,1.35,6.0808,1.4098,32.5418,1,2014-12-31,2015-04-25,2014,2014-12-31,10.818318912784614,28.63,306437.1033,8773294.2675,8611399.2102,8.013569565025639,1.7790946771452134,0.07394864270959836,3533.705,2.2025,0.8,1.0,3767648982.96,2436481408.3383,0.0,2436481408.3383,0.300273,32.5418,7.7216,0.3601707979397939,52.3436,21.51,24.602400000000003,55.5048,0.5925925925925926,0.07394864270959836,0.027771568284949245,8277855902.789202,6380570822.6408,2.3974631919866627,0.3783689369571561,12.649093404608825,0.16922911097219395,1,2014-12-31,True,0.300273,0.3878740785117266,32.5418,0.2533140484854647,7.7216,-0.7512197316488747,-0.3601707979397939,-0.30255287638666273,-52.3436,0.46572790329730346,21.51,1.1393843565632438,-24.602400000000003,-0.4880291153377668,55.5048,-0.7149031000738651,0.5925925925925926,1.5796370657229857,0.07394864270959836,1.4091322170449936,0.027771568284949245,-0.5278929940434812,0.2227701683759152,2.3974631919866627,0.3783689369571561,True,True,False,True,True,True,True,True,True,True,9,9.00222770168376
600887.SH,20160331,20151231,9.9525,9.8706,10.9419,10.8814,21.9655,5.7259,0.4923,23.9875,20.8107,23.9875,20.71,14.3085,15341554608.22,4.1027,49.1662,1.9672,1.5724,0.1593,194.8482,591577249.66,7.7751,4018368911.66,11.7635,6.65,0.76,3.2951,-0.0402,35.8948,1,2015-12-31,2016-03-31,2015,2015-12-31,12.649093404608825,16.43,606480.0108,9964466.5774,9778651.9919,16.643543953432665,3.8387585823218795,0.035575672153392274,3731.0047,-0.9075,0.45,0.0,4018368911.66,9536291689.8192,1258435787.0299988,8277855902.789202,0.117635,35.8948,7.7751,0.3902435772504381,49.1662,20.71,28.183699999999998,194.8482,0.5921052631578947,0.035575672153392274,0.08307374848909492,12817348548.2472,6408850652.382,0.5483899090256485,-0.08176446343274568,13.957929126867429,0.10347269012826765,2,2015-12-31,True,0.117635,0.2572946389238025,35.8948,0.9081626091525214,7.7751,-0.5974307689136117,-0.3902435772504381,-0.3739488351044787,-49.1662,0.6528751123850227,20.71,1.3429751883226964,-28.183699999999998,-1.0209415181293848,194.8482,-0.3062220219107355,0.5921052631578947,1.6452824653523512,0.035575672153392274,0.16508211121933808,0.08307374848909492,-0.4078586344827681,0.20593366789225032,0.5483899090256485,-0.08176446343274568,True,True,False,True,True,True,True,True,True,True,9,9.002059336678922
600887.SH,20170331,20161231,9.9936,9.9446,0.7492,0.4131,23.2874,5.7032,0.0394,26.2935,21.023,26.2935,21.25,16.7865,14532956161.01,4.0576,40.8188,1.6897,2.1134,0.2125,232.1806,927608696.25,9.3995,4526898436.24,22.238,12.66,0.93,3.8059,0.164,37.9436,1,2016-12-31,2017-03-31,2016,2016-12-30,13.957929126867429,17.6,606480.0108,10674048.1901,10618729.7251,15.008525942868202,3.66744505290928,0.04298631942793492,3310.0808,0.3735,0.6,0.0,4526898436.24,12817348548.2472,0.0,12817348548.2472,0.22238,37.9436,9.3995,0.3726237181471573,40.8188,21.25,29.03,232.1806,0.6451612903225806,0.04298631942793492,0.12007954545432047,6380570822.6408,835585489.6460028,-0.5021926103809233,-0.5975324236732069,26.388369340041432,0.8905647893889086,3,2016-12-31,True,0.22238,0.09787929536969968,37.9436,1.2938355041729313,9.3995,-0.34884301327949324,-0.3726237181471573,-0.3233591963810606,-40.8188,1.0539265266796372,21.25,1.411633217207981,-29.03,-0.9958461448887681,232.1806,0.24522680784118733,0.6451612903225806,1.563200597378605,0.04298631942793492,0.5414721088238597,0.12007954545432047,-0.0876769649963643,0.40467715799347403,-0.5021926103809233,-0.5975324236732069,True,True,False,True,True,True,True,True,True,True,9,9.004046771579935
600887.SH,20180427,20171231,11.1966,11.1125,11.9967,12.2901,22.8068,4.8738,0.1667,24.9076,22.1157,24.9076,22.4,16.2198,15158455918.35,4.5844,48.804,1.9533,1.1526,0.1037,98.4596,765621285.11,8.8868,5328249297.18,5.9889,17.7,0.99,4.1299,1.2412,37.285,1,2017-12-31,2018-04-27,2017,2017-12-29,26.388369340041432,32.19,607849.2608,19566667.7052,19421415.3325,26.654918525294377,6.389590387186477,0.026526838054287325,4030.8549,0.2975,0.7,0.0,5328249297.18,7006070579.980801,625499757.3400002,6380570822.6408,0.12246127638822091,37.285,8.8868,0.3091367140065074,48.804,22.4,27.847299999999997,98.4596,0.7070707070707071,0.026526838054287325,0.03260938918559501,6408850652.382,5557375072.486799,0.004432178644714893,-0.04499995574043303,19.19671523746717,-0.2725312053163407,4,2017-12-31,True,0.12246127638822091,-0.11534283007660531,37.285,0.9869235852860199,8.8868,-0.4257850297511103,-0.3091367140065074,-0.1010951601950463,-48.804,0.7554632970512777,22.4,1.4289499342083019,-27.847299999999997,-1.1355319774708794,98.4596,-0.1172560850444124,0.7070707070707071,1.0399846709288547,0.026526838054287325,-0.18014554369833916,0.03260938918559501,-0.02871662285614805,0.19158620348926483,0.004432178644714893,-0.04499995574043303,True,True,True,True,True,True,True,True,True,True,10,10.001915862034892
600887.SH,20190228,20181231,13.0885,12.9935,16.9199,16.8901,24.8546,4.2822,-0.0758,24.2922,22.1734,24.2922,22.21,15.4998,17374468341.72,4.8906,41.1059,1.698,1.419,0.1092,112.1436,1190476714.07,8.1695,5878050473.25,7.3133,10.32,1.06,4.5928,-1.1831,37.8219,1,2018-12-31,2019-02-28,2018,2018-12-28,19.19671523746717,22.88,607812.7608,13906755.9671,13804348.6427,18.110108714591668,4.179741168234447,0.036464571742658124,3010.6536,0.6737,0.7,0.0,5878050473.25,8624863075.752,2216012423.370001,6408850652.382,0.1351706884733921,37.8219,8.1695,0.3665443171110322,41.1059,22.21,29.061,112.1436,0.660377358490566,0.036464571742658124,0.046084440307601435,835585489.6460028,11194018535.679802,-0.8696200715278897,0.20430167438704938,26.583931088963094,0.38481666056482067,5,2018-12-31,True,0.1351706884733921,-0.2718714913743386,37.8219,0.8038047961668472,8.1695,-0.5581801216488587,-0.3665443171110322,-0.2564909431308565,-41.1059,0.9362389757143073,22.21,1.1243346307289046,-29.061,-1.0450580979945956,112.1436,-0.0674593879661772,0.660377358490566,2.146097437637672,0.036464571742658124,-0.1806114291151544,0.046084440307601435,0.045432690953513793,0.24329427817920582,-0.8696200715278897,0.20430167438704938,True,True,False,True,True,True,True,True,True,True,9,9.002432942781793
600887.SH,20200429,20191231,14.7995,14.7644,13.9697,13.4121,23.3528,5.2981,0.0089,25.6585,23.1954,25.6585,23.85,15.0223,24994560328.12,4.2589,56.5439,2.3012,1.387,0.0939,102.1154,1004292332.22,7.7222,6268158933.7,7.6713,6.64,1.15,4.2863,-0.4098,37.3489,1,2019-12-31,2020-04-29,2019,2019-12-31,26.583931088963094,30.94,609637.8858,18862196.1867,18274994.6022,23.11646181648965,6.202069637907542,0.030469534294583295,4096.5821,0.3662,0.81,0.0,6268158933.7,8455677476.0460005,7620091986.399998,835585489.6460028,0.11458471484811028,37.3489,7.7222,0.4156584595216015,56.5439,23.85,28.6598,102.1154,0.7043478260869567,0.030469534294583295,0.004429948036672346,5557375072.486799,9252438046.207804,5.650875513457265,1.2288889545723602,39.1616045142182,0.47313068120602386,6,2019-12-31,True,0.11458471484811028,-0.2922615981185686,37.3489,0.6259080894896141,7.7222,-0.611744932767169,-0.4156584595216015,-0.5939313236782566,-56.5439,0.21864714400736038,23.85,1.3397251181009888,-28.6598,-0.9728548455564479,102.1154,-0.0720699958714752,0.7043478260869567,2.399396475385391,0.030469534294583295,-0.062409467468977096,0.004429948036672346,-0.20736533248043415,0.16100357554927508,5.650875513457265,1.2288889545723602,True,True,False,True,True,True,True,True,True,True,9,9.001610035755492
600887.SH,20210429,20201231,15.9283,15.8688,7.238,7.3845,22.2299,5.5357,0.1941,25.0489,23.4455,25.0489,23.22,12.297,29288604435.16,3.5696,57.0895,2.3304,1.6196,0.1021,115.113,817911004.55,7.3546,6625112858.43,2.0828,5.69,1.17,4.9952,0.0603,35.9687,0,2020-12-31,2021-04-29,2020,2020-12-31,39.1616045142182,44.37,608262.4833,26988606.384,26312461.955,33.47145684975914,7.8398471561135095,0.02093887648812466,5211.2885,1.9082,0.82,0.0,6625112858.43,9851419179.5268,4294044107.040001,5557375072.486799,0.07531634739550164,35.9687,7.3546,0.4136416815068526,57.0895,23.22,27.959699999999998,115.113,0.7008547008547008,0.02093887648812466,0.020591559984295627,11194018535.679802,15886473894.495495,1.0142636387993031,0.41922940777453177,37.37054782549932,-0.045735018034529396,7,2020-12-31,True,0.07531634739550164,-0.07630836975905134,35.9687,0.4535369632337185,7.3546,-0.4423486486757661,-0.4136416815068526,-0.6692973736521259,-57.0895,0.11566471220833191,23.22,1.5005950284512675,-27.959699999999998,-0.6921294933323627,115.113,-0.432653301987906,0.7008547008547008,1.4496199734309212,0.02093887648812466,-0.21611308280218067,0.020591559984295627,-0.5138425279542629,0.04333853446914395,1.0142636387993031,0.41922940777453177,True,True,False,True,True,True,True,True,True,True,9,9.000433385344692
600887.SH,20220428,20211231,17.2801,17.2096,14.1105,14.1503,17.4644,4.3656,-0.0264,22.2939,20.3446,22.2939,23.13,11.7494,33621943519.64,3.516,52.148,2.0898,2.4261,0.141,151.7795,396739366.35,7.9278,7943784753.5,22.9824,19.9,1.43,7.4543,3.0698,30.6211,0,2021-12-31,2022-04-28,2021,2021-12-31,37.37054782549932,41.46,640013.0918,26534942.786,24711346.9459,26.133250227621904,5.013287340930647,0.025688678808849466,4940.3733,0.3833,0.96,0.0,7943784753.5,15527357620.159801,4333339084.48,11194018535.679802,0.10560005676685469,30.6211,7.9278,0.3372270198375683,52.148,23.13,21.803600000000003,151.7795,0.6713286713286714,0.025688678808849466,0.04218595316356151,9252438046.207804,21739550907.575,-0.17344803238295584,0.24763681741621002,28.66647403019577,-0.23291266255841292,8,2021-12-31,True,0.10560005676685469,-0.25547166732932836,30.6211,-0.08804318070907147,7.9278,-0.6733175296015644,-0.3372270198375683,-0.44275237172377,-52.148,0.3096336508789704,23.13,0.5941158662704104,-21.803600000000003,-0.26592829221069175,151.7795,-0.10783160424696543,0.6713286713286714,1.7266093517873196,0.025688678808849466,-0.2330883725818821,0.04218595316356151,-0.15085542205958108,0.037551857133985976,-0.17344803238295584,0.24763681741621002,True,True,True,True,True,True,True,True,True,True,10,10.00037551857134
600887.SH,20230428,20221231,19.2474,19.1735,11.3978,11.3711,18.5987,5.0047,-0.2067,19.2517,17.5261,19.2517,17.39,8.8201,37789572539.81,3.4496,58.6584,2.4189,2.0971,0.1094,123.576,1004974690.39,7.5944,8585692731.44,8.3418,8.08,1.48,7.8552,0.3294,32.2576,1,2022-12-31,2023-04-28,2022,2022-12-30,28.66647403019577,31.0,639934.5318,19837970.4858,19554765.8132,19.369239209591736,3.6493627189881566,0.0362793135599627,3871.6338,0.3872,1.04,0.0,8585692731.44,13420067066.377802,4167629020.169998,9252438046.207804,0.1105678937538288,32.2576,7.5944,0.3107858747725239,58.6584,17.39,23.3967,123.576,0.7027027027027027,0.0362793135599627,0.04664004340983715,15886473894.495495,,0.717004082076152,,25.62840657791407,-0.10597980934388918,9,2022-12-31,True,0.1105678937538288,-0.12561125714701263,32.2576,0.15106450373228197,7.5944,-0.6236651716146921,-0.3107858747725239,-0.261076758387107,-58.6584,-0.009541110033315776,17.39,0.17855035208308967,-23.3967,-0.6772646728814579,123.576,-0.15762628165213122,0.7027027027027027,1.5117243962726283,0.0362793135599627,-0.026047895431480766,0.04664004340983715,-0.35211484914076074,-0.03560079492726891,0.717004082076152,,True,True,True,True,True,True,True,True,True,True,10,9.999643992050727
600887.SH,20240430,20231231,19.8205,19.7544,2.4941,2.4425,17.8884,4.7586,-0.1211,20.0921,19.3169,20.0921,19.36,8.0934,40193536834.65,3.2361,62.1948,2.6451,2.8731,0.1454,154.0461,1572643155.72,8.1778,10026171076.03,10.5765,16.78,1.64,8.4101,1.5117,32.5781,0,2023-12-31,2024-04-30,2023,2023-12-29,25.62840657791407,26.75,636609.8705,17029314.0359,16866126.8753,15.627077181654922,3.0473367234532374,0.046823043654775263,3431.1099,0.4853,1.2,0.0,10026171076.03,18290438189.3355,2403964294.840004,15886473894.495495,0.14810236073311867,32.5781,8.1778,0.28381778109017364,62.1948,19.36,22.525900000000004,154.0461,0.7317073170731707,0.046823043654775263,0.09328898310880139,21739550907.575,,0.36843147522544567,,30.179789016458763,0.17759131550796292,10,2023-12-31,True,0.14810236073311867,-0.14887944233461742,32.5781,0.18084221955035906,8.1778,-0.6265501513200827,-0.28381778109017364,-0.1640238314807963,-62.1948,-0.08716417908495241,19.36,0.7895768415340347,-22.525900000000004,-0.5696434865202967,154.0461,-0.16827259748986562,0.7317073170731707,1.5541816617713589,0.046823043654775263,0.6622517765465968,0.09328898310880139,-0.40742029362306625,0.09226350159533384,0.36843147522544567,,True,True,True,True,True,True,True,True,True,True,10,10.000922635015954
600887.SH,20250430,20241231,18.1875,18.1268,-8.2419,-8.2422,18.9863,4.608,-0.511,15.8413,11.2656,15.8413,11.24,6.2168,38227191868.35,2.9528,62.9141,2.6964,3.415,0.1884,213.5163,-2497595078.8,7.3347,6011274945.92,-18.9449,-40.04,1.33,8.3539,-2.8693,33.8793,1,2024-12-31,2025-04-30,2024,2024-12-31,30.179789016458763,30.18,636590.0705,19212288.3277,19117429.7327,22.691570689066737,3.61265864045042,0.04042440453558719,3934.9109,-1.604,1.22,0.0,6011274945.92,21739550907.575,0.0,21739550907.575,-0.08873146512126451,33.8793,7.3347,0.26658698648277485,62.9141,11.24,23.0833,213.5163,0.9172932330827067,0.04042440453558719,0.11315440689192255,,,,,,,11,2024-12-31,True,-0.08873146512126451,-0.3854019150865308,33.8793,0.1766723393712227,7.3347,-0.7404022960286937,-0.26658698648277485,-0.087939416091614,-62.9141,-0.0022454530542906116,11.24,-0.1755826182397972,-23.0833,-0.5179533407537629,213.5163,0.40227607008494604,0.9172932330827067,2.3647022545253735,0.04042440453558719,0.9940378857698764,0.11315440689192255,-0.08035206152863308,0.17707376808800876,,,False,True,True,True,True,True,True,True,True,True,9,9.00177073768088
600893.SH,20160422,20151231,12.049,12.049,-12.2714,-12.2714,0.8744,8.9551,4.118,7.0508,4.2034,7.0508,4.22,4.7818,15802910811.74,1.5556,61.7266,2.6128,1.5085,0.1252,277.1928,395964092.27,4.5821,616033232.81,10.342,2.89,0.53,7.7285,1.3262,17.8703,1,2015-12-31,2016-04-22,2015,2015-12-31,43.3628207428674,45.03,194871.875,8775080.5313,6147242.5089,81.81664291107056,5.610768032977602,0.003689796864202333,3731.0047,-0.9075,0.16,0.0,616033232.81,2939642234.375,1417615873.869999,1522026360.505001,0.10342000000000001,17.8703,4.5821,0.40159338131528793,61.7266,4.22,13.9475,277.1928,0.3018867924528302,0.003689796864202333,0.017344870569290575,-3240008368.005001,919569284.4150014,-3.1287465526746736,-0.15461586351958523,31.664920150726722,-0.2697679807664455,2,2015-12-31,True,0.10342000000000001,0.22967177261921118,17.8703,-0.566859902840986,4.5821,-0.8123689567231919,-0.40159338131528793,-0.4087036198404735,-61.7266,0.11482895031487247,4.22,-1.0282948879359346,-13.9475,0.302907489315341,277.1928,-0.05715652331496937,0.3018867924528302,-0.25614324850461984,0.003689796864202333,-1.128987457479599,0.017344870569290575,-0.6060110031730742,-0.3833743079603113,-3.1287465526746736,-0.15461586351958523,True,True,False,True,False,True,True,True,False,True,7,6.996166256920397
600893.SH,20170317,20161231,11.401,11.401,-5.3779,-5.3779,0.9863,10.0033,3.697,5.8078,4.7307,5.8078,4.74,3.9503,17118949157.87,1.3497,61.7369,2.6135,-0.9873,-0.0866,-194.7342,525586290.21,4.1229,725512585.14,-13.804,17.77,0.46,8.0114,-1.5733,19.5068,1,2016-12-31,2017-03-17,2016,2016-12-30,31.664920150726722,32.74,194871.875,6380105.1875,4477197.8648,68.83678293636244,3.9524827309492374,0.004358135101655478,3310.0808,0.3735,0.138,0.0,725512585.14,-1923970021.875,1316038346.130001,-3240008368.005001,-0.13804,19.5068,4.1229,0.419562841232348,61.7369,4.74,14.686599999999999,-194.7342,0.3,0.004358135101655478,-0.050782992956806966,448166423.03500116,3528522681.8100004,1.1383226128242856,0.6963491325777705,26.130979723667682,-0.17476565235968344,3,2016-12-31,True,-0.13804,0.045813741289969664,19.5068,-0.32881561384859237,4.1229,-0.7075646442455855,-0.419562841232348,-0.46937396008788984,-61.7369,0.1192089476072142,4.74,-0.445131940438216,-14.686599999999999,0.2400537515117236,-194.7342,-1.355602726233036,0.3,-0.11758478531540378,0.004358135101655478,-1.048974146571499,-0.050782992956806966,-0.569894087470164,-0.4216241330728618,1.1383226128242856,0.6963491325777705,False,True,False,True,False,True,False,True,False,False,4,3.9957837586692713
600893.SH,20180330,20171231,10.0251,10.0251,1.5201,1.5201,1.124,10.2674,3.2683,4.6372,2.5367,4.6372,2.87,3.663,17643390490.57,1.2977,42.2496,1.7316,0.4323,0.0431,81.7179,251097469.55,4.1469,525144564.01,7.7803,-27.62,0.47,11.464,0.3204,18.9734,1,2017-12-31,2018-03-30,2017,2017-12-29,26.130979723667682,26.91,224984.445,6054331.415,5241332.1461,55.597829199292946,2.279394602553008,0.004936669094085305,4030.8549,0.2975,0.129,0.0,525144564.01,972607755.735,524441332.69999886,448166423.03500116,-0.0427645267396517,18.9734,4.1469,0.39504429907426525,42.2496,2.87,14.6597,81.7179,0.274468085106383,0.004936669094085305,0.0074024098172861775,919569284.4150014,3013530415.2143974,1.0518477894609797,0.8874643366618824,21.208146420240446,-0.1883906901113419,4,2017-12-31,True,-0.0427645267396517,-0.7175650774904511,18.9734,-0.44917944398759285,4.1469,-0.7488749950125108,-0.39504429907426525,-0.38238780535039707,-42.2496,1.0569912095504808,2.87,-1.1703149135753463,-14.6597,0.12136677352984326,81.7179,-0.15157973409525907,0.274468085106383,-0.45196370386581713,0.004936669094085305,-1.0001528394595307,0.0074024098172861775,-0.13557935868856208,-0.3662945353131949,1.0518477894609797,0.8874643366618824,False,True,False,True,False,True,True,True,False,True,6,5.996337054646868
600893.SH,20190329,20181231,10.2683,10.2683,2.4253,2.4253,0.927,9.4747,1.8221,4.0746,2.7519,4.0746,2.75,3.2717,17933562566.92,1.2987,42.9213,1.752,0.5377,0.0524,97.7468,251332397.06,4.6903,718537932.25,10.8246,36.83,0.47,11.7471,-0.8427,17.6317,1,2018-12-31,2019-03-29,2018,2018-12-28,21.208146420240446,21.72,224984.445,4886662.1454,4230462.0666,45.12371578774563,1.8053942181679263,0.0066955403450288924,3010.6536,0.6737,0.142,0.0,718537932.25,1209741360.7649999,290172076.3499985,919569284.4150014,0.05264480821824158,17.6317,4.6903,0.38730161845134276,42.9213,2.75,12.2238,97.7468,0.3021276595744681,0.0066955403450288924,0.018817942739925795,3528522681.8100004,15377151880.864601,2.8371471748914776,1.557194818757838,21.292278246306598,0.003966957998076559,5,2018-12-31,True,0.05264480821824158,-0.4374259923646581,17.6317,-0.5356547552627828,4.6903,-0.808935442979974,-0.38730161845134276,-0.32178344545459836,-42.9213,0.8596109052176926,2.75,-1.1967590075604053,-12.2238,0.3374508063142309,97.7468,-0.12163567415644391,0.3021276595744681,-0.32468141139943335,0.0066955403450288924,-1.2106338538129802,0.018817942739925795,-0.018323207572674235,-0.3435246435483661,2.8371471748914776,1.557194818757838,True,True,False,True,False,True,True,True,True,True,8,7.996564753564516
600893.SH,20200418,20191231,11.2054,11.2054,9.1268,9.1268,1.2959,9.127,1.6689,3.9094,2.8348,3.9094,2.88,2.983,19499587657.69,1.347,42.0972,1.727,2.2644,0.2021,378.0286,537398958.01,4.3985,781249851.05,1.2687,8.73,0.48,12.752,1.6386,16.6868,1,2019-12-31,2020-04-18,2019,2019-12-31,21.292278246306598,21.68,224984.445,4877662.7676,4222671.1604,44.358913013138746,1.669720690582387,0.006763015133196398,4096.5821,0.3662,0.144,0.0,781249851.05,5094547772.580001,1566025090.7700005,3528522681.8100004,0.02497907436001201,16.6868,4.3985,0.39355215361961643,42.0972,2.88,12.091800000000001,378.0286,0.3,0.006763015133196398,0.07234043946720349,3013530415.2143974,-12298538444.0436,-0.14595124164865256,-1.4951546348697322,58.54773311800945,1.749716702023902,6,2019-12-31,True,0.02497907436001201,-0.4471179165432047,16.6868,-0.6557099343368449,4.3985,-0.8498148615821495,-0.39355215361961643,-0.5087684546387513,-42.0972,0.8189756076078,2.88,-1.1727012795945164,-12.091800000000001,0.3619068527038035,378.0286,1.3402849410834698,0.3,-0.11107230301260239,0.006763015133196398,-0.9980809003609811,0.07234043946720349,0.07594627122087393,-0.19510472522300937,-0.14595124164865256,-1.4951546348697322,True,True,False,True,False,True,True,True,True,True,8,7.99804895274777
600893.SH,20210331,20201231,10.7416,10.7416,13.5742,13.5742,1.0571,7.4147,1.0737,3.5375,2.6926,3.5375,2.83,2.5638,20094738721.88,1.4463,41.7258,1.716,1.3538,0.126,259.6142,342161274.9,4.0725,872259507.15,6.3652,11.65,0.49,13.543,-0.0654,14.9738,1,2020-12-31,2021-03-31,2020,2020-12-31,58.54773311800945,59.35,266559.4238,15820301.8025,12511806.7752,119.48516962859071,4.323099248173185,0.0022204104766613353,5211.2885,1.9082,0.13,0.0,872259507.15,3608681479.4044,595151064.1900024,3013530415.2143974,0.1842833198976317,14.9738,4.0725,0.3243815620494919,41.7258,2.83,9.5455,259.6142,0.2653061224489796,0.0022204104766613353,0.019048501430852505,15377151880.864601,-8093568781.6216,4.102703395071124,-1.228581062349068,62.74261618517855,0.07164894085162699,7,2020-12-31,True,0.1842833198976317,0.1672221648817186,14.9738,-0.4967897204970715,4.0725,-0.677495773311051,-0.3243815620494919,-0.30963798122835395,-41.7258,0.7603566034690301,2.83,-1.06527295486363,-9.5455,0.5608066133821801,259.6142,0.3532486267503631,0.2653061224489796,-0.34810641110560614,0.0022204104766613353,-0.9228410288943616,0.019048501430852505,-0.5207093805231681,-0.22720174926726822,4.102703395071124,-1.228581062349068,True,True,True,True,False,True,True,True,False,True,8,7.997727982507327
600893.SH,20220409,20211231,12.7935,12.7935,19.1026,19.1026,1.4195,6.9118,0.2154,3.2293,1.92,3.2293,1.92,1.8396,21422066252.29,1.6428,55.9426,2.2698,6.2667,0.4898,1278.6878,39133792.54,3.6102,706112697.3,3.633,-19.05,0.45,14.0501,2.9415,12.4937,0,2021-12-31,2022-04-09,2021,2021-12-31,62.74261618517855,63.46,266559.4238,16915861.0343,14780038.0239,139.42803596706344,4.465634848519124,0.0021516476074501106,4940.3733,0.3833,0.135,0.0,706112697.3,16704479411.274601,1327327530.4099998,15377151880.864601,-0.005797676608377156,12.4937,3.6102,0.25199986620816606,55.9426,1.92,8.546700000000001,1278.6878,0.3,0.0021516476074501106,0.09090374914811972,-12298538444.0436,-15566352921.114,-1.7997930006367409,-0.6707680122152495,41.94113284287338,-0.3315367545546981,8,2021-12-31,True,-0.005797676608377156,-0.40541968563103614,12.4937,-1.0020779612250272,3.6102,-0.9892551450910979,-0.25199986620816606,-0.0750307416812462,-55.9426,0.13715376582897143,1.92,-1.0910936591249374,-8.546700000000001,0.606950467622709,1278.6878,3.1182729733649475,0.3,-0.39072533199266285,0.0021516476074501106,-1.0231337463950183,0.09090374914811972,0.00460679548065273,-0.10088656989488598,-1.7997930006367409,-0.6707680122152495,False,True,True,True,False,True,True,True,False,True,7,6.998991134301051
600893.SH,20230331,20221231,13.917,13.917,8.7823,8.7823,1.2273,5.6271,-0.0483,3.3426,2.2098,3.3426,2.21,1.7733,22479260675.84,1.69,54.1098,2.1791,-4.2172,-0.303,-741.8577,198724788.53,3.6444,838127783.59,6.7498,18.7,0.48,14.4071,-2.4635,10.822,1,2022-12-31,2023-03-31,2022,2022-12-30,41.94113284287338,42.28,266559.4238,11270132.4383,10443074.7424,87.37736008931954,2.9111433142598706,0.0034572265976511012,3871.6338,0.3872,0.145,0.0,838127783.59,-11241344020.4936,1057194423.5499992,-12298538444.0436,0.023701712998262847,10.822,3.6444,0.2686174681020924,54.1098,2.21,6.8061,-741.8577,0.3020833333333333,0.0034572265976511012,-0.10912505697136889,-8093568781.6216,,0.34190807969206627,,37.214552305759916,-0.11269558585412898,9,2022-12-31,True,0.023701712998262847,-0.2834720046093752,10.822,-0.9792753496649355,3.6444,-0.8911691898910039,-0.2686174681020924,-0.08622422192188237,-54.1098,0.18865196375022247,2.21,-0.9357631217492974,-6.8061,0.6575136360495507,-741.8577,-2.967766368684254,0.3020833333333333,-0.40009937887379327,0.0034572265976511012,-1.0021486533122945,-0.10912505697136889,-0.7998065424407128,-0.6817781119407069,0.34190807969206627,,True,True,True,True,False,True,False,True,False,False,6,5.993182218880593
600893.SH,20240330,20231231,16.4068,16.4068,17.8901,17.8901,1.0846,4.8485,0.5667,3.6513,3.138,3.6513,3.14,2.0607,23833674104.95,1.8886,56.0545,2.2755,-2.5282,-0.1541,-400.005,372651871.26,3.4733,1221616797.2,12.1679,45.85,0.53,14.8016,-0.3486,11.0848,1,2023-12-31,2024-03-30,2023,2023-12-29,37.214552305759916,37.38,266559.4238,9963991.2616,9962236.3454,70.2161364259621,2.51422496931142,0.004299393384754917,3431.1099,0.4853,0.16,0.0,1221616797.2,-6739155352.5116,1354413429.1100006,-8093568781.6216,0.11882740249200929,11.0848,3.4733,0.26546755641068426,56.0545,3.14,6.4998,-400.005,0.3018867924528302,0.004299393384754917,-0.08122818024553294,-15566352921.114,,-0.9232990218679749,,33.80968957473533,-0.09149277688603541,10,2023-12-31,True,0.11882740249200929,-0.16863609003008107,11.0848,-0.933859353451457,3.4733,-0.947977616003616,-0.26546755641068426,-0.09508220203328366,-56.0545,0.1729437832709674,3.14,-1.2512170391073103,-6.4998,0.6644241171188333,-400.005,-1.8117491806360235,0.3018867924528302,-0.24054279618500574,0.004299393384754917,-1.3677056262565552,-0.08122818024553294,-0.9870383843781813,-0.6333127625174284,-0.9232990218679749,,True,True,True,True,False,True,False,True,False,False,6,5.993666872374826
600900.SH,20220430,20211231,2.4469,2.4469,-3.6985,-3.6985,0.2703,2.5144,8.5385,14.8779,13.6708,14.8779,13.71,11.2513,221718012872.02,0.2441,42.0848,1.7267,1.5712,0.6421,108.688,6039835268.09,47.5961,24141419619.03,-0.0947,-7.77,1.1553,7.9617,0.0308,62.0584,1,2021-12-31,2022-04-30,2021,2021-12-31,20.598413526198776,22.7,2274185.923,51624020.4521,51624020.4521,17.82949322790511,2.5871878526192615,0.03958071814428978,4940.3733,0.3833,0.8153,0.0,24141419619.03,35732009222.175995,0.0,35732009222.175995,0.03059541575211444,62.0584,47.5961,0.7091731958095574,42.0848,13.71,11.3232,108.688,0.7057041461092357,0.03958071814428978,0.06921585903083699,30913009251.339,59648621148.064804,-0.13486507128309558,0.1862630155316951,19.70367523948069,-0.043437242658522335,8,2021-12-31,True,0.03059541575211444,-0.3564324045259068,62.0584,1.4971144042459834,47.5961,2.229384923734421,-0.7091731958095574,-2.047553755930956,-42.0848,0.767046706071916,13.71,-0.15433645476797594,-11.3232,0.4241363952017482,108.688,-0.2311936252793456,0.7057041461092357,1.9226200308546244,0.03958071814428978,0.23321263691596045,0.06921585903083699,-0.0646009226285652,0.38358163035380954,-0.13486507128309558,0.1862630155316951,True,True,False,True,True,True,True,True,True,True,9,9.003835816303537
600900.SH,20230428,20221231,2.2892,2.2892,-6.4439,-6.4439,0.3173,2.7851,7.86,11.6267,11.6722,11.6267,11.73,9.2771,214323388557.91,0.2388,40.1854,1.6718,1.3593,0.5938,114.7634,2377507186.03,41.5849,21392344535.58,-18.8938,-11.39,0.937,8.1562,-0.0274,57.2941,1,2022-12-31,2023-04-28,2022,2022-12-30,19.70367523948069,21.0,2274185.923,47757904.383,47757904.383,21.028468772124537,2.4157910840196037,0.04330664150869802,3871.6338,0.3872,0.8533,0.0,21392344535.58,30913009251.339,0.0,30913009251.339,0.004117227823894343,57.2941,41.5849,0.6911485680011349,40.1854,11.73,10.9624,114.7634,0.9106723585912485,0.04330664150869802,0.06472857142857143,-170720881864.97,,-6.522622546285273,,22.729481514012022,0.15356557788104697,9,2022-12-31,True,0.004117227823894343,-0.31906262735116386,57.2941,1.4712866453835276,41.5849,1.6782576975551744,-0.6911485680011349,-1.8382618345878112,-40.1854,0.7953704346185115,11.73,-0.2369314833511205,-10.9624,0.323123132667518,114.7634,-0.18624157653951456,0.9106723585912485,2.5041909693757254,0.04330664150869802,0.18293881965808512,0.06472857142857143,-0.30012577252351963,0.3704131277186739,-6.522622546285273,,True,True,False,True,True,True,True,True,True,True,9,9.003704131277187
600900.SH,20240430,20231231,3.1924,3.1924,13.4302,13.4302,0.2463,2.7553,16.075,14.0836,14.2228,14.0836,13.52,9.9892,449762706281.7,0.2352,62.8811,2.694,2.645,0.8285,194.8169,6051820087.04,35.7903,27508231223.76,14.8068,28.59,1.1132,8.2282,-0.117,57.8263,1,2023-12-31,2024-04-30,2023,2023-12-29,22.729481514012022,23.34,2446821.7716,57108820.1491,54957053.2092,20.418147245788738,2.7623880695671015,0.03607649384762672,3431.1099,0.4853,0.82,0.0,27508231223.76,64718435858.82,235439317723.79,-170720881864.97,0.016689670184033334,57.8263,35.7903,0.8292370052622547,62.8811,13.52,19.0766,194.8169,0.7366151634926338,0.03607649384762672,-0.2989396058599198,59648621148.064804,,1.3493926489627863,,29.55,0.30007365024069466,10,2023-12-31,True,0.016689670184033334,-0.23756528121808487,57.8263,1.4902832200232718,35.7903,1.2600299036430516,-0.8292370052622547,-2.213158962150367,-62.8811,-0.11623638965526142,13.52,0.05479038882469714,-19.0766,-0.3040349239110246,194.8169,-0.047334555716939994,0.7366151634926338,1.5746744756328752,0.03607649384762672,0.149242234865886,-0.2989396058599198,-1.710116151772176,-0.009038731039461107,1.3493926489627863,,True,True,False,True,True,True,True,True,True,False,8,7.999909612689605
600900.SH,20250430,20241231,3.4531,3.4531,8.1239,8.1239,0.2227,2.9032,13.1745,15.7895,15.795,15.7895,15.71,8.7846,439593980664.63,0.19,60.7902,2.5504,2.4378,0.706,150.4551,4523270582.09,38.9744,32507551977.06,19.2756,18.17,1.3281,8.5943,-0.0533,59.1341,1,2024-12-31,2025-04-30,2024,2024-12-31,29.55,29.55,2446821.7716,72303583.3508,70941442.9664,22.249830585046308,3.4383254017197444,0.024805414551607445,3934.9109,-1.604,0.943,0.0,32507551977.06,59648621148.064804,0.0,59648621148.064804,0.10426630425962036,59.1341,38.9744,0.8196540548408249,60.7902,15.71,16.3004,150.4551,0.7100368948121376,0.024805414551607445,0.0824974619289112,,,,,,,11,2024-12-31,True,0.10426630425962036,0.37860582312489804,59.1341,1.3903107931282055,38.9744,1.247022627409695,-0.8196540548408249,-2.0439106685335324,-60.7902,0.08674779996562888,15.71,0.28302566186491607,-16.3004,-0.021703067502189345,150.4551,-0.03855677996692149,0.7100368948121376,1.3553919723189645,0.024805414551607445,-0.017846594676781017,0.0824974619289112,-0.22173132949446264,0.21794147614894738,,,True,True,False,True,True,True,True,True,True,True,9,9.002179414761489
601006.SH,20150429,20141231,3.6303,3.6303,5.1185,5.1185,0.3329,6.92,0.8874,17.6348,17.7172,17.6348,17.82,17.5376,66621442954.0,0.8074,21.006,1.2659,1.1646,0.3208,95.3497,3034317906.0,26.2903,14250986186.0,11.7653,11.54,0.95,5.6366,0.0574,37.4931,1,2014-12-31,2015-04-29,2014,2014-12-31,5.80368963221182,10.66,1486679.1491,15847999.7294,15847999.7294,6.1091469812756,1.0296436916247065,0.08270600780163863,3533.705,2.2025,0.48,0.0,14250986186.0,17313865370.418602,0.0,17313865370.418602,0.117653,37.4931,26.2903,0.6280296796210342,21.006,17.82,8.1403,95.3497,0.5052631578947369,0.08270600780163863,0.1092495309568894,6048731855.8536,14774225466.459702,-0.6506423189481368,-0.05150096056369957,4.858477928792448,-0.16286393024417234,1,2014-12-31,True,0.117653,-0.09010291480458978,37.4931,0.7100803478897247,26.2903,0.5211433376769224,-0.6280296796210342,-1.1679624680692429,-21.006,1.826254949708715,17.82,0.589669958661677,-8.1403,0.9176878777627099,95.3497,-0.4996094189928818,0.5052631578947369,1.0518240418730918,0.08270600780163863,1.7138542588404952,0.1092495309568894,-0.2624050517149109,0.4827668108028828,-0.6506423189481368,-0.05150096056369957,True,True,False,True,True,True,True,True,True,True,9,9.004827668108028
601006.SH,20160428,20151231,3.5335,3.5335,-2.6669,-2.6669,0.3996,1.1174,0.4172,14.6292,14.699,14.6292,14.35,14.8999,74690216298.0,0.7435,20.8978,1.2642,0.9496,0.2687,85.8952,1487340667.0,24.0902,12708055046.0,-10.8356,-10.83,0.85,5.994,-0.1097,29.6069,1,2015-12-31,2016-04-28,2015,2015-12-31,4.858477928792448,8.62,1486679.1491,12815174.2652,12815174.2652,5.715856386814645,0.8105568783437518,0.092621600138018,3731.0047,-0.9075,0.45,0.0,12708055046.0,14117505199.8536,8068773344.0,6048731855.8536,-0.108356,29.6069,24.0902,0.6630006315578507,20.8978,14.35,1.9342,85.8952,0.5294117647058824,0.092621600138018,0.04719976280212683,6275272688.3511,9385474047.971199,0.037452616167514156,0.15770335958999415,4.2816654263444445,-0.11872288212521886,2,2015-12-31,True,-0.108356,-0.1818554967807986,29.6069,0.3935966543041777,24.0902,0.5008273043504295,-0.6630006315578507,-1.2091714216367349,-20.8978,1.8638002523378778,14.35,0.42840407340426734,-1.9342,1.4200451581550402,85.8952,-0.6357692328815158,0.5294117647058824,1.2345331778976152,0.092621600138018,2.480257678882755,0.04719976280212683,-0.5160076773875922,0.5253327700586837,0.037452616167514156,0.15770335958999415,False,True,False,True,True,True,True,True,True,True,8,8.005253327700586
601006.SH,20170427,20161231,3.0016,3.0016,-15.051,-15.051,0.4314,1.169,1.1988,8.0122,8.1163,8.0122,7.75,7.7268,73071220216.0,0.604,25.8406,1.3484,0.4221,0.1406,70.4045,2066329189.0,15.8601,7261664950.0,-43.322,-42.86,0.48,6.0422,0.2287,17.1941,1,2016-12-31,2017-04-27,2016,2016-12-30,4.2816654263444445,7.08,1486679.1491,10525688.3756,10525688.3756,8.92013630488426,0.7086268952276397,0.05838849492110886,3310.0808,0.3735,0.25,0.0,7261664950.0,6275272688.3511,0.0,6275272688.3511,-0.43322000000000005,17.1941,15.8601,0.6032749174063904,25.8406,7.75,2.7992,70.4045,0.5208333333333334,0.05838849492110886,0.059618644067955195,14774225466.459702,15022892801.655499,1.3543559300435435,0.3377459820415316,5.65564999412479,0.32089956383009866,3,2016-12-31,True,-0.43322000000000005,0.0031726274415297623,17.1941,-0.5323598970565447,15.8601,0.09037105809592573,-0.6032749174063904,-1.040851943261099,-25.8406,1.7232218662593588,7.75,-0.10661812308418497,-2.7992,1.264332264867776,70.4045,-0.3613953068930523,0.5208333333333334,0.9577775136589953,0.05838849492110886,1.1756290790595891,0.059618644067955195,-0.25831285838659435,0.2649969346092454,1.3543559300435435,0.3377459820415316,False,True,False,True,False,True,True,True,True,True,7,7.002649969346092
601006.SH,20180428,20171231,3.7423,3.7423,24.676,24.676,0.3463,1.0023,1.326,14.1093,14.1715,14.1093,13.5,13.8747,75790748297.0,0.7475,20.9698,1.2653,1.1767,0.3144,102.984,2126985511.0,23.5428,13408300611.0,86.225,84.64,0.9,6.6862,-0.0362,27.8433,1,2017-12-31,2018-04-28,2017,2017-12-29,5.65564999412479,9.07,1486679.1491,13484179.8823,13484179.8823,6.284055549027544,0.8458691026479599,0.0831027380563235,4030.8549,0.2975,0.47,0.0,13408300611.0,17493753547.4597,2719528081.0,14774225466.459702,-0.02011237493986262,27.8433,23.5428,0.6025957623884809,20.9698,13.5,2.6746,102.984,0.5222222222222221,0.0831027380563235,0.10956710452856742,9385474047.971199,,-0.364740028553239,,5.418757588813599,-0.041885973417251754,4,2017-12-31,True,-0.02011237493986262,-0.6350015219962105,27.8433,0.24645011647430112,23.5428,0.573224765997974,-0.6025957623884809,-1.0619867031132812,-20.9698,2.035944839539578,13.5,0.24444111980612734,-2.6746,1.2636562894856478,102.984,-0.10798020996806706,0.5222222222222221,0.402484150703857,0.0831027380563235,1.968640362120305,0.10956710452856742,0.29753873225004895,0.4752192673909347,-0.364740028553239,,False,True,False,True,True,True,True,True,True,True,8,8.004752192673909
601006.SH,20190425,20181231,5.2698,5.2698,35.4529,35.4529,0.2557,0.8503,0.3525,14.1276,14.2453,14.1276,14.0,15.24,84292997771.0,0.9788,21.5728,1.2751,1.2032,0.2283,83.9374,2508610102.0,20.6097,14665321874.0,8.9863,10.84,0.98,7.1633,0.4501,24.8164,1,2018-12-31,2019-04-25,2018,2018-12-28,5.418757588813599,8.23,1486679.1491,12235369.3971,12235369.3971,5.529344478381224,0.7564610708491337,0.088581190823318,3010.6536,0.6737,0.48,0.0,14665321874.0,17887723521.9712,8502249474.0,9385474047.971199,0.04890825651211039,24.8164,20.6097,0.620750192931019,21.5728,14.0,1.4585,83.9374,0.4897959183673469,0.088581190823318,0.07670772939798387,15022892801.655499,,0.6006535977693003,,5.491183267400415,0.013365735115431265,5,2018-12-31,True,0.04890825651211039,-0.44492185852471,24.8164,-0.05900692417857035,20.6097,0.3384186218621037,-0.620750192931019,-1.0561005583486407,-21.5728,1.760731519405736,14.0,0.14508597860376402,-1.4585,1.2213936891899946,83.9374,-0.17360152813204044,0.4897959183673469,0.9696302540785111,0.088581190823318,1.6226479929159356,0.07670772939798387,0.11703760856123495,0.40375589049393806,0.6006535977693003,,True,True,False,True,True,True,True,True,True,True,9,9.004037558904939
601088.SH,20150321,20141231,12.4867,12.4867,-12.4867,-12.4867,0.3197,7.2214,1.3931,13.0486,12.9721,13.0486,12.9,12.1163,338833000000.0,0.758,33.2276,1.4976,3.39,0.2718,114.4274,7119000000.0,18.6717,36591000000.0,-19.4207,-18.5,1.851,14.6701,-0.1195,34.2756,1,2014-12-31,2015-03-21,2014,2014-12-31,10.291021247429745,20.29,1988962.0455,40356039.9032,33460316.0107,5.559708939724335,0.7014963256848791,0.07190734351897488,3533.705,2.2025,0.74,0.0,36591000000.0,67425813342.450005,0.0,67425813342.450005,-0.194207,34.2756,18.6717,0.7754080396914033,33.2276,12.9,8.9342,114.4274,0.3997839005942734,0.07190734351897488,0.16707737801870776,41762041069.45,95072385774.90001,-0.380622361092715,0.12135399027146465,7.822086037979277,-0.2399115840973608,1,2014-12-31,True,-0.194207,-0.9063437708752634,34.2756,0.41326020604148117,18.6717,-0.0008978003653483932,-0.7754080396914033,-1.644118590318442,-33.2276,1.2956521801787666,12.9,-0.14328257187374485,-8.9342,0.8498958754773107,114.4274,-0.39652701046484745,0.3997839005942734,0.41431475371820553,0.07190734351897488,1.3381029918448628,0.16707737801870776,-0.07397868926953968,0.104188870372131,-0.380622361092715,0.12135399027146465,False,True,False,True,True,True,True,True,True,True,8,8.001041888703721
601088.SH,20160325,20151231,8.9024,8.9024,-30.0347,-30.0347,0.3298,10.3536,2.6368,5.5233,5.1692,5.5233,5.19,6.8293,352563000000.0,0.5122,35.3466,1.5467,2.79,0.3129,172.6689,-1286000000.0,13.1384,15109000000.0,-56.8561,-58.7,0.812,14.7205,0.3198,37.6362,1,2015-12-31,2016-03-25,2015,2015-12-31,7.822086037979277,14.97,1988962.0455,29774761.8211,24687083.8186,9.633110884210932,0.5313736651594224,0.04090980314538542,3731.0047,-0.9075,0.32,0.0,15109000000.0,55492041069.45,13730000000.0,41762041069.45,-0.568561,37.6362,13.1384,0.7785411819772461,35.3466,5.19,13.3202,172.6689,0.3940886699507389,0.04090980314538542,0.14025986612546187,81945236274.6,88309914820.20001,0.9621942361084704,0.28353953428042433,8.650034270047977,0.10584749746406374,2,2015-12-31,True,-0.568561,-1.0761348627818161,37.6362,1.0506688757555065,13.1384,-0.23639788990355146,-0.7785411819772461,-1.5629737370917356,-35.3466,1.2448612546531552,5.19,-0.8888084128618974,-13.3202,0.3612412077493386,172.6689,-0.37330715454851715,0.3940886699507389,0.34793622415781633,0.04090980314538542,0.38156469260020404,0.14025986612546187,-0.23546006288879953,-0.08970998774184515,0.9621942361084704,0.28353953428042433,False,True,False,True,False,True,True,True,True,True,7,6.9991029001225815
601088.SH,20170318,20161231,9.207,9.207,3.4213,3.4213,0.3331,9.7921,2.7626,7.5063,7.7251,7.5063,7.51,7.6876,351709000000.0,0.52,33.5442,1.5048,4.12,0.4471,208.1842,5886000000.0,16.1287,23374000000.0,40.6838,54.7,1.142,15.7042,-0.0571,39.5125,1,2016-12-31,2017-03-18,2016,2016-12-30,8.650034270047977,16.18,1988962.0455,32181405.8962,26682499.4112,7.574460831915917,0.5508102463065917,0.053178980064023336,3310.0808,0.3735,0.46,0.0,23374000000.0,81945236274.6,0.0,81945236274.6,0.406838,39.5125,16.1287,0.7482769819363448,33.5442,7.51,12.887799999999999,208.1842,0.4028021015761822,0.053178980064023336,0.2546353522866947,95072385774.90001,63050096842.35,0.16019417475728157,-0.08366554782825031,14.292666209732696,0.6523248074545978,3,2016-12-31,True,0.406838,0.12452573001383385,39.5125,1.4319168056495415,16.1287,0.10863142084419017,-0.7482769819363448,-1.4919136759423304,-33.5442,1.3789893431266498,7.51,-0.1336092580227124,-12.887799999999999,0.39504745827896176,208.1842,0.15524598302213988,0.4028021015761822,0.38301674354661713,0.053178980064023336,0.9611366419599395,0.2546353522866947,0.29207341555061167,0.3277327825479493,0.16019417475728157,-0.08366554782825031,True,True,False,True,False,True,True,True,True,True,8,8.00327732782548
601088.SH,20180324,20171231,12.5061,12.5061,35.8325,35.8325,0.246,7.7967,1.3898,14.6738,14.6956,14.6738,14.67,13.0462,348272000000.0,0.7107,33.9427,1.5138,4.78,0.3825,133.8246,10076000000.0,21.729,45104000000.0,98.2961,93.0,2.264,15.1577,1.5427,42.1731,1,2017-12-31,2018-03-24,2017,2017-12-29,14.292666209732696,23.17,1988962.0455,46084250.5942,38209734.9417,6.313015110305962,0.9429310653814692,0.06366901644847263,4030.8549,0.2975,3.42,0.0,45104000000.0,95072385774.90001,0.0,95072385774.90001,0.0722110039051953,42.1731,21.729,0.7631154669114626,33.9427,14.67,9.4325,133.8246,1.510600706713781,0.06366901644847263,0.20630125161862886,88309914820.20001,81348547660.95,-0.07112970711297067,-0.05063808848478324,11.62190057654316,-0.18686266047204392,4,2017-12-31,True,0.0722110039051953,-0.29849722518319394,42.1731,1.370277045245409,21.729,0.4495891241086665,-0.7631154669114626,-1.587586535179464,-33.9427,1.4391409435214968,14.67,0.40015744709270534,-9.4325,0.6195666849034808,133.8246,-0.04475115133498066,1.510600706713781,3.1674643360273995,0.06366901644847263,1.2305362031577383,0.20630125161862886,0.7076345019738712,0.6775937613030117,-0.07112970711297067,-0.05063808848478324,True,True,False,True,True,True,True,True,True,True,9,9.00677593761303
601088.SH,20190323,20181231,13.2781,13.2781,6.173,6.173,0.2745,7.6989,1.5471,13.9426,14.6412,13.9426,13.94,12.714,273812000000.0,0.8491,31.1268,1.4519,4.44,0.3341,120.6464,10340000000.0,20.4622,46065000000.0,-2.5979,2.1,2.205,16.4788,-0.4763,41.1203,1,2018-12-31,2019-03-23,2018,2018-12-28,11.62190057654316,17.96,1988962.0455,35721758.3372,29617904.1672,5.2707032093166255,0.70526376778304,0.07571911273928217,3010.6536,0.6737,0.88,0.0,46065000000.0,88309914820.20001,0.0,88309914820.20001,0.450034887664142,41.1203,20.4622,0.5753918334544668,31.1268,13.94,9.5205,120.6464,0.3990929705215419,0.07571911273928217,0.2472160356346055,63050096842.35,89235154985.8,-0.28603603603603617,0.0034802718673916377,12.339333951538121,0.06173115750473546,5,2018-12-31,True,0.450034887664142,0.35977503230497576,41.1203,1.0226274618380884,20.4622,0.3277878993119946,-0.5753918334544668,-0.9134249405999804,-31.1268,1.3574569873331048,13.94,0.1379294720108884,-9.5205,0.5594197988437519,120.6464,-0.035462685489335205,0.3990929705215419,0.34406957458379767,0.07571911273928217,1.177614068976226,0.2472160356346055,0.5157287218335783,0.4412292173588263,-0.28603603603603617,0.0034802718673916377,True,True,False,True,True,True,True,True,True,True,9,9.004412292173589
601088.SH,20200328,20191231,12.1604,12.1604,-8.4172,-8.4172,0.2646,8.0287,1.0398,12.7264,12.0993,12.7264,12.1,12.0088,260607000000.0,0.9052,25.5809,1.3437,3.17,0.2609,94.7125,5750000000.0,21.3089,41119000000.0,-1.4065,-10.7,2.174,17.6937,-1.0073,40.7147,1,2019-12-31,2020-03-28,2019,2019-12-31,12.339333951538121,18.25,1988962.0455,36298557.3304,30096144.2679,5.675866583044214,0.6973857334270459,0.10211248070184037,4096.5821,0.3662,1.26,0.0,41119000000.0,63050096842.35,0.0,63050096842.35,0.20717389372097816,40.7147,21.3089,0.5511103972136743,25.5809,12.1,9.3331,94.7125,0.5795768169273229,0.10211248070184037,0.17369863013686668,81348547660.95,103459230151.59999,0.2902208201892744,0.1794906291281153,13.19871668749748,0.06964579606440058,6,2019-12-31,True,0.20717389372097816,-0.13224913363407179,40.7147,0.8346801864495115,21.3089,0.3614429908813238,-0.5511103972136743,-1.1157496537947043,-25.5809,1.5053057039871767,12.1,-0.06804837607746558,-9.3331,0.5841549874811186,94.7125,-0.10996424073828022,0.5795768169273229,1.6247324293936896,0.10211248070184037,2.765262442739944,0.17369863013686668,0.49879627483570776,0.6134876010476318,0.2902208201892744,0.1794906291281153,True,True,False,True,True,True,True,True,True,True,9,9.006134876010476
601088.SH,20210327,20201231,11.7277,11.7277,-3.5589,-3.5589,0.2379,8.3314,0.5093,11.001,10.7187,11.001,10.72,11.4328,258888000000.0,0.898,23.8728,1.3136,4.09,0.3485,128.0343,6231000000.0,20.2625,38165000000.0,-9.4335,-7.2,1.97,18.109,3.576,40.4007,1,2020-12-31,2021-03-27,2020,2020-12-31,13.19871668749748,18.01,1988962.0455,35821206.4395,29700359.357,6.699856186546945,0.7288484558781534,0.13713454442995412,5211.2885,1.9082,1.81,0.0,38165000000.0,81348547660.95,0.0,81348547660.95,-0.05416204832133509,40.4007,20.2625,0.5471769775685991,23.8728,10.72,9.0786,128.0343,0.918781725888325,0.13713454442995412,0.22709605774541158,89235154985.8,82642024997.05,0.09694834820801404,0.005272299180498541,18.150014111196224,0.3751347605172004,7,2020-12-31,True,-0.05416204832133509,-0.3656799307862612,40.4007,0.6541498674292547,20.2625,0.48244205547090646,-0.5471769775685991,-1.2073565174295298,-23.8728,1.509504551858887,10.72,-0.07239907608214188,-9.0786,0.5925753499129564,128.0343,-0.3623779368573341,0.918781725888325,2.3491135827099185,0.13713454442995412,3.254960249693897,0.22709605774541158,0.40513487428185285,0.6581879154729461,0.09694834820801404,0.005272299180498541,False,True,False,True,True,True,True,True,True,True,8,8.00658187915473
601088.SH,20220326,20211231,16.8717,16.8717,43.7073,43.7073,0.1733,3.4658,0.0263,13.6403,13.5771,13.6403,13.58,13.2946,264227000000.0,1.2816,26.5836,1.3621,4.76,0.2821,120.875,9667000000.0,17.7077,50036000000.0,28.3355,31.1,2.53,18.9684,2.2058,33.0426,0,2021-12-31,2022-03-26,2021,2021-12-31,18.150014111196224,22.52,1986851.9955,44743906.9387,37137817.4747,7.173918621026176,0.956855302038982,0.13994479477749533,4940.3733,0.3833,2.54,0.0,50036000000.0,94574154985.8,5339000000.0,89235154985.8,0.027946477782707868,33.0426,17.7077,0.5147211154645485,26.5836,13.58,3.6654,120.875,1.0039525691699607,0.13994479477749533,0.1994353222396378,103459230151.59999,86065043788.5,0.15939990430972487,-0.011984850196068209,24.08996734266016,0.3272698960492679,8,2021-12-31,True,0.027946477782707868,-0.3599980336198016,33.0426,0.034055698392144854,17.7077,0.042320390939033385,-0.5147211154645485,-1.208569548379544,-26.5836,1.4716388090964894,13.58,-0.16466541461245482,-3.6654,0.9283516315731635,120.875,-0.19630477364221027,1.0039525691699607,3.1285787634286706,0.13994479477749533,3.1239270133830574,0.1994353222396378,0.3509393559947894,0.6500248993230308,0.15939990430972487,-0.011984850196068209,True,True,False,True,True,True,True,True,True,True,9,9.00650024899323
601088.SH,20230325,20221231,17.3406,17.3406,2.6496,2.6496,0.119,3.9625,0.2545,18.0676,18.2521,18.0676,18.07,15.6953,270442000000.0,1.2888,26.1309,1.3537,5.52,0.3185,111.816,11930000000.0,23.7002,70337000000.0,39.0184,41.1,3.504,19.823,-1.2708,39.0308,1,2022-12-31,2023-03-25,2022,2022-12-30,24.08996734266016,27.62,1986851.9955,54876852.1157,45548246.8317,6.874990679982922,1.2152533593633739,0.1058531945572332,3871.6338,0.3872,2.55,0.0,70337000000.0,109674230151.59999,6215000000.0,103459230151.59999,0.1959520444631384,39.0308,23.7002,0.5072438757701168,26.1309,18.07,4.336,111.816,0.7277397260273972,0.1058531945572332,0.18852981933706947,82642024997.05,,-0.2012116765613498,,29.77889771398621,0.23615351114452143,9,2022-12-31,True,0.1959520444631384,0.02955621695132311,39.0308,0.5082281891448683,23.7002,0.46706045308268024,-0.5072438757701168,-1.0756956281914485,-26.1309,1.4077576648631445,18.07,0.22846689768295944,-4.336,0.8562427899614335,111.816,-0.1958120461116129,0.7277397260273972,1.6312053303233078,0.1058531945572332,2.0430197433242485,0.18852981933706947,0.05569713115105701,0.5414297038347237,-0.2012116765613498,,True,True,False,True,True,True,True,True,True,True,9,9.005414297038348
601088.SH,20240323,20231231,17.2672,17.2672,-0.4235,-0.4235,0.1239,3.7365,0.146,14.8762,15.6671,14.8762,14.88,13.9664,277407000000.0,1.2524,24.084,1.3172,4.51,0.2614,98.1613,15057000000.0,20.2866,62868000000.0,-14.2919,-10.6,3.004,20.5698,-1.1719,35.8966,1,2023-12-31,2024-03-23,2023,2023-12-29,29.77889771398621,31.35,1986851.9955,62287810.0589,51699403.9889,9.913081795601268,1.4476999151176098,0.07589266808014015,3431.1099,0.4853,2.26,0.0,62868000000.0,89607024997.05,6965000000.0,82642024997.05,0.18101331125119158,35.8966,20.2866,0.5153118241635635,24.084,14.88,4.0064,98.1613,0.7523302263648468,0.07589266808014015,0.13267768592105397,86065043788.5,,0.04141983199918184,,43.48,0.46009433987809456,10,2023-12-31,True,0.18101331125119158,-0.1266689903382984,35.8966,0.35294874437467766,20.2866,0.20076431022949084,-0.5153118241635635,-1.033744873900004,-24.084,1.5272394382878116,14.88,0.22590504219536495,-4.0064,0.8564249259814891,98.1613,-0.33404315575390736,0.7523302263648468,1.6402930444994863,0.07589266808014015,2.049952477786245,0.13267768592105397,-0.2765998958894387,0.4620428243157198,0.04141983199918184,,True,True,False,True,True,True,True,True,True,True,9,9.004620428243157
601088.SH,20250322,20241231,17.0307,17.0307,-1.3697,-1.3697,0.1451,3.8617,0.0381,14.0435,14.3916,14.0435,14.04,13.3121,284724000000.0,1.2039,23.4195,1.3058,4.7,0.2759,105.6427,14091000000.0,20.3517,60125000000.0,-1.7137,-4.4,2.953,21.4845,-2.1693,34.04,1,2024-12-31,2025-03-22,2024,2024-12-31,43.48,43.48,1986851.9955,86388324.7643,71703033.0283,14.724009481882831,2.0237845888896646,0.05197792088316467,3934.9109,-1.604,2.26,0.0,60125000000.0,93382043788.5,7317000000.0,86065043788.5,0.06314092203540644,34.04,20.3517,0.5108067695562263,23.4195,14.04,4.0449,105.6427,0.7653233999322723,0.05197792088316467,0.09962578163579161,,,,,,,11,2024-12-31,True,0.06314092203540644,0.21580544280447073,34.04,0.1843948990239915,20.3517,0.0772511655527216,-0.5108067695562263,-0.9516445656088925,-23.4195,1.652612558490751,14.04,0.11168878764234967,-4.0449,0.8749333599602026,105.6427,-0.35182037167885044,0.7653233999322723,1.6246297604157596,0.05197792088316467,1.742538518569537,0.09962578163579161,-0.14274142020750746,0.45796801226950296,,,True,True,False,True,True,True,True,True,True,True,9,9.004579680122696
601111.SH,20200401,20191231,9.3757,9.3757,-0.4341,-0.4341,4.8738,3.6251,4.53,6.8643,6.6129,6.8643,6.83,5.164,124317578000.0,0.859,65.5479,2.9026,2.6396,0.2815,417.725,-382919000.0,5.3253,6173872000.0,-12.646,-6.74,0.47,6.4377,0.1495,16.8415,1,2019-12-31,2020-04-01,2019,2019-12-31,9.635856469355684,9.69,1452481.5185,14074545.9143,9155744.7599,20.50182227522486,1.4967855708336335,0.004609865261200825,4096.5821,0.3662,0.04442,0.0,6173872000.0,38339702162.326004,0.0,38339702162.326004,0.00012059091283744827,16.8415,5.3253,0.4580406264293414,65.5479,6.83,13.0289,417.725,0.09451063829787235,0.004609865261200825,0.2724045407629965,-270238408.5734999,,-1.0070485265490416,,6.474193294918806,-0.32811439071261783,6,2019-12-31,True,0.00012059091283744827,-0.4900783061713611,16.8415,-0.6461142829613337,5.3253,-0.7834300464587256,-0.4580406264293414,-0.757205411442065,-65.5479,-0.1555114864243892,6.83,-0.6994497645302701,-13.0289,0.2864116096183569,417.725,1.5434843767006796,0.09451063829787235,-1.386891272632048,0.004609865261200825,-1.0830634662217158,0.2724045407629965,0.9105813944131897,-0.296478786919062,-1.0070485265490416,,True,True,False,True,False,True,True,True,False,True,7,6.997035212130809
601166.SH,20150428,20141231,6.5556,6.5556,14.2844,14.2844,,23.58,,20.5976,20.3888,20.5976,21.0,,14169000000.0,10.0215,94.0746,16.8765,35.8,5.4609,1133.1783,8677000000.0,38.0551,46660000000.0,14.3821,13.81,2.47,12.8583,12.0726,,1,2014-12-31,2015-04-28,2014,2014-12-31,10.465096922166321,16.5,1905233.6751,31436355.6392,26696367.5567,4.236881345006608,0.8138787337491209,0.0544667674116493,3533.705,2.2025,0.57,0.0,46660000000.0,682073655685.7999,0.0,682073655685.7999,0.143821,,38.0551,0.003427086082540082,94.0746,21.0,23.58,1133.1783,0.23076923076923073,0.0544667674116493,2.1696969696935184,815018910190.47,-162688913580.33,0.19491334021836468,-0.4128403446480924,11.142355356614383,0.06471592566080764,1,2014-12-31,True,0.143821,-0.021612596323035894,,0.14556856762403272,38.0551,1.3272900812833217,-0.003427086082540082,0.8500295135492099,-94.0746,-1.346030309641614,21.0,1.063407569861401,-23.58,-0.40072524440113455,1133.1783,3.4964524298413364,0.23076923076923073,-0.6071981446990515,0.0544667674116493,0.731239179995273,2.1696969696935184,3.888012450060201,0.8296757724681765,0.19491334021836468,-0.4128403446480924,True,True,True,False,True,True,True,True,True,True,9,9.008296757724683
601166.SH,20160428,20151231,8.1014,8.1014,23.5792,23.5792,,21.2824,,17.5677,17.3179,17.5677,18.63,,17829000000.0,9.6474,94.0105,16.6959,42.97,5.3042,1303.4437,8704000000.0,32.8155,49493000000.0,6.5107,6.07,2.63,15.103,-2.3502,,1,2015-12-31,2016-04-28,2015,2015-12-31,11.142355356614383,17.07,1905233.6751,32522338.834,27618605.7086,4.2366370177241,0.7377577538644231,0.05474605507334575,3731.0047,-0.9075,0.61,0.0,49493000000.0,818678910190.47,3660000000.0,815018910190.47,0.065107,,32.8155,0.00371112581961385,94.0105,18.63,21.2824,1303.4437,0.23193916349809887,0.05474605507334575,2.5060279777247154,198955909765.66,-359601629472.14,-0.7558879833608229,-0.4804062519187851,10.950266350991418,-0.017239533247244365,2,2015-12-31,True,0.065107,0.1552212009183453,,0.003852571770943522,32.8155,1.0881746798890863,-0.00371112581961385,0.8096709054828615,-94.0105,-1.268106982589854,18.63,1.043870169607235,-21.2824,-0.37917762361551977,1303.4437,3.0469169932587197,0.23193916349809887,-0.7144194567512494,0.05474605507334575,0.9431008713136577,2.5060279777247154,3.9937208694632638,0.7929840180679535,-0.7558879833608229,-0.4804062519187851,True,True,True,False,True,True,True,True,True,True,9,9.00792984018068
601166.SH,20170429,20161231,8.2438,8.2438,1.7571,1.7571,,23.1765,,16.2253,15.7881,16.2253,16.8,,21971000000.0,7.8925,94.1765,17.1718,10.66,1.2926,320.307,9178000000.0,34.59,52399000000.0,7.256,5.87,2.77,17.0178,6.3359,,1,2016-12-31,2017-04-29,2016,2016-12-30,10.950266350991418,16.14,1905233.6751,30750471.5161,30750471.5161,3.9531647476503315,0.6434595747388862,0.05570640753818482,3310.0808,0.3735,0.61,0.0,52399000000.0,203097909765.66,4142000000.0,198955909765.66,0.07256,,34.59,0.0039462294929635865,94.1765,16.8,23.1765,320.307,0.22021660649819494,0.05570640753818482,0.6470011676454873,-162688913580.33,-590691340160.8099,-1.8177134007828817,-1.3229853301946062,11.966913287955016,0.09284221080810084,3,2016-12-31,True,0.07256,0.07623659709483938,,-0.09756969915376158,34.59,1.3636948415610006,-0.0039462294929635865,0.8234955561495296,-94.1765,-1.3303426071744238,16.8,0.9111725902227856,-23.1765,-0.49147897646424693,320.307,0.5756799658287733,0.22021660649819494,-0.5060952160599179,0.05570640753818482,1.0651989382384832,0.6470011676454873,1.399428580695935,0.3444927791762724,-1.8177134007828817,-1.3229853301946062,True,True,True,False,True,True,True,True,True,True,9,9.003444927791763
601166.SH,20180425,20171231,6.738,6.738,-10.8933,-10.8933,,27.2406,,14.9148,14.2014,14.9148,14.59,,21998000000.0,6.367,93.4118,15.1787,-7.83,-1.1619,-250.9404,8494000000.0,41.2467,54464000000.0,6.221,3.94,2.74,18.8211,1.7935,,1,2017-12-31,2018-04-25,2017,2017-12-29,11.966913287955016,16.99,2077419.0751,35295350.0859,32369920.1399,4.367486601443436,0.6358243295001363,0.054316429338068364,4030.8549,0.2975,0.65,0.0,54464000000.0,-162661913580.33,27000000.0,-162688913580.33,0.052902765872221424,,41.2467,0.00370663227559641,93.4118,14.59,27.2406,-250.9404,0.23722627737226276,0.054316429338068364,-0.4609358263464907,-359601629472.14,-34522414739.149994,-1.2103634572160415,0.26260035389134645,10.970664397750815,-0.08325028068908547,4,2017-12-31,True,0.052902765872221424,-0.3688727372502766,,-0.25585184959592944,41.2467,1.7799912454577318,-0.00370663227559641,0.8989938951816008,-93.4118,-1.296669135388296,14.59,0.389510176850888,-27.2406,-1.0777079251617303,-250.9404,-0.8335921189218461,0.23722627737226276,-0.5804022562514716,0.054316429338068364,0.8753194524731797,-0.4609358263464907,-2.1210574471226944,-0.23548533633898583,-1.2103634572160415,0.26260035389134645,True,True,True,False,True,True,False,True,True,False,7,6.99764514663661
601166.SH,20190430,20181231,7.6195,7.6195,13.0823,13.0823,,26.5745,,13.7328,12.6955,13.7328,13.17,,25530000000.0,6.6608,92.9588,14.2021,-17.14,-2.2497,-524.3381,8501000000.0,38.6924,56041000000.0,5.979,2.9,2.85,21.1826,3.7959,,1,2018-12-31,2019-04-30,2018,2018-12-28,10.970664397750815,14.94,2077419.0751,31036640.982,28464191.106,3.8493559290353736,0.5179092461619826,0.06289500571555744,3010.6536,0.6737,0.69,0.0,56041000000.0,-356069629472.14,3532000000.0,-359601629472.14,0.042287107170520644,,38.6924,0.004085026405553401,92.9588,13.17,26.5745,-524.3381,0.2421052631578947,0.06289500571555744,-1.158635786909719,-590691340160.8099,-390209818488.76,-0.6426269842767036,-0.028372312125457478,15.103432968333827,0.3767108737215865,5,2018-12-31,True,0.042287107170520644,-0.4582044926734183,,-0.22433466610981484,38.6924,1.6416875483492726,-0.004085026405553401,0.8836319318350867,-92.9588,-1.2524729757310495,13.17,0.046087637402318624,-26.5745,-0.8408906360315674,-524.3381,-2.462589884609004,0.2421052631578947,-0.7386442646363941,0.06289500571555744,0.7338939615019424,-1.158635786909719,-2.7715048481739677,-0.494849153534236,-0.6426269842767036,-0.028372312125457478,True,True,True,False,True,True,False,True,True,False,7,6.995051508464658
601166.SH,20200429,20191231,8.7276,8.7276,14.5438,14.5438,,25.6784,,13.078,12.9966,13.078,13.93,,28104000000.0,6.7609,92.3079,13.0004,-28.31,-3.2431,-791.7607,10752000000.0,36.7893,65458000000.0,8.6572,9.01,3.1,23.3714,8.7876,,1,2019-12-31,2020-04-29,2019,2019-12-31,15.103432968333827,19.8,2077419.0751,41132897.687,37723626.767,4.872075151075428,0.6462356969772383,0.05045210592834259,4096.5821,0.3662,0.762,0.0,65458000000.0,-588117340160.8099,2574000000.0,-590691340160.8099,0.0769939020068704,,36.7893,0.004452486161491107,92.3079,13.93,25.6784,-791.7607,0.2458064516129032,0.05045210592834259,-1.4360557446150874,-34522414739.149994,-346951708839.27,0.9415559152606645,0.1375448364483015,16.649599918614978,0.10237188813449749,6,2019-12-31,True,0.0769939020068704,-0.3572259781673573,,-0.15947457611490107,36.7893,1.4702728269156902,-0.004452486161491107,0.990208541788128,-92.3079,-1.267515590195338,13.93,0.15120485748394474,-25.6784,-0.7326654124810547,-791.7607,-3.374111988062419,0.2458064516129032,-0.4475430404295238,0.05045210592834259,0.7262816645416844,-1.4360557446150874,-3.8163528608355897,-0.6197201414142488,0.9415559152606645,0.1375448364483015,True,True,True,False,True,True,False,True,True,False,7,6.9938027985858575
601166.SH,20210331,20201231,9.7784,9.7784,12.0397,12.0397,,23.7584,,11.5176,11.447,11.5176,12.54,,28349000000.0,7.1967,92.0851,12.6344,-1.65,-0.1685,-44.715,14618000000.0,33.3179,66218000000.0,1.1508,1.16,3.08,25.5023,10.834,,0,2020-12-31,2021-03-31,2020,2020-12-31,16.649599918614978,20.87,2077419.0751,43355736.0973,40937027.8999,5.405714259290577,0.6528666009973602,0.04816932562465535,5211.2885,1.9082,0.802,0.0,66218000000.0,-34277414739.149998,245000000.0,-34522414739.149994,0.06730573196532563,,33.3179,0.004235255900617045,92.0851,12.54,23.7584,-44.715,0.2603896103896104,0.04816932562465535,-0.0796259453689679,-390209818488.76,433617604236.0864,-10.303085877311016,4.520155214252189,15.816188221367266,-0.050055959381697934,7,2020-12-31,True,0.06730573196532563,-0.09421131240044875,,-0.16648003056338787,33.3179,1.4178004452102497,-0.004235255900617045,0.9803404173690515,-92.0851,-1.352821365351298,12.54,0.15662886553792235,-23.7584,-0.4062652980298351,-44.715,-1.301913442847498,0.2603896103896104,-0.36839931042207874,0.04816932562465535,0.8119903620870773,-0.0796259453689679,-0.9598261444208859,-0.11665061943919376,-10.303085877311016,3.65326550223576,True,True,True,False,True,True,False,True,True,False,7,6.998833493805608
601166.SH,20220325,20211231,10.6496,10.6496,8.9098,8.9098,,25.0719,,12.723,12.65,12.723,13.86,,28835000000.0,7.7377,91.9296,12.391,-18.76,-1.7618,-409.4276,18523000000.0,37.8853,82206000000.0,24.0957,24.14,3.77,28.8006,-9.0443,,1,2021-12-31,2022-03-25,2021,2021-12-31,15.816188221367266,19.04,2077419.0751,39554059.1899,37347437.0491,4.195275390283094,0.5491617612607816,0.06543928192519494,4940.3733,0.3833,1.035,0.0,82206000000.0,-389723818488.76,486000000.0,-390209818488.76,0.13622902761825983,,37.8853,0.0038894478092106164,91.9296,13.86,25.0719,-409.4276,0.2745358090185676,0.06543928192519494,-0.9865228158135506,-346951708839.27,-237242525653.82,0.11085858837951316,0.13067097544885434,15.375958308671205,-0.02783413465586615,8,2021-12-31,True,0.13622902761825983,-0.21424323886284644,,-0.2566092173720162,37.8853,1.5188033514498742,-0.0038894478092106164,0.9954680793977838,-91.9296,-1.4986006281240982,13.86,-0.14241842417819284,-25.0719,-0.48112412613593075,-409.4276,-1.7144510552691175,0.2745358090185676,-0.5359234244708538,0.06543928192519494,1.1011827098511333,-0.9865228158135506,-3.183234367535651,-0.40101366738635597,0.11085858837951316,0.13067097544885434,True,True,True,False,True,True,False,True,True,False,7,6.995989863326137
601166.SH,20230331,20221231,10.7043,10.7043,0.5144,0.5144,,29.1594,,12.7773,12.7241,12.7773,13.79,,31142000000.0,7.4153,91.8277,12.2365,-16.59,-1.5496,-324.586,19398000000.0,41.5579,90996000000.0,10.5189,10.69,4.2,31.7886,-17.5242,,1,2022-12-31,2023-03-31,2022,2022-12-30,15.375958308671205,17.59,2077424.4053,36541895.2892,36541895.2892,3.6609424544455247,0.4836941013027062,0.07726347692618499,3871.6338,0.3872,1.188,0.0,90996000000.0,-344644708839.27,2307000000.0,-346951708839.27,0.11605737951118145,,41.5579,0.0038538309026858184,91.8277,13.79,29.1594,-324.586,0.2828571428571428,0.07726347692618499,-0.9494628182074946,433617604236.0864,,2.249792386631436,,15.234353728913884,-0.009209479950102573,9,2022-12-31,True,0.11605737951118145,-0.11563528816458266,,-0.27740325293390655,41.5579,1.6764291890758174,-0.0038538309026858184,1.0116259740765488,-91.8277,-1.4548046025910946,13.79,-0.08571371285739746,-29.1594,-1.1408963053044399,-324.586,-1.6128480989727305,0.2828571428571428,-0.4918500301609127,0.07726347692618499,1.1927860248130349,-0.9494628182074946,-3.0450018877892946,-0.3948465446189962,2.249792386631436,,True,True,True,False,True,True,False,True,True,False,7,6.99605153455381
601166.SH,20240329,20231231,10.1486,10.1486,-5.1908,-5.1908,,29.6958,,9.9994,,9.9994,,,30837000000.0,6.8033,92.0487,12.5766,20.8728,2.0567,515.3518,,36.8323,,-15.6068,,,34.0452,6.0855,,0,2023-12-31,2024-03-29,2023,2023-12-29,15.234353728913884,16.21,2077429.0188,33675124.3947,33675124.3947,,0.44747434965615956,0.06826676198453649,3431.1099,0.4853,1.04,0.0,,433617604236.0864,0.0,433617604236.0864,-0.15606799999999998,,36.8323,0.0034667840420785924,92.0487,9.9994,29.6958,515.3518,0.0,0.06826676198453649,1.2876495990147905,-237242525653.82,,-1.5471238329259611,,19.16,0.257683807330499,10,2023-12-31,True,-0.15606799999999998,-0.3541534040227209,,-0.23699518527097743,36.8323,1.3312228929512118,-0.0034667840420785924,0.8892523485832999,-92.0487,-1.3517989847748029,9.9994,-0.3881700881288121,-29.6958,-1.1217516919684214,515.3518,0.9034651128174164,0.0,-1.5010773191179556,0.06826676198453649,1.6859135386652047,1.2876495990147905,3.1350589639977686,0.27190601670283737,-1.5471238329259611,,False,True,True,False,True,True,True,False,True,True,7,7.002719060167029
601166.SH,20250328,20241231,10.2158,10.2158,0.6617,0.6617,,29.3098,,9.2013,9.1497,9.2013,9.83,,30731000000.0,6.894,91.4958,11.7589,-11.42,-1.1179,-272.0942,14210000000.0,36.5134,76772000000.0,0.1154,0.33,3.51,36.8776,-0.8989,,1,2024-12-31,2025-03-28,2024,2024-12-31,19.16,19.16,2077430.1721,39803562.0974,39803562.0974,5.458689458689459,0.5195565871965637,0.055323590814196244,3934.9109,-1.604,1.06,0.0,76772000000.0,-237242525653.82,0.0,-237242525653.82,-0.022538232661898028,,36.5134,0.003411307831558358,91.4958,9.83,29.3098,-272.0942,0.30199430199430205,0.055323590814196244,-0.5960334029232949,,,,,,,11,2024-12-31,True,-0.022538232661898028,-0.12336706370760729,,-0.25359485323030834,36.5134,1.0924366883337275,-0.003411307831558358,0.8428049569405891,-91.4958,-1.1998434849010982,9.83,-0.3202442904875927,-29.3098,-0.973496298249955,-272.0942,-2.9924113245430086,0.30199430199430205,-0.6317201611181962,0.055323590814196244,1.9592895046051446,-0.5960334029232949,-3.0933963355869634,-0.5175947874495699,,,False,True,True,False,True,True,False,True,True,False,6,5.994824052125504
601169.SH,20150428,20141231,3.4922,3.4922,20.2844,20.2844,,24.6516,,17.9557,17.9385,17.9557,17.97,,6387000000.0,6.174,93.6931,15.8557,11.79,3.3756,628.0561,3012000000.0,42.4264,15608000000.0,16.1216,16.31,1.48,9.0817,7.8624,,1,2014-12-31,2015-04-28,2014,2014-12-31,3.8970862619808306,10.93,1056019.1447,11542289.2516,9801684.1961,2.633166393230291,0.4291141814837344,0.06415049172479152,3533.705,2.2025,0.25,0.2,15608000000.0,124504657160.12999,0.0,124504657160.12999,0.161216,,42.4264,0.004200224974082527,93.6931,17.97,24.6516,628.0561,0.16891891891891891,0.06415049172479152,1.0786825251573997,35383299345.19,8035326384.98,-0.7158074231738798,-0.5988815469329638,4.597763578274759,0.17979517752265117,1,2014-12-31,True,0.161216,0.023915877002653078,,0.14556856762403272,42.4264,1.6268199721719598,-0.004200224974082527,0.8475316243314095,-93.6931,-1.3294674245385443,17.97,0.6120160723975129,-24.6516,-0.4922303579532616,628.0561,2.3787595012804466,0.16891891891891891,-0.9810171237949231,0.06415049172479152,1.0681948982817604,1.0786825251573997,2.8963971865294913,0.6178626175756853,-0.7158074231738798,-0.5988815469329638,True,True,True,False,True,True,True,True,True,True,9,9.006178626175757
601169.SH,20160427,20151231,3.4786,3.4786,19.532,19.532,,24.9858,,15.8519,15.818,15.8519,16.22,,7373000000.0,6.4071,93.6683,15.7935,2.87,0.8262,173.127,2668000000.0,38.2999,16803000000.0,7.7834,7.66,1.33,8.8131,8.4927,,1,2015-12-31,2016-04-27,2015,2015-12-31,4.597763578274759,10.53,1267222.9737,13343857.9131,13343857.9131,3.4569650964471874,0.5216965174881437,0.05437426169133488,3731.0047,-0.9075,0.25,0.2,16803000000.0,36369299345.19,986000000.0,35383299345.19,0.077834,,38.2999,0.004180075379193472,93.6683,16.22,24.9858,173.127,0.18796992481203006,0.05437426169133488,0.26516543847827795,-7184336489.75,32990652318.719994,-1.2030431481152035,-0.023068322419832366,5.236515441959532,0.1389266439672947,2,2015-12-31,True,0.077834,0.17995255649052494,,0.003852571770943522,38.2999,1.457359458223838,-0.004180075379193472,0.8082349123236752,-93.6683,-1.2534482617958984,16.22,0.6973109892686481,-24.9858,-0.7235632331300532,173.127,-0.37192155179002756,0.18796992481203006,-1.0024929237959057,0.05437426169133488,0.9280118547149182,0.26516543847827795,0.1410918547405681,0.07858074791102103,-1.2030431481152035,-0.023068322419832366,True,True,True,False,True,True,True,True,True,True,9,9.00078580747911
601169.SH,20170426,20161231,3.1209,3.1209,7.6564,7.6564,,25.8071,,13.7642,13.7859,13.7642,14.92,,9235000000.0,5.7148,93.2062,14.7193,-0.35,-0.1115,-23.7025,2846000000.0,37.7676,17830000000.0,5.7189,6.11,1.16,8.173,-4.8297,,1,2016-12-31,2017-04-26,2016,2016-12-30,5.236515441959532,9.76,1520667.5685,14841715.4686,14841715.4686,4.514237449965114,0.6407090960430114,0.04774167149337168,3310.0808,0.3735,0.25,0.2,17830000000.0,-5322336489.75,1862000000.0,-7184336489.75,0.057189,,37.7676,0.005048169867043461,93.2062,14.92,25.8071,-23.7025,0.21551724137931036,0.04774167149337168,-0.04840637529367546,8035326384.98,18317264901.119995,2.118450729088778,1.1832037390070054,4.731640042598509,-0.0964143818455151,3,2016-12-31,True,0.057189,0.07401613310349725,,-0.09756969915376158,37.7676,1.579719147848734,-0.005048169867043461,0.8200677212696944,-93.2062,-1.2869851097452127,14.92,0.6997420332043209,-25.8071,-0.7181447786778873,-23.7025,-0.7142743004606751,0.21551724137931036,-0.528979080563905,0.04774167149337168,0.7372652069844469,-0.04840637529367546,-0.5631866737714509,0.00015187273070916727,2.118450729088778,1.1832037390070054,True,True,True,False,True,True,False,True,True,False,7,7.0000015187273075
601169.SH,20180427,20171231,2.3815,2.3815,6.1046,6.1046,,26.8544,,11.8203,11.8379,11.8203,13.77,,11966000000.0,4.7501,92.4151,13.1841,0.59,0.2491,54.8655,3236000000.0,37.4993,18761000000.0,5.2297,5.22,0.99,7.4258,-0.7743,,1,2017-12-31,2018-04-27,2017,2017-12-29,4.731640042598509,7.15,1824801.0822,13047327.7377,13047327.7377,4.779434386463141,0.6371892648062848,0.056428637342702356,4030.8549,0.2975,0.267,0.0,18761000000.0,10766326384.98,2731000000.0,8035326384.98,0.06325208336451649,,37.4993,0.006697916546537222,92.4151,13.77,26.8544,54.8655,0.2696969696969697,0.056428637342702356,0.06158599328935442,32990652318.719994,,3.1057015904652774,,3.8857763578274755,-0.1787675472258673,4,2017-12-31,True,0.06325208336451649,-0.3311510913486023,,-0.25585184959592944,37.4993,1.5245539290965064,-0.006697916546537222,0.8891993436955955,-92.4151,-1.250817055810004,13.77,0.2803756568722607,-26.8544,-1.0408995371581147,54.8655,-0.206632228989622,0.2696969696969697,-0.4684181993302921,0.056428637342702356,0.9555423528663064,0.06158599328935442,0.09412710008328308,0.017275310943762497,3.1057015904652774,,True,True,True,False,True,True,True,True,True,True,9,9.000172753109437
601169.SH,20190425,20181231,2.6244,2.6244,10.198,10.198,,25.191,,10.8915,10.922,10.8915,11.65,,16187000000.0,3.9419,92.4546,13.2531,1.76,0.6698,157.5674,3415000000.0,36.2907,20058000000.0,6.7741,6.91,0.91,8.2585,0.3161,,1,2018-12-31,2019-04-25,2018,2018-12-28,3.8857763578274755,5.61,2114298.4272,11861214.1766,10237134.0711,4.2700839097005225,0.4705184183359539,0.073601765429419,3010.6536,0.6737,0.286,0.0,20058000000.0,37211652318.71999,4221000000.0,32990652318.719994,0.0608002169059807,,36.2907,0.00699489874076624,92.4546,11.65,25.191,157.5674,0.3142857142857142,0.073601765429419,0.2781389141746087,18317264901.119995,,-0.4447740916378859,,4.294440894568689,0.10516934046345794,5,2018-12-31,True,0.0608002169059807,-0.42106549294924595,,-0.22433466610981484,36.2907,1.468590556155395,-0.00699489874076624,0.8744788707943573,-92.4546,-1.2311906835946647,11.65,-0.13521052961719576,-25.191,-0.7272909241369969,157.5674,0.10347392976063942,0.3142857142857142,-0.24082966074375936,0.073601765429419,1.1043528606788555,0.2781389141746087,0.5880341545882166,0.10536440134779874,-0.4447740916378859,,True,True,True,False,True,True,True,True,True,True,9,9.001053644013478
601186.SH,20160331,20151231,44.2238,44.2238,1.2196,1.2196,0.6167,3.8025,0.7302,12.4832,11.4358,12.4832,11.37,3.0769,45004096000.0,13.4391,81.4941,5.4037,3.7096,0.0839,303.2993,4020697000.0,2.2271,11584459000.0,7.7617,8.98,0.98,8.223,1.7462,11.4534,1,2015-12-31,2016-03-31,2015,2015-12-31,10.74801545486477,13.48,1357954.15,18305221.942,13832158.934,10.967362709045684,1.307067427321509,0.01395606478516059,3731.0047,-0.9075,0.15,0.0,11584459000.0,50374667148.4,636535000.0,49738132148.4,0.077617,11.4534,2.2271,0.07458395607392032,81.4941,11.37,5.1494,303.2993,0.15306122448979592,0.01395606478516059,0.27171553727124975,33566387094.199997,-1432775950.1999998,-0.3251377636367518,-0.34293546278152093,9.695707762557078,-0.09790716218512663,2,2015-12-31,True,0.077617,0.17953087784204824,11.4534,-1.0919824836177698,2.2271,-0.9708968089911411,-0.07458395607392032,0.5926477793526469,-81.4941,-0.7319456355838013,11.37,-0.00012138610153740302,-5.1494,1.1210581160555837,303.2993,0.021807105618687237,0.15306122448979592,-1.2312044192040608,0.01395606478516059,-0.7123369882630239,0.27171553727124975,0.1608383897805617,-0.2420550411919824,-0.3251377636367518,-0.34293546278152093,True,True,True,True,True,True,True,True,True,True,10,9.99757944958808
601186.SH,20170331,20161231,46.3438,46.3438,4.7938,4.7938,0.6638,3.8278,0.4341,11.5293,10.6472,11.5293,10.66,2.9034,48575039000.0,13.4502,80.4152,5.106,2.7348,0.059,204.8254,4005975000.0,2.3598,12928512000.0,10.7084,11.6,1.03,9.042,0.6674,9.2082,1,2016-12-31,2017-03-31,2016,2016-12-30,9.695707762557078,11.96,1357954.15,16241131.634,13757881.618,9.413308507336968,1.0722968107229682,0.016502147539748324,3310.0808,0.3735,0.16,0.0,12928512000.0,37137330094.2,3570943000.0,33566387094.199997,0.107084,9.2082,2.3598,0.07747877367354199,80.4152,10.66,4.9257,204.8254,0.1553398058252427,0.016502147539748324,0.20667517418509457,20487472238.2,38514062259.0,-0.3896432112069615,0.04689930098723294,9.14051282051282,-0.05726193029335225,3,2016-12-31,True,0.107084,0.0812238652515693,9.2082,-1.2352112358684904,2.3598,-0.8274263179666024,-0.07747877367354199,0.5947559385856768,-80.4152,-0.7154239950208658,10.66,0.22064938804545972,-4.9257,1.0811022685143559,204.8254,0.14265127738286829,0.1553398058252427,-0.8220170221962336,0.016502147539748324,-0.5489662004434306,0.20667517418509457,0.15671771211469457,-0.17017675650918168,-0.3896432112069615,0.04689930098723294,True,True,True,True,True,True,True,True,True,True,10,9.998298232434909
601186.SH,20180330,20171231,50.1476,50.1476,8.2078,8.2078,0.6653,3.8265,0.4223,11.445,10.5282,11.445,11.17,3.0231,53492173000.0,13.3438,78.2636,4.6006,1.8708,0.0373,121.4941,4909652000.0,2.4845,14770950000.0,14.6977,14.25,1.16,10.0159,0.8733,9.2399,1,2017-12-31,2018-03-30,2017,2017-12-29,9.14051282051282,11.14,1357954.15,15127609.231,12814615.487,7.879752431476569,0.9126002476575065,0.01969254937163375,4030.8549,0.2975,0.18,0.0,14770950000.0,25404606238.2,4917134000.0,20487472238.2,0.11823047561732847,9.2399,2.4845,0.08548711855251541,78.2636,11.17,4.9140999999999995,121.4941,0.15517241379310345,0.01969254937163375,0.1354309985494363,-1432775950.1999998,31055947728.550003,-1.069934247306923,0.14873222140022935,9.109877063575693,-0.003351645311231888,4,2017-12-31,True,0.11823047561732847,-0.130763438119498,9.2399,-1.2125375795647524,2.4845,-0.8621906257748795,-0.08548711855251541,0.6312148709105627,-78.2636,-0.5997929721818354,11.17,-0.06566062598680153,-4.9140999999999995,1.0502114812668575,121.4941,-0.07003100670339994,0.15517241379310345,-0.8633874306285382,0.01969254937163375,-0.43971584124647073,0.1354309985494363,0.40718639903175485,-0.19595152445427277,-1.069934247306923,0.14873222140022935,True,True,True,True,True,True,True,True,True,True,10,9.998040484755457
601186.SH,20190330,20181231,53.7664,53.7664,7.2163,7.2163,0.6069,3.9456,0.7585,11.2341,10.4574,11.2341,11.13,3.2926,60373061000.0,12.8243,77.4064,4.426,0.4012,0.0075,21.5145,4645365000.0,2.7171,16695417000.0,11.6959,13.03,1.26,11.009,0.0512,9.7808,1,2018-12-31,2019-03-30,2018,2018-12-28,9.109877063575693,10.87,1357954.15,14760961.6105,12504027.8585,7.230061161568011,0.8274936019234892,0.02305190273529042,3010.6536,0.6737,0.21,0.0,16695417000.0,5448112049.8,6880888000.0,-1432775950.1999998,0.12955445125711784,9.7808,2.7171,0.0912428427806659,77.4064,11.13,5.311,21.5145,0.16666666666666666,0.02305190273529042,-0.009706521756555583,38514062259.0,-14837331372.85,27.88072915630937,-3.118551187476049,8.676164383561645,-0.0476090595940285,5,2018-12-31,True,0.12955445125711784,-0.2831381794352092,9.7808,-1.0564996697420292,2.7171,-0.9511492852570941,-0.0912428427806659,0.6094752948568061,-77.4064,-0.5960058590672033,11.13,-0.19723358675545066,-5.311,0.9050634469971269,21.5145,-0.408503790803356,0.16666666666666666,-1.2589296666214047,0.02305190273529042,-0.6446960567976828,-0.009706521756555583,-0.08502054775865649,-0.36060344548946843,27.88072915630937,-2.3242605736694784,True,True,True,True,True,True,False,True,True,False,8,7.9963939655451055
601186.SH,20200331,20191231,61.1547,61.1547,13.7414,13.7414,0.6542,4.1759,0.4374,10.6344,9.6431,10.6344,10.84,3.0754,61864328000.0,13.5875,75.7665,4.1265,2.946,0.0482,144.7977,4678991000.0,2.7243,18314645000.0,12.6126,9.7,1.4,12.5019,0.7516,9.6438,1,2019-12-31,2020-03-31,2019,2019-12-31,8.676164383561645,10.14,1357954.15,13769655.081,11664290.937,6.197260273972604,0.6939876645599186,0.024204244031830236,4096.5821,0.3662,0.21,0.0,18314645000.0,40005329259.0,1491267000.0,38514062259.0,0.12309541443251626,9.6438,2.7243,0.08830744569357377,75.7665,10.84,5.267500000000001,144.7977,0.15,0.024204244031830236,0.2797024473920445,31055947728.550003,,-0.193646530461927,,6.9215876361081845,-0.20222954175208818,6,2019-12-31,True,0.12309541443251626,-0.2775534212930903,9.6438,-1.0925694859705004,2.7243,-0.969734431586073,-0.08830744569357377,0.667163661806507,-75.7665,-0.5801424705347707,10.84,-0.219009618857453,-5.267500000000001,0.9116904269093463,144.7977,0.14641377774135686,0.15,-1.0423752369344383,0.024204244031830236,-0.3096938991363175,0.2797024473920445,0.941027082364852,-0.16588941959005288,-0.193646530461927,,True,True,True,True,True,True,True,True,True,True,10,9.9983411058041
601186.SH,20210331,20201231,67.0365,67.0365,9.618,9.618,0.6226,4.1353,0.3573,9.6468,8.8589,9.6468,10.42,2.8767,70918272000.0,13.7115,74.7634,3.9625,2.9537,0.0441,129.2988,6740501000.0,2.8241,20564157000.0,10.8707,12.28,1.5,13.7,2.016,9.2646,0,2020-12-31,2021-03-31,2020,2020-12-31,6.9215876361081845,7.9,1357954.15,10727837.785,9087563.945,4.614391757405456,0.5052253748984077,0.03322937049877802,5211.2885,1.9082,0.23,0.0,20564157000.0,40109891728.55,9053944000.0,31055947728.550003,0.11660823798569298,9.2646,2.8241,0.09620179953652795,74.7634,10.42,5.115200000000001,129.2988,0.15333333333333335,0.03322937049877802,0.289489348654893,-14837331372.85,,-1.477761345509025,,7.016838777660697,0.013761458578608554,7,2020-12-31,True,0.11660823798569298,0.015974970420569654,9.2646,-0.7552146285821697,2.8241,-0.7669377983543738,-0.09620179953652795,0.6097759210577213,-74.7634,-0.6259678383460563,10.42,-0.1101509345909438,-5.115200000000001,0.8622523907484212,129.2988,-0.35550067224714715,0.15333333333333335,-0.8102740023308278,0.03322937049877802,0.24792256965395051,0.289489348654893,0.6827948043008397,-0.09139320166091057,-1.477761345509025,,True,True,True,True,True,True,True,True,True,True,10,9.999086067983392
601318.SH,20150320,20141231,52.056,52.056,27.6455,27.6455,,18.5069,,16.634,16.6069,16.634,18.22,,43779000000.0,11.7358,91.1677,11.3221,21.38,0.3678,273.1108,7543000000.0,10.3547,39215000000.0,39.5148,38.3,4.93,32.5646,2.1461,,1,2014-12-31,2015-03-20,2014,2014-12-31,27.135529961609084,74.71,851027.2352,63580244.7418,35759821.187,5.504164292415636,0.8332830730796351,0.018426026715062948,3533.705,2.2025,0.75,1.0,39215000000.0,181949622885.75998,0.0,181949622885.75998,0.395148,,10.3547,0.013952423304543892,91.1677,18.22,18.5069,273.1108,0.15212981744421908,0.018426026715062948,0.28617320305176425,120349600918.6,112657641588.0,-0.3385553703831337,-0.1476790467170883,26.47571357035553,-0.02431558890454877,1,2014-12-31,True,0.395148,0.6361933603038934,,0.14556856762403272,10.3547,-0.5707946508493703,-0.013952423304543892,0.8160238172271614,-91.1677,-1.219826769127556,18.22,0.6492595952905729,-18.5069,0.0324723961002609,273.1108,0.4608859410658655,0.15212981744421908,-1.0824892843298364,0.018426026715062948,-0.5228375859566382,0.28617320305176425,0.3140833644572722,-0.031041931654031085,-0.3385553703831337,-0.1476790467170883,True,True,True,False,True,True,True,True,True,True,9,8.99968958068346
601318.SH,20160316,20151231,33.9163,33.9163,33.9413,33.9413,,18.1837,,17.378,17.2783,17.378,17.03,,59800000000.0,11.9713,91.3209,11.5219,7.46,0.2187,145.909,5779000000.0,10.5128,53892000000.0,37.9949,37.4,2.98,18.2849,3.7946,,1,2015-12-31,2016-03-16,2015,2015-12-31,26.47571357035553,36.0,1828024.141,65808869.076,38997592.1928,8.884467641058903,1.4479550651278121,0.013219662581328492,3731.0047,-0.9075,0.53,0.0,53892000000.0,136370600918.6,16021000000.0,120349600918.6,0.37994900000000004,,10.5128,0.015527536760868191,91.3209,17.03,18.1837,145.909,0.1778523489932886,0.013219662581328492,0.18287747929479403,214695682805.69998,209533393113.7,0.7839334835095312,0.20301081173165647,26.49414121181773,0.0006960205780000006,2,2015-12-31,True,0.37994900000000004,0.7670283393685846,,0.003852571770943522,10.5128,-0.41314129920916814,-0.015527536760868191,0.7734873012312947,-91.3209,-1.152893378126312,17.03,0.8137893859799578,-18.1837,-0.0910241192134343,145.909,-0.45424710490194464,0.1778523489932886,-1.0687802926767203,0.013219662581328492,-0.7422234402941847,0.18287747929479403,-0.10698105541610523,-0.1519211901351899,0.7839334835095312,0.20301081173165647,True,True,True,False,True,True,True,True,True,True,9,8.998480788098648
601318.SH,20170323,20161231,38.9745,38.9745,14.9136,14.9136,,18.2464,,17.3873,17.1426,17.3873,17.11,,78543000000.0,10.2998,91.2772,11.4642,12.77,0.3198,244.0033,5443000000.0,10.1576,61516000000.0,15.1117,14.1,3.5,20.9764,1.8724,,1,2016-12-31,2017-03-23,2016,2016-12-30,26.49414121181773,35.43,1828024.141,64766895.3156,38380130.3164,7.569754631947923,1.263045194209575,0.020759306580379822,3310.0808,0.3735,0.75,0.0,61516000000.0,233438682805.69998,18743000000.0,214695682805.69998,0.151117,,10.1576,0.017866967550517202,91.2772,17.11,18.2464,244.0033,0.21428571428571427,0.020759306580379822,0.3314898479532144,112657641588.0,251697589396.4,-0.4752682489197727,0.054432009910778456,53.3581438824904,1.0139601225757024,3,2016-12-31,True,0.151117,0.08758478457567105,,-0.09756969915376158,10.1576,-0.29730473703429844,-0.017866967550517202,0.7801919504471118,-91.2772,-1.2007884566060316,17.11,0.9460361395183834,-18.2464,-0.06667662282117327,244.0033,0.2895591367566977,0.21428571428571427,-0.5349760819523672,0.020759306580379822,-0.37368530715566145,0.3314898479532144,0.5089761614311017,0.0037588425459701828,-0.4752682489197727,0.054432009910778456,True,True,True,False,True,True,True,True,True,True,9,9.00003758842546
601318.SH,20180321,20171231,48.7353,48.7353,25.0443,25.0443,,15.6797,,20.7955,20.807,20.7955,20.72,,90191000000.0,10.5596,90.9455,11.0442,6.8,0.1361,90.0006,22828000000.0,11.2224,89137000000.0,42.783,44.9,4.99,25.8945,-3.2214,,1,2017-12-31,2018-03-21,2017,2017-12-29,53.3581438824904,69.98,1828024.141,127925129.3872,75806986.157,10.6930148061103,2.060597574098376,0.01874128159709379,4030.8549,0.2975,1.5,0.0,89137000000.0,124305641588.0,11648000000.0,112657641588.0,0.3148269523346341,,11.2224,0.017252001338999002,90.9455,20.72,15.6797,90.0006,0.3006012024048096,0.01874128159709379,0.0880652942292606,209533393113.7,320943063300.6,0.8599128311240892,0.41760677261829793,44.02974461692539,-0.17482615748607677,4,2017-12-31,True,0.3148269523346341,0.5858000150519824,,-0.25585184959592944,11.2224,-0.26658147632919693,-0.017252001338999002,0.8546414356118812,-90.9455,-1.183209735504739,20.72,1.2053572591301385,-15.6797,0.02415145565390398,90.0006,-0.13459863372949885,0.3006012024048096,-0.3618365065209026,0.01874128159709379,-0.47584554994783246,0.0880652942292606,0.2063837294883014,0.018037285755282555,0.8599128311240892,0.41760677261829793,True,True,True,False,True,True,True,True,True,True,9,9.000180372857553
601318.SH,20190313,20181231,53.4372,53.4372,9.6477,9.6477,,15.12,,20.858,20.8955,20.858,20.88,,92160000000.0,10.7138,90.4291,10.4483,11.57,0.2112,126.278,28219000000.0,12.3309,107597000000.0,20.5594,20.7,6.02,30.4435,-0.035,,1,2018-12-31,2019-03-13,2018,2018-12-28,44.02974461692539,56.1,1828024.141,102552154.3101,60771247.8338,7.313911065934451,1.4462773536855287,0.02498311106662997,3010.6536,0.6737,1.9200000000000002,0.0,107597000000.0,211502393113.7,1969000000.0,209533393113.7,0.2591919941835845,,12.3309,0.015849673667823576,90.4291,20.88,15.12,126.278,0.318936877076412,0.02498311106662997,0.20431886050887554,251697589396.4,45084836019.2,0.20122900534436647,-0.40077156146547444,68.64188282423636,0.5589888931095426,5,2018-12-31,True,0.2591919941835845,-0.02307335295354493,,-0.22433466610981484,12.3309,-0.25825680761479824,-0.015849673667823576,0.8466260009524411,-90.4291,-1.1456942878742218,20.88,0.9656987345868293,-15.12,0.09964272132033516,126.278,-0.014270533531323284,0.318936877076412,-0.20875149101618096,0.02498311106662997,-0.5778753443104966,0.20431886050887554,0.4154243854373104,-0.011351331010314976,0.20122900534436647,-0.40077156146547444,True,True,True,False,True,True,True,True,True,True,9,8.999886486689897
601318.SH,20200221,20191231,63.9424,63.9424,19.659,19.659,,14.7914,,24.3004,22.6492,24.3004,22.7,,97117000000.0,12.3509,89.6342,9.6471,14.04,0.2134,134.8147,19868000000.0,14.0619,139255000000.0,39.1075,29.4,8.41,36.825,-0.2493,,1,2019-12-31,2020-02-21,2019,2019-12-31,68.64188282423636,85.46,1828024.141,156222943.0899,92575950.7999,8.161936126544157,1.8640022491306547,0.018938874438056506,4096.5821,0.3662,2.05,0.0,139255000000.0,256654589396.4,4957000000.0,251697589396.4,0.3130287529428366,,14.0619,0.014954565377194272,89.6342,22.7,14.7914,134.8147,0.24375743162901306,0.018938874438056506,0.16111435645631014,320943063300.6,469838920854.4,0.2751137747097962,0.2312794884032663,71.82274411617428,0.04633994816375875,6,2019-12-31,True,0.3130287529428366,0.05068905750170181,,-0.15947457611490107,14.0619,-0.15764500566534523,-0.014954565377194272,0.9497500770923543,-89.6342,-1.1564107556567587,22.7,1.2019430314367143,-14.7914,0.14441996951794087,134.8147,0.09531241928651953,0.24375743162901306,-0.46026476258059956,0.018938874438056506,-0.5175125113489775,0.16111435645631014,0.4462967172157822,0.039736696425857365,0.2751137747097962,0.2312794884032663,True,True,True,False,True,True,True,True,True,True,9,9.00039736696426
601318.SH,20210204,20201231,66.6474,66.6474,4.2304,4.2304,,14.4914,,19.9341,19.9955,19.9341,20.0,,99003000000.0,12.4242,89.6314,9.6445,17.66,0.2562,165.7294,40285000000.0,13.0803,143540000000.0,-4.222,3.1,8.1,41.7155,6.6347,,1,2020-12-31,2021-02-04,2020,2020-12-31,71.82274411617428,86.98,1828024.141,159001539.7842,94222515.8036,8.867005446441269,1.7217279935797074,0.019492432616268193,5211.2885,1.9082,2.2,0.0,143540000000.0,322829063300.6,1886000000.0,320943063300.6,0.1721188298337062,,13.0803,0.013461369870156014,89.6314,20.0,14.4914,165.7294,0.271604938271605,0.019492432616268193,0.20184902846613317,45084836019.2,365825171906.38,-0.8595238807919868,0.04459641400932668,43.09798364212986,-0.399939612827682,7,2020-12-31,True,0.1721188298337062,0.1400357183752581,,-0.16648003056338787,13.0803,-0.032129005299802324,-0.013461369870156014,0.9431652649618001,-89.6314,-1.2498591561447674,20.0,1.0953917471234613,-14.4914,0.2242784617275082,165.7294,-0.15736474808117215,0.271604938271605,-0.32210805418955696,0.019492432616268193,-0.27072451870022457,0.20184902846613317,0.29278163436312804,0.04518066487020405,-0.8595238807919868,0.04459641400932668,True,True,True,False,True,True,True,True,True,True,9,9.000451806648702
601318.SH,20220318,20211231,64.5749,64.5749,-3.1085,-3.1085,,14.6214,,12.9042,12.9185,12.9042,13.0,,147513000000.0,9.577,89.3737,9.4106,5.12,0.0763,64.5137,20005000000.0,10.3183,101731000000.0,-28.9876,-29.1,5.77,44.4417,-1.1829,,1,2021-12-31,2022-03-18,2021,2021-12-31,43.09798364212986,50.41,1828024.141,92150696.9478,54607461.7344,7.469321255135158,0.9697645149067174,0.03480441248610283,4940.3733,0.3833,2.38,0.0,101731000000.0,93594836019.2,48510000000.0,45084836019.2,-0.018513379651992068,,10.3183,0.01929480488843588,89.3737,13.0,14.6214,64.5137,0.4124783362218371,0.03480441248610283,0.04892511669742325,469838920854.4,393705272203.34,9.421218359412745,1.0592713565705187,42.4325822066433,-0.015439270686346096,8,2021-12-31,True,-0.018513379651992068,-0.4225357831936369,,-0.2566092173720162,10.3183,-0.4983942227116884,-0.01929480488843588,0.9290000257866922,-89.3737,-1.3824246574817929,13.0,-0.21074846622628327,-14.6214,0.20697184499147867,64.5137,-0.35765547798093805,0.4124783362218371,0.2506317751873704,0.03480441248610283,0.0728908802390283,0.04892511669742325,-0.12935023517320174,-0.16347486672136255,9.421218359412745,1.0592713565705187,False,True,True,False,True,True,True,True,True,True,8,7.998365251332786
601318.SH,20230316,20221231,60.7524,60.7524,-5.9195,-5.9195,,14.8302,,10.0263,10.0729,10.0263,10.1,,186596000000.0,6.6479,89.4471,9.4761,27.84,0.4375,457.0256,7503000000.0,9.6736,84163000000.0,-17.5599,-17.3,4.8,46.9728,2.1754,,1,2022-12-31,2023-03-16,2022,2022-12-30,42.4325822066433,47.0,1828024.141,85917134.627,50913523.1406,8.84012129305069,0.9033436841457887,0.035350193695380575,3871.6338,0.3872,2.42,0.0,84163000000.0,508921920854.4,39083000000.0,469838920854.4,-0.15451974448662653,,9.6736,0.022932125982323043,89.4471,10.1,14.8302,457.0256,0.5041666666666667,0.035350193695380575,0.5468512455567276,365825171906.38,,-0.22138172112023302,,38.2591019863128,-0.09835555611501523,9,2022-12-31,True,-0.15451974448662653,-0.6073514735544124,,-0.27740325293390655,9.6736,-0.4828564741969435,-0.022932125982323043,0.9325172633259072,-89.4471,-1.3510763276385624,10.1,-0.3565843794213966,-14.8302,0.011943576576517434,457.0256,0.9251141847346371,0.5041666666666667,0.5642766617446897,0.035350193695380575,-0.053679124518836184,0.5468512455567276,1.0855653471849478,0.035496909209331025,-0.22138172112023302,,False,True,True,False,True,True,True,True,True,True,8,8.000354969092093
601318.SH,20240322,20231231,50.18,50.18,3.7978,3.7978,,8.778,,9.7475,9.8129,9.7475,9.7,,191167000000.0,4.8379,89.3903,9.4253,20.34,0.3944,298.216,-1695000000.0,11.9583,86240000000.0,-22.8299,-22.6,4.84,49.3684,1.9917,,1,2023-12-31,2024-03-22,2023,2023-12-29,38.2591019863128,40.3,1821023.4607,73387245.4662,43373510.5109,7.904773137667934,0.7749714794547281,0.03920635671314568,3431.1099,0.4853,2.43,0.0,86240000000.0,370396171906.38,4571000000.0,365825171906.38,-0.1561888327859463,,11.9583,0.02256073006226311,89.3903,9.7,8.778,298.216,0.5020661157024794,0.03920635671314568,0.49848603743394115,393705272203.34,,0.07621154157236328,,52.64999999999999,0.3761431206314132,10,2023-12-31,True,-0.1561888327859463,-0.35423494985319964,,-0.23699518527097743,11.9583,-0.3682535140077014,-0.02256073006226311,0.8175165647328867,-89.3903,-1.2391870591153111,9.7,-0.42584047578997236,-8.778,0.488994485791769,298.216,0.25937722514296246,0.5020661157024794,0.5953100931823367,0.03920635671314568,0.2986529334600793,0.49848603743394115,0.9383473001962445,0.07033521986082877,0.07621154157236328,,False,True,True,False,True,True,True,True,True,True,8,8.000703352198608
601318.SH,20250320,20241231,56.5026,56.5026,12.5998,12.5998,,7.8211,,13.8549,12.8465,13.8549,12.8,,187772000000.0,5.4306,89.9311,9.9316,21.62,0.3717,222.8233,5424000000.0,14.2608,117392000000.0,47.7931,36.1,7.16,50.9933,-0.0784,,1,2024-12-31,2025-03-20,2024,2024-12-31,52.64999999999999,52.65,1821023.4607,95876885.2059,56665392.7642,7.353351955307261,1.0324885818332996,0.030769230769230778,3934.9109,-1.604,2.5500000000000003,0.0,117392000000.0,393705272203.34,0.0,393705272203.34,0.04888625926086432,,14.2608,0.020360242826749416,89.9311,12.8,7.8211,222.8233,0.3561452513966481,0.030769230769230778,0.41063627730275126,,,,,,,11,2024-12-31,True,0.04888625926086432,0.15937643484090394,,-0.25359485323030834,14.2608,-0.3053443225894189,-0.020360242826749416,0.7828635293872882,-89.9311,-1.1342811971284779,12.8,-0.015531406391172405,-7.8211,0.598659158386747,222.8233,0.4673371747805865,0.3561452513966481,-0.36801237548861665,0.030769230769230778,0.36852237547038375,0.41063627730275126,1.2915318337040094,0.1446842137947204,,,True,True,True,False,True,True,True,True,True,True,9,9.001446842137947
601328.SH,20150327,20141231,2.3888,2.3888,7.8852,7.8852,,29.9012,,14.7875,14.642,14.7875,14.72,,77043000000.0,2.6396,92.4444,13.2352,0.6694,0.2802,59.2961,13995000000.0,37.2236,65202000000.0,5.7067,5.14,0.89,6.3431,0.9457,,1,2014-12-31,2015-03-27,2014,2014-12-31,3.9484564607296733,6.8,7426272.6645,50498654.1186,22242156.2753,4.436467933404127,0.622480563246626,0.06838115164377528,3533.705,2.2025,0.27,0.0,65202000000.0,49711469216.163,0.0,49711469216.163,0.057067,,37.2236,0.012357488875209134,92.4444,14.72,29.9012,59.2961,0.30337078651685395,0.06838115164377528,0.09844117647058823,360134645795.3895,-6798462272.462,6.244498130389127,-0.37891947525496167,3.881971619431598,-0.01683818524005931,1,2014-12-31,True,0.057067,-0.24867653279310328,,0.14556856762403272,37.2236,1.2703141006199254,-0.012357488875209134,0.8211767975748269,-92.4444,-1.2752549091304106,14.72,0.1278502747877324,-29.9012,-0.940499529382196,59.2961,-0.6944175941977723,0.30337078651685395,-0.16839939593879463,0.06838115164377528,1.2154053109008345,0.09844117647058823,-0.2976230137064186,-0.004050538512849417,6.244498130389127,-0.37891947525496167,True,True,True,False,True,True,True,True,True,True,9,8.999959494614872
601328.SH,20160330,20151231,2.61,2.61,9.2598,9.2598,,29.9291,,13.227,13.135,13.227,13.37,,96027000000.0,2.2399,92.4799,13.2977,5.1051,1.956,442.3208,14452000000.0,34.4795,66065000000.0,1.0296,1.32,0.9,7.0016,0.2263,,1,2015-12-31,2016-03-30,2015,2015-12-31,3.881971619431598,6.44,7426272.6645,47825195.9594,25277556.4257,4.313301799368443,0.5544406449142479,0.06955228591793097,3731.0047,-0.9075,0.27,0.0,66065000000.0,379118645795.3895,18984000000.0,360134645795.3895,0.010296000000000001,,34.4795,0.01388828574936619,92.4799,13.37,29.9291,442.3208,0.3,0.06955228591793097,0.7530228336149773,457901851627.1465,103416506861.85349,0.27147403609510923,-0.3402567022919559,3.6445946480098024,-0.06114855920985651,2,2015-12-31,True,0.010296000000000001,0.048711392615780606,,0.003852571770943522,34.4795,1.2001875657378624,-0.01388828574936619,0.7785069311480309,-92.4799,-1.2025411203828729,13.37,0.2874795934325597,-29.9291,-1.1832493009361749,442.3208,0.4423017004437433,0.3,-0.26850495545527253,0.06955228591793097,1.54400307610918,0.7530228336149773,1.6118319843281539,0.29659813080108494,0.27147403609510923,-0.3402567022919559,True,True,True,False,True,True,True,True,True,True,9,9.00296598130801
601328.SH,20170329,20161231,2.6006,2.6006,-0.3606,-0.3606,,31.217,,11.5478,11.4516,11.5478,12.11,,123187000000.0,1.762,92.4742,13.2876,6.5317,2.5116,568.3257,14517000000.0,35.0289,66650000000.0,1.0251,0.89,0.89,7.6655,-0.189,,1,2016-12-31,2017-03-29,2016,2016-12-30,3.6445946480098024,5.77,7426272.6645,42849593.2742,22647748.5367,4.095050166303149,0.47545426234554855,0.07449388099942954,3310.0808,0.3735,0.2715,0.0,66650000000.0,485061851627.1465,27160000000.0,457901851627.1465,0.010251,,35.0289,0.016285719640371146,92.4742,12.11,31.217,568.3257,0.30505617977528093,0.07449388099942954,1.0686258996601772,-6798462272.462,-100431020665.9175,-1.0148469857640972,-0.40644290205352784,4.1017075773746,0.12542215898122233,3,2016-12-31,True,0.010251,0.06723556327553441,,-0.09756969915376158,35.0289,1.393532790966113,-0.016285719640371146,0.7851107798752385,-92.4742,-1.2542759598759123,12.11,0.3837208282990627,-31.217,-1.1842891272658804,568.3257,1.5056914340718386,0.30505617977528093,-0.09296338860367256,0.07449388099942954,1.8387394847572107,1.0686258996601772,2.5893597787605294,0.5394811350096638,-1.0148469857640972,-0.40644290205352784,True,True,True,False,True,True,True,True,True,True,9,9.005394811350097
601328.SH,20180330,20171231,2.6394,2.6394,1.4581,1.4581,,30.8171,,10.8012,10.6877,10.8012,11.27,,140709000000.0,1.4855,92.5177,13.3649,0.1444,0.0547,12.9127,15499000000.0,36.0648,69485000000.0,4.483,4.25,0.91,8.2311,-1.1779,,1,2017-12-31,2018-03-30,2017,2017-12-29,4.1017075773746,6.21,7426272.6645,46117153.2465,24374786.5533,4.507370964147912,0.4983182779184556,0.06962953711654048,4030.8549,0.2975,0.2856,0.0,69485000000.0,10723537727.538,17522000000.0,-6798462272.462,0.02143338430169428,,36.0648,0.017223737350061857,92.5177,11.27,30.8171,12.9127,0.31384615384615383,0.06962953711654048,-0.014741721450419232,103416506861.85349,149394327191.7465,16.211749762994884,7.658241094552928,4.018830783825448,-0.02020543687860843,4,2017-12-31,True,0.02143338430169428,-0.48357371818277417,,-0.25585184959592944,36.0648,1.4267728461269336,-0.017223737350061857,0.8547339821804351,-92.5177,-1.255537055172634,11.27,-0.05235153818452995,-30.8171,-1.418581047106139,12.9127,-0.2926433977419208,0.31384615384615383,-0.3161576715489372,0.06962953711654048,1.4569202783986794,-0.014741721450419232,-0.22945742378009815,-0.05142969041881041,16.211749762994884,7.658241094552928,True,True,True,False,True,True,False,True,True,False,7,6.999485703095812
601328.SH,20190330,20181231,2.8635,2.8635,8.4909,8.4909,,30.1146,,10.7525,10.7015,10.7525,11.12,,161185000000.0,1.4088,92.6,13.5135,1.6683,0.5826,143.1946,16264000000.0,34.8759,73281000000.0,4.8517,5.46,0.96,8.5982,0.1962,,1,2018-12-31,2019-03-30,2018,2018-12-28,4.018830783825448,5.79,7426272.6645,42998118.7275,22726250.2647,4.186282066484841,0.46740373378444877,0.07464857719499098,3010.6536,0.6737,0.3,0.0,73281000000.0,123892506861.85349,20476000000.0,103416506861.85349,0.035158015348284,,34.8759,0.018680063313899268,92.6,11.12,30.1146,143.1946,0.3125,0.07464857719499098,0.240514026944421,-100431020665.9175,-35487234887.8535,-1.9711314345598225,-0.44771621721620086,4.1080596070990945,0.022202682340536795,5,2018-12-31,True,0.035158015348284,-0.4725061061248046,,-0.22433466610981484,34.8759,1.3666221069086537,-0.018680063313899268,0.8377229542840091,-92.6,-1.237328020517771,11.12,-0.19842633785426345,-30.1146,-1.1315695952494704,143.1946,0.04938795745044107,0.3125,-0.25314538662131114,0.07464857719499098,1.1405730379017707,0.240514026944421,0.5000577474111212,0.03427760831623273,-1.9711314345598225,-0.44771621721620086,True,True,True,False,True,True,True,True,True,True,9,9.000342776083162
601328.SH,20200328,20191231,3.1304,3.1304,9.3194,9.3194,,28.6314,,10.3618,10.273,10.3618,11.1,,179073000000.0,1.3664,91.9146,12.368,-1.1115,-0.3551,-93.6436,16668000000.0,33.5791,76619000000.0,4.9586,4.56,1.0,9.3368,-1.0201,,1,2019-12-31,2020-03-28,2019,2019-12-31,4.1080596070990945,5.63,7426272.6645,41809915.1011,22098236.4404,4.1080596070990945,0.4399858203130724,0.07667853685853336,4096.5821,0.3662,0.315,0.0,76619000000.0,-82543020665.9175,17888000000.0,-100431020665.9175,0.047559682208716536,,33.5791,0.020881499682987092,91.9146,11.1,28.6314,-93.6436,0.315,0.07667853685853336,-0.24020862138338855,149394327191.7465,345202303796.568,2.487531702866038,1.4790693204406071,3.4665591525356736,-0.15615655952383234,6,2019-12-31,True,0.047559682208716536,-0.40809414772470853,,-0.15947457611490107,33.5791,1.2403326742298728,-0.020881499682987092,0.9269170116164686,-91.9146,-1.2511721218091973,11.1,-0.18785888622031274,-28.6314,-0.9705668667883048,-93.6436,-1.0741285784378878,0.315,-0.017942009620418718,0.07667853685853336,1.761411370469341,-0.24020862138338855,-1.2279579385653223,-0.12441218808776099,2.487531702866038,1.4790693204406071,True,True,True,False,True,True,False,True,True,False,7,6.998755878119122
601328.SH,20210327,20201231,3.3152,3.3152,5.9052,5.9052,,26.8091,,9.4314,9.3255,9.4314,10.23,,176824000000.0,1.3835,91.7867,12.1754,2.0117,0.6068,173.2894,25112000000.0,32.3193,77395000000.0,1.2849,1.01,0.99,9.8746,1.8769,,1,2020-12-31,2021-03-27,2020,2020-12-31,3.4665591525356736,4.48,7426272.6645,33269701.537,17584387.0787,3.5015749015511854,0.3510581848921145,0.09144514374379706,5211.2885,1.9082,0.317,0.0,77395000000.0,149394327191.7465,0.0,149394327191.7465,0.03659063497182258,,32.3193,0.019804668142436796,91.7867,10.23,26.8091,173.2894,0.3202020202020202,0.09144514374379706,0.4490401785708887,-35487234887.8535,114599207839.2695,-1.2375407122541264,-0.08458961235610074,3.82116684453931,0.10229385289567383,7,2020-12-31,True,0.03659063497182258,-0.16285655251873032,,-0.16648003056338787,32.3193,1.3462554226147176,-0.019804668142436796,0.9176059578889353,-91.7867,-1.3402998984942132,10.23,-0.13406044497985156,-26.8091,-0.6138405486925874,173.2894,-0.11624800592774148,0.3202020202020202,-0.12152364012126116,0.09144514374379706,2.445897223689401,0.4490401785708887,1.3928210206326117,0.3133882275934448,-1.2375407122541264,-0.08458961235610074,True,True,True,False,True,True,True,True,True,True,9,9.003133882275934
601328.SH,20220326,20211231,3.6275,3.6275,9.4192,9.4192,,27.6718,,9.5651,9.5007,9.5651,10.76,,177534000000.0,1.5204,91.623,11.9374,-0.4683,-0.1291,-37.0921,22918000000.0,33.015,86991000000.0,11.8903,12.4,1.1,10.636,-1.5191,,1,2021-12-31,2022-03-26,2021,2021-12-31,3.82116684453931,4.61,7426272.6645,34235116.9833,18094648.3109,3.4737880404902812,0.3592672851202811,0.09290355915950582,4940.3733,0.3833,0.355,0.0,86991000000.0,-34777234887.8535,710000000.0,-35487234887.8535,0.05883343190986756,,33.015,0.018828796959050802,91.623,10.76,27.6718,-37.0921,0.3227272727272727,0.09290355915950582,-0.10365740799181229,345202303796.568,-78474677515.269,10.727506380462547,-0.40378315154039757,4.225324321119412,0.10576807897243956,8,2021-12-31,True,0.05883343190986756,-0.318422344219167,,-0.2566092173720162,33.015,1.1624222673479023,-0.018828796959050802,0.9310106666224917,-91.623,-1.4846644206829112,10.76,-0.3887243897003794,-27.6718,-0.6523102622379501,-37.0921,-0.6485317955055498,0.3227272727272727,-0.2611332844920049,0.09290355915950582,2.023050255015399,-0.10365740799181229,-0.6162527554266771,-0.04637866187735115,10.727506380462547,-0.40378315154039757,True,True,True,False,True,True,False,True,True,False,7,6.9995362133812264
601328.SH,20230331,20221231,3.6758,3.6758,1.3319,1.3319,,28.1433,,9.2703,9.1615,9.2703,10.22,,200556000000.0,1.444,92.0281,12.5441,4.9584,1.3489,375.8623,23629000000.0,33.7133,91068000000.0,5.2157,4.69,1.14,11.4273,0.7338,,0,2022-12-31,2023-03-31,2022,2022-12-30,4.225324321119412,4.74,7426272.6645,35200532.4297,18604909.5431,3.7064248430872033,0.36975701356570767,0.08827724729570141,3871.6338,0.3872,0.373,0.0,91068000000.0,368224303796.568,23022000000.0,345202303796.568,0.05927756235128445,,33.7133,0.01884003181631253,92.0281,10.22,28.1433,375.8623,0.32719298245614037,0.08827724729570141,0.9806735295438541,114599207839.2695,,-0.6680230503131166,,5.465694296217242,0.2935561582570354,9,2022-12-31,True,0.05927756235128445,-0.21882048981238617,,-0.27740325293390655,33.7133,1.1451729810326894,-0.01884003181631253,0.949485251942921,-92.0281,-1.463536496357577,10.22,-0.34777557725671365,-28.1433,-1.0591471075837549,375.8623,0.6615697411500918,0.32719298245614037,-0.28027186216102445,0.08827724729570141,1.52032612356284,0.9806735295438541,2.3324340773057224,0.2692757626262638,-0.6680230503131166,,True,True,True,False,True,True,True,True,True,True,9,9.002692757626262
601328.SH,20240328,20231231,3.4687,3.4687,0.3111,0.3111,,30.0351,,8.7834,,8.7834,,,223276000000.0,1.2156,92.1806,12.7887,1.8491,0.5331,138.1088,,36.201,,0.6797,,,12.2974,0.359,,0,2023-12-31,2024-03-28,2023,2023-12-29,5.465694296217242,5.74,7426272.6645,42626805.0942,22529995.9446,,0.444459340691304,0.0686097647758189,3431.1099,0.4853,0.375,0.0,,137319207839.2695,22720000000.0,114599207839.2695,0.006797,,36.201,0.019117515587057373,92.1806,8.7834,30.0351,138.1088,0.0,0.0686097647758189,0.2688430615102852,-78474677515.269,,-1.6847750433435216,,7.77,0.4215943261549675,10,2023-12-31,True,0.006797,-0.24424149909630233,,-0.23699518527097743,36.201,1.2880903265882162,-0.019117515587057373,0.8304526906171258,-92.1806,-1.357386373051393,8.7834,-0.5411667193778796,-30.0351,-1.147879017887688,138.1088,-0.21554726105171984,0.0,-1.5010773191179556,0.0686097647758189,1.7022875105825863,0.2688430615102852,0.17564166883126806,-0.11343828893042905,-1.6847750433435216,,True,True,True,False,True,True,True,False,True,True,8,7.998865617110695
601328.SH,20250322,20241231,3.4987,3.4987,0.8661,0.8661,,29.8996,,8.3846,8.3075,8.3846,8.99,,244405000000.0,1.1111,92.2447,12.8944,-0.7722,-0.2207,-55.4886,24567000000.0,36.2662,92726000000.0,0.9253,0.98,1.16,13.0551,-1.5285,,1,2024-12-31,2025-03-22,2024,2024-12-31,7.77,7.77,7426272.6645,57702138.6032,30497921.3397,6.698275862068965,0.5951697037939196,0.025353925353925357,3934.9109,-1.604,0.379,0.0,92726000000.0,-57345677515.269,21129000000.0,-78474677515.269,0.021509478556557493,,36.2662,0.01955049934607379,92.2447,8.99,29.8996,-55.4886,0.3267241379310345,0.025353925353925357,-0.13599959969406925,,,,,,,11,2024-12-31,True,0.021509478556557493,0.05100175065411697,,-0.25359485323030834,36.2662,1.0769089987199205,-0.01955049934607379,0.7857272597749172,-92.2447,-1.2312230447610808,8.99,-0.4064257122522367,-29.8996,-1.016647223542054,-55.4886,-1.4782177477446796,0.3267241379310345,-0.5112892112302525,0.025353925353925357,0.017688966124021623,-0.13599959969406925,-1.2293644991469743,-0.38140321060314636,,,True,True,True,False,True,True,False,True,True,False,7,6.996185967893968
601390.SH,20160331,20151231,27.3199,27.1879,1.763,1.8847,0.3753,4.2655,0.3841,10.6911,9.7294,10.6911,9.91,2.8298,56686688000.0,11.5135,80.4669,5.1195,1.3377,0.0492,194.9965,3747840000.0,1.8977,11155095000.0,18.3176,13.78,0.53,5.1937,1.0779,10.7242,1,2015-12-31,2016-03-31,2015,2015-12-31,8.785377670116715,10.92,2284430.1543,24945977.285,18665020.92,16.576184283239083,1.691545077712751,0.009788992941365203,3731.0047,-0.9075,0.086,0.0,11155095000.0,30558822174.0711,4961000000.0,25597822174.0711,0.18317599999999998,10.7242,1.8977,0.09332517044374457,80.4669,9.91,5.024900000000001,194.9965,0.16226415094339622,0.009788992941365203,0.10261302606678413,50634991330.8265,2214931287.9147987,0.9780976282473124,-0.5576978198182136,7.225618439403948,-0.1775403732520523,2,2015-12-31,True,0.18317599999999998,0.3846551933008142,10.7242,-1.1516560621217875,1.8977,-0.9930705136777918,-0.09332517044374457,0.535259399131037,-80.4669,-0.6879437711783315,9.91,-0.21007010116142816,-5.024900000000001,1.1326355876720873,194.9965,-0.3057734628863216,0.16226415094339622,-1.170909562852918,0.009788992941365203,-0.8814551578202497,0.10261302606678413,-0.34895371693282257,-0.33611656077524654,0.9780976282473124,-0.5576978198182136,True,True,True,True,True,True,True,True,True,True,10,9.996638834392247
601390.SH,20170331,20161231,28.1627,27.9898,2.9494,3.0849,0.398,4.2089,0.3332,9.2346,7.9689,9.2346,8.18,2.9214,60546778000.0,10.9757,80.231,5.0584,2.3855,0.0852,331.5911,1949530000.0,1.9866,10794709000.0,2.0517,-3.23,0.517,5.6204,0.9423,8.5878,1,2016-12-31,2017-03-31,2016,2016-12-30,7.225618439403948,8.86,2284430.1543,20240051.1671,16238635.6742,13.97605114004632,1.2856057290235476,0.01217888831772568,3310.0808,0.3735,0.088,0.0,10794709000.0,54495081330.8265,3860090000.0,50634991330.8265,0.020516999999999997,8.5878,1.9866,0.09322507877097368,80.231,8.18,4.940099999999999,331.5911,0.1702127659574468,0.01217888831772568,0.2501722496291569,28552109700.7446,18322666514.262196,-0.43611899695612033,-0.2873997357206163,6.910063862585334,-0.04367163578660327,3,2016-12-31,True,0.020516999999999997,0.06871856915251823,8.5878,-1.289813593849298,1.9866,-0.8527977527307584,-0.09322507877097368,0.5457734935177474,-80.231,-0.7071930859963778,8.18,-0.05825900631932342,-4.940099999999999,1.0798614916756588,331.5911,0.6179926721239097,0.1702127659574468,-0.7495921741947774,0.01217888831772568,-0.726968650227009,0.2501722496291569,0.2794774156267168,-0.1629818746564539,-0.43611899695612033,-0.2873997357206163,True,True,True,True,True,True,True,True,True,True,10,9.998370181253435
601390.SH,20180330,20171231,30.3518,30.2021,7.9039,7.7732,0.4116,4.3229,0.5103,10.8665,10.6838,10.8665,11.05,2.7864,65169163000.0,11.0307,79.893,4.9734,1.4522,0.0481,172.354,4820687000.0,2.0586,15796818000.0,28.4405,46.34,0.669,6.2791,0.0813,9.3757,1,2017-12-31,2018-03-30,2017,2017-12-29,6.910063862585334,8.39,2284430.1543,19166368.9946,15377218.2062,10.328944488169407,1.1004863535515177,0.016352960297782566,4030.8549,0.2975,0.113,0.0,15796818000.0,33174494700.7446,4622385000.0,28552109700.7446,0.17232798535839255,9.3757,2.0586,0.09135103439149246,79.893,11.05,5.2448,172.354,0.16890881913303438,0.016352960297782566,0.14896984248184392,2214931287.9147987,23883340197.5762,-0.9224249517415858,-0.05778006822572712,5.844241356529399,-0.15424206306208688,4,2017-12-31,True,0.17232798535839255,0.06641353593062957,9.3757,-1.201887347396326,2.0586,-0.8912216214087179,-0.09135103439149246,0.6120142799963469,-79.893,-0.674751714496342,11.05,-0.08163153134952737,-5.2448,1.0186927502653151,172.354,0.03424140042139371,0.16890881913303438,-0.8160136825699309,0.016352960297782566,-0.5665553954181074,0.14896984248184392,0.4645831176740578,-0.18510147348647354,-0.9224249517415858,-0.05778006822572712,True,True,True,True,True,True,True,True,True,True,10,9.998148985265136
601390.SH,20190330,20181231,32.4123,32.2931,6.9236,6.7886,0.4777,4.6054,0.9391,9.9078,9.1389,9.9078,9.93,3.0441,74915508000.0,10.5713,76.4347,4.2435,0.5236,0.0162,52.7034,3658585000.0,2.3636,15863469000.0,7.0412,0.42,0.718,6.9974,0.0472,9.8999,1,2018-12-31,2019-03-30,2018,2018-12-28,5.844241356529399,6.99,2284430.1543,15968166.7786,13027201.1686,8.139611917171866,0.8352018401876982,0.021901901751027745,3010.6536,0.6737,0.128,0.0,15863469000.0,11961276287.914799,9746345000.0,2214931287.9147987,0.1245401443113534,9.8999,2.3636,0.11044166298316162,76.4347,9.93,6.0222,52.7034,0.17827298050139276,0.021901901751027745,0.013870917799300388,18322666514.262196,10555424285.627699,7.272340823498724,0.6828231544368772,5.070997577626074,-0.13230866621198467,5,2018-12-31,True,0.1245401443113534,-0.2931973400482402,9.8999,-1.0485983298555857,2.3636,-0.9766269830297284,-0.11044166298316162,0.5490850258072265,-76.4347,-0.5549903825322468,9.93,-0.3403637186129622,-6.0222,0.8466665441424696,52.7034,-0.291137516884179,0.17827298050139276,-1.1788831660245012,0.021901901751027745,-0.6844866293021501,0.013870917799300388,-0.0298905905612009,-0.3638566442637362,7.272340823498724,0.6828231544368772,True,True,True,True,True,True,True,True,True,True,10,9.996361433557363
601390.SH,20200331,20191231,34.6297,34.5303,15.0094,14.9166,0.5413,4.5417,0.6897,11.4595,8.6601,11.4595,9.48,3.5829,78790219000.0,11.0716,76.7584,4.3026,0.9034,0.0262,69.6247,3130038000.0,2.9912,17893515000.0,37.6752,12.8,0.95,7.7296,0.831,9.7667,1,2019-12-31,2020-03-31,2019,2019-12-31,5.070997577626074,5.94,2457092.9283,14595131.9941,11070325.4565,5.337892186974815,0.6560491587696743,0.033326775927807736,4096.5821,0.3662,0.169,0.0,17893515000.0,22197377514.262196,3874711000.0,18322666514.262196,0.183481774282245,9.7667,2.9912,0.09641902434760914,76.7584,9.48,5.7726999999999995,69.6247,0.17789473684210527,0.033326775927807736,0.12553957389127438,23883340197.5762,-768820167.911499,0.30348604985991673,-0.3473200196654975,4.6359597739117655,-0.08578939292610877,6,2019-12-31,True,0.183481774282245,-0.17319381492839597,9.7667,-1.0849463085041116,2.9912,-0.9506169227854236,-0.09641902434760914,0.6359144194554714,-76.7584,-0.6213605897623644,9.48,-0.38195191265172507,-5.7726999999999995,0.8709901848788613,69.6247,-0.2383846214498166,0.17789473684210527,-0.8691855685209038,0.033326775927807736,0.05036286131020077,0.12553957389127438,0.29788446915929967,-0.22404434579990076,0.30348604985991673,-0.3473200196654975,True,True,True,True,True,True,True,True,True,True,10,9.997759556542
601390.SH,20210331,20201231,39.6708,39.5347,14.493,14.5572,0.515,4.5576,0.5224,10.5653,9.1592,10.5653,10.17,3.2845,85900649000.0,11.8373,73.9031,3.8319,1.2614,0.0319,92.3056,4777163000.0,2.8052,21835586000.0,6.3783,22.03,0.963,8.49,0.2962,9.9477,1,2020-12-31,2021-03-31,2020,2020-12-31,4.6359597739117655,5.27,2457092.9283,12948879.7321,10731585.2021,4.814080762109829,0.5460494433347192,0.03882691153036434,5211.2885,1.9082,0.18,0.0,21835586000.0,30993770197.5762,7110430000.0,23883340197.5762,0.11394841273173784,9.9477,2.8052,0.10746152660998176,73.9031,10.17,5.595,92.3056,0.18691588785046728,0.03882691153036434,0.18444329310102325,10555424285.627699,19174654554.051704,-0.5580423760534585,-0.07058253776146439,5.27445496586655,0.13772664628106335,7,2020-12-31,True,0.11394841273173784,0.010030520911943957,9.9477,-0.7242943499594325,2.8052,-0.7682918950167565,-0.10746152660998176,0.5644066495094078,-73.9031,-0.5898679122832209,10.17,-0.141610816681612,-5.595,0.8296059144420036,92.3056,-0.5566964216955984,0.18691588785046728,-0.6716620373082943,0.03882691153036434,0.4592613980599247,0.18444329310102325,0.21532338215429944,-0.1248905061697577,-0.5580423760534585,-0.07058253776146439,True,True,True,True,True,True,True,True,True,True,10,9.998751094938303
601390.SH,20220331,20211231,43.6806,43.5644,10.1927,10.1075,0.5542,4.5694,0.3545,10.4096,9.8229,10.4096,10.92,3.1176,88414502000.0,12.3142,73.6847,3.8001,0.5319,0.0122,33.7001,6731425000.0,2.8465,26060894000.0,9.6468,19.35,1.037,9.3463,0.1079,9.9972,0,2021-12-31,2022-03-31,2021,2021-12-31,5.27445496586655,5.79,2457092.9283,14226568.0549,11790489.2449,5.086263226486548,0.5643361507619646,0.03716023764889588,4940.3733,0.3833,0.196,0.0,26060894000.0,13069277285.627699,2513853000.0,10555424285.627699,0.1799503004218641,9.9972,2.8465,0.10131346779660311,73.6847,10.92,5.4780999999999995,33.7001,0.18900675024108007,0.03716023764889588,0.07419515546472318,-768820167.911499,17040947670.788399,-1.072836500656665,0.17311165428258213,5.235942156646846,-0.007301760934340651,8,2021-12-31,True,0.1799503004218641,-0.15539178815652127,9.9972,-1.127958552460289,2.8465,-1.0451384036026221,-0.10131346779660311,0.5751217706281776,-73.6847,-0.6692962864942222,10.92,-0.37601182373794395,-5.4780999999999995,0.8089973837512742,33.7001,-0.4458684195421125,0.18900675024108007,-1.0236144017731184,0.03716023764889588,0.15196664622886016,0.07419515546472318,-0.04871160641960773,-0.3050823165071024,-1.072836500656665,0.17311165428258213,True,True,True,True,True,True,False,True,True,True,9,8.99694917683493
601390.SH,20230331,20221231,46.6366,46.5212,7.575,7.5551,0.5482,4.5742,0.2758,10.8502,9.8588,10.8502,10.95,3.0101,132734811000.0,10.4396,73.7746,3.8131,1.7595,0.0378,101.169,7256721000.0,3.0371,28418020000.0,13.2459,9.04,1.198,10.3267,2.2976,9.8096,1,2022-12-31,2023-03-31,2022,2022-12-30,5.235942156646846,5.56,2475219.5983,13762220.9665,11322127.8413,4.370569412893862,0.5070295599413991,0.03819751899781914,3871.6338,0.3872,0.2,0.0,28418020000.0,43551488832.0885,44320309000.0,-768820167.911499,0.1667184113522544,9.8096,3.0371,0.13618564912977615,73.7746,10.95,5.398200000000001,101.169,0.16694490818030053,0.03819751899781914,-0.005586454176131608,19174654554.051704,,25.94036363033982,,5.49112530279674,0.04873681536491903,9,2022-12-31,True,0.1667184113522544,-0.02356967316822062,9.8096,-1.0326611222852187,3.0371,-0.9322970861692834,-0.13618564912977615,0.46290820409055194,-73.7746,-0.6681890768641476,10.95,-0.29418869742155945,-5.398200000000001,0.7707846679075887,101.169,-0.2303838007204651,0.16694490818030053,-1.0450029304671902,0.03819751899781914,0.030997891565937512,-0.005586454176131608,-0.5022214460752902,-0.31489300632793604,25.94036363033982,,True,True,True,True,True,True,True,True,True,False,9,8.99685106993672
601390.SH,20240329,20231231,51.045,50.9386,9.4954,9.4525,0.5421,4.543,0.3855,10.5663,9.7426,10.5663,10.84,2.8491,151923585000.0,8.8771,74.861,3.9779,1.5499,0.0304,82.8906,8274448000.0,2.985,30872445000.0,7.0665,9.3,1.294,11.4261,-0.357,10.0104,1,2023-12-31,2024-03-29,2023,2023-12-29,5.49112530279674,5.68,2475219.5983,14059247.3183,11566490.3127,4.243528054711545,0.48057738885505463,0.038243527222560886,3431.1099,0.4853,0.21,0.0,30872445000.0,38363428554.051704,19188774000.0,19174654554.051704,0.12236829820200446,10.0104,2.985,0.13503911502545088,74.861,10.84,5.470600000000001,82.8906,0.16228748068006182,0.038243527222560886,0.13638464506626408,17040947670.788399,,-0.11127746146604985,,6.39,0.16369589977220977,10,2023-12-31,True,0.12236829820200446,-0.16624646308364474,10.0104,-0.9895806884736803,2.985,-0.9813399352734575,-0.13503911502545088,0.39493628179748735,-74.861,-0.6237144246417738,10.84,-0.28240613399397146,-5.470600000000001,0.7436762357044775,82.8906,-0.37934048998580405,0.16228748068006182,-0.823442599245287,0.038243527222560886,0.25269020825565974,0.13638464506626408,-0.26428809491264077,-0.2835505548956941,-0.11127746146604985,,True,True,True,True,True,True,True,True,True,True,10,9.997164494451043
601390.SH,20250329,20241231,46.8967,46.7806,-8.201,-8.165,0.5984,4.372,0.5379,8.1155,7.079,8.1155,7.88,2.1312,162934964000.0,7.3704,77.3916,4.4231,1.1338,0.0242,72.9541,5314166000.0,2.6574,24325141000.0,-16.7132,-21.21,1.085,12.304,0.1348,9.8032,1,2024-12-31,2025-03-29,2024,2024-12-31,6.39,6.39,2474186.5118,15810051.8104,13050557.8519,5.889400921658986,0.5193433029908973,0.02785602503912363,3934.9109,-1.604,0.178,0.0,24325141000.0,28052326670.7884,11011379000.0,17040947670.788399,-0.022713231602584538,9.8032,2.6574,0.12100652054373601,77.3916,7.88,5.5083,72.9541,0.1640552995391705,0.02785602503912363,0.10778552705044714,,,,,,,11,2024-12-31,True,-0.022713231602584538,-0.12405982065133879,9.8032,-0.9803227972562105,2.6574,-1.0342035202627533,-0.12100652054373601,0.426918948444954,-77.3916,-0.6088652659437321,7.88,-0.5203083052983736,-5.5083,0.7678681445101219,72.9541,-0.5803318605532372,0.1640552995391705,-1.3034644110504037,0.02785602503912363,0.17978881013310807,0.10778552705044714,-0.10511148562324234,-0.3529174148682826,,,False,True,True,True,False,True,True,True,True,True,8,7.9964708258513175
601398.SH,20150327,20141231,1.8639,1.8639,11.7454,11.7454,,26.7511,,19.6657,19.5633,19.6657,19.86,,196238000000.0,3.6919,92.541,13.4066,0.5699,0.3058,56.0207,54419000000.0,41.9319,274375000000.0,5.0113,4.9087,0.78,4.2332,0.1043,,1,2014-12-31,2015-03-27,2014,2014-12-31,2.9236138845222417,4.87,35151195.088,171186320.0786,128917620.3827,3.748222928874669,0.6906392054526698,0.08735763684530998,3533.705,2.2025,0.2554,0.0,274375000000.0,200326660806.512,0.0,200326660806.512,0.050113000000000005,,41.9319,0.009836839256522428,92.541,19.86,26.7511,56.0207,0.32743589743589746,0.08735763684530998,0.11702258726896649,1106504069386.1194,768803093457.7981,4.523498794076392,0.565640774968871,2.879891235076688,-0.014955001300624327,1,2014-12-31,True,0.050113000000000005,-0.26687745279924535,,0.14556856762403272,41.9319,1.5929358802440592,-0.009836839256522428,0.8293206169755157,-92.541,-1.2794488139821967,19.86,0.893577105469047,-26.7511,-0.6715089935474114,56.0207,-0.7121155410620548,0.32743589743589746,-0.022951540843777794,0.08735763684530998,1.875712749946586,0.11702258726896649,-0.23707731083598801,0.19519411519896057,4.523498794076392,0.565640774968871,True,True,True,False,True,True,True,True,True,True,9,9.00195194115199
601398.SH,20160331,20151231,1.9574,1.9574,5.8818,5.8818,,25.489,,16.693,16.5325,16.693,16.93,,221502000000.0,3.3401,91.8931,12.3352,3.1755,1.6223,314.7855,53775000000.0,39.8081,274467000000.0,0.4786,0.0335,0.77,4.7982,1.2543,,1,2015-12-31,2016-03-31,2015,2015-12-31,2.879891235076688,4.58,35640625.7089,163234065.7468,123482393.3429,3.7401184871125817,0.600202416547182,0.08101000383571344,3731.0047,-0.9075,0.2333,0.0,274467000000.0,1131768069386.1194,25264000000.0,1106504069386.1194,0.004786,,39.8081,0.01050044707159489,91.8931,16.93,25.489,314.7855,0.30298701298701297,0.08101000383571344,0.67786344984047,217102879758.1368,681227233153.4302,-0.8037938713785445,-0.14929367473806476,2.9191400773250633,0.013628584916794528,2,2015-12-31,True,0.004786,0.03800425273971319,,0.003852571770943522,39.8081,1.558884599111533,-0.01050044707159489,0.7888809960476066,-91.8931,-1.1774045413007765,16.93,0.7994093370032527,-25.489,-0.7703566766435038,314.7855,0.05654910606523369,0.30298701298701297,-0.24893492847755097,0.08101000383571344,2.009007845451848,0.67786344984047,1.385249538445032,0.4039220091103028,-0.8037938713785445,-0.14929367473806476,True,True,True,False,True,True,True,True,True,True,9,9.004039220091103
601398.SH,20170331,20161231,1.8964,1.8964,-3.1185,-3.1185,,25.9148,,14.8035,14.6832,14.8035,15.11,,243619000000.0,2.9063,91.7921,12.1834,0.6712,0.3539,66.3922,54186000000.0,41.2945,275988000000.0,0.4034,0.5542,0.77,5.2852,-0.7069,,1,2016-12-31,2017-03-31,2016,2016-12-30,2.9191400773250633,4.41,35640625.7089,157175159.3762,118898985.7297,3.791091009513069,0.552323483941017,0.08026336311161177,3310.0808,0.3735,0.2343,0.0,275988000000.0,239219879758.1368,22117000000.0,217102879758.1368,0.004033999999999999,,41.2945,0.010615388839891476,91.7921,15.11,25.9148,66.3922,0.30428571428571427,0.08026336311161177,0.1381279844854487,768803093457.7981,694528873189.3344,2.5411925181014743,0.473470935180758,4.291031142456558,0.4699641088784676,3,2016-12-31,True,0.004033999999999999,0.06633746785987023,,-0.09756969915376158,41.2945,1.8194900837268202,-0.010615388839891476,0.8027496269084249,-91.7921,-1.2237965730919649,15.11,0.7211100150306551,-25.9148,-0.7274247554506423,66.3922,-0.3764404829786928,0.30428571428571427,-0.09671522048355563,0.08026336311161177,2.076287569942465,0.1381279844854487,-0.0367397237750454,0.2661171189576884,2.5411925181014743,0.473470935180758,True,True,True,False,True,True,True,True,True,True,9,9.002661171189576
601398.SH,20180328,20171231,2.0384,2.0384,7.488,7.488,,24.4628,,13.963,13.8612,13.963,14.24,,245687000000.0,2.9695,91.7926,12.1841,2.1629,1.0611,213.0388,57425000000.0,39.5664,283963000000.0,2.8032,2.8896,0.79,5.7278,0.9286,,1,2017-12-31,2018-03-28,2017,2017-12-29,4.291031142456558,6.2,35640625.7089,220971879.3952,167159571.7742,5.4316849904513385,0.7491586896289252,0.0561170478623339,4030.8549,0.2975,0.2408,0.0,283963000000.0,770871093457.7981,2068000000.0,768803093457.7981,0.011515183159596543,,39.5664,0.009877693759455323,91.7926,14.24,24.4628,213.0388,0.30481012658227846,0.0561170478623339,0.3479189730213691,681227233153.4302,1557602265356.057,-0.11391195099187673,0.26535916782785884,3.823040319496963,-0.109062555694172,4,2017-12-31,True,0.011515183159596543,-0.5197240123197864,,-0.25585184959592944,39.5664,1.6654554812794307,-0.009877693759455323,0.8787875978349599,-91.7926,-1.2221796327765069,14.24,0.3429283695429374,-24.4628,-0.812958209479589,213.0388,0.11765292953157291,0.30481012658227846,-0.34732088117010074,0.0561170478623339,0.9437080014235013,0.3479189730213691,1.30801017294681,0.19077345156520906,-0.11391195099187673,0.26535916782785884,True,True,True,False,True,True,True,True,True,True,9,9.001907734515653
601398.SH,20190329,20181231,2.1711,2.1711,6.5089,6.5089,,23.9136,,13.3562,13.2603,13.3562,13.69,,288606000000.0,2.8965,91.5346,11.8128,2.0318,0.9358,195.0858,57515000000.0,38.6052,295539000000.0,4.0647,4.0766,0.82,6.296,-0.0303,,1,2018-12-31,2019-03-29,2018,2018-12-28,3.823040319496963,5.29,35640625.7089,188538910.0001,142624860.4331,4.6622442920694676,0.6072173315592381,0.06554992337433,3010.6536,0.6737,0.2506,0.0,295539000000.0,724146233153.4302,42919000000.0,681227233153.4302,0.024963078428778873,,38.6052,0.010887858430033247,91.5346,13.69,23.9136,195.0858,0.30560975609756097,0.06554992337433,0.3613191744627509,694528873189.3344,356937975928.32135,0.019525995715600375,-0.19381709435116246,4.436793134214216,0.160540502695512,5,2018-12-31,True,0.024963078428778873,-0.49295808663222995,,-0.22433466610981484,38.6052,1.6354028093230388,-0.010887858430033247,0.8622334890180624,-91.5346,-1.1923574650990796,13.69,0.10811069454057352,-23.9136,-0.6224031236497368,195.0858,0.244658608008646,0.30560975609756097,-0.30066606549518315,0.06554992337433,0.8257553555706714,0.3613191744627509,0.7825304305088787,0.14781563454398422,0.019525995715600375,-0.19381709435116246,True,True,True,False,True,True,True,True,True,True,9,9.00147815634544
601398.SH,20200328,20191231,2.3994,2.3994,10.5164,10.5164,,23.2762,,12.4735,12.4047,12.4735,12.98,,284616000000.0,2.9837,91.0593,11.1848,1.9487,0.8121,177.8233,59994000000.0,36.6434,310502000000.0,4.8872,5.063,0.86,6.9304,-0.1658,,1,2019-12-31,2020-03-28,2019,2019-12-31,4.436793134214216,5.88,35640625.7089,209566879.1683,158531980.9729,5.159061783970019,0.6401929375236951,0.05923197049089905,4096.5821,0.3662,0.2628,0.0,310502000000.0,694528873189.3344,0.0,694528873189.3344,0.04005921810920077,,36.6434,0.0103021404591991,91.0593,12.98,23.2762,177.8233,0.3055813953488372,0.05923197049089905,0.331411564625901,1557602265356.057,1400956340439.1667,1.2426746035818752,0.26350829860046665,3.9621918681225305,-0.10696943754979482,6,2019-12-31,True,0.04005921810920077,-0.42105643727032527,,-0.15947457611490107,36.6434,1.4598223041205807,-0.0103021404591991,0.9676731916897949,-91.0593,-1.215630376295173,12.98,0.03738487284824001,-23.2762,-0.5391378562545471,177.8233,0.3154664696962877,0.3055813953488372,-0.07641917058760374,0.05923197049089905,1.072813704944546,0.331411564625901,1.1567491692015937,0.23619920872531752,1.2426746035818752,0.26350829860046665,True,True,True,False,True,True,True,True,True,True,9,9.002361992087254
601398.SH,20210327,20201231,2.4766,2.4766,3.184,3.184,,22.3016,,11.3438,11.2788,11.3438,11.88,,284240000000.0,3.1033,91.2745,11.4607,4.3703,1.7647,397.9784,86428000000.0,35.9916,314097000000.0,1.1793,1.1578,0.86,7.4849,0.956,,1,2020-12-31,2021-03-27,2020,2020-12-31,3.9621918681225305,4.99,35640625.7089,177846722.2874,134536494.057,4.6071998466541055,0.5293580232364535,0.06713455805613046,5211.2885,1.9082,0.266,0.0,314097000000.0,1557602265356.057,0.0,1557602265356.057,0.034190817888130054,,35.9916,0.00929699778952418,91.2745,11.88,22.3016,397.9784,0.30930232558139537,0.06713455805613046,0.8758116232465473,356937975928.32135,1411892996934.4463,-0.7708413862336495,-0.032208645835995364,3.877184857883333,-0.021454541594291276,7,2020-12-31,True,0.034190817888130054,-0.16821990917636592,,-0.16648003056338787,35.9916,1.6093585534754948,-0.00929699778952418,0.9599449370197345,-91.2745,-1.3188069516973007,11.88,0.07357477681855853,-22.3016,-0.3071419410411118,397.9784,1.105773115462759,0.30930232558139537,-0.16651212033766394,0.06713455805613046,1.5280351360150781,0.8758116232465473,3.0581111367969127,0.5643306093429734,-0.7708413862336495,-0.032208645835995364,True,True,True,False,True,True,True,True,True,True,9,9.005643306093429
601398.SH,20220331,20211231,2.6452,2.6452,6.8086,6.8086,,23.9663,,11.3258,11.2464,11.3258,12.06,,288199000000.0,3.2938,90.6877,10.7385,1.0126,0.3828,85.2013,95510000000.0,37.1479,345899000000.0,10.2663,10.1249,0.95,8.1464,-0.9943,,1,2021-12-31,2022-03-31,2021,2021-12-31,3.877184857883333,4.63,35640625.7089,165016097.0322,124830454.4056,4.081247218824561,0.4759384338951356,0.07564766983024919,4940.3733,0.3833,0.2933,0.0,345899000000.0,360896975928.32135,3959000000.0,356937975928.32135,0.05384846914143404,,37.1479,0.009243528772398424,90.6877,12.06,23.9663,85.2013,0.3087368421052632,0.07564766983024919,0.21630494378901177,1400956340439.1667,575702808395.3339,2.924929357251974,0.17274033870148942,3.868513404427072,-0.002236533406094865,8,2021-12-31,True,0.05384846914143404,-0.32513240254608616,,-0.2566092173720162,37.1479,1.4648445785987574,-0.009243528772398424,0.9723673269342655,-90.6877,-1.4421512608011677,12.06,-0.28543479125559146,-23.9663,-0.4083277139376184,85.2013,-0.29843117280916476,0.3087368421052632,-0.34090742067977803,0.07564766983024919,1.4438380587550592,0.21630494378901177,0.40477161014605395,0.08443887227570122,2.924929357251974,0.17274033870148942,True,True,True,False,True,True,True,True,True,True,9,9.000844388722758
601398.SH,20230331,20221231,2.5757,2.5757,-2.6277,-2.6277,,25.0128,,10.6763,10.6001,10.6763,11.34,,291911000000.0,3.1649,91.1289,11.2726,3.9412,1.5301,334.1414,94144000000.0,39.3292,357909000000.0,3.4866,3.4721,0.97,8.8125,1.3751,,1,2022-12-31,2023-03-31,2022,2022-12-30,3.868513404427072,4.34,35640625.7089,154680315.5766,117011700.2419,3.9881581488938886,0.438980244473994,0.07845390936287797,3871.6338,0.3872,0.3035,0.0,357909000000.0,1404668340439.1667,3712000000.0,1400956340439.1667,0.04850234426991884,,39.3292,0.008244833962965579,91.1289,11.34,25.0128,334.1414,0.31288659793814433,0.07845390936287797,0.9057108108532352,1411892996934.4463,,0.0078065648297442,,4.540969537324214,0.17382804777866157,9,2022-12-31,True,0.04850234426991884,-0.2384021493903612,,-0.27740325293390655,39.3292,1.5254959724853325,-0.008244833962965579,0.9934185509524769,-91.1289,-1.4243562624512858,11.34,-0.26556009038634,-25.0128,-0.8072862046562823,334.1414,0.5260982734258068,0.31288659793814433,-0.348544362566949,0.07845390936287797,1.2281884660105182,0.9057108108532352,2.116980253677459,0.27532992674240625,0.0078065648297442,,True,True,True,False,True,True,True,True,True,True,9,9.002753299267424
601398.SH,20240328,20231231,2.3655,2.3655,-3.7299,-3.7299,,26.957,,10.0383,9.9671,10.0383,10.58,,297018000000.0,2.8631,91.5507,11.8353,3.9758,1.6808,336.772,94538000000.0,43.3079,361411000000.0,0.7922,0.9785,0.98,9.5468,2.3257,,1,2023-12-31,2024-03-28,2023,2023-12-29,4.540969537324214,4.78,35640625.7089,170362190.8885,128874637.5936,4.633642385024708,0.47565357369214967,0.06747457728609814,3431.1099,0.4853,0.3064,0.0,361411000000.0,1416999996934.4463,5107000000.0,1411892996934.4463,0.04788235176148414,,43.3079,0.0073756509239492445,91.5507,10.58,26.957,336.772,0.3126530612244898,0.06747457728609814,0.8287595912983493,575702808395.3339,,-0.5922475643371553,,6.92,0.5239036384458196,10,2023-12-31,True,0.04788235176148414,-0.2165144289665832,,-0.23699518527097743,43.3079,1.7736579424367445,-0.0073756509239492445,0.8745667707859452,-91.5507,-1.3307033110694064,10.58,-0.31511922949130494,-26.957,-0.9108541964550497,336.772,0.37374552644185577,0.3126530612244898,-0.19558801906612128,0.06747457728609814,1.6480969076193972,0.8287595912983493,2.0352739464832696,0.3181424294043426,-0.5922475643371553,,True,True,True,False,True,True,True,True,True,True,9,9.003181424294043
601398.SH,20250329,20241231,2.3058,2.3058,-2.5226,-2.5226,,28.0432,,9.4701,9.429,9.4701,9.83,,300511000000.0,2.7507,91.833,12.2444,1.6251,0.7048,137.6134,96660000000.0,44.6513,364277000000.0,0.5137,0.793,0.98,10.2285,-1.3056,,1,2024-12-31,2025-03-29,2024,2024-12-31,6.92,6.92,35640625.7089,246633129.9056,186571651.077,7.061224489795919,0.6765410372977465,0.023786127167630056,3934.9109,-1.604,0.308,0.0,364277000000.0,579195808395.3339,3493000000.0,575702808395.3339,0.01740565746948186,,44.6513,0.0067323330978290305,91.833,9.83,28.0432,137.6134,0.3142857142857143,0.023786127167630056,0.23342476682499502,,,,,,,11,2024-12-31,True,0.01740565746948186,0.034756220579759765,,-0.25359485323030834,44.6513,1.6036130043054109,-0.0067323330978290305,0.8310598534602036,-91.833,-1.213972457507302,9.83,-0.3202442904875927,-28.0432,-0.8808293569563427,137.6134,-0.12832740295714454,0.3142857142857143,-0.5718626488602839,0.023786127167630056,-0.08388166391107153,0.23342476682499502,0.47429340186767777,-0.04627183579063576,,,True,True,True,False,True,True,True,True,True,True,9,8.999537281642093
601601.SH,20150330,20141231,24.2527,24.2527,13.7938,13.7938,,12.3147,,10.2259,10.174,10.2259,10.2,,19004000000.0,12.2562,85.5539,6.9223,4.42,0.1822,277.7007,2090000000.0,5.1165,10993000000.0,19.3068,19.1,1.22,12.9255,-0.5841,,1,2014-12-31,2015-03-30,2014,2014-12-31,23.21105943810919,32.3,906200.0,29270260.0,20306041.0,19.025458555827203,1.7957571806204162,0.02154145532793185,3533.705,2.2025,0.5,0.0,10993000000.0,40054040000.0,0.0,40054040000.0,0.193068,,5.1165,0.02343814274982073,85.5539,10.2,12.3147,277.7007,0.4098360655737705,0.02154145532793185,0.1368421052631579,39822620000.0,84872000000.0,-0.005777694334953478,0.28441697436698465,21.10675925336051,-0.09065937685264469,1,2014-12-31,True,0.193068,0.10728310507795318,,0.14556856762403272,5.1165,-0.9297261985475069,-0.02343814274982073,0.7853769611646414,-85.5539,-0.9761027209188744,10.2,-0.5455126191187937,-12.3147,0.5612312278821582,277.7007,0.48568651696876913,0.4098360655737705,0.47506933906990323,0.02154145532793185,-0.41443285942029545,0.1368421052631579,-0.17249735721824666,-0.04345963976693267,-0.005777694334953478,0.28441697436698465,True,True,True,False,True,True,True,True,True,True,9,8.99956540360233
601601.SH,20160328,20151231,27.279,27.279,12.478,12.478,,11.7386,,14.156,14.0825,14.156,14.13,,20051000000.0,12.6592,85.3133,6.8089,4.51,0.1654,169.1232,2654000000.0,7.2969,17636000000.0,60.4489,60.4,1.96,14.7137,1.12,,1,2015-12-31,2016-03-28,2015,2015-12-31,21.10675925336051,28.86,906200.0,26152932.0,18143416.2,10.768754721102303,1.4344970505964179,0.04737818762209007,3731.0047,-0.9075,1.0,0.0,17636000000.0,40869620000.0,1047000000.0,39822620000.0,0.604489,,7.2969,0.022085799557814017,85.3133,14.13,11.7386,169.1232,0.5102040816326531,0.04737818762209007,0.1522682810477999,58541140000.0,88344940000.0,0.47004742530752625,0.30421928249085495,21.0880040772122,-0.0008885862544399936,2,2015-12-31,True,0.604489,1.2033588634651686,,0.003852571770943522,7.2969,-0.6296210105078932,-0.022085799557814017,0.7534049270821379,-85.3133,-0.8955475831474391,14.13,0.39676796565551686,-11.7386,0.5083169435618854,169.1232,-0.3840317380472652,0.5102040816326531,1.1086901107409108,0.04737818762209007,0.6440802871708788,0.1522682810477999,-0.19925838203886143,0.22818299597327119,0.47004742530752625,0.30421928249085495,True,True,True,False,True,True,True,True,True,True,9,9.002281829959733
601601.SH,20170330,20161231,29.4652,29.4652,8.0145,8.0145,,12.6282,,9.0962,9.1015,9.0962,9.1,,24672000000.0,11.9408,86.7969,7.574,6.97,0.2365,392.8385,3269000000.0,4.6005,12064000000.0,-31.9889,-31.6,1.33,14.5403,1.3467,,1,2016-12-31,2017-03-30,2016,2016-12-30,21.0880040772122,27.77,906200.0,25165174.0,17458165.9,15.855642163317443,1.450314235415514,0.03319422726954152,3310.0808,0.3735,0.7,0.0,12064000000.0,63162140000.0,4621000000.0,58541140000.0,-0.31988900000000003,,4.6005,0.024721887775800675,86.7969,9.1,12.6282,392.8385,0.5263157894736842,0.03319422726954152,0.232627598760096,84872000000.0,111825080000.0,0.4497838614007175,0.24077398944156547,32.086844619991076,0.5215685895406421,3,2016-12-31,True,-0.31988900000000003,0.019544197580284226,,-0.09756969915376158,4.6005,-0.675095734161553,-0.024721887775800675,0.7588681699600468,-86.7969,-1.0005879044756671,9.1,0.045207010945031594,-12.6282,0.41741590739880546,392.8385,0.8476559370312347,0.5263157894736842,0.9844746908927189,0.03319422726954152,0.13830026480819607,0.232627598760096,0.229961991499464,0.15165225748407274,0.4497838614007175,0.24077398944156547,False,True,True,False,True,True,True,True,True,True,8,8.00151652257484
601601.SH,20180330,20171231,35.2912,35.2912,19.7621,19.7621,,11.3483,,10.8905,10.7494,10.8905,10.75,,25889000000.0,12.6504,87.9512,8.2996,9.5,0.2691,409.3184,3678000000.0,4.6875,14472000000.0,21.6057,20.0,1.62,15.173,-0.8397,,1,2017-12-31,2018-03-30,2017,2017-12-29,32.086844619991076,41.42,906200.0,37534804.0,26039511.4,19.806694209871033,2.1147330534496196,0.024932336272840482,4030.8549,0.2975,0.8,0.0,14472000000.0,86089000000.0,1217000000.0,84872000000.0,0.09598373398970517,,4.6875,0.022686243949605583,87.9512,10.75,11.3483,409.3184,0.49382716049382713,0.024932336272840482,0.22611547405442692,88344940000.0,111114943805.25,0.04091973795833726,0.09396311245232081,22.567229406893038,-0.29668280960126037,4,2017-12-31,True,0.09598373398970517,-0.21184933685320725,,-0.25585184959592944,4.6875,-0.7120256025737856,-0.022686243949605583,0.8368477509547257,-87.9512,-1.0454602804216864,10.75,-0.12155879475634235,-11.3483,0.4369734437400252,409.3184,0.520063204846539,0.49382716049382713,0.3045560197889062,0.024932336272840482,-0.2407056577160107,0.22611547405442692,0.7916351268382473,0.02751127493195291,0.04091973795833726,0.09396311245232081,True,True,True,False,True,True,True,True,True,True,9,9.00027511274932
601601.SH,20190325,20181231,39.1043,39.1043,10.8046,10.8046,,11.2718,,12.5536,12.5988,12.5536,12.55,,26986000000.0,13.4038,88.4691,8.6723,9.87,0.2524,316.5776,5407000000.0,5.202,18084000000.0,22.8959,25.0,1.99,16.5058,1.0301,,1,2018-12-31,2019-03-25,2018,2018-12-28,22.567229406893038,28.43,906200.0,25763266.0,17873088.1,11.340316284870873,1.3672302709891697,0.04431204123331841,3010.6536,0.6737,1.0,0.0,18084000000.0,89441940000.0,1097000000.0,88344940000.0,0.008396824533831726,,5.202,0.020803843915434477,88.4691,12.55,11.2718,316.5776,0.5025125628140703,0.04431204123331841,0.3429104834767455,111825080000.0,107893248197.84999,0.2657779834362896,0.0689011130369157,30.832235459004902,0.3662392889748072,5,2018-12-31,True,0.008396824533831726,-0.5261915145990373,,-0.22433466610981484,5.202,-0.7720558448180023,-0.020803843915434477,0.8310425603547864,-88.4691,-1.0629626484705834,12.55,-0.027862930724062172,-11.2718,0.4156198888755833,316.5776,0.7018417686117411,0.5025125628140703,1.0573344900478703,0.04431204123331841,0.09091468957327042,0.3429104834767455,0.7394863016620888,0.11116655403671279,0.2657779834362896,0.0689011130369157,True,True,True,False,True,True,True,True,True,True,9,9.001111665540368
601601.SH,20200323,20191231,42.5391,42.5391,8.7836,8.7836,,11.7874,,16.9151,13.9724,16.9151,13.97,,26648000000.0,14.3748,88.0052,8.3369,12.34,0.29,398.3147,4837000000.0,7.3553,22915000000.0,53.9542,26.7,3.06,19.6896,0.4883,,1,2019-12-31,2020-03-23,2019,2019-12-31,30.832235459004902,37.84,906200.0,34290608.0,23788872.8,10.075893940851275,1.565914770183493,0.03892030474389512,4096.5821,0.3662,1.2,0.0,22915000000.0,111825080000.0,0.0,111825080000.0,0.23844344182586852,,7.3553,0.01791426837840355,88.0052,13.97,11.7874,398.3147,0.39215686274509803,0.03892030474389512,0.32610993657505283,111114943805.25,143734851577.9,-0.006350419733659032,0.08727888919177684,32.594865260877874,0.05716840753297303,6,2019-12-31,True,0.23844344182586852,-0.07820915275844215,,-0.15947457611490107,7.3553,-0.6380252399195042,-0.01791426837840355,0.9383480454636695,-88.0052,-1.088718129160388,13.97,0.15599727788965873,-11.7874,0.38643011809192657,398.3147,1.4441261979952875,0.39215686274509803,0.4611007413576759,0.03892030474389512,0.2711335736464024,0.32610993657505283,1.1346316331085127,0.25703095359999073,-0.006350419733659032,0.08727888919177684,True,True,True,False,True,True,True,True,True,True,9,9.002570309536
601601.SH,20210329,20201231,43.8859,43.8859,9.5186,9.5186,,12.5503,,12.4903,12.4826,12.4903,12.5,,26204000000.0,15.976,87.5305,8.0196,11.55,0.256,367.849,4979000000.0,6.005,24569000000.0,-11.3803,7.2,2.63,22.3726,-0.8086,,0,2020-12-31,2021-03-29,2020,2020-12-31,32.594865260877874,38.4,962034.1455,36942111.1872,26284959.1872,12.393484890067633,1.456910026589573,0.0030679678900230162,5211.2885,1.9082,0.1,0.0,24569000000.0,111114943805.25,0.0,111114943805.25,0.19294285993876326,,6.005,0.015181264218644498,87.5305,12.5,12.5503,367.849,0.038022813688212934,0.0030679678900230162,0.30078125,107893248197.84999,136766493050.15,-0.02899426033141538,0.07168975739573624,24.06712110594381,-0.26162845241669175,7,2020-12-31,True,0.19294285993876326,0.18657539061182413,,-0.16648003056338787,6.005,-0.5390411807155517,-0.015181264218644498,0.9362352254304734,-87.5305,-1.1617011476995622,12.5,0.15159528440341555,-12.5503,0.35635448331647757,367.849,0.9419076695583178,0.038022813688212934,-1.28621807345933,0.0030679678900230162,-0.8908409435469045,0.30078125,0.7330455362555356,-0.06714252603715384,-0.02899426033141538,0.07168975739573624,True,True,True,False,True,True,True,False,False,True,7,6.9993285747396286
601601.SH,20220328,20211231,45.8033,45.8033,4.3728,4.3728,,11.4015,,12.143,12.082,12.143,12.1,,26732000000.0,16.6481,88.0583,8.374,11.27,0.246,352.0394,4128000000.0,6.2677,26699000000.0,9.1523,8.7,2.79,23.5689,1.1289,,0,2021-12-31,2022-03-28,2021,2021-12-31,24.06712110594381,27.12,962034.1455,26090366.026,18563752.426,8.62620828170029,1.0211389206090997,0.04155046196003194,4940.3733,0.3833,1.1,0.0,26699000000.0,108421248197.84999,528000000.0,107893248197.84999,0.1386759962997357,,6.2677,0.014078899066029925,88.0583,12.1,11.4015,352.0394,0.3942652329749104,0.04155046196003194,0.41353673647326544,143734851577.9,154406480352.75,0.3321950537101748,0.12691307673533703,22.754847423074473,-0.05452557774121336,8,2021-12-31,True,0.1386759962997357,-0.21094947252203838,,-0.2566092173720162,6.2677,-0.7947942841583031,-0.014078899066029925,0.9515046068912489,-88.0583,-1.322634418512002,12.1,-0.28225664976498266,-11.4015,0.4189808605824212,352.0394,0.4654709263157289,0.3942652329749104,0.14677974817852535,0.04155046196003194,0.2993291737004129,0.41353673647326544,1.0341533635785887,0.040815876083416684,0.3321950537101748,0.12691307673533703,True,True,True,False,True,True,True,True,True,True,9,9.000408158760834
601601.SH,20230327,20221231,47.3343,47.3343,3.3426,3.3426,,11.5892,,10.8127,10.767,10.8127,10.8,,30958000000.0,15.7869,89.2419,9.2953,15.38,0.3248,586.1808,4288000000.0,5.5427,24505000000.0,-8.2917,-8.2,2.56,23.7461,0.8505,,1,2022-12-31,2023-03-27,2022,2022-12-30,22.754847423074473,24.52,962034.1455,23589077.2477,16784041.6477,8.888612274638465,0.9582561946203576,0.044825613682896975,3871.6338,0.3872,1.02,0.0,24505000000.0,147960851577.9,4226000000.0,143734851577.9,0.022613719773963536,,5.5427,0.014578965420707453,89.2419,10.8,11.5892,586.1808,0.3984375,0.044825613682896975,0.6093279956167618,136766493050.15,,-0.04848064649075982,,22.921029496082053,0.00730315039770657,9,2022-12-31,True,0.022613719773963536,-0.2854492001315908,,-0.27740325293390655,5.5427,-0.7626114992849476,-0.014578965420707453,0.9671538888715416,-89.2419,-1.3421352867159966,10.8,-0.30519970012741293,-11.5892,0.2726946343589604,586.1808,1.3444925899997096,0.3984375,0.05971909410151444,0.044825613682896975,0.2281117512921388,0.6093279956167618,1.2651326697610732,0.10586415356282576,-0.04848064649075982,,True,True,True,False,True,True,True,True,True,True,9,9.001058641535629
601601.SH,20240329,20231231,33.6729,33.6729,-2.4673,-2.4673,,2.2834,,11.4038,11.3528,11.4038,11.4,,32051000000.0,10.2825,88.579,8.7558,14.33,0.4256,430.0156,4113000000.0,8.616,27135000000.0,-27.0833,-27.2,2.83,25.9436,-2.0861,,1,2023-12-31,2024-03-29,2023,2023-12-29,22.921029496082053,23.78,962034.1455,22877171.98,16277508.58,8.099303708862916,0.8834945611280645,0.04450061896976971,3431.1099,0.4853,1.02,0.0,27135000000.0,137859493050.15,1093000000.0,136766493050.15,0.03366731012458857,,8.616,0.014666450636276496,88.579,11.4,2.2834,430.0156,0.36042402826855124,0.04450061896976971,0.5978295445333711,154406480352.75,,0.12897886689345553,,34.08,0.4868442102840702,10,2023-12-31,True,0.03366731012458857,-0.22610766449858546,,-0.23699518527097743,8.616,-0.5966108347031576,-0.014666450636276496,0.8471753016937377,-88.579,-1.2048197497233664,11.4,-0.21194715907663766,-2.2834,0.989102151324537,430.0156,0.6503331428697396,0.36042402826855124,0.003880638252964758,0.04450061896976971,0.5513858665919303,0.5978295445333711,1.2682936092419486,0.16669910151837578,0.12897886689345553,,True,True,True,False,True,True,True,True,True,True,9,9.001666991015183
601601.SH,20250327,20241231,42.0036,42.0036,24.74,24.74,,2.0389,,16.621,16.6084,16.621,16.6,,31695000000.0,12.6781,88.7657,8.9013,16.05,0.3821,277.1517,6611000000.0,11.4928,44926000000.0,64.9485,65.6,4.67,30.2918,0.6167,,1,2024-12-31,2025-03-27,2024,2024-12-31,34.08,34.08,962034.1455,32786123.6786,23327901.2786,7.297644539614561,1.1250569461042261,0.03169014084507043,3934.9109,-1.604,1.08,0.0,44926000000.0,154406480352.75,0.0,154406480352.75,0.18941730405254686,,11.4928,0.012218608518552328,88.7657,16.6,2.0389,277.1517,0.23126338329764456,0.03169014084507043,0.47095070422592666,,,,,,,11,2024-12-31,True,0.18941730405254686,0.7156875571103634,,-0.25359485323030834,11.4928,-0.4792142451258986,-0.012218608518552328,0.8116571487615281,-88.7657,-1.085449925849503,16.6,0.37433693016317,-2.0389,1.0216962560876195,277.1517,0.847122897392238,0.23126338329764456,-0.9761701504702439,0.03169014084507043,0.42818401905840653,0.47095070422592666,1.5696811906104275,0.27035789313707265,,,True,True,True,False,True,True,True,True,True,True,9,9.00270357893137
601628.SH,20150325,20141231,15.7712,15.7712,5.2312,5.2312,,5.8801,,12.7707,12.7283,12.7707,12.79,,26328000000.0,17.5702,87.2102,7.8187,2.77,0.1755,194.388,4489000000.0,7.2938,32104000000.0,30.0666,31.8,1.14,10.052,0.9094,,1,2014-12-31,2015-03-25,2014,2014-12-31,29.196197747373194,34.15,2826470.5,96523967.575,71112354.95,25.610699778397542,2.904516290029168,0.013700414124506618,3533.705,2.2025,0.4,0.0,32104000000.0,78293232850.0,0.0,78293232850.0,0.300666,,7.2938,0.01185185644666393,87.2102,12.79,5.8801,194.388,0.3508771929824562,0.013700414124506618,0.08111273792093704,-20454352350.0,186913052550.0,-1.26125313268374,0.3365087344905231,24.460148159346893,-0.16221460167539825,1,2014-12-31,True,0.300666,0.38890268960784585,,0.14556856762403272,7.2938,-0.7805334111771979,-0.01185185644666393,0.8228104158098553,-87.2102,-1.0480112572130138,12.79,-0.15966972194669146,-5.8801,1.1106888647452757,194.388,0.03552356352188799,0.3508771929824562,0.11872601756702918,0.013700414124506618,-0.6872704150318695,0.08111273792093704,-0.3540860295139839,-0.03703188327334816,-1.26125313268374,0.3365087344905231,True,True,True,False,True,True,True,True,True,True,9,8.999629681167267
601628.SH,20160324,20151231,18.0919,18.0919,14.7147,14.7147,,5.5387,,11.4402,11.4617,11.4402,11.56,,27845000000.0,18.879,86.676,7.5053,-0.67,-0.0368,-40.8819,853000000.0,6.881,34764000000.0,7.7241,8.3,1.22,11.1339,1.0282,,1,2015-12-31,2016-03-24,2015,2015-12-31,24.460148159346893,28.31,2826470.5,80017379.855,58951413.43,20.04930176995647,2.1969074771056767,0.01717078724396469,3731.0047,-0.9075,0.42,0.0,34764000000.0,-18937352350.0,1517000000.0,-20454352350.0,0.077241,,6.881,0.011789282983211899,86.676,11.56,5.5387,-40.8819,0.3442622950819672,0.01717078724396469,-0.025562387055244076,85783820750.0,136471760100.0,5.193915274467246,2.5573385680920864,21.23285206742762,-0.13194098706577284,2,2015-12-31,True,0.077241,0.1788002272806324,,0.003852571770943522,6.881,-0.6576175004264665,-0.011789282983211899,0.7849343891800049,-86.676,-0.9539211624166499,11.56,0.027200706954202007,-5.5387,1.0848564317157858,-40.8819,-1.0192285200967712,0.3442622950819672,0.021488530551022313,0.01717078724396469,-0.5818693605745419,-0.025562387055244076,-0.7353631996715483,-0.1678969896121261,5.193915274467246,2.5573385680920864,True,True,True,False,True,True,False,True,True,False,7,6.998321030103879
601628.SH,20170324,20161231,19.4506,19.4506,7.5101,7.5101,,6.0047,,6.1098,6.1618,6.1098,6.16,,31095000000.0,18.6553,88.5927,8.7663,3.15,0.1621,370.3775,5649000000.0,3.5624,19290000000.0,-44.8774,-44.5,0.66,10.4663,-0.3202,,1,2016-12-31,2017-03-24,2016,2016-12-30,21.23285206742762,24.09,2826470.5,68089674.345,50163883.77,32.17098798095093,2.0286875082338187,0.011303238926068411,3310.0808,0.3735,0.24,0.0,19290000000.0,89033820750.0,3250000000.0,85783820750.0,-0.448774,,3.5624,0.01199048074905615,88.5927,6.16,6.0047,370.3775,0.3636363636363636,0.011303238926068411,0.12598653404530394,186913052550.0,279391814600.0,1.1788846768054453,0.4822999624811106,27.091730289515457,0.27593458492915723,3,2016-12-31,True,-0.448774,0.0009257276353144622,,-0.09756969915376158,3.5624,-0.7456693848278724,-0.01199048074905615,0.7984720923701795,-88.5927,-1.0808325647697787,6.16,-0.28543439205192894,-6.0047,0.9881301706703209,370.3775,0.763432499088017,0.3636363636363636,0.19229663188476587,0.011303238926068411,-0.7630219444806834,0.12598653404530394,-0.07100595526352453,-0.027297892627177415,1.1788846768054453,0.4822999624811106,False,True,True,False,False,True,True,True,True,True,7,6.999727021073729
601628.SH,20180323,20171231,23.1097,23.1097,18.8055,18.8055,,5.7693,,10.3283,10.3722,10.3283,10.49,,45144000000.0,17.1355,88.7731,8.9072,7.11,0.3077,479.8959,5488000000.0,5.0141,32390000000.0,68.6255,67.9,1.13,11.0788,-0.6531,,1,2017-12-31,2018-03-23,2017,2017-12-29,27.091730289515457,30.45,2826470.5,86066026.725,63407648.85,23.974982557093327,2.445366852864521,0.014764653114637002,4030.8549,0.2975,0.4,0.0,32390000000.0,200962052550.0,14049000000.0,186913052550.0,0.002960741101367237,,5.0141,0.016185333551721283,88.7731,10.49,5.7693,479.8959,0.3539823008849558,0.014764653114637002,0.2171740228548351,136471760100.0,301002225800.0,-0.2698650081513529,0.17213245787661813,18.434076649784565,-0.31956813194325273,4,2017-12-31,True,0.002960741101367237,-0.5509036175881679,,-0.25585184959592944,5.0141,-0.689763280023864,-0.016185333551721283,0.8581340934854403,-88.7731,-1.083270879604387,10.49,-0.15616242304224853,-5.7693,0.9687031088673445,479.8959,0.6647604184440907,0.3539823008849558,-0.17773719903039834,0.014764653114637002,-0.6268802349545685,0.2171740228548351,0.7537286437353293,-0.026840292664305362,-0.2698650081513529,0.17213245787661813,True,True,True,False,True,True,True,True,True,True,9,8.999731597073357
601628.SH,20190328,20181231,22.7526,22.7526,-1.5453,-1.5453,,6.0824,,3.5648,3.6258,3.5648,3.54,,56214000000.0,12.6897,90.0661,10.0665,5.22,0.2294,1032.7711,-8459000000.0,1.856,11590000000.0,-64.67,-64.2,0.39,10.9881,0.0786,,1,2018-12-31,2019-03-28,2018,2018-12-28,18.434076649784565,20.39,2826470.5,57631733.495,42459177.67,47.266863204575806,1.6776400514906642,0.008679577666932935,3010.6536,0.6737,0.16,0.0,11590000000.0,147541760100.0,11070000000.0,136471760100.0,-0.30659883832980706,,1.856,0.01798038270272643,90.0661,3.54,6.0824,1032.7711,0.41025641025641024,0.008679577666932935,0.23679967931528553,279391814600.0,285298461650.0,1.0472500273703145,0.2786515587105314,31.73594375992138,0.7215911793603327,5,2018-12-31,True,-0.30659883832980706,-1.158101766489383,,-0.22433466610981484,1.856,-1.0132110831411547,-0.01798038270272643,0.8399238134988898,-90.0661,-1.1303720505765071,3.54,-1.1025316707542105,-6.0824,0.8417234992157958,1032.7711,3.075609068379276,0.41025641025641024,0.4210616582139164,0.008679577666932935,-1.1419852335168785,0.23679967931528553,0.4913726726248792,-0.009167796241381003,1.0472500273703145,0.2786515587105314,False,True,True,False,False,True,True,True,True,True,7,6.999908322037586
601628.SH,20200326,20191231,26.3635,26.3635,15.8706,15.8706,,5.6374,,16.143,14.7485,16.143,15.04,,62861000000.0,12.5159,89.0161,9.1042,10.12,0.3839,476.7995,645000000.0,7.9196,53252000000.0,411.5138,359.5,2.05,14.0093,0.0883,,1,2019-12-31,2020-03-26,2019,2019-12-31,31.73594375992138,34.87,2826470.5,98559026.335,72611649.11,15.480948175571406,2.265348287203599,0.02300230947982397,4096.5821,0.3662,0.73,0.0,53252000000.0,286038814600.0,6647000000.0,279391814600.0,0.4028176837149149,,7.9196,0.017437274457456017,89.0161,15.04,5.6374,476.7995,0.3560975609756098,0.02300230947982397,0.2834766383043936,301002225800.0,351635577250.0,0.07734804697460167,0.0796749955361653,35.583806788117016,0.12124621398702562,6,2019-12-31,True,0.4028176837149149,0.20586213788937435,,-0.15947457611490107,7.9196,-0.5976055688209414,-0.017437274457456017,0.9401856284140911,-89.0161,-1.1307257879235437,15.04,0.28419452374250503,-5.6374,0.8818903090806124,476.7995,1.8458771644438718,0.3560975609756098,0.2372198511370276,0.02300230947982397,-0.35713299455399833,0.2834766383043936,0.9567723973747773,0.2824602804244432,0.07734804697460167,0.0796749955361653,True,True,True,False,True,True,True,True,True,True,9,9.002824602804244
601628.SH,20210326,20201231,29.1867,29.1867,10.7085,10.7085,,4.814,,11.7749,11.8323,11.7749,11.84,,65987000000.0,12.8052,89.2548,9.3065,10.76,0.3685,553.6668,3235000000.0,6.2288,50513000000.0,-13.7578,-5.1,1.77,15.9226,0.1176,,0,2020-12-31,2021-03-26,2020,2020-12-31,35.583806788117016,38.39,2826470.5,108508202.495,79941531.67,20.103845643003964,2.2347987632746547,0.01798570916852336,5211.2885,1.9082,0.64,0.0,50513000000.0,304128225800.0,3126000000.0,301002225800.0,0.15966016219468604,,6.2288,0.015754824161693822,89.2548,11.84,4.814,553.6668,0.3615819209039548,0.01798570916852336,0.2774004350628424,285298461650.0,388227029057.0,-0.05217158812783769,0.08852569995376802,28.477345226396555,-0.19971054822874146,7,2020-12-31,True,0.15966016219468604,0.11219181373724563,,-0.16648003056338787,6.2288,-0.5230069567451131,-0.015754824161693822,0.9339241572637511,-89.2548,-1.2340562593003368,11.84,0.06854119568405151,-4.814,0.882746593882004,553.6668,1.9525191206320942,0.3615819209039548,0.049271864604445985,0.01798570916852336,-0.32761184947303024,0.2774004350628424,0.6289972428475734,0.21609426296084527,-0.05217158812783769,0.08852569995376802,True,True,True,False,True,True,True,True,True,True,9,9.002160942629608
601628.SH,20220325,20211231,30.3737,30.3737,4.055,4.055,,5.0049,,10.9668,11.0239,10.9668,10.97,,67010000000.0,12.9101,90.0501,10.0504,10.13,0.3337,561.8721,2519000000.0,6.105,51186000000.0,1.3212,1.4,1.8,16.9322,0.1339,,0,2021-12-31,2022-03-25,2021,2021-12-31,28.477345226396555,30.09,2826470.5,85048497.345,62658001.77,15.820747347998086,1.6818455502767833,0.02282516136361947,4940.3733,0.3833,0.65,0.0,51186000000.0,286321461650.0,1023000000.0,285298461650.0,0.6406750941917769,,6.105,0.013931517488528293,90.0501,10.97,5.0049,561.8721,0.3611111111111111,0.02282516136361947,0.33545385345573386,351635577250.0,378795096998.5,0.23251830807759982,0.09909434414808804,35.92466248393681,0.2615172586606527,8,2021-12-31,True,0.6406750941917769,0.46477136700891164,,-0.2566092173720162,6.105,-0.8066997524833325,-0.013931517488528293,0.9521405004018172,-90.0501,-1.4131697674401071,10.97,-0.37203914687468287,-5.0049,0.8401544588708847,561.8721,1.0661783964822609,0.3611111111111111,-0.042266715379782306,0.02282516136361947,-0.3292053675877206,0.33545385345573386,0.7849849046916608,0.08074906002889941,0.23251830807759982,0.09909434414808804,True,True,True,False,True,True,True,True,True,True,9,9.00080749060029
601628.SH,20230330,20221231,29.2257,29.2257,-3.7802,-3.7802,,5.1102,,7.0143,7.0347,7.0143,7.01,,67270000000.0,12.3035,91.5247,11.799,12.45,0.4261,1443.4975,993000000.0,4.0571,32175000000.0,-36.8042,-37.0,1.14,15.4316,2.3752,,1,2022-12-31,2023-03-30,2022,2022-12-30,35.92466248393681,37.12,2826470.5,104918584.96,77296943.36,31.512861828014746,2.327993369704814,0.013639654936747044,3871.6338,0.3872,0.49,0.0,32175000000.0,351895577250.0,260000000.0,351635577250.0,-0.15460265921254668,,4.0571,0.013071361089535178,91.5247,7.01,5.1102,1443.4975,0.4298245614035088,0.013639654936747044,0.3351508957007573,388227029057.0,,0.10406072131030365,,27.837818429208557,-0.2251056376199544,9,2022-12-31,True,-0.15460265921254668,-0.6075021533758982,,-0.27740325293390655,4.0571,-0.8632200991713498,-0.013071361089535178,0.9734052144990823,-91.5247,-1.4416021883633297,7.01,-0.5834110351619813,-5.1102,0.7939553882535758,1443.4975,3.2591395569166712,0.4298245614035088,0.20950348999247526,0.013639654936747044,-0.6993319545974535,0.3351508957007573,0.4771075612799933,0.11278550248526174,0.10406072131030365,,False,True,True,False,False,True,True,True,True,True,7,7.001127855024853
601628.SH,20240328,20231231,29.643,29.643,1.429,1.429,,4.9025,,4.7106,,4.7106,,,66047000000.0,12.5694,92.0176,12.5276,13.7354,0.4634,3171.571,,2.7013,,-34.1999,,,16.2784,0.7241,,0,2023-12-31,2024-03-28,2023,2023-12-29,27.837818429208557,28.35,2826470.5,80130438.675,59034707.55,,1.7101077765141879,0.015446612711175195,3431.1099,0.4853,0.43,0.0,,388227029057.0,0.0,388227029057.0,-0.341999,,2.7013,0.011458533654509816,92.0176,4.7106,4.9025,3171.571,0.0,0.015446612711175195,0.48449382716049383,378795096998.5,,-0.02429488766253622,,41.92,0.5058651275638701,10,2023-12-31,True,-0.341999,-0.4796317474045029,,-0.23699518527097743,2.7013,-1.0007232856254011,-0.011458533654509816,0.8592274170066655,-92.0176,-1.3504815641879802,4.7106,-1.0536047783838027,-4.9025,0.7874219882972725,3171.571,4.903298277292069,0.0,-1.5010773191179556,0.015446612711175195,-0.8355692680500146,0.48449382716049383,0.8918754343450155,0.0894309062636716,-0.02429488766253622,,False,True,True,False,False,True,True,False,True,True,6,6.0008943090626365
601628.SH,20250327,20241231,18.7006,18.7006,30.4975,30.4975,,1.3958,,22.0533,22.0919,22.0533,21.59,,65983000000.0,8.0068,92.3001,12.9872,13.4017,0.7166,327.6773,2448000000.0,20.6104,107122000000.0,108.9227,108.6,3.78,18.0322,-2.2132,,1,2024-12-31,2025-03-27,2024,2024-12-31,41.92,41.92,2826470.5,118485643.36,87292237.76,11.08994708994709,2.3247302048557583,0.010734732824427481,3934.9109,-1.604,0.65,0.0,107122000000.0,378795096998.5,0.0,378795096998.5,0.27911372815687585,,20.6104,0.009968351789259346,92.3001,21.59,1.3958,327.6773,0.17195767195767198,0.010734732824427481,0.3196970419847328,,,,,,,11,2024-12-31,True,0.27911372815687585,1.0707629671808219,,-0.25359485323030834,20.6104,0.09350121936781802,-0.009968351789259346,0.8196153833499263,-92.3001,-1.2335443528345795,21.59,0.8862956142174246,-1.3958,1.068746713963762,327.6773,1.2003249336456019,0.17195767195767198,-1.2649809282176356,0.010734732824427481,-0.9294231104208504,0.3196970419847328,0.8721514116121772,0.2118049998758325,,,True,True,True,False,True,True,True,True,True,True,9,9.002118049998758
601766.SH,20150331,20141231,8.6738,8.6738,20.476,20.476,4.4847,9.2849,0.4016,13.7925,11.8463,13.7925,11.85,6.1708,28827564089.0,4.4319,65.7811,2.9224,0.9945,0.1147,192.4714,887820840.0,5.539,4564993200.0,27.6114,35.67,0.39,2.9349,0.0867,20.96,1,2014-12-31,2015-03-31,2014,2014-12-31,5.045454545454546,6.38,1380300.0,8806314.0,6645979.8394,12.937062937062938,1.7191231542657488,0.02378378378378378,3533.705,2.2025,0.12,0.0,4564993200.0,13727083500.0,0.0,13727083500.0,0.27611399999999997,20.96,5.539,0.24350141591280744,65.7811,11.85,14.1712,192.4714,0.30769230769230765,0.02378378378378378,0.15587774294670848,-19321663586.183,16209118436.9024,-2.4075578097986363,0.05696443274087959,10.253633513821603,1.0322516874241012,1,2014-12-31,True,0.27611399999999997,0.3246419780762381,20.96,-0.815127760017406,5.539,-0.9007756852218488,-0.24350141591280744,0.07438740510822786,-65.7811,-0.11766336425839106,11.85,-0.2997053680245972,-14.1712,0.40270263203527146,192.4714,0.02516761158927388,0.30769230769230765,-0.1422804227983035,0.02378378378378378,-0.3364086023221865,0.15587774294670848,-0.11047160063586628,-0.17232119786087166,-2.4075578097986363,0.05696443274087959,True,True,True,True,True,True,True,True,True,True,10,9.998276788021391
601766.SH,20160330,20151231,8.8649,8.8649,8.9812,8.9812,3.2878,9.2313,0.273,17.2016,13.3686,17.2016,12.47,7.6678,63130756000.0,5.2614,63.5621,2.7444,0.549,0.0619,94.1458,3550740000.0,5.8277,9184963000.0,9.2731,100.85,0.43,3.5509,-0.2598,20.2102,1,2015-12-31,2016-03-30,2015,2015-12-31,10.253633513821603,12.85,2728875.8333,35066054.4579,29449234.5965,23.845659334468845,2.887615397172999,0.014628960533629791,3731.0047,-0.9075,0.15,0.0,9184963000.0,14981528324.817001,34303191911.0,-19321663586.183,0.092731,20.2102,5.8277,0.23739488773499903,63.5621,12.47,12.792099999999998,94.1458,0.3488372093023256,0.014628960533629791,-0.055100763073816644,16767900158.077,18869503137.86,1.8678290087851332,0.6588660883795682,7.928206041607295,-0.22679057809894398,2,2015-12-31,True,0.092731,0.20890069854747162,20.2102,-0.37537580198861237,5.8277,-0.7285208493835073,-0.23739488773499903,0.09409654003462863,-63.5621,0.03620217644781705,12.47,0.1580591526422162,-12.792099999999998,0.4103501455860902,94.1458,-0.6108138647977042,0.3488372093023256,0.05146201747673764,0.014628960533629791,-0.6850279085183604,-0.055100763073816644,-0.824412326335272,-0.20591636548077225,1.8678290087851332,0.6588660883795682,True,True,True,True,True,True,True,True,True,False,9,8.997940836345192
601766.SH,20170330,20161231,8.4182,8.4182,-5.0392,-5.0392,3.1559,9.5022,0.4369,11.1972,8.9253,11.1972,8.93,5.4681,67347911000.0,3.5212,63.405,2.7326,0.769,0.0914,138.1188,2316062000.0,6.0551,9003659000.0,-4.4236,-1.97,0.41,3.8425,-0.0707,20.7892,1,2016-12-31,2017-03-30,2016,2016-12-30,7.928206041607295,9.77,2728875.8333,26661116.8913,22390585.3703,19.33708790635926,2.063293699832738,0.02648770716829484,3310.0808,0.3735,0.21,0.0,9003659000.0,20985055158.077,4217155000.0,16767900158.077,-0.044236000000000004,20.7892,6.0551,0.23504467353314767,63.405,8.93,13.095,138.1188,0.5121951219512195,0.02648770716829484,0.06289271460922428,16209118436.9024,21824738195.4888,-0.03332449000213296,0.09183443632434796,10.03414790538615,0.26562653048203533,3,2016-12-31,True,-0.044236000000000004,0.059364479969551805,20.7892,-0.2159496179192117,6.0551,-0.576206964043811,-0.23504467353314767,0.10461155317612213,-63.405,0.044670514687842396,8.93,0.026088290363574698,-13.095,0.3771940582110431,138.1188,-0.10748269641629636,0.5121951219512195,0.9157131807492741,0.02648770716829484,-0.13782868010068933,0.06289271460922428,-0.2490726066036781,0.02191831927942926,-0.03332449000213296,0.09183443632434796,False,True,True,True,True,True,True,True,True,True,9,9.000219183192794
601766.SH,20180329,20171231,7.3526,7.3526,-8.1442,-8.1442,3.4205,11.3314,0.5942,9.5387,7.7293,9.5387,7.4,4.5702,66945104000.0,3.1426,62.1854,2.6445,0.5648,0.0768,109.9429,2760998000.0,6.1662,8750109000.0,-4.3541,-2.84,0.38,4.2357,0.6855,22.6811,1,2017-12-31,2018-03-29,2017,2017-12-29,10.03414790538615,12.11,2869886.4088,34754324.4106,27753325.3668,26.405652382595132,2.368946786926872,0.014948952458582226,4030.8549,0.2975,0.15,0.0,8750109000.0,16209118436.9024,0.0,16209118436.9024,0.2421988114447744,22.6811,6.1662,0.20825016239446872,62.1854,7.4,15.346100000000002,109.9429,0.39473684210526316,0.014948952458582226,0.04663914120557225,18869503137.86,-2298780577.4304,0.1641288951841361,-0.3806067366007373,7.621630094043886,-0.24043076044825573,4,2017-12-31,True,0.2421988114447744,0.32108178458085845,22.6811,-0.158399872478944,6.1662,-0.6112316761972728,-0.20825016239446872,0.22924406353204474,-62.1854,0.13986681097828346,7.4,-0.5674132361324418,-15.346100000000002,0.055946583147446376,109.9429,-0.09371314979019163,0.39473684210526316,-0.03718402516601434,0.014948952458582226,-0.6198804376432245,0.04663914120557225,0.030761256742151966,-0.11917471803884583,0.1641288951841361,-0.3806067366007373,True,True,True,True,False,True,True,True,True,True,9,8.998808252819611
601766.SH,20190329,20181231,7.6338,7.6338,3.8243,3.8243,3.5356,11.1044,0.584,9.0434,6.5149,9.0434,6.53,4.4239,66737472000.0,3.2777,58.1329,2.3885,0.6575,0.0861,128.0595,2510549000.0,5.9332,8144175000.0,4.7603,-6.92,0.39,4.4761,-0.6068,22.1636,1,2018-12-31,2019-03-29,2018,2018-12-28,7.621630094043886,9.02,2869886.4088,25886375.4074,20671758.4483,19.542641266779196,1.7027390125430366,0.019680829186032166,3010.6536,0.6737,0.15,0.0,8144175000.0,18869503137.86,0.0,18869503137.86,-0.039295344392692555,22.1636,5.9332,0.2175103954726049,58.1329,6.53,15.224,128.0595,0.3846153846153846,0.019680829186032166,0.07289356984472178,21824738195.4888,20591434983.14,0.15661435470971038,0.029537214051889915,6.160259333143346,-0.19173992215163593,5,2018-12-31,True,-0.039295344392692555,-0.6218663889943816,22.1636,-0.23499915298425458,5.9332,-0.7193562900475632,-0.2175103954726049,0.21229820799045154,-58.1329,0.2175289634052543,6.53,-0.7458990922092444,-15.224,0.09110324171279238,128.0595,-0.007566609475424716,0.3846153846153846,0.24422046612598772,0.019680829186032166,-0.7613367799929368,0.07289356984472178,0.10811914850464331,-0.20161402599678874,0.15661435470971038,0.029537214051889915,False,True,True,True,False,True,True,True,True,True,8,7.997983859740032
601766.SH,20200331,20191231,7.9798,7.9798,4.5317,4.5317,3.7188,11.5549,0.163,8.9237,5.7339,8.9237,5.73,4.5623,67444212000.0,3.4134,58.5923,2.415,0.7851,0.0984,142.3937,-136988000.0,6.0363,7578865000.0,4.3333,-6.94,0.41,4.7352,0.1927,23.0823,1,2019-12-31,2020-03-31,2019,2019-12-31,6.160259333143346,7.14,2869886.4088,20490988.9588,16363232.2972,15.025022763764259,1.3009501886178716,0.024349624242760687,4096.5821,0.3662,0.15,0.0,7578865000.0,22531478195.4888,706740000.0,21824738195.4888,-0.05580496816768099,23.0823,6.0363,0.2055060043125918,58.5923,5.73,15.4367,142.3937,0.36585365853658536,0.024349624242760687,0.10650895493316838,-2298780577.4304,23952071967.8448,-1.1053291249975021,0.031489191905368585,4.697133086349387,-0.23751049552769088,6,2019-12-31,True,-0.05580496816768099,-0.5867287640875553,23.0823,-0.25901317692195885,6.0363,-0.7325025501782396,-0.2055060043125918,0.21566509196205558,-58.5923,0.1335264711312613,5.73,-0.8312413256874019,-15.4367,0.0924329026488353,142.3937,0.13410809150220743,0.36585365853658536,0.297792399684789,0.024349624242760687,-0.3039558947777106,0.10650895493316838,0.2184918000315134,-0.1474022686083822,-1.1053291249975021,0.031489191905368585,False,True,True,True,False,True,True,True,True,True,8,7.998525977313916
601766.SH,20210331,20201231,7.9326,7.9326,-0.5916,-0.5916,3.8142,11.9141,0.3642,8.1251,5.4845,8.1251,5.35,4.1654,67711113000.0,3.3688,56.8935,2.3198,-0.0708,-0.0089,-13.2679,2366645000.0,6.0719,7648492000.0,-3.9328,0.92,0.39,4.9835,-0.2083,22.2711,0,2020-12-31,2021-03-31,2020,2020-12-31,4.697133086349387,5.31,2869886.4088,15239096.8307,12918060.7635,12.043930990639454,0.9425369893346819,0.03832124759741394,5211.2885,1.9082,0.18,0.0,7648492000.0,-2031879577.4304001,266901000.0,-2298780577.4304,-0.043861546968630205,22.2711,6.0719,0.20408460177063206,56.8935,5.35,16.092499999999998,-13.2679,0.4615384615384615,0.03832124759741394,-0.015084756025694252,20591434983.14,14722517277.144001,9.95754696438114,2.468163341569117,5.549380165289255,0.18143984070126384,7,2020-12-31,True,-0.043861546968630205,-0.3426593168893012,22.2711,-0.16648003056338787,6.0719,-0.5342481084026726,-0.20408460177063206,0.17507940328051835,-56.8935,0.12388926818684591,5.35,-0.7481573433896948,-16.092499999999998,0.11533666678335365,-13.2679,-1.1308813922954941,0.4615384615384615,0.46184240050976955,0.03832124759741394,0.44016972502816687,-0.015084756025694252,-0.6726077295051838,-0.20715604156882542,9.95754696438114,2.468163341569117,False,True,True,True,False,True,False,True,True,False,6,5.997928439584312
601766.SH,20220331,20211231,7.8655,7.8655,-0.8453,-0.8453,3.218,11.7691,0.1684,7.0664,5.158,7.0664,4.9,3.431,66065624000.0,3.3748,57.2914,2.3414,0.7175,0.0912,160.491,2893009000.0,5.501,7520274000.0,-9.0764,-1.68,0.36,5.177,0.4682,20.5677,0,2021-12-31,2022-03-31,2021,2021-12-31,5.549380165289255,6.09,2869886.4088,17477608.2296,14815629.0112,15.414944903581265,1.0719297209366923,0.03243605495364683,4940.3733,0.3833,0.18,0.0,7520274000.0,20591434983.14,0.0,20591434983.14,-0.02621699870590899,20.5677,5.501,0.18991403224434353,57.2914,4.9,15.1555,160.491,0.5,0.03243605495364683,0.11781609195396905,23952071967.8448,22393985335.9776,0.16320557491289198,0.028367300817966123,4.825302080364777,-0.13047909196300966,8,2021-12-31,True,-0.02621699870590899,-0.43290531564179846,20.5677,-0.594964044287914,5.501,-0.8508970657489611,-0.18991403224434353,0.19284520038060568,-57.2914,0.07584536205638946,4.9,-0.8543221180745773,-15.1555,0.17180490961239156,160.491,-0.08289238778377478,0.5,0.749684686013128,0.03243605495364683,-0.006605548008095618,0.11781609195396905,0.09048614218029462,-0.14017456175475562,0.16320557491289198,0.028367300817966123,False,True,True,True,False,True,True,True,True,True,8,7.998598254382452
601766.SH,20230331,20221231,7.7682,7.7682,-1.2374,-1.2374,3.4647,11.9008,-0.1541,7.6764,5.2508,7.6764,5.02,3.7292,65749475000.0,3.3826,56.8042,2.315,0.8346,0.1074,149.8978,3749710000.0,6.4377,7971053000.0,13.1117,5.99,0.41,5.4024,0.1509,21.2224,1,2022-12-31,2023-03-31,2022,2022-12-30,4.825302080364777,5.11,2869886.4088,14665119.549,12431504.8025,11.769029464304335,0.893177491552787,0.04144818224207026,3871.6338,0.3872,0.2,0.0,7971053000.0,23952071967.8448,0.0,23952071967.8448,0.01695993133935625,21.2224,6.4377,0.18318497510057596,56.8042,5.02,15.211400000000001,149.8978,0.48780487804878053,0.04144818224207026,0.16332681017576886,14722517277.144001,,-0.3853342918763479,,5.122841265317755,0.06166229181044036,9,2022-12-31,True,0.01695993133935625,-0.29572375416997565,21.2224,-0.43084252710468884,6.4377,-0.7019998293210745,-0.18318497510057596,0.26802411889430744,-56.8042,0.07125069346873679,5.02,-0.7294903377263061,-15.211400000000001,-0.018725446325879257,149.8978,-0.07215705929247256,0.48780487804878053,0.48619542335415655,0.04144818224207026,0.1276698326272184,0.16332681017576886,-0.016740005409465217,-0.1193217173641312,-0.3853342918763479,,True,True,True,True,False,True,True,True,True,True,9,8.998806782826358
601766.SH,20240329,20231231,8.1627,8.1627,5.0789,5.0789,3.9207,12.09,-0.0906,7.412,5.7632,7.412,5.77,3.5686,65701046000.0,3.5643,58.3453,2.4007,0.513,0.0628,91.8622,4158708000.0,6.2194,9106318000.0,0.4988,14.24,0.41,5.6091,-0.0537,22.2658,1,2023-12-31,2024-03-29,2023,2023-12-29,5.122841265317755,5.26,2869886.4088,15095602.5103,12796421.7732,12.494734793457939,0.9133089560388931,0.0390408348886435,3431.1099,0.4853,0.2,0.0,9106318000.0,14722517277.144001,0.0,14722517277.144001,0.059877481587962356,22.2658,6.2194,0.1700107961298589,58.3453,5.77,15.9201,91.8622,0.48780487804878053,0.0390408348886435,0.09752851711018863,22393985335.9776,,0.521070406264232,,8.38,0.6358109818341628,10,2023-12-31,True,0.059877481587962356,-0.20841933444616492,22.2658,-0.35398198293444455,6.2194,-0.760354710111927,-0.1700107961298589,0.2635479897210676,-58.3453,0.07590368422614192,5.77,-0.9203114961919753,-15.9201,-0.06097301921263183,91.8622,-0.35272811702353746,0.48780487804878053,0.5357620014749209,0.0390408348886435,0.29075139511988274,0.09752851711018863,-0.39333966936614884,-0.17128575079498334,0.521070406264232,,True,True,True,True,False,True,True,True,True,True,9,8.99828714249205
601766.SH,20250329,20241231,8.5877,8.5877,5.2058,5.2058,2.2432,12.7883,-0.0048,7.5133,6.1519,7.5133,6.15,3.4819,70433227000.0,3.6208,59.0123,2.4398,0.9452,0.1101,160.1866,4145853000.0,6.3556,10142815000.0,5.7715,11.38,0.43,5.8809,0.0169,21.3804,1,2024-12-31,2025-03-29,2024,2024-12-31,8.38,8.38,2869886.4088,24049648.1057,20386694.7642,19.48837209302326,1.4249519631348946,0.025059665871121715,3934.9109,-1.604,0.21,0.0,10142815000.0,27126166335.9776,4732181000.0,22393985335.9776,0.10486261824448584,21.3804,6.3556,0.1710467621375506,59.0123,6.15,15.0267,160.1866,0.4883720930232558,0.025059665871121715,0.0931156465888996,,,,,,,11,2024-12-31,True,0.10486261824448584,0.3809664125778352,21.3804,-0.4239717231302881,6.3556,-0.8019037559837036,-0.1710467621375506,0.2499471495032297,-59.0123,0.16124335274312054,6.15,-0.6978009953612715,-15.0267,0.07148332372288091,160.1866,0.029471815750885227,0.4883720930232558,0.2759144252598693,0.025059665871121715,-0.001374789226271324,0.0931156465888996,-0.1727639201140955,-0.08443533675070992,,,True,True,True,True,False,True,True,True,True,True,9,8.999155646632493
601857.SH,20150327,20141231,12.4738,12.4738,1.0999,1.0999,2.7686,3.7055,1.0897,9.2836,9.5351,9.2836,,7.5196,866804000000.0,2.6635,45.216,1.8254,1.9477,0.1561,231.6636,12769000000.0,5.214,110076000000.0,-17.2901,-5.6,0.59,6.4255,0.1222,23.9867,1,2014-12-31,2015-03-27,2014,2014-12-31,7.867013215859032,10.81,18302097.7818,197845677.0213,175037766.1213,13.333920704845818,1.224342575030586,0.012204123390368077,3533.705,2.2025,0.26351,0.0,110076000000.0,356469958496.11865,0.0,356469958496.11865,-0.172901,23.9867,5.214,0.4037895370343449,45.216,9.2836,7.5638,231.6636,0.44662711864406784,0.012204123390368077,0.18017576318220044,214077352128.54044,366645924862.79944,-0.3994519116514236,0.009426361424022867,6.16992657856094,-0.21572184903375435,1,2014-12-31,True,-0.172901,-0.8505789158780153,23.9867,-0.5359092601472962,5.214,-0.9230453108569705,-0.4037895370343449,-0.4434781089292434,-45.216,0.775173826916278,9.2836,-0.6820324766355945,-7.5638,0.9669158527186646,231.6636,0.23693456313544708,0.44662711864406784,0.6974319026069413,0.012204123390368077,-0.7393354783053888,0.18017576318220044,-0.03129888713844962,-0.1390202084103297,-0.3994519116514236,0.009426361424022867,False,True,False,True,True,True,True,True,True,True,8,7.998609797915897
601857.SH,20160324,20151231,9.4275,9.4275,-24.4215,-24.4215,3.649,4.6168,1.3809,3.0266,1.5615,3.0266,,3.3535,914044000000.0,1.9378,43.8498,1.7809,1.4278,0.1514,463.0728,-12916000000.0,2.4553,18394000000.0,-66.7332,-83.3,0.19,6.4472,-0.0055,24.6321,1,2015-12-31,2016-03-24,2015,2015-12-31,6.16992657856094,8.35,18302097.7818,152822516.478,135204934.978,32.47329778189968,0.9569932030278168,0.00402922136648801,3731.0047,-0.9075,0.08732999999999999,0.0,18394000000.0,261317352128.54044,47240000000.0,214077352128.54044,-0.6673319999999999,24.6321,2.4553,0.4349662438081366,43.8498,3.0266,9.6467,463.0728,0.4596315789473684,0.00402922136648801,0.14008233672775477,265179094760.50024,336673996290.59625,0.2387069072177066,0.16291047695587824,5.90704845814978,-0.04260636120445904,2,2015-12-31,True,-0.6673319999999999,-1.268068603743532,24.6321,-0.013512668709792215,2.4553,-0.9555354264486587,-0.4349662438081366,-0.5108962784393124,-43.8498,0.8806121761751686,3.0266,-1.1999063924239302,-9.6467,0.7028463642411132,463.0728,0.5050697171304396,0.4596315789473684,0.7773540080239207,0.00402922136648801,-1.115212112901632,0.14008233672775477,-0.2359952594687677,-0.2212040433240893,0.2387069072177066,0.16291047695587824,False,True,False,True,False,True,True,True,False,True,6,5.997787959566759
601857.SH,20170331,20161231,8.8345,8.8345,-6.2897,-6.2897,3.9567,4.6977,1.2773,0.6669,0.2223,0.6669,,2.7572,893294000000.0,1.7893,42.7177,1.7457,1.4489,0.164,542.5768,11677000000.0,1.8192,2634000000.0,-77.842,-85.7,0.04,6.4983,0.1375,23.5757,1,2016-12-31,2017-03-31,2016,2016-12-30,5.90704845814978,7.95,18302097.7818,145501677.3653,128728051.8653,147.6762114537445,0.9090144281042395,0.006434685658885823,3310.0808,0.3735,0.05932,0.0,2634000000.0,265179094760.50024,0.0,265179094760.50024,-0.77842,23.5757,1.8192,0.4302532669733098,42.7177,0.6669,9.931700000000001,542.5768,1.4829999999999999,0.006434685658885823,0.18225157232705658,366645924862.79944,313649919314.58826,0.3826351024915452,0.057552571210823134,6.0966049926578565,0.03208988987495953,3,2016-12-31,True,-0.77842,-0.04669427580557861,23.5757,0.029294531844683058,1.8192,-0.8641781872953878,-0.4302532669733098,-0.5026289483768471,-42.7177,0.9690748809326227,0.6669,-0.9032052392636991,-9.931700000000001,0.6497599869506497,542.5768,1.4091391487214042,1.4829999999999999,3.624624447589844,0.006434685658885823,-0.9634758992298733,0.18225157232705658,0.08778815553693849,0.3172271456004324,0.3826351024915452,0.057552571210823134,False,True,False,True,False,True,True,True,True,True,7,7.0031722714560045
601857.SH,20180323,20171231,11.0145,11.0145,24.676,24.676,3.2773,3.8477,1.0739,1.9129,2.2473,1.9129,,3.0234,890551000000.0,2.2602,42.5504,1.7407,2.0033,0.1819,634.6916,4822000000.0,1.8249,26778000000.0,188.519,916.6,0.12,6.5228,0.1358,21.4121,1,2017-12-31,2018-03-23,2017,2017-12-29,6.0966049926578565,8.09,18302097.7818,148063971.0548,130994960.9548,50.80504160548214,0.9346607273958816,0.009962921998907458,4030.8549,0.2975,0.13,0.0,26778000000.0,366645924862.79944,0.0,366645924862.79944,-0.3757452831436796,21.4121,1.8249,0.4285484537878133,42.5504,1.9129,8.1989,634.6916,1.0833333333333335,0.009962921998907458,0.2476266996291083,336673996290.59625,318566313990.01086,-0.08174624764592384,-0.045774548516732794,5.535077826725404,-0.09210489552934786,4,2017-12-31,True,-0.3757452831436796,-1.9312279296056363,21.4121,-0.25792229237388586,1.8249,-0.9071515196938271,-0.4285484537878133,-0.49209258049492804,-42.5504,1.0431532387095555,1.9129,-1.2976961929308881,-8.1989,0.7371400340522638,634.6916,0.9821208586252043,1.0833333333333335,2.337629172479738,0.009962921998907458,-0.8092528025078755,0.2476266996291083,0.8828300448183334,0.026139093734368544,-0.08174624764592384,-0.045774548516732794,False,True,False,True,False,True,True,True,True,True,7,7.000261390937344
601857.SH,20190322,20181231,12.8597,12.8597,16.7518,16.7518,2.9267,3.422,0.7852,4.3668,5.4971,4.3668,,5.5311,905442000000.0,2.6209,41.9976,1.7241,1.9209,0.1494,260.7817,8016000000.0,3.0766,66195000000.0,130.7068,147.2,0.29,6.6362,-0.2031,22.4851,1,2018-12-31,2019-03-22,2018,2018-12-28,5.535077826725404,7.21,18302097.7818,131958125.0068,116745818.1068,19.08647526457036,0.8340733893983612,0.0162599339733665,3010.6536,0.6737,0.17880000000000001,0.0,66195000000.0,351564996290.59625,14891000000.0,336673996290.59625,0.5324383132250308,22.4851,3.0766,0.43239219551481256,41.9976,4.3668,7.1339,260.7817,0.6165517241379311,0.0162599339733665,0.2551369961290727,313649919314.58826,337157238315.04266,-0.068386858592236,0.0004782183043983146,4.592088105726873,-0.17036611778888233,5,2018-12-31,True,0.5324383132250308,0.525083877923432,22.4851,-0.2136701792353751,3.0766,-0.9252391513129299,-0.43239219551481256,-0.4636167483212906,-41.9976,0.8986003007876623,4.3668,-1.003915009904385,-7.1339,0.7553844337606885,260.7817,0.49187742607426743,0.6165517241379311,1.8438405181434168,0.0162599339733665,-0.8797013560693921,0.2551369961290727,0.5342499107857627,0.1420812747847143,-0.068386858592236,0.0004782183043983146,True,True,False,True,False,True,True,True,True,True,8,8.001420812747847
601857.SH,20200327,20191231,13.7515,13.7515,5.9739,5.9739,2.9445,3.0762,1.1052,3.7364,4.3751,3.7364,,5.0328,951410000000.0,2.7108,47.1468,1.892,1.9649,0.1429,311.2967,12827000000.0,2.6625,53485000000.0,-13.8657,-19.7,0.25,6.7229,0.0025,20.4388,1,2019-12-31,2020-03-27,2019,2019-12-31,4.592088105726873,5.83,18302097.7818,106701230.0679,94400571.3679,18.368352422907492,0.6830516749805698,0.014374724195225648,4096.5821,0.3662,0.14366,0.0,53485000000.0,359617919314.58826,45968000000.0,313649919314.58826,1.7281740678605066,20.4388,2.6625,0.40868533787679373,47.1468,3.7364,7.1259,311.2967,0.57464,0.014374724195225648,0.293951549682225,318566313990.01086,376374633775.42706,0.01567478380407777,0.06265361000762293,3.394346549192365,-0.26082721606338166,6,2019-12-31,True,1.7281740678605066,2.4963408302060115,20.4388,-0.4229828240529496,2.6625,-0.9741610409674148,-0.40868533787679373,-0.5670679007225479,-47.1468,0.6091409318827709,3.7364,-1.0700955587081822,-7.1259,0.7619728303348142,311.2967,0.9986951642355927,0.57464,1.594081282136018,0.014374724195225648,-0.6976547316627799,0.293951549682225,1.000472036098762,0.33897645625273587,0.01567478380407777,0.06265361000762293,True,True,False,True,False,True,True,True,True,True,8,8.003389764562527
601857.SH,20210326,20201231,10.5662,10.5662,-23.1632,-23.1632,3.6961,3.6746,1.2568,1.5538,-0.9805,1.5538,,3.0479,638203000000.0,2.4331,45.0697,1.8205,1.7406,0.1647,491.7571,11213000000.0,1.7313,-11991000000.0,-58.3992,-122.4,0.1,6.6409,0.1761,20.024,0,2020-12-31,2021-03-26,2020,2020-12-31,3.394346549192365,4.15,18302097.7818,75953705.7945,67197662.2945,33.94346549192365,0.5111274901282002,0.025754588912201764,5211.2885,1.9082,0.17484,0.0,-11991000000.0,318566313990.01086,0.0,318566313990.01086,-0.583992,20.024,1.7313,0.2884299443565423,45.0697,1.5538,8.6275,491.7571,1.7484,0.025754588912201764,0.41942168674682245,337157238315.04266,450892735460.3465,0.05835809848248659,0.12277085138677624,4.176023494860499,0.23028790205706096,7,2020-12-31,True,-0.583992,-1.5497980946498697,20.024,-0.2681942131035027,1.7313,-0.8452318106640047,-0.2884299443565423,-0.1647766808547332,-45.0697,0.6200398037927382,1.5538,-1.2258693609600728,-8.6275,0.6232690253231794,491.7571,1.615809441836294,1.7484,3.684465058142838,0.025754588912201764,-0.03429270562200241,0.41942168674682245,1.2610140867898507,0.33785768636642866,0.05835809848248659,0.12277085138677624,False,True,True,True,False,True,True,True,True,True,8,8.003378576863664
601857.SH,20220401,20211231,14.2844,14.2844,35.1898,35.1898,2.7271,2.6175,0.6519,7.4346,8.0292,7.4346,,7.0107,642508000000.0,4.0827,43.6921,1.7759,1.8657,0.1306,187.435,31287000000.0,4.3868,99531000000.0,385.0068,111522.0,0.5,6.9053,0.0992,20.7641,0,2021-12-31,2022-04-01,2021,2021-12-31,4.176023494860499,4.91,18302097.7818,89863300.1086,79503740.2086,8.352046989720998,0.6047562734219366,0.023041058106693973,4940.3733,0.3833,0.22662,0.0,99531000000.0,341462238315.04266,4305000000.0,337157238315.04266,0.1456300419847465,20.7641,4.3868,0.2862705087257456,43.6921,7.4346,5.9965,187.435,0.45324,0.023041058106693973,0.375189023669938,376374633775.42706,376763195929.3417,0.11631782148998185,0.037716354842560085,4.4743136563876655,0.07142923450844485,8,2021-12-31,True,0.1456300419847465,-0.20158891070401172,20.7641,-0.5850610007795601,4.3868,-0.9324279373392977,-0.2862705087257456,-0.2228950782513394,-43.6921,0.6939884339903095,7.4346,-0.652939182522147,-5.9965,0.7748641890302129,187.435,-0.005757307902674124,0.45324,0.48305682380337395,0.023041058106693973,-0.3219585648100962,0.375189023669938,0.9117828755562871,-0.005357787266267566,0.11631782148998185,0.037716354842560085,True,True,True,True,False,True,True,True,True,True,9,8.999946422127337
601857.SH,20230330,20221231,17.6983,17.6983,23.8996,23.8996,2.1102,2.1777,0.6055,11.3447,12.9792,11.3447,,8.8901,659903000000.0,4.9741,42.474,1.7383,2.1515,0.1216,162.3357,41290000000.0,5.0623,170897000000.0,62.0805,71.7,0.82,7.4832,0.2972,21.9573,1,2022-12-31,2023-03-30,2022,2022-12-30,4.4743136563876655,4.97,18302097.7818,90961425.9755,80475272.6755,5.456480068765446,0.5979144826261046,0.049169552448769735,3871.6338,0.3872,0.42258,0.0,170897000000.0,393769633775.42706,17395000000.0,376374633775.42706,0.47288038873418325,21.9573,5.0623,0.27718335599718313,42.474,11.3447,4.893400000000001,162.3357,0.5153414634146342,0.049169552448769735,0.4137738934268705,450892735460.3465,,0.19798917088919027,,6.709591776798826,0.4995801126324726,9,2022-12-31,True,0.47288038873418325,0.5328143899237834,21.9573,-0.3920898559286259,5.0623,-0.7951454057102488,-0.27718335599718313,-0.12174292760216153,-42.474,0.6956508134909107,11.3447,-0.2652150789682232,-4.893400000000001,0.8113977916251381,162.3357,-0.03177009332558581,0.5153414634146342,0.6176046926355163,0.049169552448769735,0.35729677010051086,0.4137738934268705,0.7030815625047815,0.19198933261325415,0.19798917088919027,,True,True,True,True,True,True,True,True,True,True,10,10.001919893326132
601857.SH,20240326,20231231,16.4517,16.4517,-7.0436,-7.0436,2.3334,2.5566,0.6015,11.4449,13.2905,11.4449,,9.3341,665611000000.0,4.5432,40.7631,1.6881,2.4948,0.1516,180.4556,52568000000.0,5.9877,187130000000.0,8.3408,9.9,0.88,7.903,0.3159,23.5345,1,2023-12-31,2024-03-26,2023,2023-12-29,6.709591776798826,7.06,18302097.7818,129212810.3395,114316986.9395,7.624536109998665,0.8489930123748989,0.034279283695815836,3431.1099,0.4853,0.44,0.0,187130000000.0,456600735460.3465,5708000000.0,450892735460.3465,0.083408,23.5345,5.9877,0.27260226968456897,40.7631,11.4449,5.4915,180.4556,0.5,0.034279283695815836,0.34895358616196726,376763195929.3417,,-0.16440615184301213,,8.94,0.33242085321997195,10,2023-12-31,True,0.083408,-0.19253940872502645,23.5345,-0.2881837162342446,5.9877,-0.7761852433390871,-0.27260226968456897,-0.12188725577696875,-40.7631,0.8206995762402538,11.4449,-0.20629785912344425,-5.4915,0.7420668601910303,180.4556,-0.08993434525537232,0.5,0.5866829844897427,0.034279283695815836,0.06344856407573879,0.34895358616196726,0.4417101084936831,0.08905275136693683,-0.16440615184301213,,True,True,True,True,True,True,True,True,True,True,10,10.00089052751367
601857.SH,20250331,20241231,16.0527,16.0527,-2.4838,-2.4838,2.1508,2.9966,0.4272,11.1201,11.7015,11.1201,,9.2062,695374000000.0,4.3174,37.8911,1.6101,2.2212,0.1384,159.2457,38063000000.0,6.2542,173287000000.0,2.0209,-7.5,0.9,8.2798,-0.4181,22.5583,1,2024-12-31,2025-03-31,2024,2024-12-31,8.94,8.94,18302097.7818,163620754.1693,144758337.5693,9.933333333333332,1.0797362255126934,0.027964205816554812,3934.9109,-1.604,0.47,0.0,173287000000.0,406526195929.3417,29763000000.0,376763195929.3417,0.20300991078586672,22.5583,6.2542,0.2850000135355858,37.8911,11.1201,5.574599999999999,159.2457,0.5222222222222221,0.027964205816554812,0.23026614065077655,,,,,,,11,2024-12-31,True,0.20300991078586672,0.7694957268111563,22.5583,-0.36736685060386354,6.2542,-0.8082731238107262,-0.2850000135355858,-0.1530587364168256,-37.8911,1.0462399607210502,11.1201,-0.18788399022739335,-5.574599999999999,0.763017506417775,159.2457,0.022894401610117184,0.5222222222222221,0.4407599674498988,0.027964205816554812,0.18679735869338918,0.23026614065077655,0.459726906190189,0.19748628425770606,,,True,True,True,True,True,True,True,True,True,True,10,10.001974862842577
601899.SH,20150321,20141231,2.7238,2.7238,18.0606,18.0606,1.541,3.7017,1.3069,8.4246,8.9873,8.4246,8.47,5.5415,33416606480.0,1.8637,55.2034,2.2323,0.293,0.1076,182.6686,438175084.0,4.4851,2501701453.0,10.3375,3.53,0.11,1.3007,-0.0236,13.4083,1,2014-12-31,2015-03-21,2014,2014-12-31,2.7735368717707845,3.38,2164585.565,7316299.2097,5341685.6337,25.213971561552587,2.1323417173604864,0.028844036945837835,3533.705,2.2025,0.08,0.0,2501701453.0,6342235705.45,0.0,6342235705.45,0.10337500000000001,13.4083,4.4851,0.5316892589883,55.2034,8.47,6.5496,182.6686,0.7272727272727273,0.028844036945837835,0.08668639053254437,7771713282.955002,9765236809.783998,0.22539016900249004,0.15472916184116636,2.9528980742132456,0.06466876437375313,1,2014-12-31,True,0.10337500000000001,-0.1274731672992254,13.4083,-1.5117856202179902,4.4851,-0.9729909420121712,-0.5316892589883,-0.8567018387445828,-55.2034,0.3415692170122224,8.47,-0.803237797538769,-6.5496,1.053519516552714,182.6686,-0.027799791940429076,0.7272727272727273,2.39363442393305,0.028844036945837835,-0.16033159064834632,0.08668639053254437,-0.33592482966823106,-0.09159294732470528,0.22539016900249004,0.15472916184116636,True,True,False,True,True,True,True,True,True,True,9,8.999084070526752
601899.SH,20160326,20151231,3.449,3.449,26.4515,26.4515,0.9311,3.5271,1.2727,5.956,6.7097,5.956,6.01,3.7833,35928653464.0,2.143,61.9512,2.6282,0.4767,0.1382,528.1292,181399961.0,1.807,1865182942.0,-29.3976,-25.44,0.08,1.2782,0.0619,8.4731,1,2015-12-31,2016-03-26,2015,2015-12-31,2.9528980742132456,3.52,2157281.365,7593630.4048,5562938.8848,36.91122592766557,2.3102003397068107,0.02031902168380332,3731.0047,-0.9075,0.06,0.0,1865182942.0,10283760266.955002,2512046984.0,7771713282.955002,-0.293976,8.4731,1.807,0.4957662119128368,61.9512,6.01,5.7309,528.1292,0.75,0.02031902168380332,0.1023451612557076,7627013189.445002,3907586622.2712975,-0.018618815213803357,-0.20482274706383585,2.8489619539689994,-0.03519800468288714,2,2015-12-31,True,-0.293976,-0.542555914892529,8.4731,-1.3358732762885377,1.807,-0.9991760237417846,-0.4957662119128368,-0.6970748055187725,-61.9512,0.10520782614677615,6.01,-0.7708920112529176,-5.7309,1.0669834193086212,528.1292,0.7018440618093329,0.75,2.6797621522753916,0.02031902168380332,-0.45410011018465807,0.1023451612557076,-0.34976124702436556,-0.05414872085122207,-0.018618815213803357,-0.20482274706383585,False,True,False,True,False,True,True,True,True,True,7,6.999458512791488
601899.SH,20170325,20161231,3.6606,3.6606,6.1202,6.1202,0.8465,3.5795,0.7375,6.6539,3.5808,6.6539,3.59,3.8128,36902859214.0,2.1653,65.1229,2.8672,0.3993,0.1091,372.0581,-74541392.0,2.1398,990074513.0,11.121,-46.92,0.09,1.2888,-0.0062,11.5013,1,2016-12-31,2017-03-25,2016,2016-12-30,2.8489619539689994,3.34,2154074.365,7194608.3791,5278470.4191,31.65513282187777,2.2105539680082242,0.02106030230288322,3310.0808,0.3735,0.06,0.0,990074513.0,8601218939.445002,974205750.0,7627013189.445002,0.11121,11.5013,2.1398,0.4636132169992336,65.1229,3.59,5.1635,372.0581,0.6666666666666666,0.02106030230288322,0.10601012296376155,9765236809.783998,6142585598.303801,0.2803487508449674,-0.06960884447165783,3.9777125410991077,0.39619714315861687,3,2016-12-31,True,0.11121,0.08181989897925634,11.5013,-1.0333919787991968,2.1398,-0.8423826835832001,-0.4636132169992336,-0.6064026215975066,-65.1229,-0.03209321285378499,3.59,-0.5744644620186599,-5.1635,1.0606122176642063,372.0581,0.7697343516238513,0.6666666666666666,1.6679224280760507,0.02106030230288322,-0.36129234776357655,0.10601012296376155,-0.12738441925377827,0.00024337913396926561,0.2803487508449674,-0.06960884447165783,True,True,False,True,False,True,True,True,True,True,8,8.00000243379134
601899.SH,20180324,20171231,4.1052,4.1052,19.9077,19.9077,0.7921,3.1667,2.129,11.1778,8.5941,11.1778,8.49,6.5376,33783308516.0,2.6752,57.854,2.3727,0.424,0.1033,194.252,1072219775.0,3.4348,2696908503.0,90.6577,172.39,0.16,1.498,0.0452,13.9364,1,2017-12-31,2018-03-24,2017,2017-12-29,3.9777125410991077,4.59,2303121.8891,10571329.471,7253945.8754,24.860703381869424,2.6553488258338502,0.02262606939794888,4030.8549,0.2975,0.09,0.0,2696908503.0,9765236809.783998,0.0,9765236809.783998,0.025361273226966796,13.9364,3.4348,0.4126963356056258,57.854,8.49,6.0878,194.252,0.5625,0.02262606939794888,0.09237472766857441,3907586622.2712975,-5004168937.364199,-0.5998472235352036,-0.5041490897708497,2.9681916392672614,-0.2537943331503033,4,2017-12-31,True,0.025361273226966796,-0.46925717650835497,13.9364,-0.8442105149181063,3.4348,-0.7974144925256741,-0.4126963356056258,-0.44018698623028024,-57.854,0.33912807062051586,8.49,-0.422344179087681,-6.0878,0.9383471493149065,194.252,0.07913643897276189,0.5625,0.5413930755343042,0.02262606939794888,-0.328299027961029,0.09237472766857441,0.22465318734296774,-0.10718676867687905,-0.5998472235352036,-0.5041490897708497,True,True,False,True,True,True,True,True,True,True,9,8.998928132313232
601899.SH,20190323,20181231,4.6022,4.6022,12.1055,12.1055,0.8373,3.0562,1.1833,10.8509,8.1141,10.8509,8.83,7.2753,40108492447.0,2.8689,58.1201,2.3878,0.4443,0.0965,165.546,-165505213.0,4.4179,3061250525.0,16.7076,13.51,0.18,1.5401,0.1814,12.5883,1,2018-12-31,2019-03-23,2018,2018-12-28,2.9681916392672614,3.34,2303121.8891,7692427.1096,5636492.4296,16.489953551484785,1.9272720208215448,0.03369054702434455,3010.6536,0.6737,0.1,0.0,3061250525.0,10232770553.271297,6325183931.0,3907586622.2712975,0.17957568727730489,12.5883,4.4179,0.47355731211857205,58.1201,8.83,5.0768,165.546,0.5555555555555556,0.03369054702434455,0.05079783749129979,6142585598.303801,15715167304.048,0.5719640259013382,0.5902673101374432,4.195462658525129,0.41347431985922434,5,2018-12-31,True,0.17957568727730489,-0.18279098237851105,12.5883,-0.8702443235523586,4.4179,-0.8285680451674295,-0.47355731211857205,-0.5931024375948009,-58.1201,0.2180692516625841,8.83,-0.4715663394823476,-5.0768,0.9242936981902663,165.546,0.1334980265736577,0.5555555555555556,1.4231617467121784,0.03369054702434455,-0.2765939832118458,0.05079783749129979,0.05645379374867965,-0.042489963136357084,0.5719640259013382,0.5902673101374432,True,True,False,True,True,True,True,True,True,True,9,8.999575100368636
601899.SH,20200321,20191231,5.363,5.363,28.4013,28.4013,0.4221,3.0608,1.0778,9.3494,8.7226,9.3494,10.61,7.0993,44631969204.0,3.2121,53.9052,2.1694,0.4203,0.0784,147.2721,1243317284.0,3.7186,3996757237.0,4.6457,30.56,0.18,1.8205,-0.1516,11.4001,1,2019-12-31,2020-03-21,2019,2019-12-31,4.195462658525129,4.59,2537725.9946,11648162.3152,8822791.0034,23.30812588069516,2.304566140359862,0.023835273517880378,4096.5821,0.3662,0.1,0.0,3996757237.0,10666062355.3038,4523476757.0,6142585598.303801,0.5922574749963465,11.4001,3.7186,0.44531877051841107,53.9052,10.61,4.5607,147.2721,0.5555555555555556,0.023835273517880378,0.052734375020583084,-5004168937.364199,7878714426.807999,-1.8146681649411671,0.08651246725244621,8.65073978393612,1.0619274888212678,6,2019-12-31,True,0.5922574749963465,0.5332516691864635,11.4001,-0.9836306203544009,3.7186,-0.8985147275752612,-0.44531877051841107,-0.7081954251654918,-53.9052,0.3282975636120092,10.61,-0.24656603619030787,-4.5607,0.9686320956883387,147.2721,0.15907983016654464,0.5555555555555556,1.4755919547801553,0.023835273517880378,-0.32425677811201636,0.052734375020583084,-0.005847063559000487,0.027076587497912082,-1.8146681649411671,0.08651246725244621,True,True,False,True,True,True,True,True,True,True,9,9.00027076587498
601899.SH,20210320,20201231,6.7581,6.7581,26.0131,26.0131,0.2494,2.582,1.0404,12.0837,11.7373,12.0837,11.84,8.0235,63905771409.0,3.1602,59.0834,2.444,0.5623,0.0832,126.946,1656083403.0,4.9318,6321966428.0,51.9285,58.18,0.25,2.0169,0.2247,11.9127,1,2020-12-31,2021-03-20,2020,2020-12-31,8.65073978393612,9.29,2537725.9946,23575474.4898,18245857.2298,34.60295913574448,4.289126770755178,0.01387164600914623,5211.2885,1.9082,0.12,0.0,6321966428.0,14269633267.635801,19273802205.0,-5004168937.364199,0.3283993596067525,11.9127,4.9318,0.5108692772177049,59.0834,11.84,3.8718,126.946,0.48,0.01387164600914623,-0.021226164247634835,15715167304.048,14201699584.124,4.140415022104652,1.2793245499824082,9.144152184124001,0.05703701793274574,7,2020-12-31,True,0.3283993596067525,0.48930742975393987,11.9127,-0.6353493236182258,4.9318,-0.6159309446345632,-0.5108692772177049,-1.0610604388684324,-59.0834,0.031996639935070674,11.84,0.06854119568405151,-3.8718,0.9468556184253697,126.946,-0.3682968985617757,0.48,0.5380423847065442,0.01387164600914623,-0.4829409990379316,-0.021226164247634835,-0.6999379592825479,-0.1626157541362273,4.140415022104652,1.2793245499824082,True,True,False,True,True,True,True,True,True,False,8,7.998373842458638
601899.SH,20220319,20211231,8.5492,8.5492,31.2541,31.2541,0.1831,2.7006,0.6648,24.5708,23.0151,24.5708,22.45,13.3764,74262681245.0,3.2584,55.4652,2.2454,0.9902,0.1158,103.9293,4191215729.0,8.707,14680534183.0,140.8042,132.21,0.6,2.6978,0.0701,15.438,0,2021-12-31,2022-03-19,2021,2021-12-31,9.144152184124001,9.7,2633011.224,25540208.8728,19879841.1908,15.240253640206669,3.3894848336140564,0.021871901951417465,4940.3733,0.3833,0.2,0.0,14680534183.0,26072077140.048,10356909836.0,15715167304.048,0.6863497865768138,15.438,8.707,0.4656015809148088,55.4652,22.45,3.5485,103.9293,0.33333333333333337,0.021871901951417465,0.06153108372102804,7878714426.807999,33851219421.295998,-0.4986553897661302,0.2914723217213162,9.613903240958198,0.05137174528326138,8,2021-12-31,True,0.6863497865768138,0.5262522374195042,15.438,-0.853618027408091,8.707,-0.6163000685145151,-0.4656015809148088,-0.9966380859010286,-55.4652,0.15885352262095712,22.45,0.5400874609300598,-3.5485,0.936048719657446,103.9293,-0.24481679573028808,0.33333333333333337,-0.20065699565836412,0.021871901951417465,-0.36120252909079287,0.06153108372102804,-0.08912362910198636,-0.10919219916155445,-0.4986553897661302,0.2914723217213162,True,True,False,True,True,True,True,True,True,True,9,8.998908078008384
601899.SH,20230325,20221231,10.2672,10.2672,20.0915,20.0915,0.2293,2.7731,0.7047,25.0561,24.4173,25.0561,24.64,12.4685,95061853710.0,3.193,59.3342,2.4591,1.0892,0.1061,92.6739,3607993414.0,9.1619,19531070917.0,27.8773,33.0406,0.76,3.3781,0.2292,15.7381,1,2022-12-31,2023-03-25,2022,2022-12-30,9.613903240958198,10.0,2632931.224,26329312.24,20494681.64,12.649872685471314,2.8459498655925515,0.020803205002931403,3871.6338,0.3872,0.2,0.0,19531070917.0,28677886891.808,20799172465.0,7878714426.807999,0.6969645203469803,15.7381,9.1619,0.4346283714297903,59.3342,24.64,3.7070999999999996,92.6739,0.2631578947368421,0.020803205002931403,0.029923738056623083,14201699584.124,,0.8025402133883042,,12.235263503992485,0.2726634746922023,9,2022-12-31,True,0.6969645203469803,0.9400394826257435,15.7381,-0.7200400703498679,9.1619,-0.5175100960075736,-0.4346283714297903,-0.774593307208788,-59.3342,-0.038987286716892174,24.64,0.7107488161993483,-3.7070999999999996,0.9068402414391807,92.6739,-0.25796814490921877,0.2631578947368421,-0.5858581929918407,0.020803205002931403,-0.48629411039367804,0.029923738056623083,-0.40015995700500234,-0.11125296593805353,0.8025402133883042,,True,True,False,True,True,True,True,True,True,True,9,8.99888747034062
601899.SH,20240323,20231231,11.1448,11.1448,8.5356,8.5356,0.2612,3.0981,1.114,21.5012,22.0073,21.5012,21.43,10.5595,117719986519.0,2.7578,59.6617,2.479,1.4001,0.1256,115.4166,6409013778.0,9.0454,21616538793.0,5.3756,10.68,0.8,4.0836,-0.075,15.8073,1,2023-12-31,2024-03-23,2023,2023-12-29,12.235263503992485,12.46,2632657.124,32802907.765,25575497.3471,15.294079379990606,2.9961953922990707,0.01634619474560054,3431.1099,0.4853,0.25,0.0,21616538793.0,36859832393.124,22658132809.0,14201699584.124,0.5065307150183853,15.8073,9.0454,0.4417089318795685,59.6617,21.43,4.4733,115.4166,0.3125,0.01634619474560054,0.04329402651089642,33851219421.295998,,1.3836034004787767,,15.120000000000001,0.2357723227674009,10,2023-12-31,True,0.5065307150183853,0.09301134573608465,15.8073,-0.6889375323024908,9.0454,-0.5672727640611956,-0.4417089318795685,-0.7572194680950234,-59.6617,0.020139939515731505,21.43,1.0500234095320362,-4.4733,0.8204719390327548,115.4166,-0.2828589211496228,0.3125,-0.19622712936314415,0.01634619474560054,-0.7926257954503003,0.04329402651089642,-0.5734668917552311,-0.17045107894185466,1.3836034004787767,,True,True,False,True,True,True,True,True,True,True,9,8.998295489210582
601899.SH,20250322,20241231,11.4245,11.4245,3.489,3.489,0.243,3.0665,0.6683,25.9213,25.6317,25.9213,25.6,13.5342,132729558125.0,2.4248,55.1876,2.2315,1.8384,0.1609,100.069,7945103063.0,12.9735,31692529659.0,51.7589,46.61,1.21,5.1991,0.4498,20.3741,1,2024-12-31,2025-03-22,2024,2024-12-31,15.120000000000001,15.12,2657788.894,40185768.0773,31082237.7304,12.495867768595042,2.9081956492469856,0.018518518518518517,3934.9109,-1.604,0.38,0.0,31692529659.0,48860791027.296,15009571606.0,33851219421.295998,0.29242400429129556,20.3741,12.9735,0.43044939752340217,55.1876,25.6,3.9778,100.069,0.3140495867768595,0.018518518518518517,0.08423683567819563,,,,,,,11,2024-12-31,True,0.29242400429129556,1.1234534930716085,20.3741,-0.4723302282863636,12.9735,-0.3862051431389891,-0.43044939752340217,-0.6674535178854913,-55.1876,0.3215016016368002,25.6,1.2977093062129281,-3.9778,0.8798425276222912,100.069,-0.3907836336582307,0.3140495867768595,-0.5730125578309219,0.018518518518518517,-0.42514646058292405,0.08423683567819563,-0.21370993702729044,0.044896859103037895,,,True,True,False,True,True,True,True,True,True,True,9,9.00044896859103
601919.SH,20170331,20161231,6.9654,6.9654,9.4173,9.4173,0.092,5.8038,2.5514,-46.0995,-33.0151,-46.0995,-44.19,-5.305,48615021672.19,1.0658,68.6185,3.1866,0.1487,0.0214,,-275786433.31,-12.7898,-7094385641.21,-2210.796,-53.6769,-0.97,1.7935,-0.1672,-0.9916,1,2016-12-31,2017-03-31,2016,2016-12-30,2.5327030909680706,5.24,1021627.4357,5353327.7631,4001093.3631,-2.6110341144000726,1.4121567276097409,0.0,3310.0808,0.3735,,,-7094385641.21,1519159996.8859,0.0,1519159996.8859,-22.10796,-0.9916,-12.7898,0.8326241504313633,68.6185,-44.19,8.447199999999999,,0.0,0.0,0.028377862595250217,-1878902002.950594,21202855798.0965,-2.236803237843363,1.4076699253566791,3.2722137263079842,0.2919847328244274,3,2016-12-31,True,-22.10796,-3.1279170668986493,-0.9916,-2.1329113179649464,-12.7898,-1.8573488477175617,-0.8326241504313633,-1.7542946295615063,-68.6185,-0.18829280886898514,-44.19,-3.7109435972243983,-8.447199999999999,0.7776720159121605,,-0.11898884571190933,0.0,-1.5784543235447757,0.0,-1.2284125481900676,0.028377862595250217,-0.34648221303677373,-1.3878521984370376,-2.236803237843363,1.4076699253566791,False,False,False,True,False,True,False,False,False,True,3,2.9861214780156295
601919.SH,20180330,20171231,8.8549,8.8549,27.1272,27.1272,0.0587,5.7252,1.9123,13.6536,4.8731,13.6536,4.91,5.7159,57586061333.77,1.7036,67.1818,3.0471,0.6942,0.0784,143.0759,-160390889.74,5.3399,950068952.51,126.8719,113.3918,0.26,2.0232,-0.6314,8.6878,1,2017-12-31,2018-03-30,2017,2017-12-29,3.2722137263079842,6.77,1021627.4357,6916417.7397,5169351.5397,12.585437408876862,1.6173456535725503,0.0,4030.8549,0.2975,,,950068952.51,7092137658.6294,8971039661.579994,-1878902002.950594,1.268719,8.6878,5.3399,0.914322284050725,67.1818,4.91,7.6962,143.0759,0.0,0.0,-0.027165825918318395,-51921958015.62371,45030476803.693695,-26.6342022809526,8.322126208636506,1.9526947495250009,-0.4032496307237814,4,2017-12-31,True,1.268719,3.2248479766894307,8.6878,-1.2558364984173902,5.3399,-0.6675554885763304,-0.914322284050725,-2.0826925904256592,-67.1818,-0.0899870371254355,4.91,-0.8988095224090052,-7.6962,0.7850519363034744,143.0759,-0.02578423791136791,0.0,-1.3985419091667637,0.0,-1.1876504306720297,-0.027165825918318395,-0.2821283041068629,-0.3526441914379945,-17.479288485363828,8.322126208636506,True,True,False,True,False,True,True,False,False,False,5,4.99647355808562
601919.SH,20190330,20181231,11.8272,11.8272,33.5665,33.5665,0.0509,5.6717,2.4558,5.6481,0.8742,5.6481,0.85,3.8008,117639152110.13,1.3791,75.2994,4.0485,0.7959,0.0673,267.0441,573524604.43,2.5047,190381878.46,-53.792,-79.96,0.12,2.2402,0.6949,8.462,1,2018-12-31,2019-03-30,2018,2018-12-28,1.9526947495250009,4.04,1021627.4357,4127374.8402,3084812.4402,16.272456246041674,0.8716609006003931,0.0,3010.6536,0.6737,,,190381878.46,8131132760.7363,60053090776.36001,-51921958015.62371,-0.5379200000000001,8.462,2.5047,1.269633584164427,75.2994,0.85,8.1784,267.0441,0.0,0.0,-1.2579898852392029,21202855798.0965,167485244345.97803,1.4083600967381933,1.4085704182905971,2.5472032995041474,0.3044554455445545,5,2018-12-31,True,-0.5379200000000001,-1.6221532782140302,8.462,-1.1439915844543844,2.5047,-0.9664575257292513,-1.269633584164427,-3.0971761122149757,-75.2994,-0.5070693467082925,0.85,-1.4233817163347986,-8.1784,0.6696201409714736,267.0441,0.5154433278467396,0.0,-2.4083974151929404,0.0,-1.442302684710784,-1.2579898852392029,-3.003819607175685,-1.3117896183560847,1.4083600967381933,1.4085704182905971,False,True,False,True,False,True,True,False,False,False,4,3.986882103816439
601919.SH,20200331,20191231,12.3216,12.3216,25.0164,25.0164,0.0448,6.6487,3.3196,23.226,5.4439,23.226,5.06,6.9902,106399061136.37,1.3485,73.6389,3.7935,1.7295,0.1404,175.7768,-303339537.11,6.8516,1585437943.57,449.9154,732.77,0.56,2.8843,1.3807,10.7423,1,2019-12-31,2020-03-31,2019,2019-12-31,2.5472032995041474,5.27,1225952.9227,6460771.9026,4024000.3861,4.54857732054312,0.883127032383645,0.0,4096.5821,0.3662,,,1585437943.57,21202855798.0965,0.0,21202855798.0965,4.499154,10.7423,6.8516,0.7932014219158835,73.6389,5.06,10.0131,175.7768,0.0,0.0,0.3281783681229152,45030476803.693695,183357923424.7946,1.1237930037583115,1.0525879455152678,5.901019046295009,1.3166659086236794,6,2019-12-31,True,4.499154,4.15234407263865,10.7423,-1.0244322976317852,6.8516,-0.6741042552169454,-0.7932014219158835,-2.048386989212311,-73.6389,-0.49173066443674923,5.06,-0.9115143674831097,-10.0131,0.5293723972579795,175.7768,0.30499076799561425,0.0,-1.973678170856274,0.0,-1.2650100103357236,0.3281783681229152,1.1432607955048815,-0.20535352016143385,1.1237930037583115,1.0525879455152678,True,True,False,True,False,True,True,False,False,True,6,5.997946464798385
601919.SH,20210331,20201231,13.9694,13.9694,13.3739,13.3739,0.0337,5.7508,2.4126,25.0452,24.2033,25.0452,24.2,6.514,104967074810.35,1.6205,71.0594,3.4554,3.6731,0.2629,323.234,6010130942.86,7.7003,9593418830.78,46.7614,505.1,0.81,3.582,0.2337,14.2088,1,2020-12-31,2021-03-31,2020,2020-12-31,5.901019046295009,12.21,1225952.9227,14968885.1862,10570565.488,7.28520869912964,1.6474090023157482,0.0,5211.2885,1.9082,0.0,0.3,9593418830.78,45030476803.693695,0.0,45030476803.693695,1.1614212976007834,14.2088,7.7003,0.6917599121556616,71.0594,24.2,8.197099999999999,323.234,0.0,0.0,0.3008271908265276,167485244345.97803,11998616943.55399,2.7193753260955877,-0.356510377116656,11.744585013207287,0.9902638715564214,7,2020-12-31,True,1.1614212976007834,2.3510300533058706,14.2088,-0.5314171735001367,7.7003,-0.417580859459588,-0.6917599121556616,-1.7899303558307815,-71.0594,-0.47054051516025924,24.2,1.6239177662466868,-8.197099999999999,0.6525542345817918,323.234,0.6992590649054992,0.0,-1.4431572044095944,0.0,-1.0066740809559687,0.3008271908265276,0.7332499801387277,0.0364282645329316,2.7193753260955877,-0.356510377116656,True,True,False,True,True,True,True,False,False,True,7,7.00036428264533
601919.SH,20220331,20211231,20.8375,20.8375,94.8475,94.8475,0.0199,3.6907,0.9212,100.8949,100.7623,100.8949,100.98,38.0517,108429419593.48,3.1275,56.7623,2.3128,10.6748,0.5123,133.3016,21757785124.34,31.1221,89178741601.68,799.519,829.58,5.59,8.3111,7.8254,42.3002,0,2021-12-31,2022-03-31,2021,2021-12-31,11.744585013207287,18.69,1601412.571,29930400.952,21178068.9522,2.1009991079082804,1.4131204068302976,0.07407669143027598,4940.3733,0.3833,0.87,0.0,89178741601.68,170947589129.108,3462344783.1299896,167485244345.97803,6.766259729703916,42.3002,31.1221,0.35224700826892613,56.7623,100.98,4.6318,133.3016,0.1556350626118068,0.07407669143027598,0.5595823611403588,183357923424.7946,47718408162.029495,0.09477061182791727,-0.34198398236606553,8.12318226053107,-0.3083465910974117,8,2021-12-31,True,6.766259729703916,4.632843896457338,42.3002,0.5008500750873417,31.1221,1.023910521850372,-0.35224700826892613,-0.5075577112663231,-56.7623,0.09989509251018024,100.98,3.990358978035184,-4.6318,0.8647206142536545,133.3016,-0.16072999693309187,0.1556350626118068,-1.2139014362240341,0.07407669143027598,1.391106505372685,0.5595823611403588,1.5001961352998612,1.101972061313015,0.09477061182791727,-0.34198398236606553,True,True,False,True,True,True,True,True,True,True,9,9.01101972061313
601919.SH,20230331,20221231,24.2971,24.2971,17.1908,17.1908,0.0164,2.9999,-1.1452,65.7285,65.3894,65.7285,59.43,35.7537,121867562300.48,3.3961,50.4624,2.0187,12.2274,0.5032,117.6578,12311876975.93,33.5853,109029266717.1,22.6592,22.26,6.83,12.4501,3.553,44.2561,1,2022-12-31,2023-03-31,2022,2022-12-30,8.12318226053107,10.29,1609467.8029,16561423.6918,13109355.0718,1.1893385447336853,0.6524591979607449,0.17111520527536775,3871.6338,0.3872,3.3999999999999995,0.0,109029266717.1,196796066131.7946,13438142707.0,183357923424.7946,3.0969872695905414,44.2561,33.5853,0.30127369102917345,50.4624,59.43,1.8710999999999998,117.6578,0.4978038067349926,0.17111520527536775,1.1071386544840343,11998616943.55399,,-0.9345617755729259,,9.10896890495389,0.12135473670368846,9,2022-12-31,True,3.0969872695905414,3.5809780589406945,44.2561,0.7837681710421087,33.5853,1.1365044963898114,-0.30127369102917345,-0.22163420918558932,-50.4624,0.347577658979101,59.43,3.055671123743279,-1.8710999999999998,1.0545535836448472,117.6578,-0.17684320267458908,0.4978038067349926,0.5339120118415912,0.17111520527536775,3.2229523127072786,1.1071386544840343,2.695913353403505,1.455759396257458,-0.9345617755729259,,True,True,True,True,True,True,True,True,True,True,10,10.014557593962575
601919.SH,20240329,20231231,10.917,10.917,-55.1352,-55.1352,0.5717,4.1201,-3.2244,12.0355,11.9813,12.0355,11.74,5.9946,132480923613.99,1.3796,47.404,1.9013,1.407,0.1289,68.285,1768091560.38,16.1847,23752793941.16,-78.2501,-78.24,1.48,12.203,-3.3912,16.3538,1,2023-12-31,2024-03-29,2023,2023-12-29,9.10896890495389,9.58,1607105.7752,15396073.3264,12221919.4724,6.154708719563439,0.7464532414122668,0.02524983918596045,3431.1099,0.4853,0.74,0.0,23752793941.16,22611978257.064,10613361313.51001,11998616943.55399,0.3528420648238466,16.3538,16.1847,0.3552970699576436,47.404,11.74,1.4673999999999996,68.285,0.5,0.02524983918596045,0.07793296829120504,47718408162.029495,,2.976992380581433,,15.5,0.7016195973147261,10,2023-12-31,True,0.3528420648238466,-0.010707760937858402,16.3538,-0.6605945412473484,16.1847,-0.07949146985030203,-0.3552970699576436,-0.4325708783069257,-47.404,0.5393858021234472,11.74,-0.16916849573397075,-1.4673999999999996,1.051937099600757,68.285,-0.4226649443236793,0.5,0.5866829844897427,0.02524983918596045,-0.36759128338777125,0.07793296829120504,-0.45842171846350394,-0.03847320054885572,2.976992380581433,,True,True,False,True,True,True,True,True,True,True,9,8.999615267994512
601919.SH,20250322,20241231,14.6521,14.6521,33.2888,33.2888,0.4152,4.0906,-1.5962,22.7959,22.7572,22.7959,22.56,13.2619,154075597496.91,1.6322,42.6986,1.7452,4.3427,0.2964,103.4565,10958538908.92,23.6875,49017179110.85,105.7844,106.37,3.08,14.7028,0.1894,29.5411,1,2024-12-31,2025-03-22,2024,2024-12-31,15.5,15.5,1596082.6685,24739281.3618,19779622.3618,5.032467532467533,1.054220964714204,0.0664516129032258,3934.9109,-1.604,1.55,0.0,49017179110.85,69313082044.9495,21594673882.92,47718408162.029495,-0.18085209495105303,29.5411,23.6875,0.3762125031497807,42.6986,22.56,2.9096000000000006,103.4565,0.5032467532467533,0.0664516129032258,0.19288518313919836,,,,,,,11,2024-12-31,True,-0.18085209495105303,-0.7500738709575387,29.5411,-0.03180313222580221,23.6875,0.286787035349394,-0.3762125031497807,-0.47563988028909493,-42.6986,0.8448015390000355,22.56,0.985814636969454,-2.9096000000000006,0.9579941356199515,103.4565,-0.36710312520690563,0.5032467532467533,0.3483520048927938,0.0664516129032258,2.680224268088965,0.19288518313919836,0.2873388089670278,0.43333567456438915,,,False,True,False,True,True,True,True,True,True,True,8,8.004333356745644
601939.SH,20190328,20181231,2.6354,2.6354,5.9891,5.9891,,25.3772,,13.5591,13.5688,13.5591,14.04,,169574000000.0,3.8844,91.4239,11.6603,2.46,0.9346,199.612,41452000000.0,38.7964,254838000000.0,5.1147,5.74,1.0,7.587,1.1574,,1,2018-12-31,2019-03-28,2018,2018-12-28,4.625921159867885,6.37,25001097.7486,159256992.6586,6111159.895,4.625921159867885,0.6097167734108192,0.06614898728813166,3010.6536,0.6737,0.306,0.0,254838000000.0,615027004615.5599,0.0,615027004615.5599,0.04051627191931151,,38.7964,0.0076669102302824475,91.4239,14.04,25.3772,199.612,0.306,0.06614898728813166,0.38618524332805676,581359577542.38,,-0.054741380167891505,,5.479951100244499,0.18461835186162245,5,2018-12-31,True,0.04051627191931151,-0.46175695095006536,,-0.22433466610981484,38.7964,1.64918310865579,-0.0076669102302824475,0.8723650453494471,-91.4239,-1.1876848158735784,14.04,0.14985698299901432,-25.3772,-0.7425798770497319,199.612,0.2616910531738483,0.306,-0.29797462881560105,0.06614898728813166,0.84648324747958,0.38618524332805676,0.840673525689577,0.1550838204134968,-0.054741380167891505,,True,True,True,False,True,True,True,True,True,True,9,9.001550838204135
601939.SH,20200330,20191231,2.8224,2.8224,7.0934,7.0934,,25.4427,,12.7236,12.7361,12.7236,13.18,,170740000000.0,4.1469,91.2128,11.3802,2.33,0.8238,177.7886,41740000000.0,38.1535,266995000000.0,4.7429,4.77,1.05,8.3862,0.7665,,1,2019-12-31,2020-03-30,2019,2019-12-31,5.479951100244499,7.23,25001097.7486,180757936.7224,6936214.4491,5.219001047851903,0.6534486537698241,0.05839468165796636,4096.5821,0.3662,0.32,0.0,266995000000.0,582525577542.38,1166000000.0,581359577542.38,0.05223004772714224,,38.1535,0.007155847701207021,91.2128,13.18,25.4427,177.7886,0.30476190476190473,0.05839468165796636,0.3216232648391015,578260467767.52,,-0.005330796798705989,,4.806194826920602,-0.12294932217439603,6,2019-12-31,True,0.05223004772714224,-0.40002282982617926,,-0.15947457611490107,38.1535,1.5679877220293879,-0.007155847701207021,0.9797940462231957,-91.2128,-1.2220090246482689,13.18,0.06134697487680936,-25.4427,-0.7136767999581223,177.7886,0.3152888460222036,0.30476190476190473,-0.08150713050714739,0.05839468165796636,1.0397667933873802,0.3216232648391015,1.1159139631577069,0.22758254405836953,-0.005330796798705989,,True,True,True,False,True,True,True,True,True,True,9,9.002275825440584
601988.SH,20160331,20151231,1.6112,1.6112,3.9423,3.9423,,28.2958,,13.9705,13.8725,13.9705,14.43,,205312000000.0,2.3946,91.9265,12.3862,2.283,1.417,291.7379,38654000000.0,37.8261,169647000000.0,0.7371,0.7668,0.56,4.094,-0.3263,,1,2015-12-31,2016-03-31,2015,2015-12-31,2.4592507109590733,4.01,29438779.1241,118049504.2876,84516971.4532,4.39151912671263,0.6006963143524849,0.07115988590352076,3731.0047,-0.9075,0.175,0.0,169647000000.0,672087327403.203,14462000000.0,657625327403.203,0.007371,,37.8261,0.013753353694581475,91.9265,14.43,28.2958,291.7379,0.31249999999999994,0.07115988590352076,0.5570758906374166,170834848882.5585,639503091513.1259,-0.7402246510834029,-0.009271387386565966,2.223105139512839,-0.09602338240420427,2,2015-12-31,True,0.007371,0.043027475349447175,,0.003852571770943522,37.8261,1.425465404548868,-0.013753353694581475,0.7789201131281985,-91.9265,-1.1788352872812502,14.43,0.4399081125856313,-28.2958,-1.0313658921712328,291.7379,-0.013162350246847226,0.31249999999999994,-0.18660864690719883,0.07115988590352076,1.6092465797334286,0.5570758906374166,1.0211121650121877,0.2646872950474705,-0.7402246510834029,-0.009271387386565966,True,True,True,False,True,True,True,True,True,True,9,9.002646872950475
601988.SH,20170401,20161231,1.6428,1.6428,1.9626,1.9626,,28.0835,,12.1163,10.5897,12.1163,10.92,,216556000000.0,2.2928,91.8062,12.2043,0.6185,0.3765,82.76,28534000000.0,38.0562,143841000000.0,-3.6682,-15.2116,0.54,4.4566,-0.1115,,1,2016-12-31,2017-04-01,2016,2016-12-30,2.223105139512839,3.44,29438779.1241,101269400.1869,72503337.107,4.11686136946822,0.49883434445829533,0.07556997508305646,3310.0808,0.3735,0.168,0.0,143841000000.0,182078848882.5585,11244000000.0,170834848882.5585,-0.036682,,38.0562,0.01352489478403402,91.8062,10.92,28.0835,82.76,0.3111111111111111,0.07556997508305646,0.16869345386392182,396053396796.08356,-502435916591.445,1.3183407799210392,-1.3136874001955885,2.6850636772039733,0.20779878084954895,3,2016-12-31,True,-0.036682,0.06045571573759542,,-0.09756969915376158,38.0562,1.599339180198507,-0.01352489478403402,0.7936989503082985,-91.8062,-1.2244266263886274,10.92,0.24988978422886438,-28.0835,-0.9142909172619108,82.76,-0.3150651039854603,0.3111111111111111,-0.06347850612172326,0.07556997508305646,1.8830457299408134,0.16869345386392182,0.04952373003882149,0.18373838523103786,1.3183407799210392,-1.3136874001955885,False,True,True,False,True,True,True,True,True,True,8,8.00183738385231
601988.SH,20180330,20171231,1.6416,1.6416,-0.0728,-0.0728,,28.3404,,11.8587,11.6996,11.8587,12.07,,226640000000.0,2.1809,91.9009,12.3471,1.3796,0.8404,182.7556,26610000000.0,38.2773,170095000000.0,4.757,18.2521,0.56,4.7431,-0.2055,,1,2017-12-31,2018-03-30,2017,2017-12-29,2.6850636772039733,3.97,29438779.1241,116871953.1227,83673909.3939,4.794756566435666,0.5660988967561243,0.06554779370568722,4030.8549,0.2975,0.176,0.0,170095000000.0,406137396796.08356,10084000000.0,396053396796.08356,0.003431313353004395,,38.2773,0.013145875646999447,91.9009,12.07,28.3404,182.7556,0.3142857142857142,0.06554779370568722,0.33887805090437756,639503091513.1259,70031611006.89209,0.6146890714394946,-0.43871927948729117,2.5635865309318717,-0.045241812067041476,4,2017-12-31,True,0.003431313353004395,-0.5491884552249854,,-0.25585184959592944,38.2773,1.5775854261688855,-0.013145875646999447,0.868086382950721,-91.9009,-1.227161854325949,12.07,0.054121164233643146,-28.3404,-1.1825289120244342,182.7556,0.055566646242743156,0.3142857142857142,-0.3146417272385483,0.06554779370568722,1.3018932666835512,0.33887805090437756,1.2696819917810747,0.1452329163318884,0.6146890714394946,-0.43871927948729117,True,True,True,False,True,True,True,True,True,True,9,9.00145232916332
601988.SH,20190330,20181231,1.7124,1.7124,4.3099,4.3099,,28.0913,,11.5848,11.5053,11.5848,11.97,,249480000000.0,2.1176,91.8871,12.326,2.2499,1.3139,289.8912,26579000000.0,38.1734,178849000000.0,4.454,5.1465,0.59,5.1404,2.4792,,1,2018-12-31,2019-03-30,2018,2018-12-28,2.5635865309318717,3.61,29438779.1241,106273992.638,76086350.8594,4.345061916833681,0.4987134329880694,0.07177444481779026,3010.6536,0.6737,0.184,0.0,178849000000.0,662343091513.1259,22840000000.0,639503091513.1259,0.017763278874768362,,38.1734,0.013375094586217178,91.8871,11.97,28.0913,289.8912,0.31186440677966104,0.07177444481779026,0.6017493797296753,-502435916591.445,843244389230.7203,-1.7856661261834297,0.09657145694791014,2.7466265507150807,0.07139997717052804,5,2018-12-31,True,0.017763278874768362,-0.507401546292512,,-0.22433466610981484,38.1734,1.6042818195119397,-0.013375094586217178,0.8544098384459162,-91.8871,-1.2072364971857035,11.97,-0.0970424944551927,-28.0913,-0.9654356616923441,289.8912,0.601418754901199,0.31186440677966104,-0.25752895006925325,0.07177444481779026,1.0411267119355665,0.6017493797296753,1.3447164513420384,0.19881579639380362,-1.7856661261834297,0.09657145694791014,True,True,True,False,True,True,True,True,True,True,9,9.001988157963938
601988.SH,20200328,20191231,1.8655,1.8655,8.9416,8.9416,,28.002,,10.818,10.7615,10.818,11.38,,267648000000.0,2.124,91.3188,11.5191,-1.645,-0.8818,-194.0658,27721000000.0,36.7621,186426000000.0,4.0642,4.2365,0.61,5.611,-1.1641,,1,2019-12-31,2020-03-28,2019,2019-12-31,2.7466265507150807,3.69,29438779.1241,108629094.9679,77772474.9782,4.5026664765821,0.48950749433524876,0.06953985060337868,4096.5821,0.3662,0.191,0.0,186426000000.0,-484267916591.445,18168000000.0,-502435916591.445,0.09028807634236302,,36.7621,0.01406647861015548,91.3188,11.38,28.002,-194.0658,0.31311475409836065,0.06953985060337868,-0.46252425903015704,70031611006.89209,-15388929962.7785,1.1393841656105932,0.32312378590343227,2.4966335572682685,-0.09101819589624471,6,2019-12-31,True,0.09028807634236302,-0.3342510082561371,,-0.15947457611490107,36.7621,1.4683245457640315,-0.01406647861015548,0.953171364094008,-91.3188,-1.2264138241624587,11.38,-0.1543119433803154,-28.002,-0.9198607457788286,-194.0658,-1.5881735387727933,0.31311475409836065,-0.029646909882824368,0.06953985060337868,1.4796549155526477,-0.46252425903015704,-2.155422878117627,-0.24240041809592713,1.1393841656105932,0.32312378590343227,True,True,True,False,True,True,False,True,True,False,7,6.997575995819041
601988.SH,20210331,20201231,1.921,1.921,2.977,2.977,,26.7269,,9.9159,9.9131,9.9159,10.61,,270654000000.0,2.1012,91.1369,11.2827,0.2481,0.1291,29.7923,47506000000.0,36.2661,192816000000.0,2.9161,3.4276,0.61,5.9817,0.5061,,0,2020-12-31,2021-03-31,2020,2020-12-31,2.4966335572682685,3.18,29438779.1241,93615317.6146,67023433.721,4.092841897161096,0.417378597600727,0.07890625335323567,5211.2885,1.9082,0.197,0.0,192816000000.0,73037611006.89209,3006000000.0,70031611006.89209,0.04267871292291092,,36.2661,0.01362250531580236,91.1369,10.61,26.7269,29.7923,0.3229508196721312,0.07890625335323567,0.07480785494442434,843244389230.7203,815970100227.7894,11.040910913040873,1.2670444879772407,2.546799653793842,0.020093496051724946,7,2020-12-31,True,0.04267871292291092,-0.14925029326128197,,-0.16648003056338787,36.2661,1.6290251954767703,-0.01362250531580236,0.9425159954242796,-91.1369,-1.3130329777042211,10.61,-0.08624142420203604,-26.7269,-0.6082475091919881,29.7923,-0.8966889133966641,0.3229508196721312,-0.11017797266137257,0.07890625335323567,1.9724832031938362,0.07480785494442434,-0.27257151235167837,0.08557579643293235,11.040910913040873,1.2670444879772407,True,True,True,False,True,True,False,True,True,True,8,8.00085575796433
601988.SH,20220330,20211231,2.057,2.057,7.0779,7.0779,,28.1726,,10.1586,10.1243,10.1586,11.24,,265645000000.0,2.2583,91.2038,11.3685,2.8644,1.3925,305.3833,53201000000.0,37.542,215829000000.0,12.2824,11.9352,0.7,6.4733,1.6331,,0,2021-12-31,2022-03-30,2021,2021-12-31,2.546799653793842,3.05,29438779.1241,89788276.3285,64283482.028,3.638285219705489,0.39343142659753794,0.08677557328499994,4940.3733,0.3833,0.221,0.0,215829000000.0,843244389230.7203,0.0,843244389230.7203,0.06465221203318183,,37.542,0.012261763919397418,91.2038,11.24,28.1726,305.3833,0.3157142857142857,0.08677557328499994,0.9391475409836588,-15388929962.7785,550976190086.6556,-1.0182496677823347,-0.13225299414306912,2.8315360837489183,0.11180166038224404,8,2021-12-31,True,0.06465221203318183,-0.31058991781345757,,-0.2566092173720162,37.542,1.493682593760983,-0.012261763919397418,0.959344829985321,-91.2038,-1.4656100887868062,11.24,-0.35058669181307306,-28.1726,-0.6852846139283577,305.3833,0.33190419530175097,0.3157142857142857,-0.30112168772077913,0.08677557328499994,1.8173579206882988,0.9391475409836588,2.7114176892921744,0.3585368192358217,-1.0182496677823347,-0.13225299414306912,True,True,True,False,True,True,True,True,True,True,9,9.003585368192358
601988.SH,20230331,20221231,2.0993,2.0993,2.056,2.056,,27.8816,,9.7766,9.7711,9.7766,10.8,,269700000000.0,2.3088,91.1199,11.2611,-0.0385,-0.0183,-3.9821,54512000000.0,38.4305,227312000000.0,5.024,5.3204,0.73,6.9911,0.3935,,0,2022-12-31,2023-03-31,2022,2022-12-30,2.8315360837489183,3.16,29438779.1241,93026542.0322,66601902.6913,3.87881655308071,0.4050201089598086,0.08193432579987994,3871.6338,0.3872,0.232,0.0,227312000000.0,-11333929962.7785,4055000000.0,-15388929962.7785,0.06832967982235227,,38.4305,0.011636833540447747,91.1199,10.8,27.8816,-3.9821,0.3178082191780822,0.08193432579987994,-0.016542515315093417,815970100227.7894,,54.0231862904953,,3.7938136256852,0.33984293806428867,9,2022-12-31,True,0.06832967982235227,-0.20237019790740546,,-0.27740325293390655,38.4305,1.4646337291372513,-0.011636833540447747,0.9793535251039283,-91.1199,-1.4239641115336295,10.8,-0.30519970012741293,-27.8816,-1.038092324547141,-3.9821,-0.5718187613714352,0.3178082191780822,-0.3250575488524989,0.08193432579987994,1.3316930702667737,-0.016542515315093417,-0.5337107691084708,-0.08199421289763155,54.0231862904953,,True,True,True,False,True,True,False,True,True,False,7,6.9991800578710235
601988.SH,20240329,20231231,2.1159,2.1159,6.41,6.41,,28.4967,,9.1714,,9.1714,,,270185000000.0,2.3075,91.4998,11.7644,2.7734,1.3107,277.6338,,39.553,,2.3759,,,7.5751,1.4446,,0,2023-12-31,2024-03-29,2023,2023-12-29,3.7938136256852,3.99,29438779.1241,117460728.7052,84095440.4236,,0.5008268703627939,0.062311969781410605,3431.1099,0.4853,0.2364,0.0,,816455100227.7894,485000000.0,815970100227.7894,0.023759000000000002,,39.553,0.010298720845085431,91.4998,9.1714,28.4967,277.6338,0.0,0.062311969781410605,0.6946748153382317,550976190086.6556,,-0.32475933869042145,,5.51,0.45236443949057703,10,2023-12-31,True,0.023759000000000002,-0.23279443722688958,,-0.23699518527097743,39.553,1.5171103843242568,-0.010298720845085431,0.8635848233236132,-91.4998,-1.3285471468292358,9.1714,-0.49234871532801266,-28.4967,-1.0294166595198733,277.6338,0.19832443826169674,0.0,-1.5010773191179556,0.062311969781410605,1.4016487956778878,0.6946748153382317,1.5899426085933996,0.06813014426253727,-0.32475933869042145,,True,True,True,False,True,True,True,False,True,True,8,8.000681301442626
601988.SH,20250327,20241231,2.1403,2.1403,1.1561,1.1561,,28.7676,,8.7349,8.6963,8.7349,9.45,,268053000000.0,2.3413,91.5777,11.8732,1.8716,0.8744,188.3883,61546000000.0,40.1084,236789000000.0,2.5601,2.538,0.75,8.1753,-0.502,,1,2024-12-31,2025-03-27,2024,2024-12-31,5.51,5.51,29438779.1241,162207672.9738,116131798.6801,7.346666666666667,0.6739813829461916,0.02206896551724138,3934.9109,-1.604,0.2424,0.0,236789000000.0,550976190086.6556,0.0,550976190086.6556,0.031376523485402874,,40.1084,0.009380573597498141,91.5777,9.45,28.7676,188.3883,0.3232,0.02206896551724138,0.33967332123410093,,,,,,,11,2024-12-31,True,0.031376523485402874,0.09006178074203126,,-0.25359485323030834,40.1084,1.3182540190846834,-0.009380573597498141,0.8216941136010518,-91.5777,-1.2032751659700422,9.45,-0.359231124143027,-28.7676,-0.9338278823574898,188.3883,0.2266173789071167,0.3232,-0.5284512854007574,0.02206896551724138,-0.1951288845206422,0.33967332123410093,0.9642751291047125,-0.004782434016606476,,,True,True,True,False,True,True,True,True,True,True,9,8.999952175659834
601998.SH,20150321,20141231,2.6656,2.6656,19.2793,19.2793,,30.3185,,16.7706,16.6911,16.7706,16.76,,15018000000.0,8.5925,93.5405,15.4811,0.73,0.2738,62.7711,8300000000.0,33.2387,40499000000.0,3.8724,4.04,0.87,5.5502,0.6141,,1,2014-12-31,2015-03-21,2014,2014-12-31,5.245474411749759,8.14,4678732.7034,38084884.2057,25970803.5424,6.0292809330457,0.94509646710925,0.0,3533.705,2.2025,,,40499000000.0,34154748734.82,0.0,34154748734.82,0.038724,,33.2387,0.003735712248289896,93.5405,16.76,30.3185,62.7711,0.0,0.0,0.08968058968053316,-21408550624.62,50831624196.03001,-1.6268103680351327,0.14172356257109064,4.652619809930375,-0.11302211302211329,1,2014-12-31,True,0.038724,-0.2966862359384389,,0.14556856762403272,33.2387,0.9972610815633213,-0.003735712248289896,0.8490323913242245,-93.5405,-1.322842270497316,16.76,0.4317574215951026,-30.3185,-0.9761332396148413,62.7711,-0.6756411499914519,0.0,-2.0019513104012954,0.0,-1.1639912233556147,0.08968058968053316,-0.32616852569776783,-0.3945267721263678,-1.6268103680351327,0.14172356257109064,True,True,True,False,True,True,True,False,False,True,7,6.996054732278736
601998.SH,20160324,20151231,2.9659,2.9659,16.3716,16.3716,,27.8549,,14.2559,14.1641,14.2559,14.46,,16308000000.0,9.266,93.7589,16.0228,-0.43,-0.1436,-38.1335,8139000000.0,28.7596,40893000000.0,1.1452,0.97,0.88,6.4931,-0.0411,,1,2015-12-31,2016-03-24,2015,2015-12-31,4.652619809930375,7.22,4678732.7034,33780450.1185,23035528.4492,5.287067965829971,0.7165483066532742,0.04556572612004859,3731.0047,-0.9075,0.212,0.0,40893000000.0,-20118550624.62,1290000000.0,-21408550624.62,0.011452,,28.7596,0.0033502866356513845,93.7589,14.46,27.8549,-38.1335,0.2409090909090909,0.04556572612004859,-0.06337556352718793,216907540681.31,,11.131818098506148,,4.277242465823043,-0.08068085496823552,2,2015-12-31,True,0.011452,0.05095775444821871,,0.003852571770943522,28.7596,0.8151500021763156,-0.0033502866356513845,0.810775848624723,-93.7589,-1.2573292673596985,14.46,0.44422212727864285,-27.8549,-0.9903658340530286,-38.1335,-1.0109155084804584,0.2409090909090909,-0.655651141318895,0.04556572612004859,0.5705225989168133,-0.06337556352718793,-0.8493583068870122,-0.18801265044394871,11.131818098506148,,True,True,True,False,True,True,False,True,True,False,7,6.99811987349556
601998.SH,20170323,20161231,3.1426,3.1426,5.9579,5.9579,,27.5567,,11.9458,11.9378,11.9458,12.57,,18139000000.0,8.9286,93.5172,15.4254,4.47,1.4229,400.54,7190000000.0,27.1724,41601000000.0,1.1444,1.73,0.85,7.0352,3.249,,1,2016-12-31,2017-03-23,2016,2016-12-30,4.277242465823043,6.41,4893479.6573,31367204.6033,20451210.1605,5.032049959791815,0.6079773802909715,0.05026603044319792,3310.0808,0.3735,0.215,0.0,41601000000.0,218738540681.31,1831000000.0,216907540681.31,0.011444000000000001,,27.1724,0.0034157232087040222,93.5172,12.57,27.5567,400.54,0.2529411764705882,0.05026603044319792,0.691510587011283,50831624196.03001,,-0.7656530333783368,,4.477425420541748,0.04680187207488262,3,2016-12-31,True,0.011444000000000001,0.06740790167522676,,-0.09756969915376158,27.1724,0.8594205797533806,-0.0034157232087040222,0.8251458159892918,-93.5172,-1.3008820299765689,12.57,0.4354538369312403,-27.5567,-0.8688991645795774,400.54,0.8765347406161014,0.2529411764705882,-0.346740791312168,0.05026603044319792,0.8412011622732778,0.691510587011283,1.5250453737574372,0.25601070236126183,-0.7656530333783368,,True,True,True,False,True,True,True,True,True,True,9,9.002560107023612
